lemma_1,lemma_2,year,genre,source,data
difficult,catch,2019,MAG,Bleacher Report,"As Brian Baldinger of NFL.com pointed out, it was that Williams made every difficult catch look easy. # Brian Baldinger BaldyNFL # . MiamiDolphins josh3rosen to Thresort was a"
difficult,catch,2019,NEWS,Baltimore Sun,", with Trey Mancini going back to the warning track in right field for difficult catches to end the first and third innings to fittingly frame left fielder Dwight Smith Jr"
difficult,catch,2018,NEWS,Chicago Sun-Times,"a receiver. Big hands, great footwork and a knack for making the difficult catch. # He says: "" I'm very versatile. I can play inside"
difficult,catch,2017,NEWS,Los Angeles Times,"# With Tavon Austin sidelined while recovering from wrist surgery, Thomas made several difficult catches and avoided the drops that plagued him as a rookie. # "" It's"
difficult,catch,2012,BLOG,nflgridirongab.com,"his potential offensively (his hands are not reliable -- he'll make a difficult catch and drop an easy one), but he's developed into a very good"
difficult,catch,2006,TV,Grey's Anatomy,"She had a lot to say. Yes, Sir. It was a difficult catch. Nicely handled. Good work. Welcome back, Dr. Stevens. I"
difficult,catch,2004,MAG,SkyTelescope,elongated spindle similar to NGC 4388 but considerably dimmer. It is a very difficult catch for the little refractor. The larger reflector shows a nearly uniform glow with barely
difficult,catch,1998,MAG,SportingNews,"missed the earlier game with an injury, providing stability and Rod Smith making difficult catches, the Broncos' receivers were much steadier this time. Stewart had a career"
difficult,catch,1996,NEWS,Houston,"urinary tract disorder. # Wong spent a grand on him - after a difficult catch -and kept him. # "" "" I chased him into a neighboring complex."
temporal,region,2019,FIC,Analog,"metallic spider's web. "" This model excites the parietal, occipital, and temporal regions to activate deeper neurons. "" She looked at Gwen. "" To answer"
temporal,region,2016,MAG,Nerdist,"to stuttering, one being relative deactivation in the left hemisphere auditory areas and frontal temporal region during speech. When we sing, though, we use the right side"
temporal,region,2014,ACAD,CanadianJournal,"25. Nakajima H, Imanishi N, Minabe T. The arterial anatomy of the temporal region and the vascular basis of various temporal flaps. Br J Plast Surg 1995"
temporal,region,2012,ACAD,JSpeechLanguage,". # Corsi, P. M. (1972). Human memory and the medial temporal region of the brain. Dissertation Abstracts International: Section B. Sciences and Engineering,"
temporal,region,2012,WEB,plosbiology.org,"follow a ventral "" what "" pathway, with an antero-lateral gradient along the superior temporal region 5, 9, 10, 11 where stimulus selectivity increases from pure tones"
temporal,region,2012,WEB,plosone.org,"to each other and included inferior left frontal cortex, inferior parietal, and posterior temporal regions, whereas the remaining seven participants had few voxels in these anterior locations among"
temporal,region,2012,WEB,...psyc.jamanetwork.com,"a number of cross-sectional studies have found that cortical thickness, particularly in frontal and temporal regions, is thinner in patients with childhood-onset, 4 first-episode, 5 and chronic"
temporal,region,2012,WEB,plosone.org,"crests; one pointed tubercle on lateral surface of head, below lateral crest in temporal region; orbital crest denticulated; no supraocular cone recognizable; supranasal cone does not"
temporal,region,2012,WEB,plosone.org (2),"three pointed tubercles on lateral surface of head, one below lateral crest in temporal region, one at posterior edge of orbital crest below lateral crest, and one"
temporal,region,2011,TV,Private Practice,She's been right here? C.T. Shows an extensive contusion In the left temporal region. - D - does that mean surgery? The swelling could go down
temporal,region,2011,TV,Body of Proof,head trauma? (Ethan) Uh... yep. Blunt force trauma to the temporal region. Maybe something fell on her in the fire? I don't think
temporal,region,2009,SPOK,NPR_FreshAir,"the left hemisphere of my brain, right near the center and deep into the temporal region. So the thing about blood in the brain is that brain cells,"
temporal,region,2006,ACAD,SportBehavior,"interpreted by the author as indicating a decrease in allocation of neural resources to the temporal region # Alternately, it could be that the global decrease in alpha was actually"
temporal,region,2006,ACAD,SportBehavior,"F (1, 14) = 8.790, p =. 010) in temporal regions (T3 and T4). The same was true for the motor cortex"
temporal,region,2006,ACAD,SportBehavior,"beta1 and beta2 activity at central and right temporal sites, but not at left temporal regions. Interestingly, the same pattern of central and right temporal correlations held when"
temporal,region,2006,ACAD,HumanEcology,"activity in "" mirror "" regions of the right brain (the right-hemisphere frontal and temporal regions and anterior cingulate gynus) that normal-reading children rarely use. Before their training"
temporal,region,2005,FIC,Bk:Suspect,"I know about Malcolm? He has a primary brain tumor in the right posterior temporal region, dangerously close to his brain stem. The tumor has left him partially"
temporal,region,2005,ACAD,EarNoseThroat,"After an initial clinical evaluation, we ordered computed tomography (CT) of the temporal region to exclude osseous atresia of the external auditory canal and to ascertain the normal"
temporal,region,2004,TV,The Guardian,right. Mr. Fallin comes to us with a closed-head injury to the right temporal region. He experienced soft-tissue swelling but no evidence of intracranial hemorrhage. Uh...
temporal,region,2002,TV,Law & Order,"tougher last day. Ripped By mstoll BORAK: Single gunshot wound to the lower temporal regions of the brain. Also found defensive wounds on the hands and arms,"
temporal,region,2001,MAG,PsychToday,"that take place during the birth of a memory. What happens in frontal and temporal regions during those critical moments determines, at least in part, whether an experience"
temporal,region,2000,ACAD,MusicEduc,"but often involves left hemispheric processing. This study also revealed increased activity in the temporal regions (auditory centers) of both brain hemispheres while children (average age,"
temporal,region,1999,ACAD,Monist,"activation of the superior temporal gyms, word retrieval showed an activation of the posterior temporal region and prefrontal region on the left side. 9 A PET study in healthy individuals"
temporal,region,1999,ACAD,Monist,"auditory and speech information processing. For instance, an increased activation of the superior temporal region in schizophrenic patients with acoustic hallucinations was shown in a SPECT-study. 25 The high"
temporal,region,1998,ACAD,EarNoseThroat,"# Another problem one sometimes has to face is the very thin bone in the temporal region. We estimate that in some two-year-old children with auricular malformations, in certain"
temporal,region,1997,ACAD,CurrentPsych,"Robertson, and Efron, 1986). These lesions are usually found in the temporal region, part of the ventral visual-processing system, which is consistent with the idea"
temporal,region,1994,ACAD,MarineFish,"10,120). # To describe movement patterns, releases were grouped into three spatial/ temporal regions. Recaptures were grouped into the geographical location of recovery, taking into account"
temporal,region,1992,MAG,Essence,"is characterized by excruciating pain localized in the eye and radiating to the facial and temporal region, "" says Solomon. "" Attacks are usually similar and can last anywhere"
temporal,region,1992,ACAD,RoeperReview,through the visual-spatial portion of the brain before it is appropriately channeled to the left temporal region of the brain. This slight delay may result in an inability to 6'keep
temporal,area,2019,FIC,Analog,"Using very fine electrical control, young Homo quantus can send micro-currents to the left temporal area reducing the ability to process words, but boosting right-brain circuits that do spatial"
temporal,area,2018,FIC,Analog,"batteries. Belisarius sent a sustained, polarized micro-current from his electroplaques into the left temporal area of his brain, an area associated with sensory input and language. After"
temporal,area,2017,ACAD,Neuron,"of self-motion cues are further processed in parietal/superior temporal cortices (i.e., medial superior temporal area MST, ventral intraparietal area VIP, and 7a), thus providing an"
temporal,area,2016,MAG,Medical Xpress,"that, indeed, somatosensory information reaches the putative ventral part of the medial superior temporal area, suggesting a possible integration between tactile and visual information... this integration may"
temporal,area,2012,WEB,hindawi.com,"versions of the lateralization model focus on cortical, and more specifically frontal and anterior temporal areas, for example 36, with empirical support concerning music perception by for example"
temporal,area,2012,WEB,plosone.org,"but less stable representations distributed throughout the cortex, including frontal, parietal, and temporal areas that probably encode semantic information. By contrast, the voxels selected by the"
temporal,area,2012,WEB,...psyc.jamanetwork.com,"over time in widespread areas of the brain, most pronounced in the frontal and temporal areas, and progresses across the entire course of the illness. The excessive thinning"
temporal,area,2012,WEB,...psyc.jamanetwork.com,"after 5 years). The most extensive loss was found in the frontal and temporal areas, but posterior brain areas were also implicated. Thus, to our knowledge"
temporal,area,2012,WEB,...psyc.jamanetwork.com,"of the cortical mantle, with the largest loss of cortical thickness in frontal and temporal areas of the brain. Our findings suggest that excessive cortical thinning in these areas"
temporal,area,2012,WEB,hcn.org,"are condescending, arrogant, and are not able to see past your geographic or temporal area. So yeah, I guess responding to your post as something other than"
temporal,area,2008,ACAD,RoeperReview,11.8-16.9 years). Other changes involved the left hemisphere in middle prefrontal and inferior temporal areas of the brain that facilitate language abilities and higher level cognitive skills related to
temporal,area,2008,ACAD,EarNoseThroat,upon awakening. He also noticed bi-frontal pressure in his head that extended across the temporal area and a feeling of dizziness with associated nausea. He remained in bed for
temporal,area,2006,ACAD,EarNoseThroat,"the anesthesiologist to facilitate intubation, and a nerve-twitch monitor may be placed in the temporal area. # The skin incision is carried down across the strap muscles and,"
temporal,area,2005,ACAD,EarNoseThroat,a preoperative anteroposterior view of woman with multicentric basal cell carcinoma of the forehead and temporal area. The tumor invaded the calvaria. B: The preoperative oblique view of
temporal,area,2005,ACAD,EarNoseThroat,outpatient setting. D: Postoperative anteroposterior view demonstrates the restoration of the forehead and temporal area with a hemiabdominal DIEP flap. # Figure 6. A coronal view on
temporal,area,2002,ACAD,EarNoseThroat,of Utah Medical Center (UUMC) after he had been struck in the right temporal area by a nail approximately 3 inches in length. The patient had accidentally fired
temporal,area,2002,ACAD,EarNoseThroat,approximately 2 cm of the nail (the flathead end) protruded from the right temporal area just posterior to the pterion. Findings on neurologic examination were within normal limits
temporal,area,1995,TV,Touched by an Angel,"do. What have we got? 17-year-old male, gunshot wound to the left temporal area, probably self-inflicted. Unresponsive at scene, stable vitals on route. Okay"
temporal,area,1991,FIC,Mov:JFK,also a large piece of skull attached to a flap of skin in the right temporal area. FLASHBACK TO: Parkland Hospital Emergency Room on that day in 1963.
temporal,location,2016,ACAD,Studies in the Novel,"Here, it seems at first as if the pronoun "" I, "" the temporal location of "" that day, "" and the spatial location of "" the tranquil"
temporal,location,2014,ACAD,JournalResearch,"in a variety of ways to avoid establishing a pattern of lapses, and the temporal location of pacing lapses did not follow a strict time frame (i.e., one"
temporal,location,2012,ACAD,JSpeechLanguage,"these steps, a data set of event indices has been accumulated, representing the temporal locations of horizontal and vertical movement onsets, and peaks and offsets for the tongue"
temporal,location,2012,ACAD,JSpeechLanguage,"in the observed movement sequence, again occurring about 10% of the time. The temporal location of the first peak in the movement sequence was significantly earlier, referenced against"
temporal,location,2012,ACAD,JSpeechLanguage,". A statistically significant main effect of stimulus was also seen with respect to the temporal location of the first movement peak, without main or interaction effects of age group"
temporal,location,2012,WEB,plato.stanford.edu,what is the mind constrained to locate a bit of information at one spatial or temporal location rather than another? Kant seems to have had no answer to this question
temporal,location,2012,WEB,plato.stanford.edu,"impression from another, we must give them separate locations. Kant speaks only of temporal location but he may very well have had spatial location in mind, too."
temporal,location,2008,ACAD,StudiesNovel,"behaviors. As with the presumption of trauma's uniqueness, the supposition of its temporal location in the past functions to obscure and perpetuate a status quo that abnegates responsibility"
temporal,location,2008,ACAD,StudiesNovel,present-tense traumatic conditions exist outside of their repetition in symptom. Trans/historical trauma exceeds its temporal location not only because it psychically haunts its survivor in the present but also because
temporal,location,2006,ACAD,Style,"more salient than the inanimate and nonhuman and that tenses that tend to link the temporal location of the speaker with that of the subjects of their sentences, as do"
temporal,location,1994,ACAD,ReVision,"series of steps that logically induce contradictory beliefs to coalesce at a common spatial and temporal location. As Shohei Ichimura (1981,92) writes: "" The predicament created by"
temporal,location,1991,ACAD,SocialResrch,"prochoice activists, their construction of "" Midwestern feminism "" marks both the regional and temporal location of these women, yet also gives a particular Utopian subtext to their stories"
temporal,setting,2018,ACAD,Studies in the Novel,"To stress this iterative tale of destruction, Winterson deliberately misleads the reader about the temporal setting of Orbus in part one. Thanks to the anticipation of retrospection, the"
temporal,setting,2016,FIC,World Literature Today,"Unlike classical dystopian literature, the novel is firmly located in a specific spatial and temporal setting. For some non-Egyptians, time may appear interchangeable and it could be anywhere"
temporal,setting,2012,BLOG,splicetoday.com,"Building, "" in which students were asked to consider the nitty-gritty of spatial and temporal setting, and create a faux-Wikipedia page for a science-fiction world of their own making"
temporal,setting,2010,ACAD,Bioscience,"et al. 2010). Turnover rates are also affected by the spatial or temporal setting of the observations, as the study's sampling duration or spatial extent strongly"
temporal,setting,1998,ACAD,HispanicRev,"their association with an established icon of might (Hercules), and an indefinite temporal setting of the play. Within the mythical ambiance of La piedra, nevertheless,"
temporal,setting,1991,ACAD,Symposium,"of destiny, by its multiple references to the Gothic art of the novel's temporal setting: le style rayonnant, characterized by circular, radial motifs. Given that"
temporal,site,2006,ACAD,SportBehavior,condition. Using leads placed at frontal (F3 - F4 and F7-F8) and temporal sites (T3-T4) Saarela predicted that time pressure would be associated with right frontal
temporal,site,2006,ACAD,SportBehavior,"- left alpha power), consistent with negative affect. However, at the temporal sites, a bilateral increase in alpha amplitude was found in the time pressure condition"
temporal,site,2006,ACAD,SportBehavior,"their accuracy was significantly correlated with both beta1 and beta2 activity at central and right temporal sites, but not at left temporal regions. Interestingly, the same pattern of"
temporal,place,1999,ACAD,ArtBulletin,"each abbot as temporal witness. # What is more, each abbot taking his temporal place within the chronologically ordered codex ultimately refers to the manuscript's first figures of"
temporal,locale,1995,ACAD,AfricanArts,"an unfamiliar place. That unfamiliar place for art objects is not their geographic or temporal locales -- the questions I pose are not about style or era. Rather,"
related,sphere,2015,ACAD,SchoolPsych,"E. S. (1999). Children's social and scholastic lives in kindergarten: Related spheres of influence? Child Development, 70, 1373-1400. **27;61161;TOOLONG # Landau, S."
related,sphere,2012,BLOG,gwiep.net (1),"connection and harmonises two groups of facts which are drawn from two distinct but related spheres (the ideological and biological) and increases our present understanding, but also"
temporal,containment,1999,MOV,Thrill Seekers,"What the hell are you talking about? You saw Grifasi. We got a temporal containment leak. Few more deviations, Grifasi and the whole organisation will not know"
temporal,containment,1997,TV,Star Trek: Voyager,", we can't access them. You have to put me in the bio- temporal containment field. I know it didn't work last time, but with a"
emotional,pain,2012,WEB,goodreads.com,explain it to someone. It doesn't matter if it's physical pain or emotional pain. When we can't find the right words to express our painful experiences
emotional,pain,2012,WEB,xojane.com,"pain at the moment. Even in my drugged state, I am anticipating the emotional pain and fear that is likely to follow. If you've just had surgery"
emotional,pain,2012,WEB,...vocracy.blogspot.com,""" no means no "" and "" hitting is bad. "" # Realizing that emotional pain is a cockroach, but only a six-foot cockroach, has given me comfort"
emotional,pain,2012,WEB,nerve.com,"the first time. So, we'd like to mine some of your past emotional pain as you prepare for the coming months. What's your best story about"
emotional,pain,2012,WEB,marriagebuilders.com,with a psychiatrist who prescribes psychotropic medication (anti-anxiety and anti-depressants) to alleviate the emotional pain that often accompanies the process of marital adjustment. A good counselor knows how
emotional,pain,2012,WEB,thedailymind.com,all spent a lot of effort looking into ways to deal with the physical and emotional pain that was going on. I remember one night sitting with him whilst he
emotional,pain,2012,WEB,....thebullyproject.com,child's story; let him or her tell it. They may be in emotional pain about the way they are being treated. # Believe. The knowledge that
emotional,pain,2012,WEB,m.fanfiction.net,"# "" I'm sorry. "" # Sollux bit down on his lip in emotional pain. He softly took a hold of her cold hand and squeezed it reassuringly"
emotional,pain,2012,WEB,rhrealitycheck.org,"book that uses pregnancy and child birth to cause women and little girls physical and emotional pain. And their book the bible is pro-little girl rape, nothing makes a"
emotional,pain,2012,WEB,...rcesupport.about.com,". # I believe that control freaks have a low tolerance for any kind of emotional pain. Especially feelings of shame, fear and rejection of what they believe to"
emotional,pain,2012,WEB,...rcesupport.about.com,Each of the above behaviors is an attempt by the abuser to tranquilize the intolerable emotional pain they feel when feeling out of control. Instead of looking internally and trying
emotional,pain,2012,WEB,blogs.suntimes.com,nearly full theater. That's about right. # Both films were about the emotional pain of the female lead. I'll take Gwyneth's portrayal over Natalie Portman
emotional,pain,2012,WEB,tvtropes.org,"yourself, this is gon na hurt like hell "". It's referring to emotional pain rather than physical, but the message is the same. # Stand-Up Comedy"
emotional,pain,2012,WEB,tuckermax.com,"re-marriages (seven between my two biological parents), step-parents, constant relocation and emotional pain. No one cared about my problems, because they had already read about"
emotional,pain,2012,WEB,tuckermax.com,what she was up to later that night. SlingBlade does not deal well with emotional pain and as such he is now bitter because he imputes her cuckoldry on all
emotional,pain,2012,WEB,...tscholl.blogspot.com,"the mirror looks strange at times. And when I'm in a lot of emotional pain, as I am from time to time, it truly feels like I"
emotional,pain,2012,WEB,incourage.me,"issues threatening his life. I was undone. Between the physical pain and the emotional pain, I couldn't sit, I couldn't stand, I couldn't"
emotional,pain,2012,WEB,catay.com,"want to go into my senior years feeling well. I will always have the emotional pain with me. I can't change the past, so I'm working"
emotional,pain,2012,WEB,acnenomore.com,"my self-esteem for more than 13 consecutive and miserable years. If there is an emotional pain of any kind associated with acne, believe me I have experienced it,"
emotional,pain,2012,BLOG,...childsexualabuse.com,symptoms was cutting. One survivor explained that remembering the abuse brought up so much emotional pain that the physical pain that he had inflicted on himself somehow eased the emotional
emotional,pain,2012,BLOG,...childsexualabuse.com,"emotional pain that the physical pain that he had inflicted on himself somehow eased the emotional pain............ # Some other symptoms were suicidal ideation, uncontrollable angry outbursts,"
emotional,pain,2012,BLOG,vigilantcitizen.com,"ego) than just this.. I'll use your example to illustrate: # Emotional pain can only occur with the conception of loss, along with the desire for"
emotional,pain,2012,BLOG,cunninghampilaw.com,Central Florida area. He fights to obtain recoveries for his clients' physical and emotional pain and suffering and pursues his clients' personal injury cases with a commitment to
emotional,pain,2012,BLOG,tealeafnation.com,"maintain jobs was the main reason... we don't know how to measure the emotional pain, or how to compare china with any other country.. # Concerned citizen"
emotional,pain,2012,BLOG,...eekout.blogs.cnn.com,"on their face, the hope in their eyes, knowing the excruciating heart wrenching emotional pain of 1-3 lays just around the corner. # And thanks to this PSA"
emotional,pain,2012,BLOG,...ctions.wordpress.com,be the first step in getting the real healthy you back. # Overeating and Emotional pain # Those who do overeat often have a daily battle with food; this
emotional,pain,2012,BLOG,...ygrownnorthfield.org,my thinking they are misguided and if adopted as policy would cause much physical and emotional pain for individuals. But silencing people with misguided beliefs... # Griff Wigley:
emotional,pain,2012,BLOG,agingrebel.com,", wishing harm, or some other type of attack that is meant to inflict emotional pain. That last post of yours undermined any efforts you may have put out"
emotional,pain,2012,BLOG,...eamericanscholar.org,"them for an entire culture. But poetry is for psychological, spiritual, or emotional pain. For physical pain it is, like everything but drugs, useless."
emotional,pain,2012,BLOG,...de-island-lawyer.com,"you is never enough to cover your medical expenses, property damages, and the emotional pain and suffering that you incur as a result of the auto accident. #"
emotional,pain,2012,BLOG,...eandmy2.blogspot.com,to Jesus for that. We miss him. The brutality of the physical and emotional pain he went through and the emotional pain and stress of managing a household underneath
emotional,pain,2012,BLOG,...eandmy2.blogspot.com,him. The brutality of the physical and emotional pain he went through and the emotional pain and stress of managing a household underneath it all I went through had to
emotional,pain,2012,BLOG,cousinscandy.com,", you are able to more manage you feelings more smoothly and avoid any additional emotional pain. Grieving doesn't mean that you have to forget about the loved one"
emotional,pain,2012,BLOG,nerve.com,"the first time. So, we'd like to mine some of your past emotional pain as you prepare for the coming months. What's your best story about"
emotional,pain,2012,BLOG,...atalk.metafilter.com,"critique of his technique. They will be learning experiences, rather than sources of emotional pain. And the bitterness dissipates as the internal dialog becomes constructive. The girl"
emotional,pain,2012,BLOG,patheos.com,"and inadequate? We tell male children to not cry, and endure physical and emotional pain stoically. We tell them that to be admired they must be physically powerful"
emotional,pain,2012,BLOG,hollywoodandfine.com,", his face a beefy landscape of brutal determination that occasionally cracked to reveal his emotional pain. But here, Hardy is forced to wear a mask (supposedly delivering"
emotional,pain,2012,BLOG,neontommy.com,"second ticked off the clock, Barkley limped off the field in obvious physical and emotional pain. One year removed from defeating his crosstown rivals 50-0, Barkley left the"
emotional,pain,2012,BLOG,powerofmoms.com,think I have a perfect life! But I can not talk about this deep emotional pain. And looking for the good in my life has been therapeutic for me
emotional,pain,2012,BLOG,mathaba.net,"character and backbone to go up against the societal prohibitions of facing and revealing his emotional pain. It is the invitation to share his fears and dreams, inadequacies and"
emotional,pain,2012,BLOG,dailykos.com,Others just get them because they look cool. People sometimes get them when in emotional pain. That's quite common. Tattoo culture is a very specific thing.
emotional,pain,2012,BLOG,inoveryourhead.net,"capable. # Physical pain is important because it's so much more visceral than emotional pain, which we can avoid or numb if we know how. Physical pain"
emotional,pain,2012,BLOG,mamaandbabylove.com,and at home. The pain and physical process has helped me deal with the emotional pain. Forcing me to be present and connect my emotional heart to what is
emotional,pain,2012,BLOG,mamaandbabylove.com,"they were only in the mornings and eventually stopped. # For me, the emotional pain has been far worse. I miscarried 2 months and 1 week ago and"
emotional,pain,2012,BLOG,mamaandbabylove.com,the loss of a baby! Men may handle it differently but they feel the emotional pain of loss just like you! DO N'T BLAME YOURSELF! # I fell
emotional,pain,2012,BLOG,mamaandbabylove.com,over already. It's very difficult to deal with physical pain on top of emotional pain. Lots of love to you and so sorry for your loss. #
emotional,pain,2012,BLOG,nerve.com,"the first time. So, we'd like to mine some of your past emotional pain as you prepare for the coming months. What's your best story about"
emotional,pain,2012,BLOG,...ism101.wordpress.com,"to the chase: Rape victims suffer a variety of psychological, physical, and emotional pain because of the simple fact that their choice was taken away from them."
emotional,pain,2012,BLOG,democracynow.org,"at some point in time, they are so compromised that, because of the emotional pain, possible physical pain, that they're suffering, they see no other"
emotional,pain,2012,BLOG,thedukeofdork.com,"So obviously I can't count that. # Thinking about it, I think emotional pain has a tendency to stick with you a lot longer than physical pain."
emotional,pain,2012,BLOG,...omiccollapseblog.com,"the year for most people. For those that are in a tremendous amount of emotional pain, the holidays can be excruciating because they can feel as though they are"
emotional,pain,2012,BLOG,thebloggess.com,work with Jr. Highers and I totally Understand the lure of self- harm. Emotional pain Is so complicated and physical pain so simple. Fight on!! #
emotional,pain,2012,BLOG,thebloggess.com,elbow on things to hit his funny bone- caused pain for the distraction from the emotional pain but didn't really cause any harm. He has Asperger's so he
emotional,pain,2012,BLOG,thebloggess.com,usually anonymous) out there who have nothing better to do than try to cause emotional pain to others. I guess I don't feel like I am up to
emotional,pain,2012,BLOG,thebloggess.com,is my seccond language. # Tattoos. That's how I've dealt with emotional pain so often. The physical pain of tattooing. It's a way of
emotional,pain,2012,BLOG,...testoneinstitute.org,"Phelps cult's hateful jeers. This decision, denying the Snyder family compensation for emotional pain, was a bitter pill for many to swallow, but the Court properly"
emotional,pain,2012,BLOG,blackbluedog.com,hurt that a mother would take her children with her on such a journey. Emotional pain and heartache is something that goes so deep and hurts so bad that you
emotional,pain,2012,BLOG,huffingtonpost.com,call victims liars sometimes. The science might put more MEAT into a victim's emotional pain and help them in our LOUSY courts system.  Loading comments... #
emotional,pain,2012,BLOG,my.counseling.org,"of the work we do as counselors, sorrow, suffering, and physical and emotional pain are the raw materials we work with. Understanding their etiology is both part"
emotional,pain,2012,BLOG,joannfore.com,"indeed well, but not necessarily as was represented. Christian or not, suppressed emotional pain stains one's soul. # Silence isn't always the serene, lustrous"
emotional,pain,2012,BLOG,joannfore.com,"of silence, the taste of fear. I've lived the numbing quiet of emotional pain and unfathomable trials. But I've also held the hand of freedom."
emotional,pain,2012,BLOG,joannfore.com,"A full life. # I am only one of countless women who have suffered emotional pain. While the scope is diverse, pain is pain -- individual and not"
emotional,pain,2012,BLOG,...rnativepregnancy.com,"of the physical loss, and feeling the physical pain helped me work through the emotional pain. We have never quite been clear on the status of our fertility ("
emotional,pain,2012,BLOG,...rnativepregnancy.com,"end up scheduling a D &C; because I did not feel I could handle the emotional pain of naturally miscarrying, especially since I didn't know how long it would"
emotional,pain,2012,BLOG,turningleafpress.com,"and fighting when they are drunk and definitely they can not feel the physical and emotional pain brought by the situation. # Moreover, alcohols also have long term effects"
emotional,pain,2012,BLOG,huffingtonpost.com,"since sexual activity began, What is novel and exciting in the beginning will cause emotional pain as you note. After awhile women and men begin to realize that as"
emotional,pain,2012,BLOG,crosswalk.com,". # Draw near to God and resist the urge to pull away. # Emotional pain, whatever the cause, has a tendency to lead to isolation. No"
emotional,pain,2012,BLOG,suicideproject.org,"total for absolutely no help whatsoever. My problem is physical, but it breeds emotional pain and loneliness. My brain has never healed, and that means I ca"
emotional,pain,2012,BLOG,wetfeet.typepad.com,room. My goggles filling up with salty tears as I swam through physical and emotional pain in pursuit of the lofty goal of not being a massive disappointment. (
emotional,pain,2012,BLOG,batavia.patch.com,or an active role in her kids' lives... She was in nearly constant emotional pain because of this. I hope she has found peace. # I only
emotional,pain,2012,BLOG,mindhacks.com,"argument about a alcoholism. That alcohol addiction is just a way to cope with emotional pain. Nevertheless, continued excessive drinking is considered a barrier to healing, and"
emotional,pain,2012,BLOG,spiritrice.com,"with something that feeds you body, mind and soul. If it is not emotional pain that needs to be payed attention to, and something you must endure,"
emotional,pain,2012,BLOG,spiritrice.com,"cancer need this. (another reason that marijuana should be legal). Sometimes emotional pain is so intense that medication is required, and if that is where you"
emotional,pain,2012,BLOG,fastcompany.com,""" Ornish says. "" Who wants to live longer when you're in chronic emotional pain? "" # So instead of trying to motivate them with the "" fear"
emotional,pain,2012,BLOG,...atalk.metafilter.com,askmes. The oft-times reasonable things I said so very casually could have really visited emotional pain onto the people asking questions - just as some casual answers really hurt and
emotional,pain,2012,BLOG,...atalk.metafilter.com,"feel really bad for you, I think you are a person who has some emotional pain you are trying to do something with (not very productively.) #"
emotional,pain,2012,BLOG,...ncebasedmedicine.org,"this boy has suffered so much, and that he need not have endured such emotional pain and loss at such a young age had his mother not eschewed evidence-based treatment"
emotional,pain,2012,BLOG,ncregister.com,""" It'd been a very rough week on the home front with the gnawing emotional pain that comes to every pet lover when they learn that their dog has cancer"
emotional,pain,2012,BLOG,huffingtonpost.com,stuff helps divorcing men and women to re-engage in their daily lives without focusing on emotional pain and loss. This would explain why the ruminators did especially well: Thinking
emotional,pain,2012,BLOG,grandmagazine.com,of hurt. For that simple reason -- a reluctance to see their grandchildren in emotional pain -- many grandparents avoid telling their grandkids that their weight is unhealthy. They
emotional,pain,2012,BLOG,...omkatie.blogspot.com,"who was homeless and completely broken inside. He was in so much physical and emotional pain, all he could do was use his strength to fight back his tears"
emotional,pain,2012,BLOG,...or.blogs.nytimes.com,. # So are we left with some crude felicific arithmetic: (amount of emotional pain) -- (value of blasphemous speech uttered) = net morality of this
emotional,pain,2012,BLOG,...or.blogs.nytimes.com,"be over-sensitive, or my speech to be so important, as to outweigh their emotional pain. And, of course, fellow citizens do not usually matter as much"
emotional,pain,2012,BLOG,dailykos.com,"their homes by Israeli government air raid sirens. The heart wrenching stories about the emotional pain and suffering of the Israeli people is terribly upsetting, and with its ubiquity"
emotional,pain,2012,BLOG,staceycurnow.com,"have lived a life free of any great tragedy, but still I have experienced emotional pain and it's most acute when I'm ignoring my inner guidance system."
emotional,pain,2012,BLOG,...misery.wordpress.com,"to my daily life. I've developed all kinds of techniques for dealing with emotional pain -- no, not defense mechanisms, not anymore -- and those mantras,"
emotional,pain,2012,BLOG,nomeatathlete.com,"when you stop, the physical pain you continue to endure is less than the emotional pain of making the conscious decision to fail at something you promised yourself you'd"
emotional,pain,2012,BLOG,nomeatathlete.com,"And I identify so much to the points that you make in this... the emotional pain of failing to keep the promise that you made to yourself is very,"
emotional,pain,2012,BLOG,nomeatathlete.com,"now. # Interesting Melissa. So it sounds like it's no match for emotional pain, but I'm sure it's quite feasible that doing ultras or marathons"
emotional,pain,2012,BLOG,scienceblogs.com,ways. But does the diffuse injury to society inflicted by religion justify the specific emotional pain the Mr. Myers visits upon Catholics? I don't know. # My
emotional,pain,2012,BLOG,xojane.com,"or sad? Do you want recognition, be it of hard work, or emotional pain? Do you want to change something in your life? Do you want"
emotional,pain,2012,BLOG,girlboxer1970.com,"ex who hurt them is through the kids. Blinded by anger and in deep emotional pain, the needs of their children are put aside and they will do anything"
emotional,pain,2012,BLOG,sivers.org (1),assert identity as the victorious character within that theatrical production. Another aspect of emotional pain that is part of the egoic mind is a deep seated sense of lack
emotional,pain,2012,BLOG,sivers.org,"humans possess a "" Pain Body "" - a semi-autonomous energy made up of past emotional pain. It has it's own primitive intelligence, directed mainly at survival."
emotional,pain,2012,BLOG,...ladies.wordpress.com,"The whole debate is ridiculous. # And as far as all this about the emotional pain of abortion, what bullshit! I am sure some women suffer as a"
emotional,pain,2012,BLOG,metafilter.com,"little children, was a non-issue. Wouldn't you then have never felt the emotional pain you felt? # What I'm saying is that if everyone were more"
emotional,pain,2012,BLOG,blog.adw.org,"would likely just ignore the injury. # And were we to eliminate mental and emotional pain and suffering, as Pope Benedict has said many times, we would have"
emotional,pain,2012,BLOG,...nselingwithbrian.com,"PhD, observed that we often get it all backwards: "" Much of the emotional pain that we have does not come from the love that we were not given"
emotional,pain,2012,BLOG,pulist.net,"of their vulnerabilities, too fearful of being judged. Some were too hobbled by emotional pain to touch base with the rest of the class; they were still struggling"
emotional,pain,2019,FIC,MassachRev,"short of grief, a dejected feeling that did not filter down into raw, emotional pain. He felt bad for the pilots he saw weeping, clutching each other"
emotional,pain,2019,FIC,Fan Fic,"I get to watch James falling to his knees in utter defeat. Overtaken by emotional pain that his body can't remedy, his muscles give out and he has"
emotional,pain,2019,MAG,Fortune,"the Middle District of Florida in Tampa. # Johnson is seeking unspecified damages for emotional pain and suffering, the Post reported. # Four people confirmed to the New"
emotional,pain,2019,MAG,Jezebel,"are mourning the tragic loss of their little pupparoo, Waldo, by transforming the emotional pain they feel in their torn-up hearts into the physical pain of matching tattoos."
emotional,pain,2019,ACAD,Studies in the Novel,". Unlike Matus, I ’ m not concerned with the way the novel invokes emotional pain as an “ undoing of the self ” (39); rather,"
emotional,pain,2019,MOV,Father of the Year,"out of nowhere. Okay, I don't know what your threshold is for emotional pain, so I brought options. We have tequila, weed, Vicodin."
emotional,pain,2018,SPOK,PBS_Newshour,", London, now back to Pakistan. So the experience of migration and the emotional pain and confusion that comes from it, I think, do in a way"
emotional,pain,2018,SPOK,NPR_FreshAir,", but I quickly grew out of inviting physical pain in my life and more emotional pain to follow. (LAUGHTER GROSS) : Good for you. Yeah, I'm"
emotional,pain,2018,SPOK,NBC_Today,taken away my ability to be myself but it has also caused extreme physical and emotional pain. BETHANY-BAUMAN)  (in-court: I am a hundred percent confident that if he had
emotional,pain,2018,FIC,Fan Fic,"bit her lip and dug her nails into her injured hand, trying to fight emotional pain with physical, silently berating herself for being an idiot and a fool."
emotional,pain,2018,MAG,Fortune,"became dependent on drugs, which she now recognizes she was using to numb the emotional pain. One summer while working at a summer camp, she had a painful"
emotional,pain,2018,NEWS,Chicago Sun-Times,"safe place to vent those emotions. # It is normal to cry when in emotional pain, but you could also benefit from talking with a grief counselor or joining"
emotional,pain,2018,ACAD,Journal of Mental Health Counseling,", allowing them to make informed choices about their child's treatment without feeling crippling emotional pain. A process in ACT, cognitive defusion (Hayes, 2004),"
emotional,pain,2018,TV,The Alienist,"feelings, because we all, in some manner, protect ourselves from psychological and emotional pain by taking action to craft fantasies of revenge, of power, of sexual"
emotional,pain,2018,TV,Criminal Minds,"draft of his manifesto. But a first draft that reveals that too much real emotional pain. Word choices are steeped in a sense of betrayal, so his cure"
emotional,pain,2017,SPOK,Fox: Tucker Carlson Tonight,"Prosecutors have begun calling on relatives of the nine deceased shooting victims to describe the emotional pain that Dylann Roof inflicted on their families and their community. MALCOLM-GRAHAM, -BR#"
emotional,pain,2017,MAG,RollingStone.com,"into a pose. "" There were moments when I was in a lot of emotional pain, "" she says, switching gears. "" My feelings would get hurt"
emotional,pain,2017,NEWS,cleveland.com,"of the other, was healing or comforting anyone in need. Whether it was emotional pain, or physical discomfort, or any other cause of suffering, he needed"
emotional,pain,2017,TV,Scorpion,inside. I think I can help him. That was empathy. Walter identified emotional pain in someone else and demonstrated empathy. You can't empathize if you have
emotional,pain,2016,FIC,Bk:LikeMightyArmy,4166080 The emotional pain had morphed into physical symptoms. I didn't really want to die.
emotional,pain,2016,FIC,Bk:ForeverYours,"house, his family - but the Lord had given him an outlet for his emotional pain. And for the past four months a Monday evening creative writing class and"
emotional,pain,2016,MAG,Mother Jones,"generation. In terms of sheer time and sheer trivia and sheer narcissism and sheer emotional pain, it's unparalleled.... This isn't just like you're watching television"
emotional,pain,2016,NEWS,Detroit Free Press,", in order, everything he wanted to accomplish before alleviating the unbearable mental and emotional pain he had been dealing with, off and on, for almost two decades"
emotional,pain,2016,NEWS,Columbus Dispatch,"her parents, has been diagnosed with gender dysphoria "" for the severe and unremitting emotional pain resulting from the incongruity "" between her female gender identity and the male sex"
emotional,pain,2016,ACAD,J Modern Literature,"chronic illnesses takes a psychoanalytic view, understanding physical pain as the psychosomatic expression of emotional pain and framing chronic symptoms within the vocabulary of repressed desire. Put simply,"
emotional,pain,2016,ACAD,J Modern Literature,"depression is no mere rhetorical flourish; rather, it is a strategy that renders emotional pain legible (and ultimately credible) though its association with a more paradigmatic impairment"
emotional,pain,2016,ACAD,The Journal of Hip Hop Studies,"her child that "" there'll be days like this, "" or times of emotional pain for which her daughter must be prepared. # Two years after this song"
emotional,pain,2016,ACAD,Modern Fiction Studies,"her hair with kerosene to remove lice. June never speaks about her physical and emotional pain, but despite this silence, Marie's sense of control lets her believe"
emotional,pain,2015,ACAD,CollegeStud,"but also the physical pain of getting the tattoo can help symbolically to exorcise the emotional pain of the loss (Atkinson, 2003). # Looking and feeling different"
emotional,pain,2015,MOV,Re-Kill,more... even over the phone. Gibsorfs Post Trauma Clinic. Pain medication for emotional pain... the kind that really hurts. Head shot. Re-K ill. Good
emotional,pain,2014,MOV,Black or White,"I just... I don't know, man. I don't know. Emotional pain. Emotional... He was in pain, Your Honor. He let his"
emotional,pain,2014,TV,Perception,"one as when we spill hot coffee on our arm. In other words, emotional pain hurts the same as physical pain. Science has developed drugs that can alleviate"
emotional,pain,2014,TV,Perception,"pain, and some of those same drugs are now proving helpful in eliminating our emotional pain. So the prescription for a broken heart might actually be "" Take two"
emotional,pain,2013,TV,The Mindy Project,"- Oh, my gosh. - What? There's physical pain and there emotional pain. What you're dealing with here is clearly emotional pain. Morgan told"
emotional,pain,2013,TV,The Mindy Project,physical pain and there emotional pain. What you're dealing with here is clearly emotional pain. Morgan told me about your ex-wife and the letter. He told you
emotional,pain,2012,MOV,Wrong,day and start neglecting them. They stop loving them. Causing the pets tremendous emotional pain and they're unable to express it. That's how the dynamics of
emotional,pain,2012,WEB,psychforums.com,1409179 # I just consulted my list of feelings because I was journaling about my emotional pain. I listed 102 all negative feelings. I triple starred the following ones
emotional,pain,2012,WEB,kotaku.com,"by them. By the end of the film, Shinji overcomes both physical and emotional pain to learn that he is not alone in his struggles -- be they personal"
emotional,pain,2012,WEB,news.sciencemag.org,"occur in brains of people with chronic pain. "" # The greater activation of emotional pain processing regions in women "" could correlate with the greater sense of unpleasantness that"
emotional,pain,2012,WEB,cbsnews.com,"apparent (based on your highly emotional comments) that you are suffering from profound emotional pain. # Your last sentence is painfully revealing when you state: "" I"
emotional,pain,2012,WEB,...ng.blogs.nytimes.com,often. I honestly can not remember the last time I cried in response to emotional pain. The only time I ever cry is in very tough emotional situations such
emotional,pain,2012,WEB,...lltalk.nbcsports.com,"then worse than the cancer treatment, and although I am healthier now, the emotional pain of missing that lingers on like I can not explain. He is doing"
emotional,pain,2012,WEB,onthehuman.org,"what that choice means. # Hamlet is a long, magnificently articulated cry of emotional pain and moral indignation. Mortally hurt in his inmost feelings, Hamlet clings to"
emotional,pain,2012,WEB,psychologytoday.com,. These mean girls may not fight with their fists but they can inflict terrible emotional pain on their targets. # Some of us have experienced firsthand the devastating hurt
emotional,pain,2012,WEB,wrongplanet.net,"take anti-depressants the rest of my life just to cope, and finally, that emotional pain is a permanent part of my existence. # I can't believe that"
emotional,pain,2012,WEB,thoughtcatalog.com,"for myself. I also don't think that just because I'm experiencing the emotional pain of the loss of two parents, it gives me the right to be"
emotional,pain,2012,WEB,hazelden.org,"drinking behavior is self-defeating. Focus on the discomfort, the psychological distress, the emotional pain your loved one feels. You can say things like, "" It really"
emotional,pain,2012,WEB,...cliberationfront.com,"a constant test of his resolve and love for her. No matter how much emotional pain she had visited upon him, as soon as it was gone, it"
emotional,pain,2012,WEB,...jsmith.wordpress.com,will all be over soon. Maybe this is my punishment for some of the emotional pain I've caused others through some foolish mistakes and poor judgement recently. I
emotional,pain,2012,WEB,health.harvard.edu,"the face of physical illness or disability. He can also help children heal from emotional pain. One child I worked with, a four year old, lost his"
emotional,pain,2012,WEB,beliefnet.com,"self-love. # Psychotherapist Bob Livingstone is the author of The Body-Mind-Soul Solution: Healing Emotional Pain Through Exercise (Pegasus Books, 2007). He specializes in helping victims"
emotional,pain,2012,WEB,goodreads.com,"of his own -- feeling responsible for causing his friends paralysis and inflicting physical and emotional pain to his friend's wife Jayne, whom he also falls in love w"
emotional,pain,2012,WEB,psych.colorado.edu (1),therapists share the goal of trying to promote change for people who are experiencing emotional pain. Many different graduate degrees in mental health train people to be therapists.
emotional,pain,2012,WEB,helpguide.org,"act out "" or "" act in "" in an attempt to cope with their emotional pain: # Problems at school. Depression can cause low energy and concentration difficulties"
emotional,pain,2012,WEB,suicideproject.org,"can be difficult to quantify so this is always up to debate. Nevertheless, emotional pain can be life debilitating like any terminal illness. I have nothing against the"
emotional,pain,2012,WEB,gailfaithedwards.com,", glycerite, or flower essence will assist in the alleviation of any physical or emotional pain. I like rose oil to help heal the trauma after surgery and to"
emotional,pain,2012,WEB,gailfaithedwards.com,". If you are dealing with the pain of a broken heart, heart wrenching emotional pain, from any source, the pain of divorce, or the break up"
emotional,pain,2012,WEB,psychologynet.org,"because i can hide the scars from everyone, and it makes my mental and emotional pain less intense. please help me. i must sound so screwed up, all"
emotional,pain,2012,WEB,starwars.wikia.com,"This is the ultimate test of selflessness -- whether you're ready to face unending emotional pain, true agony, to gain the power to create peace and order for"
emotional,pain,2012,WEB,goodtherapy.org,view. # Often time's people go to therapy because they are in intense emotional pain and need assistance in dealing with this. Very seldom are psychotherapists asked about
emotional,pain,2012,WEB,articles.mercola.com,"form of emotional acupuncture that balances the body's subtle energy system and resolves unrelenting emotional pain. Instead of using acupuncture needles, you use your fingertips to stimulate specific"
emotional,pain,2012,WEB,articles.mercola.com,"fingertips to stimulate specific acupuncture points. # When your energy system is balanced, emotional pain dissolves, allowing you to move past the grief and embrace the next phase"
emotional,pain,2012,WEB,...ilmcriticsunited.com,"# As Bob Maconel, Slater plays a man who lives life almost in constant emotional pain and frustration. He works for a nondescript company doing a nondescript job and"
emotional,pain,2012,WEB,awmi.net,persecution than any of us ever have. It not only involved physical torment but emotional pain that most of us can't even imagine; yet he was able to
emotional,pain,2012,WEB,starwars.wikia.com,"s death caused Leia, Jade Skywalker had no wish to experience that type of emotional pain. 63 Later, during the Second Galactic Civil War, Jade Skywalker's"
emotional,pain,2012,WEB,...ilegeofparenting.com,met (i.e. more trouble than it's worth if one is not in deep emotional pain). # Consult Professionals: If in doubt about a child's safety
emotional,pain,2012,WEB,...ilegeofparenting.com,"person realize that they don't ultimately want to die but are scared and their emotional pain has become temporarily unmanageable. # Finally, again I am sorry that your"
emotional,pain,2012,WEB,...ilegeofparenting.com,"met (i.e. more trouble than it's worth if one is not in deep emotional pain). Why would the child feel more trouble that it's worth,"
emotional,pain,2012,WEB,dsc.discovery.com,"among groups of friends # ... Since girls are more likely to bully by causing emotional pain, the Internet offers an ideal environment for them. Cyberbullying offers plenty of"
emotional,pain,2012,WEB,kellehampton.com,gut-wrenching pain. I held Nella and I kissed her but I literally writhed in emotional pain on that bed in the dark with our candles and my friends by my
emotional,pain,2012,WEB,kellehampton.com,my naked skin and pray that I felt a bond. I literally writhed in emotional pain for hours. And Heidi and Katie saw parts of me no one else
emotional,pain,2012,WEB,ldolphin.org,"Before that, I used to roll around in my bed, writhing from the emotional pain that accompanies the deficiency of such an important relational nutrient. At times,"
emotional,pain,2012,WEB,ldolphin.org,"n't know exactly how to describe this, I was actually experiencing the trauma of emotional pain in my hands. My skin was hungry. # So you can imagine"
emotional,pain,2012,WEB,...thetime.blogspot.com,"in the background of one lengthy take. Such momentous foreboding doesn't lessen the emotional pain, but it does make it feel ever so slightly gratuitous. # Still"
emotional,pain,2012,WEB,oprah.com,"and yourself. It keeps you from seeing that you can not cause another person emotional pain. You can trigger emotional pain in others, but their pain comes from"
emotional,pain,2012,WEB,oprah.com,"from seeing that you can not cause another person emotional pain. You can trigger emotional pain in others, but their pain comes from inside them, not from you"
emotional,pain,2012,WEB,padresteve.com,"show a man concerned with not failing God and struggling with physical, spiritual or emotional pain of some kind. While the writings are almost always directed to the encouragement"
emotional,pain,2012,WEB,...agazine.sheknows.com,"folks need to grow up and allow her to be human and deal with the emotional pain in her own time, not yours. # I do nt think Mila"
emotional,pain,2012,WEB,...coleman.blogspot.com,"survived. # That day, as the day before, was full. The emotional pain evident and unconsolable and the physical pain, while somewhat controlled by meds,"
emotional,pain,2012,WEB,askville.amazon.com,"with further anxiety or grief. Generally all negative emotions including anxiety, abuse and emotional pain will be filed in the brain in the same' space.' So"
emotional,pain,2012,WEB,...anbyers.blogspot.com,"before it got worse. So I never told any "" outsiders "" about the emotional pain that we really experience. # Before I get deeper into this - I"
emotional,pain,2012,WEB,amazon.com,"to seek to align their personalities with their souls. People should learn to read emotional pain (manifested in physical symptoms) as energy being released in "" fear and"
emotional,pain,2012,WEB,amazon.com,"book does help one to get in touch with his emotions, especially fear and emotional pain. Interestingly, it doesn't offer much help in knowing what to do"
emotional,pain,2012,WEB,pregnant.thebump.com,", but it wasn't the agonizing pain I was expecting. It was the emotional pain that hurt the most. We're going to wait until May to start"
emotional,pain,2012,WEB,knoxnews.com,"Letter: All of us are Americans # The election is over, but the emotional pain, chaos, confusion and anger generated by this partisan conflict has only intensified"
emotional,pain,2012,WEB,...ostalforums.yuku.com,", somewhere in there I wrote a post where I said exactly that. The emotional pain was so bad that I could even begin to put it into words."
emotional,pain,2011,MOV,Another Happy Day,is - - was doing In her case is she was trying to convert Her emotional pain into something tangible. Like a physical pain. I - - I think
emotional,pain,2009,MOV,I Hope They Serve Beer in Hell,desire to get HIV from one of the cum dumpsters into whom you shoot your emotional pain every weekend. HIV is basically curable now. It doesn't even show
emotional,pain,2008,MOV,The Love Guru,"get you to follow my method, Drama. We must distract you from your emotional pain, regress you back to your childhood. We must adjust your negativity,"
emotional,pain,2008,MOV,The Love Guru,Yes! I get it! I am distracted! Good distraction frees us from emotional pain. Bad distraction gives you a mouth full of whizz. - Once again
emotional,pain,2006,TV,Rescue Me,"I'm In pain here. I'm in pain, too, OK? Emotional pain. Really? Yeah. I was very, very hurt. I'm"
emotional,pain,2005,TV,That '70s Show,"rigorous training to be able to withstand any kind of mental, physical, or emotional pain AHHHHHHHH BRAIN FREEZE!... MAKE IT STOP! MAKE IT STOP! Donna"
emotional,pain,2001,MOV,One Night at McCool's,"are one of the 97 out of 100 men who surveys tell us suffer deep emotional pains, then I am talking to you! Don't lose that someone -"
emotional,pain,2001,MOV,Marilyn Monroe: The Final Days,"past two years sought almost daily psychological treatment from Dr. Greenson to ease her emotional pain. ENGELBERG: We knew she was manic-depressive, or bipolar. I think"
emotional,pain,2000,TV,Will & Grace,. so. just so we're clear. The breakdown must include tears of emotional pain only. No pulling hair. no punching. And. of course.
emotional,pain,1997,TV,Dharma & Greg,incredible. Congratulations! - Thanks. - Cool. Ifyou cause my friend any emotional pain whatsoever... I'll punish you in ways you can't even imagine.
emotional,pain,1996,MOV,Bullet,of social disgrace. A lot of his art is a projection of his own emotional pain at home. I think I can relate with that. Don't break
emotional,pain,1994,MOV,...s II: The Legend of Curly's Gold,"wallets. Okay, we're back. I'm Dr. Jeffrey Sanborn. Emotional pain is as real as physical pain. Just' cause you can't see"
emotional,pain,1994,MOV,Exit to Eden,"She completely gave herself to her man, and in doing so forgot her own emotional pain. you're really busy. I should go. Put down your books."
emotional,pain,2015,SPOK,NPR_FreshAir,"based on - and oddly, you know, I worked through a lot of emotional pain in that episode that - that's a conversation never happened. The ex-wife"
emotional,pain,2015,FIC,Bk:KillAgain,thought. And then came the thought that always followed: she'd suffered enough emotional pain to fill several lifetimes. # So she did what she'd always done
emotional,pain,2015,FIC,MassachRev,"half before her due date. And ever since, she'd been in severe emotional pain, or maybe she'd been in such pain before the birth, but"
emotional,pain,2015,MAG,NaturalHist,"loss of physical pain hadn' t diminished the ability of these children to experience emotional pain, however. Their feelings could still be hurt, even when their bodies"
emotional,pain,2015,MAG,NaturalHist,when their bodies could not. They also appeared to have normal empathy for the emotional pain of others. # Although one might imagine that a life without pain would be
emotional,pain,2015,MAG,NaturalHist,"specify its location on the body. Conversely, selective damage to parts of the emotional pain circuit can result in a condition called pain 4131173. These patients are able"
emotional,pain,2015,MAG,NaturalHist,", which in turn increases pain. # Parts of the brain' s cognitive and emotional pain circuitry are crucially involved in comparing one' s expectations for pain with pain"
emotional,pain,2015,MAG,NaturalHist,is that social rejection and physical pain activate overlapping regions of the brain' s emotional pain circuit. # When subjects are excluded from participation in a virtual 4146849 task on
emotional,pain,2015,MAG,NaturalHist,"often the case, everyday language is reflective of neural processes. The similarity of emotional pain and physical pain is not merely a construction of evocative or poetic speech."
emotional,pain,2015,MAG,NaturalHist,"speech. The metaphor is real and it is encoded in the brain' s emotional pain circuitry. Social rejection hurts. # From Touch: The Science of Hand,"
emotional,pain,2015,MAG,People,"don't? "" # Meanwhile the patients and families who endured horrific physical and emotional pain so Fata could line his own pockets struggle to put their lives and families"
emotional,pain,2015,NEWS,Denver,", "" Moser said, choking back tears. Moser said she takes medication for emotional pain. Moser said her daughter's death has caused her to be in an"
emotional,pain,2015,NEWS,STLouis,"of two passionate fan bases are put on the line, leaving the losers in emotional pain and feeling sick all winter long. For too long nothing in the Cards-Cubs"
emotional,pain,2015,ACAD,EatingDisordersReview,"observe, process, speak about, draw attention to, and bear "" 10 emotional pain in order to eventually transform it. # "" When we find we can"
emotional,pain,2014,MAG,ScienceNews,"Heyman says. # Short-term, self-focused decisions -- such as wanting to numb the emotional pain of childhood abuse -- can eventually lead to drug addiction, he argues."
emotional,pain,2014,MAG,USCatholic,"of healing. "" This is when we can help individuals become aware of the emotional pain resulting from a deep, unjust injury. "" # The second phase involves"
emotional,pain,2014,NEWS,USAToday,"time to contemplate that. People don't want to think about the physical and emotional pain that's inflicted, what that does to children in the home. People"
emotional,pain,2014,ACAD,StudiesInEducation,* Changed family meal-time practices (45) # * Spoke with friends about the emotional pain the interviewee was feeling (63) # * Pre-planned meals and menus (
emotional,pain,2014,ACAD,OccupationalHealth,"had value during the trauma -- such as dissociation, which reduces the physical and emotional pain of the trauma -- with symptoms that are secondary responses to being traumatised,"
emotional,pain,2013,SPOK,NBC: Meet The Press,"what debuted this week with you and Gabby talking about the issue, highlighting the emotional pain and the sacrifice, but also as she says in the ad that it"
emotional,pain,2013,FIC,GettysburgRev,"grade for the first and last time. "" William has an unusual insight into emotional pain, "" said the evaluation for his psychiatry rotation. And Dr. Nethersole,"
emotional,pain,2013,MAG,NewRepublic,"reduce the physical effects of stress; anti-inflammatory medicine; or even Tylenol-since physical and emotional pain overlap, it turns out that Tylenol can reduce the pain of heartbreak."
emotional,pain,2013,NEWS,Atlanta,"Veterans Administration Medical Center is alerted to another case of a woman in mental and emotional pain because she was raped, groped or sexually harassed by someone else in the"
emotional,pain,2013,NEWS,Pittsburgh,""" Hayes lived into his 80s, long enough to have experienced the physical and emotional pain of racial hatred and outlive the Rev. Martin Luther King Jr. As recounted"
emotional,pain,2013,NEWS,OrangeCR,"fibromyalgia - can pose a challenge to doctors because physical pain is wrapped up with emotional pain. "" A study I've done shows that 80 to 90 percent of"
emotional,pain,2013,NEWS,OrangeCR,"seemingly quick fix is opioids - which initially appear to wash away the physical and emotional pain. "" It reaches the James Brown part of the brain, "" O'Carroll"
emotional,pain,2013,ACAD,SocialWork,"may reflect the use of SIB as a coping mechanism for feelings of despair, emotional pain, and low self-esteem (Myrbakk & van Tetzchner, 2008). #"
emotional,pain,2013,ACAD,JournalAmerican,"the presence and strength of the young narrator's physical desire, and treats the emotional pain that she experienced when she sacrificed that desire to the strictures of "" acceptable"
emotional,pain,2012,FIC,Analog,"put his pen in his pocket and stood up. "" Sociopadis don't experience emotional pain like normal people. You can expect to be in quite a lot of"
emotional,pain,2012,MAG,PsychToday,terror on his face a reflection of my own. I drank to ease my emotional pain. Within two years we divorced. # I moved to New York City
emotional,pain,2012,MAG,America,"# A culture that demands perfection of new mothers compounded this woman's physical and emotional pain. Because she had a C-section, she felt like a failure. We"
emotional,pain,2012,MAG,America,"behavior from someone. When I was able to forgive my abuser after years of emotional pain and struggle, I could finally see him not as a monster but as"
emotional,pain,2012,MAG,GoodHousekeeping,", I sometimes feel out of my depth and overwhelmed by the intensity of her emotional pain. Happily, experts say you really don' t have to say much"
emotional,pain,2011,SPOK,CBS_Early,"glad that she didn't succeed but I think it did show us how much emotional pain she was in at the time. ERICA-HILL: Chris mentioned that, you know"
emotional,pain,2011,SPOK,NPR_FreshAir,". So you've had like the total package, you know, physical and emotional pain at the same time. Do you tend to be obsessive about physical pain"
emotional,pain,2011,SPOK,NPR_FreshAir,"at the same time. Do you tend to be obsessive about physical pain or emotional pain? DIDION: Well, I try not to be, let us put it"
emotional,pain,2011,NEWS,Denver,"days if not weeks setting gags in motion. Handler doesn't care how much emotional pain they cause. If fact, the more, the better. # """
emotional,pain,2011,ACAD,SchoolCounsel,"the student's inability to regulate tension (e.g., stress, anger, or emotional pain) and his or her pattern of discharging tension through less-than-desirable behaviors (e.g."
emotional,pain,2010,SPOK,ABC_20/20,"boy. KAREN-FAYE-1JACKS# So now we're talking physical pain and now we're talking emotional pain. MICHAEL-BUSH-1JAC# The day that that came out, he was stepping onstage in"
emotional,pain,2010,SPOK,CBS_Early,young men want to take a chunk of that wealth for what they say was emotional pain and fraud. Erica. ERICA-HILL: Mark Strassmann joining us this morning. Mark
emotional,pain,2010,FIC,Bk:ThursdaysAtEight,", miserable, lonely night. I remember leaning against the bathroom sink in such emotional pain I couldn't even stand upright. I looked at myself in the mirror"
emotional,pain,2010,NEWS,SanFranChron,"specialist in treating sex addiction. "" It allows a person to mood-alter away from emotional pain that resides deep inside. In treating addiction, we have to stop the"
emotional,pain,2010,NEWS,SanFranChron,"the unhealthy behavior, but then do the work to find out what the underlying emotional pain is. "" # If people want to escape feelings of low self-esteem, shame"
emotional,pain,2010,ACAD,Humanist,"book-burning antics and other statements to be bigoted, ignorant, and certain to cause emotional pain if not physical harm. Whether it was President Barack Obama or General David"
emotional,pain,2009,SPOK,CNN_Misc,"Michael didn't want to get better? CHOPRA: Michael had a lot of emotional pain, also, in addition to his physical pain. He did want to"
emotional,pain,2009,MAG,SatEvenPost,"expression of speech. However, at this diagnosis, my heart did break--with an emotional pain so severe I almost fainted. Everything else the neurologist said that day about"
emotional,pain,2009,MAG,USAToday,"am not selfish, greedy pigs. They are individuals feeling out-of-control, in desperate emotional pain, coping with that pain in an overdone version of a generally accepted,"
emotional,pain,2009,MAG,USAToday,"type of domestic violence that women suffer. "" Along with all the physical and emotional pain it causes, domestic violence also comes with a substantial financial price, """
emotional,pain,2009,NEWS,SanFranChron,often unstable. Many patients injure themselves and threaten or attempt suicide to relieve their emotional pain. # People with the disorder are said to have a thin emotional skin
emotional,pain,2009,ACAD,CommunCare,conventional routes and it illustrates the point that there are many children living in considerable emotional pain who are not supported by either existing specialist or universal services. The findings
emotional,pain,2009,ACAD,CommunCare,"will have to be prepared to manage, and be seen to survive, the emotional pain and the challenges of her situation. # -- The Mulberry Bush Organisation is"
emotional,pain,2009,ACAD,DrugIssues,", 2003). Drugs also provide a means of escape from the physical and emotional pain associated with estrangement from social norms and resources (Zlotnick, Tam, &;"
emotional,pain,2009,ACAD,MusicEduc,even greater challenge for LGBT students. Such experiences can lead to internalized self-hatred and emotional pain that contribute to a higher risk of substance abuse among LGBT youth as a
emotional,pain,2008,SPOK,NBC_Dateline,". (Luttrell-with-flow) Mr-LUTTRELL: I would hate for anybody to have to live through the emotional pain that I've gone through. It's just incredible. I mean,"
emotional,pain,2008,SPOK,NPR_TalkNation,"to manage it as best as I can and dealing with a lot of the emotional pain and resisting it, getting angry when it happens, those things all help"
emotional,pain,2008,FIC,Bk:MinusImple,"I was finally going for my last resort, the potential antidote for the intense emotional pain that was destroying me. The previous night, I had attempted to negotiate"
emotional,pain,2008,FIC,Bk:MinusImple,"there for them in the future. I was so far gone from the relentless emotional pain, it didn't matter what words he used. I was no longer"
emotional,pain,2008,FIC,Bk:MinusImple,"I hesitated, but only for a moment. So intense was my self-loathing and emotional pain at that point, it was a decision I had already made. I"
emotional,pain,2008,FIC,Bk:MinusImple,"In my mind I pleaded for death. I wanted so badly to stop the emotional pain that this physical pain was easy to endure. At that moment, I"
emotional,pain,2008,FIC,Bk:DarkestPleasure,"his newest crime? No, thanks. Guilt, shame and grief might bring emotional pain, but none would soothe his demon in any way. Only physical suffering"
emotional,pain,2008,NEWS,SanFranChron,"Mormon, "" former Massachusetts Gov. Mitt Romney. The memory of our collective emotional pain is always present. Mormons are the queer outcast of religious society. Like"
emotional,pain,2008,NEWS,USAToday,". # Why is it that, today, community is most often associated with emotional pain? Think about it. When in recent history did you witness real national"
emotional,pain,2008,ACAD,HealthSocialW,response to abuse were palpable in their words. Participants' stories reflect a similar emotional pain brought about by the family's experience of being stigmatized in public settings.
emotional,pain,2007,SPOK,CBS_Early,"as hard as I could, and ended up dropping it, It was more emotional pain than physical pain. PRICE: Frank, we had to call a doctor"
emotional,pain,2007,MAG,Prevention,empowered. JUDY'S STORY: For a long time I internalized the physical and emotional pain brought on by my failing marriage. I overate and used my weight as
emotional,pain,2007,MAG,ChristCentury,"for them, sexual addiction was a way of coping with or masking se- vere emotional pain. Today that is seldom the case: people who have problems with porn"
emotional,pain,2007,NEWS,Houston,"persevere through this without anybody's help. "" # But Ritcheson always internalized his emotional pain, Leon said. Looking back, the teen had just started to show"
emotional,pain,2007,NEWS,Houston,"longer work for him, I feel more comfortable talking but will always feel the emotional pain. "" # Williams later worked at the federal courthouse in Houston until her"
emotional,pain,2006,SPOK,NPR_ATC,don? t see? Pastor LUTER: I think that just the mental and emotional pain that a lot of people are feeling. They don? t show it
emotional,pain,2006,SPOK,NBC_Dateline,"older than most adoptees, speak no English, have lived lives of hardship and emotional pain. This was not going to be easy. (Excerpt-of-Salem-f) Ms-SALEM: (Voiceover) We"
emotional,pain,2006,MAG,Cosmopolitan,"even though you're introspective, your sensitivity makes it hard for you to handle emotional pain. As a result, you deal with a breakup by focusing on how"
emotional,pain,2006,MAG,Redbook,""" SHE SURVIVED... near-bankruptcy Sherri Caldwell knows firsthand that financial collapse can bring on emotional pain that's far more wrenching than the material loss. In 1995, her"
emotional,pain,2006,MAG,Ebony,"one near their home to educate and support others in an effort to lessen their emotional pain. Despite their children's condition, the Simpsons say they live their lives"
emotional,pain,2006,ACAD,Humanist,. Their voices cry out because the victims' voices can't. And their emotional pain claims our attention. The burden of those voices is almost always the same
emotional,pain,2006,ACAD,Humanist,"but as members of a responsible body that measures wrong by a different yardstick from emotional pain. # And, as an added benefit, taking the heat of revenge"
emotional,pain,2006,ACAD,DrugIssues,"the same year, and I was hurting at the time.. "" # Besides emotional pain, pharmaceutical opioids were taken to self-medicate physical discomforts associated with everyday aches and"
emotional,pain,2005,SPOK,MSNBC_Cosby,"a gentleman like him, obviously, you must have a lot of your own emotional pain going on, and perhaps even your children, as well. I ask to"
emotional,pain,2005,MAG,Essence,"she laughs, then observes seriously, "" We've got to deal with the emotional pain underlying the negative thoughts. "" And how exactly do we do that?"
emotional,pain,2005,MAG,Essence,"s legs remain permanently disfigured. Her voice cracks as she remembers the physical and emotional pain she endured. "" There were feelings of anger and a sense of displacement"
emotional,pain,2005,MAG,Ebony,"as his former girl-friend moved out of his home. "" Songwriting helped desensitize the emotional pain that comes with breaking up from a relationship, "" he says. """
emotional,pain,2005,MAG,People,"average kids. These are truly Lost Boys. "" Beyond this there is an emotional pain shared by many of them. John Lee Fischer was 15 when sect elders"
emotional,pain,2005,ACAD,Adolescence,"experience concurs with this premise as suicide became the only option for relieving her from emotional pain and a lifetime of suffering. As Ever all (2000) suggests,"
emotional,pain,2004,SPOK,CNN_SatMorn,"a tremendous amount of inner sense of emptiness, loneliness, a tremendous sense of emotional pain. My guess is that she probably had a number of losses in her"
emotional,pain,2004,MAG,Ebony,"says, is to make life-changing decisions-such as filing for divorce-at the height of the emotional pain. "" You will feel hurt, disappointed, rejected and betrayed, and"
emotional,pain,2004,NEWS,AssocPress,"the floor. The note he left said he could no longer deal with his emotional pain. # Upstairs, a pair of dog tags rested on his bed."
emotional,pain,2004,NEWS,Atlanta,"believes he's the reason for his children's lot. # The physical and emotional pain is compounded because, without a home, there is no place to retreat"
emotional,pain,2004,NEWS,SanFranChron,"three changes of residence, separation from his mother and sisters and excruciating physical and emotional pain -- only to have to reinvent himself as an American kid. # But"
emotional,pain,2004,NEWS,Denver,"Office, lied to the American public, and caused his wife and daughter great emotional pain. We can and should expect a higher standard of conduct on the part"
emotional,pain,2004,ACAD,SexResearch,"(1986) has postulated that the predisposition to use substances or behaviors to alleviate emotional pain may reflect an "" intimacy dysfunction "" which could result from child sexual abuse"
emotional,pain,2004,ACAD,HispanicRev,out of her suspended state of passivity into a more active mode. # The emotional pain of Beatriz's strained relations with others parallels the physical ravaging of her body
emotional,pain,2004,ACAD,HispanicRev,"pain and the silenced desire for pleasure. # Hence, in addition to interring emotional pain, disciplining her body becomes a way for Beatriz to suppress her desires."
emotional,pain,2004,ACAD,SchoolCounsel,"address the special needs of these students earlier. For example, attention to the emotional pain associated with the interaction between their academic talents and learning disabilities would have been"
emotional,pain,2004,ACAD,SchoolCounsel,"care must be exercised in making sure that parents do not re-create the kinds of emotional pain experienced by participants in this study. Therefore, school counselors should assist students"
emotional,pain,2003,MAG,Forbes,"start in their teens and come from middle- or upper-class families. They feel intense emotional pain, a need to suppress it and, conversely, a desire to be"
emotional,pain,2003,NEWS,NYTimes,". One of them, Jayson Blair wrote, "" questioned the legitimacy of his emotional pain as he considered his comrade in the next bed, a runner who had"
emotional,pain,2003,NEWS,NYTimes,"though, Corporal Klingel, a scout, said he questioned the legitimacy of his emotional pain as he considered the marine in the next bed, Staff Sgt. Eric Alva"
emotional,pain,2003,NEWS,Chicago,"into war is despicable. Thousands of homes and families were uprooted, horror and emotional pain was thrust on those who lost family members in the murderous conflict, and"
emotional,pain,2003,ACAD,Education,their situation will improve and they dream about a better future. Others describe experiencing emotional pain so deep and intense that the feeling takes on the quality of physical pain
emotional,pain,2003,ACAD,Education,"is arguing and shouting and making nasty, scathing remarks that tend to inflict unbearable emotional pain on the recipient of these verbal lashings. A common response to peer group"
emotional,pain,2003,ACAD,Adolescence,"are at highest risk for suicide. Substance abuse, a common outcome of childhood emotional pain, increases the likelihood of suicide. School social workers and guidance counselors are"
emotional,pain,2002,SPOK,CBS_SixtyII,", as bad as you can think. ! MABREY: But the emotional pain was often worse. ! RYAN-DANT: I was just getting scared"
emotional,pain,2002,FIC,LesbianNews,"aspirin would do the trick, physically at least. She'd deal with her emotional pain later. Around two in the afternoon she woke up in her bed."
emotional,pain,2002,FIC,Bk:ThursdaysEight,"restless, miserable, lonely night. I remember leaningagainst the bathroom sink in such emotional pain I couldn't evenstand upright. I looked at myself in the mirror and"
emotional,pain,2002,MAG,Redbook,". "" And as with any life transition, the passage to parenthood can sharpen emotional pain that's been dulled by time. "" We've had a couple of"
emotional,pain,2002,MAG,GoodHousekeeping,"n't work. Save your money, but more importantly, save yourself from the emotional pain when these gimmicks fail. Be realistic. Jump-start your weight-loss program in ways"
emotional,pain,2002,ACAD,PhysicalEduc,They're stupid and they don't understand. Like they don't know the emotional pain they cause when they call you bad names. Of course they do it
emotional,pain,2001,MAG,PsychToday,"and negative beliefs in childhood. They are what we utilized to protect ourselves against emotional pain and, later, against anxiety about death. A core defense that often"
emotional,pain,2001,NEWS,CSMonitor,a mystical ceremony in Senegal to learn about treatments. Solomon clearly comprehends his own emotional pain and its toll on his loved ones' lives. There's also a
emotional,pain,2001,NEWS,Atlanta,"And he was harassed daily. # The result, he says, has been emotional pain and a stunted existence. "" I don't have a life, outside"
emotional,pain,2001,NEWS,SanFranChron,"number of people in the West who believe Quan Yin has the power to heal emotional pain, old physical traumas and anything else that is bothersome and intrusive. Other"
emotional,pain,2000,MAG,TotalHealth,"balances the five elements) 3) Mantra or sound (raises energy, clears emotional pain) 4) Mudra (hand or fingertip position and stimulates the motorsensory area"
emotional,pain,2000,NEWS,SanFranChron,"as a society, should take "" an individual rendered helpless and inflict physical and emotional pain "" on him (the U.N.' s definition of torture)?"
emotional,pain,2000,ACAD,HealthSocialW,"physical anguish are daily difficulties. Social workers struggle with the complexity of people's emotional pain, yet physical pain, particularly of a chronic nature, is relatively unfamiliar"
emotional,pain,1999,SPOK,ABC_20/20,"and most honor that. (voice-over) Sarah Dronek, despite the physical and emotional pain she says she endured, went ahead and became a member of Lambda Delta"
emotional,pain,1999,SPOK,CNN_King,"pain in the heart could be a heart attack, or it could be an emotional pain, as well. So I don't know how to interpret it sometimes"
emotional,pain,1999,FIC,Analog,intensely that not even his nanite attendants could keep up with the breathtaking sweep of emotional pain. He sat down in the middle of his jumbled TV room and cried
emotional,pain,1999,MAG,Cosmopolitan,"as I called Jeff's parents to talk to them about the accident, the emotional pain of what had happened engulfed me, and I began sobbing uncontrollably. The"
emotional,pain,1999,MAG,Redbook,", "" and that is a good thing. If we were characteristically unhappy, emotional pain would lose its ability to alert us to an unusual and possibly harmful condition"
emotional,pain,1999,MAG,Essence,"Speaks. "" As long as all that pain was suppressed, I suffered the emotional pain of abandonment, rejection and low self-esteem. But when women speak out,"
emotional,pain,1999,ACAD,EmotBehavDis,"100 years ago. In addition, beyond these fears and beyond the physical and emotional pain suffered by victims of violent crime are the staggering financial costs to society."
emotional,pain,1998,SPOK,CBS_PublicEye,of nine former students who are taking Crute to court. All claim they suffered emotional pain and now want Crute to pay millions of dollars for his voyeurism. Ms-LATASHA-COLANDE:
emotional,pain,1998,SPOK,NBC_Today,"Kansas, police department and the teen-ager's family for almost two decades, the emotional pain still evident in Tracy's father's voice. Mr-LOUIS-FRESQUEZ-: This is something"
emotional,pain,1998,MAG,Cosmopolitan,to be removed so it wouldn't grow back. I was devastated. The emotional pain I felt at that moment was worse than any physical agony I had ever
emotional,pain,1998,MAG,Shape,"been hurt before, such as Christine, and has not resolved the issue that emotional pain is a normal risk in any relationship. "" The causes can range from"
emotional,pain,1998,MAG,MensHealth,"the rest of the family. "" My mother was in a great deal of emotional pain, and she had a lot of rage inside her, "" he says"
emotional,pain,1998,ACAD,ClearingHouse,"in a society that condemns and devalues their identity. Experiences of isolation and the emotional pain of alienation, hopelessness, and despair contribute to lowered self-esteem, identity conflicts"
emotional,pain,1998,ACAD,Symposium,"woman scream; then we see the maid, who is obviously suffering physical and emotional pain. Her dress is torn, she is bleeding, and she walks with"
emotional,pain,1997,SPOK,NPR_ATC,", for people whose suffering is not in the realm of physical pain, but emotional pain or despair or whatever, to have an end of life option besides the"
emotional,pain,1997,MAG,TodaysParent,". "" You did everything you could do to block out the physical and the emotional pain, "" recalls Hugh MacMillan. ""' Why would this guy who's"
emotional,pain,1997,MAG,MotherJones,"to God as a Texas schoolgirl says she found her way free of "" terrible emotional pain, "" eventually even becoming Course's public face. # Williamson, who"
emotional,pain,1997,NEWS,CSMonitor,"marks a cultural departure, especially for men, from traditional ones of toughing out emotional pain, resorting to alcohol or other drugs, or opting for standard psychiatric treatment"
emotional,pain,1997,NEWS,Houston,"about myself? It hurt, but it didn't hurt as much as the emotional pain. "" # Doctors never could find a medical cause for her obesity."
emotional,pain,1997,NEWS,Denver,"his show. He shared their anxiety and finally their grief, which is an emotional pain that only confirmed pet lovers can comprehend. # Turning an oral spotlight on"
emotional,pain,1997,NEWS,Denver,"says. But even close companions sometimes drift away, unable to deal with the emotional pain or accept the changes wrought by the death. # The saddest cases,"
emotional,pain,1997,NEWS,Denver,"former state amateur golf champion now in the golf-cart business, tried to ease their emotional pain in a number of ways. # They took tranquilizers, sought help from"
emotional,pain,1996,MAG,SportsIll,"Mass.) Nautilus gym. "" Helping someone relieve pain. Physical pain. Emotional pain. I don't care about some guy who just wants bigger biceps or"
emotional,pain,1996,MAG,Jet,"cope with pain and stress. "" They don't know how to deal with emotional pain. Our youth are lonely, and that is frightening, that is sad"
emotional,pain,1996,MAG,Jet,"that Black men must learn to reach out and find constructive ways to share their emotional pain. "" They are taught not to talk about their feelings, that it"
emotional,pain,1996,MAG,USCatholic,". Boomers were emotionally loyal to their employers. What their children saw was the emotional pain of their parents. "" Ultimately, Kennedy believes that the new attitudes in"
emotional,pain,1996,NEWS,AssocPress,"Vietnam Veterans Memorial. # "" I have suffered a lot from my physical and emotional pain, "" she told a hushed crowd of veterans and their families gathered for"
emotional,pain,1996,ACAD,LatAmPopScult,"bond between his characters because their sex-based relationships serve as momentary gratification to assuage the emotional pain derived from lives of hardship and suffering. Thus, in this universe of"
emotional,pain,1995,SPOK,CBS_Morning,sadness... ZAHN: Mm. Mr-LOUGANIS:... that there was so much pain -- emotional pain that it was -- that was the better alternative because I was in so
emotional,pain,1995,SPOK,CBS_Morning,"change forever. The fear and pain I felt I will never forget. The emotional pain that occurred after that fateful night, I will never forget nor will my"
emotional,pain,1995,SPOK,ABC_SunNews,"Now, every day she must endure several hours of physical therapy, but her emotional pain, she says, is often worse than her physical pain. PATTY HALL"
emotional,pain,1995,SPOK,NPR_ATC,"in Ives' instance. It would take years for the mental smoke and the emotional pain to clear away enough to make that kind of decision. So, my"
emotional,pain,1995,FIC,Omni,"the terrible, blessed blackouts. I'd expected the crying jag. And the emotional pain, like a dull drill. But I'd never been drunk for four"
emotional,pain,1995,MAG,TotalHealth,"much pain! "" In seeking a sense of well-being and relief from physical or emotional pain, we can numb ourselves through medication. Prescriptions for specified medical conditions may"
emotional,pain,1995,MAG,Essence,"social drink becomes the medication that seems to offer an escape from the stress and emotional pain in their lives. "" Black women are under enormous pressures, "" says"
emotional,pain,1995,MAG,PsychToday,in some fundamental ways. And it can actually harm people. The potential for emotional pain and upset is so great in intimate relationships because we are not cloaked in
emotional,pain,1995,MAG,MensHealth,", the primary motive was either anger or the wish to cause the other parent emotional pain. "" If a woman uses the sex-abuse charge and loses custody, and"
emotional,pain,1995,MAG,PsychToday,"we all, like her, feel that our situation is unique and that our emotional pain requires relief. In the privacy of our own minds, we are aggrieved"
emotional,pain,1995,MAG,PsychToday,", but without the oppressive quality. Likewise, my friend learned to recognize his emotional pain, but was not oppressed by it. Well-Being Like many others, my"
emotional,pain,1995,NEWS,WashPost,"from his tragic mistakes in judgment. I will never forget the years of anguishing emotional pain of humiliation, isolation and professional and personal rejection that followed my decision."
emotional,pain,1995,NEWS,SanFranChron,"guilty on the charge of premeditated attempted murder. # Still, my sister's emotional pain left her unable to feel joy -- until recently. # Recently, on"
emotional,pain,1995,NEWS,Denver,"to felony charges related to the child's death. # The depth of his emotional pain was difficult to imagine. # "" The idea that someone could do that"
emotional,pain,1994,FIC,Bk:NightPrey,"first time since -- when? never? -- felt something that might have been emotional pain. How could she do this? This wasn't right, she was"
emotional,pain,1994,MAG,People,But the loss of people whom I thought cared caused me a tremendous amount of emotional pain beyond the physical pain that was already killing me. If I didn't
emotional,pain,1994,MAG,Prevention,"real epidemic in our country is not just physical heart disease but also loneliness, emotional pain and isolation, "" says Dr. Ornish. "" If we create other ways"
emotional,pain,1994,MAG,Prevention,"seem like one step forward and 10 steps back because when someone starts to feel emotional pain, the natural tendency is to withdraw into depression or get really, really"
emotional,pain,1994,NEWS,Chicago,"long-sleeved shirts. Like many self-injurers, she says the cutting and bashing assuaged overwhelming emotional pain. "" I thought I needed to be punished, that I was bad"
emotional,pain,1994,NEWS,Chicago,"Self-injury can bring instant relief from anxiety. "" The physical pain numbs out the emotional pain, "" Lader says. "" You can't feel pain in two places"
emotional,pain,1993,SPOK,NPR_Weekend,", he illustrated it so clearly. Any kind of pain, physical pain or emotional pain, he suffered so much and so real. He's one of the"
emotional,pain,1993,FIC,Iris,to heal from the pain of the stroke's assault on my brain. The emotional pain of the stroke has been a door opening to the other experiences of emotional
emotional,pain,1993,FIC,Iris,"emotional pain of the stroke has been a door opening to the other experiences of emotional pain, an opening that has brought with it possibilities of healing. How could"
emotional,pain,1993,FIC,BkSF:MovingMars,", my youth and personality, kept me isolated and in constant though not extreme emotional pain, with little sense of belonging. I deeply wished to belong to a"
emotional,pain,1993,MAG,ChristCentury,seizure in order to get attention from the staff or her boyfriend and mask her emotional pain. In one of our sessions Stephanie agreed to draw a picture of God
emotional,pain,1993,ACAD,InstrPsych,"pain bearer. When problems of the kind mentioned above are present, physical and emotional pain demands medication. In this state, the child or adult find a substance"
emotional,pain,1992,SPOK,ABC_20/20,"you went through, you were not afraid of putting a child through the same emotional pain? Ms. WALKER: Not afraid- worried. I still worry about it."
emotional,pain,1992,NEWS,USAToday,"didn't speak for about six months. "" # But when she was in emotional pain, Tan summoned her mother, Daisy, who responded instantly. And now"
emotional,pain,1992,NEWS,Houston,"meant when he wrote about taking the road less traveled. # Most of the emotional pain is gone, but the "" "" what ifs "" remain for the man"
emotional,pain,1991,SPOK,CNN_King,"have been learned more comfortably, I wouldn't be sitting in this kind of emotional pain.' KING: So you accept the fact you might have a bad"
emotional,pain,1991,SPOK,PBS_Newshour,"of us can agree that if it makes you miserable, if you are in emotional pain, if it destroys your self-esteem and your sense of trust, that that"
emotional,pain,1991,SPOK,PBS_Newshour,"ugly scar, and the pain, I mean, the physical pain and the emotional pain has been a lot, and I am angry, because if I had"
emotional,pain,1991,MAG,Newsweek,"and surreal. This was the Scandal With Everything -- penises, power, intense emotional pain -- and millions tuned in. They watched an X-rated spectacle that was repulsive"
emotional,pain,1991,MAG,USNWR,"Verdicts can include money to punish employers for malicious bias and to compensate for "" emotional pain "" or inconvenience. # Sympathetic juries. The statute does give plaintiffs potentially"
emotional,pain,1991,NEWS,USAToday,"consistent way, "" says Heger. # Worse, says Sill, was the emotional pain: "" It turned the most joyful thing in my life into a nightmare"
emotional,pain,1991,NEWS,Atlanta,"In "" My Only Living Memory, "" for instance, Ms. Barth depicts the emotional pain of being abandoned by her father. In "" Come Life, Shaker Life"
emotional,pain,1990,SPOK,ABC_Nightline,Upton Rehnberg went back to work this past December. He still suffers physical and emotional pain. Recently he separated from his wife. Helen Hayes is back at work
emotional,pain,1990,FIC,Bk:Malibu,"with the wrong drink. You had to admire it. The girl was in emotional pain. A peasant had let her down, but the safety net of her"
emotional,pain,1990,MAG,RollingStone,n't yet heard of 2 Live Crew. # There is still some residue of emotional pain. What if everybody around me split?' he asks. Then I
emotional,pain,1990,NEWS,AssocPress,"make him physically whole again. But the family may never be rid of the emotional pain inflicted by Shriner. # "" A lifetime sentence is a lifetime sentence,"
emotional,pain,1990,ACAD,SexResearch,"playing dare double-dare. # While girls hold their lovers responsible for virtually all the emotional pain they experience in relationships, they rarely blame them for sexual pain during first"
emotional,pain,1990,ACAD,HealthSocialW,"apparent, I am sure that it would have been diagnosed earlier and that some emotional pain would have been averted. # When I approached my parents the second time"
emotional,pain,1990,ACAD,HealthSocialW,"with physical pain and distress, to one that deals with both the physical and emotional pain members experience. # A sense of security and safety within groups evolves as"
emotional,suffering,2019,FIC,MassachRev,an open secret for sixty-five years because nobody wanted to accept that this level of emotional suffering was possible for someone who could write such an endearing tale of a spunky
emotional,suffering,2019,ACAD,Law and Psychology Review,"at 282. # (135) Currently, no formal consideration is given to the emotional suffering of family members. Two psychiatrists suggest that some consideration should be given,"
emotional,suffering,2019,ACAD,PLoS ONE,"extreme, ingroup glorification can further serve to minimize ingroup members' recognition of the emotional suffering of their opponent and to dehumanize them, thereby reducing collective guilt and justifying"
emotional,suffering,2017,NEWS,The Detroit News,Kevin Kellom said. # The $50 million lawsuit is seeking punitive damages for the emotional suffering Terrance Kellom's death caused his family. Kevin Kellom said the lawsuit money
emotional,suffering,2016,ACAD,Nephrology Nursing Journal,"illness or disability may flip back and forth between the two states of enduring and emotional suffering to reformulate the self by incorporating new meaning into the situation. Thus,"
emotional,suffering,2012,SPOK,Fox: The Five,"a really tough teacher. I mean, frankly, they said their son suffered emotional suffering and damage because of the C plus in chemistry? I would have hailed"
emotional,suffering,2012,WEB,dailyom.com,I? ll have fun! # Stinking Thinking # Much of our stress and emotional suffering comes from the way we think. I? m a master of this
emotional,suffering,2012,WEB,journals.lww.com,"had realized what was going on, Elis might have been spared further physical and emotional suffering.  WHAT IS HUMAN TRAFFICKING? # While Elis's case might seem"
emotional,suffering,2012,WEB,helpguide.org,is grief? # Grief is a natural response to loss. It's the emotional suffering you feel when something or someone you love is taken away. You may
emotional,suffering,2012,WEB,suicideproject.org,"end-of-life option. The next step, that is, assisted suicide for people with emotional suffering will probably require a long tme before society advances to a level of compassion"
emotional,suffering,2012,WEB,ahipcoverage.com,"according to the Institute of Medicine, and taking a human toll in pain, emotional suffering, severe complications and even death. "" # "" Some complained that when"
emotional,suffering,2012,WEB,...ext.lib.virginia.edu,what was happening to try to run away. One can only imagine how the emotional suffering added to the physical suffering. # xxvi We can draw on Levinas's
emotional,suffering,2012,BLOG,freethoughtblogs.com,"wants to go into with respect to belief in hell, is totally fine. Emotional suffering resulting from such practices, and from sexual abuse as a child, is"
emotional,suffering,2012,BLOG,...artist.wordpress.com,"all as I read your post.. deep within myself i see that there is emotional suffering and disatisfaction, and it is ironical, while the kids in mention study"
emotional,suffering,2012,BLOG,...eburningplatform.com,a cost of at least $210 billion a year (plus the untold cost of emotional suffering and related complications and even death -- which are impossible to put numbers on
emotional,suffering,2012,BLOG,...eburningplatform.com,at a cost of at least $210 billion a year6 (plus the cost of emotional suffering and related complications and even death -- which are impossible to put numbers on
emotional,suffering,2012,BLOG,...opeblog.stanford.edu,"It's like this diamond forged under the pressure of pain, and cut with emotional suffering. Each facet reflects so succinctly your (our) crushed spirits; each"
emotional,suffering,2012,BLOG,my.counseling.org,"imperfection of human nature, throughout a lifetime we will meet face-to-face with physical and emotional suffering, which often brings psychological suffering. It is in enduring these sufferings and"
emotional,suffering,2012,BLOG,...eauntie.blogspot.com,"my dear sister. You see, when I was going through all of these emotional sufferings, I didn't have Islam. I was lost, confused, and"
emotional,suffering,2012,BLOG,mayfirm.com,"compensation. Ongoing medical bills, time missed from work, your own pain and emotional suffering are all reasons to seek monetary damages from those responsible for your accident."
emotional,suffering,2012,BLOG,...ll.blogs.nytimes.com,"according to the Institute of Medicine, and taking a human toll in pain, emotional suffering, severe complications and even death. # "" Sometimes the test leads you"
emotional,suffering,2012,BLOG,blog.loa.org,"themes such as family, relationships, abused children, sexual vulnerability, physical and emotional suffering that they were supposed to understand more deeply than male writers. Not surprisingly"
emotional,suffering,2012,BLOG,undoing-the-ego.org,": is the cause either in the body, in sickness or disease, in emotional suffering (depression), in scarcity (financial, relationship, job, etc."
emotional,suffering,2012,BLOG,7thspace.com,"most of the accidents in the catering industry are minor, work injuries can bring emotional suffering to employees, lower the quality of service and affect the reputation and productivity"
emotional,suffering,2011,NEWS,USAToday,"children were relocated to new schools, and the adults dealt with the pain and emotional suffering while they were trying to rebuild their lives, "" Mann said. The"
emotional,suffering,2011,ACAD,InstrPsych,"solve their problems effectively and sequentially, also to teach them coping strategies to reduce emotional suffering that they may face, but rational thinking is defined as that kind of"
emotional,suffering,2010,TV,The Mentalist,"all my receipts. It was 25 grand. Well, and 5 grand for emotional suffering. And what was her response? She said they'd pay it."
emotional,suffering,2009,ACAD,GeorgiaHisQ,"associated with saloons and alcoholism in the urban areas and also reduce the financial and emotional suffering of the wives and families of alcoholics. African Americans in Georgia, however"
emotional,suffering,2009,ACAD,HealthSocialW,"more likely to continue caring despite the limited services available to support them and the emotional suffering they experience (Perry &; O'Connor, 2002). # Many factors contribute"
emotional,suffering,2007,SPOK,Fox_HC,"a demon, who confronted it to free her from a lifetime of misery and emotional suffering. POWERS: How did she know -- I mean, how does this"
emotional,suffering,2007,ACAD,TeachLibrar,"rhythms and sensitively constructed narratives have been found to have calming, therapeutic affects on emotional suffering, picture books may be particularly helpful resources for reassuring emotionally distressed children and"
emotional,suffering,2005,ACAD,AfricanArts,""" persons who. suffered harm in the form of physical or mental injury, emotional suffering, pecuniary loss, or a substantial impairment of human rights. "" At"
emotional,suffering,2004,ACAD,OrthoNursing,are also paramount to a discussion of FMS and CFS because of the physical and emotional suffering evidenced by the patients and how this suffering changed their lives. The investigators
emotional,suffering,2003,NEWS,Chicago,"and waste millions of taxpayers' dollars. # Delays also can add to the emotional suffering of the victims of crime and their families. # "" We definitely saw"
emotional,suffering,2002,FIC,WorldLitToday,"cat with a karate chop to the neck, saying he wanted to save it emotional suffering. # I went into a terrible depression. I was to get married"
emotional,suffering,2001,MAG,USNWR,"like Ziemski's. For most of this century, the military has marginalized the emotional suffering of soldiers, dismissing it with labels like "" battle fatigue, "" """
emotional,suffering,2001,ACAD,CrossCurrents,"notion of death. First, what we witness in the Alzheimer's outbursts and emotional suffering seems to be vestiges of unresolved wounds, anger, disappointments -- the repetition"
emotional,suffering,2001,ACAD,CrossCurrents,with the same painful results. It is a stranger whose recognition of another's emotional suffering becomes a central figure in both stories. In each work one individual is
emotional,suffering,2000,ACAD,Style,"Brenda, makes him the first of Waugh's characters with sufficient interiority to experience emotional suffering, a suffering in the face of John's death and Brenda's betrayal"
emotional,suffering,1998,MAG,PsychToday,"their investment choices tend to be heavily weighted toward speculative and overvalued stocks. Their emotional suffering is disproportionate, too, because they lose self-esteem as their stocks fall."
emotional,suffering,1997,MOV,Final Exit: The Video,"problem, best dealt with by others. I am not uncaring about mental and emotional suffering, but it is not my field of expertise. If anybody watching this"
emotional,suffering,1996,SPOK,ABC_GMA,": But Mr. Fieger, is it your client's position, then, that emotional suffering in of itself? is sufficient to assist in suicide? GEOFFREY FIEGER:"
emotional,suffering,1996,SPOK,ABC_GMA,"? is sufficient to assist in suicide? GEOFFREY FIEGER: No. If the emotional suffering is confirmed by the physicians, and in this case we have a mountain"
emotional,suffering,1996,MAG,SatEvenPost,". # In summary, MBPS is a disorder that can cause enormous physical and emotional suffering to the children involved, as well as result in deaths, abuse of"
emotional,suffering,1996,ACAD,ScandinavStud,"with Ellen Key's slightly confessional letter of March 12, 1903, and her emotional suffering "" many years ago;' which the editor says is "" vermutlich """
emotional,suffering,1995,NEWS,SanFranChron,"she'd been through. # "" It seemed to me that the physical and emotional suffering you experienced during and after the attack in 1992 had to be needlessly repeated"
emotional,suffering,1995,ACAD,EnvirAffairs,"include declines in the quality of life for children and their families, physical and emotional suffering, and family time spent on caring for poisoned children. 26 There also may"
emotional,suffering,1993,MAG,America,"man of great sincerity whose honesty in the search for truth brought him mental and emotional suffering, a man who sacrificed position, prestige and influence and was ostracized by"
emotional,suffering,1990,ACAD,AnthropolQ,"a dream or an episode in the distant past. We could dimly perceive their emotional suffering, a suffering they associated with the flight. Their compatriots understood the implicit"
emotional,agony,2019,FIC,MassachRev,an open secret for sixty-five years because nobody wanted to accept that this level of emotional suffering was possible for someone who could write such an endearing tale of a spunky
emotional,agony,2019,ACAD,Law and Psychology Review,"at 282. # (135) Currently, no formal consideration is given to the emotional suffering of family members. Two psychiatrists suggest that some consideration should be given,"
emotional,agony,2019,ACAD,PLoS ONE,"extreme, ingroup glorification can further serve to minimize ingroup members' recognition of the emotional suffering of their opponent and to dehumanize them, thereby reducing collective guilt and justifying"
emotional,agony,2017,NEWS,The Detroit News,Kevin Kellom said. # The $50 million lawsuit is seeking punitive damages for the emotional suffering Terrance Kellom's death caused his family. Kevin Kellom said the lawsuit money
emotional,agony,2016,ACAD,Nephrology Nursing Journal,"illness or disability may flip back and forth between the two states of enduring and emotional suffering to reformulate the self by incorporating new meaning into the situation. Thus,"
emotional,agony,2012,SPOK,Fox: The Five,"a really tough teacher. I mean, frankly, they said their son suffered emotional suffering and damage because of the C plus in chemistry? I would have hailed"
emotional,agony,2012,WEB,dailyom.com,I? ll have fun! # Stinking Thinking # Much of our stress and emotional suffering comes from the way we think. I? m a master of this
emotional,agony,2012,WEB,journals.lww.com,"had realized what was going on, Elis might have been spared further physical and emotional suffering.  WHAT IS HUMAN TRAFFICKING? # While Elis's case might seem"
emotional,agony,2012,WEB,helpguide.org,is grief? # Grief is a natural response to loss. It's the emotional suffering you feel when something or someone you love is taken away. You may
emotional,agony,2012,WEB,suicideproject.org,"end-of-life option. The next step, that is, assisted suicide for people with emotional suffering will probably require a long tme before society advances to a level of compassion"
emotional,agony,2012,WEB,ahipcoverage.com,"according to the Institute of Medicine, and taking a human toll in pain, emotional suffering, severe complications and even death. "" # "" Some complained that when"
emotional,agony,2012,WEB,...ext.lib.virginia.edu,what was happening to try to run away. One can only imagine how the emotional suffering added to the physical suffering. # xxvi We can draw on Levinas's
emotional,agony,2012,BLOG,freethoughtblogs.com,"wants to go into with respect to belief in hell, is totally fine. Emotional suffering resulting from such practices, and from sexual abuse as a child, is"
emotional,agony,2012,BLOG,...artist.wordpress.com,"all as I read your post.. deep within myself i see that there is emotional suffering and disatisfaction, and it is ironical, while the kids in mention study"
emotional,agony,2012,BLOG,...eburningplatform.com,a cost of at least $210 billion a year (plus the untold cost of emotional suffering and related complications and even death -- which are impossible to put numbers on
emotional,agony,2012,BLOG,...eburningplatform.com,at a cost of at least $210 billion a year6 (plus the cost of emotional suffering and related complications and even death -- which are impossible to put numbers on
emotional,agony,2012,BLOG,...opeblog.stanford.edu,"It's like this diamond forged under the pressure of pain, and cut with emotional suffering. Each facet reflects so succinctly your (our) crushed spirits; each"
emotional,agony,2012,BLOG,my.counseling.org,"imperfection of human nature, throughout a lifetime we will meet face-to-face with physical and emotional suffering, which often brings psychological suffering. It is in enduring these sufferings and"
emotional,agony,2012,BLOG,...eauntie.blogspot.com,"my dear sister. You see, when I was going through all of these emotional sufferings, I didn't have Islam. I was lost, confused, and"
emotional,agony,2012,BLOG,mayfirm.com,"compensation. Ongoing medical bills, time missed from work, your own pain and emotional suffering are all reasons to seek monetary damages from those responsible for your accident."
emotional,agony,2012,BLOG,...ll.blogs.nytimes.com,"according to the Institute of Medicine, and taking a human toll in pain, emotional suffering, severe complications and even death. # "" Sometimes the test leads you"
emotional,agony,2012,BLOG,blog.loa.org,"themes such as family, relationships, abused children, sexual vulnerability, physical and emotional suffering that they were supposed to understand more deeply than male writers. Not surprisingly"
emotional,agony,2012,BLOG,undoing-the-ego.org,": is the cause either in the body, in sickness or disease, in emotional suffering (depression), in scarcity (financial, relationship, job, etc."
emotional,agony,2012,BLOG,7thspace.com,"most of the accidents in the catering industry are minor, work injuries can bring emotional suffering to employees, lower the quality of service and affect the reputation and productivity"
emotional,agony,2011,NEWS,USAToday,"children were relocated to new schools, and the adults dealt with the pain and emotional suffering while they were trying to rebuild their lives, "" Mann said. The"
emotional,agony,2011,ACAD,InstrPsych,"solve their problems effectively and sequentially, also to teach them coping strategies to reduce emotional suffering that they may face, but rational thinking is defined as that kind of"
emotional,agony,2010,TV,The Mentalist,"all my receipts. It was 25 grand. Well, and 5 grand for emotional suffering. And what was her response? She said they'd pay it."
emotional,agony,2009,ACAD,GeorgiaHisQ,"associated with saloons and alcoholism in the urban areas and also reduce the financial and emotional suffering of the wives and families of alcoholics. African Americans in Georgia, however"
emotional,agony,2009,ACAD,HealthSocialW,"more likely to continue caring despite the limited services available to support them and the emotional suffering they experience (Perry &; O'Connor, 2002). # Many factors contribute"
emotional,agony,2007,SPOK,Fox_HC,"a demon, who confronted it to free her from a lifetime of misery and emotional suffering. POWERS: How did she know -- I mean, how does this"
emotional,agony,2007,ACAD,TeachLibrar,"rhythms and sensitively constructed narratives have been found to have calming, therapeutic affects on emotional suffering, picture books may be particularly helpful resources for reassuring emotionally distressed children and"
emotional,agony,2005,ACAD,AfricanArts,""" persons who. suffered harm in the form of physical or mental injury, emotional suffering, pecuniary loss, or a substantial impairment of human rights. "" At"
emotional,agony,2004,ACAD,OrthoNursing,are also paramount to a discussion of FMS and CFS because of the physical and emotional suffering evidenced by the patients and how this suffering changed their lives. The investigators
emotional,agony,2003,NEWS,Chicago,"and waste millions of taxpayers' dollars. # Delays also can add to the emotional suffering of the victims of crime and their families. # "" We definitely saw"
emotional,agony,2002,FIC,WorldLitToday,"cat with a karate chop to the neck, saying he wanted to save it emotional suffering. # I went into a terrible depression. I was to get married"
emotional,agony,2001,MAG,USNWR,"like Ziemski's. For most of this century, the military has marginalized the emotional suffering of soldiers, dismissing it with labels like "" battle fatigue, "" """
emotional,agony,2001,ACAD,CrossCurrents,"notion of death. First, what we witness in the Alzheimer's outbursts and emotional suffering seems to be vestiges of unresolved wounds, anger, disappointments -- the repetition"
emotional,agony,2001,ACAD,CrossCurrents,with the same painful results. It is a stranger whose recognition of another's emotional suffering becomes a central figure in both stories. In each work one individual is
emotional,agony,2000,ACAD,Style,"Brenda, makes him the first of Waugh's characters with sufficient interiority to experience emotional suffering, a suffering in the face of John's death and Brenda's betrayal"
emotional,agony,1998,MAG,PsychToday,"their investment choices tend to be heavily weighted toward speculative and overvalued stocks. Their emotional suffering is disproportionate, too, because they lose self-esteem as their stocks fall."
emotional,agony,1997,MOV,Final Exit: The Video,"problem, best dealt with by others. I am not uncaring about mental and emotional suffering, but it is not my field of expertise. If anybody watching this"
emotional,agony,1996,SPOK,ABC_GMA,": But Mr. Fieger, is it your client's position, then, that emotional suffering in of itself? is sufficient to assist in suicide? GEOFFREY FIEGER:"
emotional,agony,1996,SPOK,ABC_GMA,"? is sufficient to assist in suicide? GEOFFREY FIEGER: No. If the emotional suffering is confirmed by the physicians, and in this case we have a mountain"
emotional,agony,1996,MAG,SatEvenPost,". # In summary, MBPS is a disorder that can cause enormous physical and emotional suffering to the children involved, as well as result in deaths, abuse of"
emotional,agony,1996,ACAD,ScandinavStud,"with Ellen Key's slightly confessional letter of March 12, 1903, and her emotional suffering "" many years ago;' which the editor says is "" vermutlich """
emotional,agony,1995,NEWS,SanFranChron,"she'd been through. # "" It seemed to me that the physical and emotional suffering you experienced during and after the attack in 1992 had to be needlessly repeated"
emotional,agony,1995,ACAD,EnvirAffairs,"include declines in the quality of life for children and their families, physical and emotional suffering, and family time spent on caring for poisoned children. 26 There also may"
emotional,agony,1993,MAG,America,"man of great sincerity whose honesty in the search for truth brought him mental and emotional suffering, a man who sacrificed position, prestige and influence and was ostracized by"
emotional,agony,1990,ACAD,AnthropolQ,"a dream or an episode in the distant past. We could dimly perceive their emotional suffering, a suffering they associated with the flight. Their compatriots understood the implicit"
emotional,hurt,2016,TV,Rosewood,"! For a guy who did so well with money, he left so much emotional hurt in his wake. Gene, you are making me nervous waving that gun"
emotional,hurt,2015,MAG,Esquire,", there's guaranteed to be Something in Comedy (SIC) to invoke Massive Emotional Hurt (MEH). In fact, the paragraph you've just read has"
emotional,hurt,2012,BLOG,...thyhomeeconomist.com,be in the child's shoes or just throw gasoline on the fire. The emotional hurt could be healed with compassionate communication about what happened from each person's perspective
emotional,hurt,2012,BLOG,...rongwiththeworld.net,", maybe a week or two. Is there some reason that "" only "" emotional hurt doesn't count? Would you send your kid a truly nasty letter in"
emotional,hurt,2012,BLOG,scienceblogs.com,to do so. Does the educational value of Mr. Myers' actions outweigh the emotional hurt inflicted? I don't know. It is fundamental to human nature that
emotional,hurt,2000,NEWS,Chicago,with the title of assistant general manager. # He never really has repaired the emotional hurt of his unceremonious release from the White Sox early in the summer of 1993
emotional,twinge,2012,WEB,fmsfonline.org,"that she might have been sexually abused and is minutely aware of every bodily and emotional twinge. As David Barlow notes, "" self-focused attention greatly increases sensitivity to bodily"
emotional,ache,2011,FIC,Bk:BakersWife,"she hadn't said anything. Meaning to apologize for having heaped some kind of emotional ache on top of the cancer's pain, she returned her sloshing teacup to"
craving,appetite,2010,MAG,Atlantic,"cane as if to satisfy what was later identified in Mr. Creakle as "" a craving appetite. "" The sending of the father to the Marshalsea debtors' prison,"
joyful,lightness,2009,MOV,Land of the Lost,"a celebratory drink in his village. Cheers! Yeah, it brings a joyful lightness to the heart and soul. No, no. No. No, I"
joyful,lightness,2009,MOV,Land of the Lost,"no. No. No, I'm sorry, it's not "" joyful lightness. "" A better translation would be "" howling loneliness. "" And then your"
ecstatic,brilliance,2000,ACAD,Raritan,"attempt to ingratiate themselves with his listeners or reduce the distance between their lonely ecstatic brilliance and the confusions of the everyday world. What they consciously try to present,"
glad,brightness,1990,MOV,An Angel at My Table,"first draft. "" Spring. "" "" Spring in all its lightness. Glad brightness of blue-domed day. "" I had "" blue-roofed, "" but I changed it"
reserve,liquid,2014,MAG,VegTimes,"to scrape any stuck-on bits from bottom of Dutch oven. Stir in tomatoes (reserve liquid for another use), chickpeas, raisins, cumin, coriander, and"
reserve,liquid,2013,MAG,Esquire,Tiny Recipe 4145675 # 4133804 GAZPACHO: Soak 1 lb almonds in water overnight. Reserve liquid. Boil almonds with fresh water and two garlic cloves. # Drain. Puree
reserve,liquid,2013,MAG,VegTimes,"Let stand 15 to 20 minutes, or until cherries have plumped. Strain, reserve liquid, and crush cherries into a paste with fork or mortar and pestle."
reserve,liquid,2010,MAG,CountryLiving,"grill to medium-low and brush grates liberally with oil. Remove peaches from marinade (reserve liquid) and grill, cut-side down, for 12 minutes. Then flip and"
reserve,liquid,2010,MAG,VegTimes,"1. Soak porcini in % cup hot water 30 minutes. Drain, and reserve liquid. Finely chop porcini, and set aside. 2. Bring Mushroom Stock"
reserve,liquid,2009,MAG,GoodHousekeeping,"are tender. Set sieve over large bowl. Into sieve, drain beans; reserve liquid. 3. In same saucepot, heat oil on medium-high. Add 2"
reserve,liquid,2008,NEWS,Denver,"minutes. Remove from heat and cool together, then strain and discard vegetables and reserve liquid. // Short ribs: Pour cold red wine marinade over the short ribs"
reserve,liquid,2007,SPOK,CBS_SatEarly,"this way, just get that going. And all you do is add the reserve liquid and you just got to let that stew. SMITH: Yum. Mr-SCHENK"
reserve,liquid,2007,SPOK,CBS_SatEarly,"the time. So, essentially, all I've done then is with the reserve liquid, I just strain it and put some chopped black olives. OK?"
reserve,liquid,2007,MAG,VegTimes,"garlic in boiling salted water 10 minutes, or until soft. Drain, and reserve liquid. Mash with cup olive oil and 2 cups cooking liquid. Season with"
reserve,liquid,2005,MAG,Sunset,"optional) 1. With a slotted spoon, lift pears from poaching liquid; reserve liquid. Slice pears lengthwise or cut them into about -inch chunks. Photograph Poached"
reserve,liquid,2005,MAG,Sunset,", about 20 minutes. Lift mushrooms out and squeeze their liquid into bowl; reserve liquid. Cut off and discard tough stems from mushrooms; thinly slice caps."
reserve,liquid,2005,MAG,GoodHousekeeping,"While vegetables are cooking, with slotted spoon, remove porcini from soaking liquid; reserve liquid. Rinse porcini to remove any sand; coarsely chop. Strain soaking liquid"
reserve,liquid,2004,MAG,Sunset,"let stand until soft, about 15 minutes. Lift mushrooms from soaking liquid (reserve liquid for another use or discard) and squeeze dry. Cut stems off mushrooms"
reserve,liquid,2004,MAG,VegTimes,"for 30 minutes, uncovered. 2. Remove from heat, strain peanuts and reserve liquid. Set peanuts aside to cool. Serve peanuts with several tablespoons reserved liquid"
reserve,liquid,2000,MAG,Sunset,salmon from poaching liquid and arrange in a single layer on a flat plate. Reserve liquid for other uses or discard. Let salmon cool at least 30 minutes.
reserve,liquid,2000,MAG,Sunset,for peas. Mash with a potato masher or fork. Add drained peas (reserve liquid for other uses). Stir over medium heat until hot. Add salt
reserve,liquid,2000,MAG,Sunset,", until beans are tender to bite, about 20 minutes. Drain beans; reserve liquid. 2. Meanwhile, trim and discard stem end and tough green top"
reserve,liquid,1998,MAG,VegTimes,"into warm pasta. 2 Tbs. pine nuts 1/2 cup cooked chickpeas, drained (reserve liquid) 2 cups lightly packed basil leaves or a mix of basil and parsley"
reserve,water,2014,NEWS,OrangeCR,"medium-size russet or Yukon Gold potato, peeled, boiled until tender, drained (reserve water), coarsely mashed 1 cup cooked garbanzos (aka chickpeas, can use"
reserve,water,2012,WEB,...nvironment.about.com,"too little water to support food crops, through either natural precipitation or irrigation using reserve water supplies. The same problem affects grass and grain used to feed livestock and"
reserve,water,2012,WEB,caf.wvu.edu,Also manage the forage for maximum root development to enable the plants to reach additional reserve water. # 4. Control the growth rate of forages by managing plant energy
reserve,water,2010,NEWS,Atlanta,"water for at least 4 hours. When ready to use, drain off and reserve water for this recipe or for use in a soup or salad dressing. #"
reserve,water,2008,MAG,Cosmopolitan,"through, about 15 minutes. Meanwhile, cook pasta according to package directions; reserve water. Remove roasting pan from oven. Add 2 of reserved water to vegetables"
reserve,water,2008,ACAD,IntlAffairs,"constitute this two-part reserve has priority over irrigation and other licensed uses, and only reserve water is guaranteed as a right. What the South African law says, in"
reserve,water,2001,MAG,VegTimes,"salt and spinach. Cook I minute. Using slotted spoon, remove spinach (reserve water for pasta) and transfer to bowl of cold water. Drain and squeeze"
reserve,water,1995,NEWS,Atlanta,bring to a boil. Simmer gently for 12 minutes. Remove from heat; reserve water. Place eggs in cold water until they can be easily handled. With
reserve,water,1994,TV,Earth 2,"Do not-Danziger. Yeah. We have an emergency. Overnight, Grendlers stole our reserve water, apparently for the containers. They just dumped the water everywhere. Yeah"
reserve,water,1993,MAG,TodaysParent,"of the penguin - like puffin. In mid - June, whales enter the reserve waters, coming so close to the boat you can almost touch them. And"
emotional,sweep,2019,NEWS,Chicago Sun-Times,"after the Cubs' monthlong climb from last place to first, culminating in an emotional sweep of the rival Cardinals that moved them into the National League Central lead?"
calm,stillness,2001,FIC,Mov:GhostWorld,- EVENING She continues walking as the sun has set and there is a calm stillness to the city. She turns a corner and is startled by her reflection in
peaceful,stillness,2012,WEB,fanfiction.net,"at this point that Sanji realized Luffy was too quiet, and suddenly the peaceful stillness seemed ominous instead. He set the corn in a bowl and slowly turned around"
serene,stillness,2005,FIC,Bk:Defender,"Berwick. Unprepossessing as it had been, it had managed a lovely, serene stillness, a calming view of the water, and comfortable enough accommodations to meet the"
soothing,stillness,1995,FIC,SatEvenPost,"for Pete to stop thumping around, and then there was a moment of soothing stillness, broken only by the soft clatter of a donkey's feet on the cobblestones"
emotional,thing,2019,SPOK,NBC_Today,"of North Carolina -- MICHAEL-JORDAN) : As you can see, it's a very emotional thing for me. CRAIG-MELVIN) : -- something near and dear to his heart. MICHAEL-JORDAN)"
emotional,thing,2019,SPOK,CBS_Morning,your finger and -- how does this happen? MARIE-OSMOND) : Maybe it's an emotional thing that she is not really that happy to be married. TONY-DOKOUPIL) : Ooh
emotional,thing,2019,SPOK,NBC_Today,s close to home. MICHAEL-JORDAN) : As you can see it's a very emotional thing to me. CRAIG-MELVIN) : The Novant Health Michael Jordan Family Medical Clinic in Charlotte
emotional,thing,2019,SPOK,NBC_Today,"he cried at all after popping the question. JIMMY-FALLON)  (The-Tonight-Show-Sta: That's an emotional thing. COLIN-JOST)  (The-Tonight-Show-Sta: Oh, sure. JIMMY-FALLON) : I feel like guys"
emotional,thing,2019,MAG,Hollywood Reporter,"from the people who were working on the movie. Honestly, it was an emotional thing, "" said Abrams. # Kennedy noted that Abrams was a little starstruck"
emotional,thing,2018,SPOK,NPR_FreshAir,"incredible on the phone. I mean, it was obvious that it was an emotional thing for her. But even the FBI said, somehow, she could turn"
emotional,thing,2018,SPOK,CBS_Morning,"bring the promise of a return from extinction. BARBARA-DURRANT) : It's a very emotional thing for us to see a species become extinct before our very eyes, but"
emotional,thing,2018,NEWS,Detroit Free Press,"the violence in society. # "" The' terrorism' buzzword is a very emotional thing, "" Haddad said. "" Since 9/11, it's changed all our"
emotional,thing,2018,MOV,Threesomething,"okay. It's okay. This is, like, a real overwhelming, emotional thing for me. It didn't hurt. I'm sorry. I just"
emotional,thing,2017,SPOK,NPR_FreshAir,"how much time they spend texting one another, often about some pretty serious and emotional things. What are the effects of communicating that way? ADAM-ALTER# Yeah, well"
emotional,thing,2017,SPOK,NBC: Today Show,-- such a juggernaut. KENAN-THOMPSON- (09# 31:08): It was one of the emotional things I've ever seen. It was the most emotional thing I've ever
emotional,thing,2017,SPOK,NBC: Today Show,"was one of the emotional things I've ever seen. It was the most emotional thing I've ever seen there. Like, when Obama went in, we"
emotional,thing,2016,SPOK,NPR: Hidden Brain,- I wanted to sing to her for some reason because it was such an emotional thing. And I was going into like... (Playing piano). And
emotional,thing,2016,FIC,Southwest Review,"I wasn't entirely sure why. I became accustomed to these unexplainable moments, emotional things. It was just a part of living in the world, I told"
emotional,thing,2016,MOV,Magicians: Life in the Impossible,"and memorable, But it's also scary to me. True, hard-hitting, emotional things, Something that magic can really do, Something that magic can really bring"
emotional,thing,2015,SPOK,NPR_FreshAir,"you know, miss something had instilled in her, so it was a very emotional thing, right?. MARC-MARON# Wasn't just about being late. BARACK-OBAMA# Right"
emotional,thing,2015,NEWS,CSMonitor,"7240 To open the final Terry Pratchett novel is an emotional thing. To close it is even harder. Many wonderful writers, from Neil"
emotional,thing,2014,SPOK,ABC: 20/20,"according to his acts, he was already planning heinous things in response to this emotional thing in his head that none of us could really see. BARBARA WALTERS ("
emotional,thing,2014,SPOK,CBS: 48 Hours,tough man. But do you blame yourself? Because I noticed this is an emotional thing for you. DAVID-WILBURN# I do. RICHARD-SCHLESINGE# Because? DAVID-WILBURN# Two reasons:
emotional,thing,2014,SPOK,CBS: This Morning,"you. WOMAN-#2 (The And, The Skin Deep) # Is it an emotional thing, is it just a physical? I know. I know all the"
emotional,thing,2014,SPOK,Fox: Live Event,"forward with optimism, we want to do it our way. It is an emotional thing. I don't know that there is any hatred for the British."
emotional,thing,2013,FIC,ChicagoRev,"still more than not having heart. Read how this says it's a non-emotional emotional thing, a head thing. This can happen when you say I love you"
emotional,thing,2013,NEWS,Atlanta,"to the public than trains, "" Pflaum said. "" Gating crossings is an emotional thing. But when you get to the cold, hard statistics, it is"
emotional,thing,2013,MOV,Finding Vivian Maier,", like, the way she did. I remember some of the more strong emotional things, I'm afraid. It takes... It's harder to remember some"
emotional,thing,2013,MOV,Finding Vivian Maier,"which is something we never used to do, just because it was a huge emotional thing, not to have her... See, I'm still weeping about it"
emotional,thing,2012,NEWS,USAToday,"and the Salt Lake County Sheriff's Department. # "" It was a very emotional thing for us to do, "" Seghini said. "" In the end,"
emotional,thing,2012,NEWS,USAToday,"I really wanted to bring (Pepe) back to life. It was an emotional thing through these movies, "" says Burton. "" That's what those movies"
emotional,thing,2012,MOV,Woody Allen: A Documentary,""" AND, YET, THEY HAD TO, IN THE MIDST OF THIS TERRIBLE EMOTIONAL THING FOR BOTH OF THEM, BEHAVE IN A PROFESSIONAL MANNER TO FINISH THE WORK"
emotional,thing,2012,WEB,drphil.com,"dealing with the death of a spouse, child or parent, the fourth most emotional thing we do is look for a job. People need to deal with the"
emotional,thing,2012,WEB,copyblogger.com,. # Thank you James for sharing your story. I was having some weird emotional thing reading it and realized it was because it was leading me to question if
emotional,thing,2012,WEB,abcnews.go.com,to let us build a soundscape along with the visual. Sound as such. Emotional thing. Have a lot of latitude as far as how -- -- -- the
emotional,thing,2012,WEB,...or.blogs.nytimes.com,"... # After all, a writer's relationship to her thesaurus is a very emotional thing. And, in my case, a lasting one: my thesaurus and"
emotional,thing,2012,WEB,wbur.org,"anything wrong because that's how it is with turkey. Turkey is a very emotional thing and you only do it one day a year, typically, or a"
emotional,thing,2012,WEB,freep.com,she said.? It? s murder. A murder trial is a very emotional thing. I feel as though I am hyperventilating.? Bowman dismissed her. #
emotional,thing,2012,WEB,thenextweb.com,", as close as we did, because of that. That's a very emotional thing to say. It's not technical. "" # The thing that I"
emotional,thing,2012,WEB,msnbc.msn.com,"had killed his Peggy. # Rich: For me, that was a tough emotional thing to get by and in thinking that "" Gosh, these kids love their"
emotional,thing,2012,WEB,espn.go.com,"time all week, and then there's an outcome, and that's an emotional thing whether you win or lose. # "" All the rookies and stuff are"
emotional,thing,2012,WEB,rolltide.com,"more missed tackles than we would like. There are physical things and there are emotional things. You can make excuses and say,' well the team was emotionally"
emotional,thing,2012,WEB,fullcount.weei.com,"On the ovations he received at Fenway Park on Sunday: "" Probably the most emotional thing I've ever gone through on a baseball field. It was definitely very"
emotional,thing,2012,WEB,carrielkoch.com,"many personal things on here anymore. Looking back, I posted a lot of emotional things when I was angry or sad or frustrated. # Lately I've tried"
emotional,thing,2012,WEB,goodreads.com,"we all live life at too high a pitch, those of us who absorb emotional things all day, and as a consequence we can never feel merely content:"
emotional,thing,2012,BLOG,...siness2community.com,"come to par with their emotional state, I look for continuance in the two emotional things that I can still connect to -- photography and writing. "" # He"
emotional,thing,2012,BLOG,...dreport.blogspot.com,"to mirror you by saying that your apologetic habit of left-right equivalence looks like an emotional thing, just as the (thoughtful?) response "" go read somewhere else"
emotional,thing,2012,BLOG,usnews.nbcnews.com,needs to get back in there and not resign. Its a very humiliating and emotional thing to think your all that and then have this happen to you leaving you
emotional,thing,2012,BLOG,...umgeek.wordpress.com,"into "" engage mode "" is a deeper, more complicated, more intellectual and emotional thing than the basic idea to make sure your security officers are polite. #"
emotional,thing,2012,BLOG,tucsonweekly.com,"who actually likes their father enjoys hearing him called a liar. It's an emotional thing. It happens. You don't talk about it on the radio,"
emotional,thing,2012,BLOG,...eulstermanreport.com,with such passion. Maybe even get to some less radical liberals -- they like emotional things like that. I pray for MORE parents to come out and speak with
emotional,thing,2012,BLOG,...tacrock.blogspot.com,speaking of God's love. The atheists tended to speak as though becuase this emotional thing is brain chemistry the other doesn't even exist. Consider Paul's words
emotional,thing,2012,BLOG,psychforums.com,"or something, but I remember it being more of a sexual thing than an emotional thing I think. Maybe it was an emotional thing. I definitely wish that"
emotional,thing,2012,BLOG,psychforums.com,of a sexual thing than an emotional thing I think. Maybe it was an emotional thing. I definitely wish that I could wear it now. I remember seeing
emotional,thing,2012,BLOG,danville.patch.com,"than a woman tonight. Sure he came across excited but all he said were emotional things. Nothing concrete or sound policy wise. Ryan was calm, cool and"
emotional,thing,2012,BLOG,...orchick.blogspot.com,"the radio show, I still get tears in my eyes. It is an emotional thing. # My hubby and I would like to pay it forward too."
emotional,thing,2012,BLOG,wrongplanet.net,"for some physical intimacy lately, but that is more a physical urge than an emotional thing). If she doesn't write me as she said she would to"
emotional,thing,2012,BLOG,hotair.com,""" problem "" for the liberals. They will whine and they will start doing emotional things, so Boehner's warning, is not to get entrapped in any bait"
emotional,thing,2012,BLOG,...atriciamcconnell.com,"find a safe, secure spot to chain the dogs. Maybe it's an emotional thing but I feel like I understand if they don't want to be caged"
emotional,thing,2012,BLOG,switchboard.nrdc.org,"access and egress). But it is necessarily a very, very hard and emotional thing to move established neighborhoods and people. # Fortunately, some of the things"
emotional,thing,2012,BLOG,amyoscar.com,started for me after that. CIP was a continuation of it -- all the emotional things that we experienced and that were brought out. # Everything will come together
emotional,thing,2012,BLOG,blogs.mcall.com,""" A Better Place. "" That came out in August -- and such an emotional thing to watch. And I suppose that's the intent of it. What"
emotional,thing,2011,SPOK,NPR_TalkNat,"own. GOLDMAN: They really do. And, of course, there's the emotional thing behind the Japanese team, actually, after they beat two-time defending champion,"
emotional,thing,2011,SPOK,NPR_TalkNat,"don't want to give it all away here, but it was quite an emotional thing that happened with him, and that's just another one of those Zelig-like"
emotional,thing,2011,MAG,Esquire,"in 1975, it just hit me: time to go. It was an emotional thing. I can't explain it. I went to the dressing room,"
emotional,thing,2011,MAG,NatlParks,"used that day, bits of his hair... that's a very moving, emotional thing. I've worked on White House furniture, Robert E. Lee's field"
emotional,thing,2011,NEWS,Atlanta,"almost anything to hold onto those feelings. # "" Restoration and repair is an emotional thing, as opposed to a value thing, "" said Blase, explaining about"
emotional,thing,2011,MOV,...ael Jackson: The Life of an Icon,"GAMBLE: That transition was a trying time, because they had a lot of emotional things going on with them because this was the first time that Jermaine was not"
emotional,thing,2010,SPOK,NPR_TalkNation,"same page. Ms-SKLOOT: Yeah. And it is - it's a very emotional thing. I mean, people - and this is something that scientists often are"
emotional,thing,2010,NEWS,NYTimes,"another tree,' said Mrs. Frohling, 72. "" But it's the emotional thing of his father having planted the tree. When I first heard that chain"
emotional,thing,2010,MOV,Louis C.K.: Hilarious,"is, we just-We just need it. Women, it's like a fucking emotional thing, Where they need-We need to come just' cause we need to,"
emotional,thing,2010,TV,America: The Story of Us,"for the people, shall not perish from this earth. "" It's an emotional thing to think about people sacrificing, Giving their lives for an ideal, And"
emotional,thing,2009,SPOK,NBC_Dateline,".  (Court-in-session; - Unidentified Juror 2: That was a tough emotional thing to get by. Actually, these kids love their dad so much,"
emotional,thing,2009,SPOK,NBC_Dateline,".  (Photo-of-Labowsky- Juror 2: For me, that was a tough emotional thing to get by in thinking that, gosh, these kids love their dad"
emotional,thing,2009,SPOK,CBS_SunMorn,"in ways thats you know hard to put into words, but its a very emotional thing for me to bring him here. RICHARD-SCHLESINGE: What are you feeling?"
emotional,thing,2009,MAG,RollingStone,"up your throat. But over the course of this tour, a lot of emotional things have happened. Obama was elected right before we went onstage in San Diego"
emotional,thing,2009,NEWS,Denver,"my opinion black sends a completely different message than powder blue. It was an emotional thing. Over the years, we took pride in wearing black, and there"
emotional,thing,2008,SPOK,ABC_Nightline,burden. What would you say to people is the most - among the most emotional things you've seen over there? What strikes you as a man about the
emotional,thing,2008,SPOK,NPR_TalkNation,"include? Ms-RIPLEY: So you have to think not only about practical things and emotional things, but also about say, communication and distraction. I think those are"
emotional,thing,2008,SPOK,NPR_TalkNation,"that the federal government creates. And it's also overlooks a lot of the emotional things that people need if you want your kids somewhere else, if you have"
emotional,thing,2008,NEWS,Houston,"for Obama unabashedly because of his race. # "" It's more of an emotional thing. I call it a celebration because this hasn't happened before in our"
emotional,thing,2008,NEWS,CSMonitor,", you have to participate in the solution, "" says Chase. "" When emotional things are happening at home, they can distract you significantly from your work on"
emotional,thing,2007,SPOK,ABC_GMA,". DEBORAH-ROBERTS-1# (Off-camera) Oh. SAM-CHAMPION-1ABC# (Off-camera) Of course you do. It's an emotional thing, of course you will. CHRIS-CUOMO-1ABC-# (Off-camera) We'll be right back."
emotional,thing,2007,MAG,Entertainment,"and to be finally standing on stage to accept the award... it's an emotional thing. "" Grey's Anatomy's Katherine Heigl (best supporting actress in a"
emotional,thing,2007,NEWS,Chicago,"surprises make a marriage strong. "" # "" Most people do live for the emotional things. These gifts of time, love, energy and of yourself are the"
emotional,thing,2007,NEWS,Denver,"life. When that was taken away from her, it was a philosophical and emotional thing that she never could have let go of. # "" And she did"
emotional,thing,2007,NEWS,Houston,". "" # "" It's not just a physical thing, it's an emotional thing, "" Couch said. "" When you feel better physically, you're"
emotional,thing,2007,MOV,Louis C.K.: Shameless,"IS, WE JUST-WE JUST NEED IT. WOMEN, IT'S LIKE A FUCKING EMOTIONAL THING, WHERE THEY NEED-WE NEED TO COME JUST' CAUSE WE NEED TO,"
emotional,thing,2006,TV,Huff,"be a pervert, man. It's not just sex. It's an emotional thing. Yo, save it for your diary. You have my diary?"
emotional,thing,2006,TV,Metalocalypse,that now. Now that he's dead... it's much easier to say emotional things about him. Yes. Maybe this is weird to say but am I
emotional,thing,2005,SPOK,CBS_SixtyII,"told us for the first time how he really felt. It mustve been an emotional thing for you to sue Marvel, the company that has been your life."
emotional,thing,2005,SPOK,NPR_TalkNation,", thinks like that. And, of course, whether the hurricane was the emotional thing that brought that on or not is going to have to be determined later"
emotional,thing,2005,ACAD,MechanicalEng,"them,' You're going to be moving,' that's a huge emotional thing for them. # "" Change can be exciting or terrifying to people,"
emotional,thing,2005,TV,The War at Home,"made this good case? Yeah. A little. But it's a very emotional thing. See, you wouldn't understand because you have big ones. She"
emotional,thing,2004,SPOK,NBC_Today,re going to be in the drudgery. So don't let it be an emotional thing. It's got to be a lifestyle thing. It's got to
emotional,thing,2004,SPOK,NPR_Daybreak,"see these cross visually on our field, and it's just been a very emotional thing for the kids. Many of them have family members over in Iraq and"
emotional,thing,2004,SPOK,CNN_Crossfire,"of 9/11 for political game, in the way that I said, for an emotional thing. And I think the president would have more sympathy, frankly, from"
emotional,thing,2004,TV,One Tree Hill,"worlds. Who? Lucas? He uses you for some sort of intellectual slash emotional thing, and me he just uses. Come on, you know he's"
emotional,thing,2004,TV,Survivor,on with Mogo Mogo? We got a couple of issues. A couple of emotional things going on. What's going on? (sniffles): Okay.
emotional,thing,2003,SPOK,Fox_Cavuto,". You know, its a very emotional credit. A child credits the most emotional thing you can think of. You get that in the mail. You feel"
emotional,thing,2000,MOV,Happy Accidents,"- So, time is a personal thing. - Sure. Time is an emotional thing. That's what you're saying. It's true. Don't"
emotional,thing,1998,TV,Just Shoot Me!,"ve got going. I came from a nice WASPy family, where the only emotional thing Dad said at dinner was "" Pass the salt. "" Except when Backdraft"
emotional,thing,1995,TV,Friends,on. What did he say? He understands how sex can be a very emotional thing for a woman. And he was just afraid that I was going to
emotional,thing,1991,MOV,Ricochet,"last night. He's got to enrage Spock to snap him out of this emotional thing, so he says, "" You're a freak, Spock, a"
emotional,thing,2003,SPOK,NPR_Daybreak,-- in your interview -- because they don't know why. It's an emotional thing. MONROE: She's not kidding. Every person I approached -- and
emotional,thing,2003,SPOK,NPR_ATCW,"staggeringly, not always successfully, to connect the littlest and warmest and even the emotional things with the largest of worlds. INSKEEP: Joseph McElroy's novel "" Actress"
emotional,thing,2003,SPOK,CNN_LiveFrom,"the familiar faces coming down the brow (ph) here and it is an emotional thing for everybody on a lot of levels, but you're right, on"
emotional,thing,2003,SPOK,CNN_LiveFrom,"it, that you can't put it into words, it must be an emotional thing for both of you. What was it like to present this beautiful daughter"
emotional,thing,2003,SPOK,CNN_LiveSun,"know one of the officials here at Fort Bliss said that that was the most emotional thing that they'd ever seen happen here on this base but, of course"
emotional,thing,2002,SPOK,CNN_LiveSun,"said yes, I believe we have John, Jr. It was a very emotional thing to see, a father, a courageous father come down and carry his"
emotional,thing,2001,SPOK,CNN_Event,"at NAS Whidbey Island. And while he may understand her mission, still an emotional thing for him, I suspect ROSE Absolutely BUCKLEY Tough for us to even watch"
emotional,thing,2001,NEWS,USAToday,"too. Fantastic careers and financial success. But we often can't nail the emotional thing. And, in our 30s, we have a certain deadline and have"
emotional,thing,2000,SPOK,NPR_TalkNation,"review that comes in The New York Times. I -- you know, the emotional thing. I just bought a Sony superslim Pro 3.75 pound laptop computer totally over"
emotional,thing,1999,SPOK,CBS_48Hours,. I had tears in my eyes in trying to describe the race. Very emotional thing for me. (Footage-of-ocean) SIMON: (Voiceover) There were no tears on the raft.
emotional,thing,1999,SPOK,NPR_Weekend,"affect people? Mr-HOWARD: They really do, and it's the kind of emotional thing that really gets people very concerned. But recall in the Republican bill,"
emotional,thing,1998,SPOK,NBC_Today,man. It's not so much a partisan thing. It's almost an emotional thing. But I have been absolutely up front about it. And when I
emotional,thing,1998,FIC,HarpersMag,in myself is the part some people call' nature.' It's an emotional thing that's grown into me through the things I have eaten and the space
emotional,thing,1997,SPOK,NPR_Science,"don't know FLATOW That's what Guy was saying before. It is an emotional thing, you see. This is the whole point. It is an emotional"
emotional,thing,1997,SPOK,NPR_Science,", they'd throw it out RASKIN But Guy was saying the Macintosh was an emotional thing. And I think computing is an emotional thing. I think it provides"
emotional,thing,1997,SPOK,NPR_Science,"was saying the Macintosh was an emotional thing. And I think computing is an emotional thing. I think it provides a compelling experience. And I actually, I"
emotional,thing,1997,SPOK,ABC_GMA,"I think that there's really two parts. One of them is the whole emotional thing that Leslie talked about, and that's something that, whenever I sat"
emotional,thing,1997,SPOK,ABC_Primetime,. And me and my wife are just -- we're going through so many emotional things. Sort of like part of our heart's ripped out. JAY SCHADLER
emotional,thing,1997,SPOK,ABC_Nightline,". I forgive you. "" It was, to me it was the most emotional thing that had ever happened to me. It was, it was, it"
emotional,thing,1997,MAG,ArtAmerica,". What does the body signify for you? CS: Perhaps it's an emotional thing. When you see some faces and figures, you can infer narratives that"
emotional,thing,1996,SPOK,ABC_GMA,"deal with- JOAN LUNDEN: Yes. Sgt. JOHN CUMMINGS: -and it's an emotional thing for all of us, but it's something we have to, you"
emotional,thing,1996,SPOK,CNN_King,"field, and really blew me away. Now that is certainly not the most emotional thing that has ever happened. In fact, speaking of Saudi Arabia, I"
emotional,thing,1996,SPOK,CNN_King,"I was in Washington. I mean, first of all, the- the most emotional thing about it was that the man who had a very low IQ, and"
emotional,thing,1996,SPOK,CNN_TalkBack,"their intrinsic value, but for the, you know, the historical, the emotional thing that this brought to you. BILL HEMMER: Joan, correct me here"
emotional,thing,1996,SPOK,PBS_Newshour,"need action now, and it can't be this hit and miss sort of emotional thing they do. It's got to be carefully, thoughtfully, and rationally"
emotional,thing,1995,SPOK,ABC_Primetime,": No. I hate to disappoint Mrs. Wojis, but it was a purely emotional thing for me and I wish it never happened. I wish I could blame"
emotional,thing,1995,SPOK,ABC_Brinkley,"never saw him throw or sweep papers off the desk. I think the most emotional thing I ever saw him do was to shove Ron Ziegler, when we were"
emotional,thing,1995,SPOK,ABC_Nightline,"evening of my marriage, and I believe that most people, along with the emotional things that go with it, that I think abstinence is the best way to"
emotional,thing,1995,FIC,FantasySciFi,". Her eyes, he'd said, were normal. It was probably an emotional thing, a physical symptom of her dislike of numbers. Most girls, he"
emotional,thing,1995,MAG,HarpersMag,"tired enough after almost no sleep for three days, and just because of the emotional thing of it he's gone through, to sleep straight for a day without"
emotional,thing,1994,SPOK,CBS_EyeToEye,"about this, we'd stayed in the car, and it was a very emotional thing. She reached over, she put her hand on my shoulder and she"
emotional,thing,1994,SPOK,Ind_Geraldo,think it's a problem with commitment. It's -- it's really an emotional thing. Unidentified Man 4: My question is do any of you have religion
emotional,thing,1994,MAG,Newsweek,"AIDS educator and. whose father is a minister. "" Try to imagine his emotional thing. Seeing him go through so much pain. I realized I don't"
emotional,thing,1993,SPOK,CBS_Sixty,". Agent ROBERTS: Yes, it's very painful. It's a very emotional thing that goes right to your very core. WALLACE: What you're suggesting"
emotional,thing,1993,SPOK,CBS_EyeToEye,"area...  (Footage-of-volunte Unidentified Woman 2: It's just a very emotional thing that's happened here. I mean, God knows I wouldn't want"
emotional,thing,1993,SPOK,Ind_Geraldo,"react -- you know, he left his best friend, so there was some emotional things that I was dealing with, plus the fact that my character had to"
emotional,thing,1993,SPOK,PBS_Newshour,"this is not a political issue in the classic sense, there are so many emotional things at work here, and that it's going to come down to a"
emotional,thing,1993,SPOK,CNN_Sonya,"is what I'm paying attention to with Gilda's Club, I think those emotional things come in on the spot right away and need to be dealt with during"
emotional,thing,1993,NEWS,Atlanta,"feel they can't express their gratitude enough. # "" It's such an emotional thing on the part of both families, "" Bill Tippins said. "" After"
emotional,thing,1992,SPOK,ABC_Special,"thing about the campaign is perhaps not its enthusiasm now, but the emotional - emotional things that are going on. When Clinton came back today from his trip,"
emotional,thing,1992,MAG,People,", Skip Kenney of the Stanford University swimming team. "" It was the most emotional thing I'd ever seen. "" There seems to be a lot of reasons"
emotional,thing,1991,SPOK,ABC_Jennings,", but I also feel a sense of great sorrow. It's a very emotional thing. KEN KASHIWAHARA: SERVICE For some the reality of war was a time"
emotional,thing,1990,SPOK,CNN_King,"tapes? Ms. SAMUELS: They're really quite sad. It's a highly emotional thing to see the mayor, the person that I worked for, smoking crack"
emotional,thing,1990,SPOK,ABC_Nightline,"reminiscence that you recorded for us. What was, for you, the most emotional thing about going back? Mr. CODRESCU: It was hearing the language that I"
emotional,thing,1990,NEWS,WashPost,"choices are limited, and they will not like it. "" It's an emotional thing. "" # Generally, the more you pay for a cruise the classier"
emotional,thing,1990,NEWS,AssocPress,hugged his boy at home plate. That was beautiful. That's a big emotional thing right there. It meant so much to those two and that family.
feeling,thing,2014,FIC,Ploughshares,"on some fucking balls. All things considered, it probably was not the most feeling thing to say, or helpful, but there you had it. She kept"
emotional,object,2005,ACAD,October,"a context that is almost nineteenth century. There is the specific, unique, emotional object produced by a prophet, produced by the only person who can make this"
related,thing,2017,SPOK,Fox: Media Buzz,"not -- why he was not capable of that. So, in other sports related thing, big football fan. Here is another tweet from the president. Remember"
related,thing,2012,ACAD,AmerIndianQ,"their most important root crops. Disturbance of the soil from managed firing did two related things: it facilitated plant growth, and it encouraged the reseeding of the disturbed"
related,thing,2012,MOV,Radio Rebel,"mystery mysterious. - The truth is Tara doesn't have time to do friend related things. - Audrey. Audrey. Audrey! - What? Uh, you"
related,thing,2012,WEB,ign.com,"MyIGNers? As a dedicated gamer, I sink my money into a lot gaming related things, particularly things for my consoles. I own nearly every console from the"
related,thing,2012,WEB,keithferrazzi.com,this Fall when I speak at the entrepreneurship education conference in Atlanta. One interesting related thing I'm noticing this month is many people in some (not all)
related,thing,2012,WEB,...eburningplatform.com,"laws, You can still sue in small claims court for a great deal of related things. The cost is low and even free for low income people. Every"
related,thing,2012,WEB,interpretings.net,usually total chaos. Visit my website http: //tanken.se/  About Tulkur  Interpreting related things I think you should do this week # The Interpreter Diaries has a very
related,thing,2012,WEB,interpretings.net,"could research help you? "" Answer here.  3 thoughts on "" Interpreting related things I think you should do this week "" # Thanks for the summary Elisabet"
related,thing,2012,WEB,chowhound.chow.com,"min) so that it returns to room temp. # These are all taste related things. I have never worried about the safety side of this, if it"
related,thing,2012,WEB,...hmarks.wordpress.com,"new technologies is inertia. By "" inertia "", I mean a couple of related things. # First, most Web 2.0 sites aren't useful until they've"
related,thing,2012,WEB,tor.com,"this -- not very often, but it has happened. Or there is the related thing where you're reading book A which is something merely okay and book B"
related,thing,2012,WEB,biology-direct.com,"just the same thing. I am aware about extensive discussion of species concept and related things (what is individual, what is organism and superorganism, what is Darwinian"
related,thing,2012,WEB,...nswers.grammarly.com,"I went out of my way and informed you about some gym issues and work related things. Members' concerns are of top priority to me, and I would"
related,thing,2012,WEB,partsofthebody.net,"200 different known cancers that afflict humans. In this article we will discuss cancer related things in general, such as symptoms, caution measures and characteristics of cancer."
related,thing,2012,WEB,...andtyrion.tumblr.com,. 99% of the time I post and reblog A Song of Ice and Fire related things. I like discussions and I am interested in other people's thoughts.
related,thing,2012,WEB,yelp.com,"That is the reception desk. They have art, accessories, and other beauty related things for sale along the sides. The place is divided into two sections,"
related,thing,2012,WEB,starwars.wikia.com,"where friends of Lucas could hang out and work on movies, mostly Star Wars related things. It would be used greater during the making of the prequel trilogy."
related,thing,2012,WEB,tv.com,"# I love these kinds of episodes of Adventure Time, when they do mythology related things, or high concept stuff, (Five Short Graybles, anyone?)"
related,thing,2012,WEB,lopezfisheries.com,"do. # Anyway, despite how much I would love to talk about fishing related things, I still am a student and need to get cracking on some work"
related,thing,2012,WEB,stackoverflow.com,679440  Seeing a lot of suicide related things on my dash today. # I am insensitive. # I am hopelessly
related,thing,2012,WEB,userpages.umbc.edu,"are about what. Again with the numbers, computers on the Internet group all related things by giving them the same port number. For example, web pages tend"
related,thing,2012,WEB,...ionary.reference.com,of an official: the office family. # 9. # a group of related things or people: the family of romantic poets; the halogen family of elements
related,thing,2012,WEB,...abroad.wordpress.com,""" La Bodeguita de Enmedio "" in a counry that happens to love all cuban related things. # What's Apple going to do about this? They'll probably"
related,thing,2012,WEB,blog.last.fm,"we noticed that in practice most people use tags that describe genre, or closely related things such as the era or nationality of an artist. On the other hand"
related,thing,2012,WEB,...hetruthaboutcars.com,". So if you're spending 81% of your budget on rent and just car related things, you are either not buying a new car from' work' or"
related,thing,2012,WEB,zeldman.com,"on the ol' blog, adaptive and responsive designs are two discrete but tightly related things. In my mind, there's a clear line between adaptive designs that"
related,thing,2012,WEB,...hefreedictionary.com,"# n pl -ries # 1. a group or connected succession of similar or related things, usually arranged in order # 2. (Communication Arts / Broadcasting)"
related,thing,2012,WEB,java.dzone.com,layer and don't spend 80 percent of your project budget on doing stupid crud related things. In my book that means json in a text column plus a hand
related,thing,2012,WEB,betterexplained.com,great dude awesome n i wish if ther was a site where almost all mathematical related things are ttught... if u kno of auch a site plz 4ward it to
related,thing,2012,WEB,...f-being.blogspot.com,"shall deem it, I am going to try to familiarize myself with web design related things. I suspect that going into the job field with an English degree will"
related,thing,2012,WEB,thehairpin.com,"or can't waste their time complaining about, but given all the potentially race related things one could make points on, this seems pretty damn minor. # Skanky"
related,thing,2012,WEB,...er32768.blogspot.com,"the fridge (actuators, robotic arms, motor control, and all sorts of related things are needed here), recognize a beer (vision systems and pattern recognition"
related,thing,2012,WEB,fourhourworkweek.com,"time, but it does mean that there are times when some chatter about non-work related things can lead to higher productivity down the road. Ignoring this is frightfully North"
related,thing,2012,BLOG,sarahbessey.com,"# To the second, I'm afraid my answer is a group of closely related things, none nice. Ambition. Greed. Desire for power. Knocking the"
related,thing,2012,BLOG,zeroanthropology.net,3282477  Blogging on math education and other related things  What do you know about Triangles? (Prezi multiple choice) October
related,thing,2012,BLOG,slumz.boxden.com,s why it is here. We use it for Hip Hop and hip hop related things. It makes perfect sense. I've never even seen you post here
related,thing,2012,BLOG,zeldainformer.com,"I wont be downloading full retail games. Just demos, DLC, and e-shop related things. All stuff that fits perfectly fine on 25 of space (remember,"
related,thing,2012,BLOG,askamanager.org,"unions. # Actually, I believe employers can restrict employees from talking about non-work related things like football and weddings during working hours without a "" business/safety reason. """
related,thing,2012,BLOG,jeremyjohnstone.com,"on a lot of different things at Yahoo!, ranging from DHS/FEMA in disaster related things, to handling our Apple EPP relationship for North America, to the League"
related,thing,2012,BLOG,bloesem.blogs.com,"on Bloesem while Irene is going through a very sad time. Writing about interior related things might seem unimportant at times like this. But I know that Irene,"
related,thing,2012,BLOG,balloon-juice.com,on the job while thinking about errands after work and several other job or non-job related things at the same time. # Yea and I get called when a badly
related,thing,2012,BLOG,blogs.reuters.com,"manage to unite on a package of electoral reform, and just a few other related things, there might be hope. Everything else can, and must, wait"
related,thing,2012,BLOG,wattsupwiththat.com,Dr. Svalgaard talk of different' colours' of neutrinos? Is this an energy related thing? # Then there's the other shower of itty bits you get when
related,thing,2012,BLOG,freshpatents.com,"result of computer-generated cohort analysis and/or inference analysis, based on values of similar or related things. For example, the monetary value of a cohort comprising patients with a"
related,thing,2012,BLOG,winsupersite.com,"In my Windows 8 Release Preview briefings over the past week, Microsoft mentioned two related things, separately, that I found very interesting: First, the Add Features"
related,thing,2012,BLOG,...square.blogs.cnn.com,"having paid much attention to foreign affairs, then you likely are unaware of many related things. # People want us to hit Syria, because Syria and Iran are"
related,thing,2012,BLOG,cinematicparadox.com,"from ESTONIA! Little under 1,3 million people in the whole country, no movie related things happen here (except Black Nights but it's not as huge).."
related,thing,2012,BLOG,...uessingalltheway.com,I do when I get up is get my coffee and start reading some blog related things:) I
related,thing,2012,BLOG,jezebel.com,than the weight itself -- it seems we had to find some other college weight related thing to freak about. Enter: The Four Year 6.7. See what you
related,thing,2012,BLOG,...ay.blogs.nytimes.com,"s husband spelled his name with two a's. # For 5d, "" Related thing "" equals TALE? Can someone explain that? # It felt good to"
related,thing,2012,BLOG,blogs.suntimes.com,", it's not because of the hair. # I'm intrigued by two related things: the missing room 113 and the disappearance of Chigurh from behind the door"
related,thing,2012,BLOG,truthdig.com,"rightists can feel comfortable criticizing Affirmative Action as "" racist "". # Another, related thing I dislike is the apparent belief of many people that they need do nothing"
related,thing,2012,BLOG,thehairpin.com,"(and Hairpin dudes too), I am so sorry for any terrible health related thing that you have to go through, be it alone or with other people"
related,thing,2012,BLOG,coldplaying.com,"and why, you can join different lyrics, you can write about important coldplay related things (live 2012, mylo xylotour, comics, etc...). Then"
related,thing,2012,BLOG,joelrunyon.com,has the research and detailed analysis of the Paleo diet as well as other health related things. And yours has the no BS get up and move perspective I need
related,thing,2012,BLOG,prettythingsblog.com,"amazing people and their boy is now cancer free, praise God! The bead related things and your writing give so many people joy that I beleive it also serves"
related,thing,2012,BLOG,thejennabee.com,"was going on. I messaged two friends who are very good at tracking internet related things, and they both came back with information that pointed very heavily in her"
related,thing,2012,BLOG,freethoughtblogs.com,". I'd say my baseline is about 20-30% of my thoughts consist of food/weight/shape related things, which is very very good compared to what it was before. When"
related,thing,2012,BLOG,logisticsmgmt.com,"the world to take advantage of cheap labor and all of the transportation and technology related things you need to facilitate that. In the last 20 years, the pace"
related,thing,2012,BLOG,semanticweb.com,"ve had a one-sided coin for the last decade and a half. Navigation around related things, concepts and subjects is the other half of the coin now starting to"
related,thing,2012,BLOG,thefirearmblog.com,"regular Google searches still show everything, and other search engines don't censor gun related things. Google chooses to be anti-gun and won't be getting my business again"
related,thing,2012,BLOG,chloecaldwell.com (1),"Happy November! November is looking great, because lots of fun live storytelling related things keep appearing, and I've been growing more and more passionate about storytelling"
related,thing,2012,BLOG,...ographer.typepad.com,would think in the first place; -) # This discussion (and its related things) comes up pretty often on dpreview forums. Just search for posts by
related,thing,2012,BLOG,...paneseallthetime.com,well learning through actual use ingrains things in your head. It even helps with related things as well. I started learning to play piano and it only took two
related,thing,2012,BLOG,...e-caeli.blogspot.com,", the term "" magisterium "" can refer to two logically distinct and only contingently related things. Firstly, it can refer to the totality of those inerrant teachings taught"
related,thing,2012,BLOG,...roxford.blogspot.com,"n't worry though, I am also gon na put in a couple NON vacation related things! Enjoy! # 1.) "" They "" say that in Chicago"
related,thing,2012,BLOG,...ionista.blogspot.com,as well as almond. I typically use them for washing brushes or things makeup related things (as opposed to multipurpose facewash). Whole Foods seem to stock many
related,thing,2012,BLOG,...losophy.blogspot.com,") and perhaps a little metalogic for both of those, and then perhaps some related things like "" conditional logic "" (sometimes called "" counterfactual logic "") and"
related,thing,2007,SPOK,NPR_TalkNation,- all the modern two-part glues that people love to use - super glues and related things. Most of those types of chemicals have the capability of inducing sensitization on
related,thing,2007,MAG,TodaysParent,party game with an easy-to-grasp concept: Pick a category and write down as many related things as you can. Then roll the Hit or Miss die and choose a
related,thing,2006,SPOK,CNN_YourWorld,"goal. Defend. OK. Of course, we're teaching them all football related things, whether it is insulting the referee, whether it's positions on the"
related,thing,2003,SPOK,CNN_KingWknd,". And we try to set up nationwide health systems to deal with AIDS and related things like TB and malaria. To make sure we can do prevention, care"
related,thing,2000,FIC,Analog,"lessons stuck. Things need names, consistent names, and for more than poetry Related things should have related names. Snark, leviathan, anvil jungle, dustman crab"
related,thing,2000,MOV,Grateful Dawg,He threw that in for his bass solo. It's just a hodgepodge of related things. We kind of stitched this all together and it worked. We did
related,thing,1998,SPOK,Fox_Crier,"acquitting him, and he has been tried five times now for either murder or related things, he's always -- the jury has always said, "" No,"
related,thing,1997,SPOK,CNN_Talkback,", and it's called thespacestore.com, and there they have all kinds of space- related things. Here's a little program that you can put on your computer to"
related,thing,1994,SPOK,Ind_Limbaugh," 73 to the present, that teen pregnancy and promiscuity and a number of related things had risen in accordance with the teaching of all of these things that were"
related,thing,1993,MAG,TodaysParent,"are seen less as good corporate citizens if they take time off for family - related things. "" And since a lot of top people in companies are older,"
related,thing,1991,NEWS,Atlanta,"states. # "" No planning has been done relative to the impact of transportation- related things as traffic, noise pollution and air pollution on the neighborhoods..."
related,thing,1990,MAG,AmSpect,"bitty wire-rim glasses and wives named Sydney. "" The class thing, and the related thing about all those people in government who are... well, you"
related,object,2019,FIC,Analog,"or flew in and out of. In some places there were clusters of seemingly related objects, a fractal tree of identical water faucets for instance. But in other"
related,object,2012,WEB,abcya.com,"vocabulary. Kids look through the messy room and click on the computer and technology related objects. Once an object has been found, its name appears in"
related,object,2012,WEB,buildfreedom.com,"furniture. "" It's very useful to lump together a number of diverse but related objects and use the abstract word or concept "" furniture "" to represent all of"
related,object,2012,WEB,museumca.org,"interpret, and develop its holdings of Tiffany lamps, windows, glass, and related objects. The collection is accessible through changing exhibitions, public programs, and publication"
related,object,2012,WEB,w3.org,"the VML, case the workflow generates locations and related information for vector paths and related objects (such as bitmaps) which are then rendered using native operating system functionality"
related,object,2012,WEB,asia.si.edu,"Lang Freer to the IMA flanked the doorway to the first room, which featured related objects from both institutions. These included seven ceramic treasures from the IMA? spanning"
related,object,2012,BLOG,newsinfo.nd.edu,"focuses on homotopy theory, in particular the unstable homotopy theory of Lie groups and related objects. He also works on questions of how algebraic K-theory, in its homotopy"
related,object,2012,BLOG,worrydream.com,", and because scripts use loose, relative references to other objects, groups of related objects can be transplanted much more easily and successfully than in other systems. * *"
related,object,2008,ACAD,CollegeStud,"fear is unreasonable, could consist of distress that spreads from the original source to related objects or interactions. By way of illustration, homophobics frequently perceive a lack of"
related,object,2004,FIC,Analog,", I was spotting junction boxes, serial ports, VLSIs and a slew of related objects on my own. When the guides figured out precisely where my awareness was"
related,object,2000,MAG,Antiques,"did make an innovative contribution by conceiving of an interior as a harmonious combination of related objects. Despite its mixed messages, the Paris exposition of 1925 recaptured the design"
related,object,1999,MAG,AmericanCraft,"the Arts (1999). "" My intent is to construct a vessel or related objects using materials respectfully harvested from nature. Nature's variety-including fine fern stems and"
related,object,1999,MAG,Smithsonian,"Bata as a consultant. # Although the museum will continue to collect shoes and related objects from around the world, Sonja Bata's aim is to make it a"
related,object,1999,ACAD,SexResearch,", simply asking a question about one attitude object can effect self-reports of attitudes toward related objects and issues. Context effects, therefore, can reveal information about dynamic aspects"
related,object,1996,MAG,AmericanCraft,"According to her recent statement, "" My intent is to construct a vessel or related object.... Some of these structures are basketlike. Deprived of traditional uses, replaced"
related,object,1995,ACAD,AfricanArts,"systems, rites, and systems of thought -- and the destruction or disappearance of related objects. Recent fieldwork by anthropologists and specialists in ethnographic art indicates that the current"
related,object,1992,ACAD,AmerIndianQ,"statesman's "" diplomacy. Tecumseh's journey, however, had another, inextricably related object: he sought to spread religion, to spread the call for a restoration"
related,object,1991,ACAD,Mercury,here? # At present those of us engaged in research on millisecond pulsars and related objects are facing a difficult situation. Perhaps we have grossly miscounted the number of
related,object,1990,ACAD,CurrentPsych,"typed "" links, e.g., skeletal system links), but in other systems related objects are simply linked and their relationship needs to be made clear within the nodes"
difficult,struggle,2019,SPOK,NPR_FreshAir,"rights movement. So it has always kind of looked like this slow march, difficult struggle - sometimes violent, sometimes heartbreaking, but a march toward justice and equality"
difficult,struggle,2018,SPOK,Fox_MacCallum,will be President Trump himself. Does the president really want to go through the difficult struggle now to find somebody of impeccable integrity to do that job and go through
difficult,struggle,2017,SPOK,CNN: (--),"got to be in it to know that it's going to be definitely a difficult struggle, you know. It's going to be -- people are going to"
difficult,struggle,2017,SPOK,CNN: Lead: Tapper,"got to be in it to know that it's going to be definitely a difficult struggle, you know, it's going to be -- people are going to"
difficult,struggle,2015,SPOK,NBC: Today Show,"Giuliana Rancic sits down with us for very personal talk about her career, her difficult struggle to expand her family and so much more after this. (ANNOUNCEMENTS)"
difficult,struggle,2013,ACAD,JournalEcumenical,"the painful process of forgiveness and revisions of memories, as well as of the difficult struggle for democratic dialogue in the context of harsh neoliberal economic policies. # Franciscans"
difficult,struggle,2012,SPOK,NPR: Talk Of The Nation,"around... LYNN-NEARY# All right, Nancy... NANCY#... but it was a very difficult struggle. BRIAN-LEVIN# Nancy, you made an excellent point. In 1995, the"
difficult,struggle,2012,WEB,whatever.scalzi.com,"you've yet to experience any hard knocks nor have accomplished anything through long or difficult struggle, you don't know what you're made of, and the adult"
difficult,struggle,2012,WEB,foxnews.com,"residents of Camps Ashraf and Liberty are now left vulnerable. # The long and difficult struggle for freedom from oppression for these refugees, who were recognized by the USas"
difficult,struggle,2012,WEB,gothamist.com,", we're slipping backwards. the beauty standard is becoming a more and more difficult struggle for young women. ads like this are part of the problem. PETA"
difficult,struggle,2012,WEB,dailycal.org,"great evils in the world, and I fear that we have a # very difficult struggle there. "" # Narrator: "" Why is it more # problematic than"
difficult,struggle,2012,WEB,newyorker.com,", is to be made of countries like Ethiopia abandoning reform and reversing years of difficult struggle for democratization? Ethiopia's current rulers were once freedom fighters, not so"
difficult,struggle,2012,WEB,socialistworker.org,"against many concessionary demands, accepted some compromises--and they and their community allies face a difficult struggle against school closings. # But these struggles show us how we can respond"
difficult,struggle,2012,BLOG,blog.ted.com,"Because as McLaren sees it, no one should be shielded from the messy, difficult struggle of creating something new. # Tim Brown: Tales of creativity and play"
difficult,struggle,2012,BLOG,...nline-literature.com,yourself. It's a disease and one that is hard to fight. Other difficult struggles can be emotional disturbance. # It may be that we are speaking in
difficult,struggle,2012,BLOG,sott.net,"renew efforts toward finding a publisher, by those of you who have endured exceptionally difficult struggles with Controllers and have been helped by this series. I hope this last"
difficult,struggle,2012,BLOG,wheatandweeds.com,""" # It's not easy to preserve our ideals in the midst of a difficult struggle with those who despise every value we stand for. It's not easy"
difficult,struggle,2011,ACAD,AmIndianQ,"enslaved, and immigrants from Europe and from throughout the world began a long and difficult struggle over diverse definitions of what it means to be American. This debate has"
difficult,struggle,2010,SPOK,ABC_GMA,", I'm a woman of faith. And faith has got me through many difficult struggles. It will get me through this one. And that's the reason"
difficult,struggle,2010,SPOK,ABC_GMA,"through. DEANNA-FAVRE-1CO-# The most difficult thing that I've gone through, the most difficult struggle was losing my brother. He was 24 years old. He was in"
difficult,struggle,2010,ACAD,AmerIndianQ,"with the responsibility of safeguarding those confidences even as we dare to reveal the most difficult struggles we engage. Collectively, we can construct a research ethic that strengthens our"
difficult,struggle,2010,ACAD,PolicyStudiesJournal,"). Thus, at first blush, policy advocates would appear to face a difficult struggle in convincing legislators - especially in more ideologically conservative states - to confer a"
difficult,struggle,2009,NEWS,CSMonitor,anarchy is allowed to remain on land. # Hardly any news outlets covered the difficult struggle of new Somali President Sheikh Sharif and his attempts to reach out to radicals
difficult,struggle,2009,NEWS,CSMonitor,"accused of being spies. # The museum presents the negatives and positives of a difficult struggle for acceptance and inclusion. "" Look at the journey that took us there"
difficult,struggle,2008,ACAD,TheologStud,"of the saintly life as an epiphany of virtue, though not virtue achieved through difficult struggle with sin. The diminishment of the sense of personal sin has led to"
difficult,struggle,2005,SPOK,NPR_Daybreak,said the last two and a half years in Iraq have been a period of difficult struggle. But he noted that Thursday's vote will be third vote in just
difficult,struggle,2005,ACAD,CanadianStud,"in an interesting, two-level connection, Chrtien was also concerned about President Clinton's difficult struggle to gain ratification in the United States. Chrtien voiced aloud concerns that Clinton"
difficult,struggle,2004,SPOK,CNN_SunMorn,"heartfelt way to say this was a man who could be engaged in a very difficult struggle with you over the budget, over welfare reform, over any of the"
difficult,struggle,2004,NEWS,CSMonitor,"his quest for a spot in the Baseball Hall of Fame, and to his difficult struggles with illness. Often harrowing, sometimes inspiring. # This So-Called Disaster ("
difficult,struggle,2002,SPOK,NPR_TalkNation,"fall of the Berlin Wall for Cold War nostalgia to arise. The long, difficult struggle against the Soviet Union and its allies, the old bipolar world, suddenly"
difficult,struggle,2002,MAG,USNWR,"enough to sustain the nation through what is shaping up to be a long and difficult struggle. "" The larger issue, "" says military historian Williamson Murray, a"
difficult,struggle,2001,SPOK,NPR_TalkNation,"in Afghanistan could only look ahead to what appeared to be a very long and difficult struggle. Suddenly, the oppressive Taliban regime has been routed from all but a"
difficult,struggle,2001,ACAD,AsianAffairs,and win over the Russian government and people. # Certainly Japan still faces a difficult struggle to recover the islands. It may take many years to win territorial concessions
difficult,struggle,2001,ACAD,ClearingHouse,"new connections, and finding that prior connections no longer make sense are serious and difficult struggles requiring much effort, diligence, and perseverance on the student's part."
difficult,struggle,2000,NEWS,NYTimes,"the way of me pursuing my creative interests. I had 10 years of very difficult struggle before I could make a living in the theater, and she was always"
difficult,struggle,2000,NEWS,Chicago,"("" Sensible tax plan, "" Jan. 19) noted with accuracy the increasingly difficult struggle that businesses face operating in Cook County with such disparate tax rate assessments."
difficult,struggle,2000,ACAD,CrossCurrents,"mode of doing and reflecting and finding answers. # It was tough. A difficult struggle, since in the first two years the act of just "" showing up"
difficult,struggle,2000,ACAD,ArtsEduc,"funding and time already devoted to music, many public schools face a much more difficult struggle. # The Music Educators National Conference (now MENC -- The National Association"
difficult,struggle,1999,NEWS,NYTimes,"money and facing an overwhelmingly secular society, the church is already involved in a difficult struggle to establish itself as a moral voice in post-Communist Russia and attract a new"
difficult,struggle,1998,SPOK,ABC_Primetime,really intense world trying to discover themselves. And I think it's a really difficult struggle. ELIZABETH VARGAS: (voice-over) King says the fashion industry needs several
difficult,struggle,1998,SPOK,Fox_Sunday,"say that we are very proud of everything that we've achieved through a very difficult struggle. And we've brought the Jewish people back to live -- indeed,"
difficult,struggle,1998,MAG,Futurist,"as the foundation of national economic development. Also, such countries will have increasingly difficult struggles qualifying for loans to industrialize; the world already has too many low-price industrial"
difficult,struggle,1998,NEWS,WashPost,"wants to know, then answer honestly and age-appropriately. # Some of the most difficult struggles for families coping with diabetes come during the teenage years. "" If you"
difficult,struggle,1997,ACAD,SocialStudies,"irritation and personal offense, leading to anger. For him, this was a difficult struggle; but it was noted by his contemporaries that by mid-life he had largely"
difficult,struggle,1996,SPOK,CNN_Burden,"s an everchanging war, which is part of the reason that it is a difficult struggle. You know, the change in the dynamic from cocaine to crack cocaine"
difficult,struggle,1996,ACAD,WorldAffairs,"times in the last three years. To stop it will be a long, difficult struggle. Those in power are being influenced more and more by the corrupt,"
difficult,struggle,1995,SPOK,CBS_Morning,that the Republicans own pro-life or the Democrats own pro-choice. Abortion is a very difficult struggle. You can see it up in New Hampshire. That's not a
difficult,struggle,1995,SPOK,ABC_Brinkley,"to sort out. I mean, we're in the middle of a very difficult struggle on the farm bill and I will guarantee you there aren't seven members"
difficult,struggle,1995,SPOK,PBS_Newshour,"Because of such sentiments, the Republican leadership in the Senate predicts a long and difficult struggle for the balanced budget amendment. That struggle begins on Monday. FOCUS -"
difficult,struggle,1995,FIC,MassachRev,"house. And as I raised my head, I realized that, after a difficult struggle, I had finally caught the ant and could now squeeze it if I"
difficult,struggle,1994,FIC,Iris,"still more than half who are not organized. We know that it is a difficult struggle, but it is not impossible. Now the campesino who is organized is"
difficult,struggle,1994,ACAD,AmerScholar,"For two years, I have fought for my stolen work, but the most difficult struggle has been for my voice. Hearing it used to utter the nothingness of"
difficult,struggle,1993,FIC,FeministStud,"fighting our enemies. Indeed, Achieving love is probably an even deeper And more difficult struggle, especially Since we are all so flawed, some of us fatally,"
difficult,struggle,1993,ACAD,MusicEduc,"basics is a major achievement, but it is only the beginning of a more difficult struggle. Official recognition by the U.S. Department of Education and the existence of a"
difficult,struggle,1992,SPOK,CNN_News,"fairly early on for a new leader. And one has to anticipate a very difficult struggle, because there will be at least three or four major contenders for succession"
difficult,struggle,1992,SPOK,PBS_Newshour,"was left with at the beginning of his regime. It's been a very difficult struggle, because this is an isolated area. I have been to the upper"
difficult,struggle,1992,MAG,MotherJones,"powerless "" sense of Congress "" resolution. # There is pertinent history in the difficult struggle to unveil the intelligence budget. Back in April 1976, the Church Committee"
difficult,struggle,1992,ACAD,CrossCurrents,The image of those ex-slave children praying their ABCs reminded me of the long and difficult struggle of black Americans since emancipation to achieve better schooling for their children in hopes
difficult,struggle,1992,ACAD,PerspPolSci,"that actuary produced a stronger bill than that passed by the House. After a difficult struggle with his own conservative supporters, Dirksen produced the crucial votes. The southern"
difficult,struggle,1992,ACAD,IntlAffairs,allocated instead to Eastern Europe and the former Soviet Union. It will be a difficult struggle. # In light of the limitation on resources for foreign affairs in general
difficult,struggle,1991,NEWS,CSMonitor,"says there are genuine differences between people and cultures. "" This is a very difficult struggle and a very long process at the expense of those who (are discriminated"
difficult,struggle,1990,SPOK,ABC_Business,"and must really recognize from the beginning that they're in for a long, difficult struggle PREWITT voice-over But, for a former Goodyear salesman forced into early retirement,"
difficult,struggle,1990,SPOK,ABC_Primetime,"American public may not be ready for it, but they may recognize a very difficult struggle to preserve our Earth as a necessary solution to the problems SCHADLER You know"
difficult,struggle,1990,NEWS,CSMonitor,"to tell of their initiation days. # "" It has been a slow, difficult struggle, but an enthusiastic band of talented women in the United States - as"
difficult,struggle,1990,NEWS,CSMonitor,"France, he was also an eager student of French art. # After a difficult struggle with parental limitations imposed on his ambition to be a painter, and after"
difficult,battle,2019,SPOK,PBS_Newshour,"? Are we now in for kind of the next run of very heated, difficult battles over this? Or where are we? MARY-ZIEGLER) : In some ways,"
difficult,battle,2019,MAG,Mother Jones,"the EU commission will face many environmental challenges. G? pel thinks the most difficult battle will be redirecting the billions of Euros paid to farmers in subsidies, which"
difficult,battle,2015,SPOK,CNN: Anderson Cooper,"them have slightly better numbers than the other, but nonetheless, this is a difficult battle going on down here. And if you don't make this cut,"
difficult,battle,2014,SPOK,CBS: Face The Nation,"of years. And it's one of the reasons that they have had a difficult battle. And now with the air support and other effort from other countries,"
difficult,battle,2014,MOV,What We Do in the Shadows,One time I fought The Beast in the toilettes of a night club.' Difficult battle. I hope you never see The Beast. The Beast. You ca
difficult,battle,2013,NEWS,Austin,"tragic. "" For veterans advocates, the numbers are another reminder that the most difficult battle for some service members has taken place on Texas soil, months or years"
difficult,battle,2012,SPOK,CNN PRESENTS,"increasingly is beginning to pay attention to this area, but it's a very difficult battle. There's a U.S. joint task force run by the military there that"
difficult,battle,2012,NEWS,CSMonitor,". # The group's attempt to gain public support may have been the most difficult battle. # Local Arabic-language newspapers refused to touch the issue, out of fear"
difficult,battle,2012,WEB,huffingtonpost.com,meaning of  Loading comments... # Depression and anxiety is a true and very difficult battle. It is extremely hard to deal with and for others putting up with
difficult,battle,2012,WEB,huffingtonpost.com,for you! xoxoxo # LiveLaughLove818: Depression and anxiety is a true and very difficult battle. # I am now 65 years old and I know now that I
difficult,battle,2012,WEB,gty.org,"he finally comes to this point. He says, "" The problem with this difficult battle is that somebody broke the rule, somebody ate, somebody ate. """
difficult,battle,2012,WEB,...ceofpersia.wikia.com,"sword, and his father went to the Tower of Babel. # After a difficult battle, the Prince plunges a dagger into the heart of the Vizier, thereby"
difficult,battle,2012,WEB,aljazeera.com,". "" # Avoiding the' fiscal cliff' # But he will face a difficult battle in Congress, particularly in the House of Representatives, the lower legislative body"
difficult,battle,2012,WEB,tcj.com,) means he's entitled to everything he can get in what is a very difficult battle against a huge corporation with tremendous resources. I'm not sure how Toberoff
difficult,battle,2012,BLOG,blog.47brand.com,"cance r (diffuse intrinsic pontine glioma) in 2010. Ellie bravely fought a difficult battle, and although it was unlikely to help her, she volunteered to participate"
difficult,battle,2012,BLOG,fourhourworkweek.com,"I misstep, try not to beat myself up. For me this is particularly difficult battle (emotions) that stoicism (based on will-power and philosophy) lacks the"
difficult,battle,2012,BLOG,fastcompany.com,"some very ugly things, "" she says. Systemic change is a long and difficult battle. "" People don't give up power willingly, "" says Buffett,"
difficult,battle,2012,BLOG,...inberg.wordpress.com,"the sance, Madeleine Favreau, who's recently returned to the area after a difficult battle with illness, is killed. At first she seems to have been frightened"
difficult,battle,2012,BLOG,supadiet.com,impedes our capability to shed kilos in days (and makes losing pounds like a difficult battle) is that we are always sticking to the same familiar patterns. These
difficult,battle,2012,BLOG,...itivegamereviews.com,Completing these will reward you economically and help towards upgrading your ship for the more difficult battles out at sea. # Firing cannons from both port and starboard is deeply
difficult,battle,2011,MAG,BoysLife,". This can give you a wider spectrum of moves and help you overcome a difficult battle. # Make Friends, Help Friends. Black City and White Forest are"
difficult,battle,2010,SPOK,Fox_Hannity,the GOP looks to retake control of Congress. It will no doubt be a difficult battle. But joining me now are two men who know how to win and
difficult,battle,2009,MAG,Redbook,. Congratulations to Danielle and her family for finding strength in one another during a difficult battle. You can read her story on page 104. Photograph: Dynamic duo
difficult,battle,2008,SPOK,Fox_Hume,"both a difficult job at the White House, being under fire, and a difficult battle with cancer, he was always so -- I know we have used the"
difficult,battle,2008,NEWS,SanFranChron,"for example, is far from over, though it now seems that the most difficult battle has been won. The hull has been breached. The rainbow-colored cat is"
difficult,battle,2008,ACAD,GeographRev,"Our story, however, shows that the present arrangement is the product of a difficult battle in the face of considerable past injustices. Human agency, in this regard"
difficult,battle,2007,SPOK,CBS_48Hours,"believe that. (Footage-of-Richard) Ms-K-DAVIDSON: (Voiceover) I believe it's going to be a difficult battle, but I don't believe that it's a battle I can't"
difficult,battle,2006,NEWS,CSMonitor,"quickly promoted. # It was in those days, having led men in a difficult battle for Israel's creation at the age of 20, that Sharon came to"
difficult,battle,2005,MAG,Smithsonian,"to reduce some subsidies, but he admitted that it would be a long and difficult battle. Even Prime Minister Ariel Sharon, who grows vegetables on his farm in"
difficult,battle,2004,NEWS,CSMonitor,they would have otherwise. Projections of HIV/AIDS fatalities in China and India suggest a difficult battle ahead for those two countries as well. # The burden on families will
difficult,battle,2003,SPOK,Fox_Sunday,"than anywhere else, and that that might prove to be an extremely bloody and difficult battle? RUMSFELD: Well there's no question that Baghdad is the capital,"
difficult,battle,2003,SPOK,CNN_LiveFrom,"are moving through the city. And yet there are still a raging, very difficult battle in isolated areas that can flow into those civilian populations. And so we"
difficult,battle,2003,MAG,NatlReview,"the marriage amendment. # Many amendment supporters seem resigned to fighting a long, difficult battle for it over the course of several elections. "" There is more passion"
difficult,battle,2003,NEWS,NYTimes,"a move that will be severely tested next month, when Mr. McGreevey faces a difficult battle to approve his budget. # Even in casual conversation, however, it"
difficult,battle,2001,NEWS,CSMonitor,"The Christian Science Monitor 7052 # Sinta Nuriyah Abdurrahman Wahid has a knack for picking difficult battles. Long before becoming the first lady of Indonesia, she was a social"
difficult,battle,2000,ACAD,ArtsEduc,"physical facility must be made for the safety of arts students, which can cause difficult battles with central district administration. For example, dancers must have a suspended floor"
difficult,battle,1999,FIC,Ploughshares,""" Dr. Santos told Rick in the corridor, "" remains one of our most difficult battles. "" The doctor spoke in a solicitous whisper, but Rick heard surrender"
difficult,battle,1996,NEWS,SanFranChron,"issues. # For a willful mayor who has found his way through so many difficult battles, this is pretty weak stuff. We are floored by the lack of"
difficult,battle,1996,ACAD,Humanist,"would give us the right and the leverage to fight this battle, the most difficult battle that we have at hand is the one where we, women, have"
difficult,battle,1994,ACAD,AmerScholar,"March and April of 1989, it will be the result of a long, difficult battle that has barely begun. # Recently, I told this story in a"
difficult,battle,1994,MOV,On Deadly Ground,"died twice. Now sleep, and be reborn. You will fight your most difficult battle. Then you will find your way back. We're approaching the village"
difficult,battle,1993,NEWS,SanFranChron,"the police and legal system and in the media. Ness was fighting this incredibly difficult battle, and the system was basically against him winning. "" # (History"
difficult,battle,1993,NEWS,Houston,"exemption. # "" "" But trying to change it legislatively has been a very difficult battle. I got the hell beat out of me by the lobbyists. """
difficult,battle,1991,SPOK,CNN_King,", so that they can tailor what kids say. So it was a very difficult battle and finally I tripped on a continuation high school and I was fortunate enough"
difficult,battle,1991,NEWS,AssocPress,"I think it's looking better, "" said Murchie. "" It's a difficult battle because of the way the Kurdish refugees departed Iraq, in such large numbers"
difficult,battle,1990,SPOK,ABC_Nightline,"commission that would have banned the kind of discrimination that Ryan White faced during his difficult battle with the AIDS disease. And so I mean, here you've got"
difficult,fight,2019,FIC,Analog,"at the beginning of a fight. # Draiken's advantages come closer to a difficult fight's conclusion, which is one reason why he's always put most of"
difficult,fight,2019,MAG,ESPN,"it took time, Canelo finally faced GGG not once but twice in dangerous, difficult fights. Canelo got a friendly draw in the first fight and then a close"
difficult,fight,2018,MAG,Hollywood Reporter,"can matter to women. They are our armor. They help us navigate our difficult fight. Especially today. Phoebe knew that. "" # Conversation about Slimane's"
difficult,fight,2016,MAG,Bleacher Report,ludicrous judges scorecards surfaced) at the time to have salvaged what was an otherwise difficult fight for the loquacious Alabamian. # Szpilka came into the fight with no fear
difficult,fight,2015,SPOK,NPR_FreshAir,"most of us here had you winning this early. Were you expecting such a difficult fight? JAKE-GYLLENHAAL# Oh (laughter) yeah, I don't know, expect"
difficult,fight,2014,SPOK,CBS: 60 Minutes,you ready to get in the ring with Vladimir Putin? VITALI-KLITSCHKO# It's very difficult fight. It's very difficult fight for democracy in our country. Russia have
difficult,fight,2014,SPOK,CBS: 60 Minutes,ring with Vladimir Putin? VITALI-KLITSCHKO# It's very difficult fight. It's very difficult fight for democracy in our country. Russia have idea to rebuild empire. CLARISSA-WARD#
difficult,fight,2014,SPOK,CNN: Situation Room,"President Obama has vowed to degrade and destroy ISIS, the new estimate signals a difficult fight ahead. (on-camera): Presumably, it's a longer fight if you have"
difficult,fight,2014,NEWS,Denver,millions on a campaign. Liquor store owners and craft beer producers will have a difficult fight ahead. And maybe it is time to think about a change. The
difficult,fight,2013,SPOK,NPR: Talk Of The Nation,"it. On the fiscal stuff it's always going to be a hard, difficult fight. And it's going to be one crisis after another. But between"
difficult,fight,2012,SPOK,CBS: Face The Nation,"wants to make the Susan Rice fight which is now visually going to be a difficult fight. And if it does, how hard will it fight and how far"
difficult,fight,2012,NEWS,AssocPress,"California's statutes on sexually violent predators, however, say Landau faces an extremely difficult fight to regain his freedom. # Under a law enacted in 1996, offenders"
difficult,fight,2012,NEWS,USAToday,-- and the emotional day weeks later when he figured out how. # A difficult fight # Merritt felt sure there was some mix-up when he learned about three positive
difficult,fight,2012,NEWS,STLouis,"Blues is better than not laying off these three people. That's an awful difficult fight to have post-2008. "" Spotlight TMS claims that 40 percent of the Blues"
difficult,fight,2012,WEB,tvtropes.org,"they have a huge numbers advantage, and sometimes the same kind will be a difficult fight to Space Marines one-on-one. Same applies to Tyranids. # Orcs are a"
difficult,fight,2012,WEB,witcher.wikia.com,"A full pouch of orens improved Geralt's mood and was fair compensation for the difficult fight with the kayran. Freed from danger, the townsfolk of Flotsam breathed a"
difficult,fight,2012,WEB,dragonage.wikia.com,"damage type. This can be quite beneficial in some of the game's more difficult fights (against opponents with blood, anyway) by allowing you to tailor the"
difficult,fight,2012,WEB,tor.com,"chapter. # I have the same feeling now I have when I play a difficult fight in a video game! # Thank you, Tor! Great stuff."
difficult,fight,2012,WEB,boxingscene.com,"# Undefeated Abner Mares (24-0-1, 13 KOs) is ready for the most difficult fight in his professional career. On November 10th at Staples Center in California,"
difficult,fight,2012,WEB,tvtropes.org,"areas with monsters of differing power- cross a bridge, and you'll be facing difficult fights soon. Also, the hero spends most of the quest trying to create"
difficult,fight,2012,WEB,ben10.wikia.com,"Rust Bucket 3, and Ben transforms into Goop to fight them. After a difficult fight they are able to defeat them, and Gwen creates a mana shield at"
difficult,fight,2012,BLOG,metafilter.com,"on Carceri? What about the Abyss? # There are some very, very difficult fights that you can't avoid by talking your way out of it. It"
difficult,fight,2012,BLOG,peoplesworld.org,"There is now an official LGBT committee of the NAACP, "" even though a difficult fight had to be waged against conservative preachers on its board. The same was"
difficult,fight,2012,BLOG,badlefthook.com,"get in the ring with more confidence. # "" I know it's a difficult fight for both of us. Because of his talent and my heart and hunger"
difficult,fight,2012,BLOG,badlefthook.com,"fighter, but we came prepared for that and more. # "" A very difficult fight in my past that I can compare to this one is my fight with"
difficult,fight,2012,BLOG,fightcove.com,Martin Kampmann vs. Johny Hendircks (Welterweight Bout) Mike Bohn: The most difficult fight on the card to predict. Hendricks would be wise to use a wrestling-heavy
difficult,fight,2012,BLOG,gamasutra.com,"s Souls infamous stage 5-2, where the player must brave a poison swamp of difficult fights. If they can get past it, they can find a switch that"
difficult,fight,2011,FIC,ScholasticNews,". But freeing the 1 3 American Colonies from British rule meant a long, difficult fight. From 1 775 to 1 783, the Americans fought against British troops"
difficult,fight,2009,SPOK,NBC_Today,"he could in prior consultations. Nevertheless, the White House is preparing for a difficult fight as they would I think in the modern day confirmation process, they're"
difficult,fight,2009,NEWS,Denver,"affected his left side, he's making a stunning recovery after a long, difficult fight. # "" People ask me if I have a therapist, "" he"
difficult,fight,2009,MOV,...s: An Interview with Aaron Russo,"you're fighting all this propaganda all the time. And it's a very difficult fight. Americans, mobilize. Stand together, stand tall, tell the government"
difficult,fight,2008,NEWS,USAToday,"Wood, a military analyst at the Center for Strategic and Budgetary Assessments, predicts difficult fights will continue in northern Iraq until U.S. commanders commit more troops, or more"
difficult,fight,2008,NEWS,AssocPress,"has scheduled a Wednesday hearing on an auto bailout. # It is a more difficult fight in the Senate, given the Democrats slim edge and President George W. Bush"
difficult,fight,2006,SPOK,NPR_TalkNation,", for our partners in the international community, but like terrorism it's a difficult fight. We have been fighting similar wars in other parts of the world,"
difficult,fight,2004,SPOK,NPR_Daybreak,defend the use of those 9/11 images in the ads. But it's a difficult fight. I think the Bush campaign has been caught off guard by this.
difficult,fight,2003,SPOK,Fox_Sunday,I don't mind the idea that the administration has said this could be a difficult fight. But what I find sort of galling is that you guys come on
difficult,fight,2003,NEWS,Denver,"resistance could be a precursor to what coalition commanders have long predicted will be a difficult fight for Baghdad, which is defended largely by six loyal and well-trained Republican Guard"
difficult,fight,2002,SPOK,CNN_Movers,"Saddam Hussein. He says, in his opinion, it wouldn't be a difficult fight. And he suggested some of his democratic colleagues would back a resolution supporting"
difficult,fight,2001,SPOK,CNN_Novak,") HUNT: Mr. Secretary, you've warned we could be in for a difficult fight in southern Afghanistan. Could you give us any sense as to how long"
difficult,fight,1998,SPOK,NPR_Morning,the lookout for a Republican effort to scale back his bill and he sees a difficult fight ahead over how to protect tobacco farmers. He also knows that tobacco state
difficult,fight,1996,MAG,AmHeritage,"the Atlanta Constitution reported that "" the solicitor did not win his point without a difficult fight. He went in with a mass of evidence showing why the indictment of"
difficult,fight,1994,NEWS,WashPost,"victory. # Now she is the incumbent, and she knows she faces a difficult fight for reelection. Many of her House colleagues -- in California and other states"
difficult,fight,1993,SPOK,Ind_Limbaugh,just think is absolutely incredible. Now there's the story. Byrd Warns of Difficult Fight In Senate for Spending Plan.' It's by Jill Dud. Now
difficult,fight,1993,SPOK,ABC_Brinkley,"the opposition you have to elements of NAFTA. It was a very bruising and difficult fight for the American political system, which would faint at the idea of having"
difficult,fight,1993,NEWS,CSMonitor,"would force thousands of people from their homes. # "" It's a very difficult fight because we are fighting against the government at the same time, "" says"
difficult,combat,2012,WEB,mca-marines.org,", as we have already proven that we can hold our own in some very difficult combat situations; instead, my main concern is a question of longevity. Can"
difficult,combat,2012,BLOG,dodbuzz.com,"them on third world cesspool police actions. This would not even rank as a difficult combat training deployment. Since we didn't buy enough F-22s, we need to"
difficult,combat,2012,BLOG,truthdig.com,"inflammatory because it surfaced during the Korean War, when American troops were engaged in difficult combat against Communist soldiers, and because it involved atomic espionage and the unexpectedly swift"
difficult,combat,2001,ACAD,ArmedForces,"and combat survival) continue to be dominant, even - or especially - in difficult combat situations. This study is meant to be exploratory in nature, utilizing an"
difficult,box,2012,BLOG,...ryday47.blogspot.com,"the liquidating of uncontrolled, confectionary, or also wide links through receival group, difficult box period, and content singer show. The quality of the product, not"
difficult,box,1999,SPOK,NPR_TalkNation,those elements of the republican movement that have rejected the use of weapons in a difficult box because politicians like David Trimble have very heavily associated the republican movement with the
difficult,row,2014,SPOK,CNN: CNN Reliable Sources,"of all the money they bring into the political equation, you've got a difficult row to hoe. And that's the row he's trying to hoe,"
educational,resource,2012,WEB,blog.oregonlive.com,"the Film Noir Foundation, which is, in its own words, "" an educational resource regarding the cultural, historical, and artistic significance of film noir as an"
educational,resource,2012,WEB,blog.hootsuite.com,"a Freshman just getting started, or a Senior who knows the ropes, our educational resources come from all areas of the HootSuite Campus, helping you succeed with social"
educational,resource,2012,WEB,students.umw.edu,laws about being drunk in public and driving under the influence of alcohol? Many educational resources are available to assist you; call the Office of Judicial Affairs and Community
educational,resource,2012,WEB,jazzstandards.com,"Jazz musicians, fans, and students of all ages use this website as an educational resource. As such, off-topic, off-color, unduly negative, and patently promotional"
educational,resource,2012,WEB,topoftherock.org,"a part of the NWHS entity is Cougar Hill Web, an online information and educational resource on wildlife (particularly wild felids). Please explore NWHS and Cougar Hill"
educational,resource,2012,WEB,ocw.nd.edu,", Fall 2005  Document Actions # Notre Dame OpenCourseware (OCW) offers free educational resources for the course "" Islamic Societies of the Middle East and North Africa """
educational,resource,2012,WEB,glsen.org,"creating a more vibrant and diverse community. For information on GLSEN's research, educational resources, public policy advocacy, student"
educational,resource,2012,WEB,fema.gov,Disaster Recovery Center and talk face-to-face with recovery specialists. # The centers are temporary educational resource centers coordinated by the Missouri State Emergency Management Agency (SEMA) and the
educational,resource,2012,WEB,blogs.esri.com,"support the applications that support the strategic goals? # Next, we analyze which educational resources and delivery methods are most appropriate for the GIS roles. Timelines, priorities"
educational,resource,2012,WEB,....creativecommons.org,"platforms and localization of content, such as translations. "" The power of open educational resources lies in its openness, "" says McAndrew. "" This gives it great"
educational,resource,2012,WEB,....creativecommons.org,. One might begin by asking what is the value of Wikipedia? Of open educational resources? Of open access research? Of open government? Of legal sharing and
educational,resource,2012,WEB,yog2009.org,"Ambassador Ian Redmond opined: "" These beautiful, thought provoking films are both an educational resource and a call to action to ensure the forests survive. "" # To"
educational,resource,2012,WEB,henryjenkins.org,"School project, which directed a significant amount of funding towards the creation of open educational resources. The protests of Polish youth against ratification of the ACTA treaty in January"
educational,resource,2012,WEB,amazon.com,", and much more. The First Year? Fibromyalgia will be a supportive and educational resource for everyone who wants to take an active role in the management of their"
educational,resource,2012,WEB,hoaxbusters.org (1),"does Facecrooks, the self-described Social Media Watchdog. They all provide news, educational resources and alerts on social media privacy, safety and, of course, hoaxes"
educational,resource,2012,WEB,slideshare.net,", with the corresponding impact on students. This is evident in the lack of educational resources, autonomous habits, social skills and the devaluation of the models offered by"
educational,resource,2012,WEB,angelfire.com,"online scientific document database, and the U.S. Department of Education's ERIC database of educational resources, available in schools, colleges and universities most everywhere, as well as"
educational,resource,2012,WEB,thejournal.com,"tremendous "" educational benefits, including bridging formal and informal learning, providing access to educational resources students otherwise wouldn't be able to use, and offering the ability to"
educational,resource,2012,WEB,w3fools.com,", that W3Schools is harming the community with inaccurate information. Like any other authoritative educational resource, W3Schools should both hold itself to, and be held to, the"
educational,resource,2012,WEB,erate.com,never use. # The information contained on this website is provided as a supplemental educational resource. Readers having legal or tax questions are urged to obtain advice from their
educational,resource,2012,WEB,nal.usda.gov,"on global environmental change research, adaptation/mitigation strategies and technologies, and global change related educational resources on behalf of the US Global Change Research Program (USGCRP) and its"
educational,resource,2012,WEB,saratogian.com,# Saratoga Bridges has 10 centers in the region offering a variety of employment and educational resources for individuals living with disabilities. Some participants are employed in the community while
educational,resource,2012,WEB,beyondthenotes.org,"Charles Burchfield, Michelangelo, and Hiroshige! # This website is the first not-for-profit educational resource created by Beyond the Notes, a new producer of multimedia companions for arts"
educational,resource,2012,WEB,beyondthenotes.org,"survey with your feedback. # This website and mobile app is the first not-for-profit educational resource created by Beyond the Notes, a new producer of multimedia companions for arts"
educational,resource,2012,WEB,kabalarians.com,"Kabalarian Philosophy documents the powerful influence of names and offers an array of services and educational resources to understand their meaning, harness their power, and help you fulfill your"
educational,resource,2012,WEB,blogs.ancestry.com,"film center, a Center for the Advanced Studies of the American People, an educational resource center, and other amenities found in major museums. # The National Museum"
educational,resource,2012,WEB,moma.org,was disappointed when he realized that it was not going to be used as an educational resource but rather be controlled by advertisers and the entertainment industry. The book conveys
educational,resource,2012,WEB,copyblogger.com,"get it (and an entire series of valuable ebooks, seminars, and other educational resources over the next few months), all you need to do is register"
educational,resource,2012,WEB,carnegie.org,"and only growing as curricular supports, textbooks, professional learning communities, and open educational resources are increasingly created and accessed online. With Corporation support, the Partnership for"
educational,resource,2012,WEB,bullfrogfilms.com,"Executive Produced by Michael Allder Hosted by David Suzuki # "" An outstanding and valuable educational resource for use both in and outside the classroom. "" Calvin O. Masilela,"
educational,resource,2012,WEB,davidwarlick.com,are they doing this to her in the home environment when YouTube also provides excellent educational resources. This type of approach makes me frustrated. # It's a good
educational,resource,2012,WEB,law.alltop.com,become a venue for NBI faculty to share their knowledge and practice points as an educational resource for other attorneys. We've been blown away by the response of our
educational,resource,2012,WEB,umuc.edu,", we have a sample letter you may use as a guide.  Open Educational Resources (OERs) # The UMUC Library encourages its faculty and students to make"
educational,resource,2012,WEB,umuc.edu,") # The UMUC Library encourages its faculty and students to make use of Open Educational Resources (OERs) whenever possible. Open educational resources (OERs), according"
educational,resource,2012,WEB,umuc.edu,"students to make use of Open Educational Resources (OERs) whenever possible. Open educational resources (OERs), according to an often-cited definition, are "" teaching,"
educational,resource,2012,WEB,umuc.edu,"readily available for use without copyright permission. See the Library's guide to Open Educational Resources for more details about collections of learning objects that you may freely use,"
educational,resource,2012,WEB,thirteen.org,"this spirit. "" # As part of the festival's' Icarus' -related educational resources, educators can apply for complimentary tickets to bring their students to the show"
educational,resource,2012,WEB,natureinthecity.org,"steward just such an area, build a volunteer team, and to create an educational resource from this special native plant area at Alemany Farm. The goal is for"
educational,resource,2012,WEB,natureinthecity.org,"for birds, butterflies, pollinators &; other species, while also serving as an educational resource for visitors of all ages to learn about native plants, local ecologies,"
educational,resource,2012,WEB,vanityfair.com,"2010. "" Both were sponsored by a newly formed organization, the Blue Ridge Educational Resource Group. Like PAL-PAC, the Blue Ridge group had sprung up from nowhere"
educational,resource,2012,WEB,edutopia.org,"sixth graders. By using the re-add function, I even drew from the robust educational resources shared by other professionals who use Learnist. # Now, I hope to"
educational,resource,2012,WEB,dol.gov,provide participants with fundamental understanding of how software works and give them access to an educational resource to assist them in preparing for a potential career in software development.
educational,resource,2012,WEB,eatright.org,online database of internships and job postings. Use our study guides and other invaluable educational resources to help you reach graduation with success. Connect with other students across the
educational,resource,2012,WEB,lancaster.unl.edu,? Visit here. # USE OF THE EDUCATIONAL MATERIALS: You may reproduce the Educational Resource Guides for educational purposes but not for sales purposes (unless otherwise indicated as
educational,resource,2012,WEB,blogs.plos.org,for general viewing and embedded below; the whole film can be purchased from Documentary Educational Resources or' rented' from Amazon (if you're in the US)
educational,resource,2012,WEB,schoolbook.org,"dramatically improve their child's chances. But, class sizes must be reduced and educational resources must be improved as well to level the playing field. # Why cant"
educational,resource,2012,WEB,careerbuilder.com,"might use an agency like Lifespire for the ability to provide an employer with the educational resources they lack. Majka # "" The staff does spend time explaining that the"
educational,resource,2012,WEB,voiceofsandiego.org,in school longer; making pre-school available to all families; having libraries and other educational resources available on weekends and evenings; making rigorous college prep programs available to more
educational,resource,2012,WEB,avert.org,"to help them to live with the virus. There is a huge wealth of educational resources available around the world, and yet in many places people still lack the"
educational,resource,2012,WEB,epi.org,"past two decades. In his meta-analysis of studies examining the impact of several key educational resources on student achievement, Hanushek (1981, 1986, 1996, 1997)"
educational,resource,2012,WEB,epi.org,in Hanushek's review produced far more consistent and compelling findings regarding the effect of educational resources -- including variables related to the quality and quantity of teachers -- on student
educational,resource,2012,WEB,epi.org,"analysis was limited to the education production function literature, i.e., studies examining how educational resources (inputs) are systematically transformed into educational outcomes (outputs). On"
educational,resource,2012,WEB,epi.org,"to be too inclusive in the sense that even those studies that simply included an educational resource as a control variable might be inappropriately considered (e.g., a study including"
educational,resource,2012,BLOG,...le-east.blogspot.com,"such ties to provide communities in the Middle East with needed materials, such as educational resources, medicines and state of the art technology. # Once such relationships were"
educational,resource,2012,BLOG,...armersbigchange.coop,"for Education and Social Action) of Northampton, MA serves their communities by providing educational resources, including but not limited to cooperative education for college credits at the local"
educational,resource,2012,BLOG,ritakop.blogspot.com,"of (possible) learning outcomes? One other model would be to developing Open Educational Resources and provide access to them, but to do this in the context of"
educational,resource,2012,BLOG,thecitywire.com,involved in National Medicare Education Week in a variety of ways. Visit NMEW.com for educational resources and information about free events in Fort Smith. Explore Medicare.gov or call 1-800-MEDICARE
educational,resource,2012,BLOG,noodlesoft.com,": Explain things thoroughly, explain them often. Use pictures. Give references to educational resources. Don't worry about the angry, egocentric types; most people are"
educational,resource,2012,BLOG,redstate.com,"local AM or FM carrier, check out their exhaustive web presence with its voluminous educational resources. I think you'll find that the "" Beeb "" is a better"
educational,resource,2012,BLOG,ed.gov,the State Board for Community and Technical Colleges is in the vanguard of the open educational resources movement. # It launched the Open Course Library late last year. It
educational,resource,2012,BLOG,...usblog.wordpress.com,"gots, gets. "" Depending on our values, we could argue that scarce educational resources should go to those who most need them to function adequately in our society"
educational,resource,2012,BLOG,digitalbullpen.com,"change would be communicated to students, what the policy itself would enact and what educational resources would be made available to smokers. # "" The policy has had great"
educational,resource,2012,BLOG,thechinatimes.com,"society. We should vigorously promote fairness in education, and ensure balanced allocation of educational resources with a focus on rural, remote, poor and ethnic minority areas."
educational,resource,2012,BLOG,oncampus.mpr.org,. Among them: How can it really be that despite all of our top-flight educational resources there's a mismatch -- and that it's... Continue reading? #
educational,resource,2012,BLOG,opencontent.org,manuscripts resulting from research supported in whole or in part by the Institute to the Educational Resources Information Center (ERIC) upon acceptance for publication. An author's final
educational,resource,2012,BLOG,blogs.suntimes.com,"out there. Poor kids - usually minority - do the worst because they lack educational resources, parents with the time to be involved in their education, safe environments"
educational,resource,2012,BLOG,blogs.suntimes.com,"in the US often lack motivation, encouragement and perspective, but rarely lack sufficient educational resources. Kenyan students must further their education with far less. The issues presented"
educational,resource,2012,BLOG,eudorawelty.org,"Stories, Essays, and Memoir. # The components of "" The Whistle "" educational resource include teaching objectives, questions for classroom discussion and writing, the excerpt from"
educational,resource,2012,BLOG,nlcblog.org,"been a pastor, church planter, management consultant, and the president of an educational resources firm. He has written or co-written four books including his most recent,"
educational,resource,2012,BLOG,huffingtonpost.com,"Person. Sincerely, Jon Wilson  Loading comments... # If anyone needs/desires FREE EDUCATIONAL RESOURCES that are accessible, convenient, easy-to-share for educating yourself/others on Autism, Asperbergers"
educational,resource,2012,BLOG,...arrollwood.patch.com,"and act wisely on its behalf. The Zoo is dedicated to serving as an educational resource for the community and providing an exciting, nature-based entertainment destination for families,"
educational,resource,2012,BLOG,visualnews.com,preparing for life and work in the world. Some children have access to excellent educational resources and possess all the tools they need for their early learning experiences. There
educational,resource,2012,BLOG,insideislam.wisc.edu,"is to build relationships and engage in less-diverse, rural areas with few cultural and educational resources. # Colin, you are right on about the commonalities of Muslims and"
educational,resource,2012,BLOG,casavaria.com,"action, and undermine national security and economic prosperity, generally. # Lower quality educational resources build into a society patterns of unnecessary waste and degradation. Top quality educational"
educational,resource,2012,BLOG,casavaria.com,"educational resources build into a society patterns of unnecessary waste and degradation. Top quality educational resources build into a society the capacity for vibrant, rapid, innovative adaptation to"
educational,resource,2012,BLOG,...ugpete.wordpress.com,"working this. If it works as promised, it could be a classifying relevant educational resources.  Rate this:  Share this:  Like this:"
educational,resource,2012,BLOG,pamelaspunch.com,"Washington area people a day who are faced with the effects of poverty by providing educational resources, daycare, family support services, food, clothing, and long-term solutions"
educational,resource,2012,BLOG,edudemic.com,"online education in order to help the nation build its brand, develop better online educational resources, and become a major international player in the distance learning market. The"
educational,resource,2012,BLOG,bangordailynews.com,"here in Maine have worked hard to leverage cutting-edge technology that provides health care and educational resources to their rural residents. # As a result, Maine has led the"
educational,resource,2012,BLOG,kff.org,# Require risk adjustment of participating Exchange plans. # Require exchanges to make available educational resources and consumer support tools and to adopt strategies to improve plan choice. #
educational,resource,2012,BLOG,...ne2013.wordpress.com,Open Access policies and initiatives that facilitate open online education through enhanced access to Open Educational Resources will provide a far better and more accessible future for all than one in
educational,resource,2012,BLOG,blogs.wit.edu,3161269  Mapping Open Educational Resources Around The World # In the decade since the term' open education resources
educational,resource,2012,BLOG,blogs.worldbank.org,"and organizations, the Hewlett Foundation has been instrumental in the growth of the open educational resources. Hacking Education with Hewlett's OER Grantees is a short blog post as"
educational,resource,2012,BLOG,...anguzzi.blogspot.com,"Culture for Future Generations, I learned that the American Latino Heritage Fund is developing educational resources that are "" inclusive "" of the achievements and contributions made by Latinos;"
educational,resource,2012,BLOG,...renshospitalblog.org,"offer tailored care and services to help survivors of cancer access clinical, support and educational resources. # DF/CHCC pediatric oncologists are involved in designing new trials through which could"
educational,resource,2012,BLOG,americanvision.org,"families and individuals to live with a biblically based worldview. Whether by making available educational resources about God &; Government, or by tackling the formidable issue of eschatology in"
educational,resource,2012,BLOG,...nkounl.wordpress.com,"way education is given. If an educational organization will not participate in the Open Educational Resources -movement, its students will compare the courses given with the courses available at"
educational,resource,2012,BLOG,...g.sheetmusicplus.com,"in such an information-rich an age, with such a wealth of practice tools and educational resources so easily available. # A perfect example would be obtaining a copy of"
educational,resource,2012,BLOG,xaprb.com,"am part of Technocation, Inc., a not-for-profit organization whose mission is to provide educational resources for IT professionals. Being a volunteer for a not-for-profit lets you in doors"
educational,resource,2012,BLOG,gizmodo.com,"advanced fare, like Cryptography, Cosmology, and Finance. The site even features educational resources that will get you into a real degree program with lessons on how to"
educational,resource,2012,BLOG,tjbliss.org,", increased federal regulation of textbook publishers, and support of collaborative development of open educational resources (OER) aligned with CCSS. I recommend the third option because it"
educational,resource,2012,BLOG,tjbliss.org,"publishers. However, the report did not consider the rapidly growing availability of open educational resources. OER are instructional materials -- including textbooks, modules, videos, and"
educational,resource,2012,BLOG,tjbliss.org,"shared between and within states. Currently, there are over 500 million openly licensed educational resources (Cable Green at Creative Commons, personal communication, November 2, 2012"
educational,resource,2012,BLOG,tjbliss.org,"Third, state and federal governments could support the collaborative development and adoption of open educational resources aligned with CCSS. Each of these options has advantages and disadvantages for states"
educational,resource,2012,BLOG,tjbliss.org,"that federal and state governments enact policy supporting the collaborative development and adoption of open educational resources that are aligned with the CCSS. In particular, we offer the following"
educational,resource,2012,BLOG,blog.ouseful.info,"like to see being offered...?! # I've mentioned before that open educational resources might benefit from being created in public, possibly in an open course setting"
educational,resource,2012,BLOG,rethinkingmethod.com,contribution to society. Second the public deems it necessary to empower its citizens for educational resources. Third the public warrants the contribution of resources for thirteen years starting in
educational,resource,2012,BLOG,blogmaverick.com,"own the brick and mortar locations. # The best news is that with online educational resources coming on, and im not talking about the for profit schools, Im"
educational,resource,2012,BLOG,blogmaverick.com,", and im not talking about the for profit schools, Im talking about FREE educational resources, anyone with the focus and inclination and access to a pc on the"
educational,resource,2019,NEWS,Omaha World-Herald,", chapter books and graphic novels, and even National Geographic videos. # Further educational resources such as lesson plans, quizzes, educational games and puzzles related to math"
educational,resource,2019,NEWS,Omaha World-Herald,"Road. Attendees will receive an evening of pampering, light snacks and desserts, educational resources, giveaways, swag, shopping and more. Tickets start at $5."
educational,resource,2019,ACAD,Science and Children (1),". In addition, the U.S. Environmental Protection Agency has Earth Day information and educational resources at www2.epa.gov/earthday. TinkerLab offers 50 Earth Day Activities for Kids at http:"
educational,resource,2019,ACAD,Archives of Rheumatology,", and clinical neurophysiology. # In Turkey, basic standards for the teaching staff and educational resource materials for education of the fellows are established by the Board for Medical Specialties"
educational,resource,2019,ACAD,Archives of Rheumatology,"by the Board for Medical Specialties. The number of academicians and teaching staff, educational resource materials and research activity may be the factors that define the quality of the"
educational,resource,2019,ACAD,...p;amp; International Development,"from UCB and GTR and not by those villagers in charge of the villages' educational resources. Those involved in the schools actively supported directing the resources toward education,"
educational,resource,2019,ACAD,Journal of Community Nursing,can do to reduce the risk of skin tears in vulnerable patients # * The educational resources that could be provided in your practice setting to raise awareness of skin tears
educational,resource,2018,MAG,U.S. News & World Report,"to learn more about why workers join these organizations to advance their careers. # Educational Resources # Associations pride themselves on the data and tools they make available, and"
educational,resource,2018,NEWS,Chicago Tribune,"need a better breakfast, more freedom from gun violence, a fairer distribution of educational resources and more stability from the adults in their homes. On great days,"
educational,resource,2018,ACAD,Global Education Review,"could be better identified and heard. The devolution process also increased local control over educational resources, meaning naturalized refugees were more likely to access quality education. # As"
educational,resource,2018,ACAD,... of Applied Linguistics and TEFL,"the example of Mark Twain's text in our course because it is an Open Educational Resource (OER), and thus can be re-purposed with limited effort. Other"
educational,resource,2018,ACAD,... of Applied Linguistics and TEFL,"connectivity. # Another valuable resource is TEDEd (https: //ed.ted.com/), an educational resource which evolved from the TED Talks website. A non-profit organisation founded in 1984"
educational,resource,2018,ACAD,J Entrepreneurship Education,active 0.885 methodologies 12.2. Placements with entrepreneurs 12.3. Design and development of innovative educational resources 13. Internationalization: 13.1. Joint degrees 0.892 13.2. Research 13.3.
educational,resource,2018,ACAD,Girlhood Studies,"Nova Scotia, have produced 4 Girls Only! and Guide for Girls, government educational resource manuals for young women. The most recent versions were launched in October 2014"
educational,resource,2017,NEWS,Charlotte Observer,historic Siloam School in northeast Charlotte and return it to its original purpose as an educational resource and community gathering space. Charlotte-Mecklenburg Historic Landmarks Commission # The Charlotte Museum of
educational,resource,2017,NEWS,Charlotte Observer (1),"it from future development pressure and restore it for use as a community and educational resource. "" # Tribute Companies is a partner on the school project, along"
educational,resource,2017,ACAD,Knowledge Cultures,open education for academic labour - how the drive and the imperative to open up educational resources creates a situation where educators feel that they have to work harder to produce
educational,resource,2017,ACAD,J Am Folklore,"of the family, too. "" # Several mothers spoke gratefully about medical and educational resources accessible to their relatively wealthy American families from which the children have benefitted and"
educational,resource,2016,NEWS,The Detroit News,"behavioral problems. The sooner students can be screened, identified and provided the additional educational resources they need, the better the chances for a positive outcome. Unfortunately,"
educational,resource,2016,ACAD,Inside Higher Ed,"competition could cause an increase in posted prices that are driven by university expansions in educational resources. "" # Russell Poulin, director of policy and analysis for the WICHE"
educational,resource,2015,MAG,VegTimes,list. I would remind you that the foundation of your publication is to provide educational resources for vegetarian diets and not necessarily other alternative diets and lifestyles. # JULIE AYOTTE
educational,resource,2015,NEWS,NYTimes,"the bottom rungs of the resource ladder. American students from families with the least educational resources, as it turned out, scored better on the PISA math test than"
educational,resource,2015,NEWS,NYTimes,", the O.E.C.D. collects information about parental education and occupation, household wealth, educational resources at home and other measures of social and economic status -- and combines them"
educational,resource,2015,ACAD,JAdolAdultLiteracy,". I was excited because it was the main topic in all the journals and educational resources. I also knew it was the direction our district was going, so"
educational,resource,2015,ACAD,JAdolAdultLiteracy,). The materials for this curriculum are openly available online at the following open educational resource: https: **34;2480;TOOLONG # Online Collaborative Inquiry -- A group of local or
educational,resource,2015,ACAD,GeorgiaHisQ,In-School presentations. Held in elementary schools throughout coastal Georgia in February 2014 # Online educational resources highlighting the life and legacy of 2014 GHF Featured Historical # Figure Flannery O'Connor
educational,resource,2015,ACAD,TeachingExceptional,"outscore the other examinees in the local gifted program and require individual attention and outside educational resources to develop to his or her full potential. Therefore, we recommend that"
educational,resource,2015,ACAD,TeachingExceptional,"R.JohnsenS. K. (Eds.), RtI for gifted students: A CEC-TAG educational resource (pp. 120). Waco, TX: Prufrock Press.Individuals With Disabilities Education"
educational,resource,2015,ACAD,TeachingExceptional,"R.JohnsenS. K. (Eds.), RtI for gifted students: A CEC-TAG educational resource (pp. 6386). Waco, TX: Prufrock Press.ReisS. M.BurnsD."
educational,resource,2015,ACAD,JournalEcumenical,"That might involve dialogue, working together and learning from one another, and sharing educational resources. What if the Catholic Church, the Orthodox churches, and other liturgical"
educational,resource,2015,ACAD,PlasticSurgery,be valuable in anticipating potential educational difficulties in this population and in implementing the appropriate educational resources. Analyzing individualized education programs (IEPs) is one way to track what
educational,resource,2015,ACAD,TeachLibrar,"libraries, archives, and museums contain outstanding online exhibits, digital collections, and educational resources. # Let's explore ways these resources can help build engaging learning environments"
educational,resource,2015,ACAD,CommCollegeR,"Washington, DC: U.S. Department of Education, Office of Educational Research and Improvement Educational Resources Information Center. # Aragon, S., & Johnson, E. (2008"
educational,resource,2015,ACAD,CommCollegeR,"S., Jensen, M., & Wiley, D. (2008). Open educational resources: Enabling universal education. International Review of Research in Open and Distance Learning"
educational,resource,2015,ACAD,CommCollegeR,"agents and with select special programs at the community colleges afforded them access to crucial educational resources and information as they contemplated their academic future. The study, consistent with"
educational,resource,2015,ACAD,CommCollegeR,"investment, including time spent helping with homework and the presence of books and other educational resources in the home, translates into better educational outcomes for the next generation ("
educational,resource,2015,ACAD,CollegeStud,"Research on the transitions to adulthood in college students has revealed that parental financial and educational resources (i.e., tangible) in combination with student agency (i.e., intangible"
educational,resource,2015,ACAD,CommCollegeR,"the school context (e.g., context for any educational institution) defined by "" educational resources, academic preparation, and educational orientations "" that relate to student success ("
educational,resource,2014,MAG,Futurist,"the upside, literacy and IQ scores keep rising, and the growth of online educational resources could accelerate intellectual growth even further. Also, the prospects for a more"
educational,resource,2014,MAG,Money,"who volunteer their expertise to entrepreneurs. The Small Business Administration and AARP provide online educational resources and webinars to help develop a business plan, among other startup needs."
educational,resource,2014,ACAD,ExceptionalChildren,"influence in many ways both the national education system and its special education subsystem. Educational resources (e.g., expenditures for teachers' availability and training, buildings, books"
educational,resource,2014,ACAD,SchoolPsych,"school is in session, the learning faucet is turned on for all students, educational resources for learning are available, and most children make academic gains. Conversely,"
educational,resource,2014,ACAD,GeorgiaHisQ,"a second full year, ending August 31, 2013. Series episodes and ancillary educational resources are also accessible via the project website located at **29;285;TOOLONG. The project was"
educational,resource,2014,ACAD,EmergingInfectious,"Health departments were provided with a list of facilities that had purchased these mice, educational resources about LCMV, and an algorithm to determine whether potentially infected mice remained at"
educational,resource,2014,ACAD,KnowledgeQuest,resources in a concerted effort to promote literacy. Huge arrows in the quiver of educational resources are the school and public libraries and their importance in extending learning time.
educational,resource,2014,ACAD,JournalEcumenical,"Georgetown University, and became active in the Metropolitan Washington Interfaith Conference, editing an educational resource on scriptures in eleven different religious traditions. I joined a research institute at"
educational,resource,2014,ACAD,TeachingExceptional,"needs. # Besides vendor-based or for-pay supplemental online resources, there are also open educational resources (OERs) or curricular items created by educators and distributed online for the"
educational,resource,2014,ACAD,TeachingExceptional,") is a digital repository for over 200,000 digital books, essays, and related educational resources available to individuals with disabilities, especially those who are print impaired. For"
educational,resource,2014,ACAD,EducTreatmenChildren,"papers, technical reports). The specific databases searched included: Dissertation Abstracts, Educational Resources Information Center (ERIC), Google Scholar, Medline, PsychEXTRA, PsychlNFO"
educational,resource,2014,ACAD,SchoolPsych,"using the following databases: (a) Education Full Text, (b) Educational Resources Information Center (ERIC), and (c) PsycINFO. Search terms"
educational,resource,2014,ACAD,ReadingTeacher,"also employs conventional spelling and punctuation. Many of the pieces of interactive writing become educational resources with ongoing instructional value, helping the children continue to learn more about reading"
educational,resource,2014,ACAD,TeachLibrar,"behalf of legislation regarding school libraries, educational technology, school funding, and open educational resources. # "" Over the years, thanks to strong statewide and local advocacy"
educational,resource,2013,MAG,AmSpect,the sharply increased presence in schools of Hispanic students with limited English skills taxed state educational resources more and more. Vitriolic squabbles commenced over the means of funding a system
educational,resource,2013,MAG,America,"can indicate a few resources with good track records. # * Electronic New Testament Educational Resources (http: **31;2532;TOOLONG), maintained by Felix Just, S.J., is"
educational,resource,2013,NEWS,Denver,"schoolwork. It's a growing problem that has complicated the family's access to educational resources, but Chiono said other families face much more difficult situations. "" I"
educational,resource,2013,NEWS,Denver,transition is supposed to save money over the long haul and offer up to date educational resources. But some school district officials are saying the upfront costs of digital textbooks
educational,resource,2013,ACAD,MusicEduc,"used in a wide array of social contexts, making for a diverse collection of educational resource materials. It has been arranged and produced in a wide range of musical"
educational,resource,2013,ACAD,CollegeStud,"learning. Instead of offering content based solely on predetermined schedules, just-in-time learning makes educational resources available at the point when students may feel the greatest need for them."
educational,resource,2013,ACAD,CollegeStud,"to the student. Instead of adopting a laissez-faire approach of keeping the door to educational resources open, a scheduled chat infuses a direct visitation of educational assistance into coursework"
educational,resource,2013,ACAD,EducTreatmenChildren,"linguistic and cultural practices immigrant youth bring to schools are not seen as deficits but educational resources for immigrant students and their schoolmates (Artiles & Ortiz, 2002; Artiles"
educational,resource,2013,ACAD,JAdolAdultLiteracy,"directions for teaching. Urbana, IL: National Conference on Research in English and Educational Resources Information Center. # History/Social Studies, Science, and Technical Subjects Standards/Writing. ("
educational,resource,2013,ACAD,KnowledgeQuest,"to market the system to book vendors and other school districts. Currently, Mackin Educational Resources has access to the system for cataloging purposes as Mackin is the only vendor"
educational,resource,2013,ACAD,ReadingTeacher,", DC: U.S. Department of Education, Office of Educational Research and Improvement, Educational Resources Information Center. # Gardner, H. (2006). Multiple intelligences:"
educational,resource,2013,ACAD,JIssuesNursing,"(Barnsteiner et al., 2013). The QSEN website serves as a national educational resource and a repository for nurses to publish contemporary teaching strategies focused on the six"
educational,resource,2013,ACAD,TechEnginTeacher,"curriculum guide will show that the course is standards-based and resource-rich. It includes ready-to-teach educational resources like presentations, design briefs, grading rubrics, student exemplars, and formative"
educational,resource,2013,ACAD,DeltaKappaGamma,"meta-analytic review were located by conducting a search of journal articles and dissertations using the Educational Resources and Information Center (ERIC), PsychINFO, EBSCOhost, Academic Search Premier"
educational,resource,2013,ACAD,ExceptionalChildren,"then protections should be put into place to give these students every opportunity to access educational resources, in spite of differences that may cause them to underachieve. With controls"
educational,resource,2013,ACAD,ExceptionalChildren,"an overwhelming number of aspects of the practice to target for sustainability, and limited educational resources necessitate specific and directed support. As such, it is worthwhile to identify"
educational,resource,2013,ACAD,SchoolPsych,"the literature of data-based peer tutoring studies was conducted using the Education Full Text, Educational Resources Information Center (ERIC), and PsycINFO databases. Google Scholar was searched"
educational,resource,2012,ACAD,TechEngineerTeacher,"classroom, AR would provide a rich contextual view for teachers to use as an educational resource for modeling objects in engineering design. AR's ability to create a 3-D"
educational,resource,2012,ACAD,EducationTreatment,"conducted in the Cumulative Index of Nursing and Allied Health Literatures (CINAHL), Educational Resources Information Clearinghouse (ERIC), Linguistics and Language Behavior Abstracts (LLBA)"
educational,resource,2012,ACAD,LibraryResources,"conference proceedings. 56 Phase 2 also includes work on an information portal that will provide educational resources such as background information on the OpenURL and the serials supply chain, """
educational,resource,2012,ACAD,PracticeNurse,"attempts to expand support, from the emailed sharing of experiences to the provision of educational resources for patients, their families, and the health professionals caring for them."
educational,resource,2012,ACAD,TeachLibrar,"outsourced video instruction is available, much of it the form of OER (open educational resources), it may not meet local needs and it may not be as"
educational,resource,2012,ACAD,TeachLibrar,Open Courseware. There's so much more. Check out our guides to open educational resources (http: **38;46316;TOOLONG... and documentary and nonfiction film (http: **38;46356;TOOLONG
educational,resource,2012,ACAD,Education,between poverty-stricken students and advantaged students in the US is related to a lack of educational resources and poor teaching quality. It discusses how some school systems have been able
educational,resource,2012,ACAD,Education,"of many causes such as parental involvement, cultural attitude towards education, and the educational resources available at the home of a child, the school and its teachers can"
educational,resource,2012,WEB,epi.org,"do, can also make valuable contributions to what we know about the value of educational resources. In contrast to the work of Hanushek and others who have looked at"
educational,resource,2012,WEB,dearauthor.com,"more about it every year, but I've yet to find a good, educational resource on what it is. Not that I've looked too terribly hard,"
educational,resource,2012,WEB,plato.stanford.edu,without sending out state inspectors to monitor the degree to which middle-class parents provide extra educational resources or informal props to self-efficacy and self-esteem that other children are not getting.
educational,resource,2012,WEB,plato.stanford.edu,"be adopted with the aim of increasing the effective opportunities enjoyed by blacks. Special educational resources might be channeled to them. For a time, to unsettle the status"
educational,resource,2012,WEB,plato.stanford.edu,"for market success due to favorable genetic makeup and early childhood socialization, then extra educational resources should be expended on the unlucky so that so far as is possible,"
educational,resource,2012,WEB,plato.stanford.edu,the same prospects of lifetime economic success. Or perhaps we had better say that educational resources are deployed so that anyone who works as hard as can reasonably be expected
educational,resource,2012,WEB,ocw.nd.edu,", Spring 2009  Document Actions # Notre Dame OpenCourseware (OCW) offers free educational resources for the course "" Changing the Face of American Healthcare "" in the Center"
educational,resource,2012,WEB,transequality.org,the Substance Abuse and Mental Health Services Administration (SAMHSA) has created and promoted educational resources on serving LGBT homeless youth; and the Administration for Children and Families issued
educational,resource,2012,WEB,...wway.squarespace.com,"you're unwilling to go through any sort of training, develop any sort of educational resources, or go through anything authentic to actually be worth that money. That"
educational,resource,2012,WEB,ala.org,print comics at this site without creating an account. The site also has an educational resources page with lesson plans and ideas for using comics in the classroom. Tip
educational,resource,2012,WEB,web.law.duke.edu,"Papers, applying her ideas to intellectual property and the intangible commons. # Multilingual Educational Resources about Intellectual Property and the Public Domain Find Chinese, French, Portuguese and"
educational,resource,2012,WEB,web.law.duke.edu,"Property and the Public Domain Find Chinese, French, Portuguese and Spanish translations of educational resources created for the Center to promote greater awareness and understanding about IP and the"
educational,resource,2012,WEB,acacamps.org,"the lives of the children you encounter every day in your work. ACA provides educational resources, research, policy work, outreach to parents, families, and other"
educational,resource,2012,WEB,www2.counton2.com,"goal to make the Children's Museum a safe place, but to be an educational resource for families to insure the safety of all the children in our community."
educational,resource,2012,WEB,nyas.org,"her current projects range from DIY biomechanics to opening up and supporting a world of educational resources. # In this podcast, art historian Nina Samuel, biologists Brian Enquist"
educational,resource,2012,WEB,amazon.com,", Washington. He is the President of BiblicalTraining.org, a non-profit organization offering world-class educational resources for discipleship in the local church. He also runs Teknia.com, a site"
educational,resource,2012,WEB,envisioningpeace.org,"license at all, I am fortunate. The Arnona tax and the misallocation of educational resources are two minor examples of the manner in which Jerusalem is not a city"
educational,resource,2012,WEB,envisioningpeace.org,"vouchers). -- The school board can be sued for gross inequitable distribution of educational resources, but will adopt as its mission the goal of raising every school to"
educational,resource,2012,WEB,musiciancoaching.com,site is a blog for musicians and music industry people. It is a free educational resource and it is also the way I advertise my music consulting services. I
educational,resource,2012,WEB,promoteprevent.org,that provides resources on Social Emotional Learning in Early Childhood that serves as a great educational resource to early ed providers. http: **34;623;TOOLONG.... Our main focus has
educational,resource,2012,WEB,rebeccaskloot.com,"considering adopting the book visit the Teaching page of this site to see the many educational resources available to accompany it, as well as photos of students interacting with me"
educational,resource,2012,MAG,Futurist,"ability to achieve full cognitive potential. For example, wealthier parents can provide better educational resources and spend more time with their children. # Chronic physiological stress because of"
educational,resource,2012,NEWS,WashPost,"MOTHERNET/HEALTHY FAMILIES LOUDOUN, a program that links first-time parents with medical, social and educational resources to give children a socially and physically healthy start in life. Family support"
educational,resource,2012,NEWS,OrangeCR,"director of the Freedom Writers Foundation, a nonprofit organization whose aim is to provide educational resources to teachers so they can challenge and educate students. Gruwell has not been"
educational,resource,2012,ACAD,JournalSchoolHealth,"that economic disadvantage not only has a tangible effect on children through the provision of educational resources available to them, but through the detrimental psychological effect it exerts on their"
educational,resource,2012,ACAD,JournalSchoolHealth,the Web reveals numerous educational materials related to those topics most commonly taught and fewer educational resources around those topics less likely to be taught. Whereas most of the responding
educational,resource,2012,ACAD,PhysicsToday,resources and links to other sites: http: //phys.gwu.edu/iplswiki. A searchable database of educational resources for future physicians is available at the Association of American Medical Colleges MedEd portal
educational,resource,2011,MAG,NatGeog,"of reserves tends to be feeble. Sidebar # Educational Note National Geographic has free educational resources about big cats for students, teachers, and families at natgeoed.org/bigcats. AuthorAffiliation"
educational,resource,2011,ACAD,TeachLibrar,"legislation allowing school districts to use textbook funds to purchase digital content and other online educational resources (Manzo, 2009), the nation will increasingly look to Florida to"
educational,resource,2011,ACAD,TeachLibrar,". Carefully crafted lessons that employ the right technology tools, used in combination with educational resources in a variety of formats, will engage most students -- including those students"
educational,resource,2011,ACAD,TeachLibrar,"NASA, Astrobiology (http: **59;110580;TOOLONG). # Action 4.3 - Leverage open educational resources to promote innovative and creative opportunities for all learners and accelerate the development and"
educational,resource,2011,ACAD,TeachLibrar,"The definition I use for "" open curriculum "" is a curriculum based on open educational resources. These open resources are either free or very reasonably priced. These resources"
educational,resource,2011,ACAD,ReferenceUserServices,"a number of high quality multidisci-plinary repositories (databases) such as MERLOT (Multimedia Educational Resource for Learning and Online Teaching -- http: //www.merlot.org), OER Commons ("
educational,resource,2011,ACAD,ReferenceUserServices,"for Learning and Online Teaching -- http: //www.merlot.org), OER Commons (Open Educational Resources -- http: //www.oercommons.org), JORUM (http: //www.jorum.ac.uk), and"
educational,resource,2011,ACAD,ReferenceUserServices,(Learning Object Repository Network -- http: **30;95295;TOOLONG) that provide access to these educational resources. These databases have different search interfaces and use different search operators; both
educational,resource,2011,ACAD,AmericanSecondary,survey conducted by the American Association of School Librarians (2010) indicated that the educational resources for students in high-poverty schools nation-wide have been disproportionately affected by the economic downturn
educational,resource,2011,ACAD,Education,", DC: U.S. Dept. of Education, Office of Educational Research and Improvement, Educational Resources Information Center. # By KARRIE A JONES, Niagara University; JENNIFER JONES"
educational,resource,2011,ACAD,Education,"suggest that the higher achieving students and lower achieving students are not losing out on educational resources or interventions for the benefit of the "" bubble kids "" so that the"
educational,resource,2010,NEWS,WashPost,"**25;8263;TOOLONG # MOTHERNET/HEALTHY FAMILIES LOUDOUN, program links first-time parents with medical, social and educational resources needed to give children a socially and physically healthy start in life. Family"
educational,resource,2010,NEWS,Houston,"the rector. But Jozwiak also wants the new organ to be an inspiration and educational resource for all music fans. # "" Our hope is that the Co-Cathedral of"
educational,resource,2010,ACAD,Education,"their demographic backgrounds and academic disciplines, students all over the globe are embracing these educational resources. While there are many benefits of distance education, many drawbacks go hand-in-hand"
educational,resource,2010,ACAD,EnvironHealth,"s goals is to collect, develop, review, and disseminate retail food safety educational resources. A global food system, shifting demographics, and limits on time and"
educational,resource,2010,ACAD,AmerIndianQ,legislation that significantly impinges on Indigenous language re-vitalization efforts in the community by moving scarce educational resources away from Native language and culture in order to improve standardized test performance. 15
educational,resource,2010,ACAD,PhysicalEduc,creating a website is that it provides teachers with the ability to link to other educational resources and create personalized databases that reinforce their program objectives. School websites are normally
educational,resource,2010,ACAD,SchoolCounsel,topic for our group's YPAR project emerged during a discussion about the lack of educational resources related to health and sexuality education at school. Not only did it seem
educational,resource,2010,ACAD,SchoolCounsel (1),", as agents to help promote academic achievement in their children, and as educational resources for other parents. In contrast to the philosophy of "" doing to """
educational,resource,2010,ACAD,CollegeStud (1),"plus: Relevant resources in high interest areas. Ann Arbor, MI: Educational Resources Information Center. (ERIC Document Reproduction No. ED250649) # Leong,"
educational,resource,2009,NEWS,SanFranChron,"is nothing "" temporary "" about taking money from the CARES program. Once these educational resource funds for our child care professionals are diverted, they will be permanently gone"
educational,resource,2009,ACAD,Adolescence,"science literature using Academic Search Premier (EBSCO), PsycINFO, PsycAETICLES, and Educational Resources Information Center (ERIC). The initial search term "" after-school program evaluation"
educational,resource,2009,ACAD,EnvironHealth,in Phase I for employees of facilities with documented major violations continues to be an educational resource for food service industry employees. Additional classes were also offered several months in
educational,resource,2009,ACAD,TeachLibrar,"YOUR LIBRARY Teacher-librarians can access the new collection of discipline-specific, standards-based educational resources available to them through the American Library Association. Thinkfinity.org is a web site"
educational,resource,2009,ACAD,TeachLibrar,"be my father's daughter. Carmelita McGrath, Sharon Halfyard, Marion Cheeks. Educational Resource Development Co-Operative (ERDC). 978-0-9688806-2-3. # Treason in Eswy (The"
educational,resource,2009,ACAD,Education,a puzzle). This exercise allows future teachers a glimpse of the myriad of educational resources the Internet provides. Modeling the use of instructional strategies pre-service teachers are expected
educational,resource,2009,ACAD,EnvironHealth,"requirements. HEALTH and its community partners should continue to evaluate and clarify existing mercury educational resources, determine the best ways to distribute them to target populations, and develop"
educational,resource,2009,ACAD,EnvironHealth,have had and continue to have equally important ventures with private sector companies to provide educational resources to our members and others who work in environmental health-related disciplines and support services
educational,resource,2009,ACAD,InstrPsych,negatively phrased item format. They labeled this as acquiescence. A search of the Educational Resources information Center (ERIC) and Psychology and Behavioral Sciences Collection electronic databases using
educational,resource,2009,ACAD,InstrPsych,"Victoria: BC. Sze, S. &; Cowden, P. (2009). Educational Resources: 300 Inclusive Activities for Teachers. Pearson Merrill Publishing. Town, D."
educational,resource,2008,MAG,Redbook,"Autism (TACA), and a cofounder of Teach2Talk, a company that provides educational resources for children with autism and those who are speech-delayed. Jenny's passionate views"
educational,resource,2008,NEWS,WashPost,"kburkburkinc.com // MOTHERNET/HEALTHY FAMILIES LOUDOUN, program links first-time parents with medical, social and educational resources needed to give children a socially and physically healthy start in life. Family-support"
educational,resource,2008,ACAD,Education,"element of fun. The Teacher's Helper (n. d.), an online educational resource, suggests using active concerts where the instructor introduces new learning material to classical"
educational,resource,2008,ACAD,TeachLibrar,"21ST CENTURY, THE SCHOOL LIBRARY HAS HISTORICALLY LED SCHOOL EFFORTS TO PROVIDE THE LATEST EDUCATIONAL RESOURCES FOR THE ACADEMIC NEEDS OF STUDENTS. Increased and improved access to progressively advanced"
educational,resource,2008,ACAD,TeachLibrar,"of the school, and it has supported variable curricula and provided up-to-date and ever-changing educational resources to students and teachers. The new standards enable school libraries to maintain and"
educational,resource,2008,ACAD,TechTeacher,a music video of the theme song! The Design Squad website is packed with educational resources that make it easy to integrate engineering into your curriculum. In addition to
educational,resource,2008,ACAD,Education,"Jose public librarians, and School personnel. Working together, they have developed an Educational Resource Center (ERC), which "" provides information and resources for anyone interested"
educational,resource,2008,ACAD,CommCollegeR,"are legitimate only to the extent that they represent an extension or expansion of the educational resources directed toward the economic, social, cultural, and civic needs of the"
educational,resource,2008,ACAD,GeographRev,"who have had access to little or no land, capital, or logistical or educational resources. In both provinces, most beneficiaries were not trained until after their project"
educational,resource,2008,ACAD,CommCollegeR,", 1989). Regardless of their underlying nature, community colleges are an important educational resource in the United States. Public 2-year colleges represent more than one fourth of"
educational,resource,2008,ACAD,Education,"fund raising and field trips, etc) for parent involvement. Also, additional educational resources are being used to develop and reinforce on an ongoing bases for teacher-parent relationships"
educational,resource,2008,ACAD,InstrPsych,"achievement in mathematics (Campbell &; Clewell, 1999; Campbell, Storo, &; Educational Resources Information, 1996; Laster, 2004; Levi, 2000). In"
educational,resource,2008,ACAD,InstrPsych,"to engage in more exploratory play (Barnett &; Rivers, 2004; Boland &; Educational Resources Information, 1995; Campbell et al., 1996). They like to"
educational,resource,2008,ACAD,MusicEduc,"administrators alike. The aspects that slowed steel band development in the past--lack of available educational resources and minimal availability of tuners--are gradually diminishing, as emerging American pan builders and"
educational,resource,2007,NEWS,WashPost,"kburkburkinc.com # MOTHERNET/HEALTHY FAMILIES LOUDOUN, program links first-time parents with medical, social and educational resources needed to give children a socially and physically healthy start in life. Family-support"
educational,resource,2007,ACAD,CollegeStud,limited student ability to interact and use the educational materials. The newer model constructs educational resources from collections of digitized materials known as learning objects. By recombining these learning
educational,resource,2007,ACAD,SchoolCounsel,encourages school counselors to focus on academic success and to promote equity and access to educational resources for all students. The ASCA National Model and Transitioning into Elementary School #
educational,resource,2007,ACAD,CommCollegeR,operating under contract with the United States Office of Education's (OE's) Educational Resources Information Center (ERIC). The decision by the OE to create a
educational,resource,2007,ACAD,AfricanArts,and reporting tools. # One dramatic and potent example of this type of online educational resource is the array of spatial and contextual materials assembled about Kilwa Kisiwani. Aluka
educational,resource,2007,ACAD,Adolescence,", as well as more broadly youth's experiences of social justice and accessibility to educational resources, that mediate the type of schooling pursued and the length of time a"
educational,resource,2007,ACAD,MusicEduc,improvisation. # Learning situations need to be holistic in nature. There are many educational resources available that contain scale exercises and patterns that will fit over standard chord progressions
educational,resource,2007,ACAD,THEJournal,"company Verizon, announced that it would be investing $31 million in providing free online educational resources to teachers, students, and community organizations through its Thinkfinity.org portal. At"
educational,resource,2007,ACAD,TechTeacher,"in the university (Kurtis, 2003). They use computer technology for accessing educational resources on a daily basis. Faculty who understand this phenomenon and modify their teaching"
educational,resource,2006,SPOK,CNN_Gupta,"costing around $70,000 a year, autism can break the bank. Another complication, educational resources vary greatly from state to state. DR-FRED-VOLKMAR-Y: It is a bit of"
educational,resource,2006,NEWS,Houston,", balanced and science-based information on new food products, food issues, trends and educational resources. "" # Subscription: $69 for one a year (12 issues)"
educational,resource,2006,ACAD,Education,"government shall establish teachers' Resource Centers, the Federal and state governments shall establish Educational Resource Centers and set aside a predetermined percentage of their educational funds to support educational"
educational,resource,2006,ACAD,Education,that their involvement in IEP meetings benefited their children. Parents were able to acquire educational resources and services that they believed their children would not have received if not for
educational,resource,2006,ACAD,InstrPsych (1),(2002) found that the children from poor families have less access to educational resources available to children coming from higher SES families. They have less chances of
educational,resource,2006,ACAD,InstrPsych,"each participant, I was truly amazed by what I heard them say about the educational resources and influences that had been made available to their children. In each home"
educational,resource,2006,ACAD,InstrPsych,"online course resources are proprietary, despite public access repositories such as MERLOT (Multimedia Educational Resource for Learning and Online Teaching; www.merlot.org). # While educators ponder whether"
educational,resource,2006,ACAD,CommCollegeR,"or transferring back to senior colleges. Therefore, reverse transfer students can serve as educational resources for other students. In sum, there are multiple incentives for community colleges"
educational,resource,2006,ACAD,EnvironHealth,and consumption); respondents' most important ethnic-food safety concerns; and the ethnic-food educational resources available to them. The survey was formatted to collect data through Zoomerang surveys
educational,resource,2006,ACAD,TeachLibrar,"see Lesson Plans, Teacher Art Exchange listserv) # Metropolitan Museum of Art. Educational resources. Retrieved January 25, 2006, from **28;5073;TOOLONG index.asp? HomePageLink=education1 (see"
educational,resource,2006,ACAD,Change,"wildebeests, both using hand-held computers. These are examples of the use of open educational resources (OER): teaching, learning, and research resources that reside in"
educational,resource,2006,ACAD,Change,"under an intellectual-property license that permits their free use or repurposing by others. Open educational resources include full courses, course materials, modules, textbooks, streaming videos,"
educational,resource,2006,ACAD,Change,"meeting of participants from both the developed and developing worlds, the term "" open educational resources "" was coined. The uptake on the OER concept since 2001 by international"
educational,resource,2006,ACAD,Change,their interest in and support of it. The growth of two categories of open educational resources demonstrates the promise and challenges of the movement: MIT's Open Course Ware
educational,resource,2006,ACAD,Change,provide access to a narrower scope of material. The rapid increase in high-quality open educational resources in a variety of fields has made it imperative to establish well-organized and useful
educational,resource,2006,ACAD,Change,"Without such sites, users will never he able to take full advantage of open educational resources. Attractive and widely used portals and repositories are coherent, contain a critical"
educational,resource,2006,ACAD,Change,"licenses. These licenses are not the sole answer to creating an open environment for educational resources, but they are a necessary and very effective tool for making content freely"
educational,resource,2006,ACAD,Change,of OER materials in the developing world. Sustainability. Two sustainability problems plague open educational resources. One is whether the OER movement will sustain itself in the face of
educational,resource,2006,ACAD,Change,"value is not a function of its scarcity. We are unabashed advocates of open educational resources, but we are concerned about the future. Issues of sustainability, the"
educational,resource,2006,ACAD,Change,"officer at the education program at Hewlett, where she is responsible for the Open Educational Resources Initiative. The authors retain the copyright far this article."
educational,resource,2006,ACAD,Change,"universities in the developing world. Spreading connectivity, allied with the massive creation of educational resources based on open-source technology, may soon allow the radical reduction in costs necessary"
educational,resource,2006,ACAD,Change,"around the world are creating and sharing learning materials and courses, known as open educational resources, for use on these platforms. This combination of expanding connectivity and the"
educational,resource,2006,ACAD,Change,on these platforms. This combination of expanding connectivity and the growing reservoir of open educational resources is potentially revolutionary. But accessibility is not just a matter of cost.
educational,resource,2006,ACAD,Change,"just the elites, will economies of scale be achieved. Third, making open educational resources available to the developing world, as the Massachusetts Institute of Technology has done"
educational,resource,2005,MAG,Antiques,"American Revolution Educational New Media Project (http: **28;491;TOOLONG), a thematically based educational resource designed for teachers and students from kindergarten through twelfth grade. This demonstration project"
educational,resource,2005,ACAD,Mercury,"among philosophers, musicians, writers and painters. The panels are a very useful educational resource when students are given time to spend on the Exhibition using the proposed worksheet"
educational,resource,2004,ACAD,ArabStudies,"support existing universities. # Even before the recent war, Iraq's once impressive educational resources had been severely depleted: politicization by the regime of Saddam Hussein undermined academic"
educational,resource,2004,ACAD,ArabStudies,responsive to the educational needs of Iraq. It also provides assurance that essential Canadian educational resources will be provided in the most efficient and mutually beneficial way through distance learning
educational,resource,2004,ACAD,Education,"achievement gap. "" Homework reinforces the social inequities inherent in the unequal distribution of educational resources in the United States. Some students go home to well-educated parents and have"
educational,resource,2004,ACAD,Education,". Other students have family responsibilities, parents who work at night, and no educational resources in their homes "" (Kralovec &; Buell, 2001, p. 40)"
educational,resource,2004,ACAD,InstrPsych,"higher education entities. For K-12 academic organizations using strategic planning, we reviewed the Educational Resources Information Center (ERIC) database, the Dissertation Abstracts International (DAI)"
educational,resource,2004,ACAD,AfricanArts,"occasional setback, (n14) the museum has continued to serve as an important educational resource for Dartmouth's faculty and students as well as for public audiences throughout northern"
educational,resource,2004,ACAD,ScienceActiv,"SITES: Does your school or district have a Web site for providing teachers with educational resources? Intel Innovation in Education offers an easy, free way to regularly update"
educational,resource,2004,ACAD,Mercury,the Venus transit as a marvelous opportunity to communicate with the public and to provide educational resources for teachers and students in astronomy and space science through interdisciplinary topics involving such
educational,resource,2004,ACAD,Mercury,"learning, a group of professional organizations is creating comPADRE, a digital repository of educational resources and information. # Communities of Physics and Astronomy Digital Resources in Education ("
educational,resource,2004,ACAD,Mercury,the American Physical Society. The project's goals are to provide focused collections of educational resources that support communities whose core membership belongs to and identifies with the societies.
educational,resource,2004,ACAD,PhysicsToday,"academia, and business. But it also offers the general public a host of educational resources about Earth's magnetic field, including movies of how the field fluctuates. http"
educational,resource,2004,ACAD,TeachLibrar,"for teaching media literacy. More than 1,000 pages of useful tips, tools, educational resources, articles, case studies and research for media literacy education are available at"
educational,resource,2004,MAG,TotalHealth,"fight against diabetes. My hope is that this Web site will serve as an educational resource for you and will inspire you to join this cause. "" The goal"
educational,resource,2004,NEWS,Atlanta,"be. The forest will be a place the whole community can use as an educational resource or for solitude. "" # Neighborhood volunteers have been clearing the undergrowth to"
educational,resource,2004,NEWS,SanFranChron,"who believe that no matter how exceptional, public school -- in a state where educational resources have steadily dwindled -- is still public school. They argue that no amount"
educational,resource,2004,ACAD,Hemisphere,"not even being asked now. # Above all, the CDP is an important educational resource. Only through a careful study of the historical patterns of US diplomacy can"
educational,resource,2003,ACAD,ClearingHouse,"learned that Chicken Soup stories are available online -- an example of computers significantly expanding educational resources, just as technology enthusiasts so often claim and classroom educators too rarely experience"
educational,resource,2003,ACAD,RoeperReview,how important it is to individualize the educational program for each child. Dispersion of Educational Resources # Parents reported frequently that there was an apparent imbalance in the schools between
educational,resource,2003,ACAD,ScienceActiv,comes from and how its consumption affects our health. A variety of fun and educational resources are available on the site through its seasonal issues and monthly uploads. An
educational,resource,2003,ACAD,ScienceActiv,InvenTeam Web site (web.mit.edu/ invent/www/InvenTeam). The Web site also serves as an educational resource to guide the teams through the inventing process and to submit their final reports
educational,resource,2003,ACAD,ScienceActiv,"lessons, a DVD multimedia disk, Web site activities and resources, and other educational resources. The lessons are divided into three segments -- Total Control, Wings That"
educational,resource,2002,MAG,Parenting,"mentoring, and employment services; family and marriage counseling, and numerous financial and educational resources for people who are among the neediest in our communities. Lost Faith in"
educational,resource,2002,MAG,ChristCentury,"where large family structures generally do not exist. Along with the growing religious and educational resources provided by Muslim leaders, such networking is offering opportunities for women to identify"
educational,resource,2002,NEWS,WashPost,"pain, and now helps others in similar circumstances. She founded Crossings, an educational resource organization dedicated to caring for our own at death. # "" When a"
educational,resource,2002,NEWS,Atlanta,", covering every aspect of the new facility, from architect selection and fund-raising to educational resources, musicians' issues and lobby design -- may at some point travel to"
educational,resource,2002,NEWS,Denver,"cabinet, visit the Council on Family Health website (www.cfhinfo.org) and click on Educational Resources, then' Tip Sheets and Articles.' # -Claire Martin # In"
educational,resource,2002,ACAD,CommCollegeR,"or the proceedings of AIR national and regional forums, often made part of the Educational Resources and Information Center (ERIC). Although aspects of these published research works"
educational,resource,2002,ACAD,RoeperReview,"is that they ultimately create divisive competition among defined student populations for access to finite educational resources, creating an unhealthy and ultimately nonproductive systemic tension, diverting attention from the"
educational,resource,2002,ACAD,RoeperReview,provide a framework for evaluating equity pertaining to school finance systems and the distribution of educational resources to children. This framework consists of two major components: horizontal equity and
educational,resource,2002,ACAD,MusicEduc,"and other patriotic songs) and square-dance music (e.g., square-dancing CDs available through educational resources, along with folk-music recordings with reels and other fast, danceable tunes,"
educational,resource,2002,ACAD,ScienceActiv,the field. # The show is a production of Channel Thirteen/WNET New York's Educational Resources Center in partnership with National Environmental Education and Training Foundation. For more information
educational,resource,2002,ACAD,ScienceActiv,s interactive video capability provides students and visitors to CyberSpace with access to the latest educational resources and scientific advances in astronomy. # To learn more about the CyberSpace Gallery
educational,resource,2002,ACAD,ScienceActiv,"site is owned and operated by EdScope, a limited liability company that delivers free educational resources via the Internet "" to expand the scope of education. "" To learn"
educational,resource,2001,MAG,Parenting,"of every resource within the black community, including parents and extended families, our educational resources and our houses of faith. The season is ripe for a return to"
educational,resource,2001,MAG,SkyTelescope,"It's not hard to track down an answer with Internet search engines. General educational resources, such as Arnett's Nine Planets site, provide ample information for young"
educational,resource,2001,NEWS,Atlanta,"pop their cameras. # At the Great Smoky Mountains Institute at Tremont, an educational resource center in the Tennessee Smokies, finding a salamander under a rock, spotting"
educational,resource,2001,NEWS,Houston,"friends, the purpose of the group is to provide information, to become an educational resource and to offer an occasion to socialize. # Volunteers being sought for several"
educational,resource,2001,NEWS,Houston,"leaders transform the educational system by developing a "" Teacher Network "" that delivers Internet-based educational resources into every classroom and teacher's home in the region. This in turn"
educational,resource,2001,ACAD,ArabStudies,"had near-universal primary education. For those who can attend school, books and other educational resources are in extremely short supply. (n18) # The U.S. has blamed the"
educational,resource,2001,ACAD,Education,"school by removing "" traditional boundaries and limitations of time, physical space, and educational resources "". This will not happen simply with the purchase of videoconferencing equipment and"
educational,resource,2001,ACAD,Education,"place of learning. Traditional boundaries and limitations of time, physical space, and educational resources can disappear. The question is, are educators, parents and the general"
educational,resource,2001,ACAD,Education,for all 1200 New York City public schools to have the opportunity to electronically share educational resources by connecting to one-another and to the outside world. Final Thoughts # As
educational,resource,2001,ACAD,InstrPsych,"the educational curriculum has been reported to be advantageous to students, by enlarging their educational resources and expanding their involvement with a new medium (Jakobi, 1999)."
educational,resource,2001,ACAD,EmotBehavDis,"years 1975 to 1999. Second, a computer search was conducted using ERIC (Educational Resources Information Center), PsychLit, general and special education, and criminal justice"
educational,resource,2001,ACAD,Environment,"comprehensive upgrade and redesign of its public spaces, exhibition halls, web site, educational resources, and scientific research facilities. -- California Academy of Sciences press release,"
educational,resource,2000,MAG,TotalHealth,). p. 91. Author Affiliation Thermography Web sites: **26;1041;TOOLONG www.pacificchiro.com Author Affiliation Educational Resources: **27;1069;TOOLONG **28;1098;TOOLONG www.drsusanlove.com **29;1128;TOOLONG www.ralphmoss.com Author Affiliation Sherrill Selman is the author of
educational,resource,2000,MAG,ChristCentury,of hundreds of agencies specializing in everything from home building to prison ministry. And educational resources can be obtained from dozens of major publishers that may offer materials far slicker
educational,resource,2000,MAG,Prevention,"1999). Now in its fifth printing, the book is used as an educational resource at cancer centers across the US. It's available from online bookstores,"
educational,resource,2000,NEWS,Denver,"Beaver Ranch may be used' for no purpose other than' a recreational or educational resource for the youth of Denver. Failing this, Denver has the right to"
educational,resource,2000,ACAD,ABAJournal,"expertise in a scientific or technical field. # Your own experts are an important educational resource, particularly on specific issues in a case. A major part of their"
educational,resource,2000,ACAD,ArtsEduc,"works of art. Advanced electronic technologies had a profound influence on the development of educational resource materials and on the expansion of possibilities for interaction among students, arts teachers"
educational,resource,2000,ACAD,EnvironEd,"1996, p. 1), (n2) nor a simple description of prominent educational resources, but rather a detailed, and according to Ed McCrea, executive director"
educational,resource,2000,ACAD,EnvironEd,"both teachers and students suffer if they do not have access to challenging and accurate educational resources. # In a short discussion such as this, it is difficult to"
educational,resource,1999,MAG,Environmental,"greening aimed at students, faculty, staff and administrators, as well as many educational resources, such as the Campus Ecology Action Toolkit, Campus Environmental Yearbooks, Campus"
educational,resource,1999,ACAD,ArabStudies,"university. As a consequence, the tiered system can provide greater equitable access to educational resources than a system where all institutions have equivalent standards. Strengthening the connection between"
educational,resource,1999,ACAD,Education,"variety of skills and knowledge. Areas addressed include: school leadership, management of educational resources, supervision of instruction, personnel administration and staff development, and legal responsibilities"
educational,resource,1999,ACAD,ClearingHouse,"throughout the United States, which can be found in local telephone directories. # Educational Resources Information Center (ERIC) Clearinghouse for Social Studies/Social Science Education (ERIC/ChESS)"
educational,resource,1999,ACAD,InfoSystems,provides to accountants and consultants. Exhibit I provides a set of related URLs and educational resources for further reference. II. BACKGROUND # The euro is the currency of
educational,resource,1999,ACAD,InfoSystems,two earlier versions of this article. EXHIBIT 1: Selected Web Page References and Educational Resources PREFORMATTED TABLE EXHIBIT 2: Conversion and Rounding Articles 4 and 5 of the
educational,resource,1999,ACAD,EnvironEd,. Method Sample # I searched the Psychological Literature Abstracts (Psyc Lit) and Educational Resources Information Center (ERIC) databases to identify published studies related to the effect
educational,resource,1998,ACAD,SocialStudies,"in precollegiate classrooms. Collectively, they not only have generated a wonderful array of educational resources, but they also have created a network of support that can aid any"
educational,resource,1998,ACAD,SocialStudies,"active, sponsoring teacher workshops, symposia, and outreach programs as well as developing educational resources and publications. The Society for American Archaeology has even created a network of"
educational,resource,1998,ACAD,Generations,"may support ethical consciousness and decision-making in staff members' work with clients by providing educational resources, offering consultation to staff members who must make decisions in difficult cases,"
educational,resource,1998,ACAD,MusicEduc,"Fax 502-895-1509. # The Central Catalog: Textbooks for Students Who Are Visually Handicapped Educational Resources Network of the American Printing House for the Blind, P Box 6085,"
educational,resource,1998,ACAD,EnvironEd,"for educational purposes. Screven (1976, p. 271) described museums as "" educational resources with the potential to serve as significant alternative environments for self-education. "" #"
educational,resource,1998,ACAD,EnvironEd,"Belize, educators developed a program to teach students taking part and to provide ongoing educational resources for future visitors to the reserve. Fifteen North American college students spent 4"
educational,resource,1998,ACAD,EnvironEd,about rainforest ecology and EE theory and practice and to assist the reserve in developing educational resources and materials. # Course developers hoped that the program would have a multiplying
educational,resource,1998,ACAD,EnvironEd,"outside the classroom to teach EE. However, research suggests that teachers use available educational resources unevenly (Simmons, 1994b). Consequently, it becomes imperative that teachers"
educational,resource,1998,ACAD,EnvironEd,"educational affordances (Simmons, 1993). Teachers see various settings as providing specific educational resources, and thus each setting elicits a distinct set of potential EE activities."
educational,resource,1997,MAG,NatlParks,"page. The "" Park Smart "" link provides visitors with more information about the educational resources and mission of the Park Service. Click on the "" Info Zone """
educational,resource,1997,ACAD,SocialStudies,"society to achieve a more equitable distribution of social, political, economic, and educational resources and opportunities (Equality; Justice; Enfranchisement). # The commonly held"
educational,resource,1997,ACAD,InstrPsych,"access for students or teachers to a larger variety of information resources than any other educational resource -such as, access to numerous databases which are updated regularly. According to"
educational,resource,1997,ACAD,InstrPsych,"effectively allocate their time to work with individuals or small groups of students. These educational resources may necessitate many changes in the curriculum, instruction, and the role of"
educational,resource,1997,ACAD,RoeperReview,"but she did not feel comfortable talking to her. # Despite limited financial and educational resources, Jason's mother and stepfather provided a supportive and stable, albeit limited"
educational,resource,1997,ACAD,EnvironEd,"curricula related to conservation education, national literacy and school enrollment data, and local educational resources in the Bay Islands. Ministry of Education administrators and local school teachers were"
educational,resource,1996,MAG,TodaysParent,"Science Culture is a listing of science - and technology - related summer camps, educational resources, films, plays and events across Canada. Available from the Science Promotion"
educational,resource,1996,MAG,Essence,"initiatives throughout Arkansas, Louisiana and Mississippi. The foundation is concerned with improving the educational resources and meeting the long-term social and economic needs of families and children in the"
educational,resource,1996,MAG,WashMonth,", but that would be it. That's the best way to ensure equal educational resources. But short of that, any new funding system should at least put"
educational,resource,1996,ACAD,AcademicQs,"the community service that these grants promote a suitable goal on which to devote precious educational resources? # To be fair, it must be noted that the bulk of"
educational,resource,1996,ACAD,AsianAffairs,. Chinese education policymakers in that period were much more concerned with the redistribution of educational resources than with developing additional ones. # After 1978 China's educational development entered
educational,resource,1996,ACAD,AsianAffairs,Proletarian Cultural Revolution has caused China to lose more than 50 percent of its young educational resources. If Chinese youth had had the same educational opportunity as the Taiwanese youth
educational,resource,1996,ACAD,Education,"improving the socialization of special students, b) providing special students access to mainstream educational resources, and c) accomplishing these enhanced educational opportunities at a reasonable cost."
educational,resource,1996,ACAD,MusicEduc,curriculum so that children have meaningful music instruction almost every day? Which professional and educational resources are in the community or region that help promote a discipline-based approach? How
educational,resource,1995,MAG,ChristCentury,"means is tricky. Extension centers require staff, space and a variety of other educational resources that do not come cheap. The economic break-even point may prove elusive."
educational,resource,1995,MAG,NewRepublic,"the children they produce will be second- and third-generation burghers with all the confidence, educational resources and, most of all, cultural capital to find a more secure place"
educational,resource,1995,ACAD,ArabStudies,"of voting and elections (political rights), but not to the welfare and educational resources of the state (social rights), nor to its land and water"
educational,resource,1995,ACAD,ArtsEduc,"encompasses all of our national museums, has within its collections a large cultural and educational resource of imagery and recordings. Free access to the holdings is a significant issue"
educational,resource,1995,ACAD,ArtsEduc,"education, the business and private sectors, and those who determine policy and allocate educational resources. # The growing synergy at the national level can be attributed to several"
educational,resource,1994,MAG,Essence,"than simply removing the fibroids. For more information, contact: * The Hysterectomy Educational Resources and Services (HERS) Foundation, 422 Bryn Mawr Ave., Bala Cynwyd"
educational,resource,1994,MAG,NatlParks,"were educators who knew the United States had, in its national parks, an educational resource of inestimable value. They understood the power of education as a tool for"
educational,resource,1994,NEWS,Houston,"1977 the National Institute for Occupational Safety and Health designated it one of only nine Educational Resource Centers, which NIOSH envisioned as meccas for the training of occupational doctors and"
educational,resource,1994,ACAD,CommCollegeR,"legitimate only to the extent to which they represent an extension or expansion of the educational resources directed toward the economic, social, cultural, and civic needs of the"
educational,resource,1994,ACAD,ArtsEduc,# The assumption that information will be delivered to students in the form of prepackaged educational resources fits into the traditional industrialized model of education -- a model that gives short
educational,resource,1993,MAG,Essence,", Portland, Ore. 97230-9607, or call (503) 252-9024. * Hysterectomy Educational Resources and Services; (215) 667-7757. INFERTILITY According to specialists, more"
educational,resource,1993,MAG,ChristCentury,"churches rural and urban, large and small. It offered a vast array of educational resources for teaching scripture, doctrine, ethics and missions education. It also developed"
educational,resource,1993,NEWS,CSMonitor,"can see where they are going in the daylight. # Janet Tyburec, the educational resources coordinator of BCI, points out that a lot of Tuttle's success in"
educational,resource,1993,ACAD,EnvironHealth,"all necessary information on HHW disposal and, ideally, serve as a major HHW educational resource for the community. # While the generalization of the study results to other"
educational,resource,1992,MAG,ConsumResrch,"parents "" to tap up to 80% of the equity in their homes as an educational resource. "" # College and university officials have often responded to complaints about rapidly"
educational,resource,1992,ACAD,ArabStudies,". This approach may be extended to cover changes over time in the magnitude of educational resources such as teachers, schools, and educational materials. The evidence on any"
educational,resource,1992,ACAD,ArabStudies,# It should be emphasized that enrollments are not entirely a function of supply of educational resources (i.e. schools and teachers); they are also a function of demand
educational,resource,1992,ACAD,AmerIndianQ,A. Grim) 10(3):234. # The Native People of the Northeast Woodlands: An Educational Resource Publication. Brundin with Bradford. (C. Cornelius) 15(4):530. # Native
educational,resource,1992,ACAD,Ethnology,"suggests that women have succeeded politically in good measure because of the new economic and educational resources available to them (Miller 1989, 1990). These new resources show"
educational,resource,1992,ACAD,PhysicalEduc,"how to develop objectives, course content, educational activities, evaluation activities, and educational resources. # Health promotion capitalizes upon teaching and encouraging others to accept self-responsibility for"
educational,resource,1992,ACAD,SchoolPsych,"and between cultural groups. Second, inequity exists in the distribution and access to educational resources particularly for cultural groups from low-income backgrounds. Many of the intellectual processes assessed"
educational,resource,1992,ACAD,SchoolPsych,on intellectual tests attributing these differences to the inequity in the distribution and access to educational resources that play a significant role in intelligence tests. The author questioned the extent
educational,resource,1992,ACAD,RoeperReview,"question of identifying who is gifted directly impacts children as a result of the Special educational resources allocated (Barkan &; Bernal, 1991, MacRae &; Lupart, 1991)"
educational,resource,1992,ACAD,RoeperReview,It is necessary to prove one's need in order to begin to acquire appropriate educational resources. # That the system doesn't recognize the needs of these children is
educational,resource,1991,NEWS,SanFranChron,"provide just enough that, collectively, the schools' finances and our children's educational resources would benefit greatly. Let's not perpetuate the separation of the classes."
educational,resource,1991,ACAD,RoeperReview,"trivial one for the way in which we address it will have important consequences for educational resource allocation and for future children (Hoge, 1988). The issue is"
educational,resource,1990,ACAD,SocialStudies,"by other responsibilities. One attempt to obviate this obstacle to research use is the Educational Resources Information Center (ERIC), including the clearinghouses, such as the one"
educational,resource,1990,ACAD,SocialStudies,"deal with individual learning styles; and they consume inordinate amounts of classroom hours and educational resources. What is more, they have become so important in the attitude formation"
educational,resource,1990,ACAD,GeographRev,to it as a locus of raw materials for industry and as a recreational and educational resource for the public at large. We here offer a fractal scheme addressing the
educational,resource,1990,MAG,USNWR,"in case students still find something missing, Amherst has tapped a gold mine of educational resources beyond its college walls through ties to other schools in the area. A"
educational,resource,1990,ACAD,MusicEduc,"university library and asks the librarian to run a quick search of the ERIC (Educational Resources Information Center) 6 database for studies about "" rhythm "" and "" education"
educational,asset,2018,NEWS,Chicago Sun-Times,is comparable to CPS' policy of closing schools in neighborhoods badly in need of educational assets that serve all children. Disinvestment in the rural areas and small towns in
educational,asset,2015,NEWS,OrangeCR,"has a perfect opportunity to build a library that would be a major cultural and educational asset. "" I guarantee if you don't build the library now, Irvine"
educational,asset,2014,NEWS,Denver,"different backgrounds about their approaches to digital media and whether it's viewed as an educational asset, a threat to safety and privacy or something in between. Context collapse"
educational,asset,2014,ACAD,LearningDisability,"efficacy studies across educational contexts. They noted that although video games can be valuable educational assets, there is often a disconnect between the efficacy of the games and their"
educational,asset,2012,WEB,....nationaljournal.com,"transmission systems, waste facilities, water systems, hospitals, law enforcement facilities and educational assets against those of other countries -- and that provides for the many and substantial"
educational,asset,2012,WEB,theatlantic.com,"getting those schools approved was to couch them as an economic asset rather than an educational asset. # 11:11 a.m.: How is this election consequential for education? """
educational,asset,2012,BLOG,...digest.wordpress.com,"and opportunity. "" Universities should treat the proliferation of personal mobile devices as an educational asset. The better connected your students are"
educational,asset,2010,ACAD,SocialWork,"the planet living with HIV/AIDS is likely a sub-Saharan African woman with few economic or educational assets. While dealing with her own infection, she must also typically shoulder substantial"
educational,asset,2003,NEWS,Atlanta,the multitude of nonprofit arts companies in North Georgia can be a bigger economic and educational asset than they already are; studies have shown the arts have a $700 million
educational,asset,1999,NEWS,CSMonitor,jumpsuits when kids start to talk tough. Overreacting to Littleton could undermine a key educational asset: schools where students see that they are known and that someone recognizes in
educational,asset,1996,NEWS,Chicago,"a delay. # We feel that Meigs provides entertainment, economic, safety and educational assets for Chicago. # We would like the time to investigate and propose a"
educational,capital,2015,ACAD,StudiesInEducation,"and this can not be redressed and so they continue to increase their linguistic and educational capital, which ultimately can be exchanged on the markets for money (Bourdieu and"
educational,capital,2012,WEB,tomorrowsworld.org,"not only be the governmental capital of the world; it will also be the educational capital of the world. The great Educator and Teacher, the Lord Jesus Christ"
educational,capital,2008,ACAD,AnthropolQ,"their local contexts; and many do not possess the cultural, economic, or educational capital to make their voices heard overseas (see Winegar 2006). Also,"
educational,capital,2007,ACAD,CommCollegeR,"2-year colleges. Clearly, Arthur Cohen's students went on to contribute to the educational capital of this country in a variety of roles. # Another aspect of good"
educational,capital,2007,ACAD,SchoolCounsel,", lack of college preparation makes it more difficult for marginalized students to attain the educational capital necessary to reach the upper rungs of socioeconomic status. # Unfortunately for the"
educational,capital,2005,ACAD,Change,"workforce and citizenry but that could also depreciate dangerously if left unattended. # "" Educational capital "" was the term adopted to describe this asset. Larger stocks of educational"
educational,capital,2005,ACAD,Change,"Educational capital "" was the term adopted to describe this asset. Larger stocks of educational capital in the form of citizens ready for advanced practice and able to make complex"
educational,capital,2005,ACAD,Change,"and the nation. And despite the fact that states could increase their stocks of educational capital by making themselves more attractive to educated emigrants from other states and nations,"
educational,capital,2005,ACAD,Change,"of student learning to be used in the demonstration project. With the notion of educational capital as a starting point, it seemed clear from the outset that tests centered"
educational,capital,2005,ACAD,Change,skills in realistic contexts (be they the workplace or the academy) was what educational capital was all about. # Initial results of the National Forum's work in
educational,capital,2005,ACAD,Change,"of underlying values, focused message, and methodological substance. The value placed on educational capital demanded that the profile be led by a performance measure applied to the state"
awful,stench,2019,MOV,I Spit on Your Grave: Deja Vu,"find yourself a nice balding guy who doesn't mind kissing you with that awful stench of garlic on your breath. Settle down already, Mom. I've done"
awful,stench,2016,FIC,The Massachusetts Review,"pretty sure I did hear the constant rustle of flapping wings, and the awful stench that eagle gave off still seems to be mired deep in my nostrils. It"
awful,stench,2014,FIC,FantasySciFi,"of the wounded and the dying day after day, and gagged at the awful stench of human bodies decaying in the desert sun. He had stepped over fly-infested civilian"
awful,stench,2013,TV,Futurama,you. It's so great being away from everyone. Zoidberg and his awful stench. Stanky. Bender and his obnoxious ego. But-but... And what about Amy
awful,stench,2012,WEB,shtfplan.com,their stomachs. # The (NP) will have to deal with the awful stench of rotting wastes from many sources because they have not taken the effort to even
awful,stench,2012,BLOG,businessinsider.com (1),"site in 2009 due to financial troubles (residents also complained about the awful stench).  Whiskey distilleries by-products are transformed into enough electricity to power 9,000 homes"
awful,stench,2007,MOV,...The Demon Barber of Fleet Street,"thin it once a week! Pardon me, ma'am, what's that awful stench? - Are we standing near an open trench? - Must be standing near"
awful,stench,2006,FIC,NewYorker,"it before she was stretching and shaking her wings, and there was that awful stench for a moment, and then there was another odor, fresh grass and cookies"
awful,stench,2006,FIC,Mov:SliTHER,"# OLDER COP # Oh, shit! They see the source of the awful stench: Brenda is encircled by the rotting carcasses of cows and horses and forest critters"
awful,stench,2005,FIC,NewYorker,"sobs. "" When I woke up my whole body was filled with that awful stench. It's in my mouth and my lungs. My insides feel like they"
awful,stench,2005,NEWS,Houston,? For someone to spray the city with deodorant and rid it of the awful stench of rot and decay that infuses the air? For the police to come knocking
awful,stench,2001,FIC,Bk:LastPrecinct,"suddenly on the verge of tears, cold and trembling and smelling Chandonne's awful stench again. "" And why was it you had the jar in your home?"
awful,stench,1998,NEWS,WashPost,"so she cooked the bird in it and then wanted to know what the awful stench was. # T-day tips: "" Make your guests participants in the meal by"
awful,stench,1997,SPOK,CNN_King,", apparently with the masks being worn, Commander Fulmer, was there an awful stench? # FULMER: The odor very noticeable, very pungent, the responding deputies"
awful,stench,1997,ACAD,GeographRev,"sparse population of the historic Dust Bowl means fewer people to complain about the awful stench of the manure lagoons. Furthermore, the people of the panhandle have been preconditioned"
awful,stench,1996,FIC,HarpersMag,"his hair, and he'd burn that in a small pile. An awful stench of himself emerged, sweet and thick and oily. "" But wait, """
awful,stench,1995,MAG,FieldStream,"Maybe you shouldn't argue with success, but after years of enduring the awful stench of stinkbaits, I was ready to find a more refined way to take a"
awful,stench,1994,FIC,LiteraryRev,"soul. For them, the Carmel Market isn't the crowds and the awful stench, the misery and oppression, not even the vulgarity. On the contrary,"
horrible,stench,2019,FIC,SouthernRev,"I'd been born someone else! "" # Tongjai sighed, expelling the horrible stench that she had just inhaled. Kui's words made her think: should have"
horrible,stench,2019,FIC,New Moon Girls,"They all scattered, running off just to try to get away from the horrible stench now on their thick fur. # "" Who are you?? "" asked"
horrible,stench,2018,FIC,Azalea,"frighteningly thin as a dead tree branch, her yellow pupils, or the horrible stench of her body. # She collapsed back onto the floor. She panted for"
horrible,stench,2014,FIC,SouthernRev,"they had to burn the dead on the outskirts. This let forth a horrible stench, a dismal smog. Their single hope was a prophecy. "" A girl"
horrible,stench,2014,FIC,Overland,"when it hit me, and all the house seemed to quiver with a horrible stench: something vile and painful and adult and unforgiveable, and I didn't want"
horrible,stench,2012,BLOG,...atesims.blogspot.com,"to squeeze some air back into her lungs, she decided to escape the horrible stench the bathroom now had. Margo's fingers tenderly pushed the door open, and"
horrible,stench,2006,ACAD,FeministStud,"for German soldiers). They were collected, then burned, producing a horrible stench. Whenever possible, I tried to avoid the hated chore. # By the"
horrible,stench,2003,TV,Jake 2.0,"good-bye. Couple of days from now, one of your neighbors notices a horrible stench. Cops break down the door, find the decomposed remains of a man your"
horrible,stench,2002,SPOK,NPR_ATCW,"within a few hours, the entire neighborhood was inundated with smoke and the horrible stench of incinerated bodies and burning plastic and computers and wires, and it was a"
horrible,stench,2002,MAG,HarpersMag,"off the algae decomposes, taking oxygen out of the water and causing a horrible stench. Fish in oxygen -- depleted waters surface for air and, failing to get"
horrible,stench,1999,MAG,Cosmopolitan,"will detect your scent. "" Patients will come in complaining of t is horrible stench, but I can't smell it and neither can the nurse, "" says"
horrible,stench,1992,FIC,BkSF:DanceDead,"was six feet over the tomb, then hovered in the air. A horrible stench wafted from the tomb, but it did not bother Lond. He smiled to"
horrible,stench,1992,NEWS,CSMonitor,"grown men leaving with tears in their eyes. You could not believe the horrible stench, the oppressive heat, the overcrowding, lack of emergency exits, dilapidated desks"
horrible,stench,1991,MAG,AmHeritage,as refined and immaculate as an airplane can achieve. Over everything hung a horrible stench that had to come from newly buried bodies. I sat in a Zero and
terrible,stench,2014,FIC,FantasySciFi,", a cloth over my nose and mouth that did little to dispel the terrible stench. Holding my breath, I placed Judas on the floor next to Yeshua's"
terrible,stench,2012,WEB,earbox.com,"the people nearby to take away the stone. The grave reeks with a terrible stench. Jesus withdraws to pray. Mary panics. "" Where are you? Why"
terrible,stench,2012,WEB,huffingtonpost.com,who saw it alive described the beast as an evil-looking rodent-dog hybrid with a terrible stench. The mystery beast had been rumored to be haunting Androscoggin County and making off
terrible,stench,2009,FIC,AntiochRev,", in a way, already dead there in the yard, with the terrible stench of her burnt-away hair, the ashes of her clothes that had melted into her"
terrible,stench,2004,FIC,Mov:Grudge,# -- and slides the door open. # He immediately recoils. A terrible stench inside. # The BUZZING of the flies is louder. Coming from above.
terrible,stench,2002,SPOK,CNN_KingWknd,"the crawl space GRACE In the crawl space, right LEVIN There was a terrible stench. She had absolutely no idea GRACE Thank you for reminding me of the stench"
terrible,stench,2002,FIC,Atlantic,"the metal cutters bit into the lead, everyone stiffened in expectation of a terrible stench: the nuns discreetly applied handkerchiefs to their nostrils and turned slightly away, while"
terrible,stench,1998,FIC,FantasySciFi,"the edge of a ravine. Midday, the sun bearing down, a terrible stench rising up the steep slope. Mason knew exactly where he was. # Guatemala"
terrible,stench,1997,ACAD,GeographRev,""" lagoon "" where the solids settle and the liquid evaporates, producing a terrible stench. # The clusters of buildings are variously known as farms, sites, or"
terrible,stench,1995,FIC,FantasySciFi,"the long tiled corridors to Lisette's room, and there, despite the terrible stench and the sound of Anna weeping in the hall, I sat with her for"
terrible,stench,1992,FIC,BkSF:DanceDead,"As they drew closer, the wind shifted and the captain grimaced. A terrible stench was emanating from the two, borne on the hot, muggy breeze. """
terrible,stink,2014,FIC,FantasySciFi,", a cloth over my nose and mouth that did little to dispel the terrible stench. Holding my breath, I placed Judas on the floor next to Yeshua's"
terrible,stink,2012,WEB,earbox.com,"the people nearby to take away the stone. The grave reeks with a terrible stench. Jesus withdraws to pray. Mary panics. "" Where are you? Why"
terrible,stink,2012,WEB,huffingtonpost.com,who saw it alive described the beast as an evil-looking rodent-dog hybrid with a terrible stench. The mystery beast had been rumored to be haunting Androscoggin County and making off
terrible,stink,2009,FIC,AntiochRev,", in a way, already dead there in the yard, with the terrible stench of her burnt-away hair, the ashes of her clothes that had melted into her"
terrible,stink,2004,FIC,Mov:Grudge,# -- and slides the door open. # He immediately recoils. A terrible stench inside. # The BUZZING of the flies is louder. Coming from above.
terrible,stink,2002,SPOK,CNN_KingWknd,"the crawl space GRACE In the crawl space, right LEVIN There was a terrible stench. She had absolutely no idea GRACE Thank you for reminding me of the stench"
terrible,stink,2002,FIC,Atlantic,"the metal cutters bit into the lead, everyone stiffened in expectation of a terrible stench: the nuns discreetly applied handkerchiefs to their nostrils and turned slightly away, while"
terrible,stink,1998,FIC,FantasySciFi,"the edge of a ravine. Midday, the sun bearing down, a terrible stench rising up the steep slope. Mason knew exactly where he was. # Guatemala"
terrible,stink,1997,ACAD,GeographRev,""" lagoon "" where the solids settle and the liquid evaporates, producing a terrible stench. # The clusters of buildings are variously known as farms, sites, or"
terrible,stink,1995,FIC,FantasySciFi,"the long tiled corridors to Lisette's room, and there, despite the terrible stench and the sound of Anna weeping in the hall, I sat with her for"
terrible,stink,1992,FIC,BkSF:DanceDead,"As they drew closer, the wind shifted and the captain grimaced. A terrible stench was emanating from the two, borne on the hot, muggy breeze. """
awful,stink,2017,FIC,Bk:Rock-a-byeBones,"processing plant. They keep hangin', there's gon na be an awful stink. "" # "" Jitty! That is a truly awful visual. I may"
awful,stink,2002,MAG,BoysLife,"as it faded away into the palmetto fans. Bear? There was an awful stink when we got up to the place. Flip held his nose. Well,"
awful,stink,1998,FIC,LiteraryRev,"n't seem to get the hang of bringing him around. There was an awful stink, the Jews crowding around were getting sick, and Jesus, sweating, was"
bad,reek,1994,TV,Weird Science,", you. Weigh a ton. Hey, don't start. This bad reeks... or is that me? Do you have to use the bathroom? It"
bad,stench,2008,MAG,Atlantic,"and to make comprehensive peace with Israel. Even this outcome would carry a bad stench, and be dismissed by many as a cynical ploy. But all things considered"
bad,stink,2005,TV,Boston Legal,Burning books? JUDGE: Ms. Tyler I must say this has a bad stink to it. How do you ban one network news program and not the others
horrible,stink,2004,FIC,SouthwestRev,"brother and I shared, I scrubbed my arms and belly to get the horrible stink and the crusted blood off, with the snake all the while thrashing in the"
moral,straightness,1990,MAG,MotherEarth,"enough with these, and with certain potentially awkward scout propensities -- ranging from moral straightness to daily good tums to perpetual preparedness -- to defuse the fun satirists have had"
helpful,support,2015,ACAD,TeachingExceptional,the production of a final product. # Supporting Planning and Drafting # One potentially helpful support involves the use of graphic organizers to help students organize their prose. Graphic
helpful,support,2014,ACAD,CommCollegeR,"community college and the college environment, including the social aspect and the positive, helpful support of staff, teachers, and their peers. For many, attending college"
helpful,support,2012,ACAD,ReadingTeacher,"small steps and experimenting, teachers will find that blogging is a fairly simple and helpful support for writing instruction. The purpose of this article is to explore ways in"
helpful,support,2012,WEB,jobsearch.about.com,"addition, you may want to forward a separate communication expressing your gratitude to any helpful support staff person. Those staff people have more influence than you might imagine when"
helpful,support,2012,WEB,schoolclimate.org,"bullying, and create a community-wide project to raise awareness, share stories and develop helpful supports. Learn more about how to start an Upstander Alliance at **27;656;TOOLONG and access"
helpful,support,2012,BLOG,...ncebasedmedicine.org,"church help and or donations. Or not, if you don't have a helpful support network. It really depends so much on individual circumstances, I hate to"
helpful,support,2012,BLOG,boxesandarrows.com,", as well as Joe Lamantia, Jared Spool and Andrew Hinton for their immensely helpful support and feedback for this article.  17 Reader's Comments # giles #"
helpful,support,2012,BLOG,amazingasset.com,"But I wanted to write a quick note to you and thank you for your helpful support throughout this time... I have always loved your blog, it has kept"
helpful,support,2010,ACAD,HealthSocialW,"reported that the friendships of other triplet parents proved to be some of the most helpful support available. As Beck (2002) described, finding another parent of multiples"
helpful,support,2008,ACAD,SchoolCounsel,"and some peers. These children, with their full range of emotions and with helpful support systems, do not seem adequately described by a deficit-based model that focuses only"
helpful,support,2006,ACAD,CollegeStud,stories of these participants demonstrate success is attainable with assistance and connections to knowledgeable and helpful support outside the university environment. #
helpful,support,1999,MAG,PCWorld,to connect the decoder board to the system video board. (A not entirely helpful support rep told us to count the pins on our video feature connector and buy
helpful,support,1995,MAG,Bicycling,62 official Century Challenge rides. These are guaranteed to have clearly marked routes and helpful support. Train for speed. Two-time Race Across America winner Pete Penseyres won the
helpful,support,1995,MAG,Fortune,"years, yet no pattern suggestive of nerve damage has appeared. Fen-phen received some helpful support in September when an FDA advisory panel recommended that fenfluramine be dropped from the"
helpful,support,1992,MAG,Astronomy,"me how to use the spectrometer and the new computer system. These kind, helpful support scientists are often wakened by grumpy astronomers whose research is temporarily stymied by some"
blind,touch,2008,FIC,Poetry,"pen or chiseling with a typewriter, was physical, but now who except the blind touch language. Riding a horse blind is one thing, but reading blind -"
blind,touch,2000,SPOK,CNN_Event,"a pair, who's getting hose? Though the expensive ones easily won the blind touch test. UNIDENTIFIED FEMALE: Number two. MOOS (on camera):"
blind,feeling,2003,ACAD,PerspPolSci,"they are general. So, experiencing them can not be irrationally unique, one blind feeling after another, as it were. Even when we summon or replicate passions"
difficult,weight,2012,WEB,...peare-literature.com,"mean to touch your love indeed, It shall be full of poise and difficult weight And fearful to be granted. # OTHELLO # I will deny thee nothing:"
