lemma_1,lemma_2,year,genre,source,data
difficulty,catch,2015,ACAD,ReadingImprovement,"Some children enter kindergarten with few early literacy skills, which can result in significant difficulty catching up to typically developing peers without some type of intensive intervention (Good,"
difficulty,catch,2012,NEWS,WashPost,". Mets starter R.A. Dickey seemed like the obvious choice to start the game but difficulty catching his knuckleball may have cost him. NATIONAL LEAGUE RESERVES Pitchers Aroldis Chapman,"
difficulty,catch,2012,WEB,...iftun.deviantart.com,"s ability to walk in a straight line was somewhat impaired, Spike had little difficulty catching up to the meandering unicorn. He slowed his pace once he caught up"
difficulty,catch,2011,MAG,PCWorld,at least 80 percent of attacks. This indicates that the program may have some difficulty catching brand-new malware for which a signature file doesn't yet exist. On the
difficulty,catch,2005,SPOK,NPR_Science,"subtle... FLATOW: Right. Dr-KARAS:... and can really just be some difficulty catching her breath, feeling a bit sick to her stomach, a bit nauseous"
difficulty,catch,2003,TV,Survivor,that we don't want the fish. It's that we're having great difficulty catching them. This is the most I've ever eat beans in my whole
difficulty,catch,2002,NEWS,NYTimes,body you want. We were most impressed with his hands. He had little difficulty catching the football and his hands were surprisingly soft. He had good quickness and
difficulty,catch,1999,MAG,MotherJones,"couldn't believe what was happening. "" # The lowland children had much greater difficulty catching a ball or dropping a raisin into a bottle cap -- both tests of"
difficulty,catch,1998,ACAD,PhysicalEduc,"Basketball Association Dissolves Before it Begins # Regardless, women's professional basketball still had difficulty catching on in America. In 1991, 10 years after the demise of the"
difficulty,catch,1997,MOV,Seven Years in Tibet,Shanghai so even if you make it to the Chinese border... you may have difficulty catching up with them. I don' t care if they're repelled all
difficulty,catch,1995,FIC,BkJuv:Arkadians,"a little glint of wry amusement. At sight of her, Lucian felt some difficulty catching his breath. Despite a sudden giddiness, he straightened up, squared his"
crisis,catch,2017,NEWS,Virginian-Pilot,a developmental disorder as well as other mental health diagnoses. # featured  Mental crises catch man and family in revolving door of medication and psych care # Sherita Martin
crisis,catch,2012,ACAD,MiddleEastQ,"Echo, Oct. 26, 2009. # 5 Svante E. Cornell, "" Iranian Crisis Catches the Turkish Government off Guard, "" Turkey Analyst, June 19, 2009"
crisis,catch,2012,ACAD,MiddleEastQ,""" Turkey Analyst, Feb. 7, 2011. # 51 Cornell, "" Iranian Crisis Catches the Turkish Government off Guard. "" # 52 World Bulletin (Istanbul)"
crisis,catch,2012,WEB,dealbook.nytimes.com,"short-term profits, that's what you get, and that's how the financial crisis caught fire. "" # Not all institutional investors are unhappy. Bill Ackman,"
crisis,catch,2012,WEB,ryancaseybooks.com,through your list of ideas. Does the one about the vicar in a mid-life crisis catch your eye? Then note it down on another piece of paper. Throw
crisis,catch,2005,SPOK,CNN_Next,"Brookfield Zoo staff realized they got an unforgettable lesson in public relations, that a crisis caught on tape could teach the world more about these gentle giants than words alone"
crisis,catch,2002,SPOK,CBS_Rather,"An agonizing lesson, imagines from inside, scene for the first time, a crisis caught on tape that in some ways brought comfort. ! KRISTEN-KOSTIW-VI:"
crisis,catch,1990,SPOK,ABC_Business,"might be fairly critical VANOCUR voice- over But, despite its renowned reputation, the crisis caught ESA off guard. Its founder went off to a secluded honeymoon and was"
crisis,overwhelm,2019,NEWS,The Boston Globe,"SSTAR has been looking to expand for more than three years, as the opioid crisis overwhelmed its two existing facilities, both in Fall River. About one in five"
crisis,overwhelm,2012,BLOG,bullfax.com,"rescue from the European Union and the International Monetary Fund in November as a banking crisis overwhelmed the government. The European Commission in Brussels said the downgrade "" contrasts very"
crisis,overwhelm,2008,ACAD,IntlAffairs,"impacts of climate change, and the action agenda is to find solutions before this crisis overwhelms us and causes irreversible damage. Our best guess is that these impacts may"
crisis,overwhelm,2006,MAG,Fortune,"Japan's economic fate depends on Koizumi's successors getting back in reform mode before crisis overwhelms them. In Japan Sinks, the do-nothing cabinet ministers board a plane and"
crisis,overwhelm,1993,ACAD,ArabStudies,"unknown. Certainly, however, the flood of displaced refugees in Jordan during the Crisis overwhelmed economic, political and social institutions. # The Palestinian and Jordanian work force"
difficulty,impede,2012,WEB,www1.umn.edu,) as well as the activities undertaken under this programme. # C. Factors and difficulties impeding further progress in the implementation of the Convention # 9. The Committee notes
time,back,2017,NEWS,Colorado Springs Gazette,the conditions needed to continue enjoying sanctions relief under the deal and has both times backed away from a showdown. # But U.S. President Donald Trump more recently has said
time,back,2013,NEWS,NYTimes,"a middle-of-the-road deal maker, sometimes siding with the teachers' union and other times backing Mr. Deasy. He has often been the swing vote on issues that have divided"
time,back,2012,WEB,mormonsforobama.org,"not agree with everything either candidate says, but I have a real tough time backing President Obama when he is in favor of gay marriage and abortion. God is"
time,back,2012,WEB,michellemalkin.com,owl. Who believes that another top-down government exercise in species engineering -- this time backed with bullets -- will do the trick? When the government picks winners and losers
time,back,2012,BLOG,...shere93.blogspot.com,"the current bedroom bce. # Fsc used and come dishes, coffeemaker. Time backs him meanwhile to, but suguru has enough second managed all heat to substitute."
time,back,2011,SPOK,ABC_ThisWeek,"still talking, I'm still talking, "" and Rick Perry the first time backed off. This time, Rick Perry kept talking. And, I mean,"
time,back,2008,NEWS,Denver,"and hissing fumaroles (steam vents). We spent quite a bit of time backing away from bison, who like the thermal pools and geyser areas not because they"
time,back,2008,ACAD,MechanicalEng,"a unique design to meet customer needs. Engineer Mark Resler had a hard time backing down from such a challenge, but this one, he said, was a"
time,back,2003,NEWS,WashPost,found that Harlow in some cases failed to root out improper accounting and other times backed down when Sunbeam's management disagreed with his findings. Private securities attorneys said that
time,back,1998,NEWS,NYTimes,". Mr. Truscott certainly remembers it that way, and news reports from the time back him up. # Although the bookstore carried the novel, active duty officers were"
time,back,1995,FIC,Bk:LadderYears,""" she said. She dabbed at his muzzle ineptly, at the same time backing off a bit. The front door opened, and Adrian said, "" Finally"
time,back,1993,FIC,Mov:BeingHuman,HECTOR # They won't let me leave here... # The Policeman this time backs him up. # # POLICEMAN # That's true. # The Son backs
time,back,1992,NEWS,USAToday,"em all, "" he told his critics again Monday, at the same time backing down from his threat to stay on. He said he just wanted to expose"
time,back,1991,MAG,TIME,"his revolution across the gulf. That was one reason the U.S. at the time backed Khomeini's enemy, Saddam Hussein. Last fall the CIA warned the White House"
time,back,1991,NEWS,Atlanta," # He will be back in the Supreme Court on Wednesday, this time backing up another attorney who will argue that Rhode Island junior high school students have the"
time,back,1990,TV,Star Trek: The Next ...,"claim on Jono is based on Talarian custom. He'd have a hard time backing away from it now. Captain, there is a subspace communication - from Starfleet"
existence,dwell,2012,BLOG,...rystals.blogspot.com,entire solar system. It is a fact in nature that all that is in existence dwells within a sphere. The sphere requires two types of force -- rotary and
time,place,2019,SPOK,CBS_FaceNation,"you hit him in the pocketbook. His oligarch friends are having a hard time placing their money around the world. We put tremendous sanctions on the Russian economy,"
time,place,2019,FIC,Analog,"problems and devise instant strategies for response. He runs several hypotheticals, each time placing himself at a disadvantage. An enemy leaps in from behind; he spins,"
time,place,2017,MAG,RollingStone.com,"over Michigan months earlier, Warren Moon went undrafted because teams had a hard time placing him as anything other than a pocket passer -- and they weren't ready to"
time,place,2016,MAG,MarketWatch,players in the league in 1996 or 1998 but won because voters of the time placed far too much emphasis on RBIs. It's not too far a stretch to
time,place,2015,MAG,Prevention,"finished eight half-marathons and four marathons and even completed two half-Ironman triathlons, last time placing third in my division. In my sights are the Boston Marathon and the Ironman"
time,place,2012,TV,The Dust Bowl,"YOU ARE, YOU HAVE THE FEEL-AT-HOME-NESS. Narrator: MEANWHILE, THE HARD TIMES PLACED A STRAIN ON THE BECKS' MARRIAGE. Beck: MY MOTHER WOULD HAVE BEEN"
time,place,2012,WEB,houseofsparky.com,"in this piece over on SB Nation Arizona, I really have a hard time placing the level of blame on Kelly that most people do. Facing four straight teams"
time,place,2012,WEB,edge.org,"wine coolers or the pill. In the days before Facebook and Twitter, time placed severe constraints on friendship. Even the traditional Christmas letter, now a fossil in"
time,place,2012,WEB,huffingtonpost.com (1),to discourage this kind of reporting from taking place and at the same time place considerable financial burdens on filmmakers like Berlinger to defend their constitutional rights. # Although
time,place,2012,WEB,...shvirtuallibrary.org,"while searching for the source of the Nile River. His estimates at the time placed the Beta Israel population at 100,000, already greatly decreased from an estimate from centuries"
time,place,2012,WEB,...ooks.adelaide.edu.au,"it is said, those of the citizens who are in authority at the time place the flesh by night, managing the matter carefully, and by day any man"
time,place,2012,WEB,justice.gov,attacking with impunity throughout the country. (18) # Estimates near the time placed the number of Yugoslav military casualties at between five and ten thousand. (19
time,place,2012,BLOG,libertyballers.com,"commodity, by putting Bynum in positions to succeed, and at the same time placing everyone else in positions where the team's offensive output can be maximized around Bynum"
time,place,2010,ACAD,TeachLibrar,"concerns related to the English Language Arts Common Core, while at the same time placing much-needed emphasis on the expertise that teacher-librarians bring to the effort: # "" AASL"
time,place,2009,FIC,Bk:OneTaste,", she flung the pillow to the floor and quickly grabbed another, this time placing it on her face to muffle her sobs. She was certain that she loved"
time,place,2009,NEWS,Atlanta,a unique mission. It is a shame that political ideology and tough economic times place us in opposition to some of the private schools that have begun accepting these taxpayer
time,place,2008,FIC,Bk:Hand-me-downHeartache,"this memory in my heart forever, in what I called my "" good times place. "" // Mom was the first to hug me. "" Congratulations, baby"
time,place,2007,FIC,Analog,"But both are whole. A relief! Albrecht fills them and, this time places the one in Nicole's arms as gently as a nurse returning a mother's"
time,place,2005,SPOK,CNN_Daybreak,? 166.5 miles per hour over the 2.5 mile triangular track. Wallace's time places him 13th among the 43 drivers. WALLACE: We're done for today now
time,place,2003,ACAD,NaturalHist,"or two seeds. He then repeats the process three more times, each time placing the new column of piles to the left of the preceding column. In the"
time,place,2002,MAG,Shape,"hip height B. Lower leg to floor and. repeat from beginning, this time placing weight back on floor (alternately pick up and replace weight with each rep)"
time,place,2002,MAG,Forbes,right. One other drawback: The average Michaels sales staffer still spends more time placing orders than waiting on customers. # Help will arrive next August with the start
time,place,2001,ACAD,Humanist,"era, Washington has consciously supported Osama bin Laden, while at the same time placing him on the FBI s' most wanted list as the world s foremost terrorist"
time,place,2001,TV,Friends,"you sweet? I got ta tell you, I'm having the hardest time placing you. Hang on! I think I remember you. Did we fool around"
time,place,2000,FIC,Bk:LanguageThreads,"been kicked out by his wife. Afterward, the sisterhood had a hard time placing her. Word had spread, and no Chinese Tai tai would take her."
time,place,2000,NEWS,NYTimes,"them for being weak, but also from coaches and owners, who at times place the team's immediate needs above the athlete's long-term health, many players said"
time,place,2000,NEWS,Denver,"their foster-parenting responsibilities. # ' You're going to have a real hard time placing all these kids,' if the state further limits the number of children in"
time,place,2000,TV,Ed,"s ordered. Of course you do. And did you, at any time place a telephone call to Miss Hudson? Yes, I did. I told her"
time,place,1998,FIC,SatEvenPost,"the sinister. And when Sidney McMurdo spoke these words, at the same time placing a heavy hand on the other's shoulder, I realized how matters stood."
time,place,1998,ACAD,CATOJournal,"the same ethnic group by placing them in different countries while at the same time placing other, formerly separate groups in the same country. Partition was implemented without due"
time,place,1998,ACAD,SchoolPsych,"grain. However, operating outside of their comfort zone for extended periods of time places the individuals at risk for stress (Strelau, 1983). Likewise, there"
time,place,1996,MAG,WashMonth,"where the typewriter jobs seemed headed). Alessandra Stanley of The New York Times placed it "" somewhere between Jimmy Stewart taking on the capital and the final moments of"
time,place,1996,NEWS,Atlanta,"by Robert Shaw, the country's premier choral conductor. The demands of time placed on the members are great; during performance weeks they sing six consecutive evenings for"
time,place,1995,MAG,NatlParks,"two ways, stripping jazz of the protections of sentiment while at the same time placing it on the pedestal of heritage. # "" This is why the park system"
time,place,1994,FIC,BkJuv:FinishingBecca,"and went on with her recitation. "" Peggy's father was at one time placed p31 on parole by the new Rebel authorities. Peggy's older sister Elizabeth has"
time,place,1994,NEWS,NYTimes,"unseat Harry Byrd, a Republican Senator from Virginia. Disclosure documents at the time placed the admiral's net worth at $65,000, but one of his former handlers said"
time,place,1993,MAG,NatlParks,"Shenandoah Valley in Civil War history. The average American may have a hard time placing Front Royal and First Winchester, Cross Keys and Port Republic, but mention Jackson"
time,place,1993,ACAD,WorldAffairs,"and implementation. # In April 1993, the United States for the first time placed some entire military units under U.N. command in Somalia. This decision was actually"
time,place,1993,ACAD,ArmedForces,"offensive on the West Bank; in 1975, they were for the first time placed on Israel's volatile Lebanese border. Three years later, the minorities unit fought"
time,place,1992,NEWS,USAToday,"corrected time. Of 90 boats racing in five divisions, Dancer's corrected time placed it 27th overall. # Surprisingly, Constellation, a Class C boat owned by"
time,place,1991,NEWS,WashPost,", through exhibitions, publications and educational programs. We are at the same time placing greater emphasis on aspects of cultural equity in our personnel policies and audience development."
time,place,1991,ACAD,ArabStudies,allowing for the undeniable reality of Palestinian oppression and struggle while at the same time placing that reality within a context that relied on fundamental assumptions of the dominant system of
time,locate,2019,FIC,Ploughshares,"bird cooed to be let free. Momo heard it and again took her time locating its source. Ebo lifted the lid to the carrier, and the bird,"
time,locate,2019,FIC,The Maine Review,", "" If it came on around here, we'd have a hard time locating it. Only one tower. Can't triangulate. "" # "" Hope you all"
time,locate,2014,MOV,A Belle for Christmas,", all right. Excuse me, mister, I'm having a hard time locating my father. Can I trouble you for an elevator ride up to your top"
time,locate,2012,FIC,WorldLitToday,"new bus and subway systems spreading out like cobwebs, he had a hard time locating the vehicle to carry him across. Finally, he boarded a bus going there"
time,locate,2012,WEB,justsomelyrics.com,Falling For You I didn't realize it- Now I Need You all the time Located so deep in my heart Now I see it is you- # Maybe we are
time,locate,2012,BLOG,autoblog.com,so buried in the vee that cutaway artist extraordinaire David Kimble had a hard time locating the hardware to render it in his artwork!) # While previous speculation had
time,locate,2012,BLOG,bookwormroom.com,of thirty ought to know full well that the American people have a tough time locating their own asses with both hands. You can not depend on them to be
time,locate,2012,BLOG,...merantz.blogspot.com,"and when I finally find my room, I have a devil of a time locating the keyhole. # It is only later I am informed that the illuminating lights"
time,locate,2012,BLOG,trekmovie.com,"# Does your blog have a contact page? I'm having a tough time locating it but, I'd like to shoot I've got some suggestions for your"
time,locate,2011,NEWS,Denver,"they turned off their transponders. That's why we had such a difficult time locating those guys on 9/11. "" # The U.S. Northern Command took on the homeland defense"
time,locate,2008,SPOK,Fox_Susteren,"human decomposition, so that even with skeletal remains, the dog can many times locate where the body decomposed. VAN-SUSTEREN: All right. What about some variables?"
time,locate,2005,FIC,IowaRev,"who had moved over and over to new places, new people, each time locating yourself all over again in the mesh of life, from which someday you will"
time,locate,2005,MAG,SkyTelescope,"quasar, just 10 arcminutes to its north-northwest, we all had an easy time locating the quasar's field. But spotting the quasar itself was a challenge - in"
time,locate,2004,MAG,SkyTelescope,"comes to opposition on June 10-11. "" A newbie might have a hard time locating it with a 12 -- inch, "" Ewart remarks, "" whereas an experienced"
time,locate,2003,ACAD,LawPublicPol,the moral measure of the dignity of individuals and communities is at the same time located precisely in how they relate to the less fortunate members of society. During his
time,locate,1997,NEWS,WashPost,"Jackson, who need to be efficient with recruiting dollars and have a harder time locating talent, and players such as North Pitt's Hooks, who aren't likely"
time,locate,1997,TV,JAG,"Rabb, Navy JAG. This is Lieutenant Roberts. We had a difficult time locating you. Well, my husband and I wanted to get away for a while"
time,locate,1994,MAG,MensHealth,"pubococygeal (PC) muscles. Luck for you, men have an easier time locating them than women do. They're the muscles you'd contract to stop the"
time,locate,1994,TV,Teenage Mutant Ninja...,". DONATELLO: I hate to say it, but we had an easier time locating Shredder when he had the Technodrome. Well, we can't just give up"
time,locate,1993,SPOK,CBS_SunMorn,"Iowa... (Footage-of-the-Yin) Mr-D-YING: (Voiceover)... and had a little hard time locating it at first. (Footage-of-Zukerma) Mr-D-YING: But then we saw this little dot,"
time,locate,1993,MAG,ChildrenToday,"positions in the community were lost, and former employees will have a difficult time locating comparable jobs. Although property damage in the community will be repaired over a period"
time,locate,1991,MAG,Americas,"was my secret goal, "" Piazzolla later admitted. "" I wasted no time locating her home and selecting what I thought was my best new composition. I wanted"
time,locate,1990,ACAD,AcademicQs,"not surprisingly, requires the invention of yet another equivalent of logocentrism, this time located in moviemaking techniques. # As bourgeois humanist man was supposedly preceded by a more"
time,linger,2012,WEB,...slikeme.blogspot.com,"my face enjoying the aftermath of a good deep-throat cum shoot session. As time lingered on my sucking continued as strong as ever, using his still hard cock to"
time,linger,2011,MAG,MotorBoating,"who venture into the town's historic center, where traditions of an earlier time linger in small locally owned shops and cafes. # Nature lovers and adventure seekers will"
time,linger,1991,ACAD,Mercury,"the standard model, then, millisecond pulsars should have a lifetime one thousand times linger than that, or about five hundred billion years. That's an enormous number"
time,linger,1991,ACAD,Mercury,"or about five hundred billion years. That's an enormous number, forty times linger than our best estimate for the age of the universe itself; so the standard"
time,dwell,1993,FIC,BkSF:ShiningOnes,"He roamed the world, losing himself at times in vilest debauchery and at times dwell? ing alone and hermitlike in the wilderness of this world for decades on end"
time,site,2005,ACAD,ArtBulletin,"it is almost certain that the altarpiece and its pictorial program were at one time sited directly over the findspot, another fact relevant for an alternative view of the Pulkau"
act,place,2019,NEWS,USA TODAY,"open their own credit card once they're 18, and the Credit CARD Act places further restrictions on cardholders until they're 21. If you want to help your"
act,place,2018,NEWS,cleveland.com,""" send a strong signal that the federal government and the National Voter Registration Act place important limits on what states can and can't do with their voter rolls,"
act,place,2012,WEB,theblaze.com,"as a component of her "" Let's Move! "" drive. The act places draconian restrictions on school lunches by the state and is costing $3.2 billion. It"
act,place,2012,WEB,tshaonline.org,"in grants made in aid to railroads and a navigation company. The same act placed the university under the control of ten administrators: the governor, the chief justice"
act,place,2012,WEB,opm.gov,was enacted as part of the Veterans Readjustment Appointment Act of 1974. This act placed into law the provisions of the executive order that authorized the noncompetitive appointment of Vietnam
act,place,2012,WEB,marquette.edu,"recently recognized as essentially Jewish-Christian in nature 81. The poem, which the Acts place in the mouth of the Apostle Thomas, describes the quest of the soul for"
act,place,2012,BLOG,...edlamp.wordpress.com,"tying a STEM graduate to an employer for five years, the STEM Jobs Act places more restrictions on a STEM graduate than on an individual who received her PH.D."
act,place,2012,BLOG,cafalawblog.com,"because treble damages the plaintiffs' sought under the Unfair and Deceptive Trade Practices Act placed the amount in controversy over $5 million. # Accordingly, the Court found that"
act,place,2012,BLOG,...ativenewscentral.com,"as a component of her "" Let's Move! "" drive. The act places draconian restrictions on school lunches by the state and is costing $3.2 billion. It"
act,place,2010,MAG,Newsweek,"support for language instruction in the classroom. The 2001 No Child Left Behind Act placed all the emphasis on math and reading, to the detriment of foreign language."
act,place,1996,MAG,MotherJones,"the nation's toxic waste. On top of that, the Clean Air Act placed Houston in the second-worst category for air pollution in the country, trailing only Los"
act,place,1993,ACAD,AmerIndianQ,Supreme Court decision US. v. Kagama that clarified criminal jurisdiction. The Major Crimes Act placed seven serious crimes (including homicide) on Indian reservations under the jurisdiction of the
act,place,1991,ACAD,EnvirAffairs,"amendments address all aspects of air pollution. In general, the Clean Air Act places an emphasis upon state action to mitigate and prevent the public health harms that air"
act,place,1990,MAG,HistoryToday,"which they tried to enter. In the case of Britain the 1919 Aliens Act placed strict controls over the entry, movement, and deportation of aliens. In addition"
action,place,2016,ACAD,J History Philosophy,"# God has made everything on account of himself: for since these external actions place a certain distinct reality entitatem in creatures, different from the divine essence, they"
action,place,2014,NEWS,Atlanta,"Oct. 8, 2013, email in which Lee retained Seyfarth Shaw. That action places the document in the public realm. * AUG. 17, 2014: The AJC"
action,place,2012,WEB,tvtropes.org,was so desperate at being a badass as quickly as possible that her reckless actions placed both her and her teammates at risk. While she did eventually Take a Level
action,place,2012,WEB,amazon.com,whose neck has been broken. Charlie begins to investigate the murder. Her actions place the four partners and their establishment at risk from a killer who prefers to remain
action,place,2012,BLOG,...kstepfirefighter.com,"implication of profiling needs to be addressed as more and more departments find their actions placed on display for critique thanks to camera phones and YouTube videos. "" Profiling """
action,place,2012,BLOG,creambmp.com,slapped him so hard it got stuck like that. Joseline then jumped into action placing Stevie J over her shoulder and carried him to the car
action,place,2009,MAG,USAToday,"African-American community as well as most white liberals. Steele's rejection of affirmative action places him at odds with liberal orthodoxy, which regards diese racial and gender preference schemes"
action,place,2007,ACAD,ArtBulletin,s or Veronese's versions of The Supper at Emmaus - insofar as the actions placed before us do not have a symbolic value: Jesus does not lake the bread
action,place,2001,ACAD,Humanist,"I've already noted, rarely have such an opportunity. Fourth, covert action places a physician in danger of criminal prosecution or loss of license and, although such"
action,place,1999,NEWS,Denver,"to stop Steven, we are cognizant of the fact that our son's actions placed himself and others in harm's way. We realize he had to be stopped"
action,place,1991,MAG,NatlReview,"are artful ways of reminding a judge that he had the project of affirmative action placed before him, and that he had declined to take part in the scheme."
action,place,1991,ACAD,EnvirAffairs,"2. Limiting the apportionment of liability to those who are parties to the action places the burden of joining additional PRPs as third-party defendants on the defendants, who likely"
actor,locate,2017,ACAD,Texas Law Review,to conduct a DDoS attack against a U.S. target creates a false narrative that actors located in the Middle East were responsible for that act. Even attributing an attack to
actor,locate,2004,MAG,Esquire,"global nuclear war among great powers; they involve undeterrable rogue regimes and transnational actors located exclusively inside the Gap, with the exception of the cold-war tailbone known as North"
actor,locate,1998,ACAD,Style,"can leave an actor' s voice untouched non retouche, while for an actor located on a different plane, one can reverberate the voice, while for a third"
actor,locate,1996,ACAD,SocialHistory,"previously established claims or rights which were being challenged or violated, and the actors located their protest in common public gathering places, places of "" natural assemblage. """
actor,locate,1990,ACAD,Ethnology,style of communication in local patron-client relations will differ from communicative modes in which actors located in peripheral regions orient themselves towards political leaders at the national level. The latter
actor,place,2015,NEWS,Atlanta,"theme: exacting revenge. It's beautifully shot with a band of talented actors placed in situations most of us will find familiar. Starring Maria Marull, Rita Cortese"
actor,dwell,2015,SPOK,NBC: Today Show,"the great Jeremy Irons, I mean you're in a home where great actors dwell, the rest of us have great parents but, come on. MAX-IRONS# But"
act,locate,2012,WEB,tshaonline.org,"in 1839, when the Congress of the Republic of Texas, in an act locating the seat of government, ordered a site set aside for a university. A"
communication,show,2018,NEWS,Washington Post,". "" # In the end, FTC investigators did not obtain evidence or internal communications showing Whitaker knew about the company's phony promises to help investors patent and market"
communication,show,2017,NEWS,Baltimore Sun,to bridge that knowledge gap. # Research published last month in the journal Nature Communications showed that acidification is already apparent in the bay. The team that measured acidity
communication,show,2017,NEWS,Colorado Springs Gazette,4183531 # A study published in the journal Health Communications shows that women at high risk for breast cancer who received a letter informing them
communication,show,2016,NEWS,Baltimore Sun,yet been able to produce these reports. # A city commissioned survey by CBG Communications shows that Comcast has not fully complied with franchise requirements in the past. Two
communication,show,2012,MAG,MotherJones,"previously count as a rule violation -- such as making artwork depicting 4124304 symbols, communication showing 4124304 behavior, and anything that "" depicts affiliation "" with a threat 4135839"
communication,show,2010,NEWS,AssocPress,"poll this month conducted by The Associated Press and GfK Roper Public Affairs and Corporate Communications showed 58 percent of Americans opposed the conflict, while only 38 percent supported Obama"
communication,show,2005,SPOK,CNN_YourWorld,Louisiana Congressman Charlie Melachon posted the e-mails on his Web site. He says the communications show Brown was out of touch with what was happening. Melachon says on the
communication,show,2003,FIC,Analog,"be of service, I hope you will speak plainly. "" Orbs and intercepted communications showed preparations for war increasing so rapidly, finally, that the H'ffl robot had"
communication,show,1999,NEWS,USAToday,"they don't get enough handholding on the Net. Indeed, research from Jupiter Communications shows that 90% of online customers prefer human interaction. # Yoram Roth, co-founder"
communication,show,1997,ACAD,Environment,communications reporting current and projected emissions and describing national plans for reducing them. 4 These communications showed that many developed countries were unlikely to return their emissions to 1990 levels by
communication,show,1996,NEWS,Houston,"# Six months ago, a poll conducted by the University of Texas for Harte-Hanks Communications showed Dole and Gramm tied among Texas GOP voters with 43 percent each. #"
communication,show,1991,SPOK,ABC_Nightline,"Mr. KORTUNOV: You know, I think that the fact that we still have communication shows that the people who are taking the power in Moscow do not have political"
set,contain,2019,MAG,Scientific American,"hinting at a possible metabolic link. Their new study analyzed dozens of data sets containing a total of nearly 17,000 people with anorexia and more than 55,000 healthy controls."
set,contain,2019,NEWS,The Detroit News,"and Lord of the Rings: Deluxe Pocket Boxed Set "", a four-volume set containing "" The Hobbit "" and the three volumes of "" The Lord of the Rings"
set,contain,2019,ACAD,BMC Bioinformatics,"21 real multi-omics data sets with survival outcome, where each of these data sets contains measurements of patients with a certain cancer type. All data sets were downloaded from"
set,contain,2019,ACAD,Applied Network Science,"as a set S of attributes. For the human trafficking domain, the set contains attributes such as phone number, hair color, eye color etc.; in essence"
set,contain,2019,ACAD,Applied Network Science,"1,.., a m), where the third element is the set containing the m instances of attribute a as occurring in D. Similarly, a sequence"
set,contain,2019,ACAD,Applied Network Science,Some basic properties of these communities are listed in Table 3. The data sets contain a snapshot of the community at the begin of each month from the start date
set,contain,2018,MAG,Scientific American,tracked the distances and motions of only two million stars. The second data set contains similar details on 1.3 billion of them -- 650 times as many as the initial
set,contain,2018,MAG,Scientific American,"about how the galaxy may have evolved. As a bonus, the data set contains observations of 14,099 asteroids orbiting within the solar system. # Precise knowledge of stellar"
set,contain,2018,ACAD,PLoS Computational Biology,"cortical sheet were combined in the five sets of growth layouts, with each set containing three (or in one case nine) growth layouts, as follows: The"
set,contain,2018,ACAD,Economic Inquiry,", and provided by Barth et al. (2013a). This data set contains survey data on bank regulation, supervision, and monitoring in over 100 countries."
set,contain,2018,ACAD,Stanford Law Review,us the same (very short) amount of time to check whether that set contains some item. (27) # This is why it's important that hash
set,contain,2018,ACAD,Stanford Law Review,for use at trial. She's also already checked those values against hash sets containing files known to be harmless. It is now very simple for her to check
set,contain,2017,ACAD,Stanford Law Review,"images contains files other than child pornography-in other words, if the known file set contains items that are not contraband-then the use of a hash runs the same risk as"
set,contain,2016,ACAD,J Real Estate Research,"market. As a result, the current pricing may already reflect the information set contained in contemporaneous sentiment measures, which then lose their predictive power and do not offer"
set,contain,2016,ACAD,J Real Estate Research,the value of a property at time t is a function of the information set contained in macroeconomic variables and sentiment measures released at time t). # 14 Source
set,contain,2016,ACAD,Latin Am Research Rev,"ways that reflect a partisan bias. # Data and Model # Our data set contains information about municipal expenditures, 3×1 Program investments, electoral results, and various demographic"
set,contain,2016,ACAD,Computers Biology Medicine,"OsiriX data set, S. Barre Samples, Phantom Images. All these data sets contain a limited number of multi-modal anatomical images (mostly MRI, CT, and X-ray"
set,contain,2016,ACAD,Computers Biology Medicine,"facilitate experimentation of analysis and processing of digital representations of anatomy. These data sets contain high-resolution images acquired by MRI, CT scan and anatomical images (RGB cross sectional"
set,contain,2016,ACAD,Computers Biology Medicine,"and Chinese VisibleHuman (CVH) 31 data sets were released. These data sets contain the MR and CT images, as well as comprehensive anatomical images of Chinese ("
set,contain,2015,ACAD,KnowledgeQuest,cassette tape became widespread in libraries during the 1970s. Many publishers created book sets containing a tape along with a picture book. Books on CD were introduced in the
set,contain,2015,ACAD,CommCollegeR,enrolled in customized programs created for a specific business or industry. The data set contains information on individual students and student transcript information. The college transcript data were merged
set,contain,2014,MAG,People,"for feline friends. $15.66 # The Complete Gillian Flynn # The new box set contains all three of the author's novels, including the **29;1437;TOOLONG Gone Girl. $25.80"
set,contain,2014,NEWS,Austin,"You can't make a mistake, "" he says. "" A surgical set contains 150 to 200 instruments. "" In his free time, Shackelford plays Nintendo Wii"
set,contain,2014,ACAD,EnvironmentalHealth,"admissions in New Haven County and the least in Hampden County. The data set contained 95,831 cardiovascular and 34,169 respiratory hospital admissions. Analysis of PM2.5 filters for constituents generated"
set,contain,2014,ACAD,JAnimalPlantSci,"four pots per set. Each pot was considered a single replicate. Each set contained four replicates. One set was used as the untreated control, a second set"
set,contain,2014,ACAD,CommCollegeR,"at http: **38;40871;TOOLONG. Table 1.7 in the spreadsheet version of this data set contained all four of the variables used in this article. Of particular importance, """
set,contain,2014,ACAD,ExceptionalChildren,"follows is based only on studies that met quality assessment standards. The data set contained 23 papers by 20 research teams, including 70 participantsspecifically, 65 males and 5"
set,contain,2013,ACAD,LibraryResources,"might have caused this issue, so correcting it was challenging. A third set contained a large number of seemingly random invalid MARC field tags, indicators, and subfield"
set,contain,2013,ACAD,LearningDisability,"measure was divided into two sets (no-prompt and prompted), where each set contained two problems at grade level, one problem below grade level, and one above"
set,contain,2013,ACAD,LibraryResources,"record sets to the other four libraries for PDA purchased titles. The first set contained twenty vendor-supplied (Ingram) records. In October 2010, after deeming the pilot"
set,contain,2012,MAG,AmSpect,"of transistors together on a single silicon sliver. Today just one large-screen television set contains trillions of transistors, more than all the TVs in the world a few decades"
set,contain,2012,MAG,USAToday,"you're ready to personalize backpacks, jeans, or a T-shirt. The set contains the Airbrush Sprayer, eight washable markers, four bright fabric markers, four stencil"
set,contain,2012,ACAD,AmJPubHealth,data. # Three data sets were created for analysis. The first data set contained all extracted hypothermia and hyperthermia inpatient and skilled nursing facility visits from the MEDPAR database
set,contain,2012,ACAD,AmJPubHealth,inpatient and skilled nursing facility visits from the MEDPAR database. The second data set contained all outpatient hypothermia- and hyperthermia-related visits recorded in the outpatient database. We used these
set,contain,2012,ACAD,LanguageSpeech,the corresponding resources that develop the linguistic skills underlying reading. These complementary skill sets contain the potential to enhance collaborative efforts because both professionals can draw on and combine the
set,contain,2012,ACAD,JSpeechLanguage,"/ were added to the predictor variables, a significant model resulted. The set containing height, /t? / rate, and /t? / pressure produced an adjusted"
set,contain,2012,ACAD,JSpeechLangHearingRes,", tall-call, tape-cape, tool cool, tea-key, told-cold). Each set contained 40 words that consisted of the minimal pairs produced by all 19 children and two"
set,contain,2012,ACAD,Ref&UserServQ,"New York: Routledge, 2005 (ISBN: 978-0-4153-1779-5). # This set contains 67 compiled readings that have been published in other sources. In this way,"
set,contain,2012,WEB,blog.chron.com,"these estimates, if we do not apply information that 15 indicates some data sets contain noticeable trend problems, are at least 0.05? C decade? 1, which"
set,contain,2012,WEB,amazon.com,"Video released the fifteenth season of ER on DVD. The five disc box set contains all twenty-two episodes of the final season and "" Previously on ER "" a retrospective"
set,contain,2012,WEB,...ntrib.andrew.cmu.edu,"but a method of mastering a set of notions and skills. If this set contains not only programming concepts, but also some concepts from another domain, a mini-language"
set,contain,2012,WEB,leydesdorff.net,"found it urgent to introduce our new measure to the institutional evaluation using a set containing sufficient variety in terms of the disciplinary composition. In the case of Korea,"
set,contain,2012,WEB,physionet.org,terminations of AF episodes with durations of at least one minute. The new set contains manually reviewed reference beat type and rhythm annotations. # Class 3; core PAF
set,contain,2012,WEB,cph.org,troubled. Scripture examples help children apply it to their lives... # This set contains all 24 books in the God
set,contain,2012,WEB,lagmonster.org,"SET from 0 to 9 (All numerals) # . /=+ # The SET containing. (dot), / (slash), =, and + #"
set,contain,2012,WEB,lagmonster.org,the dash (dashes must be specified first) # 0-9 A-Z # The SET containing all capital letters and digits and a space # A-Za-zA-Z # In the first position
set,contain,2012,WEB,lagmonster.org,"SET from Capital A to Capital Z In the second character position, the SET containing all letters # Regular Expression Examples # /Hello/ # Matches if the line contains the"
set,contain,2012,WEB,...library.lonestar.edu,art to transportation. # REF E173.A793 The Annals of America vol. 18. Set contains essays and excepts from important writers and on important topics of the time. Most
set,contain,2012,WEB,cpsc.gov,not be sold for children younger than 14. # The Buckyballs and Buckycubes sets contain up to 216 powerful rare earth magnets. # At the time of the 2010
set,contain,2012,WEB,answers.com,"On August 22, 2006, Prince released Ultimate Prince. The double disc set contains one CD of previous hits, and another of extended versions and mixes of material"
set,contain,2012,WEB,...ymusichalloffame.org,"life, themes, and repertoire of country music pioneer Charlie Poole. The set contains both songs from Poole's repertoire and original compositions, inspired by North Carolina native"
set,contain,2012,WEB,w3.org,containing the number of nodes that match the count pattern and belong to the set containing the current node and all nodes at any level of the document that are before
set,contain,2012,WEB,ncbi.nlm.nih.gov,"experimental evidence describes them as fast evolving genes 33, 34. The second set contains genes that appear to be absent from the bovine genome, while being present in"
set,contain,2012,WEB,whatwg.org,"forms only the first address would be suggested for form controls whose autofill hint set contains the keyword "" shipping "". Both addresses might be suggested, however, for"
set,contain,2012,WEB,w3.org,"N, and # for every node N in the set, if the set contains an ancestor of N, it also contains the parent of N. # The"
set,contain,2012,WEB,brickset.com,".  Minifigs - The dwarves # Nori, Dori and Ori # The set contains seven minifigs and the goblin king. There are three dwarves, from left to"
set,contain,2012,WEB,plosone.org,"of neuronal parameters that adequately reproduced the dynamics of cortical neurons 31. This set contained a mixture of all neuronal cell types that exist in the cortex, which gave"
set,contain,2012,WEB,w3.org,", and "" ISBN "" for data about books. The OWL 2 document set contains 9 technical specifications and 4 instructional documents. The Recommendation-track specifications are now Candidate Recommendations"
set,contain,2012,WEB,w3.org,in vertical display of text. # Reason for inclusion: Many existing character sets contain these as precomposed characters since for simple implementations this is the only way to support
set,contain,2012,WEB,listverse.com,", 5, 7, 11... so far so good. # Can sets contain other sets? Yes, no problem -- you could have a set of sets"
set,contain,2012,WEB,maclife.com,"sets. When a set is selected, a brief overview of what the set contains is displayed to the right of the checkbox list.  3. View Commands"
set,contain,2012,WEB,betterexplained.com,"Now we need to calculate within those 220 sets, how many of the sets contain the bad egg. Inorder to solve this we set the following up. Label"
set,contain,2012,WEB,backstreets.com,"in the show was that it pushed aside the new material, as the set contained only five Wrecking Ball songs. # The return of the Wrecking Ball tour to"
set,contain,2012,BLOG,technocrates.org,located in the central regions of the Milky Way. # This huge data set contains more than ten times more stars than previous studies and is an important step towards
set,contain,2012,BLOG,freethoughtblogs.com,in Britain are basically looked upon as intellectually equal to those who believe television sets contain tiny people who act out all he programmes. We have no more need of
set,contain,2012,BLOG,...odvosje.blogspot.com,"ONLY this weekend so you have to be fast to get them! The set contains a lovely cropped top (available in several colors), a cute skirt and"
set,contain,2012,BLOG,silvercoinstoday.com,"circulating compositions.) # Even if the yet to be issued Limited Edition Set contains these same silver coins, it will undoubtedly also include other silver strikes. The"
set,contain,2012,BLOG,...discovermagazine.com,n't know what the empty set is because we can't find a smaller set contained in the empty set. # Your last paragraph gets one thing right. Science
set,contain,2012,BLOG,...rrytao.wordpress.com,"you have just ruled out. # In fact, if a 4D Moser set contains 2222, we now know that every middle slice must be missing at least one"
set,contain,2012,BLOG,...rrytao.wordpress.com,"only case left is when all slices are 43+40+43, and that the 126-point set contains every point with two 2s, and no point with three or more 2s."
set,contain,2012,BLOG,dataisnature.com,", The Universal One and Atomic Suicide. The' In the Wave' set contains charts with painted colour spectra and elliptical prismatic shapes denoting light waves, electrical vibrations"
set,contain,2012,BLOG,mondaynote.com,"there's Moore's Law. In addition to the CableCard, the wonder set contains a little computer running iOS, and enough storage for apps and content that's"
set,contain,2012,BLOG,genomebiology.com,"1,000 bp downstream of a TSS. The three subsets ensure that the negative set contains bins that are non-TRF binding, TRF binding but not close to annotated genes,"
set,contain,2012,BLOG,genomebiology.com,"or less than two-fold expression level difference among the cell lines. The resulting set contains 64,075 transcripts. # We considered four types of gene expression experiments in whole cells"
set,contain,2012,BLOG,...springfieldmommy.com,"playset contains everything a little girl needs to get started! This 5 piece set contains the Magic Seashell which opens to reveal Waverly's home, complete with a """
set,contain,2012,BLOG,...springfieldmommy.com,"with the Waverly and the Magic Seashells: Pearl Seashells collectible sets. Each set contains an adorable seashell and hidden inside is a special pearl which, of course,"
set,contain,2012,BLOG,...eology.wordpress.com,"at a garage sale who was selling a set of Time-Life books. The set contained 2 or 3 volumes written on subjects she did not approve of, so she"
set,contain,2011,MAG,CountryLiving,"and Jill "" and "" London Bridge Is Falling Down. "" Each album set contained three or four records, plus the cards, all gathered in the sleeves of"
set,contain,2011,ACAD,Communications,"metrics that judge a package of objects, e.g., diversity (does the set contain objects that are different from each other?), and judge whether rec-ommendations can"
set,contain,2011,ACAD,JSpeechLanguage,"next three days using the same set of words. Two words in each set contained high-frequency sub-lexical sequences, and two contained low-frequency sub-lexical sequences. Two of the objects"
set,contain,2011,ACAD,AmJPubHealth,"objective markers of economic environment may affect our findings. Sixth, our data set contains no information on duration of early life and adulthood economic environment. However, the"
set,contain,2010,ACAD,Bioscience,"chapters, books, or conference proceedings. With this restriction, the data set contained more than 10,000 citations for 1122 unique authors from 25 LTER sites (the Moorea"
set,contain,2009,MAG,CountryLiving,"weatherproof exterior plywood makes figures last for years, "" advertisements promised. The set contained 16 pieces, available by mail nationwide for $2. Your grouping lacks two of"
set,contain,2009,MAG,TownCountry,"(EMI; $260), the remastered-for-stereo original studio recordings. The boxed set contains all the albums, plus mini documentaries about the making of each. We mention"
set,contain,2009,MAG,USAToday,", and the fun doesn't end when the project is complete. Each set contains motorized parts to make an operating thrill ride, such as a Ferris Wheel or"
set,contain,2009,ACAD,Bioscience,"the only author for whom I have such data available. The complete data set contains all citations of my papers from WoS (n = 181), Scopus ("
set,contain,2008,ACAD,Adolescence,"us to show all main and two-way interaction effects for all variables. Each set contained all factor level combinations for initiator and respondent violence, and either five M-to-F/four F-to-M"
set,contain,2007,NEWS,AssocPress,"in Ningbo, China, called Danxiang International Trading.' # The 213-item set contains crayons, pastels, colored pencils, fiber pens, water colors, a palette"
set,contain,2006,NEWS,SanFranChron,"Lady Day: The Best of Billie Holiday, "" Legacy. A two-CD set containing many of the classic sides Holiday cut for Columbia and its Brunswick, Vocalion and"
set,contain,2006,ACAD,PSAJournal,Society project which makes the shows available to camera clubs for programs. Each set contains about 75 slides and is accompanied by a 35-40 minute taped commentary. Included as
set,contain,2006,ACAD,OrthoNursing,requesting that the covered entity provide a limited data set. These limited data sets contain some identifiable patient information as only 16 categories of identifiers have to be removed.
set,contain,2004,ACAD,Bioscience,"In formation Facility, or GBIF, are already revolutionizing the accessibility of data sets containing species locations from across the planet. Rapid advances in remote sensing technology are also"
set,contain,2004,MOV,...000 Bon Jovi Fans Can't Be Wrong,a box set to accompany the 20th anniversary of the band. This box set contains nearly 40 songs that nobody's ever heard before. There are a couple of
set,contain,2002,MAG,Antiques,"set of holes that has no corresponding holes in the matboard. This second set contains fragments of colored linen thread, probably remaining from the original sewing of the pocket"
set,contain,2002,NEWS,SanFranChron,"two brigades, with a third arriving gradually from Diego Garcia. Each brigade set contains 88 M1A1 Abrams tanks, 88 Bradley Fighting Vehicles, 16 120mm mortars and 18"
set,contain,2002,ACAD,LatinAmResRev,"the proportion of Mexicans by state of origin. Because U.S.-based large-scale survey data sets contain no information on the state of origin of Mexicans, it is difficult to determine"
set,contain,2002,ACAD,SportBehavior,"WAIS-R (Wechsler, 1981) digit span scale, were presented. Each set contained an initial number string followed by two alternatives, A and B. Number strings varied"
set,contain,2002,ACAD,SportBehavior,"in order to increase the ambiguity of the eventual feedback, the three other sets contained no correct answer. For example, Initial String 6 was 5 2 9 4"
set,contain,2001,ACAD,SocialPsych,"Procedure # We separated the 12 slides into two sets of 6. Each set contained only one photograph of each target; half displayed sex-typical, and half sex-atypical,"
set,contain,2001,ACAD,PSAJournal,"# The 2000 Saguaro Exhibition Slide Set is now available for distribution. This set contains 71 slides, a cassette tape (32 minutes) and script. Sets from"
set,contain,2001,NEWS,SanFranChron,"s "" The Straight Story "" (1999/$33). The "" Dinosaur "" set contains two discs: the movie and an array of bonus features that range from commentary"
set,contain,2001,ACAD,PSAJournal,", has announced that a new exhibition slide set is now available. This set contains a selection of top scoring slides from the 2000 Reading International Exhibition. An audio"
set,contain,1998,NEWS,Denver,"$ 16.95) is a teaching tool and arts and crafts project. The set contains 80 journal and game pages, plus make-your-own postcards, and a sleeve for photos"
set,contain,1998,ACAD,Monist,"perceptions are open sets of the topology derived; the perceptions which are open sets contain not only the situsses of other monads, but, for each monad of which"
set,contain,1998,ACAD,InstrPsych,"of 18 colored blocks and three sets of analogical problems for teaching. Each set contains 14 analogical problems of increasing difficulty. The blocks differ in color (red,"
set,contain,1998,ACAD,EnvironEd,. There were two sets of variables in each canonical analysis. The first set contained five variables to match each of the possible responses on the Likert-type scale; each
set,contain,1998,ACAD,EnvironEd,"the Likert-type scale; each response was treated as one variable. The second set contained five variables to match each of the grade levels, which were also treated as"
set,contain,1997,NEWS,Chicago,design as content -- it is housed in an industrial-strength box -- this 18-CD set contains music recorded between 1962 and' 70 by the enormously influential pianist. Boasting no
set,contain,1997,ACAD,EnvironHealth,Engineers has developed a very useful set of homework and design problems. The set contains 21 problems for the following 6 areas: Life cycle analyses Identifying and prioritizing pollutants
set,contain,1996,ACAD,CommCollegeR,"the advertisements had the same number of attributes and (b) each attribute set contained attributes perceived by study participants as equivalent in importance. To achieve these ends,"
set,contain,1996,ACAD,CommCollegeR,"of advertisements contained five intrinsic attributes such as ability to be innovative. Another set contained five extrinsic attributes such as salary, and a third set contained five work context"
set,contain,1996,ACAD,CommCollegeR,". Another set contained five extrinsic attributes such as salary, and a third set contained five work context attributes such as setting student learning objectives. # Dependent Variable."
set,contain,1995,ACAD,Psychology,"). The Value Systems Questionnaire contains eight sets of six statements. Each set contains one statement about job autonomy, one statement about company loyalty, and four statements"
set,contain,1995,ACAD,CompIntlDev,"Unfortunately, there are no similar measures of perceived corruption. The 1986 data set contains only one item dealing with corruption (see Appendix, Item v). That"
set,contain,1995,ACAD,EmotBehavDis,"sets (Sets A, B, and C), so that each set contained 15 words with an equal number of words from each grade level and sublevel ("
set,contain,1994,NEWS,SanFranChron,"into his landmark recordings of the early' 50s. The beautifully packaged Verve set contains his most famed solo sessions, invariably incandescent, along with trio settings. #"
set,contain,1994,ACAD,IBMR&D,as the external signal I/O count for the MCM. The POWER2 processor chip set contains over 23 million transistors on a silicon area of 1217 mm 2. The chips
set,contain,1993,MAG,AmerArtist,"program guaranteed to provide artistic success-or the purchase price will be refunded. Each set contains high quality materials, a fully illustrated instruction book, and toll free Help Line"
set,contain,1993,ACAD,SocialPsych,variance because the comparisons were among independent (unmatched) subjects. Two other sets contained the variables representing the experimental conditions and the Condition X Covariate interaction; they are
set,contain,1993,ACAD,EmotBehavDis,", &; Goldstein, 1972; Fogelman, 1983). This longitudinal data set contains information on nearly all children born in Great Britain during the first week of March"
set,contain,1991,ACAD,CATOJournal,"there. The design, if realized, would result in a very large set containing a tremendous number of rules about what we should do, when, where,"
set,contain,1991,ACAD,RoeperReview,"the respondent such as age, gender, and academic training. The second set contained questions about programs for gifted and talented students in the respondent's state. Information"
set,contain,1990,NEWS,CSMonitor,"Macintosh computer, a computerized CD player, and a synthesizer, the three-disc set contains "" The Magic Flute "" performed by the Chor des Opernhauses, Zurich, directed"
set,contain,1990,ACAD,EnergyJournal,"earlier finding of greater coordination within the cartel core. Since the non-OPEC data set contained annual, rather than quarterly observations, re-estimation over the five data points of the"
group,contain,2019,MAG,Ars Technica,"easy to locate for anyone possessing a Facebook account. A simple search for groups containing keywords such as "" spam, "" "" carding, "" or "" CVV """
group,contain,2019,ACAD,PeerJ,". Two groups were used for practice before the test started, with each group containing two sentences. The total score was the maximum number of sentences in the group"
group,contain,2019,ACAD,Construction Building Mat,"to ISO 9223-2012, the atmosphere in Taiyuan falls into category C5. One group contained three specimens. The test specimens was exposed with a south-facing angle of 45degrees. #"
group,contain,2019,ACAD,eLife,"(32)). Recent phylogenetic analyses suggest that Rozellomycota is a paraphyletic group containing a' core Microsporidia' clade (Corsaro et al., 2016 (6)"
group,contain,2017,NEWS,Washington Post,"Humvees used in the advance by Iraq's popular mobilization units, an umbrella group containing Iranian-backed militias that fight as part of Iraq's security forces. # A video"
group,contain,2016,MAG,Phys.Org,"of a backdrop of distant galaxies. IC 335 is part of a galaxy group containing three other galaxies, and located in the Fornax Galaxy Cluster... # The drizzle"
group,contain,2016,ACAD,Alcohol,RankInv; and UTHSC Hippocampus Illumina v6.1 RSE (Nov12) RankInv. Each group contained at least 34 strains. One-way ANOVA and Tukey's post hoc tests were performed
group,contain,2016,ACAD,Alcohol,"gene's location. We also determined whether differentially expressed genes in each treatment group contained polymorphisms, including nonsynonymous single nucleotide polymorphism (SNP), codon deletion, frameshift"
group,contain,2016,ACAD,Computers Biology Medicine,"rapidly; during a running process, agents can leave the group for another group containing agents with higher similarity. # Scalability to very large data sets due to the"
group,contain,2015,MAG,ScienceNews,groups of octopus genes have been duplicated and rearranged. # One highly copied group contains genes with instructions for making proteins called protocadherins. Having a greater variety of these
group,contain,2013,ACAD,EducTreatmenChildren,for **25;938;TOOLONG status on the SSBD (p <.001). The control group contained two internalizing students while the intervention group was composed entirely of students classified by their
group,contain,2012,MAG,USAToday,"the control group and one in two to three samples in the cocaine overdose group contained the genetic variant, compared to one in eight African-Americans. # The mutations -"
group,contain,2012,ACAD,LanguageSpeech,"the participants were AAE speakers, and others were GAE speakers. Both dialect groups contained TD children and children with LI, as defined below. To ensure that the"
group,contain,2012,ACAD,ExceptionalChildren,"National Joint Committee on Learning Disabilities, 1991). Thus, our BD group contained a total of 123 (21.03%) young people. Table 1 provides further information"
group,contain,2012,WEB,biomedcentral.com,"II error level is set at 10%). After attrition, our study groups contained 70 (induced abortion) and 39 (miscarriage) participants at T4, yielding"
group,contain,2012,WEB,montana.edu,"both familiar and well-known in this country. Known as Ladybird Beetles, the group contains some of the most bizarre, smallest and least recognizable ladybugs in existence, according"
group,contain,2012,WEB,cnn.com,", D-Nevada, in a floor speech. "" The names of these front groups contain words like' freedom' and' prosperity.' But make no mistake:"
group,contain,2012,WEB,hindawi.com,". This rating was carried out in order to divide the melodies into five groups containing six melodies each, so that the mean liking for each melody group would be"
group,contain,2012,WEB,biomedcentral.com,", GSH1, GTT2) or vacuolar transporters (YCF1). The middle group contains also an important rate of Yap1 targets (87%), which act at the"
group,contain,2012,WEB,plosone.org,large aggregation aquaria without access to breeding substrate prior to the experiment. All groups contained a breeder pair (large male and female). We measured the sizes of
group,contain,2012,WEB,plosone.org,"groups had at least one female subordinate. Of these 37 groups, 12 groups contained a large subordinate male (50.42.0 SL mm) and a small subordinate female ("
group,contain,2012,WEB,plosone.org,mm) and a small subordinate female (41.42.4 SL mm); 11 groups contained a large subordinate female (50.62.3 SL mm) and a small subordinate male (
group,contain,2012,WEB,plosone.org,mm) and a small subordinate male (41.62.4 SL mm); 14 groups contained a large subordinate female (49.81.9 SL mm) and a small subordinate female (
group,contain,2012,WEB,plosone.org,of the other group members. # In the fourth experiment DH created 16 groups containing a large subordinate female (44.73.4 SL mm). Data were collected over two
group,contain,2012,WEB,biolsci.org,Materials and Methods in two experimental groups (A and B). Each group contained 6 mice. All animals were infected with P. chabaudi AS and injected i.p. with
group,contain,2012,WEB,tvtropes.org,"it. # Heroes uses this. At the end of season 1 a group containing a cheerleader, a male nurse, a cop, an Internet stripper, a"
group,contain,2012,WEB,homepages.wmich.edu,"). Abusing notation a wee bit, we let G(X) denote the smallest group containing the permutations s and t. # As it turns out, the group G(X)"
group,contain,2012,WEB,bls.gov,"increase in demand for workers in this group. The personal care and service group contains a wide variety of occupations; however, two of them -- personal care aides"
group,contain,2012,WEB,huffingtonpost.com,"diverse place and becoming more so all the time. Every University or large group contains some folks who believe/act as the anti-Obama demonstrators did, but they also contain people"
group,contain,2012,WEB,sciencemag.org,"were expressed precisely when these processes occurred, and they emerged as a discrete group containing 46 genes from unbiased clustering of the full data set (Fig. 2A, bottom"
group,contain,2012,WEB,biomedcentral.com,"improvers "", a group of patients who improved over 12 weeks. This group contained older individuals who had more LBP the previous year and who also experienced most days"
group,contain,2012,WEB,amjbot.org,"; Krienitz et al., 2001?).  Charophyte clade # This group contains a number of green algae plus a large number of what are considered to be"
group,contain,2012,WEB,amjbot.org,"morphological switching from unicells to filaments occurred several times.  Coleochaetales # This group contains two genera (Coleochaete and Chaetosphaeridium) and about 20 species, which have a"
group,contain,2012,WEB,amjbot.org,"Nitella (Cimino and Delwiche, 2002?).  Charales # This group contains six extant genera with several hundred species, collectively called stoneworts or charophytes in the"
group,contain,2012,WEB,plosone.org,"that often largely consists of mites and ants. Several species from these arthropod groups contain alkaloids, and their consumption may have constituted an important prerequisite for the evolution of"
group,contain,2012,WEB,...searchfoundation.org,"from North and South America, including the two species of condors. This group contains the smallest of all the vultures (American Black Vulture) and the largest ("
group,contain,2012,WEB,...searchfoundation.org,"great deal and are divided into two sub families. # The Buboninae This group contains very small owls, such as the Indian Scops Owl and the European Scops Owl"
group,contain,2012,WEB,ada.gov,"Section 36.302(f) (9) (ii) of the NPRM required that a group containing one or more wheelchair users must be placed together, if possible, and that"
group,contain,2012,WEB,...shvirtuallibrary.org,"killing groups were formed called Einsatzgruppen A, B, C and D. Each group contained several commando units. The Einsatzgruppen gathered Jews town by town, marched them to"
group,contain,2012,WEB,...reepatentsonline.com,"transfer is represented by a subsequent passport document, wherein at least one subsequent group contains at least one animal different from the animals in the group of a next-preceding transfer"
group,contain,2012,WEB,history.navy.mil,"squadron of 14 Douglas AD-4 Skyraiders. Over and above these five squadrons the group contained 14 aircraft, principally ADs, which were specially equipped and modified - "" configurated"
group,contain,2012,WEB,reefkeeping.com,"that found in glass sponges, if not as permanent. As befits a group containing thousands of species, there is a lot of diversity of skeletal structure. A"
group,contain,2012,WEB,stage10.blogspot.com,"deteriorated. It got wetter, windier and colder. I hooked into a group containing some riders from VC Neuilly and stayed in their shelter for much of the next"
group,contain,2012,WEB,stage10.blogspot.com,got there a little late and managed to get the last bike. The group contained about twenty people and the session started as soon as I sat down. We
group,contain,2012,WEB,w3.org,The table in the following example contains two column groups. The first column group contains 10 columns and the second contains 5 columns. The default width for each column
group,contain,2012,WEB,phys.org,"they are photoautotrophic although this is not a hard and fast distinction as some groups contain members that are mixotrophic, deriving energy both from photosynthesis and uptake of organic carbon"
group,contain,2012,BLOG,crankpunk.com,"the last mountain was Delgado and Recio in the lead, with a small group containing Sean Kelly behind them, then Millar and Rodriguez's group. Kelly later said"
group,contain,2012,BLOG,pjmedia.com,"Semites are not a race, whatever that is, it is a language group containing Habrew, Aramaic, and Arabic (others?). The related Hamitic group"
group,contain,2012,BLOG,pjmedia.com,"Habrew, Aramaic, and Arabic (others?). The related Hamitic group contains Ancient Egyptian and Coptic. I believe "" antisemitism "", with its racial connotations"
group,contain,2012,BLOG,thabto.wordpress.com,the US-based on median income; they used the state unemployment rates. One group contains the states with Unemployment rates over 8% (Out of Work America) and the
group,contain,2012,BLOG,thabto.wordpress.com,with Unemployment rates over 8% (Out of Work America) and the other group contains states with unemployment rates below 8% (Working America). # (CLICK image
group,contain,2012,BLOG,freethoughtblogs.com,strong reasons for believing the embryo is not yet a person. Then the group contains general practitioner Ailish N Riain who has written guidelines describing unborn children as' contents
group,contain,2012,BLOG,...xchangeserverpro.com,for internal senders the ReturnPath of the message is not modified) # The group contains one or more external contacts that are not valid address and result in an NDR
group,contain,2012,BLOG,firsttouchonline.com,"Switzerland finally came through in a play-off against Italy. # Which left the group containing Hungary as well as West Germany, Turkey and South Korea. In their first"
group,contain,2011,ACAD,JournalSchoolHealth,so as not to influence each other's responses. Four of the faculty groups contained at least 1 school administrator and 2 included a counselor. Faculty and students met
group,contain,2010,ACAD,NaturalHist,"a type of natural selection known as sexual selection. # Because spectral tarsier groups contain only one adult male, any additional males that show up at a "" mob"
group,contain,2009,ACAD,NaturalHist,first caring for another's young. # Golden lion tamarins often live in groups containing several adult males and one breeding female. The mother relies on the males for
group,contain,2009,ACAD,DrugIssues,"of the clients in both groups were likely to be Caucasian, the probation group contained significantly more minority women. The two groups were very similar in age; the"
group,contain,2009,ACAD,SportBehavior,"which subscale's T-score was higher. As a result, the mastery climate group contained 39 (41.5%) participants and the performance climate group contained 55 (58.5%)"
group,contain,2009,ACAD,SportBehavior,"the mastery climate group contained 39 (41.5%) participants and the performance climate group contained 55 (58.5%) participants. To examine hypothesis one, (i.e. the relationship"
group,contain,2008,SPOK,NPR_TalkNation,"seemed to contain nearly all of the service biomes genomes where as the first group contains maybe all of the biomes genomes, but it's lost a lot of the"
group,contain,2008,ACAD,Adolescence,", with either one, two, or three measurements. Some of these groups containing very few subjects (1 through 3) were discarded, because of lack of"
group,contain,2007,ACAD,SocialWork,"of 52 child psychotherapy treatment studies by an eminent university research team compared treatment groups containing "" active "" therapeutic interventions with those not containing active therapeutic interventions. The authors"
group,contain,2006,MAG,ScienceNews,syndrome and in adults who had no family members with developmental disorders. Each group contained six men and six women. # The researchers used functional magnetic resonance imaging to
group,contain,2006,ACAD,SportBehavior,"in business and industry has shown that informal leaders play an important role in groups containing formal leaders (Wheelan &; Johnston, 1996). That is, informal leaders"
group,contain,2005,ACAD,PhysicalEduc,"Data was placed into two groups; male and female. The male gender group contained 51 boys, the female gender group comprised 49 girls. Both group's individual"
group,contain,2005,ACAD,PublicInterest,in degrees from the traditional and the postmodern life styles. # The neo-traditional group contains families with two children whose working mothers are physically and emotionally invested more in their
group,contain,2005,MOV,...nse and the Politics of Violence,"which operate anonymously and independently from one another and the general public. The group contains no hierarchy or central leadership, but instead operates under an idealogy. If an"
group,contain,2004,ACAD,Humanist,"especially ourselves a capacity to take joy in the multitudes we as individuals and groups contain? Toward that end, why not celebrate those forms of order most open to"
group,contain,2004,ACAD,Psychology,"patterns of peer relationships, play, and social problem-solving orientation is that with groups containing both boys and girls some of the social dilemmas offered for discussion may be too"
group,contain,2004,ACAD,InstrPsych,but stratified on the average performance on the first two tests. Thus each group contained (at a minimum) a student who previously had performed at the A or
group,contain,2004,ACAD,OrthoNursing,"of spirit care in mental health nursing. # DATA: Obtained from focus groups containing users, carers, and mental health nurses. # SUMMARY OF DATA OBTAINED:"
group,contain,2003,ACAD,Psychology,styles (referred to as Type 1 thinking styles hereafter). The second group contains thinking styles that denote a norm-conforming tendency and that require lower levels of cognitive complexity
group,contain,2003,ACAD,RoeperReview,"? Certainly, we are constrained in formulating conclusions by the fact that each group contained only three mother-child dyads. It is clear that future studies must include larger groups"
group,contain,2001,MAG,SkyTelescope,"amateur telescope users. In addition to its handful of bright stars, the group contains numerous dim ones. All are estimated to be just 1 to 5 million years"
group,contain,2000,ACAD,SexResearch,"40 to 50 subjects respectively. # In this study, the two UCT groups contained 122 subjects each. Group 2 received Form A, while Group 3 received Form"
group,contain,2000,ACAD,EmotBehavDis,"There were no substantial age differences; however, the older age boys' group contained several outliers, including four youth who reported over 100 sex partners, two of"
group,contain,1999,ACAD,SportBehavior,"of 11 baseball, 4 basketball, and 12 football players. The individualist group contained 5 baseball, 6 basketball, and 16 football players. The extreme-groups design has"
group,contain,1999,ACAD,WorldAffairs,"its forty-fifth session in 1993, the commission received the report of a working group containing the draft statute, and without formally adopting the text, referred it to the"
group,contain,1999,ACAD,RehabResrch,", three former smokers, and three who never smoked; and the control group contained one active smoker and six who never smoked. Both SCI groups included subjects with"
group,contain,1999,ACAD,EmotBehavDis,", five senses, and measures of time. The lessons conducted with this group contained useful information; however, the content of these lessons was unrelated to the dependent"
group,contain,1999,ACAD,EnvironEd,"constructivist model described by Bybee (1993). Each class session for this group contained an Engagement, an Exploration, an Explanation, several Elaborations, and an Evaluation"
group,contain,1998,MAG,MotherJones,"(Each attendee pays $2,200 for the privilege.) # This year's group contained eight journalists, publishers, and producers (including PBS commentator Mark Shields and one"
group,contain,1998,MAG,WashMonth,"boards can discipline physicians, and data compiled by the Public Citizen Health Research Group contain over 16,000 cases of doctors who have been disciplined for everything from repeated cases of"
group,contain,1998,ACAD,Bioscience,"). In contrast to these other gregarious carnivores, spotted hyenas live in groups containing multiple breeding animals of both sexes whose interactions are strongly influenced by linear hierarchical dominance"
group,contain,1998,ACAD,AfricanArts,"within the mixed-gender royal cabildos of Santiago de Cuba. Parading publicly, each group contains an entourage headed by its senior women, and in the cabildos, a queen"
group,contain,1998,ACAD,Bioscience,and plant populations. The populations were divided into 24 separate taxonomic and ecological groups containing between 7 and 73 estimates each (Table 1). Low variability indices (
group,contain,1997,ACAD,DrugIssues,"(table 3). In addition, as previously reported the other ethnic group contained a variety of ethnicities and multi-ethnicities. # Findings: PNA Sample Specific Substance-Related Problems"
group,contain,1996,MAG,FieldStream,"pheasants started to flush in knots of fifteen and twenty. The first two groups contained all hens, the third, all hens with one rooster angling through them."
group,contain,1996,ACAD,CurrentPsych,"a distinct cluster. Although 14% of the couples had this profile, this group contains some couples in which the husbands had the higher scores and other couples in which"
group,contain,1996,ACAD,SocialPsych,"randomly assigned to learning groups on a stratified basis, so that each cooperative-learning group contained no more than 1 special- education student. All the regular-education students participated in cooperative-learning"
group,contain,1995,NEWS,Chicago,) and the seven campuses of the Katharine Gibbs Schools. K-III's Information Group contains everything from the Funk &; Wagnalls Corp.' s Encyclopedia and World Almanac to
group,contain,1995,ACAD,CurrentPsych,in constructing theories of the syllogism-solving process based on the group results of a group containing any significant number of matchers -- individuals who have not engaged with the logic.
group,contain,1995,ACAD,Lancet,"had similar demographic and clinical baseline characteristics (table 1). The traction group contained a few more patients with pain radiating below the knee, with previous treatment,"
group,contain,1994,MAG,Smithsonian,"and African rivers that use tiny voltages for communication and navigation. The third group contains sharks, nonelectric rays and catfish, which do not emit a field but possess"
group,contain,1994,ACAD,MusicEduc,"videos, however, dialogue on some groups is total scholarship, while other groups contain total junk and some are obscene. There are no restrictions on the Internet."
group,contain,1993,ACAD,HealthSocialW,"The findings were not statistically significant; however, a trend exists. This group contained the largest proportion of those who said they had little hope for the future."
group,contain,1993,ACAD,EmotBehavDis,"conducted to examine the performance differences among distinct groups of the held-test sample, groups containing persons with presumably different levels of job-related social skills. # Examination of the demographic"
group,contain,1993,ACAD,EmotBehavDis,"secondary Axis I diagnosis. In terms of individual group composition, the CD group contained 13 children with the following codiagnoses: Major Depressive Disorder (MDD; 3)"
group,contain,1993,ACAD,EmotBehavDis,"AD; 1), and other disorders (2). The ADDH group contained 18 children with the following codiagnoses: Oppositional Disorder (OD; 12),"
group,contain,1993,MAG,Astronomy,"are faint enough to require a 6-inch telescope to be seen. The Local Group contains a third spiral, this one considerably smaller in diameter and mass than the Andromeda"
group,contain,1992,ACAD,InstrPsych,resource program. Also pretest differences between the groups suggest that the resource room group contained somewhat superior students. Teacher quality and curriculum were also uncontrolled (Madden &; Slavin
group,contain,1990,FIC,Mov:MemphisBelle,"all over the sky. The formation is composed of three groups, each group containing eighteen planes. Memphis Belle is in the first group. Within the first group"
group,contain,1990,MAG,ScienceNews,"rural farmers' dwellings grouped around courtyards. A few sites near the Main Group contain the more elaborate homes, temples and workshops of the "" nonroyal elite "" -nobles"
group,contain,1990,MAG,Horticulture,"honey groups -- are worthy of unending praise. # Flowers in the heavy group contain a certain amount of indole (the offending agent in the indoloid group),"
group,contain,1990,MAG,Horticulture,"indoors, though they're fussy there too. # Flowers in the aromatic group contain eugenol, the essential oil found in plants that smell of cinnamon, clove,"
group,contain,1990,ACAD,CurrentPsych,s average performance during the initial session had been equivalent. Seven of the groups contained one female and five male cadets; the eighth was all male. No group
group,contain,1990,ACAD,PhysicalEduc,"skilled "", and the 10 lowest as "" low skilled "". These groups contained nearly equal numbers of boys and girls, and pupils from the two grade levels"
group,contain,1990,ACAD,NaturalHist,"infanticide and intergroup killing, males are more often the victims, and consequently groups contain more adult females than males. # Bonobo groups have approximately equal numbers of males"
time,contain,2018,NEWS,Omaha World-Herald,"man defense is still a work in progress. We've had a hard time containing the dribble at times, whether it was (Bellevue West freshman Chucky) Hepburn"
time,contain,2015,SPOK,CBS: This Morning,"defense was significantly improved and New England is going to have a really hard time containing him. ANTHONY-MASON# Well, you've got, I mean, in-- in Tom"
time,contain,2014,SPOK,ABC: This Week,"church. MARTHA-RADDATZ# (Off-camera) Brendan, you say you've had a very hard time containing your own anger this week. BRENDAN-HART# It's just really hard, especially on"
time,contain,2013,FIC,Bk:Afloat,"there, and the unit would be paid for, Danielle had a hard time containing her amazement. She could stay until the job ended, he said, or"
time,contain,2012,WEB,bible.cc,"was a particular division or battalion of the Roman army, which at different times contained different numbers. In the time of our Saviour it probably consisted of 6,200 foot"
time,contain,2012,WEB,kenrahn.com,"REASONABLE DOUBT, pp. 99-100) # The 12/2/63 edition of the NEW YORK TIMES contained an interview with a Mr. Felde, who had served with Oswald in the Marines"
time,contain,2012,WEB,...tmanx3z.blogspot.com,", soon...:)  Disclaimer # Further more this site may at times contain information, content, features, language, opinions, information, suggestions, pictures"
time,contain,2012,WEB,howappealing.law.com,""" Getting Away With Torture "": Today's edition of The New York Times contains an editorial that begins, "" In a decision that ignored a 41-year-old precedent and"
time,contain,2012,WEB,newdeal.feri.org,"# Two years ago the platform on which I ran for Governor the second time contained substantially the same provision. The overwhelming sentiment of the people of my State,"
time,contain,2012,WEB,nyguild.org,than ever. # TIMES - The tentative contract between the Guild and The Times contains something Times management set out to avoid: more dollars for employees. While the
time,contain,2012,WEB,bc.edu,"Education. "" # 3. Approximately 394 copies of the edition of the Times containing the advertisement were circulated in Alabama. Of these, about 35 copies were distributed"
time,contain,2012,WEB,scaruffi.com,"we will cease to exist. The conscious level is nootemporal. # Human time contains all of these forms of "" time "". Human time is a recapitulation of"
time,contain,2012,BLOG,...etxvisitorsguide.com,in the spay not to mention neuter facility for just about any period of time contains over heard them all Read This pretty much all. Stories are around every corner
time,contain,2012,BLOG,newyorker.com,": Sir Ken Robinson on Education # The most popular TED talk of all time contains no slides, no props, no technology, and very little movement -- a"
time,contain,2012,BLOG,...tiveconservative.org,"of history as having an intelligible, purposeful movement; they never thought that time contained moments of revelation, or bore a spirit, or had in it a beginning"
time,contain,2012,BLOG,lookupdetroit.com,"his drink, he was a fanatic. Vernor's personal scrapbook from the time contains many of the pamphlets he sent to soda fountain owners. Those pamphlets "" laid"
time,contain,2009,FIC,Analog,and stick to get something going. Then he had a hell of a time containing it- the Resolution had found a planet with perhaps an Earthlike percentage of oxygen in
time,contain,2009,NEWS,SanFranChron,"in-your-face "" fare, and gift bags on patrons chairs, which in flush times contained decorative plates from luxury purveyors, have been noticeably absent in recent years. #"
time,contain,2008,FIC,FantasySciFi,"by the color Green. But well I knew that the spectrum of the time contained also a deep crimson stripe-the color of rage, of unburiedhate, of blood-vengeance."
time,contain,2007,ACAD,TeachLibrar,not exist in 2004. # -- One week's worth of New York Times contains as much information as a lifetime's worth of information in the 18th century.
time,contain,2005,SPOK,CNN_King,", and most of the folks on the Rocha side were having a tough time containing themselves. It was just very, very emotional. A mother talking to the"
time,contain,2005,FIC,FantasySciFi,"species introduced by accident twenty years ago, and we're having a hard time containing them. We believe that you - given your experiences with Melanoplus spretus may be"
time,contain,2003,ACAD,AmerStudies,"Emerson's Naturphilosophie had features of pantheism and mysticism, and at the same time contained ideas consistent with progressive theories of nature of the mid-1850s. It marked a stage"
time,contain,2002,FIC,Bk:SheWentAll,"I swear to God -- "" The junkie however, was having a hard time containing his excitement. "" Hey, s'that really true? "" he asked Nick."
time,contain,2002,NEWS,NYTimes,"sea for centuries in search of herring; Scandinavian burial mounds dating from Neolithic times contain herring bones. Humble though it may be, and about as glamorous as a"
time,contain,2000,FIC,PartisanRev,"used to pack Christmas presents or prison parcels, boxes that had at one time contained apples or fragile crockery, boxes that smelled of naphthalene, gray soap, or"
time,contain,1999,MAG,AmericanCraft,"Oleyant was a pacifist who wished his work to report the contradictions of a time containing hope and disappointment. When not in New Orleans, Girouard shares a Port-au-Prince studio"
time,contain,1999,ACAD,Lancet,dates to the late 1970s and early 1980s; the preparations available at that time contained medium or low doses of oestrogen. The relative risk we found for current OC
time,contain,1998,NEWS,Houston,"and on Dec. 13 the Japanese marched into the city, which at the time contained 600,000-700,000 civilians and former soldiers, including refugees from outlying areas. # What followed"
time,contain,1998,ACAD,PerspPolSci,days of Christian emperors and papal states. For the Kantian Christianity of modern times contains within it a political imperative: the necessity of creating democratic political structures that promote
time,contain,1997,FIC,Triquarterly,". Only a few seconds had passed, but those few seconds of clock time contained space enough for a flurry of meaningful actions. There was an overabundance of simultaneousness"
time,contain,1997,MAG,NatlReview,"# On a single day in February, the front page of the Washington Times contained South Carolina's Confederate flag fight, the Georgia - Pataki flag fight, the"
time,contain,1996,NEWS,CSMonitor,"excellent dead-reckoning sailor. # Once you reached land, you could use sunset times contained in your nautical almanac, the half-hourglass you used to mark time aboard ship,"
time,contain,1995,SPOK,Ind_Limbaugh,of the people surveyed agreed with this. Now the story in The Washington Times contained some quotes from somebody at the Gallup organization named Lydia Saad. And I want
time,contain,1995,ACAD,WorldAffairs,Times obtained a secret copy of the United States conference proposals which at that time contained granted the Big Four a veto over all security council decisions. The paper wrote
time,contain,1995,ACAD,IBMR&D,"and delta = 1 mum at 10 GHz. Driver signals with 100-ps rise times contain frequency components with significant energy at 3 GHz, while for the 35-ps rise-time source"
time,contain,1994,ACAD,Raritan,"foolishly trying, all along, to translate the ineffable. So long as Time contained both the world and its readers within its covers, the adjective "" commanding """
time,contain,1994,ACAD,ArtsEduc,"in the previous 5,000 years. 10 A typical weekday edition of the New York Times contains more information than the average person in the sixteenth century would encounter in an entire"
time,contain,1993,FIC,Bk:BonetoBone,time. His whole life in this one minute. All the storms of time contained within his silence. The whole of the vegetable and animal kingdom in a single
time,contain,1993,MAG,Fortune,"K's for next year alone. Super K employees are having a hard time containing their enthusiasm, because they believe a Super K is everything a traditional Kmart is"
time,contain,1993,MAG,PsychToday,". "" The April 7, 1985, Sunday edition of the New York Times contained a story detailing the discovery by police of the body of 62-year-old real-estate broker Thomas"
time,contain,1992,MAG,MotherJones,"a roundup of the 1991 recession. an intriguing article in the New York Times contained this paragraph: "" There is little mystery about what caused the economic problems."
time,contain,1992,MAG,ScienceNews,"fragment or how the fragments linked up. Also, the sample at that time contained a few impurities that confounded the data. # Then Daly's group came up"
thinking,feed,2012,WEB,rawfoodsos.com,"trash*. I propose that we need to start looking at the way our own thinking feeds the systemic monsters we create. The more we seek magic pills, the"
thinking,feed,2002,MAG,Futurist,"be seen, from the highly idealistic to the reasonably pragmatic. Some of this thinking feeds into the political process and gets translated into platforms and legislation. However,"
speculation,feed,2002,FIC,FantasySciFi,"through them? "" The merchant shrugged. "" I can but speculate, though speculation feeds me well enough. It may be that she hopes for rescue, and"
thinking,eat,2012,BLOG,wheatbellyblog.com,"them for maintenance of energy. Don't get fooled by feeling the energy and thinking eating more will give you more energy... though when exercising, walking what have"
feeling,hurt,2019,MOV,Father of the Year,"n't exactly saying that. Come on, Mardy. I won't get my feelings hurt, say it. Well, yes, I would take him down."
feeling,hurt,2019,TV,The Big Bang Theory,"company. What am I? Apparently, a guy who wants to have his feelings hurt. When does Anu come back from London? Next week. But it"
feeling,hurt,2018,MOV,Wildlife,"threaten me, Jean. Oh, grow up. Jerry, you have your feelings hurt is all. You have to face facts. Is everything okay? Oh"
feeling,hurt,2016,TV,Fuller House,"go way away. Ramona, I am right on the brink of getting my feelings hurt. I don't have time to worry about your feelings. Fine."
feeling,hurt,2015,MOV,Synchronicity,Not anymore. You can't go around changing the past because you got your feelings hurt. This is not the past for you. I'm not changing anyone
feeling,hurt,2013,MOV,Monsters Wanted,"was right here, I'd say the same thing. He's getting his feelings hurt too much when there's a lot of people got a lot of things"
feeling,hurt,2013,TV,Men at Work,"things with me, I want do this respectfully, where no one gets their feelings hurt, and we all walk away friends. So, you're breaking up"
feeling,hurt,2013,TV,The Client List,", as usual. [Sniffles] Mm. You know, some girls would get their feelings hurt that you cry, Walter. [Chuckles_softly] Yeah, that's - - that"
feeling,hurt,2013,TV,The Fosters,"not here. Here, let me put him away... before he gets his feelings hurt. You taste like badger, George. Something you want to tell me"
feeling,hurt,2013,TV,The Fosters,"back, lying to me. Because we knew you were gon na get your feelings hurt. No. You knew what you were doing was messed up, or"
feeling,hurt,2012,TV,Gossip Girl,"But isn't that what Valentine's Day is all about? Hopes dashed, feelings hurt, relationships severed. It's a day filled with crushing disappointments... I"
feeling,hurt,2012,WEB,deadline.com,"talk about the ugly actors. Why is it some segments of society get their feelings hurt so easily, and the go out rampage building, burn other countries flags"
feeling,hurt,2012,WEB,bbcamerica.com," say something.' 2) I'll tell Anderson not to get his feelings hurt when he goes to England and everybody laughs at him, which, in"
feeling,hurt,2012,WEB,blog.beliefnet.com,"said what you put in quotes. # Professor Ruse appears to have had his feelings hurt by these "" New Atheists "" one too many times, while his Creationist"
feeling,hurt,2012,WEB,wikihow.com,"is not, of itself reason enough to end a real friendship. Having your feelings hurt is not, of itself, reason enough either. These are the kinds"
feeling,hurt,2012,WEB,patheos.com,"m unable to come up with cogent criticism. If people want to have their feelings hurt when I attack their ideas as backwards and dangerous, that's their problem"
feeling,hurt,2012,WEB,answers.yahoo.com,"in front of a group... as long as the person won't get their feelings hurt. so basically, keep the person's "" embarrasement level "" on the"
feeling,hurt,2012,WEB,imore.com,now her feelings are hurt. # I'm not being illogical nor are my feelings hurt. What's illogical is that AT &T; has made it cheaper for me
feeling,hurt,2012,WEB,madamenoire.com,know what they are dealing with. One or both of them will get their feelings hurt in the end. But when its all said and done they will have
feeling,hurt,2012,WEB,exmormon.org,sure if you care what they think and the fact that they might get their feelings hurt. Last Christmas I chose to not attend get together with nightmare inlaws and
feeling,hurt,2012,WEB,inquisitr.com,"teams this year! WAIT people it's coming someone is going to get their feelings hurt. It has nothing to do with the conference, it has everything to"
feeling,hurt,2012,WEB,...mmentarymagazine.com,"works everytime. You are the one who is the plant, with your "" feelings hurt "" and your "" morals insulted "" and your embarassement. If you really"
feeling,hurt,2012,WEB,...ftheink.blogspot.com,think it is great that people are trying to make sure no one gets their feelings hurt but what happens when these kids grow up and realize they won't always
feeling,hurt,2012,WEB,courierpress.com,"address, and the prosecutor can make a charge stick because the epd has their feelings hurt? Hope noboby is hurt, but epd addresses should be public record,"
feeling,hurt,2012,WEB,laurelsnyder.com,"overly-complicated process of princess-finding, which is known in the Bewilderness as QUEENING.. Her feelings hurt, Lucy (by law an unsuitable match for the prince) sets out"
feeling,hurt,2012,WEB,dearauthor.com,"like somebody did it for profit on a grand scale. Besides fanfic community etiquette feeling hurt (du n no, I will take your word), where is"
feeling,hurt,2012,WEB,...g.libraryjournal.com,"# Just keep doing your thing, making your point and don't get your feelings hurt so easily. # All other fields have their anonymous bloggers these days --"
feeling,hurt,2012,WEB,momaroo.com,"up and apologize and make her apologize too. But obviously the kid had his feelings hurt. I'm sure they weren't really judging you, or at least"
feeling,hurt,2012,WEB,imdb.com,"Steve: Whether you're gon na hold together or not. Eddie: His feelings hurt Don't say that, Harry! I'm a good man! You"
feeling,hurt,2012,WEB,firstwivesworld.com,. They stem from allowing someone to hurt you. There is nothing wrong with feeling hurt by the actions of another. The kiss of death to a marriage comes
feeling,hurt,2012,WEB,abcnews.go.com,". The redistribution of wealth. When Romney tells the truth, people get their feelings hurt. Fast and Furious. Benghazi, Libya. When the Obama administration lies"
feeling,hurt,2012,WEB,jenhatmaker.com,"what age they were adopted. Second, don't be mad or have your feelings hurt if a family asks you NOT to come to the airport as a big"
feeling,hurt,2012,WEB,open.salon.com,"tastefully hidden behind lowered voices and Midwestern decorum. # Yes, I had my feelings hurt, more than once, by the parents of school friends who wouldn't"
feeling,hurt,2012,BLOG,lazylightning.org,". But what you do has consequences. And your choices might include having your feelings hurt (or your wife's feelings, or your husband's, or your"
feeling,hurt,2012,BLOG,verysmartbrothas.com,"this divorce. Me and my wife argue, but I do nt get my feeling hurt and can admit when im wrong and im learning to listen, but its"
feeling,hurt,2012,BLOG,...httruth.blogspot.com,"s blog, Right Truth. # If you have tender sensibilities and get your feelings hurt easily, then this is NOT the place for you. I make no"
feeling,hurt,2012,BLOG,redstate.com,"just ask Rick Santorum. # avagreen # It's more than "" having his feelings hurt "". He has more power than Perry and can from his place in"
feeling,hurt,2012,BLOG,www2.kusports.com,"back to ku football when that day happens, so yall do nt get your feelings hurt by a loss. (to whomever that applies.). RCJH."
feeling,hurt,2012,BLOG,tcj.com,then its premise should be able to withstand cursory examination. You can get your feelings hurt on his behalf or you can step up to the plate and evaluate the
feeling,hurt,2012,BLOG,blog.asmartbear.com,"what you see as the right thing to do. I do understand having your feelings hurt, being in question of your move, or second guessing your moves."
feeling,hurt,2012,BLOG,scienceblogs.com,", and guess what? Just like clockwork, some guys are busy getting their feelings hurt because women have to take safety precautions in certain situations. Boo hoo."
feeling,hurt,2012,BLOG,scienceblogs.com,just going to derail the thread anyway. # Being in a privileged position and feeling hurt that someone brings it up? ad hominem # Most of us have some
feeling,hurt,2012,BLOG,huffingtonpost.com,"the film and if anything they're more concerned about my safety and having my feelings hurt. "" David, who co-starred with Chaz Bono on "" Dancing With The"
feeling,hurt,2012,BLOG,essayforum.com,"for the purpose of to continue my education, I felt actually I hurt my feeling hurt because I had to go without my older brothers. Yet, I was"
feeling,hurt,2012,BLOG,huffingtonpost.com,"of trying to change the world into a place where we don't get our feelings hurt is a little unrealistic? Moreover, don't you have any doubts about"
feeling,hurt,2012,BLOG,feministe.us,"important an aspect of our identiy. # 1. Fear of getting raped > feelings hurt because you're an entitled, privileged jerk who thinks you should be able"
feeling,hurt,2012,BLOG,feministe.us,"the sarcastic refrain from some of the people here about "" poor boy got his feelings hurt "" is bullshit. Oh I forgot, the Cure said Boys Don't"
feeling,hurt,2012,BLOG,cardratings.com (1),"picture them in the pen, reading one of my articles, getting their feelings hurt and then spending the next several months or years, weight-lifting to a Rocky"
feeling,hurt,2012,BLOG,chicagonow.com,"# Bullying is a real and dangerous problem. It's not just getting your feelings hurt, it's being afraid, coerced and affected negatively in the long-term."
feeling,hurt,2012,BLOG,...ve-2010.blogspot.com,"but not anger. Some angry people use this anger as a way to avoid feeling hurt, but that doesn't mean the hurt goes away. # PROBLEM SOLVING"
feeling,hurt,2012,BLOG,io9.com,"kill Myka. (Although Myka seems to be in more danger of getting her feelings hurt, than of actually getting killed.) And then Claudia has to rescue"
feeling,hurt,2012,BLOG,madamenoire.com,"also touched on how even with the confidence she gained, she still gets her feelings hurt by how cruel Hollywood and the media can be. # What do these"
feeling,hurt,2012,BLOG,historiann.com,"in my department have been mistreated by her, "" Translation, they had their feelings hurt in the comments section? # It is still true that the personal is"
feeling,hurt,2012,BLOG,first-draft.com,"# Fear of a raised voice. Fear of a harsh word. Fear of feelings hurt, of offense given or taken, of the kind of questioning that happens"
feeling,hurt,2012,BLOG,books.gather.com,"tremble. It's your chance to play an over-the-top emotional scene without getting your feelings hurt, without clamping down on those feelings, worried over how someone else will"
feeling,hurt,2012,BLOG,dominicantoday.com,"way of delivery, so you better think twice if you don't want your feelings hurt privately, not to mention publicly... Which might change the way you look"
feeling,hurt,2012,BLOG,blogs.babble.com,"the attitude and scowling way, but i was an over-emotional kid that had my feelings hurt a lot) My mother had gone through years of counseling and other things"
feeling,hurt,2012,BLOG,somersherwood.com,shake our heads in wonder at the lack of kindness; sometimes we get our feelings hurt. Your blog writing is wonderful and your art is beautiful. Keep up
feeling,hurt,2012,BLOG,scienceblogs.com,"happy to relegate millions to a hideous death "", try not to get your feelings hurt when someone calls you on it. # Oh, and thank you,"
feeling,hurt,2012,BLOG,...planet.wordpress.com,"I understand better how it affected everyone, from remembering to do the exam to feeling hurt by the meme. I know right now I'm trying to think of"
feeling,hurt,2012,BLOG,...rs.pressdemocrat.com,season so we are upset they are sacrificing a superbowl over one bum getting his feelings hurt. # Chris u couldn't be more wrong. Our window is not
feeling,hurt,2012,BLOG,jihadwatch.org,"to make strong moves against them. Obama riots by muslims, who got their feelings hurt because he failed to follow Shariah. Somehow, Bush has managed to escape"
feeling,hurt,2012,BLOG,thestir.cafemom.com,"most likely the parents'!) while the kids who are different get THEIR feelings hurt? It makes no sense. # Wow, so global warming is environmentalism"
feeling,hurt,2012,BLOG,askamanager.org,"mom and as one mom to another, please try hard not to get your feelings hurt. Try to understand a lot of people do care about you being in"
feeling,hurt,2012,BLOG,jdaniel4smom.com,"sadly, I did not feel grateful. I think sometimes we moms get our feelings hurt too easily. Thanks for a wonderful perspective! # Nice post. Funny"
feeling,hurt,2012,BLOG,...discovermagazine.com,"and thin skinned but I am not asking for special treatment. I get my feelings hurt, but seriously is it always the fault of the person I'm talking"
feeling,hurt,2012,BLOG,...duction.sparkart.net,"in looking for the kill, otherwise the entitled fans of MMA will get their feelings hurt again. # Better yet, it Condit uses the same strategy he did"
feeling,hurt,2012,BLOG,...ptureintheairnow.com,"It is normal to have such thoughts and questions from time to time. No feelings hurt here. # Yes, I test the spirits. I pray about whatever"
feeling,hurt,2012,BLOG,slamonline.com,cute. this is like arguing with a 15 year old. you get your feelings hurt and lose all ability to reason or what? -- # . # and
feeling,hurt,2012,BLOG,ragamuffinsoul.com,"have a discussion on the internet about anything volatile, or where people get their feelings hurt easily. # I discovered how I wrestle with God's permissive will or"
feeling,hurt,2012,BLOG,...micbookresources.com,"at issue, not some guy playing internet lawyer or running around twitter getting his feelings hurt because he thinks his free speech rights are infringed upon because he doesn't"
feeling,hurt,2012,BLOG,right-thinking.com,"up to our principals, or abandon them in the face of Muslims getting their feeling hurt, now half the world is on fire. That transformation he talked about"
feeling,hurt,2012,BLOG,...mployeeevolution.com,". The office is just like hs, and people young and old get their feelings hurt over little things like not showing up to their meeting to listen to them"
feeling,hurt,2011,MOV,Super Shark,"Maybe he's gun-shy from getting his ass burned yesterday. Maybe he had his feelings hurt. That is impossible. [Static] [Growls] Here he is! Hurry up,"
feeling,hurt,2011,MOV,The Dilemma,"the trail, didn't it? Some cannibalism, folks got hungry. Some feelings hurt, some families destroyed, but some people made it out west. Not"
feeling,hurt,2009,TV,Medium,"looked so vulnerable. I just... I hate the idea of him getting his feelings hurt. Well, if Bridgette's right, he's going to get his"
feeling,hurt,2009,TV,Medium,"hurt. Well, if Bridgette's right, he's going to get his feelings hurt no matter what you do - - um, either by you or..."
feeling,hurt,2008,TV,Everybody Hates Chris,out of you. All I am saying is that my little girl had her feelings hurt. You did? I had to even ask my father if I could
feeling,hurt,2007,MOV,Gracie,re never gon na be good enough. Don't quit because you got your feelings hurt... like a little girl! You got to dig deep and go out
feeling,hurt,2006,MOV,Shut Up & Sing,"Come on! - No no no no... - We don't get our feelings hurt. - No no no no. "" Who are the Dixie Chicks,"
feeling,hurt,2006,MOV,Shut Up & Sing,they want to say. And just because - - they shouldn't have their feelings hurt just because some people don't wan na buy their records when they speak
feeling,hurt,2006,MOV,Shut Up & Sing,"You know, freedom is a two-way street. "" They shouldn't have their feelings hurt ""? What a dumb fuck. You're a dumb fuck. Of"
feeling,hurt,2006,TV,House M.D.,"at age three, chicken pox at age five... Did he ever get his feelings hurt? I'll need to know that too. You are 0 for 1"
feeling,hurt,2006,TV,Grey's Anatomy,". He's worried that Dr. Stevens might get her ego bruised and her feelings hurt, am I right? No, no. Definitely no. It would"
feeling,hurt,2006,TV,The Wire,ladies is your relations. I ain't mean to disrespect y'all or have any feelings hurt. All y'all come in here to learn a sport and better yourselves.
feeling,hurt,2005,TV,American Dad!,"an F-14. Can't you do anything? Well, I can get my feelings hurt and throw a world-class hissy fit! I wish he'd get sick like"
feeling,hurt,2004,TV,Gilmore Girls,", if we fix the window before Luke comes over, he will have his feelings hurt. Do you want that? - Phone book's on the kitchen table"
feeling,hurt,2003,TV,Sex and the City,you have a migraine? Or a lot of guys are afraid of getting their feelings hurt... and they don't want to ruin a friendship. Or they're
feeling,hurt,2002,TV,Greg the Bunny,jealous. That's too bad. I just hope Susan doesn't get her feelings hurt. I just hope she doesn't eat his head. [Jim_choking] I'm
feeling,hurt,2001,MOV,Daddy and Them,"just did it rather suddenly, you know. We just kind of got our feelings hurt. I mean, God, [Hazel] is my uncle, after all."
feeling,hurt,2001,TV,Survivor,"do is that you don't cast your vote based on that you got your feelings hurt. I think it's poor sportsmanship, and I don't think that"
feeling,hurt,2001,TV,Survivor,"it relays who the true survivor is. It just shows that you got your feelings hurt. So, it's up to you guys from here on out."
feeling,hurt,2000,TV,Angel,", mmm, mmm! What a beautiful, beautiful dance! You got your feelings hurt, didn't you? Stick your neck out and they throw a rope"
feeling,hurt,2000,TV,Survivor,"was going to be out or, or I would keep getting other people's feelings hurt. COLLEEN: It's like Sean walked into this and somebody forgot to"
feeling,hurt,1999,TV,Frasier,"say that you would see her again. Rather than send her home with her feelings hurt, - I told her you wanted her here. - What, like"
feeling,hurt,1998,MOV,...of Western Civilization Part III,"That made you tough? - Yeah. WOMAN: Punks don't get their feelings hurt so easy? I think they do, they just cover it up With"
feeling,hurt,1995,TV,The Nanny,". And you could do worse. Oh, Mr. Sheffield, are your feelings hurt that I wasn't gon na ask you? No. Come on,"
feeling,hurt,1993,MOV,CB4,"incitement, lewdness, poor grammar will see them jailed, banned and with their feelings hurt. As you've probably gathered, this is not just a movie about"
feeling,hurt,1991,TV,MacGyver,"to do my thinking. Karl. You think I'm stupid? Are your feelings hurt, Neil? Yeah. I got feelings. Okay, so I'm"
feeling,hurt,2017,SPOK,PBS_Newshour,"Republican leadership and the Republican membership in the House, in the Senate have their feelings hurt, have more than that. They have had their prestige undermined, their"
feeling,hurt,2017,FIC,Bk:BeeHerBonnet,when someone risked his life to save hers. # Poppy didn't get her feelings hurt. She punched people.CHAPTER 2 # Poppy walked so fast she surely sent up
feeling,hurt,2016,SPOK,Fox: On The Record: Hume,"And, of course, they increasingly have these identity groups who might get their feelings hurt that are to be protected. And the main point to make about this"
feeling,hurt,2015,NEWS,STLouis,"the "" temperament for elective politics. "" Mr. Schweich became upset and got his feelings hurt easily. It's a terribly sad situation, but politics or individuals should"
feeling,hurt,2014,SPOK,Fox: The Five,"Friday, my favorite thing besides face plant Friday. Joe Biden, are his feelings hurt? That his boss is talking about Hillary, but not him, for"
feeling,hurt,2014,SPOK,Fox: Fox News Sunday,"not to have your intellectual serenity disturbed, your emotional equilibrium upset, or your feelings hurt. It happens all the time. So, when this occurred, Sony"
feeling,hurt,2014,FIC,Bk:CuttingTeeth [a,"grown old enough to listen, to learn, to repeat, to have their feelings hurt. No longer impulsive cavemanlike toddlers immune to threat or negotiation. Susanna had"
feeling,hurt,2014,NEWS,NYTimes,if I could find a boyfriend who understood my life and didn't get his feelings hurt because I'm always a phone call away from having to leave in two
feeling,hurt,2013,SPOK,CBS: This Morning,"and ABC combined. So, no. VINITA-NAIR# We're trying not to get our feelings hurt you. SETH-REISS# I can't believe it took them so long to write"
feeling,hurt,2013,FIC,Atlantic,"shirt when he came to town and got involved, and then he had his feelings hurt. And mine. It was the age when I felt if I stood"
feeling,hurt,2013,FIC,SouthernRev,"ask my mother. "" Skinny, curious, sensitive. I would get my feelings hurt easily. I always tried to please people. Shy. Talkative. """
feeling,hurt,2013,MAG,Atlantic,"shirt when he came to town and got involved, and then he had his feelings hurt. And mine. It was the age when I felt if I stood"
feeling,hurt,2013,MAG,Atlantic,", to always answer his texts quickly, so that he didn't get his feelings hurt and follow up with Oh, I see you're busy or 2 cool"
feeling,hurt,2013,MAG,People,. It's amazing how dogs can be very emotional and they can get their feelings hurt. He wants my attention all the time. And if I don't
feeling,hurt,2011,SPOK,NPR_TellMore,you subject yourself to that kind of critique. So I don't get my feelings hurt that easy. I don't wear my feelings on my sleeve. You
feeling,hurt,2011,SPOK,ABC_Primetime,"a fragrance. You have to have tough skin. I can't get my feelings hurt, for example, because Khloe's upset about something that didn't go"
feeling,hurt,2011,ACAD,SchoolPsych,"feelings with three items (e.g., "" I feel bad when someone gets their feelings hurt ""). Internal consistency reliability was.85 in the validation study and.87"
feeling,hurt,2010,FIC,Bk:PrivilegesNovel,"geek should be one of her bridesmaids, and one of Cynthias many close friends feelings hurt as a result; yet here she is. In the kitchen Ruth,"
feeling,hurt,2010,MAG,HarpersBazaar,"a lot of other people that you can get. I wouldn't have my feelings hurt at all. I'm gon na support you no matter what, but"
feeling,hurt,2009,SPOK,NPR_TellMore,"the Washington Post sometimes does it. MARTIN: Are you hurt, are your feelings hurt? Mr-BARRY: No, hell no. I mean, I'm too"
feeling,hurt,2008,FIC,Bk:BabyBeMine,"his mother to butt out. Because if he did that she'd get her feelings hurt, and while she wouldn't cry, she'd make him feel like"
feeling,hurt,2008,MAG,People,"S LIKE HIS MOST FAMOUS SIBLING "" We are both sensitive. We get our feelings hurt easily, Britney and I. "" HIS IDEAL GIRLFRIEND "" I like independence,"
feeling,hurt,2007,FIC,FantasySciFi,"sexy face into the usual mirror. "" Hey, "" Lzaro said, his feelings hurt. "" I got scratch. "" Papa turned back to him. The"
feeling,hurt,2007,FIC,Mov:JesseJames,you misremember who you'll be accounting to if I so much as get my feelings hurt. MARTHA (O.S.) Do I have to yell suwee? CHARLEY Why
feeling,hurt,2006,SPOK,MSNBC_Carlson,"with it. Youre absolutely right. Anti-Semitism is huge. Well, have you ever had your feelings hurt and wished there was a complete stranger you could call to talk about it"
feeling,hurt,2006,FIC,Ploughshares,"Megan R. lowers her voice. "" I don't want people to have their feelings hurt. "" # It is simple who is to blame for this. At"
feeling,hurt,2005,SPOK,Fox_OReilly,"herself included, she needs to get psychologically evaluated. ROCKWELL: Where are your feelings hurt the most? Is it because she did the runaway? O'REILLY: I"
feeling,hurt,2005,FIC,AfricanAmerRev,"no extra so Ma got to support herself, but she bound to get her feelings hurt again so we got to think ahead. For ourselves. We gon na"
feeling,hurt,2004,FIC,Analog,"they would have been injured. But on Mars, they just had their little feelings hurt. The manual advised against doing it with chickens, because their beaks could"
feeling,hurt,2004,FIC,LesbianNews,", the result of Lily treating me as if I didn't matter left me feeling hurt all the time and she being without, what she's since referred to"
feeling,hurt,2004,MAG,HarpersMag,"Were the President and his advisers frustrated, or surprised, or were their tender feelings hurt, by their inability to compete with the skinny socialite whose sex tape had"
feeling,hurt,2003,MAG,People,"for that casting call. "" Tried wearing a skirt, then "" got his feelings hurt when guys in the tribe made fun of him, "" says Probst."
feeling,hurt,2003,NEWS,Houston,"here, a tweak there, and someone is going to end up getting their feelings hurt. # With Bernie Williams and Nick Johnson on the disabled list, Steinbrenner"
feeling,hurt,2001,FIC,Bk:InNameSalomé,"does not wait for Camila to answer back. "" Please don't get your feelings hurt, but I honestly don't think I would ever have heard of your"
feeling,hurt,2000,SPOK,CBS_Morning,", and, you know, I've been in love before and had my feelings hurt. And, you know, it's -- it only has -- has"
feeling,hurt,2000,SPOK,NPR_ATCW,"re angry and I know that this is an opportunity for them to get their feelings hurt. And I think that's very important, but, unfortunately, it"
feeling,hurt,2000,SPOK,CNN_Reliable,authority. And then there are occasions when people are just going to get their feelings hurt by a tough story. And tough stories are what we're supposed to
feeling,hurt,2000,FIC,SouthwestRev,", and he reminded himself of Becky when she was a little girl, her feelings hurt so easily and so often. If he didn't mollify her in time"
feeling,hurt,2000,FIC,Bk:MurderShootsBull,"Of course I did. I wouldn't want one of them to get their feelings hurt. "" Mary Alice's three husbands are buried next to each other."
feeling,hurt,2000,NEWS,USAToday,"# Now, it's not draft day unless an NFL general manager gets his feelings hurt by Kiper and they engage in a nasty war of words. It usually"
feeling,hurt,2000,NEWS,Chicago,"to peel off from Del, and failing; Del spends the movie having his feelings hurt and then coming through for Neal anyway. # The movie could have been"
feeling,hurt,1999,SPOK,Fox_Crier,"going on here. If you love your husband, and you've got your feelings hurt, and you still want the marriage, I'd do a little pride"
feeling,hurt,1998,SPOK,NBC_Dateline,"my life.  (Clip-from- "" Designi Last night, I got my feelings hurt because I came to this reunion thinking I was beautiful, and what I"
feeling,hurt,1998,FIC,Scholastic,"m away. Peters: He's a mighty fine pig. Rufe (his feelings hurt): You were calling him names last night. Peters: Oh,"
feeling,hurt,1998,FIC,Bk:ThornsTruth,"between her P107 and Brian. At the same time, she couldn't help feeling hurt that Rose was so clearly ignoring her. As if they were still the"
feeling,hurt,1998,MAG,GolfMag,"official. That's it. Oh, and Greg Norman will still have his feelings hurt. If you listen closely to golf's Pooh Bahs (and Norman-more on"
feeling,hurt,1998,MAG,RollingStone,business. The machine's going to keep moving.... Everyone always gets their feelings hurt when their value starts to go down and they're not the Number One
feeling,hurt,1998,MAG,RollingStone,"the Number One guy anymore. Hey -- I'm not going to get my feelings hurt. I realize I got ta get it while I can. "" And"
feeling,hurt,1998,NEWS,NYTimes,"the school board that governs Irmo High. "" If the Indigo Girls got their feelings hurt, that's too bad. "" # Taking the political use of gay"
feeling,hurt,1998,NEWS,Atlanta,"Center for Injury Prevention and Control. "" They were angry, in trouble, feeling hurt over some rejection. It was a totally different picture that caught us by"
feeling,hurt,1998,NEWS,Houston,"all over the map. Hardaway, of course, sounded like he got his feelings hurt by all the talk last week. Hey, you got to have thicker"
feeling,hurt,1997,FIC,Analog,"you pretty good guy. I also think it; damn Kalkaboos always getting damn feelings hurt. You want see Earth-human dome, sure, Mr. Threewhiteboots here take you"
feeling,hurt,1997,FIC,VirginiaQRev,"neither is his map. All right, she thinks, he's got his feelings hurt again, though the unfairness of his doing so makes her mad. Did"
feeling,hurt,1997,ACAD,Symposium,"Through irony, Jose Claudio aims to mock his interlocutors as a way to avoid feeling hurt by them. # To assert his control, Jose Claudio tells Mariana that"
feeling,hurt,1996,SPOK,CBS_FaceNation,"of people want to know the answer. Didn't you kind of get your feelings hurt a little? I mean, after all, here you were the guy"
feeling,hurt,1996,FIC,Atlantic,"in the darkness. "" Mom. "" I wait a few minutes, my feelings hurt, and then follow to her bedroom and stand quietly outside the door."
feeling,hurt,1996,MAG,Ms,"just get in the way. If you tell them no, they get their feelings hurt, "" says Phillips. Telling men to butt out is when women risk"
feeling,hurt,1996,NEWS,USAToday,"at a guy and tell him what he's doing wrong without anybody getting their feelings hurt. ""... The Sonics already have lost three games at home"
feeling,hurt,1996,NEWS,SanFranChron,"to see. So I said to my husband, "" Don't get your feelings hurt but I'm leaving town. "" (Laughter) I called my three"
feeling,hurt,1996,NEWS,SanFranChron,"Jeff McInnis, point guard, North Carolina. Another one who will get his feelings hurt by going so low. # * 25. JAZZ: It's a"
feeling,hurt,1996,NEWS,Denver,"sweet holiday tradition. 68251 # Doctor shouldn't call any child' stupid' Feelings hurt My name is Alex Gross. I'm 12 years old, and I"
feeling,hurt,1995,FIC,Bk:TooSoontoTell,"Scotch while listening to old Dinah Washington records. For instance, were Canada's feelings hurt when an internal State Department document that got out to the press listed fifty"
feeling,hurt,1995,FIC,Bk:TooSoontoTell,""" "" I'm sorry your feelings were hurt, "" I say. "" Feelings hurt? "" Canada says. "" Not at all. Don't give it"
feeling,hurt,1994,SPOK,ABC_Brinkley,", or' Someone has hurt my feelings,' and well, getting your feelings hurt is part of life. SUZANNE GARMENT: That's right. GEORGE WILL"
feeling,hurt,1993,SPOK,Ind_Limbaugh,"note, I won't have my day ruined. I won't have my feelings hurt if I never see you wearing this tie.' I mean, that"
feeling,hurt,1993,SPOK,Ind_Limbaugh,"do this; and I -- I really don't want you to have your feelings hurt with this, but they're just not things that we can put on"
feeling,hurt,1993,SPOK,ABC_Brinkley,": This is part of the new entitlement, which is not to have your feelings hurt and to be unhappy' cause a lot of people are most happy when"
feeling,hurt,1993,FIC,Bk:SacredClowns,"she would be angry at his desertion; perhaps she would be offended, her feelings hurt. He, doubted that. She seemed a very sensible person. Logical"
feeling,hurt,1993,NEWS,WashPost,"faze her, and a boy with a pickup line is likely to get his feelings hurt. # Yaminah Jackson, 17, a senior at H.D. Woodson High School"
feeling,hurt,1993,NEWS,SanFranChron,"shows every once in a while. When she was little she'd get her feelings hurt. # "" Salvador, Chavo, who will be 21 in a couple"
feeling,hurt,1993,NEWS,Chicago,"Burt Reynolds is mean to the kid? Didn't the young actor get his feelings hurt? "" Before each scene, we played the' what if' game"
feeling,hurt,1992,FIC,Bk:Blindsight,", not at all, "" Laurie said. "" Just don't get your feelings hurt when I ignore you for a while. "" After Laurie inspected all the"
feeling,hurt,1992,NEWS,WashPost,"you. I think at this level of competition, you shouldn't let your feelings hurt you. You should control your feelings. I tried to explain to him"
feeling,hurt,1992,ACAD,Education,work. 64% of the parents of elementary aged students say their children get their feelings hurt easily. 38% said their child gets mad easily and has a hard time
feeling,hurt,1991,SPOK,ABC_Brinkley,"can serve, the length of time you can stay in office? Are you feelings hurt? Rep. BROWN: Very much so. As a matter of fact,"
feeling,hurt,1991,FIC,Bk:FiremansFair,", "" he said. "" Acting like a baby just because you got your feelings hurt. There's a lot worse things than some woman busting your heart,"
feeling,hurt,1991,MAG,SatEvenPost,happy the first weeks of Lent; then one Saturday morning she'd had her feelings hurt. In the soup kitchen she had put out what she thought was a
feeling,hurt,1991,NEWS,SanFranChron,"I don't think any player walked out (of my office) with his feelings hurt. If the truth hurts, don't ask. If you can't"
feeling,hurt,1991,MOV,Dutch,"loves you. He's a great kid. He doesn't deserve having his feelings hurt or his mind played with, especially not by his dad. (moans"
feeling,hurt,1990,NEWS,SanFranChron,"took us a year before we could criticize each other professionally without the other guy feeling hurt. "" Bock was the bubbly, funny one, Harnick the quiet,"
feeling,ache,2012,BLOG,nrfem.blogspot.com,gall stones. These people affected with the disease would often go to the hospital feeling aches in the abdomen and back. Another dietary related cause of back pains is
feeling,ache,1992,MAG,FieldStream,"This, I decide, is best left to seals. Ten minutes later, feeling aches back into my feet. I don't dive but have imagined that the"
emotion,hurt,2019,TV,Another Life,are real. You are alive. You shouldn't have come here. The emotions hurt... but they are also beautiful. Come back. Don't let some
thought,nourish,1999,FIC,Bk:PolgaraSorceress,"where we floated, but the place nourished only our bodies. Mother's thought nourished our minds--with those subtle variations I previously mentioned. I suspect that what I was"
effect,force,2016,SPOK,Fox: Media Buzz,"Exactly. KURTZ#... but was -- Kelly, was Donald Trump, in effect forced, pressured to do this by the media because his top surrogates, Rudy Giuliani"
effect,force,2014,FIC,Bk:EarthAwakens,"and legs in order to reach the feet and gloves, but the accordion effect forced him to stand bowlegged and waddle when he walked. When it was time for"
effect,force,2014,NEWS,Pittsburgh,"opportunity. While it paved the way for his 2010 election, its persistent effects forced him into difficult budget decisions that reverberated throughout this campaign. In particular, the"
effect,force,2012,MAG,Astronomy,"around the Sun for every one that Saturn made). The combined gravitational effect forced Jupiter, Saturn, Uranus, and Neptune to disperse from one another. As"
effect,force,2012,WEB,...lytrinitymission.org,", he really did break with the tradition of the Eastern Church and in effect forced it to unite against him; while in its opposition it was at the same"
effect,force,2012,WEB,patheos.com,"was not just their imagination. In those cases, the divine hiddenness in effect forces those people OUT of the church, by not providing the evidence that was required"
effect,force,2012,WEB,io9.com,"you will end because we demand it. # In doing so, Mass Effect forces the observant player to ask, "" Why fight for survival in a meaningless universe"
effect,force,2002,NEWS,USAToday,"comic-book hero. # * The magic shop. Weta also has become an effects force on par with George Lucas and his Industrial Light &; Magic, despite its Down"
effect,force,2000,NEWS,SanFranChron,"the state Court of Appeal, which affirmed a lower court decision that in effect forced the board into granting Rosenkrantz a parole date. Attorney General Bill Lockyer filed a"
effect,force,1999,ACAD,ArabStudies,"strong ties with the United States on the other, these regimes were in effect forced to participate in the cooperative core to protect their own interests (both symbolic and"
effect,force,1997,SPOK,CBS_Sixty,"THE CITADEL? ED-BRADLEY-co-hos: Last fall, after a Supreme Court ruling in effect forced The Citadel military college in Charleston, South Carolina, to open its doors to"
effect,force,1995,MAG,Money,"12b-1 distribution fees to bill shareholders for the fund's marketing costs, in effect forcing current shareholders to pay to recruit more customers. * Some fund expenses raise questions"
effect,force,1992,MAG,America,Koreans are not only prevented from practicing their own faith. They are in effect forced to practice another. the government controls the vestiges of traditional religious practice by means
effect,force,1991,ACAD,AmerEthnicHis,"not, by challenging the integrationist assumptions of assimilation ideology, Chicano activists in effect forced Mexican-American moderates to respond and to "" prove their loyalties "" and to justify their"
effect,force,1990,MAG,HistoryToday,"had procured and turned over confidential Venetian diplomatic instructions to the Turks, in effect forcing Venice to cede Napoli di Romania and Malvasia to the Turks. The Venetians were"
effect,force,1990,ACAD,Education,"make this connection, we are wasting time practicing school. We are in effect forcing students to enroll in the math and science equivalent of "" WOODSHOP 0 "" a"
effect,pressure,1992,MAG,America,". Forty states had by 1991 cut benefits and stiffened eligibility requirements, in effect pressuring pregnant women in poverty to abort. Some bills, already passed in New Jersey"
cause,force,2012,WEB,classics.mit.edu,"and press them crushed Down to the earth, because their ignorance Of cosmic causes forces them to yield All things unto the empery of gods And to concede the kingly"
change,take,2012,WEB,wattsupwiththat.com,Our ice change calculations rely heavily on how well we can account for these important changes taking place beneath the Earth's surface. While the land beneath the ice is
change,take,2012,WEB,tatfoundation.org,"change "" is not really accurate because nothing really changed, yet paradoxically, huge change took place. # In simple terms, I was once Steve living his life"
change,take,2012,WEB,whitehouse.gov,"plan that would meet the legitimate aspirations of the Syrian people. Noting the profound changes taking place in other countries in the Middle East, they called on governments and"
change,take,2012,WEB,foxnews.com,"talking. # Earlier in the day, Homeland Security Secretary Janet Napolitano said the change takes effect immediately and is needed to ensure enforcement resources are not expended on """
change,take,2012,WEB,amazon.com,"I love the colors and the changes that take place and how it symbolizes the changes taking place in the hearts of Quinn, Ava and Brandon. # A Dream"
change,take,2012,WEB,amazon.com,"but he also does a fine job of explaining the reasons why all of these changes took place. # In the early days of radio, networks dominated the airwaves"
change,take,2012,WEB,articles.latimes.com,for Netflix Instant streaming and $7.99 to receive discs in the mail. # The changes take effect immediately for new customers and in September for existing ones. Tony Wible
change,take,2012,WEB,ustfccca.org,"track-and-field and cross-country programs at University of Detroit Mercy, has seen a lot of change take place in his two sports. We have come a long ways, he"
change,take,2012,WEB,context.org,", the derision stopped. During the four years of the Intelligence Project, enormous change took place as children entered school with greater abilities, school children's achievement improved"
change,take,2012,WEB,history.navy.mil,"Shortly before the turn of this century the legislation was changed to reflect the remarkable changes taking place in the Navy itself as wooden hulls, sails, and muzzleloading ordnance"
change,take,2012,WEB,pcusa.org,"Sweep # Pittsburgh # The United States and Israel need to understand and appreciate the change taking place this year across the Arab world because "" you have for the first"
change,take,2012,WEB,globalmoxie.com,"that you want to remove.  Step 3: Test your configuration # The change takes effect immediately. After adding an account to the. htpasswd list, that"
change,take,2012,WEB,ilto.wordpress.com,"good can come of it, then this makes it a worthwhile charity/organisation. # Change takes time, and it needs people to support and back it for it to"
change,take,2012,WEB,smithsonianmag.com,". # Near the end of the intramural debate over the policy, one critical change took place. The EPA's previous experiments with emissions trading had faltered because they"
change,take,2012,WEB,fed-soc.org,"maintenance of minimum world public order; that is, an orderly world in which change takes place by negotiation, by consensual arrangement, and not by unauthorized coercion."
change,take,2012,WEB,lakenewsonline.com,"Government. You see, it's funny but if you don't pay attention changes take place without you knowing they occur and even without your cooperation."
change,take,2012,WEB,ajr.org,"aren't doing their jobs if students aren't being made sensitive to the dramatic changes taking place in delivery platforms. The challenge, he says, is that many"
change,take,2012,WEB,...tudioservices.go.com,"began on the new studio shortly thereafter. During the next 14 years, many changes took place at the Disney studio: Mickey Mouse was "" born "" in 1928"
change,take,2012,WEB,ustfccca.org,"track-and-field and cross-country programs at University of Detroit Mercy, has seen a lot of change take place in his two sports. We have come a long ways, he"
change,take,2012,BLOG,...etarism.blogspot.com,"have been otherwise. Further, the housing-market and mortgage-market boom could have masked underlying changes taking place in US labor markets - for example David Autor's "" hollowing out"
change,take,2012,BLOG,shtfplan.com,"of people would like to know, potentially, how soon would you see this change taking place? # Well that is a very tough question to answer because there"
change,take,2012,BLOG,desizntech.info,"so that it is more curved, make sure to press ENTER so that the change takes effect. # Change the layer mode to Multiply. # Step 14:"
change,take,2012,BLOG,dailygalaxy.com,"On the other hand, in the concept of time as a numerical order of change taking place in space, space is the fundamental physical entity in which a given"
change,take,2012,BLOG,...discovermagazine.com,", although up here, I did not feel the same values before that social change took place. # Yet one would have to place themselves in disadvantage, discrimminated"
change,take,2012,BLOG,...us.blogs.nytimes.com,"by languor and inertia. (On the other hand, quite why the set changes take so long is a mystery to me.) # Rimas Tuminas's Russian"
change,take,2012,BLOG,keizertimes.com,"From the outset, Parker intended to instill a run-first offense, but making such changes takes time and more than a little buy-in from players. # "" The biggest"
change,take,2012,BLOG,...tailspin.onmason.com,"time, Time Magazine has become an example for others to learn about how these changes took place overtime. # Other reason the Corpus is within the Fair Use Policy"
change,take,2012,BLOG,splcenter.org,"been in more danger right now. It will take some time before the huge changes taking place in this country become normal. Until then, we have to reach"
change,take,2012,BLOG,globalministries.org,"indifferent towards the challenges facing our region, in view of the political and socio-economic changes taking place there nowadays. We therefore underline the need for a peaceful solution of"
change,take,2012,BLOG,wattsupwiththat.com,"an idea that now travels well beyond its origins in the natural sciences... climate change takes on new meanings and serves new purposes... climate change has become "" the"
change,take,2012,BLOG,spectrumscience.com,"likely be pushed out to all users in the next three months. If these changes take place, we will see a big shift in the way companies use Facebook"
change,take,2012,BLOG,...usblog.wordpress.com,consideration of developmental changes. Their suggestions for research on moderators and consideration of development changes take on special significance because these ideas were not discussed in our article nor in
change,take,2012,BLOG,...dreport.blogspot.com,"my life. Yet, I am constantly amazed and gratified by the profound spiritual changes taking place in participants of the AA program. I have been part of this"
change,take,2012,BLOG,wattsupwiththat.com,to two metres. # The UNE team has discovered that each of these large changes took less than 40 years from beginning to end. They have therefore found convincing
change,take,2012,BLOG,m.howcast.com,you via e-mail of the new policy at least 30 business days prior to the change taking effect and provide you with an opportunity to opt out of the new use
change,take,2012,BLOG,hotair.com,went well considering how basic and grass roots it is. # Real and lasting change takes time. It takes time to find good people. It takes time to
change,take,2012,BLOG,therebelution.com,it doesn't get better than that! I'm eager to see the neat changes take place. I know that God will use you both in wonderful and various
change,take,2012,BLOG,now.tufts.edu,"that the rapid rise in asthma can not be due to genetics, because genetic changes take many generations. This may be true, but I am not as certain"
change,take,2012,BLOG,wattsupwiththat.com,"high forcing variables could cause a change in a few years or that minor forcing changes take a few decades to be' observable'. But in any event,"
change,take,2012,BLOG,...ogs.library.duke.edu,roles of both university presses and libraries to careful scrutiny in the context of the changes taking place in scholarly communications. # University presses are criticized in the report for
change,take,2012,BLOG,vigilantcitizen.com,"necessarily' better' than another, and I am not afraid of the spiritual changes taking place in our society. There was, is, and always will be"
change,take,2012,BLOG,peoplesworld.org,"that outdated institution is) make clear that the political, cultural, and demographic changes taking place are national in scope, not a one-time (or two-time) aberration"
change,take,2012,BLOG,...omiccollapseblog.com,in trouble with politics. The current system will have to implode before any meaningful change takes place in this country. # You can not win national elections by telling
change,take,2012,BLOG,answersingenesis.org,"natural evil, 42 he affirms again that when Adam sinned, "" a radical change took place in the universe. "" Human death, pain in childbirth, male"
change,take,2012,BLOG,blogs.indiewire.com,that it is still tough for women to direct is indicative of its power. Change takes time. As a female you have to want it enough to overcome many
change,take,2012,BLOG,techcrunch.com,". # If you think about how businesses operate and move, you realize that change takes time -- and money. Physical networks, on-premise servers, and desktop software"
change,take,2012,BLOG,thefacultylounge.org,"the legal services industry, for example. (With Steel, the most dramatic changes took place in the economic model of the integrated producers, which exposed the fact"
change,take,2012,BLOG,...estlingnewsworld.com,offered to Heyman but Vince did speak with him after the ratings debacle. Creative changes took place and we are still awaiting full details on how everything was put back
change,take,2012,BLOG,qando.net,U.S. Treasury bonds or other top-rated holdings to guarantee more of their bets. The change takes effect as the $10.8 trillion market for Treasuries is already stretched thin by banks
change,take,2012,BLOG,edutopia.org,"know today and to those who take a social-emotional and character development approach: # Change takes time and requires extensive, realistic, genuine, respectful collaboration, including students"
change,take,2012,BLOG,dennyburk.com,", without any appreciation of the sacrifices such things require. Also note the denominational change taking place. # Speak plainly. The aliens or others you speak of are"
change,take,2012,BLOG,blog.aaanet.org,", a paleo-anthropologist, offered a tantalizing insight, roughly paraphrased as a lot of change took place during periods of high climate variability (unstable periods) -- such as"
change,take,2012,BLOG,blogs.suntimes.com,"anyway. But I'd love to see some serious, not merely cosmetic, changes take place. # Kabe: Peer review can be useful when you don't"
change,take,2012,BLOG,...dreport.blogspot.com,one Wednesday night and wake up in The Road Warrior on Thursday morning. These changes take time. My 2-cents worth... (at the risk of offending foreign readers
change,take,2012,BLOG,....nationaljournal.com,is being made. It is choppy and uneven - but that is the way change takes place. At least on this issue we may be avoiding a Civil War
change,take,2012,BLOG,hotair.com,", via The Hill: # "" We have always said in this campaign that change takes more than one term, "" Obama said, asking for more time to"
change,take,2012,BLOG,...stopass.blogspot.com,"forward motion. # I'm sure anyone would agree with me in stating that change takes some getting used to. It's confusing. It tears us apart,"
change,take,2012,BLOG,...bijiski.blogspot.com,"might change in some ways, but the reader must see how and why that change took place or they will not stay with the character and embrace them. I"
change,take,2012,BLOG,sciencecodex.com,"what is involved in each reaction that takes place -- what goes in, what changes take place, and what comes out -- in order to maximize efficiency and yield"
change,take,2012,BLOG,humansarefree.com,"# Your world is being changed to accommodate us. In time, after these changes take place and the transformation of your government occurs, then we will make ourselves"
change,take,2012,BLOG,...ancialarmageddon.com,tax policy changes are implemented and prevent income concentration from bouncing back. Such policy changes took place after the Great Depression during the New Deal and permanently reduced income concentration
change,take,2012,BLOG,blogs.windows.com,", JasonFerris, Shockg: Thanks for sharing your thoughts. I'm sorry this change took you by surprise and not in a good way. Engineering decisions like this"
change,take,2012,BLOG,...norance.blogspot.com,which left a lot of fossils. Small populations evolve faster than large populations because changes take a much shorter time to become dominant. # Punctuated equilibrium is most apparent
change,take,2012,BLOG,macrumors.com,". Let alone be proactive and try to keep user satisfaction. With any code change taking 30 days to deploy, we are limited to having a very stable"
change,take,2012,BLOG,...nborntranssexual.com,"and the legacy of Joseph McCarthy, the date, 1954, when the name change took place, should indicate just how the significant the name change was. It"
change,take,2012,BLOG,...writethebookblog.com,"narrator whose small, personal life is just as important to her as the cosmic changes taking place around her. # I found The Age of Miracles quite stressful to"
change,take,2012,BLOG,treehugger.com,"century -- since a full presidential debate cycle has concluded without any discussion of climate change taking place at all. # And in 1984, American citizens weren't reeling"
change,take,2012,BLOG,wattsupwiththat.com,"an idea that now travels well beyond its origins in the natural sciences... climate change takes on new meanings and serves new purposes... climate change has become "" the"
change,take,2012,BLOG,mfctoday.org,"enemy to do whatever he desires to do. # In Verse 15, a change took place. This man had been healed and delivered, but even though the"
change,take,2012,BLOG,...ofhands.blogspot.com,through about 30 galleries in all parts of the US. There were some notable changes taking place... or perhaps the thing I should note was that in the world
change,take,2012,BLOG,blogs.reuters.com,"future retirees by reducing the cost-of-living adjustment. # For future retirees, all these changes taken together would reduce the average annual benefit for middle-income workers -- those with annual"
change,take,2012,BLOG,dontwelookalike.com,"ancestry) in Grey's Anatomy series, Lucy Liu a Chinese-American, etc. Change takes time. But yes, I agree very few those filling of Asian descent"
change,take,2012,BLOG,truewoman.com,"on a hill, to draw in other imperfect people. As I see the changes taking place in the people of my congregation, I am more convinced every day"
change,take,2012,BLOG,finance.yahoo.com,some. The question is whether there is more or less opportunity overall after the change takes place. Ask doctors if they think getting lots more patients but no more
change,take,2012,BLOG,tor.com,"were suddenly perfectly okay with Rand, that would be poor characterization. These emotional changes take time to be realistic. He may not be getting off his high horse"
change,take,2012,BLOG,...infavor.blogspot.com,"apparently through social and other hard-to-harness media, the idea that people could make real change took hold and grew until it moved from idea to inevitability. Of course,"
change,take,2012,BLOG,blog.webshots.com,"# October 7, 2012  4:44 PM # Hi there, Due to the changes taking place on Webshots I'm not able to download other peoples beautiful picures for"
change,take,2012,BLOG,...sbikes.wordpress.com,"role has always seemed to be the agent of change, in environments that recognize change takes time and acceptance and ownership... but usually demands immediacy. # My rides"
change,take,2012,BLOG,missionlocal.org,"welcoming to leftists as it has been for him. With a lot of the changes taking place in the Mission, it could turn into a more moderate-leaning district."
change,take,2012,BLOG,...onsult.wordpress.com,"Illusion is seen through. 40-50 days of bliss follow, for some people this change takes longer. The bliss state is neccesary to lure you away from thought,"
change,take,2012,BLOG,...ustory.wordpress.com,their argument was found invalid. # In the middle of the debate a sudden change took place: the Populist Party proposed building a candy shop and were against the
change,take,2012,BLOG,huffingtonpost.com,"development of fossil fuels and perhaps even other non-renewables for many years to come. Change takes time. But if Romney really wants to "" level the playing "" field"
change,take,2012,BLOG,alanknox.net,and see that needs were getting met and God was glorified in our midst. Changes taking place in the group are mostly subtle. It is all very precious.
change,take,2012,BLOG,...dowton.wordpress.com,"abuse, and also an opportunity to shine light in dark places and to see changes take place to ensure that these things do not happen again.  Post navigation"
change,take,2012,BLOG,tucker.patch.com,"to a comparison between conditions before the Eighteenth Amendment and since, but only to changes taking place during the years since the adoption of the Amendment. The disquieting features"
change,take,2012,BLOG,wnd.com,"have predicted would devolve into the utter chaos it has -- as "" an extraordinary change taking place, "" wherein, "" Square by square, town by town,"
change,take,2012,BLOG,patheos.com,""" is a reverent, graceful, beautiful and poetic testament to the dramatic climate change taking place. He says that glaciers matter because a they are the last canaries"
change,take,2012,BLOG,...rawanm.wordpress.com,"regional variations in climate change, something that is likely to be valuable as climate change takes hold. # Despite his reservations, Thorne says climate science stands to benefit"
change,take,2012,BLOG,overthinkingit.com,", but as no one traveled BACK to 2015 from a future-point, only minor changes take place in the 2015 time-line. Now, November 5th, 1955 is the"
change,take,2012,BLOG,...omblog.wordpress.com,"free meals "" (rather than "" cheat meals ""). # Accept that change takes time. Years of unhealthy habits (physical, physiological, and emotional)"
change,take,2012,BLOG,thenextweb.com,"but keeping "" well behaved "" is certainly not going to help change anything. Changes take time. Wear a short skirt if that's how you roll; write"
change,take,2012,BLOG,jonathanturley.org,"War II, I've lived through this history and watched in dismay as these changes took effect. Most Americans though, except for those most prescient, have no"
change,take,2012,BLOG,jonathanturley.org,"those most prescient, have no idea of what was done, simply because these changes took effect before they were born, or in their early youth. This election"
change,take,2012,BLOG,minnpost.com,"a month paychecks, according to a letter sent to workers this week. The changes take effect beginning in January, but are not expected to affect the majority of"
change,take,2012,BLOG,phys.org,"make sure I correctly understand your view. You deny that there is any climate change taking place, not just that humans are causing it. # The reason I"
change,take,2012,BLOG,saundramitchell.com,"a cover they might find embarrassing. BUT... society can't change overnight. Change takes time. And in the meantime, boys are not reading. Telling them"
change,take,2012,BLOG,coreyrobin.com," rights issue was clearly the most relevant since this is where the most decisive change took place. # Suddenly, also, the comments of Ginsburg and Scalia about"
change,take,2012,BLOG,lakewayhealth.com,of the change process. # Here is what the research has taught us. Change takes place in predictable stages. There are six stages one must go through in
change,take,2012,BLOG,theoildrum.com,of Europe. I explore a little how these changes might differ or compare with changes taking place in Asia and elsewhere. # In living memory near my house in
change,take,2012,BLOG,...icearth.blogspot.com,"this decade, it accounted for a third of corporate profits. # As these changes took place, finance again became a high-paying career -- spectacularly high-paying for those who"
change,take,2012,WEB,consc.net,"You are, to be sure, aware of this difference, aware that a change takes place when you open and close your eyes, but this, once again"
change,take,2012,WEB,...kingforengineers.com,"in any direction, a crack will result at place where the most drastic temperature change takes place, usually slightly off center of the cake. # There are other"
change,take,2012,WEB,edge.org,"only been around for a hundred years or so. # It's because human change takes place across generations, rather than within a single life. This is built"
change,take,2012,WEB,kidshealth.org,"change can help. # It can also help to remind yourself that making a change takes time, practice, and patience. It won't happen all at once"
change,take,2012,WEB,infidels.org,"Robert Emmet, the Irish patriot. Both attended Paine and both testified that no change took place in his opinions. Mr. Morton, who was present when he expired"
change,take,2012,WEB,paranormal.about.com,"provides a map of what he believes the globe will look like after these Earth changes take place. # Personally, I doubt that this new millennium will bring an"
change,take,2012,WEB,the2012scenario.com,"of numerous changes of governance world-wide, and there have already been significant signs of changes taking place not only in the global political structure but also within the banking industry"
change,take,2012,WEB,the2012scenario.com,President. Does this mean that they have now agreed to surrender to the global changes taking place? And is this significant? # AAM: What is significant is
change,take,2012,WEB,waxy.org,"old Trash 80. Those youthful days have impacted so many of us, the changes taking place then have had such far reaching scopes, and the legacy that is"
change,take,2012,WEB,...idsnews.blogspot.com,"-- now we will have to see it though until next July 1st when regime Change takes place.) # Monica's loud and oft-stated mantra has been A-G,"
change,take,2012,WEB,usnews.com,"can't find workers with the right skills. "" # While there are always changes taking place in any labor market that will create a degree of mismatch between the"
change,take,2012,WEB,bible.org,"suffered great agony of soul, until he had a change in perspective. This change took place when he entered the sanctuary of God (v. 17). This"
change,take,2012,WEB,onthehuman.org,"hominin evolution -- somewhere between five and seven million years -- a period of radical change taking place over a period of some 60,000 years (from 100,000 years ago to"
change,take,2012,WEB,uncsd2012.org,"towards sustainable development, yet the international community knows very little about the relevant policy change taking place there and, in particular, about the state of development of sustainable"
change,take,2012,WEB,uscc.gov,", and because of China's refusal to recognize the profound background behind the great changes taking place in Taiwanese politics and society, resulting in our complacency as reflected in"
change,take,2012,WEB,debate.org,change from the same time each year prior. There is an obvious overall climate change taking place. All we have to do is open our eyes and observe to
change,take,2012,WEB,boardgamegeek.com,it is mentally exhausting). I did the same thing with Suburbia when major changes took place: a test with multiple simulated players. # So both of us
change,take,2012,WEB,amazon.com,the gospel come to be its most devoted followers? Miraculous Movement recounts an amazing change taking place within Muslim communities where the truth of Jesus Christ is turning around the
change,take,2012,WEB,jackkrobinson.com (1),us have it hoisted upon us through some catastrophe. # To proactively create changes takes great clarity about the workings of your internal belief system as well as acting
change,take,2012,WEB,cbsnews.com,"more women are expected to get free access to preventive services. # Because these changes take effect at the beginning of a new insurance plan year, the requirement may"
change,take,2012,WEB,theatlantic.com,"if not earlier. We're also marrying less -- with a significant degree of change taking place in just the past decade and a half. In 1997, 29"
change,take,2012,WEB,revcom.us,"experience of this first wave of socialist revolution and the strategic implications of the vast changes taking place in the world. # Bob Avakian has taken on this responsibility,"
change,take,2012,WEB,nytimes.com,"after George Stephenson launched the first locomotive in 1829, little of significance in design change took place for the next thirty years. In America nearly everything did, because"
change,take,2012,WEB,mccune.cc,passphrase is changed in PGP 8.0.2 (and above). This is because of changes taken to resolve the Private Key Vulnerability. A way to resolve this is by
change,take,2012,WEB,pitt.edu,"and made him a great official. He was beside himself with joy when the change took place. Following the example of the official he had seen, the mason"
change,take,2012,WEB,...ooks.adelaide.edu.au,"foretold to the Ionians laying down as a limit this very year in which the change took place. The Lydians however and the Medes, when they saw that it"
change,take,2012,WEB,answers.com,and reduction reactions are extremely important. Reversible reactions are those in which the chemical change taking place may be paralleled by another change back to the original substances. The
change,take,2012,WEB,answers.com,", such as that of photographic film, light is an important factor. The changes taking place in a chemical reaction are represented by a chemical equation. An element"
change,take,2012,WEB,...dreport.blogspot.com,US policy to take huge positions in derivative markets that would pay off once regime change took place in Tanzania. The possibility that the US might lose had never occurred
change,take,2012,WEB,...rofconsciousness.com,"life of greater clarity, depth and openness. # Rather than resist the powerful changes taking place, you can make the uncommon choice to transform the uncertainty"
change,take,2012,WEB,antipope.org,"a country where people casually moved families thousands of miles. # This wave of changes took place from 1940-1970, only thirty years. # Think of what this would"
change,take,2012,WEB,whitehouse.gov,"new chapter in American diplomacy. For six months, we have witnessed an extraordinary change taking place in the Middle East and North Africa. Square by square, town"
change,take,2012,WEB,...dbreath.blogspot.com,"The 27-year-old woman, Tiffany, was waiting on lungs for end-stage CF when the change took hold, cutting off her ability to pay for the admittedly pricey surgery."
change,take,2012,WEB,literature.org,"its precepts; and how unfit you will be for its heaven, unless a change takes place before you die?' # ' I'm rather obliged than angry"
change,take,2012,WEB,...ction13.blogspot.com,"accessible to new social groups, particularly a rising educated middle class. As these changes took place, the small literary magazine emerged as the new standard, as opposed"
change,take,2012,WEB,...hildrenshospital.org,"to do the experiments, ascertain the chemical composition of surfactant and show what molecular changes take place. People were also asking what cells in the lung make the surfactant"
change,take,2012,WEB,clubofrome.org,"able to support? Will the belief in endless growth crumble? Will runaway climate change take hold? Where will quality of life improve, and where will it decline"
change,take,2012,WEB,asia.si.edu,a year-long series of recent video works that provide rich sensory experiences of the many changes taking place in contemporary Asia. Internationally renowned artist Yang Fudong expands upon Chinese painting
change,take,2012,WEB,schoolbook.org,request? How much of a teacher's time do their annual curriculum and procedural changes take away from actual teaching? How much of teachers and principals time is used
change,take,2012,WEB,bible.cc,"rescue of the church from antichristian tyranny, are here pointed to. But whatever changes take place, the Lord warned impenitent sinners that no good would come to them"
change,take,2012,WEB,cnn.com,". We will not be tricked again, and southerners will not celebrate until complete change takes place in south Yemen. "" # Hussein al-Aqil, a professor at Aden"
change,take,2012,WEB,bible.cc,????????????); the change taking place by the renewing of the mind. Compare Romans 8:29; 2 Corinthians
change,take,2012,WEB,atkearney.com,"on to prevent financial losses later in the decade. # This paper examines the changes taking place in refining, the value drivers shaping the future of refining, the"
change,take,2012,WEB,sott.net,"companion star is actually close to (or at) perihelion based on the bizarre changes taking place in the Solar System. Either way, this trend of the annual"
change,take,2012,WEB,fightaging.org,"of "" success, "" in the complexity of the aging process, the rapid changes taking place in society, and the changing characteristics of the older population. #"
change,take,2012,WEB,tldp.org,*** would love to add it to the HOWTO. 5. Reboot to let the changes take effect. **40;9270;TOOLONG...  7.15.4.3. Changing the MTU on MS Windows NT
change,take,2012,WEB,tldp.org,*** would love to add it to the HOWTO. 5. Reboot to make the changes take effect. **40;9494;TOOLONG...  7.15.4.4. Changing the MTU on MS Windows 98
change,take,2012,WEB,tldp.org,"NOT include the text "" (Decimal> "") 6. Reboot to let the changes take effect. **40;9718;TOOLONG...  7.15.4.5. Changing the MTU on MS Windows 95"
change,take,2012,WEB,...olicway.blogspot.com,"wine as the body and blood of Jesus. The prefix Trans- says that a change took place, the bread actually became the body of Jesus and the wine actually"
change,take,2012,WEB,blog.wblakegray.com,"your reply on the one hand you argue "" if what we know about climate change takes place, these changes are likely "".... and then you go on to"
change,take,2012,WEB,...abroad.wordpress.com,# ***** # The Western news media is replete with pithy descriptions of the rapid changes taking place in China: China has the world's fastest growing economy. China
change,take,2012,WEB,answers.com,"knows. # However, anxiety is not only a behavioural phenomenon. Characteristic autonomic changes take place, typically including increased heart rate and/or blood pressure. There is also"
change,take,2012,WEB,...anagement-issues.com,to expect people to gain these skills in a one- or two-day workshop. Behavioral change takes more time than that. The most effective methods I've seen spreads out
change,take,2012,WEB,boundlessline.org,"because you rarely, if ever, see a retraction. First evolution stated that change took "" many generations and millions of years "" to jump from species to species"
change,take,2012,WEB,boundlessline.org,". Yet in the last 20 or so years the theory has changed to "" changes took place quickly within a relatively short span "". Oops. Or how about"
change,take,2012,WEB,boundlessline.org,"because you rarely, if ever, see a retraction. First evolution stated that change took "" many generations and millions of years "" to jump from species to species"
change,take,2012,WEB,boundlessline.org,". Yet in the last 20 or so years the theory has changed to "" changes took place quickly within a relatively short span "". Oops. Or how about"
change,take,2012,WEB,plone.org,"page templates, you won't need to restart Zope in order to see your changes take effect. Changes to python, XML"
change,take,2012,WEB,archive.org,"and other debris, had been bulldozed. Down in the West End the biggest change took place. The empty bottles and cans which the lumberjacks had for many years"
change,take,2012,WEB,archive.org,those horses would make in their young lives. Doubtless the neighbors too watched the changes taking place on Pollard Road and had a few misgivings as the stable took shape
change,take,2012,WEB,malegislature.gov,of the account with information regarding the plan changes at least 30 days before the changes take effect. Carriers shall provide information on their websites about any tiered or selective
change,take,2012,WEB,unification.net,the final goal which all human beings are headed for. # There are progressive changes taking place in the world. So we can imagine something of higher dimension than
change,take,2012,WEB,open.salon.com,"the chains of prejudice. America has come far. And I know that these changes took time, and this new attitude didn't come easy, and my heart"
change,take,2012,WEB,msdn.microsoft.com,"set the flag programmatically, calling ChangeServiceConfig2 with the following parameter values. (The change takes effect the next time the system is booted.) The dwInfo parameter should"
change,take,2012,WEB,amptoons.com,"hands of the same groups that have most of it already. # Although systemic change takes many decades, there are pressing questions for me and, I imagine,"
change,take,2012,WEB,techdirt.com,"understand or, at the very least, are open to learning about, the changes taking place in communication and, yes, entertainment. Dodd clearly isn't one"
change,take,2012,WEB,bible.cc,"among beasts and the eagle among birds. # After a time Daniel sees a change take place with this beast. The wings, i.e., the feathers by which"
change,take,2012,WEB,bible.cc,"ruleth in the kingdom of men "" (Da 4:35, 36), the change took place in him, "" a man's heart is given to him;"
change,take,2012,WEB,ssr1.uchicago.edu,"Under these conditions, spontaneous social evolution was possible only by a series of small changes taking place from one generation to the next. However, when the primary group"
change,take,2012,WEB,blog.seattlepi.com,"# Mostly, Tevye is a man trying to come to terms with the sweeping changes taking place around him -- the rise of socialism, his daughters' rejection of"
change,take,2012,WEB,nobelprize.org,"obtained so far point to the conclusion that the beginning of the succession of chemical changes taking place in radioactive bodies is due to the emission of the a -rays,"
change,take,2012,WEB,mec.neu.edu,"program in Jordan and Turkey is giving students a glimpse into not just the political changes taking place on a daily basis, but also insights into the diversity and beauty"
change,take,2012,WEB,...indows.microsoft.com,"the price change, you must cancel and stop using the services before the price change takes effect. If there is a fixed term and price for your service offer"
change,take,2012,WEB,gaiamind.org,"structure of consciousness # Around some unspecified time far back in our past, a change took place. Man entered into a second phase of development and gained a new"
change,take,2012,WEB,boston.com,"believes the change is going to happen tomorrow. There's a real feeling that change takes time. "" # Representative Eleanor Holmes Norton, the city's nonvoting delegate"
change,take,2012,WEB,wattsupwiththat.com,"in recent history, either. Over the past 2,485 years, the biggest climate change took place during the Eastern Jin dynasty. The period had two stages, with"
change,take,2012,WEB,newadvent.org,"relation of God's word to the things made by the Word. Now this change takes place not successively, but in an instant, as stated above (Question"
change,take,2012,WEB,edge.org,"the world those advances may as well not have occurred. Moreover, many scientific changes take a generation or more to have a significant effect. # But since you"
change,take,2012,WEB,scienceblogs.com,is changing all over the planet. Only a fool cant not notice the great changes taking place! The science of 2012 is real people rather you believe it or
change,take,2012,WEB,support.apple.com,"country and language, enter your desired changes, then click the Continue button. Changes take effect immediately. You can also use My Apple ID to change your personal"
change,take,2012,WEB,thehotline.org,loved one experiencing domestic violence. Thank you for taking this journey with us. Change takes... Read More # Today marks the start of the final week of Domestic
change,take,2012,WEB,amazon.com,"to the music business and entered the corporate world. # By the millennium another change took place. For more than two decades, Jon knew that within him there"
change,take,2012,WEB,weblogg-ed.com,"different way of storing, retrieving and presenting information. # Your article on the changes taking longer than you had hoped has motivated me to a true confession. I"
change,take,2012,WEB,slideshare.net (1),"For the same reason, wecan't rely on politicians and legislation either Policy change takes time, and usually follows broader social beliefs (the end game not the"
change,take,2012,WEB,ldolphin.org,"of homosexual desire was drained from our bodies, never to return again. But change takes time. # An important element to the process of change, as I"
change,take,2012,WEB,tricities.com,.... These two teams will be Cumberland District rivals next year when VHSL realignment changes take place.... J.I. Burton led 27-0 after the first quarter of last season
change,take,2012,WEB,globalissues.org,"in capitalist production, distribution, and consumption makes conflict inevitable: there are always changes taking place in modes of production and organization of labor, in market mechanisms,"
change,take,2012,WEB,kndo.com,"growers and processors and retailers of recreational marijuana. But Washington residents will see other changes take place locally as early as next month. # "" There is only one"
change,take,2012,WEB,thegreatcourses.com,"end of a sentence. # The first language has evolved into 6,000 because language change takes place in many directions. Latin split in this way into the Romance languages"
change,take,2012,WEB,amazon.com,"snide asides. # Overall, though, a well done work exploring the important changes taking place in the Middle Ages, presaging the move to modernity. # Mysteries"
change,take,2012,WEB,...ildrenphilosophy.org,"and how it seperates him from other animals. As the book progresses, positive change takes over in the form of a second chameleon who changes the main character's"
change,take,2012,WEB,thedailylove.com,for sharing... it is so true. When we are in resistance to the changes taking place we create suffering for ourselves rather than an opening for change that may
change,take,2012,WEB,cnn.com (1),"actually see. If not, it could well be that the other leadership change taking place this week, the one taking place on the other side of the"
change,take,2012,WEB,readingonline.org,"has informed much of our own work, can provide important insights into the important changes taking place to literacy as the Internet and other ICTs enter our world. We"
change,take,2012,WEB,readingonline.org,emerging and argue why we believe a New Literacies Perspective is especially useful to understand changes taking place to the nature of reading as well as more broadly conceived notions of
change,take,2012,WEB,readingonline.org,"survey data from the United States show recent rapid increases in Internet use, revealing changes taking place from the restructuring process described in the previous section. In just one"
change,take,2012,WEB,readingonline.org,". During an age of information, any theoretical perspective that seeks to capture the changes taking place to literacy must include these essential critical literacies. As the Internet quickly"
change,take,2019,SPOK,PBS_Newshour,"remove nearly 300,000 migrants without letting them go before an immigration judge first. The change took effect today, but civil liberty and immigration groups said they would sue to"
change,take,2019,SPOK,PBS_Newshour,", Missouri. AMNA-NAWAZ) : And a note about last night's story on the changes taking place in Ferguson. We misidentified the political affiliation of former Saint Louis County"
change,take,2019,SPOK,CBS_Morning,"fine. But at the end of the day, the only way that real change takes place is when millions of people stand up, fight back and say enough"
change,take,2019,MAG,Gizmodo,"hopes there's another polynya this winter, so that this instrument can capture any changes taking place in the ocean as it's opening. # Torge Martin, a"
change,take,2019,MAG,The Atlantic,". Just last week, his decision to institute tariffs on Mexico to force immigration changes took many aides by surprise, according to Axios. # The public is slowly"
change,take,2019,ACAD,The Monist,. # The more promising reasons for thinking that population reduction might help with climate change take the form of reasons for doubting the assumptions of section 4.2's model.
change,take,2019,ACAD,Geographical Review,", as did the size, length, and strength of the levees. These changes took place amidst social turmoil and debate about the role of the federal government in"
change,take,2019,TV,Designated Survivor,"marriage is now uncommon in our cities. It exists, but in places where change takes longer to reach. Rural areas under tribal chiefs, adherents of extreme clerics"
change,take,2019,TV,Our Planet,as good as his mother. This long education has made orangutans particularly vulnerable to changes taking place in their forest. It's now estimated that we lose 100 orangutans
change,take,2018,SPOK,PBS_Newshour,"fair because -- basically, now you have a situation where, when a personnel change takes place, you have to ask the question, well, was there undue"
change,take,2018,SPOK,PBS_Business,"its name to Bausch Health, and update its ticker symbol to BHC. Those changes take effect in July. Separately, the drug maker said strength in its eye"
change,take,2018,FIC,SouthernRev,"but I rushed on, in the grip of it, only barely noticing the changes taking place to his body. His spine elongating. His shoulders rising up and"
change,take,2018,FIC,Analog,""" It was mid-voyage, and the starship began to fail. A desperate course change took them toward the nearest planet, which is Earth. And somewhere in that"
change,take,2018,MAG,Bleacher Report,Vader Wins the WCW Championship in Dublin # 4 of 6 # This title change took place in Dublin during WCW's European tour in 1993; there's a
change,take,2018,MAG,Phys.Org,are where there are more resources. It's a good adaptation to the climate change taking place at the time. There is now work today looking at what we
change,take,2018,MAG,Slate Magazine,"settled, in large part, here. It ultimately depends on how well those changes take within the think tanks and campus groups and publications and nonprofits that fill their"
change,take,2018,MAG,Ars Technica,"particular, it's meant we've happened to have been watching as a major change took place. # The Barents Sea lies north of Norway and Russia, bounded"
change,take,2018,NEWS,cleveland.com,"Arithmetic: 102 costume changes are executed in less than one minute; 52 costume changes take place in less than 30 seconds.) # When building the show,"
change,take,2018,ACAD,Construction Building Mat,of hydrated gels containing the loss of chemical bond water and the following gel structure changes take place 41. Water mass evaporated at the thermal range between 180 and 600degreesC
change,take,2018,ACAD,Higher Education,"the research environments seem to have sheltered their core activities as a response to the changes taking place in the framework conditions. Instead of largely engaging with society, the"
change,take,2018,ACAD,Higher Education,"; Desai et al. 2010). However, in the current scenario, changes took place with the arrival of new opportunities as well as through education-based occupational and"
change,take,2017,SPOK,Fox: Tucker Carlson Tonight,propaganda. The whole diversity thing is about making sure that nobody complains about the changes taking place in the country. People (INAUDIBLE) from birth practically in this
change,take,2017,SPOK,Fox: The Five,"liberals, Greg. GUTFELD# Oh no, it is crazy to think that climate change takes priority over terror. (CROSSTALK) GUTFELD# There is intent, to end our civilization"
change,take,2017,FIC,Bk:AssassinsSilence,"darkness. It was also the time of day, Slaton knew, that shift changes took place at police departments, leading to a period of sluggish response. The"
change,take,2017,MAG,The Verge,"the same studio we knew and loved in the 1980s and 1990s. Whether that change takes the form of integrating digital technology, reaching across the aisle to TV,"
change,take,2017,MAG,Business Insider,"not last long. Without reforms, North Korea will collapse, and when such changes take place, the regime will collapse, "" according to excerpts from Japanese journalist"
change,take,2017,MAG,Ars Technica,"going to make it "" one and done. "" Starting Friday when the plan changes take effect, T-Mobile One customers will only have to enable HD video one time"
change,take,2017,MAG,Ars Technica,"like HD video, high-speed tethering will only have to be activated once after the changes take effect Friday. # T-Mobile's announcement yesterday came hours after Verizon said it"
change,take,2017,MAG,Fox News,"go to games until players stop disrespecting our Flag & Country, you will see change take place fast. Fire or suspend! # On Sunday, the president doubled-down"
change,take,2017,MAG,A.V. Club (1),problem that's only going to get worse as populations keep increasing and climate change takes its toll. Universities and companies the world over are looking to reinvent waste
change,take,2017,ACAD,Journal of Film and Video,"Peebles, Poitier, and Belafonte made in producing and directing these films indicate important changes taking place in Hollywood. In their production as well as their content, these"
change,take,2017,ACAD,Journalism History,"the foresight or the money. "" 96 # In 1963, a significant staff change took place when Atkinson departed to pursue a career in documentary production.97 Months later Nahan"
change,take,2017,TV,Gypsy,"past year straight. And now he's getting married. [man] Well, behavior change takes a long time. And he's made growth in his commitment to his"
change,take,2016,SPOK,PBS_Newshour,"who form a majority of the state's Democrats. SEN-BERNIE-SANDERS(VT-I), Presidential Candidate: Change takes place from the bottom on up when people begin to stir.  ("
change,take,2016,MAG,Medical Xpress,"research is the first to report trends in injury patterns since "" targeting "" rule changes took effect. Continued surveillance to examine these trends, and a more in-depth examination"
change,take,2016,ACAD,Journal of Insurance Issues,""" brand (Mathews, 2014).8 # Given the frequency with which name changes take place and the importance and significant financial value that can be placed on corporate"
change,take,2016,ACAD,Journal of Insurance Issues,"the sample period. The figure suggests that, on average, approximately 42 name changes took place on an annual basis, with the most name changes (60 name"
change,take,2016,ACAD,The Middle East Journal,"University Press, 2008), pp. 251-58, 390. # 14. Two territorial changes took place after this time. On March 8, 1949, Israel launched Operation"
change,take,2016,ACAD,Nurse Education Practice,"In addition to the decreased availability of traditional hospital-based placements, there are major policy changes taking place globally to move healthcare provision into the community. It is imperative that"
change,take,2016,ACAD,Twentieth Century Lit,"British economy took a similar stance, observing that "" the motive force of the changes taking place lay in the spheres of class relations and class strategies, not technologies"
change,take,2016,TV,Bates Motel,"and, um... and I know you've been working hard, but real change takes time, and if you just work with him just a little longer,"
change,take,2015,SPOK,PBS_Newshour,"marriage to include -- quote -- "" a commitment between two people. "" The change takes effect June 21. JUDY-WOODRUFF# The 2016 Republican presidential field has a potential new entrant"
change,take,2015,FIC,Bk:Collision,sense to Falcone. But very few things did when it came to the kaleidoscopic changes taking place in the world. # Oxley had to act. And if he
change,take,2015,FIC,KenyonRev,"grateful for company, and for this woman who on the cusp of her own change took our poverty in stride: it was not a handout, and she did"
change,take,2015,MAG,MotherJones,activist who would go on to spend most of his life as an outsider: Change takes time. # Sanders' independent streak was evident in his choice of student
change,take,2015,MAG,MotherJones,", "" explains renowned entomologist Ken Raffa -- they serve as a barometer of vast changes taking place in an ecosystem. # Typically, beetle swells subside when they either run"
change,take,2015,MAG,ScienceNews,"s been a bit of a paradigm shift, "" Mazza says. "" But change takes time. New ways of thinking take time. "" # Flawed cases #"
change,take,2015,NEWS,Atlanta,"in recent months and received $10 million for an additional 100 full-time employees. But change takes time, he said. The Cobb clinic won't open until 2020."
change,take,2015,NEWS,STLouis,", can not be observed under laboratory conditions as they are a product of small changes taking place over millions of years. Macroevolution might be compared to the manner by"
change,take,2015,NEWS,Pittsburgh,"other forms of media. Yet today, there is just as much a sea change taking place in a society that increasingly doesn't watch TV on TV, listen"
change,take,2015,ACAD,JAdolAdultLiteracy,"& Lapp, 2012), continues throughout the book as Hope grapples with the changes taking place in her life. Mature issues and themes most likely different from those"
change,take,2015,ACAD,ReadingImprovement,"word reading ability with a large effect size. Univariate results show that statistically significant change took place in regular word identification, F(1,38) = 13.30, p =.001,"
change,take,2015,ACAD,TeachLibrar,"3036 FEATURE ARTICLE # "" Change takes time, dedication, commitment, and buy-in. "" # How New York City"
change,take,2015,ACAD,TeachLibrar,", renovate a neglected library space, and model and develop collaborative instructional partnerships. Change takes time, dedication, commitment, and buy-in. # Barbara Tremblay, the principal"
change,take,2015,ACAD,LibraryResources,We thank Editor Mary Beth Weber for her leadership in this transition. # Similar changes took place this year for ALCTS News. Our association's newsletter is now a
change,take,2014,FIC,Bk:BloodRubiesJosie,"parties. "" # All change is hard, I thought. Even when the change takes you back to familiar ground. # CHAPTER 2 # Ana's house was"
change,take,2014,MAG,HistoryToday,"of the Congress' innovations proffered by Paul W. Schroeder -- namely, that radical changes took place in' the field of ideas, collective mentalities, and outlooks'"
change,take,2014,MAG,MensHealth,in calories consumed. This may not sound like much until you consider that this change took place in a mere seven and a half hours. Talk about inhaling your
change,take,2014,MAG,Prevention,"change someone is when they're in diapers. For the rest of us, change takes time. So let's embrace turtle power and take it slow. #"
change,take,2014,NEWS,Atlanta,"decided Tuesday to impose new restrictions on pardon applications from registered sex offenders. These changes take effect in 30 days, barring a legal challenge. The General Assembly is"
change,take,2014,NEWS,CSMonitor,"dropped by all of Russia's major cable providers. "" We see a qualitative change taking place "" since the Ukrainian crisis erupted, says Sergei Davidis, a human"
change,take,2014,ACAD,ExceptionalChildren,"remains below the threshold set for the grade-level assessment, it will appear that no change took place. For this reason, it is possible for highly effective teachers ("
change,take,2014,ACAD,ExceptionalChildren,"below the threshold set for the grade level assessment, it will appear that no change took place. # Evidence for floor effects may include students performing at or below"
change,take,2014,ACAD,ResearchInMiddle,"policy changes were put into effect? Did actual student behavior changes and school climate changes take place? If so, what were they? # Follow-up questions were asked"
change,take,2014,TV,Cosmos: Possible Worlds,". If we could watch our planet on its own timescale, in which big changes take millions of years to play out, we would see it as the dynamic"
change,take,2013,SPOK,Fox: Fox Hannity,"of America. Oh, really, watch this. (BEGIN-VIDEO-CLIP) OBAMA# We recognize that change takes time. And that a process like this is never guaranteed. There are"
change,take,2013,MAG,Futurist,"government and all of its state governments were running in the red. A sea change took place, however, with the enactment in 2000 of the Fiscal Responsibility Law"
change,take,2013,MAG,GolfMag,"it ain't broke, don't fix it. "" # A major swing change takes at least 18 months, Harrington says. He should know. With the"
change,take,2013,MAG,Money,at least 50 employees. # SOURCE: Mercer # Learn about other health care changes taking place next year at money.us/133KjWy. #
change,take,2013,MAG,MotherEarth,"says Peter Yost, vice president for technical services at the publisher BuildingGreen. These changes take place with the addition of blinds, insulated shades, thermal curtains or other"
change,take,2013,NEWS,USAToday,"paying attention to design. Why is that? CARLSON: As we see demographic changes take place, (there's) a much greater degree of individualization, away"
change,take,2013,NEWS,STLouis,"show that features Tim McKernan, Jim Hayes and Doug Vaughn out when the format change took place May 1. But McKernan's insideSTL Enterprises LLC owns the show and"
change,take,2013,NEWS,STLouis,"the various parades that rolled down Market Street. Matthew P. McCauley St. Louis Positive changes taking place at Children's Service Fund The editorial "" Beyond cronies "" (Sept."
change,take,2013,ACAD,PolSciQuarterly,this new democratic trend is that George Bush was the' midwife' of the changes taking place today. But he is not responsible for the pregnancy. The seeds
change,take,2013,ACAD,GeneralMusicToday,"movement was not, however, exclusively confined to jazz improvisation. A similar style change took place in Western art music. At the time when serialism, with its"
change,take,2013,ACAD,ArtBulletin,"occupation of Japan came to a close. Within a few short years, destabilizing changes took place in the artist's hometown: a marked growth in population density created"
change,take,2013,ACAD,PolSciQuarterly,and subsequent capacity-building measures. # Recalibrating the Approach to Congress # Organizational and cultural changes take time and resources. Unless State and USAID can demonstrate and justify the costs
change,take,2013,ACAD,GeographRev,"to assess urban change in Austin, Texas, particularly the speed at which those changes take place. Thomas and Geraldine Vale (1983) observed that they found a"
change,take,2012,WEB,readingonline.org,"). Emerging from sociolinguistic traditions, the group uses the construct multiliteracies to capture changes taking place in two dimensions central to literacy: (1) the multiple modalities"
change,take,2012,WEB,readingonline.org,technologies of communication that rapidly spread new literacies. Each source contributes to the fundamental changes taking place in the nature of literacy. # The rapid transformations in the nature
change,take,2012,WEB,readingonline.org,"be captured by a plural label. Increasingly, scholars are beginning to recognize that changes taking place result in multiple new literacies required in different social contexts. For example"
change,take,2012,WEB,howmanyarethere.net,in charge to make the changes under the orders of the more powerful. Each change take about 25 to 30 years they just playing superiority that's all. #
change,take,2012,WEB,...nandcreammachine.com,"and leadership from the upperclassman carry an equal portion. While there are many noticeable changes taking place on the court in Lon Kruger's second season as head coach,"
change,take,2012,WEB,amazon.com,"spiritual and humane than the America of today because they view the small, hard-to-see changes taking place already that are the harbingers of greater change to come. Ecologist Paul"
change,take,2012,WEB,the-daily-record.com,would have to be approved by voters. Some lawmakers will disagree on whether the changes take effect in time for a mid-decennial census or during the next scheduled map shift
change,take,2012,WEB,...ks.foreignpolicy.com,"in Algeria. # It is thus a rare skill to make sense of the changes taking place. Stephen Roach is in a position to do so, having spent"
change,take,2012,WEB,goodreads.com,"This is one of those slow-moving stories, the major plot line is that these changes take place but the subplots that should be what happens when it does, how"
change,take,2010,MOV,Bold Native,"to cage free eggs. - Our research shows a shortfall in supply there. Change takes time, so we're looking at five percent by the end of the"
change,take,2009,MOV,Gentlemen Broncos,future's in the air I can feel it everywhere Blowing with the wind of change Take me to the magic of the moment On a glory night Where the children
change,take,2009,MOV,Gentlemen Broncos,past forever I follow the Moskva Down to Gorky Park Listening to the wind of change Take me to the magic of the moment On a glory night Where the children
change,take,2006,TV,Nip/Tuck,". The kiss of life. - Another bad dream. - Yeah... Real change takes time. As long as we have each other, right? Yeah."
change,take,2005,MOV,Carlito's Way: Rise to Power,"you're all the fucking same. Social parasites... with no awareness of the changes taking place. See, minorities trying to catch up and you motherfuckers going around"
change,take,2003,MOV,"Black & White Fuck Riot, Vol. 1","weeks of the experiment, many of our volunteers are starting to really notice the changes taking place in their body for the first time. This is insane. I"
change,take,2003,MOV,Mona Lisa Smile,"- How you feeling? - Stupid. Deceived. Really, really angry. Change takes time, you know? You got ta let them catch up with you"
change,take,1996,TV,Star Trek: Voyager,"only difference between natural evolution and what happened to Mr. Paris is that his changes took place over a 24-hour period. Somehow, traveling at infinite velocity accelerated the"
change,take,1995,TV,Star Trek: Deep Spac...,is that nothing is going to change. I wouldn't say that. But change takes time. You've run out of time. Gentlemen... if I were
change,take,1994,MOV,Silent Fall,"come he'll only talk with you, Jake? If I remember correctly, change takes time. Catchy little phrase for every occasion.??? say goodbye"
change,take,1994,MOV,... Sting: Fields of Gold 1984-1994,"Hey! Don't be too cool Alright It's mine! Keeper! Keeper change Take him out Kenji, are you alright? A big shock Crush them!"
change,take,1993,MOV,Full Eclipse,SEEN RESULTS. APART FROM THAT TAKEDOWN AT THE BEACH PARTY THE OTHER NIGHT. CHANGE TAKES TIME. I'VE GOT NERVOUS PEOPLE IN CITY HALL. WITH ANOTHER ONE
change,take,2012,SPOK,PBS_Newshour,Hill that is receptive to change. The challenge will be defining what form that change takes. But disclosure will be front and center for those who want to discuss
change,take,2012,MAG,Astronomy,"and a westward drift of the solstices and equinoxes - are so gradual that most changes take decades to notice. No wonder precession is one of Earth's "" unknown"
change,take,2012,MAG,Newsweek,"era that Mad Men captures in all its dimensions. A lot of positive social change took place, the result of struggles waged by many people whose names don't"
change,take,2012,MAG,USCatholic,"that the Spirit created years ago? # For years now, there have been changes taking place within the church that seem to be rolling back the Vatican II reforms"
change,take,2012,MAG,NatGeog,", which published a tiny newspaper, Many Voices. Richards began to photograph the changes taking place. He covered Klan rallies, the aftermath of race killings, black"
change,take,2012,NEWS,NYTimes,", the wine bar at 121st Street, was as much a reflection of the changes taking place along Frederick Douglass Boulevard as was the decision to open it as the"
change,take,2012,NEWS,NYTimes,"more job creation. # But, as Greece and Ireland have shown, such changes take time to put in place. And in the interim, spending cuts and"
change,take,2012,NEWS,Atlanta,varied as the colors of their uniforms. Here's a sampling. # On changes taking place in college football # Georgia State coach Bill Curry: As usual with
change,take,2012,NEWS,CSMonitor,""" devictimized himself. # Changes in the maid's quarters # Nowhere is more change taking place than in the domestic sphere. While in the United States only the"
change,take,2012,NEWS,Atlanta,"around the edges. You had to do a massive overhaul. "" Directing such change takes dynamic leadership and supporters of Scott say it helped that she's a passionate"
change,take,2012,ACAD,LibraryResources,. # The literature covering cataloging and classification in 2009 and 2010 reflects the dramatic changes taking place in cataloging and shows that cataloging as a means to resource discovery is
change,take,2012,ACAD,Bioscience,"topics back to back in the third editions of their textbooks. All of these changes took time, but a decade after Whittaker introduced his system, the tide had"
change,take,2012,ACAD,JournalSchoolHealth,"the years. In recognition that modifying established systems is a long-term process and substantive change takes time, SchoolFood started small. In 2001, the DOE introduced new nutrition"
change,take,2012,ACAD,Ref&UserServQ,"technological world, it seems trite to start a paper by talking about the enormous changes taking place in libraries. They are endemic, they are everlasting, and they"
change,take,2011,SPOK,NPR_TalkNat,"in the' 80s, during the Reagan years, of sort of a sea change taking place in American politics - and then, as it turned out, in"
change,take,2011,SPOK,NPR_TalkNat,"it over, and furthermore, we've seen that the public opinion on climate change took a nosedive in the sense that people got a little less worried about it"
change,take,2011,FIC,Bk:ShiverFear,"waited for the agony in her heart to transform into something else. Visualized the change taking place deep in the molecular level of her soul. Harmless, healthy proteins"
change,take,2011,NEWS,SanFranChron,"donors present that "" I know times are tough... but change is hard. Change takes time. But change is possible. "" # "" "" I don't"
change,take,2011,NEWS,CSMonitor,". What's the difference? "" asks the happy homeowner Dewayne Hurling. "" Change takes time. I'm patient. "" # #"
change,take,2011,ACAD,AmJPubHealth,"on January 1 of each particular year, there were 18 instances of state-level rate changes taking effect midyear. To account for the time spent under each rate within a"
change,take,2011,ACAD,ArtBulletin,", enclosed, interior realm. 77 # In these ways, Clown Making Up embodies changes taking place in Sloan's practice at the time, and perhaps even augurs changes"
change,take,2010,SPOK,CNN_Showbiz,": No smell, though still a slightly greasy feel. (on-camera) The biggest structural change took place between day 42 and day 49. When a section of the upper"
change,take,2010,SPOK,Fox_Hannity,"hearing the BS, you know, and the slogans and the platitudes. DEGRAFF: Change takes time. It takes hard work and sacrifice, but it also takes time"
change,take,2010,FIC,RecContempFic,"and more violet. He scraped away happily, even began to whistle. A change took place in me too. I was no longer at all sleepy - in"
change,take,2010,MAG,ChristCentury,"love them "" in reality "" as we minister to and with them. Fundamental changes take place during this odd transitional time, and during the last weeks of my"
change,take,2010,MAG,FieldStream,"the boat and switch to studded bottoms before getting in the water. The easy change takes a few minutes. A "" mossy rock "" option with carbide spikes is"
change,take,2010,MAG,USAToday,lifestyle changes around diet and exercise become less effective as the disease progresses and metabolic changes take on a life of their own and begin to ravage the body. Telling
change,take,2010,NEWS,SanFranChron,"will pick up the entire tab for two years starting in 2014, when the changes take effect, with continued subsidies in the subsequent years. # "" We look"
change,take,2010,NEWS,Atlanta,as well as areas where the county could raise an additional $6 million. Those changes took effect when commissioners adopted the 2009 budget. # But that wasn't enough
change,take,2010,NEWS,Atlanta,"in command. In 1992, he was elected to Congress. # But momentous changes took place soon after he arrived in Washington. With the 1994 midterm elections,"
change,take,2010,NEWS,WashPost,". Third, lean thinking entails a culture change within an organization, and culture change takes time. But managing change is what leadership is about. If all you"
change,take,2010,NEWS,Denver,"that sky-walkers such as David Thompson had nothing on him. # Even so, change takes time, and despite all of his accomplishments, there were still those who"
change,take,2010,NEWS,USAToday,can link their checking account to a savings or other type of account. The change took effect for new customers this week and will take effect for existing customers on
change,take,2010,NEWS,NYTimes,"arguments and this year's economic plan is that few observers can see substantive economic changes taking place without curbing the party's power. # "" Wen's speech is"
change,take,2010,NEWS,USAToday,"they are in a constant game of cat and mouse to keep up with the changes taking place. # "" Obviously the players get stronger and better all the time"
change,take,2010,ACAD,Trauma,"165). Age can be viewed as a proxy for a number of different changes taking place as a child grows including development, their interaction with the world and"
change,take,2009,MAG,Newsweek,"was just how deaf the geriatric leadership and its hardline institutions had become to the changes taking place in Iranian society. Satellite television, which was illegal but commonplace,"
change,take,2009,MAG,TownCountry,"The effect, to one who grew up in New York and saw these incremental changes taking place, was like an expanding circle of ripples. This campus full of"
change,take,2009,MAG,USNWR,"says Arasteh. "" Now you're asking them to make club sandwiches. These changes take years. "" Smart homes. Existing home heating, cooling, and lighting"
change,take,2009,NEWS,USAToday,Denny's and KFC have done). # But this is a more fundamental change taking place deep inside the restaurant industry's R&D departments. This product mill is
change,take,2009,NEWS,WashPost,"Life and Globalization, "" through July 26. Chinese contemporary artists address the enormous changes taking place in China's cities especially the major art centers of Beijing and Shanghai"
change,take,2009,ACAD,AmerScholar,"to advance social order.) But Warren and Brandeis correctly saw that a major change takes place once gossip is spread to a large community, as it is via"
change,take,2009,ACAD,IntlAffairs,"confront our continent and peoples in the light of the social, economic and political changes taking place in the world. "" n1 It was concocted as a vehicle for accelerating"
change,take,2009,ACAD,IntlAffairs,"through the "" Declaration on the Political and Socio-Economic Situation in Africa and the Fundamental Changes Taking Place in the World. "" n13 This declaration sought to prepare Africa to face"
change,take,2009,ACAD,IntlAffairs,n13) OAU Declaration on the Political and Socio-Economic Situation in Africa and the Fundamental Changes Taking Place in the World; AHG/Decl. l (XXVI) 1990. <> (n14
change,take,2009,ACAD,IntlAffairs,"n21) OAU Declaration on the Political and Socio-Economic Situation in Africa and the Fundamental Changes Taking Place in the World. <> (n22) Festus Aboagye, "" The African"
change,take,2009,ACAD,Style,"the changing political economy of culture we should start with an analysis of the current changes taking place within global capital "" (110). From such a perspective,"
change,take,2009,ACAD,InstrPsych,", and shape future experiences. Basic perceptions of oneself are quite stable, so change takes time. Rome was not built in a day, neither is self-concept."
change,take,2009,ACAD,TeachLibrar,"a member of the Dine Nation (Navajo Tribe), I have seen the changes taking place. # L: DO N'T KNOW MUCH ABOUT NATIVE AMERICANS It is"
change,take,2009,ACAD,CommCollegeR,"; Kezar, 2001; Levy &; Merry, 1986). This type of change takes longer to accomplish and is intentional (Eckel, Hill, &; Green,"
change,take,2009,ACAD,InstrPsych,"find different ways for the students to express themselves. According to Piaget, cognitive change takes place only when previous conceptions go through a process of disequilibration in the light"
change,take,2008,SPOK,Fox_Sunday,"This is not something you can just turn the switch on overnight and change. Change takes time, and our reformer is taking that step by step. WALLACE:"
change,take,2008,FIC,Bk:UntamedHouseNight,was noticeably thicker and longer. And supergood hair was only one of the many changes taking place with me. Some of them were invisible -- like the fact that
change,take,2008,FIC,Bk:CoyotesWifeElla,"their new wing. The odor of fresh paint was a constant reminder of the changes taking place in the department as was the color scheme, a palette of soft"
change,take,2008,MAG,AmerArtist,"55019 As Climate Change Takes Hold, Our Coldest Season is the First Casualty // Marshall Heaven of Greenwich"
change,take,2008,NEWS,Houston,the program. // Does everybody at UTMB's School of Nursing agree with the changes taking place? No. Are there opportunities to improve the way these changes are
change,take,2008,NEWS,Denver,"of previous decades, the victim of digital downloading and its pick-and-choose utility. The changes taking place in the music industry have been replicated at every level, including at"
change,take,2008,NEWS,CSMonitor,""" At the moment it's too early to say if we have a structural change taking place or this is a cyclical development. "" // Mr. Kaufman, a"
change,take,2008,NEWS,SanFranChron,"has been diminished by the credit crisis. # Further, while savings from pension changes take years to fully pay off, the value of pension funds has already been"
change,take,2008,NEWS,USAToday,"was the first time in decades the standards were strengthened. # Critics contend the changes took too long, weren't tough enough and will be difficult to enforce,"
change,take,2008,NEWS,Atlanta,"s allowed markup --- then at 6 percent --- to 11 percent. # The change took effect Feb. 1, 2005, less than a week after Brown announced the"
change,take,2008,NEWS,Houston,"Wildlife Department is considering proposing sweeping changes in regulations governing hunting white-tailed deer, with changes taking effect for the 2009-10 hunting seasons. # Some of those potential proposals include"
change,take,2008,ACAD,IntlAffairs (1),"and so on. As water projects alter power dynamics, cultural and social change takes place, in turn altering the context in which the project is implemented."
change,take,2008,ACAD,DrugIssues,interventions. Cultural adaptation does not take place in a vacuum. Many of the changes taking place in the individual immigrant are also a product of the influences of the
change,take,2008,ACAD,GeographRev,", it will never be possible to determine the scale and/or subtleties of the landscape changes taking place. Thus in-depth household studies offer a way in which to evaluate the"
change,take,2008,ACAD,ForeignAffairs,"The recent focus on the relentless rise of oil prices has obscured the big economic changes taking place within the country, the world's second-most-prolific oil producer and its greatest"
change,take,2008,ACAD,Bioscience,"had unforeseen ecological consequences across the United States. A cascade of compositional and structural changes took place whereby open lands (grasslands, savannas, and woodlands) succeeded to"
change,take,2007,SPOK,CBS_Sixty,"that role. (Footage-of-a-varie) KROFT: (Voiceover) It's not the only cultural change taking place here. With foreigners outnumbering native Emiratis nine to one, bikinis are"
change,take,2007,FIC,Analog,". But for tonight, I just needed to get to Lexington and ensure whatever changes took place didn't include anything bad happening to Pam. 1 started walking."
change,take,2007,FIC,Mov:GuySky,Klaatu) Dark is my favorite color. As Rini comments we sense a subtle change taking place in him. Is Rini doing Klaatu or is Klaatu somehow starting to
change,take,2007,MAG,NaturalHist,", and other factors-they could, with an appropriate computer program, determine whether significant changes take place in sync with any or all of the three Milankovitch cycles. In"
change,take,2007,MAG,TownCountry,"easy. Figuring out how to use $500 or $5 million as a lever for change takes skill and practice. "" Charity is reactive, "" says Colleen Willoughby,"
change,take,2007,MAG,AmerArtist,"oil paint. From that point the image develops gradually, with a lot of changes taking place. I don't see the final image in my mind but rather"
change,take,2007,MAG,AmSpect,"attention, his voice deep and sure, cajoling and laughing-I would see a sudden change take place in the family.... It was as if his presence had summoned the"
change,take,2007,NEWS,AssocPress,. # The tradition of Florida and other states of serving as the incubators of change takes on a special meaning in confronting global warming. We hope the federal government
change,take,2007,NEWS,NYTimes,"that the project could be built because its foundation had been completed before a zoning change took effect in February 2006. # In fact, a big part of the"
change,take,2007,NEWS,Denver,"Michael Turner, just to keep him around. # Of course, the biggest change took place off the field, when Schottenheimer was fired. While Sunday's nostalgic"
change,take,2007,ACAD,Archaeology,with such fantasies in mind. # But he failed to account for a sea change taking place in archaeology. The latter part of the nineteenth century saw a reevaluation
change,take,2007,ACAD,DrugIssues,invaluable co-evaluators in these attempts to begin to see some of the ramifications of legal changes taking place in the drug laws at the end of the 1990s. # It
change,take,2007,ACAD,PSAJournal,"drs4caol.com # As the Small Print Division started it's third decade, some major changes took place. The print size was increased to 8-1/2 inches by 12 inches to"
change,take,2007,ACAD,AnthropolQ,"of habit but I suspect there were other reasons; after all, the name change took place nearly thirty years ago. Concerning the treaty, I am not suggesting"
change,take,2007,ACAD,GeorgiaHisQ,""" Television Reception In Lyons Announced By The Yarbrough Company "") pointed to the changes taking place in the reception of the television signals now broadcast across Georgia's countryside"
change,take,2007,ACAD,AmerScholar,and intersperse them into things that I'm doing. Fitting the melodies onto other changes takes discipline. You can't take' Sunbonnet Sue' and put it into
change,take,2007,ACAD,ChurchHistory,the economic transformations overtaking the Atlantic world. For generations historians have interpreted the technological changes taking place in England in the eighteenth century as the beginning of a shift away
change,take,2006,NEWS,AssocPress,"turns red as part of a chemical reaction, she said. # The color change took astronomers by surprise. And now they figure more surprises are in store as"
change,take,2006,ACAD,Bioscience,"policy makers have listened or not, "" he replied. "" These kinds of changes take time. It's more or less a change in world view.that is required"
change,take,2006,ACAD,TheologStud,"which had been established by centuries of separation from, and resistance to, the changes taking place in the world. In such circumstances it is not unusual that the"
change,take,2006,ACAD,TheologStud,in the increasingly sectlike characteristics of the Catholic Church itself. Its hostility to the changes taking place in the modern world presented the Western world with too stark an option
change,take,2006,ACAD,ABAJournal,"8709 Section: ENVIRONMENTAL LAW The Growing Debate Over Climate Change Takes on Legal Overtones # IN JULY 2002, THE RESIDENTS OF SHISHMAREF, AN"
change,take,2006,ACAD,Style,"thousand, as in the following examples: # (26) a. These changes took place over a period of a hundred or two years. # b."
change,take,2006,ACAD,Style,place over a period of a hundred or two years. # b. These changes took place over a period of a hundred or so years. # c.
change,take,2006,ACAD,Style,over a period of a hundred or so years. # c.? These changes took place over a period of a hundred years or two. # d.
change,take,2006,ACAD,Style,place over a period of a hundred years or two. # d. These changes took place over a period of a hundred years or so. # In 26a
change,take,2006,ACAD,NaturalHist,"digits that eventually evolved in the earliest tetrapods. Tiktaalik helps confirm that key anatomical changes took place while the animals were still technically fish, and that developments to the"
change,take,2006,ACAD,PhysicsToday,how much beam current might be increased above the space-charge limit. # A significant change took place in the beginning of June 1942: The giant 184-inch magnet on the
change,take,2006,ACAD,Environment,"the five EPA final rules are identical to the proposed rules. Specifically, no change took place between the proposed rules and the final rules regarding solid waste disposal,"
change,take,2006,ACAD,FeministStud,", the homophobic reaction has a lot to do with conservatives' fears of cultural changes taking place in the West. But before we proceed with further analysis of these"
change,take,2006,ACAD,Hemisphere,"poverty remains an issue of significant debate. Measurements of the impact of the multifaceted changes taking place are complicated by the need to account for new patterns, such as"
change,take,2006,ACAD,EnvironHealth,continue until the aquifer meets all federal and state drinking-water-quality standards. fYi # Address changes take approximately two months to become effective. To ensure that you don't miss
change,take,2006,SPOK,Fox_HC,States. BECKEL: But we may not have time to see that kind of change take place in Iran. And so -- I guess my question is -- I
change,take,2006,FIC,Ploughshares,"it had always sounded this wayso hoarse and sad and tired. Or had the change taken place right now, tonight? # "" About an hour ago. """
change,take,2006,FIC,Bk:Broken,"sideways and, as I lay there, laughing, I finally relaxed. The Change took over, spontaneous. My convulsions of laughter turned to spasms of pain,"
change,take,2006,MAG,NatGeog,", and a backward curve, or kyphosis, in the upper back. This change took place at least four million years ago, probably much earlier. Ward and"
change,take,2006,MAG,Cosmopolitan,"get off. "" -Wallace, 25 HIS BOD: You can see the physical changes taking place here: He responds to more intense touches because his pain threshold is"
change,take,2006,MAG,Shape,"or another nourishing hydrator. Expect your face to glow after one session; lasting changes take multiple treatments; for this reason, most places suggest having an acupuncture facial"
change,take,2006,MAG,NaturalHist,"to suppress her immune system without allowing the placenta to invade too far. The changes took place incredibly rapidly, perhaps in as few as 3 million years. But"
change,take,2006,MAG,Futurist,"supertrends "" are intended to help managers, entrepreneurs, and investors contextualize the fast-moving changes taking place around them. We've also included examples of these trends at work"
change,take,2006,NEWS,SanFranChron,"either, thanks to radical pro-market reforms introduced here in the late 1970s, before change took root anywhere else in China, which is still nominally communist. # Indeed"
change,take,2006,NEWS,SanFranChron,"all to save $2.4 million, about half of the $5 million goal. The changes take effect in June, at the end of the school year. # """
change,take,2006,NEWS,SanFranChron,"new option grants going forward, but also to options that were granted before the change took effect but have not vested. # Suppose a company granted 1,000 options two"
change,take,2006,NEWS,SanFranChron,"have not vested. # Suppose a company granted 1,000 options two years before the change took effect and the options vest over five years. The company still has 600"
change,take,2006,NEWS,SanFranChron,"options immediately exercisable. As long as the options had already vested before the accounting change took effect, a company generally would not have to show the compensation expense in"
change,take,2006,NEWS,Chicago,face of the division and the conference. Here's a snapshot of all the changes taking place in the NFC: # NFC North # Lovie Smith is the dean
change,take,2005,SPOK,CNN_YourWorld,", the secretary of state, recently said that Syria is not immune to democratic changes taking shape in the region. The same U.S. officials whose hard-line policy toppled the"
change,take,2005,MAG,Bicycling,"sword: You need to watch where you put the pedals, and mid-turn line changes take more effort. On the flip side, it's much easier to ride"
change,take,2005,MAG,NaturalHist,"in just thirty-one years. In Loberg Lake, Alaska, the same kind of change took only a dozen years. A generation for sticklebacks is two years. So"
change,take,2005,MAG,USAToday,"is to look at a seemingly immutable tradition evolving over time to reflect the profound changes taking place in our society. In the 1930s, Constantin Aladjalov, a Russian"
change,take,2005,NEWS,USAToday,"s changed, and U.S. tech companies are chasing the opportunity. # As these changes take place, a kind of eerie calm has descended on tech. "" This"
change,take,2005,ACAD,ArabStudies,", Dominican Republic, Iran and Yemen respectively. DISCUSSION # The whim of reproductive change taking place elsewhere in the world has also occurred in both the Caribbean and the"
change,take,2005,ACAD,AmerIndianQ,"range of public and stakeholders globally. I've already begun to see many positive changes take place since I entered graduate school ten years ago, as questions of ethics"
change,take,2005,ACAD,InstrPsych,"in education, we have a responsibility to belier understand and prepare lot the dynamic changes taking place across the nation. According to census data. American classrooms will continue"
change,take,2005,ACAD,AfricanArts,"# Most urgently, as Fred Lamp pointed out six years ago, the dramatic changes taking place in the traditional arts on the continent of Africa are conspicuous and compelling"
change,take,2005,ACAD,EnvironHealth,"the recommended activities for reducing exposure to lead. # Consequently, no real behavior change took place, and that outcome is ultimately reflected in the absence of statistically significant"
change,take,2005,ACAD,MechanicalEng,"And managers are all over so engineers can process the change faster. That same change takes maybe one day now. "" # Boeing managers also report that their teams"
change,take,2005,ACAD,Change,"NEA, was a companion publication to Change. As Ted used to say, Change took on the big issues, whereas the Bulletin told you what you could do"
change,take,2005,ACAD,Change,"yet built the political and community support it needs to secure adequate financing. # Changes taking place in schools, colleges, businesses, and community organizations present an opportunity"
change,take,2004,SPOK,Fox_Cavuto,"the probable GDP and prices and so forth for next year, that monetary policy changes take six months, nine months, 12 months, to have their bite on"
change,take,2004,SPOK,NPR_Morning,"Stripes' top editors and most of its reporters are civilians. Some of those changes took place in the mid-1990s, following findings of military censorship at the paper."
change,take,2004,SPOK,NPR_Science,"upgrade to a more efficient and less polluting equipment, it decided to let the changes take place gradually, figuring that these old plants would soon need major overhauls."
change,take,2004,FIC,IowaRev,"and confirmation and marriage, and babies wear white baptism gowns, and some eternal change takes place within us. I don't remember how I felt before baptism,"
change,take,2004,MAG,Ms,", is still not being used effectively. We're not naive; we know change takes time-but... How to speed things up? MA I wish I"
change,take,2004,MAG,Money,"look inside and there are updrafts, downdrafts, turbulence. There is always tremendous change taking place. "" But momentum can keep things moving. In hot cities,"
change,take,2004,MAG,NaturalHist,"map of history as well as kinship see bottom illustration on page 28. Genetic change takes place through time, and on the orchid's genetic tree, one of"
change,take,2004,MAG,Futurist,"that lag behind the public's change of heart. TrendCue: As these anti-additive changes take hold, both consumers and food providers will feel much better about doing the"
change,take,2004,MAG,America,"the kingdom of God, not to tear it down. We recognize that structural change takes time and does not happen in a moment. V.O.T.F. members pray daily for"
change,take,2004,MAG,MilitaryHist,"know I am going to be beaten, but I do and unless some great change takes place, badly beaten. "" Photograph This early view of Little Round Top"
change,take,2004,NEWS,AssocPress,stage for the typical high drama at the Masters. # So much for the changes taking away all the excitement on the back. This was as thrilling a Sunday
change,take,2004,NEWS,USAToday,# Meyer's eight-year relationship with Over-the-Rhine has showed him that any type of social change takes more than voting or serving a meal at a soup kitchen. After researching
change,take,2004,NEWS,USAToday,", both in print and broadcast -- is fading. It's one of many changes taking place as the world of newsgathering moves into a fast-paced and fragmented future,"
change,take,2004,NEWS,SanFranChron,"PeopleSoft stock. # In some ways, the Oracle-PeopleSoft battle is part of the changes taking place in the tech world -- changes Ellison had predicted and vowed to lead"
change,take,2004,ACAD,AnthropolQ,"ethnic, in terms of villages and the ethnic group association. The kinds of changes taking place do not suggest a clear-cut distinction between the domains of culture, social"
change,take,2004,ACAD,IntlAffairs,The crisis felt by Cuban society in the 1990s as the result of the sudden changes taking place in the international system-mainly the disintegration of the USSR and the Council for
change,take,2004,ACAD,FeministStud,and same sex marriage? Should we be more cognizant of the fact that radical change takes time? That patience is a virtue? I also have a question about
change,take,2003,SPOK,NPR_TalkNation,some of the stories that NPR News is working on today. There are significant changes taking place within the ranks of white supremacist hate groups. NPR's John Burnett
change,take,2003,FIC,Bk:ElderGods,"just ignore the world, Zelana, "" Dahlaine told her. "" There are changes taking place all around you. The creatures of the Wasteland are growing restless,"
change,take,2003,MAG,OutdoorLife,"greater enthusiasm for the chase, and apparently all did. But the most dramatic change took place when Jerry's wife, Yvonne, insisted on having the pups from"
change,take,2003,NEWS,Atlanta,"meeting legal standards, consumers like Kay Spencer haven't paid much attention to the changes taking place. # Spencer said she did little more than glance at a new"
change,take,2003,NEWS,SanFranChron,"point to the many reforms taking place and argue that in any large bureaucracy, change takes time. # "" When you work with a big institution, (you"
change,take,2003,NEWS,Houston,"in 1998, and it wasn't a major. As soon as the swing changes took hold, as soon as Woods began to dial in the distance control of"
change,take,2003,NEWS,Denver,"be implemented, I know we will see more growth, as this kind of change takes years to be fully in place. # MIKE DeGUIRE # Denver # Misusing"
change,take,2003,ACAD,SocialStudies,"the project will address those problems. Conclusions # In response to the major demographic changes taking place in the United States and the world, teachers can successfully teach about"
change,take,2003,ACAD,LatinAmResRev,changes occurred in the composition of the rural workers' unions in Petrolina-Juazeiro. These changes took place as a result of the establishment of commercial firms engaged in irrigated agriculture
change,take,2003,ACAD,SexResearch,would have been politically wiser for John to have been the first to reveal the changes taking place in the John-Joan case or to have emphasized the contradictory evidence early on
change,take,2003,ACAD,WorldAffairs,", partial or full settlement of a conflict) as showing success. Where no change took place in the parties' behavior as a result of mediation, mediation is"
change,take,2003,ACAD,CommCollegeR,"unserved students was 98,000. In 1993-1994, the first year after the major tuition changes took effect, the system recorded an almost 9% decline in enrollment, or 132,300"
change,take,2003,ACAD,EnvironHealth,storage area # c. In a cabinet away from food handling areas # Address changes take approximately two months to became effective. To ensure that you don't miss
change,take,2003,ACAD,HospitalTopic,"in the organization's culture (Berry 1980). At the individual level, change takes place in the attitude, motivation, and cognition of the worker (e.g."
change,take,2002,SPOK,CBS_Morning,"again is Charles Osgood. CHARLES-OSGOOD-ho: Unlike the old days, the major demographic changes taking place in this country are starting to be seen in movies and on TV"
change,take,2002,SPOK,CNN_Novak,"the kind of democratic institutional framework that is going to be required if the regime change takes place successfully. But clearly, that is one of the questions. How"
change,take,2002,SPOK,CNN_KingWknd,"long time now, Larry. The fact of the matter is that a great change took place about 15 or 20 years ago when the emphasis changed from being on"
change,take,2002,FIC,AntiochRev,"I never see them,' he remarked;' and, moreover, the changes take place inside, you know.' "" # There you have it:"
change,take,2002,MAG,MotherEarth,". At summer's end, after the colony population reaches its peak, a change takes place: Some of the nest's larval cells produce males, and some"
change,take,2002,MAG,TodaysParent,". It was a great time for us sexually. "" With all the physical changes taking place in your body, it isn't surprising that your sexual feelings change"
change,take,2002,MAG,NaturalHist,"chromosomes evolve: pieces of DNA move from one chromosome to another, and other changes take place. The Y chromosome, with all its genes, can vary a"
change,take,2002,MAG,HarpersMag,whispering that Cheney had become an irrelevant factor in structuring a response to the revolutionary changes taking place in the world. // More adaptable was the up-and -- coming General
change,take,2002,MAG,HarpersMag,"of Staff. As Ronald Reagan's national security adviser, Powell had seen the changes taking place in the Soviet Union firsthand and was convinced that the ongoing transformation was"
change,take,2002,MAG,Fortune,"they do at home. "" Beneath all the bravado, there are in fact changes taking place at Sun. It has laid off 9% of its work force-or 4,300"
change,take,2002,MAG,America,them off at college or watching them leave for their full-time work. Navigating these changes takes faith and trust. Parents do a lot of praying the first day their
change,take,2002,NEWS,WashPost,"jumping around almost until the ball is snapped. "" # Even the seemingly minor changes take getting used to, such as the hash marks not being as wide as"
change,take,2002,NEWS,Atlanta,"reform is beginning to work, while asking them to be patient and let the changes take root. But his Republican opponent -- and many educators and parents -- say"
change,take,2002,NEWS,SanFranChron,"looking out at the Sausalito shore. "" This won't happen overnight. These changes take centuries. It's up to us, as always, as to what"
change,take,2002,ACAD,AfricanArts,"dances of the Bamana that of ci wara was never static.... the development and change took place somewhat independently in each region and indeed in each village, finally leading"
change,take,2002,ACAD,EnvironHealth,"before 9/11 as well.) Each time I comment on current events, more change takes place quickly thereafter. It is hard to keep up with everything, but"
change,take,2002,ACAD,EnvironHealth,"of the unintended consequences that are beginning to surface, and we can steer the change taking place in public and environmental health toward our prime objective-which is an effective bioterrorism"
change,take,2001,SPOK,CBS_Rather,"the biggest vote of confidence the people of Kabul have made so far in the changes taking place in their city. The day before the Northern Alliance entered, the"
change,take,2001,SPOK,NPR_FreshAir,"the approach is somewhat similar to evolution in biology, that you let all these changes take place. It's kind of like mutations of the whole program, and"
change,take,2001,SPOK,NPR_TalkNation,cultural attitudes? Here to talk with us this hour about the political and cultural changes taking place in American community at the beginning of the 21st century are Michael Barone
change,take,2001,SPOK,NPR_Saturday,. Mr-FLIP-BENHAM-1D: You can see that there is a -- there has been incredible change taking place in our national legally as we begin to go to the streets.
change,take,2001,SPOK,NPR_Science,"his thoughts about infinity. When did that turn around? Dr-ACZEL: Well, change takes time. And what happened there was mostly after his death. He did"
change,take,2001,SPOK,CNN_Insight,"a growing number of abortions, Russia has an enormous problem. But with monumental changes taking place in the country, is the problem going to get better or worse"
change,take,2001,SPOK,CNN_YourHealth,over the country as a traveling nurse. He's seen firsthand some of the changes taking place in nursing BUISON I've noticed it's more the nursing has been
change,take,2001,MAG,Fortune,"rise of the long-playing record-and the concomitant decline of the 78-rpm single. As that change took place, consumers became accustomed to buying more expensive music compilations rather than singles"
change,take,2001,MAG,USAToday,to its high point. Working out the social and political problems wrought by these changes took much longer. Over 250 years have been occupied in identifying these secondary effects
change,take,2001,MAG,TIME,"receptor. Once the virus has bound to both CD4 and the cytokine, chemical changes take place that alter the structure of the cell's membrane, and the lock"
change,take,2001,NEWS,NYTimes,"and several divisions began discussions with other companies about possible partnerships. # After the changes took effect, Procter's Global Engineering Group, which develops manufacturing technology, asked"
change,take,2001,ACAD,PerspPolSci,". I myself do not see that the evidence Harpham adduces shows that such a change took place. # But even if the evolution in question did take place,"
change,take,2001,ACAD,MusicEduc,"mark changes to classroom set-up. Prepare the students by making signs and announcements before changes take place. Give early notice of changes to students who are mentally retarded,"
change,take,2000,MAG,Parenting,"spending on childcare in general and prekindergarten in particular. "" There's an extraordinary change taking place, "" says Faith Wohl, president of the Child Care Action Campaign"
change,take,2000,MAG,Futurist,the United States and elsewhere. They have been at the forefront of the political changes taking place in their respective countries and have served as a catalyst for both ideas
change,take,2000,MAG,HarpersMag,"another. Between the building of the west portals and the rest, a great change took place. No longer did weeping women and sickly priests thrash themselves with thorns"
change,take,2000,MAG,America,". Permanent Deacon in the West Not long after the council ended, a momentous change took place with the restoration of the order of the deacon who would serve for"
change,take,2000,NEWS,CSMonitor,"faltered. Local politicians began to promote and benefit from rising Muslim aspirations. These changes took place during the reign of former Indonesian President Suharto, whose regime offered little"
change,take,2000,NEWS,CSMonitor,"both with the truth about us and about our times. "" With all the changes taking place in the world today, "" Dr. Ury says in an interview,"
change,take,2000,NEWS,USAToday,"the hurdles, Masiyiwa has hope for African entrepreneurs. # "" There is a change taking place on the ground, "" he says. "" My generation has a"
change,take,2000,ACAD,AnthropolQ,"relations according to age among the Tuareg of the Air Mountains. I examine the changes taking place through the lens of different types of musical performance: two "" traditional"
change,take,2000,ACAD,AnthropolQ,"modem, and indeed "" global, "" are too simplistic terms for characterizing the changes taking place among the different age groups in African societies and elsewhere. Among the"
change,take,2000,ACAD,Education,", 1993:12) described the body's reaction to stress as fight-or-flight. Certain physiological changes take place when a person physically finds himself in a dangerous situation. Muscles become"
change,take,2000,ACAD,October,we can observe the complex evolution of visual apperception orientirovki in the physical world. Changes take place in the perception of both color and form. Cavemen knew only a
change,take,2000,ACAD,InfoSystems,"into French, German, Spanish, and Japanese, However, with the extensive changes taking place in information technology, it was became outdated and, in 1986,"
change,take,2000,SPOK,ABC_GMA,rejected. So what was going on? Gen-POWELL: I think there's a change taking place. I think people realize that we just can't keep building jails
change,take,2000,SPOK,NPR_TalkNation,"five more than the newly formed opposition. To fully grasp the magnitude of the change taking place in Zimbabwe, it's necessary to understand that before this weekend's"
change,take,2000,SPOK,NPR_TalkNation,"on the changing face of America, we're here in Boston to examine key changes taking place in America's health care system at this turn-of-the-century moment. The New"
change,take,2000,SPOK,NPR_TalkNation,"m Juan Williams. As the school year gets started, one of the biggest changes taking place in American education is the evolution of kindergarten. Educators have formed a"
change,take,2000,SPOK,NPR_Sunday,"for small- and medium-sized local enterprises. No more money for the IMF until these changes take place. We can win this thing, and we can win it big"
change,take,2000,SPOK,NPR_Saturday,s attitudes in taking guns seriously. And that's why social change. Social change takes a lot of time. GRIFFIN: A win in either of these two
change,take,2000,SPOK,CNN_Movers,"is the sector so hot? GELLER: Well, there is a real fundamental change taking place in the biotech industry. We have an exponential growth in the number"
change,take,2000,FIC,SouthwestRev,"music and spoiled voices. Getting it now, finding the place and understanding the change taking place. She opens her eyes and smiles at the woman there. #"
change,take,2000,MAG,AmHeritage,"twentieth century, and especially after World War II, the situation changed. This change took place for four reasons, which in approximate chronological order were Zionism, assimilation"
change,take,2000,MAG,MotherJones,"new New Deal. "" # She knows it won't happen tomorrow. "" Change takes place over a lifetime, "" Dean says. "" It's like watching"
change,take,1999,SPOK,CNN_Politics,", they disappoint me. But I think there's also one of the big changes taking place, that you wouldn't have expected 10 years ago, is the"
change,take,1999,SPOK,CNN_Politics,"candidates. You have to work within the party for changes. And the way change takes place is, when they do something right, you praise them and you"
change,take,1999,SPOK,NPR_Morning,"s MORNING EDITION. I'm Bob Edwards. Studies show one of the fundamental changes taking place within the American family is that it is gradually becoming more egalitarian,"
change,take,1999,FIC,LiteraryRev,tax reform and passing a budget to keep Ukraine from being left behind by the changes taking place in this part of the world. In the lower left: a
change,take,1999,MAG,FieldStream,"use of millet, and allowing hunting over fields that were top sown. The changes took years of contentious debate between hunters, game wardens, the International Association of"
change,take,1999,MAG,Antiques,"and their clients in the early 1800s, the designs varied. The most extensive changes took place in the base. The Gillow sketch in Figure 3 illustrates the most"
change,take,1999,MAG,AmerArtist,"Europe introduced a host of new styles and art theories. Of all the disruptive changes taking place at the turn of the century, the advent of artistic modernism which"
change,take,1999,MAG,Ebony,"was part of his religious beliefs that can-ied over to company policy. "" The changes taking place in the sectiity industry would probably surprise Bratton because to catch a thief"
change,take,1999,NEWS,NYTimes,", 100,000 Wisconsin families relied on public aid. Now 9,000 do. # The changes taking place in the state, particularly in its largest city, Milwaukee, continue"
change,take,1999,NEWS,NYTimes,"William V. Roth Jr., the Delaware Republican, said in a statement that the changes taking place were the kind of transitory issues that should be expected when an agency"
change,take,1999,NEWS,USAToday,"David Stern: "" Michael Jordan came along at a time when there were enormous changes taking place in sports. And he was at the intersection, an extraordinary player"
change,take,1999,NEWS,SanFranChron,"of the city at one time or another. # There were a lot of changes taking place in the' 40s,' 50s and' 60s in San Francisco"
change,take,1999,ACAD,AsianAffairs,"come to fruition, for reasons such as interference by foreign forces. # Major changes took place in and outside China in the 1970s. Diplomatic ties were established and"
change,take,1999,ACAD,InterAmStud,", at least in their organizational form, they may be surprisingly in tune with changes taking place at this end-of-millennium moment. #"
change,take,1999,ACAD,GeographRev,"resemble an industrial process. At the same time, production was standardized. These changes took place with amazing rapidity over the course of only two or three decades."
change,take,1999,ACAD,WorldAffairs,"China (Su 1991). The former centered around the already-mentioned economic and cultural changes taking place. The latter cut a much wider swath, focusing on poverty and"
change,take,1999,ACAD,WorldAffairs,to Latin America in the past because of the excitement and romance of the major changes taking place there and because it offered a marvelous laboratory of social and political transformation
change,take,1999,ACAD,WorldAffairs,exciting models of change and development emerged to provide conceptual frameworks for comprehending the vast changes taking place. # Now much of this has changed. The cold war is
change,take,1999,ACAD,EnvironEd,"learned, what activities they enjoyed, and what, if any, self-identified attitude changes took place. Interviews were also conducted with 10% of the parents who had agreed"
change,take,1999,ACAD,ArmedForces,"s depolitization, in all countries discussed in this article, began shortly after the changes took place. Of course, in each of them this process had its own"
change,take,1998,SPOK,CNN_KingWknd,", long history. That I think it's really important that we realize that change takes time, and we should give them a little bit of -- sort of"
change,take,1998,MAG,AmSpect,"logic, he added, "" if what the U.S. Congress wants is to see changes take place in Cuba -- and we support those changes, but go about it"
change,take,1998,MAG,MotherJones,"relatively strong, it may be tempted to join the intellectual Luddites in resisting the changes taking place. Support for lifetime job protection for government employees and public school teachers"
change,take,1998,MAG,TechReview,"now, these efforts have only just begun to pay off in the market. Change takes time, particularly when you're trying to alter an organization whose projects take"
change,take,1998,NEWS,NYTimes,"The streets, he said, once again belong to the police. # The change took the better part of a decade, a series of prosecutions of violent drug"
change,take,1998,NEWS,Chicago,", but may be able to follow the plot more easily. The most important changes take place in these opening minutes, when the stories of the Heston and Leigh"
change,take,1998,ACAD,Church&State,"to the church which do not come under the scope of ordinary legislation. This change took effect with the new Church Act in 1993. In addition, based on"
change,take,1998,ACAD,AsianAffairs,"to the new circumstances under which he was delivering the address and touched upon the changes taking place within China. He extolled the value of the unique "" one country"
change,take,1998,ACAD,AsianAffairs,"accountable and efficient system of government. Obviously his views were influenced by the major changes taking place in the public sector in Britain, and he felt such arrangements would"
change,take,1998,ACAD,PhysicalEduc,"The middle school can be a difficult time for many students because of the tremendous changes taking place in their lives. Students move through changes in their physical, social"
change,take,1998,ACAD,IntlAffairs,borrowers. The absence of credit for the rural poor is well documented in the changes taking place within the microcredit movement. Even that movement has not yet brought financing
change,take,1998,ACAD,AfricanArts,"Farris Thompson in 1963 (Figs. 8, 9) together suggest that no further changes took place in the screen of posts in the decade after Parrinder documented the shrine"
change,take,1998,ACAD,Environment,"the Depression to assist financially strapped producers has persisted. However, with the vast changes taking place in agriculture- "" deregulation "" (or a larger role for market prices"
change,take,1997,SPOK,ABC_GMA,"I think we need a sea change in moral values, but until that sea change takes place, and sea changes take place rather slowly, volunteerism can help a"
change,take,1997,SPOK,ABC_GMA,"change in moral values, but until that sea change takes place, and sea changes take place rather slowly, volunteerism can help a great deal. It is not"
change,take,1997,MAG,Astronomy,"wormhole, as shown in the middle. Once the wormhole develops, a dramatic change takes place -- the bubble has turned inside out. Now the region of false"
change,take,1997,NEWS,NYTimes,"heard her during the transition, like Joan Sutherland, attest to the toll the change took on her voice. Renata Scotto also lost much weight in midcareer and,"
change,take,1997,NEWS,Atlanta,", becomes the new director of classified staffing for the 88,000-student school system. The changes take effect July 1. # Got a news tip? 6455 Best Friend Road"
change,take,1997,NEWS,Houston,"not necessarily supportive. Maybe an individual changes, but not a whole lot of changes take place. "" # A 1996 survey by A.T. Kearney Executive Search found"
change,take,1997,NEWS,Chicago,"with six academic centers and schools to support, "" Carlstedt says. # The changes took their toll on the physicians, who started sending their patients elsewhere. #"
change,take,1997,ACAD,Humanist,". This, coupled with a rather tediously laborious legislative process, ensures that no change takes place very quickly. Secondly, many Al sections -- such as those in"
change,take,1997,ACAD,Church&State,"did not affect their application since it had been in the zoning process before the change took effect. On the positive side, all two hundred acres were allowed zoning"
change,take,1997,ACAD,AnthropolQ,"elites needed reassurance of their social position in shifting East Indies society in light of changes taking place. While I do not seek to specify causes, the most significant"
change,take,1997,ACAD,PhysicalEduc,"emotions regarding the adolescent's body perception may be as a consequence of the many changes taking place in their lives (Aro, Marttunen &; Lonnqvist, 1993) such"
change,take,1997,ACAD,WorldAffairs,"the Eastern bloc showed threatening signs of weakness that led to its eventual demise Dramatic changes took place rapidly: the Soviet invasion of Czechoslovakia, the rise of the Solidarity"
change,take,1997,ACAD,IntlAffairs,sanctioned violence appealed strongly to young men who felt marginalized by the economic and social changes taking place in the Punjab. They became recruits for a campaign that led to
change,take,1997,ACAD,IntlAffairs,"in the 1960s to advocate the rights of non-Pashtuns. # However, a major change took place in 1978. Two factions of the Communist Party -- Khalq and Percham"
change,take,1996,FIC,AmerEnterprise,# What is especially horrifying to us has been the fact that many of these changes took place under the now-familiar regime of privatized government. Large-scale social changes that once
change,take,1996,FIC,Bk:TellMeTale,"honest enough to say or had delicately suggested, that there would be a slight change taking place, and that he had done something not to Mr. Archy's liking"
change,take,1996,MAG,Smithsonian,"envisioned: the gradual and piecemeal accumulation of evolutionary changes. Instead, major evolutionary changes take place in fits and starts over a short period of time. "" This"
change,take,1996,NEWS,Houston,"then vote to adopt, modify or reject the regulations. # If adopted, changes take effect Sept. 1 # A proposal to create a youth-only hunting weekend has generated"
change,take,1996,NEWS,Chicago,"balanced diet should draw from a wide variety of foods. Moderation is important. Change takes time. # Now, some basic food advice: # Eat more vegetables"
change,take,1996,ACAD,LatinAmResRev,"between the economic interests of the United States and Mexico, with most of the change taking place on the Mexican side. Clark Reynolds examines the economics of closer relations"
change,take,1996,ACAD,Education,"systems. # Russia is undergoing a great transition period, with many large-scale economic changes taking place at a very rapid pace. At this time, almost half of"
change,take,1996,ACAD,LatAmPopScult,"percent are urban dwellers today. # In the meantime, drastic economic and social changes took place, not only in the cities but also in the countryside. In"
change,take,1996,ACAD,Symposium,this ruling archetypal power. Such sectioning is significant in that it mirrors a parallel change taking place in the Egyptian society. The mutilation of the archetype was symptomatic of
change,take,1996,ACAD,Mercury,"of hot gas inside is turning into another kind of hot gas. When the change takes place, this gives off energy "" # Comment: Children may not really"
change,take,1996,ACAD,ArmedForces,"to movements toward gender equity in determining women's military roles. # To analyze changes taking place both in women's military roles and the policymaking process, our research"
change,take,1996,ACAD,Environment,"Nepal middle mountains, eastern Sundaland, and Amazonia were not moved by the environmental changes taking place. In some cases, these elites even managed to suppress local and"
change,take,1995,SPOK,ABC_20/20,. Commercial break Teach But Don't Touch BARBARA WALTERS: There's a profound change taking place in schools today and you may not be aware of it. The
change,take,1995,SPOK,CNN_Crossfire,"talk a little bit about the specific sequencing of security through the presidency, what changes took place post-Lincoln, what changes took place towards the end of the century?"
change,take,1995,SPOK,CNN_Crossfire,"specific sequencing of security through the presidency, what changes took place post-Lincoln, what changes took place towards the end of the century? BARBARA KELLERMAN: Well, I"
change,take,1995,FIC,Triquarterly,"about a recent visit by the IMF, or the coca policy, or the changes taking place in Czechoslovakia. But the signs all pertained to currency exchange, pure"
change,take,1995,FIC,Triquarterly,she seemed to be breathing just fine. Was she even aware of the climatic changes taking place? Her lungs were probably larger than his. He wondered whether a
change,take,1995,MAG,TodaysParent,", "" says Brillinger. "" You have to be aware, too, that change takes time, even if your spouse has become aware of a problem and resolved"
change,take,1995,MAG,Fortune,"things are finite. Goizueta: If you go back in history, all the changes take place when a new prince is made king. And then the king kind"
change,take,1995,MAG,America,"individual efforts. Her model is personal and public. It receives its impetus from changes taking place in society and from a Christian faith that models Jesus in "" love"
change,take,1995,MAG,AmHeritage,"kind than anything turned out in Europe. # Grasping the importance of the sea change taking place, Greenberg became part and parcel of the change. The future of"
change,take,1995,MAG,PsychToday,", all white, middle class, and very, very anti-anything occurring, any changes taking place. They didn't even want poor white people in the church."
change,take,1995,NEWS,NYTimes,"and I thought,' this is a perfect time to take advantage of the changes taking place in our business.' "" # Graphs: "" Despite Troubles,"
change,take,1995,NEWS,CSMonitor,Fernando Henrique Cardoso called for tolerance. # But behind the incident lies a fundamental change taking place in Brazilian society: The rapid growth and spreading influence of Evangelical churches
change,take,1995,NEWS,SanFranChron,-- I am a registered nurse and would like to share my concerns over the changes taking place right now in health. # Health care is being taken over by
change,take,1995,NEWS,Denver,were added to the league. It would be another 40 years before any serious changes took place. # The Stanley Cup was now the sole property of the NHL
change,take,1995,NEWS,Denver,"they would become physicians today. And 50 percent said they are saddened by the changes taking place in medicine. About 30 percent plan to retire early. # """
change,take,1995,ACAD,Humanist,"will be better, "" she says. Is there any hope of these needed changes taking place in time to help Sebastian, the girls she works with at Tunza"
change,take,1995,ACAD,CompIntlDev,"main source of national income. # Despite large oil profits little economic or social change took place. The newly created Development Board, which followed British reform demands,"
change,take,1995,ACAD,SocialHistory,the right to self-rule and I became responsible for myself and my actions. This change took place right after the confirmation.... The next day I was
change,take,1995,ACAD,Generations,"such power, who will be the consumer's voice? # The truly historic changes taking place in our social welfare system threaten many of the gains made in the"
change,take,1995,ACAD,HealthSocialW,"already far ahead of academics. The need now is to document and catalog the changes taking place; to analyze what makes effective teamwork and collaboration, how social workers"
change,take,1995,ACAD,RehabResrch,"incidence of blisters was highest in the early stages of training, indicating that adaptive changes took time to occur. # Histologically, examination of skin that has broken down"
change,take,1994,NEWS,WashPost,"economists, government officials, workers and consumers, will examine some of the key changes taking place in the exploitation, marketing and consumption of the world's natural resources"
change,take,1994,ACAD,Psychology,"and the subject makes a certain number of unsuccessful attempts to solve it, certain changes take place in the information complex serving the solution of this task. Ordinarily,"
change,take,1994,ACAD,Church&State,"the Revolution. Thus, many Catholics supported the Agrarian Reform Law and the overall changes taking place in their towns. These Catholics probably tended to be poorer members of"
change,take,1994,ACAD,SocialStudies,by interacting with) their environment. Learning is essentially an active process whereby a change takes place in the ways in which individuals perceive and give meaning to their environment
change,take,1994,ACAD,AfricaToday,the repeal of section 2a of the Constitution in December 1991. Shortly thereafter many changes took place concerning the role of women in Kenyan politics -- changes brought about by
change,take,1994,ACAD,AmerStudies,"in the institutional arrangement formulated in Philadelphia. # During the 1970s, a qualitative change took place (as an effect of those reforms, and especially of the increasing"
change,take,1994,ACAD,Ethnology,"gradually change the rules defining inclusion of members in caste categories. With increasing social change taking place due to higher education, industrialization, and work opportunities for women,"
change,take,1994,ACAD,PhysicalEduc,"Physical educators, college administrators, and secondary school administrators could point to the constructive changes taking place to educationally guide athletics, while simultaneously reaping the beneficial resources they perceived"
change,take,1994,ACAD,PerspPolSci,were designed to preserve Soviet influence and power in the international system. # The changes taking place in the Soviet Union follow in good part from external causes. Gorbachev
change,take,1994,ACAD,EmotBehavDis,"This type of repeated measures analysis can not account for the complex individual process of change taking place over the course of this study (Willett, Ayoub, &; Robinson"
change,take,1994,SPOK,ABC_Nightline,"she was shunned for promoting. HELEN SUZMAN: It amazed me, that this change took place, actually, without a revolution. TED KOPPEL: voice-over Tonight,"
change,take,1994,SPOK,ABC_Nightline,"he was in the cabinet and state president, and it amazed me that this change took place, actually, without a revolution. I mean, there's a"
change,take,1994,SPOK,ABC_Nightline,several years at least in single-mother households. No other trend so dramatically drives the changes taking place in the American family. TED KOPPEL: And we are back once
change,take,1994,FIC,Bk:ProudFree,was the strong beauty in the line of her features. P155 When had the change taken place? Why hadn't he noticed it before? Yet he wasn't
change,take,1994,MAG,USAToday,the nation has turned away from these civilizing influences. Debating the validity of these changes takes one into such matters as the economic causes of crime and the changing rates
change,take,1994,MAG,PsychToday,"a deeper level of the immediate reality than we normally have access to. ENLIGHTENED CHANGE Take the case of Mary Fisk. Near death, she felt herself going down"
change,take,1994,MAG,PsychToday,", lift the information embargo. Open that place up and you'll see political changes take place. SPIN "" The people thinking hardest about warfare in the future know"
change,take,1994,MAG,Ebony,"the sudden rash of Black executives at White institutions imply, and why has this change taken so long? One reason, experts say, is that religion has always"
change,take,1994,MAG,TIME,"watches the company for Smith Barney. "" And with all the turmoil and constant changes taking place at Apple and IBM, there's some question as to whether this"
change,take,1994,NEWS,WashPost,"couldn't have been happier... # Last week was the week that radical affiliate changes took place in three major markets -- Detroit, Atlanta and Milwaukee -- where CBS"
change,take,1994,NEWS,Chicago,"year. "" 59429 # Over the next year, you'll see some big changes taking place at your neighborhood emissions testing station. # As part of the U.S."
change,take,1994,NEWS,Denver,"glass. Archaic buses wheeze along, stuffed with passengers hanging from windows. # Change takes time # "" Tourism is one of the many priorities of the government,"
change,take,1993,SPOK,CBS_Morning,", if we're going to -- if we're going to deal with the changes taking place, we have to understand that there's a need for some personal"
change,take,1993,SPOK,CBS_SunMorn,". I actually grew up in a ranching family, and as I watched the changes taking place from my childhood, as we moved into the second half of the"
change,take,1993,SPOK,NPR_ATC,"ve got. But that doesn't mean they aren't concerned by the unusual changes taking place in the Bering Sea ecosystem, or that they wouldn't restrict fishing"
change,take,1993,SPOK,NPR_ATC,"and abundant electrical power. Dan Charles visited India and has this report on the changes taking place there. DAN CHARLES, Reporter: Bombay, India, late September"
change,take,1993,SPOK,PBS_Newshour,"PROF-GERBNER: On the contrary, I would like to see a lot of good change taking place. The trend, the direction in which we're going, is"
change,take,1993,FIC,Atlantic,receptors for external stimuli. He had been so caught up in chronicling the minuscule changes taking place in the gels and tubes of his laboratory that the universe had changed
change,take,1993,FIC,BkSF:JaySilentBob,way from where we were only weeks ago. We have seen a great many changes take place in the life of the Elven people. None of us could have
change,take,1993,FIC,Bk:BonetoBone,"an investigation into hunger. I wrote down a detailed, clinical record of the changes taking place in our bodies, our minds, and our behavior (luring the"
change,take,1993,MAG,Astronomy,"sense of awe under the skies. (Awstronomy?) Put that together with changes taking place in religious/spiritual thinking, particularly in the West, and we might find"
change,take,1993,MAG,Astronomy,"Society helped to nudge things along, but once the Cold War was past, changes took place. NASA is warming to the idea. The question is, who"
change,take,1993,MAG,ChristCentury,will return to the seminary classroom. Both indicated that their decisions were related to changes taking place at the school. Rogers expressed particular concern about the new president's
change,take,1993,MAG,ChristCentury,"out of their control. Such a tentative conclusion is unfortunate, since the dramatic changes taking place in Russia call for many allies in helping the church connect with an"
change,take,1993,MAG,ChristCentury,"may, however, need to be modified in order to respond to the dramatic changes taking place in Russian society. The Russian Orthodox Church is being offered a window"
change,take,1993,MAG,FieldStream,"in Congress. However, it may resurface in 1993. But, until political changes take place, envy those who can visit Cuba, and keep your passport up"
change,take,1993,MAG,ScienceNews,"childhood. Debate revolves around a number of clashing explanations of how and why that change takes place. # "" There's a genuine argument now over whether a fundamental"
change,take,1993,MAG,USNWR,"there are institutes funded by coal companies that have an interest in not seeing any change take place.' # Doubters. Yet doubts about the likelihood, intensity and"
change,take,1993,NEWS,USAToday,"which are intended primarily for offbeat travelers. # "" You can actually see the changes taking place. If you wait much longer, you'll probably miss it,"
change,take,1993,NEWS,WashPost,"written that, "" the Supreme Court generally follows, it does not lead, changes taking place elsewhere in society. But without taking giant strides and thereby risking a"
change,take,1993,NEWS,SanFranChron,room for a lily-white America with 1950's values. Such pop-psychology ignores the progressive changes taking place in our world that can not be owned by either camp. #
change,take,1993,NEWS,SanFranChron, REFORM' # Editor -- The otherwise excellent and informative articles on the rapid changes taking place in health-care delivery systems in California omitted one major change which is likely
change,take,1993,NEWS,Houston,"other and with adult members. # The ex-members agree, however, that drastic changes took place in 1987 and that the Davidito letter and many of Berg's other"
change,take,1993,ACAD,CrossCurrents,we know that argument and critical exchange are not the major means by which social change takes place in the world. But we recognize it has to have a role
change,take,1993,ACAD,ForeignAffairs,"or if political instability becomes pervasive, or if ideology again shifts, or if changes take place in the balance of power of the kind for which Saddam Hussein bid"
change,take,1993,ACAD,AfricaToday,probability of and the potential for democratization and democracy in Africa. # The democratic changes taking place in numerous countries in Africa can not be discarded. The current transitions
change,take,1993,ACAD,AmerStudies,"call "" the Triangular Structure of American Thought. "" In post-Civil War America, changes took place in the victorious North's way of thinking. The attitude of """
change,take,1993,ACAD,AmerEthnicHis,"of migrants came from the south of Italy. This factor, together with the changes taking place on the international labor market which led to a massive increase in the"
change,take,1993,ACAD,PerspPolSci,"by Robert Salisbury and J. David Greenstone, respectively, made little mention of the changes taking place in the nation's capital and provided few references to interest group studies"
change,take,1993,ACAD,CanadaLaw,"changing nature of international commerce and the international trade regime illustrates the extent of the changes taking place and the adjustment pressures these changes are generating. Forty-five years ago,"
change,take,1993,ACAD,RoeperReview,"approaches more challenging and personally relevant to students (Gettys, 1989). These changes took place after the COGNET teachers gained a better understanding of cognitive processing and its"
change,take,1993,ACAD,HispanicRev,"process. It tells nothing at all about how, when, or why the change took place. A simple diachronic correspondence bears less relationship to phonetic change than the"
change,take,1992,SPOK,NPR_ATC,is on the scene. You're dealing with a time when there's radical change taking place in the country's laws. And Malcolm stands out as the black
change,take,1992,MAG,USAToday,"make similar curriculum modifications, he or she may do so enthusiastically. While some changes take time, others can be made while the university studies itself and encourages change"
change,take,1992,MAG,PsychToday,"channels that increase the efficiency of information processing. Scientists want to know precisely what changes take place in LTP, whether the molecular changes associated with LTP occur primarily in"
change,take,1992,MAG,AmHeritage,TEN PRESIDENTAL ELECtions since 1952 does not in itself advance our understanding of the huge changes taking place in American political behavior. It merely reflects them. Looming largest is
change,take,1992,MAG,Inc.,"to apply his academic expertise to his hobby: baseball cards. After studying the changes taking place in the industry in the early 1980s, Goldin started the Score Board"
change,take,1992,MAG,USNWR,it's happening among the more innovative local governments. There really is a sea change taking place.' # Many observers believe the tide is about to sweep Washington
change,take,1992,MAG,Americas,", that synthesis of forms which lead irremediably to abstraction. "" # The historic changes taking place in Mexico, the new European interest in ethnology, and Rivera's"
change,take,1992,NEWS,NYTimes,"to the survival of initiative and entrepreneurship under Soviet Communism. # The most fundamental changes taking place in Russia are, in a sense, the hidden ones, because"
change,take,1992,NEWS,USAToday,"and plans to export the locally unpopular carp - is growing. # But those changes take time to show results. And in a region bursting with immediate problems,"
change,take,1992,NEWS,Atlanta,"break with metro Atlanta on Monday and joined the new 706 area code. The change took effect just after midnight. And very few customers seemed to forget, according"
change,take,1992,NEWS,Chicago,"about the songs, about new orchestrations, about alterations in the set. Every change takes at least a week to implement. # "" Marvin and David are wonderful"
change,take,1992,ACAD,ReVision,"through space, colliding and interacting according to eternal, uniform laws of nature. 12 Change takes place, of course: a development from simplicity to complexity, but this"
change,take,1992,ACAD,ReVision,", as the child enters the realm, of fantasy-filled thinking, several other major changes take place. At first glance, they do not seem related to thinking,"
change,take,1992,ACAD,ArabStudies,"Yemen, with President Salih at its head. 3 # Many important political and socioeconomic changes took place in the YAR since its birth in 1962, and most of the"
change,take,1992,ACAD,ArabStudies,linked to Western Europe for security and economic reasons following World War II. As changes took place in Turkey's position within the fight bipolar structure of the early Cold
change,take,1992,ACAD,AsianAffairs,"the two countries began to deteriorate. Nepal's government failed to adjust to the changes taking place in South Asia, and the quality of leadership did not succeed in"
change,take,1992,ACAD,AfricaToday,"will shape and limit its own participation, but also because the nature of political change taking place in Zaire has flooded the political stage with other actors clamoring to have"
change,take,1992,ACAD,AmerIndianQ,"behave? # Finally, it appears, Clifton was simply overwhelmed by the many changes taking place around him. Witness one of his complaints: "" Today, a"
change,take,1992,ACAD,InterAmStud,"of real negotiations in keeping with CPC proposals, and the first set of cabinet changes took place in August when Sergio O. Jarpa was appointed Minister of the Interior and"
change,take,1992,ACAD,CATOJournal,make it incompatible with encouraging this beneficial trend. Proposals for Reform # The fundamental changes taking place in the U.S. electric industry and BPA's growing demand for additional power
change,take,1992,ACAD,CompIntlDev,". The views emphasizing external shocks and government policy "" predict "" that the critical changes took place after 1930 (and less so between 1914-1918) and would explain Silo"
change,take,1992,ACAD,LatAmPopScult,"have an impact upon daily life. With documentaries, ICAIC recorded the many revolutionary changes taking place and provided a "" catalogue "" of realistic images and sounds that belonged"
change,take,1992,ACAD,Mercury,"for traces of organic material. # In almost every case, rapid and extensive changes took place within the experimental containers. But later analyses showed that the activity could"
change,take,1991,SPOK,ABC_Jennings,it's a matter of condom sense. JEFF GREENFIELD: JOHNSON/TEENS HUGGING The policy change takes place in the shadow of Magic Johnson's revelation that he has the HIV
change,take,1991,SPOK,PBS_Newshour,"was getting from intelligence analysts. While he might be excused for belittling the fundamental changes taking place as early as 1986, it is hard to excuse his blindly fatalistic"
change,take,1991,SPOK,PBS_Newshour,". A lot of our markets are down. We don't see any immediate change taking place there, however, we're rather optimistic that as the year unfolds"
change,take,1991,MAG,AmHeritage,"with young children would work doubled between the mid-sixties and the late seventies. These changes took place for a variety of reasons -- feminism, improved birth control, the"
change,take,1991,MAG,SatEvenPost,"the consumer -- parents and their children. And that is where the power of change takes root. For American public education, this concept is a revolutionary idea."
change,take,1991,MAG,USNWR,"race and ethnicity. He worries that Americans do not fully grasp "" the extraordinary changes taking place in the composition of the population -- or the speed of those changes"
change,take,1991,MAG,WashMonth,"were cheaper. # What would happen, one wonders, if a genuinely drastic change took place say, if the federal government funded more artists directly, as it"
change,take,1991,MAG,Compute,"you make changes in your script, you'll have to recompile it before the changes take effect. # Procomm Plus will attempt to compile and run an uncompiled script"
change,take,1991,MAG,Weatherwise,of snow and ice. Climatic variation that usually requires thousands of miles of latitudinal change takes place astride the equator in fewer than four vertical miles. # Five climatic
change,take,1991,NEWS,NYTimes,"endured. "" # Western diplomats said peace in Cambodia was made possible mainly by changes taking place outside the country -- both new cooperation between Washington and Moscow to settle"
change,take,1991,NEWS,CSMonitor,"is where I'm from, and I want to be a part of whatever changes take place. Second, this is more interesting. The place is small enough"
change,take,1991,NEWS,CSMonitor,". "" # We are surely in an era of multiple transformations, with profound changes taking place in every sector of every society. But how do we get a"
change,take,1991,NEWS,Atlanta,"to change things if we so desire. Just remember, though, that constructive change takes time, commitment and hard work, more time and commitment than standing on"
change,take,1991,NEWS,Atlanta,"person, because in interacting with each other and in contrasting our respective opinions on changes taking place, we give the opportunity to ourselves to think ourselves about the other"
change,take,1991,NEWS,SanFranChron,be doubled or tripled. That would be one expensive mess. # Another surprising change taking place has to do with the confinement of so many drug dealers. Prisons
change,take,1991,NEWS,SanFranChron,investment in R &D; spending. # Q: What do you think of the changes taking place at IBM? # A: We look upon them very favorably.
change,take,1991,ACAD,Ethnology,"related to the significant ideological shift associated with religious conversion. The nature of the changes taking place as individuals or families convert is complex. In Latin America, and"
change,take,1991,ACAD,EnergyJournal,system. In this case there would be only a short time delay before urgent changes took place. # In reality the major struggle is between the centric and radical-democratic
change,take,1991,ACAD,CanadaLaw,"the Canada-U.S. Free Trade Agreement. For the United States, we see the changes taking place in Mexico, and their desire for a free trade agreement, as"
change,take,1991,ACAD,Education,"on the same computer screen above the question posed, where individual may observe bodily changes taking place in relation to any particular question being answered. From this research Cassel"
change,take,1991,ACAD,LatAmPopScult,"media economic practices. The Social Setting # As usually happens when any significant demographic change takes place, Lima's urbanization process has had important social and cultural consequences."
change,take,1991,ACAD,LatAmPopScult,"corporatist tendencies, are today closely identified with the government itself. 22 # Another important change took place under authoritarian rule: in keeping with the regime's neo-liberal restructuring of"
change,take,1991,ACAD,Lancet,(n7) The increase in platelet size seen in our study indicates that megakaryocyte changes take place before the second MI. # We have shown that platelet size is
change,take,1991,ACAD,RehabResrch,", and others. A large clinical experience over several decades indicates that certain physical changes take place in the underlying bone structure due to mechanical and biological response to stress"
change,take,1991,ACAD,RehabResrch,information is included: the classification of specimens is superficial and vague. The pathological changes taking place in the subchondral bone of the femoral head with the diagnosis of osteoarthritis
change,take,1990,ACAD,CrossCurrents,"Africa have made, are making and will continue to make important contributions to the changes taking place. Sister Bernard at the Institute for Contextual Theology (ICT) spoke"
change,take,1990,ACAD,CrossCurrents,"Step 3 presentations about discourse, syntax, morphology, and phonology. # Many changes take place in the teachers' perceptions of language during this step. For example"
change,take,1990,ACAD,ForeignAffairs,a lasting effect on the way Japan is governed or does business. The undoubted changes taking place in Japanese society do not include the lifting of the political control over
change,take,1990,ACAD,AmerEthnicHis,"became obvious to both eighteenth-century Ulster Presbyterians and nineteenth-century Catholics that, without some dramatic change taking place, it was increasingly unlikely that they would be able to enjoy the"
change,take,1990,ACAD,PerspPolSci,""" (343) # If Bloom is correct in his argument that a fundamental change took place in the 1960s in the general education curriculum, the considerable tinkering with"
change,take,1990,ACAD,PerspPolSci,"to a new policy for the 1990s, one that recognizes the full scope of change taking place around the world, and in the Soviet Union itself. "" 6"
change,take,1990,ACAD,CanadaLaw,"with us, and it is relevant to trade in services. We are seeing changes taking place in the economy and in the international trading environment. Currently, I"
change,take,1990,ACAD,InstrPsych,"up now and raising youngsters today. Next, a minilecture examined some of the changes taking place in the lives of grandparents, parents, and grandchildren. Individuals then"
change,take,1990,ACAD,ArtBulletin,"the forging of paintings. 1l4 # In the final decades of its existence, fundamental changes took place at the V, nd. In addition to the shift to year-round"
change,take,1990,ACAD,RehabResrch,"noise signal is used to determine the frequency response of the hearing aid while these changes take place. # As the swept bias tone moves through different frequency regions,"
change,take,1990,SPOK,ABC_Brinkley,a white acquiescence in this? Rep. GRAY: I think what we see is change taking place. How far it's going to go it's too early to
change,take,1990,SPOK,ABC_Brinkley,"control is obsolete. We're in a position now, because of the political changes taking place, to move a bit more expeditiously to conclude some agreements that have"
change,take,1990,SPOK,ABC_Jennings,". DIANE SAWYER: It seems everytime you blink you miss some of the kaleidoscopic changes taking place in Eastern Europe. There were two more turns today, in Rumania"
change,take,1990,SPOK,CNN_Crossfire,"of this most massive, strategic retreat in modern history. In effect, fundamental change taking place in the Soviet empire- BUCHANAN: Mr. Hunter, let me- Mr. HUNTER"
change,take,1990,SPOK,CNN_King,"Mr. BIN-WAHAD: Yes, sir, it did KING At what age did the change take place formally, did you say,' I am no longer Richard Moore"
change,take,1990,SPOK,PBS_Newshour,"At the same time, we must find a way to respond to the remarkable changes taking place in Eastern Europe, to the changes taking place in Panama, to"
change,take,1990,SPOK,PBS_Newshour,"way to respond to the remarkable changes taking place in Eastern Europe, to the changes taking place in Panama, to the changes taking place in Nicaragua. MR-LEHRER:"
change,take,1990,SPOK,PBS_Newshour,"place in Eastern Europe, to the changes taking place in Panama, to the changes taking place in Nicaragua. MR-LEHRER: In Egypt, there was a major fire"
change,take,1990,SPOK,PBS_Newshour,leader ever visited the White House. Pres. Bush said the meeting illustrates the magnificent changes taking place in Europe. MR-LEHRER: Reform to Communists won the elections in Bulgaria
change,take,1990,SPOK,ABC_Nightline,than anyone would have believed possible even a week ago. on camera But real change takes a long time to trickle down to the people who need it most.
change,take,1990,SPOK,ABC_Nightline,"in Washington KOPPEL And when we come back, we'll talk abut the striking changes taking place in the Communist world with an American Communist, Angela Davis, with"
change,take,1990,SPOK,ABC_Nightline,"years to come. TED KOPPEL: voice-over An American journalist looks at the turbulent change taking place in the Soviet Union. VLADIMIR POZNER, Soviet Commentator: If you"
change,take,1990,SPOK,ABC_Nightline,Afghanistan. They are two Soviet journalists of two generations with different perspectives on the changes taking place in their country. They are also father and son. Genrikh and
change,take,1990,SPOK,ABC_Nightline,"factor is one that we place a high priority on here, and with the changes taking place in eastern Europe and the Soviet Union, especially where we need to"
change,take,1990,SPOK,ABC_Nightline,"have had experience in that country and we will take a closer look at the changes taking place in Saudi society. When we come back, we'll talk with"
change,take,1990,FIC,Bk:PlainsPassage,"could abide others of their kind only long enough to mate, but a remarkable change took place after the hard rainstorm. With the growth of tender new grass,"
change,take,1990,FIC,Bk:PlainsPassage,"eggs, and many more larvae survived. As the grasshopper population grew, surprising changes took place. The young grasshoppers developed startling new colors, and they began to"
change,take,1990,MAG,NatlReview,the plans then being proposed for further integration of Western Europe ran counter to these changes taking place in the East. The wall that Yalta had built not only divided
change,take,1990,MAG,Aging,"I read more now. I write faster. # "" But even more profound changes take place on other levels. I find that I have a certain eagerness to"
change,take,1990,NEWS,CSMonitor,"Iraq's once-reviled kings, political observers say, is a telling symbol of political changes taking place here as Iraq seeks to build on the unprecedented unity resulting from its"
change,take,1990,NEWS,CSMonitor,I think we share certain spiritual responsibilities. # We are all struck by the changes taking place in the Soviet Union and Eastern Europe. They are not all political
change,take,1990,NEWS,CSMonitor,""" lesson. "" But as the Indians traded them across the country, certain changes took place. Now, I like to call it' genetic shift. """
change,take,1990,NEWS,CSMonitor,"workers. An important local occupation was lace-making, which was greatly affected by the changes taking place. The school lost its pupils and the Boningtons were once again in"
change,take,1990,NEWS,AssocPress,television news is giving South Africans a chance to see for themselves the dramatic political changes taking place across the country. # The extensive live broadcast of Nelson Mandela's
change,take,1990,NEWS,WashPost,"how they want to live. "" # Beyond personal development, Lynberg says "" changes taking place at an astounding rate throughout the world "" reflect a societal imperative."
change,take,1990,NEWS,WashPost,"window, poetically tailored for both end-of-century and -millennium blueprints, suggests that unless major changes take place, the current legacy of destruction will become irreversible. # Anyone for"
change,take,1990,NEWS,SanFranChron,"1986, was wooed back to New York and to WNEW. # The constant changes took their tolls on Collins' home life. He has been married three times"
revision,receive,2019,ACAD,...nal of Speech-Language Pathology,": Margaret Blake # Editor: Christos Salis # Received August 21, 2017 # Revision received December 7, 2017 # Accepted April 8, 2018 # Publisher Note:"
revision,receive,2014,ACAD,LangSpeechHearing,"competing interests existed at the time of publication. # Received July 29, 2013 Revision received March 17, 2014 Accepted July 29, 2014 # Table 1. Summary"
revision,receive,2014,ACAD,LangSpeechHearing,"competing interests existed at the time of publication. # Received October 30, 2013 Revision received February 11, 2014 Accepted June 11, 2014 # Table 1. Dosage"
revision,receive,2014,ACAD,LangSpeechHearing,"important to optimizing language assessments for school-age children. # Received March 23, 2014 Revision received June 19, 2014 Accepted August 6, 2014 # Disclosure: The authors"
revision,receive,2014,ACAD,LangSpeechHearing,"preschool teachers for their participation in this study. # Received June 5, 2013 Revision received February 27, 2014 Accepted August 5, 2014 # Disclosure: The authors"
revision,receive,2014,ACAD,LangSpeechHearing,"and Medical Research Council of Australia Program Grant 633007. # Received August 27, 2013 Revision received April 10, 2014 Accepted July 27, 2014 # Disclosure: The authors"
revision,receive,2014,ACAD,LangSpeechHearing,"Association, November 2011, San Diego, CA. # Received October 16, 2013 Revision received April 30, 2014 Accepted July 26, 2014 # Disclosure: The authors"
revision,receive,2014,ACAD,LangSpeechHearing,"Kelly Shelton for their assistance with the project. # Received September 24, 2013 Revision received April 24, 2014 Accepted July 26, 2014 # Disclosure: The authors"
revision,receive,2014,ACAD,LangSpeechHearing,"Shorewood, Waukesha, Wauwatosa, and West Allis-West Milwaukee. # Received July 17,2013 Revision received March 17, 2014 Accepted June 2, 2014 # Disclosure: The data"
revision,receive,2014,ACAD,LangSpeechHearing,"their influence on preliminary discussions of this topic. # Received Mardi 28, 2014 Revision received May 27, 2014 Accepted July 30, 2014 # Disclosure: Amy L."
revision,receive,2014,ACAD,LangSpeechHearing,"a strong tool to aid written language skills. # Received April 1, 2014 Revision received May 5, 2014 Accepted May 20, 2014 # Disclosure: In this"
revision,receive,2013,ACAD,LangSpeechHearing,"in the collection and analysis of data. # Received February 6, 2012 # Revision received June 20, 2012 # Accepted May 10, 2013 # Table 1."
revision,receive,2013,ACAD,LangSpeechHearing,"Mak for the process of data collection. # Received September 25, 2012 # Revision received February 2, 2013 # Accepted May 10, 2013 # Table 1."
revision,receive,2013,ACAD,LangSpeechHearing,"participating schools, students, and parents. # Received February 8, 2012 # Revision received November 19, 2012 # Accepted May 8, 2013 # Table 1."
revision,receive,2013,ACAD,LangSpeechHearing,"for Hearing and Speech, Houston, TX. # Received July 31, 2012 # Revision received December 7, 2012 # Accepted February 26, 2013 # 1 The remainder"
revision,receive,2012,ACAD,JSpeechLanguage,"Janna Oetting # Associate Editor: Lisa Bedore # Received June 6, 2010 # Revision received June 15, 2010 # Accepted July 25, 2011 # Table 1."
revision,receive,2012,ACAD,JSpeechLanguage,"Janna Oetting # Associate Editor: Julie Hengst # Received July 28, 2010 # Revision received February 1, 2011 # Accepted July 25, 2011 # Table 1."
revision,receive,2012,ACAD,JSpeechLanguage,"Janna Oetting # Associate Editor: Katherine Hustad # Received June 14, 2010 # Revision received December 20, 2010 # Accepted July 27, 2011 # Table 1."
revision,receive,2012,ACAD,LanguageSpeech,"Marilyn Nippold # Associate Editor: Jeannene Ward-Lonergan # Received October 25, 2010 # Revision received March 7, 2011 # Accepted July 24, 2011 # Table 1."
revision,receive,2012,ACAD,LanguageSpeech,"Marilyn Nippold # Associate Editor: Amy Weiss # Received November 17, 2010 # Revision received January 24, 2011 # Accepted August 2, 2011 # Table 1."
revision,receive,2012,ACAD,LanguageSpeech,"Marilyn Nippold # Associate Editor: Ann Packman # Received August 12, 2010 # Revision received February 1, 2011 # Accepted August 29, 2011 # Table 1."
revision,receive,2012,ACAD,LanguageSpeech,"Marilyn Nippold # Associate Editor: Victoria Joffe # Received November 17, 2010 # Revision received April 17, 2011 # Accepted September 17, 2011 # Table 1."
revision,receive,2012,ACAD,LanguageSpeech,"Marilyn Nippold # Associate Editor: Martin Fujiki # Received February 14, 2011 # Revision received May 31, 2011 # Accepted September 15, 2011 # Table 1."
revision,receive,2012,ACAD,LanguageSpeech,"Marilyn Nippold # Associate Editor: Martin Fujiki # Received October 21, 2010 # Revision received April 15, 2011 # Accepted September 29, 2011 # Table 1."
revision,receive,2012,ACAD,LanguageSpeech,"Marilyn Nippold # Associate Editor: Jeannene Ward-Lonergan # Received June 16, 2010 # Revision received November 22, 2010 # Accepted August 19, 2011 # Table 1."
revision,receive,2012,ACAD,LanguageSpeech,"Marilyn Nippold # Associate Editor: Cynthia Johnson # Received March 26, 2010 # Revision received August 8, 2010 # Accepted September 25, 2011 # Table 1."
revision,receive,2012,ACAD,LanguageSpeech,": Marilyn Nippold # Associate Editor: Gary Troia # Received October 29, 2010 Revision received February 9, 2011 Accepted July 3, 2011 # 1 We used the"
revision,receive,2012,ACAD,LanguageSpeech,": Marilyn Nippold # Associate Editor: Jeannene Ward-Lonergan # Received October 16, 2010 Revision received March 14, 2011 Accepted May 22, 2011 # REFERENCES American Academy of"
revision,receive,2012,ACAD,LanguageSpeech,": Marilyn Nippold # Associate Editor: Amy Weiss # Received October 25, 2010 Revision received March 10, 2011 Accepted June 3, 2011 # Table 1. Definitions"
revision,receive,2012,ACAD,LanguageSpeech,": Marilyn Nippold # Associate Editor: Stacy Wagovich # Received June 23, 2010 Revision received December 9, 2010 Accepted June 5, 2011 # Table 1. Information"
revision,receive,2012,ACAD,LanguageSpeech,": Marilyn Nippold # Associate Editor: Ilsa Schwarz # Received November 24, 2009 Revision received July 16, 2010 Accepted January 7, 2011 # Table 1. Demographic"
revision,receive,2012,ACAD,LanguageSpeech,": Marilyn Nippold # Associate Editor: Amy Weiss # Received July 19, 2010 Revision received January 31, 2011 Accepted July 15, 2011 # Table 1. Descriptive"
revision,receive,2012,ACAD,JSpeechLanguage,"Sid Bacon # Associate Editor: Eric Healy # Received November 18, 2010 # Revision received February 8, 2011 # Accepted May 15, 2011 # Table 1."
revision,receive,2012,ACAD,JSpeechLanguage,"Anne Smith # Associate Editor: Kathryn Kohnert # Received September 7, 2010 # Revision received February 11, 2011 # Accepted May 10, 2011 # Table 1."
revision,receive,2012,ACAD,JSpeechLanguage,"Robert Schlauch # Associate Editor: Karen Helfer # Received October 22, 2010 # Revision received February 25, 2011 # Accepted May 17, 2011 # Table 1."
revision,receive,2012,ACAD,JSpeechLanguage,"Janna Oetting # Associate Editor: Jessica Barlow # Received August 18, 2010 # Revision received January 26, 2011 # Accepted June 11, 2011 # Table 1."
revision,receive,2012,ACAD,JSpeechLanguage,"Robert Schlauch # Associate Editor: Beverly Wright # Received September 29, 2009 # Revision received March 12, 2010 # Accepted June 3,2011 # Table 1. Participant characteristics"
revision,receive,2012,ACAD,JSpeechLanguage,"Robert Schlauch # Associate Editor: Mark Hedrick # Received October 4, 2010 # Revision received March 14, 2011 # Accepted June 3, 2011 # * Other studies"
revision,receive,2012,ACAD,JSpeechLanguage,"Sid Bacon # Associate Editor: Marjorie Leek # Received December 16, 2010 # Revision received March 3, 2011 # Accepted June 16, 2011 # Table 1."
revision,receive,2012,ACAD,JSpeechLanguage,"Robert Schlauch # Associate Editor: Mark Hedrick # Received August 26, 2010 # Revision received February 11, 2011 # Accepted June 17, 2011 # Table 1."
revision,receive,2012,ACAD,JSpeechLanguage,"Anne Smith # Associate Editor: Wolfram Ziegler # Received September 13, 2010 # Revision received March 1, 2011 # Accepted May 6, 2011 # Table 1."
revision,receive,2012,ACAD,JSpeechLanguage,"Oetting # Associate Editor: Pascal van Lieshout # Received August 13, 2010 # Revision received December 20, 2010 # Accepted June 11, 2011 # Table 1."
revision,receive,2012,ACAD,JSpeechLanguage,"# Editor and Associate Editor: Anne Smith # Received June 1, 2011 # Revision received August 2, 2011 # Accepted September 1, 2011 # 1The description of"
revision,receive,2012,ACAD,JSpeechLanguage,"Janna Oetting # Associate Editor: Marc Joanisse # Received July 23, 2010 # Revision received January 28, 2011 # Accepted June 11, 2011 # Table 1."
revision,receive,2012,ACAD,JSpeechLanguage,"Janna Oetting # Associate Editor: Gina Conti-Ramsden # Received September 1, 2010 # Revision received February 11, 2011 # Accepted June 20, 2011 # Table 1."
revision,receive,2012,ACAD,JSpeechLangHearingRes,"for his insightful comments on the statistical analysis. # Received August 15, 2011 Revision received February 3, 2012 Accepted April 26, 2012 # Table 1. Articulatory"
revision,receive,2012,ACAD,JSpeechLangHearingRes,"Weismer for access to the XRMB dysarthria database. # Received September 16, 2011 Revision received March 20, 2012 Accepted April 30, 2012 # Table 1. Demographic"
revision,receive,2012,ACAD,JSpeechLangHearingRes,"Vocal Function Laboratory at the University of Washington. # Received October 30, 2011 Revision received March 24, 2012 Accepted April 30, 2012 # Table 1. Participant"
revision,receive,2012,ACAD,JSpeechLangHearingRes,"November 2010 Convention of the American Speech-Language-Hearing Association. # Received June 15, 2011 Revision received November 21, 2011 Accepted March 7, 2012 # Table 1. Dependent"
revision,receive,2012,ACAD,JSpeechLangHearingRes,"on this work while it was in progress. # Received May 26, 2011 Revision received October 24, 2011 Accepted March 20, 2012 # Figure 1. Schematic"
revision,receive,2012,ACAD,JSpeechLangHearingRes,"Melara with data collection and lexical stress measurements. # Received September 15, 2011 Revision received January 12, 2012 Accepted March 7, 2012 # Table 1. Distribution"
revision,receive,2012,ACAD,JSpeechLangHearingRes,"R01 DC005522, R01 DC008850, and T32 DC009401. # Received August 29, 2011 Revision received January 20, 2012 Accepted March 30, 2012 # Table 1. Glottal"
revision,receive,2012,WEB,...psyc.jamanetwork.com,"in medical research. # Submitted for Publication: March 15, 2004; final revision received September 10, 2004; accepted September 24, 2004. # Funding/Support:"
revision,receive,2012,WEB,...psyc.jamanetwork.com,"to disease-related factors. # Submitted for Publication: November 25, 2010; final revision received April 26, 2011; accepted May 3, 2011. # Author Contributions"
revision,receive,2012,WEB,...psychiatryonline.org,"what circumstances, and for what purposes. # Received Dec. 27, 2001; revisions received April 24 and June 20, 2002; accepted June 26, 2002."
revision,receive,2012,WEB,jneurosci.org,"from in vivo results.  Footnotes # Received April 18, 1997. # Revision received October 2, 1997. # Accepted October 9, 1997. # This"
revision,receive,2012,BLOG,...y.oxfordjournals.org,"21201, USA. E-mail: **26;2740;TOOLONG # Received April 21, 2012. # Revision received July 12, 2012. # Accepted July 12, 2012.  Abstract"
revision,receive,2011,ACAD,SocialWork,", 15, 625-629. # Original manuscript received July 6, 2009 # Final revision received February 3, 2010 # Accepted April 20, 2010 # COMMENTARY Commentary offers"
revision,receive,2011,ACAD,SocialWork,"Retrieved from http: **96;104533;TOOLONG # Original manuscript received November 17, 2009 # Final revision received May 12, 2010 # Accepted May 13. 2010 # By Patrick Shannon and"
revision,receive,2011,ACAD,SocialWork,", 16, 452-458. # Original manuscript received December 6, 2007 # Final revision received March 22, 2010 # Accepted April 19.2010 # By Irene Covarrubias and Meekyung"
revision,receive,2011,ACAD,SocialWork,", 50, 401-414. # Original manuscript received June 22, 2009 # Final revision received April 18, 2010 # Accepted April 20, 2010 # By Laura Ting"
revision,receive,2011,ACAD,SocialWork,": Cambridge University Press. # Original manuscript received November 30, 2009 # Final revision received April 16, 2010 # Accepted April 16, 2010 # PRACTICE UPDATES Are"
revision,receive,2011,ACAD,SocialWork,", 7(1/2), 5. # Original manuscript received April 7, 2008 # Final revision received April 9, 2010 # Accepted May 25, 2010 # By Clark M."
revision,receive,2011,ACAD,SocialWork,"Health, 98, 1546. # Original manuscript received February 17, 2009 Final revision received December 1, 2009 Accepted January 13, 2010 # By Jamie Wyatt Marshall"
revision,receive,2011,ACAD,SocialWork,"39, 477 -- 493. # Original manuscript received December 2, 2008 Final revision received October 19, 2009 Accepted January 14, 2010 # By David R. Hodge"
revision,receive,2011,ACAD,SocialWork,". Retrieved from http: **73;103556;TOOLONG # Original manuscript received February 24, 2009 Final revision received October 19, 2009 Accepted January 14, 2010 # By Kenneth Corvo;"
revision,receive,2011,ACAD,SocialWork,", CA: Sage Publications. # Original manuscript received April 6, 2009 Final revision received January 25, 2010 Accepted March 4, 2010 # By Kelly F. Jackson"
revision,receive,2011,ACAD,SocialWork,"Psychology, 16, 725-750. # Original manuscript received July 9, 2008 Final revision received January 27, 2010 Accepted March 5, 2010 # By Donna Hardina and"
revision,receive,2011,ACAD,SocialWork,"Psychosomatics, 35, 445-452. # Original manuscript received January 5, 2009 Final revision received October 13, 2009 Accepted March 25, 2010 # By Hansung Kim;"
revision,receive,2011,ACAD,SocialWork,"52, 30 -- 41. # Original manuscript received December 22, 2008 Final revision received April 1, 2010 Accepted April 6, 2010 # By Kyoung Hag Lee"
revision,receive,2011,ACAD,SocialWork,", 15, 707-718. # Original manuscript received April 18, 2008 # Final revision received May 19, 2009 # Accepted May 29, 2009 # By Kimberly A."
revision,receive,2011,ACAD,SocialWork,"Hartford Faculty Scholars Program. # Original manuscript received June 26, 2008 # Final revision received July 9, 2009 # Accepted August 18, 2009 # By Sara Sanders"
revision,receive,2011,ACAD,JSpeechLanguage,"Robert Schlauch # Associate Editor: Julie Liss # Received December 1, 2009 # Revision received July 1, 2010 # Accepted September 21, 2010 # Table 1."
revision,receive,2011,ACAD,JSpeechLanguage,"Anne Smith # Associate Editor: Amanda Seidl # Received October 7, 2009 # Revision received May 28, 2010 # Accepted September 23, 2010 # Table 1."
revision,receive,2011,ACAD,JSpeechLanguage,"Robert Schlauch # Associate Editor: David McFarland # Received November 22, 2009 # Revision received May 13, 2010 # Accepted October 1, 2010 # Table 1."
revision,receive,2011,ACAD,JSpeechLanguage,"Robert Schlauch # Associate Editor: Robert Schlauch # Received May 6, 2009 # Revision received April 19, 2010 # Accepted October 4, 2010 # Table 1."
revision,receive,2011,ACAD,JSpeechLanguage,"Anne Smith # Associate Editor: Caryn Easterling # Received March 25, 2010 # Revision received August 10, 2010 # Accepted October 15, 2010 # Table 1."
revision,receive,2011,ACAD,JSpeechLanguage,"Robert Schlauch # Associate Editor: Karen Forrest # Received February 2, 2009 # Revision received August 27, 2009 # Accepted October 24, 2010 # Table 1."
revision,receive,2011,ACAD,JSpeechLanguage,"Robert Schlauch # Associate Editor: Susan Thibeault # Received May 26, 2010 # Revision received October 3, 2010 # Accepted October 25, 2010 # Table 1."
revision,receive,2011,ACAD,JSpeechLanguage,"Anne Smith # Associate Editor: Jack Jiang # Received May 12, 2010 # Revision received September 17, 2010 # Accepted October 25, 2010 # Table 1."
revision,receive,2011,ACAD,JSpeechLanguage,"Janna Oetting # Associate Editor: Pamela Hadley # Received November 25, 2009 # Revision received April 24, 2010 # Accepted September 24, 2010 # Table 1."
revision,receive,2011,ACAD,JSpeechLanguage,"Janna Oetting # Associate Editor: Susan Rvachew # Received December 31, 2009 # Revision received May 17, 2010 # Accepted September 27, 2010 # Table 1."
revision,receive,2011,ACAD,JSpeechLanguage,"Janna Oetting # Associate Editor: Swathi Kiran # Received November 23, 2009 # Revision received April 12, 2010 # Accepted October 7, 2010 # Table 1."
revision,receive,2011,ACAD,JSpeechLanguage,"Janna Oetting # Associate Editor: Christine Weber-Fox # Received January 18, 2010 # Revision received May 24, 2010 # Accepted October 31, 2010 # 1 Asterisks indicate"
revision,receive,2011,ACAD,JSpeechLanguage,"Robert Schlauch # Associate Editor: Peter Howell # Received April 20, 2010 # Revision received July 12, 2010 # Accepted October 1, 2010 # Figure 1."
revision,receive,2011,ACAD,JSpeechLangHearing,"Robert Schlauch # Associate Editor: Jill Preminger # Received March 13, 2010 # Revision received August 3, 2010 # Accepted October 6, 2010 # 1 Leclab is"
revision,receive,2011,ACAD,SocialWork,", 21(1), 94-112. # Original manuscript received January 26, 2009 # Final revision received August 7, 2009 # Accepted September 24, 2009 # By Karen E."
revision,receive,2011,ACAD,SocialWork,", 17, 625-629. # Original manuscript received May 20, 2008 # Final revision received October 22, 2009 # Accepted October 26, 2009 # By David R."
revision,receive,2011,ACAD,SocialWork,", San Antonio, TX # Original manuscript received September 22, 2009 # Final revision received January 25, 2010 # Accepted February 25, 2010 # By Sherry Cummings"
revision,receive,2011,ACAD,SocialWork,"CA: Sage Publications. # Original manuscript received October 14, 2009 # Final revision received February 17, 2010 # Accepted March 25, 2010 # By Joanne Cacciatore"
revision,receive,2010,ACAD,SocialWork,". Washington, DC: Author. Original manuscript received February 2, 2007 Final revision received May 12, 2008 Accepted December 4, 2008 By Catherine A. Simmons and"
revision,receive,2010,ACAD,SocialWork,"and Health, 12(3/4), 137-160. Original manuscript received December 21, 2006 Final revision received February 26, 2008 Accepted January 23, 2009 By David R. Hodge and"
revision,receive,2010,ACAD,SocialWork,"statement. Retrieved from http: **26;57714;TOOLONG Original manuscript received August 4, 2006 Final revision received February 4, 2008 Accepted March 28, 2008 By Jessica Strolin-Goltzman; Sharon"
revision,receive,2010,ACAD,SocialWork,"Oaks, CA: Sage publication. Original manuscript received October 26, 2007 Final revision received December 22, 2008 Accepted February 3, 2009 By Carol Cleaveland Carol Cleaveland"
revision,receive,2010,ACAD,SocialWork,". Belmont, CA: Wadsworth. Original manuscript received August 6, 2007 Final revision received February 25, 2008 Accepted August 8, 2008 By Allison D. Murdach Allison"
revision,receive,2010,ACAD,HealthSocialW,"Psychiatrica Scandinavica, 67, 361-370. Original manuscript received January 25, 2008 Final revision received December 2, 2008 Accepted March 17, 2009 By Amy L. Ai;"
revision,receive,2010,ACAD,HealthSocialW,"of Personality, 71, 1197-1232. Original manuscript received June 23, 2008 Final revision received March 18, 2009 Accepted May t90 2009 By Lee M. Pachter; Bruce"
revision,receive,2010,ACAD,HealthSocialW,"Health Foundation, Austin, TX. Original manuscript received July 23, 2009 Final revision received September 15, 2009 Accepted October 1, 2009 By Robin Rosell; Megan"
revision,receive,2010,ACAD,HealthSocialW,", 6(2), 89-96. # Original manuscript received July 13, 2007 # Final revision received October 6, 2009 # Accepted December 18, 2009 # APPENDIX A:"
revision,receive,2010,ACAD,HealthSocialW,"New York: Brunner-Routledge. # Original manuscript received January 13, 2010 # Final revision received March 22, 2010 # Accepted March 30, 2010 # By Ephrat Huss"
revision,receive,2010,ACAD,HealthSocialW,", 341, 1980-1985. # Original manuscript received June 19, 2006 # Final revision received November 16, 2009 # Accepted December 22, 2009 # By Li-Mei Chen"
revision,receive,2010,ACAD,HealthSocialW,", 13, 607-616. # Original manuscript received June 29, 2009 # Final revision received September 29, 2009 # Accepted January 25, 2010 # By Christina Yager"
revision,receive,2010,ACAD,HealthSocialW,", 58, 1403-1411. # Original manuscript received February 14, 2008 # Final revision received November 20, 2009 # Accepted April 15, 2010 # By Craig S."
revision,receive,2009,ACAD,SocialWork,"field of social work. <> Original manuscript received May 9, 2007 <> Final revision received February 1, 2008 <> Accepted May 22, 2008 <> L: Table"
revision,receive,2009,ACAD,SocialWork,": Oxford University Press. <> Original manuscript received September 13, 2006 <> Final revision received May 3, 2007 <> Accepted March 27, 2008 <> By Elizabeth K."
revision,receive,2009,ACAD,SocialWork,"Original work published 1898) <> Original manuscript received April 20, 2007 <> Final revision received February 11, 2008 <> Accepted February 29, 2008 <> By Allison D."
revision,receive,2009,ACAD,SocialWork,", 13, 359-364. <> Original manuscript received October 17, 2006 <> Final revision received July 18, 2007 <> Accepted May 1, 2008 <> By Ruth Mireau"
revision,receive,2009,ACAD,SocialWork,", 40, 351-358. <> Original manuscript received March 6, 2007 <> Final revision received October 31, 2007 <> Accepted April 10, 2008 <> By Jeane W."
revision,receive,2009,ACAD,SocialWork,"Ontario: Herald Press. <> Original manuscript received April 16, 2007 <> Final revision received April 30, 2008 <> Accepted May 9, 2008 <> By Katherine van"
revision,receive,2009,ACAD,SocialWork,", 34, 333-337. <> Original manuscript received July 11, 2007 <> Final revision received April 8, 2008 <> Accepted May 21, 2008 <> By Cindy Snyder"
revision,receive,2009,ACAD,SocialWork,", 23, 925-943. <> Original manuscript received June 11, 2007 <> Final revision received January 23, 2008 <> Accepted May 14, 2008 <> By Idit Weiss-Gal"
revision,receive,2009,ACAD,SocialWork,"Psychology, 5, 236-248. <> Original manuscript received September S. 2006 <> Final revision received October 3, 2007 <> Accepted June 5, 2008 <> By Mary Kate"
revision,receive,2009,ACAD,SocialWork,", 4, 1-6. <> Original manuscript received June 18, 2007 <> Final revision received January 4, 2008 <> Accepted June 5, 2008 <> By Michael E."
revision,receive,2009,ACAD,SocialWork,", 107, 1116-1119. <> Original manuscript received April 13, 2007 <> Final revision received January 5, 2009 <> Accepted February 3, 2009 <> By Dexter R."
revision,receive,2009,ACAD,HealthSocialW,", 287, 2090-2097. # Original manuscript received July 25, 2006 # Final revision received November 15, 2007 # Accepted August 8, 2008 # By Susan E."
revision,receive,2009,ACAD,HealthSocialW,", 10, 35-48. # Original manuscript received October 16, 2006 # Final revision received June 4, 2007 # Accepted September 20, 2007 # By John G."
revision,receive,2009,ACAD,HealthSocialW,", 20, 649-655. # Original manuscript received April 30, 2007 # Final revision received February 4, 2008 # Accepted June 6, 2008 # By Tamara Sussman"
revision,receive,2009,ACAD,HealthSocialW,", 5, 319-330. # Original manuscript received November 10, 2005 # Final revision received November 2, 2006 # Accepted March 29, 2008 # By Sara Sanders"
revision,receive,2009,ACAD,HealthSocialW,", 15(82), 64-70. # Original manuscript received March 15, 2007 # Final revision received November 16, 2007 # Accepted January 30, 2008 # By Marilyn H."
revision,receive,2009,ACAD,HealthSocialW,", 26, 626-653. # Original manuscript received February 13, 2007 # Final revision received April 8, 2008 # Accepted July 8, 2008 # By Rachel Dekel"
revision,receive,2009,ACAD,HealthSocialW,", 17, 185-201. # Original manuscript received August 9, 2006 # Final revision received March 6, 2008 # Accepted August 8, 2008 # By Beverley J."
revision,receive,2009,ACAD,HealthSocialW,", from http: **49;3495;TOOLONG # Original manuscript received August 18, 2007 # Final revision received April 7, 2008 # Accepted November 14, 2008 # By Shadi Sahami"
revision,receive,2009,ACAD,HealthSocialW,", 21, 21-27. # Original manuscript received August 15, 2007 # Final revision received July 18, 2008 # Accepted January 5, 2009 # By Barbara Kilbourne"
revision,receive,2009,ACAD,SocialWork,"Service Review, 70, 1-32. Original manuscript received May 3, 2007 Final revision received March 3, 2008 Accepted August 5, 2008 By Kurt C. Organista Kurt"
revision,receive,2009,ACAD,SocialWork,"May 31,2009, from http: **43;57054;TOOLONG Original manuscript received September 29, 2007 Final revision received June 2, 2008 Accepted June 12, 2008 By Carol L. Owen Carol"
revision,receive,2009,ACAD,SocialWork,"(Suppl. 1), S84-S98. Original manuscript received September 14, 2007 Final revision received May 1, 2008 Accepted June 18, 2008 By Heather L. Marshall;"
revision,receive,2009,ACAD,SocialWork,"and Victims, 9, 107-124. Original manuscript received May 10, 2005 Final revision received April 29, 2008 Accepted July 23, 2008 By Poco Kernsmith and Roger"
revision,receive,2009,ACAD,SocialWork,". Washington, DC: Author. Original manuscript received April 3, 2007 Final revision received July 1, 2000 Accepted August 8, 2008 By Kim W. Boland-Prom Kim"
revision,receive,2009,ACAD,SocialWork,"benchmarks reports. Pittsburgh: Author. Original manuscript received May 16, 2007 Final revision received February 14, 2008 Accepted August 8, 2008 By Hide Yamatani; Rafael"
revision,receive,2009,ACAD,SocialWork,"Sa Review, 19(2), 33-48. Original manuscript received April 30, 2007 Final revision received December 18, 2008 Accepted February 3, 2009 By David R. Hodge;"
revision,receive,2009,ACAD,SocialWork,"s Studies, 13(3), 193-209. Original manuscript received April 30, 2007 Final revision received January 26, 2009 Accepted February 3, 2009 By Yvonne M. Johnson and"
revision,receive,2009,ACAD,SocialWork,"Department of Health and Human Services. Original manuscript received May 3, 2007 Final revision received January 29, 2009 Accepted February 3, 2009 By Mary S. Ttjerina Mary"
revision,receive,2009,ACAD,SocialWork,"Social Work, 13, 122-125. Original manuscript received May 2, 2007 Final revision received January 23, 2009 Accepted February 3, 2009 By Dorie J. Gilbert;"
revision,receive,2009,ACAD,SocialWork,", DC: U.S. Government Printing Office. Original manuscript received May 3. 2007 Final revision received January 22, 2009 Accepted February 11, 2009 By Colette V. Browne;"
revision,receive,2009,ACAD,SocialWork,"Public Health, 92, 660-665. Original manuscript received May 17, 2007 Final revision received January 26, 2009 Accepted February 3, 2009 By Tricia B. Bent-Goodley Tricia"
revision,receive,2008,ACAD,HealthSocialW,"Depressive Illness among Low-Income, Older Latinos Original manuscript received January 4, 2006 Final revision received March 22, 2007 Accepted June 19, 2007REFERENCES"
revision,receive,2008,ACAD,HealthSocialW,"selected for inclusion in the study. Original manuscript received October 19, 2006 Final revision received March 28, 2007 Accepted July 31, 2007REFERENCES"
revision,receive,2008,ACAD,HealthSocialW,"work -.016.007 -.160 -2.42.017 -.204 Original manuscript received July 18, 2006 Final revision received March 27, 2007 Accepted August 9, 2007REFERENCES"
revision,receive,2008,ACAD,HealthSocialW,"Falls on Mean Number of Behaviors Avoided Original manuscript received October 18, 2006 Final revision received April 10, 2007 Accepted August 9, 2007REFERENCES"
revision,receive,2008,ACAD,HealthSocialW,"and Consequences Models with Standardized Parameter Estimates Original manuscript received January 3, 2006 Final revision received June 11, 2007 Accepted July 9, 2007REFERENCES"
revision,receive,2008,ACAD,HealthSocialW,"to 27 because of missing data. Original manuscript received August 4, 2004 Final revision received March 21, 2005 Accepted April 26, 2006REFERENCES"
revision,receive,2008,ACAD,HealthSocialW,"(***) p <.001. Original manuscript received May 25, 2006 Final revision received April 18, 2007 Accepted July 30, 2007REFERENCES"
revision,receive,2008,ACAD,HealthSocialW,", 16, 534-539. # Original manuscript received March 2, 2007 # Final revision received October 12, 2007 # Accepted March 27, 2008 # By Sean Joe"
revision,receive,2008,ACAD,HealthSocialW,": Kluwer Academic/Plenum Publishers. # Original manuscript received February 9, 2007 # Final revision received November 6, 2007 # Accepted June 6, 2008 # By J. Camille"
revision,receive,2008,ACAD,HealthSocialW,", 27(3), 244-251. # Original manuscript received January 25, 2007 # Final revision received June 2, 2008 # Accepted July 15, 2008 # By Karla T."
revision,receive,2008,ACAD,HealthSocialW,", University of California. # Original manuscript received November 28, 2006 # Final revision received June 3, 2008 # Accepted June 27, 2008 # By Daniel Fu"
revision,receive,2008,ACAD,HealthSocialW,", 16, 335-342. # Original manuscript received September 7, 2006 # Final revision received January 9, 2008 # Accepted January 16, 2008 # By Orly Olshtain-Mann"
revision,receive,2007,ACAD,SocialWork,"for making this research possible. # Original manuscript received March 4, 2005 Final revision received October 7, 2005 Accepted May 7, 2006 Table 1: Descriptive Statistics"
revision,receive,2007,ACAD,SocialWork,"Cooperative Agreement No. U87/CCU220155-3-0. # Original manuscript received August 19, 2004 Final revision received September 13, 2005 Accepted April 18, 2006 #"
revision,receive,2007,ACAD,SocialWork,"many people with mental illness. # Original manuscript received June 8, 2004 Final revision received July 10, 2005 Accepted October 25, 2005 # DIAGRAM: Figure 1"
revision,receive,2007,ACAD,SocialWork,"may be viewed at www.u-46.org/sehs/spp. # Original manuscript received January 5, 2005 Final revision received November 14, 2005 Accepted January 19, 2006 Table 1: SEHS Survey"
revision,receive,2007,ACAD,SocialWork,"will benefit from such examination. # Original manuscript received August 5, 2005 Final revision received May 5, 2006 Accepted July 6, 2006 Table 1: Respondent Demographics"
revision,receive,2007,ACAD,SocialWork,"Roper for their valuable comments. # Original manuscript received June 1, 2004 Final revision received January 25, 2005 Accepted June 1, 2005 Table 1: Support for"
revision,receive,2007,ACAD,SocialWork,"vulnerable populations in medical research. # Original manuscript received August 22, 2005 Final revision received April 27, 2006 Accepted June 15, 21110 Drunk on too much data"
revision,receive,2007,ACAD,SocialWork,"forms of gender oppression. # Original manuscript received March 13, 2006 # Final revision received September 8, 2006 # Accepted October 16, 2006 #"
revision,receive,2007,ACAD,SocialWork,"institutions, and environments. # Original manuscript received December 20, 2004 # Final revision received September 18, 2006 # Accepted December 22, 2006 # The author would"
revision,receive,2007,ACAD,SocialWork,"this vulnerable aging population. # Original manuscript received March 23, 2006 # Final revision received August 30, 2006 # Accepted November 17, 2006 # Table 1:"
revision,receive,2007,ACAD,SocialWork,"as well as adults. # Original manuscript received July 6, 2005 # Final revision received July 26, 2006 # Accepted August 22, 2006 #"
revision,receive,2006,ACAD,HealthSocialW,"to Richard M. Allman. # Original manuscript received January 4, 2006 # Final revision received February 22, 2006 # Accepted July 26, 2006 Table 1: Percentage"
revision,receive,2006,ACAD,HealthSocialW,"worry among the oldest-old. # Original manuscript received January 3, 2006 # Final revision received July 17, 2006 # Accepted July 20, 2006 Table 1: Frequency"
revision,receive,2006,ACAD,HealthSocialW,", 2005, New York. # Original manuscript received October 5. 2005 # Final revision received June 23, 2006 # Accepted July 26, 2006 Table 1: Summary"
revision,receive,2006,ACAD,HealthSocialW,"Work Faculty Scholars Program. # Original manuscript received September 8, 2005 # Final revision received March 13, 2006 # Accepted July 20, 2006 Table 1: Univariate"
revision,receive,2006,ACAD,HealthSocialW,"in process and outcome variables. # Original manuscript received April 20, 2004 Final revision received September 27, 2004 Accepted November 22, 2004 Table 1: Characteristics of"
revision,receive,2006,ACAD,HealthSocialW,"and biases about treatment issues. # Original manuscript received August 6, 2003 Final revision received May 11, 2004 Accepted August 25, 2004 Table 1: Characteristics of"
revision,receive,2006,ACAD,HealthSocialW,"learn about their native country. # Original manuscript received April 30, 2003 Final revision received June 1, 2004 Accepted November 22, 2004 Table 1: Characteristics of"
revision,receive,2006,ACAD,HealthSocialW,"and collectively adjust and cope. # Original manuscript received October 29, 2003 Final revision received June 10, 2004 Accepted January 7, 2005 #"
revision,receive,2006,ACAD,HealthSocialW,"the presence of these features. # Original manuscript received December 9, 2002 Final revision received July 29, 2003 Accepted September 8, 2003 #"
revision,receive,2006,ACAD,HealthSocialW,"programs (CEU programs). # Original manuscript received January 2, 2003 Final revision received September 10, 2003 Accepted October 28, 2003 #"
revision,receive,2006,ACAD,HealthSocialW,"2003, Washington, DC. # Original manuscript received November 4, 2002 Final revision received August 14, 2003 Accepted September 8, 2003 Table 1: Coverage Patterns"
revision,receive,2006,ACAD,SocialWork,"social workers in the 21st century. Original manuscript received July 27, 2004 Final revision received September 13, 2005 Accepted January 19, 2006 c 2006 National Association of"
revision,receive,2006,ACAD,SocialWork,"lead to social justice and change. Original manuscript received July 15, 2005 Final revision received January 3, 2006 Accepted April 27, 2006 Table 1: Not-for-Profit or"
revision,receive,2006,ACAD,SocialWork,"for Children and Families **25;2186;TOOLONG). Original manuscript received October 28, 2004 Final revision received March 18, 2005 Accepted August 15, 2005 c 2006 National Association of"
revision,receive,2006,ACAD,SocialWork,"February 18, 2006, Chicago. Original manuscript received January 24, 2005 Final revision received March 27, 2006 Accepted April 18, 2006 c 2006 National Association of"
revision,receive,2006,ACAD,SocialWork,"aggravating and mitigating circumstances. # Original manuscript received September 9, 2002 # Final revision received July 29, 2004 # Accepted August 15, 2005 # c 2006 National"
revision,receive,2006,ACAD,SocialWork,"90 percent of orphaned children. # Original manuscript received January 27, 2004 Final revision received May 9, 2005 Accepted August 15, 2005 Table 1: Domestic and"
revision,receive,2006,ACAD,SocialWork,"underlying problem is parental inadequacy. # Original manuscript received April 18, 2004 Final revision received June 2, 2005 Accepted August 15, 2005 Table 1: Social Workers"
revision,receive,2006,ACAD,SocialWork,"their families' financial well-being. # Original manuscript received August 6., 2004 Final revision received February 4, 2005 Accepted August 15, 2005 Table 1: Type of"
revision,receive,2006,ACAD,SocialWork,"U.S. Department of Education. # Original manuscript received August 3, 2004 # Final revision received May 8, 2005 # Accepted August 15, 2005 Table 1: Ethnicity"
revision,receive,2006,ACAD,SocialWork,"to the collaborating organizations. # Original manuscript received January 8, 2004 # Final revision received March 25, 2005 # Accepted June 1, 2005 Table 1: Descriptive"
revision,receive,2006,ACAD,SocialWork,"time, the director. # Original manuscript received March 19, 2004 # Final revision received March 18, 2005 Accepted June 1, 2005 Table 1: Demographic Characteristics"
revision,receive,2006,ACAD,SocialWork,"meet and be tested. # Original manuscript received April 13, 2004 # Final revisions received November 30, 2004 # Accepted June 1, 2005 #"
revision,receive,2005,ACAD,HealthSocialW,"article to Dr. Lisa Sparks. # Original manuscript received October 24, 2002 Final revision received June 3, 2003 Accepted July 14, 2003 Table 1: Managing Humor"
revision,receive,2003,ACAD,HealthSocialW,"and families under stress. # Original manuscript received March 7, 2002 # Final revision received June 20, 2002 # Accepted December 23, 2002 Table 1. Husbands"
revision,receive,2003,ACAD,HealthSocialW,"May 2000, Chicago. # Original manuscript received November 3, 2000 # Final revision received February 19, 2002 # Accepted May 21, 2002 Table 1. Demographics"
revision,receive,2003,ACAD,HealthSocialW,"article is greatly appreciated. # Original manuscript received January 22, 2001 # Final revision received December 10, 2001 # Accepted January 23, 2002 Table 1. Factors"
revision,receive,2003,ACAD,HealthSocialW,"best information we have. # Original manuscript received March 19, 2001 # Final revision received April 29, 2002 # Accepted August 22, 2002 # The authors gratefully"
revision,receive,2003,ACAD,HealthSocialW,"s Gerontological Health Section. # Original manuscript received March 7, 2000 # Final revision received January 8, 2001 # Accepted October 10, 2001 #"
revision,receive,2003,ACAD,HealthSocialW,"in early detection strategies. # Original manuscript received January 25, 2001 # Final revision received March 5, 2002 # Accepted April 29, 2002 # This manuscript was"
revision,receive,2003,ACAD,HealthSocialW,"long-term contact with families. # Original manuscript received December 13, 2000 # Final revision received May 25, 2001 # Accepted August 7, 2001 #"
revision,receive,2003,ACAD,HealthSocialW,"voices for advice and advocacy. # Original manuscript received December 16, 2000 Final revision received May 21,2001 Accepted October 15, 2001 # The authors are grateful to the"
revision,receive,2003,ACAD,HealthSocialW,"to play in this process. # Original manuscript received October 25, 2000 Final revision received October 16, 2001 Accepted November 15, 2001 #"
revision,receive,2003,ACAD,HealthSocialW,"health promotion programs over time. # Original manuscript received November 28, 2000 Final revision received December 4, 2001 Accepted January 23, 2002 #"
revision,receive,2003,ACAD,HealthSocialW,"effectiveness as discharge planners. HSW # Original manuscript received December 14, 1999 Final revision received November 2, 2000 Accepted December 18, 2000 Table 1. Median Annual"
revision,receive,2003,ACAD,HealthSocialW,"for their support and assistance. # Original manuscript received February 21, 2001 Final revision received November 12, 2001 Accepted January 10, 2002 Table 1. Comparing Time"
revision,receive,2003,ACAD,HealthSocialW,"43210; e-mail: early.22osu.edu. # Original manuscript received February 5, 2001 Final revision received July 6, 2001 Accepted January 15, 2002 # The authors thank Dawn"
revision,receive,2003,ACAD,HealthSocialW,"Indiana Division of Mental Health. # Original manuscript received February 2, 2001 Final revision received July 12, 2001 Accepted August 30, 2001 Table 1. Characteristics of"
transformation,take,2018,FIC,Ploughshares,"the mechanism of pop music possibility. To show his allegiance to the Pop Culture Transformation taking place, he vowed to kill his first love -- not his wife,"
transformation,take,2018,NEWS,Colorado Springs Gazette,"glances at the bright red, lifted hearse in the driveway or the coffin-to-coffee table transformation taking place on his front lawn. # "" Halloween, "" he says,"
transformation,take,2017,MAG,Mother Jones,"of births right now are actually to non-white people. So there is a dramatic transformation taking place. "" # As to the white homeland, he said, """
transformation,take,2017,NEWS,cleveland.com,"as well as films, regularly hosting figures of global significance. # A total transformation took place in the early 21st century. A $350 million renovation, launched in"
transformation,take,2017,NEWS,New York Times,"inspiration -- it became delicious, beloved nachos. In Bavaria, a much darker transformation took place. Ignatius became the common name Ignatz, or in its abbreviated form"
transformation,take,2016,MAG,Slate Magazine,""" we take your research seriously. "" It went on to say that "" transformation takes time "" and partnerships with other stakeholders, such as civil society and researchers"
transformation,take,2016,NEWS,cleveland.com,"League in 1968. # When the Junior League began its renovations, the biggest transformation took place in the kitchen. Workers peeled off three layers of wallpaper, updated"
transformation,take,2016,ACAD,Journalism Mass Commu Q,"games. With the many other creative features incorporated throughout the games, sufficient expressive transformation takes place to merit First Amendment protection. (Hart v. Electronic Arts, Inc."
transformation,take,2016,ACAD,J Folklore Research,"change, yet narratives about them display varying degrees of regret. # The first transformation took place in the 1940s-50s, along with the introduction of the Soviet economic system"
transformation,take,2015,FIC,Bk:ColdFrame,"out like a child's. The matre d' froze, alarmed at the transformation taking place in this man's face. The flower man, who'd been"
transformation,take,2013,SPOK,ABC: This Week,in school and almost 40% of them are girls. So there's a huge transformation taking place. MARTHA-RADDATZ# (Voiceover) And if... JOHN KERRY (SECRETARY OF STATE)
transformation,take,2012,FIC,Bk:Forgotten,"demolition or else transformation into artificial reefs. Though laws required that the demolition or transformation take place typically within a year of abandonment, the actual time for that to"
transformation,take,2012,MAG,MHQTheQuarterly,"the U.S. Navy for three decades after World War 11, until the third great transformation took hold with the advent of the nuclear-powered submarine. # During the early decades"
transformation,take,2012,MAG,Futurist,"troubled and turbulent times. Rather, events will powerfully influence the course that the transformation takes, the shape of things to come after the turmoil. They could help"
transformation,take,2012,WEB,forbes.com,sea of inhumanity. # And that space doesn't align with the social business transformation taking place around the world. The workplace of tomorrow will need to adapt to
transformation,take,2012,WEB,edge.org,", the World Wide Web and the incredible explosion of knowledge access another level in transformation took hold. I am one of those people who used to read encyclopedias and"
transformation,take,2012,WEB,fastcompany.com,is true across the world. We could not have documented the richness of the transformation taking place at the BOP through the efforts of dedicated management teams without an unstinting
transformation,take,2012,WEB,nal.usda.gov,"zone is where water and nitrogen additions and uptake, water evaporation, and nitrogen transformations take place. Nitrogen transformations include nitrification, mineralization, uptake, volatilization, denitrification"
transformation,take,2012,WEB,sociologyindex.com,on society. This essay attempts to demonstrate conceptually and empirically how and why this transformation took place. - **40;3358;TOOLONG... # Regression Analysis of Censored Data with Applications in
transformation,take,2012,WEB,w3.org,"of the language specification, and depends entirely on the run-time environment in which the transformation takes place. # The XSLT-defined document function allows the use of URI references containing"
transformation,take,2012,WEB,w3.org,"# Requirement 19 # Could Improve Efficiency of Transformations on Large Documents # Many useful transformations take place on large documents consisting of thousands of repeating "" sub-documents "". Today"
transformation,take,2012,WEB,...linton.wordpress.com,"my seven trips since, I have had the privilege to see firsthand the rapid transformations taking place in the region, underscoring how much the future of the United States"
transformation,take,2012,WEB,barnesandnoble.com,decide that she should be their daughter because her parents have three children. Further transformations take place when the banker decides his son should marry Lena and start a family
transformation,take,2012,WEB,amazon.com,. In ELT tools (such as Oracle Data Integrator or Oracle Warehouse Builder) transformations take place on the data warehouse server(s) using the data warehouse's database engine (
transformation,take,2012,WEB,amazon.com,area on data warehouse servers). This is in contrast to traditional ETL where transformations take place on a separate server ETL server using Java or some other procedural language
transformation,take,2012,WEB,thegreatcourses.com,"of English is Proto-Germanic, and the ancestor of that is Proto-Indo-European. A curious transformation took place in the consonants of Proto-Germanic, in which Proto-Indo-European p became f;"
transformation,take,2012,WEB,archive.org,"foul, and foul is fair "". Would this be possible, would the transformation take place so easily, generally and i THE CLOSED SOCIETY 21 instantaneously, if"
transformation,take,2012,WEB,archive.org,"iron filings and causing an instantaneous readjustment of them all. Now, if the transformation takes place in various representa- tives of the same species, it may not be"
transformation,take,2012,WEB,bahai-library.com,"of "" fulfilling the law and the prophets "". When the great awakening or transformation takes place then it will be possible to realise and recognise universally the Prescnce of"
transformation,take,2012,BLOG,askflorine.com,belief immediately after you seriously commit to better food choices and exercise. And the transformation takes on a life of its own from there. # People always say that
transformation,take,2012,BLOG,...ian.worldconcern.org,Sudan with World Concern to see the great need in this country and witness the transformation taking place with the help of her supporters. # It is a simple memory
transformation,take,2012,BLOG,knightarts.org,". New audiences are tremendously important to this company's future, and with the transformation taking place around us right now, the Michigan Opera Theatre sees a great deal"
transformation,take,2012,BLOG,gothamschools.org,"return to the site for the first time in 10 years. # "" The transformation taking place at the World Trade Center site is a powerful reminder of our city"
transformation,take,2012,BLOG,mfctoday.org,"one to live in front of them. We all want to see a great transformation take place in our families, but we don't want to be the one"
transformation,take,2012,BLOG,...egospelcoalition.org,"dislikes to one about what's right and what's wrong. # Until that transformation takes place, do"
transformation,take,2012,BLOG,tremcogreenhq.com,"required) # Website  About the Project # Building Green on Green details the transformation taking place at Tremco Incorporated. The company's headquarters, located on Green Road"
transformation,take,2012,BLOG,patheos.com,"was raised solidly in the anti-abortion movement, I am today solidly pro-choice. My transformation took place for three main reasons: # First, I think women should be"
transformation,take,2012,BLOG,opednews.com,". But every once in awhile we "" go there. "" And an amazing transformation takes place. He becomes a Rush Limbaugh -- FOX News -- talking points regurgitator"
transformation,take,2012,BLOG,sdsmith.net,3223301  Lotame Replenishes Revenue As DMP Transformation Takes Hold # Having grown an ad network business in two years to a nearly
transformation,take,2012,BLOG,...mericafoundation.com,dies from benign neglect. Wake up! Wake up! Wake up! # Transformation takes the shape of many discrepancies; many discrepancies spell disaster. # Will your
transformation,take,2012,BLOG,travel.mypkweb.com,and became that family living on a sand dune next to the ocean. The transformation took about a week and we would all slow down to the heat and the
transformation,take,2012,BLOG,personalliberty.com,rich will leave the USA permanently and go live in their other locations while this transformation takes place. THIS is the plan they have put together to then use as
transformation,take,2011,MAG,USCatholic,"always mattered to the church, "" he insists, "" is that a real transformation takes place... There is something new there that was not before. "" Sidebar"
transformation,take,2011,ACAD,ForeignAffairs,"costs of the mismatch between existing laws and changing times become clear. One such transformation took place in the 1970s, when the Additional Protocols to the Geneva Conventions were"
transformation,take,2011,ACAD,ABAJournal,"# The Obama administration is in the middle. "" The fact that the relevant transformation takes place within the human body does not cast doubt on the patent eligibility of"
transformation,take,2011,ACAD,Communications,"makes OCaml such an effective tool is to start by explaining how and why that transformation took place. To understand that, you first need to understand something about what"
transformation,take,2011,ACAD,MiddleEastQ,"concerned about Egypt's past can only sit back and watch as a genuinely Egyptian transformation takes place, one in which the relationship of past and present will inevitably be"
transformation,take,2011,MOV,The Letter Writer,"exponential growth... Maggy. - Maggy! - Maggy. Maggy. Imagine two transformations take place at the same point, a translation and a reflection... Your daughter"
transformation,take,2011,TV,In Plain Sight,", they're planted deep in the ground with you, which is why true transformation takes more than hot coals and drum circles, wandering the woods for a sign"
transformation,take,2010,SPOK,CNN_Showbiz,revealed that she is addicted to plastic surgery. And get this - the latest transformation took 10 plastic surgery procedures all in one day. SHOWBIZ TONIGHT can tell you
transformation,take,2010,MAG,AmSpect,Harlem period. The book's new material suggests that a major personal and spiritual transformation took place as a resuJt of his attendance at the Abyssinian church. Without that
transformation,take,2010,MAG,USCatholic,are focused on one goal: to pretend my character into being. A similar transformation takes place in the soul of every Christian. Jesus teaches that we must die
transformation,take,2010,NEWS,NYTimes,"political influence by those that represent large numbers of government workers.) # Since this transformation took place, a succession of liberal politicians -- Jesse Jackson, Jerry Brown,"
transformation,take,2010,ACAD,BlackScholar,", this essay constitutes a counternarrative that highlights the academic, social, and cultural transformations taking place with our students and in our communities. # Overview I BEGIN with"
transformation,take,2010,MOV,Inside the Milky Way,"and hotter....... until finally, at 18 million degrees, a miraculous transformation takes place. Hydrogen atoms fuse together to form helium - - and with a"
transformation,take,2009,ACAD,TeachLibrar,"and made their way to their classrooms at the end of the hall. A transformation took place and when the students emerged on the opposite end of the hall,"
transformation,take,2008,MAG,SouthernLiv,"and smart choices paved the way for a beautiful makeover. Here's how the transformation took place. By Julia Hamilton // After 14 years of daily breakfasts, nightly"
transformation,take,2008,ACAD,AmerIndianQ,time when doors remained open can be seen as a meaningful reaction to the dramatic transformations taking place around them. It can also be seen as a way of mourning
transformation,take,2007,MOV,Sex Trek: Charly XXX,more material than the nerves could hold by themselves. It could be that this transformation takes place during sleep... and is indeed one of the purposes and needs for
transformation,take,2006,ACAD,GeographRev,"known, and the difference between them might well have significant implications when dramatic economic transformations take place. In the myriad possible social indicators that an innovative and inexhaustible researcher"
transformation,take,2005,SPOK,CNN_Insight,"traveled to North Korea 14 times, and on his last trip he saw this transformation taking place. (BEGIN VIDEOTAPE) MIKE CHINOY, CNN SR. ASIA CORRESPONDENT"
transformation,take,2005,ACAD,GeographRev,"was being massively upgraded and made attractive for the fiercely competitive global market, similar transformations took shape in other economic sectors, as the Egyptian government started to sell off"
transformation,take,2005,ACAD,ArtBulletin,"or scourging; and/or/ finally the host is thrown into boiling water; # a transformation takes place; either the water turns red or completely to blood, and/or/finally the"
transformation,take,2005,ACAD,FeministStud,") for the league, especially in ideological-political work. (n71) The more significant transformation took place in the location of activism. The organization was to dissolve its workplace"
transformation,take,2004,NEWS,SanFranChron,"law professor at the University of Chicago School of Law, believes that a cultural transformation took place during the New Deal that altered our perception of legal rights and our"
transformation,take,2003,FIC,FantasySciFi,"lifted her hand. The silver horn fell from the king's hand as a transformation took place. The king became stone, a royal statue gazing over the kingdom"
transformation,take,2003,MAG,TotalHealth,"and that their self-esteem has been restored. Amazingly, we have seen these 5-HTP transformations take place before our very eyes in as little as 10 minutes. We have"
transformation,take,2003,MAG,Prevention,", AL, who also happens to look great in a swimsuit. But her transformation took time. Only after escaping her toxic relationship and learning to accept herself as"
transformation,take,2003,ACAD,Symposium,"to language. (n44) According to Michel Foucault, a major "" epistemic "" transformation took place in Western culture at the turn of the nineteenth century affecting the role"
transformation,take,2003,MOV,The Wild Parrots of Telegraph Hill,"side of him. He'll withdraw into his nest, and this sort of transformation takes place. And then it's like the evil twin is taking over."
transformation,take,2002,FIC,Analog,", and joy. And in Weldon's own face, I could see another transformation taking place. Slowly, almost reluctantly, his quiet bitterness and rejection of life"
transformation,take,2002,NEWS,Houston,"not. # Across the area, people are pleased by and wary of the transformation taking place in their neighborhoods. # Trim suburban homes are giving way to vacant"
transformation,take,2001,SPOK,Fox_Sunday,"immigration in the country since the turn of the last century. Just an incredible transformation taking place in this country today, Tony. SNOW: One of the reasons"
transformation,take,2001,SPOK,Fox_Cavuto,"over the years, you know, for our industry, theres a huge technology transformation taking place, which will require more equipment, and you know, long term"
transformation,take,2001,SPOK,CNN_SatMorn,"us up to date on how that happened and what transpired, what kind of transformation took place in this man? AVAKIAN: Well, he was raised in an"
transformation,take,2001,ACAD,AmerEthnicHis,"support. 4 # As the struggle for votes and power went on, a curious transformation took place. After 1900 New Mexico's "" Mexicans "" and mexicanos took on"
transformation,take,2000,MAG,America,"balance. And in that environment, some real miracles of healing, conversion and transformation took place. What we could not do as a therapeutic staff, however,"
transformation,take,2000,ACAD,Symposium,"character or the "" events "" experienced are worked out in the narrative as metaphorical transformations taking place on this "" model, "" and are determined by the potential the"
transformation,take,1999,FIC,Bk:PastLives,he had attended. Of Tsering as he had been before the research and the transformation took place. Of the process itself all they saw was Tsering sitting in a
transformation,take,1999,MAG,Futurist,"inexpensive computers. This specialized niche filled by Real Education is part of the larger transformation taking place. Of course, others will resist. Arthur Steinert, analyst for"
transformation,take,1999,ACAD,AmerIndianQ,"had been profoundly altered. Below we will trace the specific processes by which this transformation took place and elucidate the lived experiences of indigenous women, both elites and commoners"
transformation,take,1998,ACAD,Raritan,to read rather than see A Midsummer Night's Dream because the play's magical transformations take on an appearance too palpably gross when enacted on stage. But the clumsiness
transformation,take,1997,MAG,PopScience,"they can perform both the male and female functions, scientists theorize. But such transformations take time. "" I doubt enough plants could switch to self-fertilization quickly enough to"
transformation,take,1997,MAG,CountryLiving,", gardens, flowers, and a certain purpose in being alive. But the transformation took place so gradually that it became part of the pattern without causing any astonishment"
transformation,take,1997,MAG,USAToday,"1930s and 1940s, prompting them to articulate in visual form the political and social transformations taking place around them. Peter Saul and Bernard Perlin, like Walter Quirt and"
transformation,take,1997,MAG,PsychToday,"to problems, whereas 30 years ago the solution was charm? How did that transformation take place? PT: You wrote Should You Leave? in the second-person,"
transformation,take,1997,MAG,RollingStone,"followed by a 12-year program of social, mental and hormonal conditioning to make the transformation take hold in his psyche. The case was reported as an unqualified success,"
transformation,take,1997,MAG,RollingStone,"and with sleekly brushed-back hair, Dr. Money was speaking about the wonders of gender transformation taking place at the Johns Hopkins medical center, where he was a medical psychologist"
transformation,take,1997,ACAD,October,"the lack of any possible autonomous or semi-autonomous space of critical distanciation, the subjective transformation takes place on the level of perception rather than cognition. 69 Pace Adorno, Cagean"
transformation,take,1997,ACAD,AfricanArts,"a role in the Primitivist-Modernist revolution? How are we to explain that this artistic transformation took place at the zenith of imperialism, when social Darwinism was the prevailing ideology"
transformation,take,1996,MAG,SportingNews,"you get in a determined mood that simulates your psyche on game day.... A transformation takes place.... You notice when I get jacked up, my voice changes"
transformation,take,1996,ACAD,IntlAffairs,been able to attain some measure of stable economic development. The economic and social transformation taking place in the Far East signals far greater development than that found in the
transformation,take,1996,ACAD,CanadaLaw,"# As you put more responsibility onto individuals, this is one aspect of the transformation taking place. Other aspects relate to the delivery of these active measures. I"
transformation,take,1996,ACAD,AfricanArts,claim to represent us in any way unless they become organic to the broader political transformation taking place in the country. We must move away from useless symbolic acts of
transformation,take,1995,SPOK,CBS_Morning,many of them didn't even recognize their own kids. It's such a transformation taking place. Brig-Gen-BYRUM: It is. It is. ZAHN: What i --
transformation,take,1995,ACAD,WorldAffairs,"political, economic, and social conditions complicates efforts to win citizen support for the transformations taking place in Poland. Yet parliamentary democracy must be based on wide participation in"
transformation,take,1994,MAG,Prevention,", "" says Dr. Dworkin. "" That's normal and healthy. A healing transformation takes place internally through that repetition. "" THE HEALING POWER OF NATURE # Sometimes"
transformation,take,1994,ACAD,AmerEthnicHis,rituals. # The cultural changes in the school are closely connected with the social transformation taking place in the environment. Polish families moving out to the wealthier suburban areas
transformation,take,1994,TV,Star Trek: The Next ...,"is it? These kittens were born less than 24 hours ago. Spot's transformation took place at approximately the same time. So, Spot was giving birth to"
transformation,take,1993,ACAD,ArabStudies,"contributed to both change and continuity within the Palestinian legal culture. The sui generis transformations taking place are built upon selected elements of pre-existing legal institutions, rules, and"
transformation,take,1993,SPOK,PBS_Newshour,certainly didn't during the period of time that I was there dealing with the transformations taking place in the former Soviet Union. And I don't think we've
transformation,take,1993,NEWS,CSMonitor,"myths, these writers argue, has gotten in the way of anticipating the profound transformations taking place, hampering our ability to respond effectively. # None of these books"
transformation,take,1992,FIC,BkSF:Meri,"trailing, hair streaming, leaving him alone atop the hill. p81 Chapter 5 Transformation takes place in one's mind. Therefore the mind must be kept pure,"
transformation,take,1992,FIC,Bk:RedSquare,"conscious areas of his mind. As the vendor leaned over her cart, a transformation took place. In the middle of her face appeared what was left of a"
transformation,take,1992,ACAD,PublicInterest,"with Dante creating a European literature. # Two hundred years later, the next transformation took place. It happened in the sixty years between Gutenherg's invention of printing"
transformation,take,1992,ACAD,Symposium,"with a special heel to create his limp. # In theatricalist fashion, this transformation takes place in full view of the audience, and the visible use of a"
transformation,take,1991,ACAD,SocialResrch,the particularism of grace within the Christian tradition. # (b) A major transformation took place in the organizational frameworks within which grace in its millennial form was institutionalized
transformation,take,1990,SPOK,ABC_20/20,"off all drugs and freed of the fog that had blurred his mind, a transformation took place. A whole new Joe began to emerge. He took up the"
transformation,take,1990,NEWS,NYTimes,"two bounces and a kick. "" # Understandably, Mikan is flabbergasted by the transformations taking place at his position, with centers becoming involved in every facet of the"
transformation,take,1990,ACAD,SocialResrch,"raised, or rendered more acute, by the revolutions of 1989 and the current transformations taking place in the Soviet Union, and by the collapse of communism and anticommunism"
transformation,take,1990,ACAD,Symposium,"educators who have come from the outside to help the Aguarunas), the following transformation takes place: Pero no vendrian mas, senores, y Julio Reategui llena los"
change,get,2019,FIC,Analog,"line. It isn't. Change is a curve with an ever-steepening slope. Change gets faster as it gets faster. "" # I sucked at math and did"
change,get,2019,MAG,Gizmodo,"whether they agree with the sentiment that "" people who don't believe in climate change get what they deserve "" when natural disasters strike. # Of the 54 percent"
change,get,2018,ACAD,Studies in the Novel,". 5 July 2017. # Solnit, Rebecca. “ Why Doesn ’ t Climate Change Get the Attention It Deserves? ” Mother Jones. 10 July 2013. Web"
change,get,2015,NEWS,Austin (1),", one involving neighbors encouraging each other to be more conservation minded. That change gets at Texas' next big water issue: how residents will respond as their"
change,get,2014,MAG,Newsweek,"scientists. If we can'tor won'tcurb our use of polluting energy systems, and climate change gets so bad that it threatens human life on Earth, are there ways we"
change,get,2014,NEWS,Austin,"at the Paramount Theatre. It's a pricey ticket, but a Franklin and change gets you in to hear the only guy who can say he's sung with"
change,get,2013,MAG,Futurist,". # They say that gas could reach $20 a gallon by 2025 if climate change gets worse. But we can only afford one car, so we need the"
change,get,2012,WEB,samjshah.com,# We're getting our interval smaller and smaller and seeing the average rate of change get closer to some value. This value it is getting closer and closer to
change,get,2012,WEB,fluentself.com,"I am going to repeat my recommendation for emergency calming the hell down, before changes get made. Also, this was how I got to peacefulness this week,"
change,get,2012,WEB,branch.com,"your risk-averse or not? Change means taking a risk. Often the discussion about change gets more resistance than the change itself. Once you experience it, you adapt"
change,get,2012,WEB,espn.go.com,Unfortunately I'm not going to make it (long enough) for when these changes get in. You want me to play until I'm 40 years old?
change,get,2012,WEB,wattsupwiththat.com,good connectivity (you dropped that word) is there at the moment hence small changes get through well. You would need to study this a lot to get an
change,get,2012,WEB,glennbeck.com (1),"In his book, he said (paraphrasing) that if the winds of change got ugly, that he would side with the Muslims. # With all the"
change,get,2012,WEB,tvtropes.org,". Thief remarks on how that "" worked out okay. "" Cue his class change getting stolen by his past self. # Thief: Well. I deserve this"
change,get,2012,WEB,ottopress.com,"bit is the option called "" transport "". # Transport defines how your setting change gets from the place where you changed it into the preview pane. The default"
change,get,2012,WEB,bible.cc,"not express the deeper truth of the case, which is, that the visible change gets its real character and meaning from that which is essential in our Lord -"
change,get,2012,WEB,office.microsoft.com,"is editing the presentation and where in the document they are working, and their changes get merged into your presentation. # Earlier versions of PowerPoint do not support co-authoring"
change,get,2012,WEB,dailyfinance.com,disabled Amer. royally; so what. Out of sight out of mind. No Change got Bush &; Obama re-elected. Changed got Obama elected. People/Veterans/Country looses. Be
change,get,2012,WEB,phys.org (1),"? s the poll numbers showing that even as scientific projections of global climate change get ever more certain, public perceptions about climate change are getting ever more skeptical"
change,get,2012,BLOG,wattsupwiththat.com,by scientists' about what they thought was a disproportionate number of people denying climate change getting on our airwaves and being part of a balanced discussion -- because they believe
change,get,2012,BLOG,themefuse.com,"you might have to update things manually from time to time, whenever some major changes get introduced in WordPress. # When it comes to the design, and the"
change,get,2012,BLOG,redstate.com,"people in the establishment branch who are pushing these changes, jamesm. If these changes get locked into place, then any "" family discussions "" later basically become a"
change,get,2012,BLOG,psychologytoday.com,"Ostrich Effect.  See All Stories In  Find Local: # So real change gets messy. With the best of intentions, we make mistakes, falling into"
change,get,2012,BLOG,worrydream.com,over the course of the loop? Linearly up? Linearly down? Does the change get faster or slower? # Wait. Wait a minute. Were you trying
change,get,2012,BLOG,...teveko.wordpress.com,"groups working on a clearly limited area of the kernel, who rebase once their changes get accepted. # Now imagine this as a writing group (I am a"
change,get,2012,BLOG,...teveko.wordpress.com,"groups working on a clearly limited area of the kernel, who rebase once their changes get accepted. Now imagine this as a writing group (I am a hobby"
change,get,2010,MAG,OutdoorLife,"have teal packed up and flying south by dawn. Any hint of a weather change gets these birds moving, so set your DVR to the meteorologist and be ready"
change,get,2010,NEWS,CSMonitor,"to avoid competing with NBC Olympics coverage), but that is not the only change getting attention this awards season. # "" This year's list of nominees for"
change,get,2010,NEWS,SanFranChron,"program got better, and people in the control group who made moderate or no changes got worse, "" said Ornish, who is a physician consultant to former President"
change,get,2008,MAG,FieldStream,", and I luck into a blue runner (No. 7). Yet another change gets me a smashing hit from a barracuda, but I can't stick the"
change,get,2007,ACAD,Bioscience,"take control of Congress: New leadership for science and environment committees # -- Climate change gets a "" Stern "" report # -- Applications for 2007 AIBS Emerging Public Policy"
change,get,2006,MAG,Bicycling,": $400 CONTACT: 800/328-8488; pearlizumi.com SPECIALIZED SPORT ROAD If you blew all your change getting as much bike as you could afford, this three-strap, leather-upper shoe with"
change,get,2006,MAG,Prevention,"partner, kids, guests, mad neighbors.. Or pay for a sex change Got a stately male tree that's just too allergenic to keep? You do"
change,get,2005,SPOK,CNN_Turn,"move your margin as a company by three points. One item, one price change gets you three whole points on the bottom line VELSHI Market research isn't necessarily"
change,get,2003,MOV,Radio,the time. I know something's got ta happen here. I know some changes got ta be made. And I know I can't let what happened last
change,get,2002,MAG,Fortune,"the problem and fed their solution back to Short or de Havilland. When the change got to them, they couldn't work with it because it called for different"
change,get,2001,SPOK,NPR_FreshAir,"s going on, and what actually works a lot better is to see which changes get a lot of people excited and which changes make people want to use particular"
change,get,1998,MAG,TechReview,"that while it's relatively easy to get top people to sign on, effecting changes gets harder as responsibility for implementation is delegated down, since each stop along the"
change,get,1997,SPOK,CNN_Crossfire,"of this system, we want an alternative, let's have, for a change get outside the beltway. I know we all love to deal within the Beltway."
change,get,1996,TV,Sliders,"going to kick off this gig with "" Cry Like a Man, "" - changes got to take place. - Yeah, changes. You plan on crying like"
change,get,1995,NEWS,WashPost,"# "" It really felt good to take my little girl shopping and for a change get her more than just the necessities, "" said Gates, who recently traded"
change,get,1994,MOV,The Favor,"that there is a point of crisis in stable systems of magnetic fields where small changes get magnified, and then all of a sudden everything goes amok. I do"
change,get,1993,MOV,Fear of a Black Hat,I chart the stats cold-kick the hats Make the black grow strong! Make the change got ta cover my braids I deal the pain to those who keep me in
change,receive,2018,NEWS,cleveland.com,"is because of the huge enthusiasm for the tax changes among Republicans. # The change received a thumbs up from 76 percent of Republicans, 36 percent of independents and"
change,receive,2013,ACAD,JournalSchoolHealth,"3 physical activity and top 3 nutrition changes. 7. Based on the environment/policy changes receiving the most votes, task force chooses to implement 2-3 nutrition and 2-3 activity"
change,receive,2012,WEB,e360.yale.edu,TOOLS  RELATED ARTICLES # Will President Obama Seize Moment on Climate Change? Climate change received scant attention in the election campaign. But with public concern about global warming
change,receive,2012,WEB,e360.yale.edu (1),# Will President Obama Seize Moment on Climate Change? by william becker Climate change received scant attention in the election campaign. But with public concern about global warming
change,receive,2012,WEB,achancetochange.org,"education, prevention, and aftercare programs were developed. # 1983 A Chance to Change received an award from the US Department of Health and Human Services for providing an"
change,receive,2012,WEB,...mateshiftproject.org,"In addition, across months, how much news attention did the issue of climate change receive? Within this coverage, how much attention did Climategate receive? # The"
change,receive,2012,BLOG,e360.yale.edu,Opinion # Will President Obama Seize Moment on Climate Change? by william becker Climate change received scant attention in the election campaign. But with public concern about global warming
change,receive,2006,ACAD,PhysicalEduc,"swimming, triathlon) from which students choose to fulfill their graduation requirement. This change received more positive response from students and faculty than any prior modifications made in the"
change,receive,2001,NEWS,AssocPress,"overhaul of newspaper circulation rules was also approved in March. # The magazine rule changes received final approval July 14, with only minor revisions, at a meeting of"
change,receive,1999,ACAD,CanadaLaw,"costs money, and it is vital that the U.S. and Canadian innovators of such change receive proper recompense from users to support the continuance of research and support of innovation"
change,receive,1999,ACAD,InstrPsych,"of change would be addressed in an organized and thoughtful manner. Areas of predicted change receiving the greatest responses included: populations served by the profession, use of technology"
change,receive,1997,MAG,AmHeritage,"the Depression, even casual get-togethers moved from public establishments to private houses. The change received the imprimatur of respectability from the President himself. After Repeal, FDR --"
change,receive,1996,ACAD,Church&State,"of Bantu Education "" with the "" Department of Education and Training. "" These changes received a tepid response from industrialists and an outright rejection by black South Africans."
change,receive,1992,ACAD,RehabResrch,"these and other problems. The Version 1.11 controller upgrade PROMs and associated circuit wiring changes received in July 1989, enabled socket contours with radial perturbations of up to +/-"
change,receive,1990,ACAD,CommCollegeR,"of the three sections. This contained the comments, response ratings, and editorial changes received from the panel of judges in Round One and a listing of new competencies"
modification,take,2016,NEWS,New York Post,"models of the swagged-out tricycle retail online for $21,499 and up -- before Yo's modifications took the total price tag up to a whopping $68,000. # Alex Vega,"
modification,take,2014,ACAD,EducTreatmenChildren,teachers and the researchers modified the Kindergarten classroom for Transition 1 (Tl). Modifications took place on a Friday afternoon while? o students were present. There was
modification,take,2013,ACAD,GeographRev,# FIG. 6 -- La Esperanza-Intibuca. This new building reflects an increasingly common landscape modification taking place as people throughout the region embrace automobiles and remake landscapes with parking accomodations
modification,take,2012,WEB,...a-moxos.blogspot.com,"). Moreover, there is no basis for assuming that similar levels of landscape modification took place elsewhere in Amazonia (the significance or scope). The same is"
modification,take,2011,ACAD,JSpeechLanguage,"increasing age (Stern et al., 1983). Our results suggest that these modifications take place in maternal speech to HI infants as well. However, we did"
modification,take,2008,NEWS,USAToday,"between the BMW Championship in St.Louis and the Tour Championship in Atlanta. // Other modifications took place, too. Ridgewood, where Byron Nelson used to be the head"
modification,take,2006,MAG,AmericanCraft,"as poker chips, plastic saucers, aluminum rings and rubber tubing. His final modification takes place in April, and the work is up through August 6. To"
modification,take,2005,NEWS,USAToday,", depending on an aircraft's age and the type of equipment installed. # Modification takes up to two weeks, and FAA certification can take three to six months"
modification,take,2001,ACAD,RehabResrch,"used. This hand was modified to incorporate a cable-actuated electronic EPP controller. These modifications take advantage of the inherent sensory apparatus of the tendons and muscles, as well"
modification,take,1995,TV,Star Trek: Deep Spac...,"Vaporizing it evenly, so it won't break up. How long would the modifications take? Three hours. Get on it. We'll be cutting this one"
modification,take,1990,ACAD,SexResearch,be interpreted in order to understand basic community values and norms. Even the linguistic modifications taking place across time can offer important insights into fundamental changes that may be taking
change,accumulate,2012,WEB,ndsu.edu,"This list is updated at semi-regular intervals, usually about once each year, as changes accumulate in the literature. I would appreciate being informed of any oversights or omissions"
change,accumulate,2012,WEB,molecular-cancer.com,"situ hybridization and MSP, respectively, over the period of time during which premalignant changes accumulate in MMTV-Myc mammary tissue. We expect to find that CRBP downregulation precedes or"
change,accumulate,2012,WEB,ornl.gov,"gene, we are very similar to mice. What really matters is that subtle changes accumulated in each of the approximately 25,000 genes add together to make quite different organisms"
change,accumulate,2012,WEB,tvtropes.org,"years, though except for a few large leaps, these have largely been gradual changes accumulated over time. # The art style in Misfile has gone from heavily shaded"
change,accumulate,2012,WEB,theatlantic.com,"a current-events entry like "" George W. Bush "" or "" Hurricane Katrina, "" changes accumulate as events unfold and new information is added. With an entry like """
change,accumulate,2011,ACAD,Bioscience,genes (gene tree). # Genetic divergence. A process in which genetic changes accumulate over time in an ancestor by the action of different evolutionary processes that cause
change,accumulate,2005,MAG,NaturalHist,"that's the end of the story: no matter how many small, inherited changes accumulate, they believe, natural selection can never make a new kind of living"
change,accumulate,2002,FIC,Analog,"to solve this problem. Change after change after change was experimented with, those changes accumulating in endless combinations and permutations. Most of the mutations led nowhere; the"
change,accumulate,1992,ACAD,Environment,"land-use consequences of the Columbian encounter involved change far more than degradation. The land-use changes accumulated over time and resulted in significant, continent-wide alterations of land cover that ultimately"
change,accumulate,1990,ACAD,Mercury,"over the aeons, set the stage for later geologists to think about very slight changes accumulating over a near-eternity of time. The same concept of slow changes, when"
change,obtain,2016,ACAD,Neuron,"ER was assumed to arise from errors associated from the measurement of the relative fluorescence change obtained in the presence of ionomycin, f=Fmax/Fr as Formula omitted. See PDF With"
change,obtain,2007,ACAD,Epidemiology,"6, 12 and 24 months was observed, however it did not differ from changes obtained in the control group. Conversely, 24h urinary calcium was significantly reduced at"
change,obtain,1992,ACAD,SocialPsych,"reported in other societies, and (c) higher levels of concern about sociocultural changes obtained the lowest depression scores, indicating that those not upset by social transformation were"
change,gain,2018,MAG,Scientific American,". "" Participants set aside the last day for planning how to maintain the behavioral changes gained during therapy after leaving the clinic. # The two middle days serve as"
change,gain,2001,ACAD,Bioscience,"knowledge about the environment, ranging from the genetic diversity of microorganisms to global climate change gain better understanding of the role of living organisms in the global, regional,"
change,gain,1992,ACAD,SocialStudies,"are looking to a global stock market in which to invest. # As these changes gain momentum in future years, they will affect the lives of today's students"
revision,take,2012,WEB,english.illinois.edu,the strategy of converting poetry drafted in syllabic stanzas into free verse. Many similar revisions took place before she accepted her editorial post on the Dial. From that vantage
revision,take,2007,ACAD,MechanicalEng,that heat might be added and removed at several points during the cycle. His revision took the form: PREFORMATTED TABLE # where Q may be positive and negative.
revision,take,2004,ACAD,AmerScholar,s -- Borges felt there should be six. I don't know if this revision took place in the English original or in Spanish translation. # By Lydia Davis
revision,get,2017,TV,Shades of Blue,"but it's given me an appreciation for discretion. Austin, make sure the revisions get to the teleprompter this time. - Thank you, and thank you."
revision,get,2009,MAG,USCatholic,"fullness of peoples enter into your church, all Israel maybe saved. "" The revision got rid of the language from the 1962 prayer about removing the veil from the"
change,acquire,2012,WEB,ase.tufts.edu,"as Delius (1991) argues, that the apparent ability of memes to transmit changes acquired within individual brains (and its corollary ideas, of intention, creativity etc"
change,acquire,2002,MAG,Environmental,"of the poor. As Pennsylvania-based environmental attorney Donald Brown writes in Daedalus, climate change acquires a clear ethical dimension when, despite the disproportionate generation of global warming gases"
change,regain,2012,WEB,kateharding.net,"stumbled on Shapely Prose and discovered that even people who DO stick to the Lifestyle Changes regain weight, which blew my little mind. Thank gourd I was so rebellious"
change,regain,2012,BLOG,captivenow.com,"so there is not any cause for security alarm. Generally, once your hormonal changes regain their equilibrium after your maternity, hair progress will support again. # To"
modification,accumulate,2012,WEB,...theamericandream.com,Please review this link. It is 121 pages of FACTS and PROOF of weather modification accumulated by Dutchsinse with the help of whistleblowers. # It is a HUGE industry
modification,get,2014,MAG,NatGeog,African countries allow the planting of genetically modified crops. # Breeding Better Crops # Genetic modification gets the public attention-and the controversy -- but plant breeders today have numerous tools for
revision,gain,2004,ACAD,AsianAffairs,"That probability turned into reality in November 2002, when the call for another SOFA revision gained momentum following the acquittal of two American soldiers, whose forty-five-ton armored vehicle killed"
learning,take,2019,MAG,The Verge,"Their lack of flexibility makes them brittle and prone to damage. Plus, reinforcement learning takes time to produce results, and since the robots are expensive, the costs"
learning,take,2019,MAG,TechCrunch,"Calendar, reminders to check in with your app or directions when needed. This learning takes place on the device, not in the cloud, in order to protect"
learning,take,2019,MAG,Fortune,", and COO of New York-based Artsy.  EYE ON A.I. RESEARCH # Machine learning takes on climate change. Researchers from Harvard University, MIT, Google, Microsoft"
learning,take,2019,ACAD,Media and Communication,"and the learning that transpires. His theory still applies to contemporary settings in which learning takes place when humans interact with digital technologies. # More than ever before,"
learning,take,2019,ACAD,HTS Teologiese Studies,"in with the various theories of self-directedness. Knowles (1975) stated that self-directed learning takes place where the learners, themselves, take accountability for their own learning process"
learning,take,2018,MAG,TechCrunch,"outside of India to growth that global presence, presumably using many of the aforementioned learnings taken from the Indian market. # "" International expansion aligns with the Flipkart management"
learning,take,2017,ACAD,Anglican Theological Rev,underlay patterns of theological education. It reiterated the belief that the context in which learning takes place is often of as much importance as the curriculum which takes place within
learning,take,2016,ACAD,Nurse Education Practice,"had on student learning with 34 statements coded within this theme. Specifics of what learning took place included developing a greater understanding of public health issues, appreciation of the"
learning,take,2016,ACAD,Chronicle Higher Education,"opinions are kind, even if most are. And there is where the real learning takes place -- for me, I mean. # My overall ratings are pretty"
learning,take,2015,NEWS,Denver,"Caucasians. Eighty five youngsters are on a waiting list to get in. The learning takes place at 3400 Elizabeth St., in what had been considered a neighborhood eyesore"
learning,take,2015,ACAD,DeltaKappaGamma,"and preclude them from spending time in the classrooms, where the greatest impact on learning takes place. # Of equal importance is finding the time to recognize the successes"
learning,take,2015,ACAD,AmericanSecondary,"result of this move, administrators saw the opportunity to revolutionize the way teaching and learning took place in the alternative program. One administrator stated that there was nothing really"
learning,take,2015,ACAD,PhysicalEduc,"Novak & Caas, 2008), of which the principle concept is that "" learning takes place by the assimilation of new concepts and propositions into existing concepts and propositional"
learning,take,2015,ACAD,TeachLibrar,"a meaningful program focused on student learning, they are likely not sustainable. Leading Learning takes an entirely different approach as a framework for growth focused on program outcomes and"
learning,take,2015,ACAD,TeachLibrar,the library each day and see shelves of books quietly sitting there with little actual learning taking place around them. While we did have thousands of books checked out each
learning,take,2015,ACAD,TeachLibrar,it up! So while we are both excited and encouraged by the authentic student-driven learning taking place? the truth of the matter is we didn't get here together
learning,take,2014,ACAD,StudiesInEducation,"saw, as making a considerable impact on children and adults. Where good family learning took place, children were reported to have improved communication, confidence and interpersonal skills"
learning,take,2014,ACAD,StudiesInEducation,", and its effectiveness depends upon how well such people are able to support the learning taking place. Support from' trusted others' is important, not least because"
learning,take,2014,ACAD,StudiesInEducation,"health; relationships and change # Introduction # Adult educators have long recognised that much learning takes place outside of formal settings. Concepts such as self-directed learning (Tough,"
learning,take,2014,ACAD,StudiesInEducation,"sites (2009, p. 561). Key to McFarlane's account of the learning taking place is the sociomaterial concept of' translation', which emphasises' the"
learning,take,2014,ACAD,TeachLibrar,": **27;42320;TOOLONG **30;42349;TOOLONG? id=25160036), and then that learning can be assessed. Learning takes center stage, facilitated by technology. These strategies make technology the tool to"
learning,take,2013,ACAD,TeachLibrar,# * the brain naturally wants to make patterns to create meaning; # * learning takes place when one can connect new information to prior knowledge and experiences; #
learning,take,2012,NEWS,Atlanta,maintenance functions. This allows schools to funnel more funding into the classroom where real learning takes place. Our state's future and that of our children and grandchildren depend
learning,take,2012,ACAD,GeneralMusicToday,to meaningfully apply these theories to his or her classroom. # Multiple Understandings of Learning Take a moment and consider some of the musical knowledge you have acquired. These
learning,take,2012,ACAD,ReadingImprovement,". # The question then arises, how should reading be taught so that optimal learning takes place? # Different Philosophies of Teaching # On the state level, testing"
learning,take,2012,WEB,huffingtonpost.com,"the PEP room. This was a room inside the facility where much of the learning takes place. Wall to wall carpeting, nicely painted, and full of modern"
learning,take,2012,WEB,llt.msu.edu,"learners are in the privileged position of travelers to foreign lands. Much second language learning takes place under conditions of occupation, invasion, colonization, slavery, economic and"
learning,take,2012,WEB,askville.amazon.com,with consumer digital camera for a few years). I'm especially interested in learning taking better pictures with kids and babies.  A blend of both photography books
learning,take,2012,WEB,dwell.com,place and time. As an Architect these are brought up on every project and learning takes place. A person that limits their ability to contribute to their profession is
learning,take,2012,WEB,chomsky.info,"is learned. If a drive is postulated on the basis of the fact that learning takes place, the claim that reinforcement is necessary for learning will again become as"
learning,take,2012,WEB,chomsky.info,somehow about acquired drives24 for which there is no evidence outside of the fact that learning takes place in these cases. # There is a variety of other kinds of
learning,take,2012,WEB,...hought.blogs.cnn.com,"2012 at 9:56 pm # Thien Ha # I totally agree with you Lisa, learning takes hard work and an independent work, no body can learn for any body"
learning,take,2012,WEB,supermemo.com,"between sleep and learning without considering the circadian timing, i.e. the time in which learning takes place in reference to the sleep phase (e.g. as determined by the natural"
learning,take,2012,WEB,schoolbook.org,"student is suffering at home or because of a lack of home, then the learning takes a back seat to survival. Cheese sandwiches, unlimited or not, will"
learning,take,2012,WEB,samizdata.net,"the Front Sight course in Nevada and there is no doubt that such places of learning took much of their inspiration from people like Jeff Cooper. A fine man,"
learning,take,2012,WEB,online.wsj.com,"a roast? No better time than dinner-prep to settle down and learn. But learning takes time and concentration, so now we get to claim peace and quiet as"
learning,take,2012,WEB,physlink.com,the development of Science but merely kept the pot boiling until the growth of European learning took off first in Italy then northern Europe in the fourteenth century. It was
learning,take,2012,WEB,...nalnewmansociety.net,"a Bishop; or some priest, or some professor in some other seat of learning takes it up; and then there is a second stage of it. Then"
learning,take,2012,WEB,tsbvi.edu,"learning. As a child explores his world and has physical contact with it, learning takes place. Children with visual impairments typically need encouragement to explore their surroundings."
learning,take,2012,WEB,chronicle.com,online courses may well find insights in P2PU's experiments with peer learning. # Learning takes place both within P2PU's courses and in the informal relationships that students strike
learning,take,2012,WEB,chronicle.com,"has played an important role in trying to sort out how this kind of peer learning takes place. "" # Such student-to-student learning happens in less structured ways in many"
learning,take,2012,BLOG,plpnetwork.com,meaning of what they found. # It's the meaning making process where the learning takes place. Not in discovering that Siri can find the answer. # It
learning,take,2012,BLOG,all4ed.org,"and I felt great about the assignment, and we had a substantial amount of learning taking place in the library. # At the end of the assignment, the"
learning,take,2012,BLOG,scenic.princeton.edu,"machine has learnt previously. This sounds simple and it is really analogous to how learning takes place on a higher level. # Thus, Machine Learning is really appealing"
learning,take,2012,BLOG,aiqus.com,"from time to time, it's also about recognizing that most of your real learning takes place continuously            3223789"
learning,take,2012,BLOG,interactyx.com,"purest form of social learning. When applied to the modern workplace however, social learning takes on a new meaning and importance. # In today's work environment,"
learning,take,2012,BLOG,fourhourworkweek.com,"you read it) and the book makes a clearest point: the process of learning takes year, and in the Japanese culture this idea of learning, the relationship"
learning,take,2012,BLOG,patheos.com,""" Hermione is ambitiious, she wants to excel, and for her delight in learning takes a backseat to excelling in # (*sigh* accidentally hit' post comment'"
learning,take,2012,BLOG,patheos.com,"Hermione is ambitious, she wants to excel, and, for her delight in learning takes a backseat to excelling in academia. She's in Gryffindor because she chooses"
learning,take,2012,BLOG,heathershumaker.com,"understand. There is such a short amount of time in every day. School learning takes up most of the day, and when school is out kids need space"
learning,take,2012,BLOG,blogs.umass.edu,"me of something my undergraduate advisor once told me: He thought the most important learning took place as a student was reading on her own, seeing connections and disjunctions"
learning,take,2012,BLOG,edudemic.com,His vision has allowed technology to be embedded as the foundation upon which teaching and learning takes place.  Remove All Barriers # His primary objective when setting this process
learning,take,2012,BLOG,hastac.org,"forms of timelines and their reflections on the difficulty to do so that valuable historical learning takes place. Failure is enormously productive here. Insert obligatory Dylan quote: """
learning,take,2012,BLOG,etap687.edublogs.org,"you give them the answers/information, they are not learning anything really... learning takes time, it is a process, that like fishing requires patience and practice"
learning,take,2012,BLOG,...ightsideofthesun.com,but someone has to have the cajones to understand that the process of growing and learning takes time. # We as fans should pay attention. Our grumblings push front
learning,take,2012,BLOG,dailykos.com,most successful president Brazil has ever had. I'm not sensing that type of learning taking place in the Romney camp...) # Article 196. Health care is
learning,take,2012,BLOG,five-ten.org,always a minimum of learn how to cope with that correctly. That is why learning take out eating plan truth is important to help you us all. # Some
learning,take,2012,BLOG,...ousmuse.blogspot.com,"the aggregate over time), the more successful the football team is the less learning takes place across the student body. # This is going to be a very"
learning,take,2012,BLOG,mikechambers.com,"We're locked into our accumulated knowledge which we learn from experience. And since learning takes time, we usually stick to one platform environment. For me, i"
learning,take,2011,NEWS,NYTimes,"disadvantage: students can not get access to it on the Sabbath, when much learning takes place. It also costs $790. # Mr. Retter said he believed that the"
learning,take,2011,ACAD,MusicEduc,". If the answer is correct, the teacher praises the student and no new learning takes place. If the answer is incorrect, the student is simply told the"
learning,take,2011,ACAD,MusicEduc,reduced to whether or not students can perform their part. The assumption that musical learning takes place through large-group concert preparation is not documented. When the measure of success
learning,take,2011,ACAD,ReferenceUserServices,", access, and creation. 16 # Librarians can gain valuable insight into "" how learning takes place, how structures for effective learning are designed, and how learning outcomes"
learning,take,2011,ACAD,TechEngineerTeacher,"learning experiences. # Fast forward. Textbooks still determine much of what and how learning takes place. However, in many classrooms, those textbooks are online, as"
learning,take,2011,ACAD,LearningDisability,"curriculum, classroom community, and the larger social context in which the dynamics of learning take place. What does it mean to identify as a learner? To agree"
learning,take,2011,ACAD,LearningDisability,"what they call a third space, a "" theoretical and pedagogical space in which learning takes precedence over teaching; instruction is consciously local, contingent, situated, and"
learning,take,2011,ACAD,Education,and self-esteem Information presentation enhance self3.21 1.27 3.78 0.84 3.92 1. I0 3.68 1.11 learning Take into account theoretical and 3.25 1.14 3.89 0.92 3.92 1.04 3.72 1.07 practical aspects
learning,take,2009,ACAD,TeachLibrar,"Lincoln, the teacher-librarian brings his or her own assumptions to this learning. As learning takes place these assumptions are molded and shaped. However, bottom line, the"
learning,take,2008,SPOK,NPR_TalkNation,"to take some of the pressure out of performing, because a lot of the learning takes place when you fail, and you've got to be willing to try"
learning,take,2008,MAG,TodaysParent,"kids feel they're making a difference. And when they're intellectually engaged, learning takes off. Penny Milton, chief executive officer of the Canadian Education Association in"
learning,take,2008,ACAD,MusicEduc,"treated as co-creators within the learning process and as individuals with relevant ideas about how learning takes place. In student-centered classrooms, students are involved in creating strategies that teachers"
learning,take,2008,ACAD,CollegeStud,"in the learning process. Figure 1 shows the interaction of factors involved in the learning taking place in the classroom environment. In the ease of foreign accented faculty,"
learning,take,2008,ACAD,RoeperReview,". Cooperative-learning strategies are key to successful student-run service learning. Through cooperative learning, learning takes place between students through interaction with one another. In service-learning, reflection is"
learning,take,2008,ACAD,RoeperReview,by William Kilpatrick in the waning years of World War II when he suggested that learning take place in settings outside classroom walls and involve efforts to meet real community needs
learning,take,2007,NEWS,CSMonitor,", with other kids, with parents, or other caregivers. # Much more learning takes place outside the classroom than within it, Elkind maintains. And down time"
learning,take,2007,NEWS,Denver,"is 75-47 as a college head coach. # But curb your enthusiasm because: Learning takes time. Bzdelik is going to run some version of the Princeton offense,"
learning,take,2007,ACAD,Education,utilization of funds and accountability The infrastructures and learning materials are adequate Effective teaching and learning takes place. The curricular content is adequate. The teaching methods used are suitable
learning,take,2007,ACAD,TeachLibrar,"physical media) helps to build essential prior knowledge, the platform on which subsequent learning takes place (Bransford, Brown, &; Cocking, 2000; Hirsch, 2006"
learning,take,2007,ACAD,THEJournal,"get there? # Meanwhile, English teachers will work with students on depicting the learning taking place in their schools through the use of a variety of publishing technologies:"
learning,take,2006,MAG,AmerArtist,"observation. In fact, doing what you want is a learned process. The learning took place during each of the five days of the workshop, with the mornings"
learning,take,2006,ACAD,Education,"classrooms in order to focus attention, in productive ways, on the teaching and learning taking place. Researchers have found that for novice teachers in field experiences attention to"
learning,take,2005,ACAD,MusicEduc,bodies of knowledge. (n1) # This theory challenges the behaviorist notion that conceptual learning takes place automatically as instructors break concepts down into smaller components and lead students through
learning,take,2005,ACAD,MusicEduc,"local community. Informing others about what we do leads to greater understanding of the learning taking place, which eventually can lead to greater support of our music programs."
learning,take,2005,ACAD,MusicEduc,"in the classroom. In many ways, the nature of the community where the learning takes place determines student success in creative endeavors. Are there qualities of a community"
learning,take,2005,ACAD,MusicEduc,"problem, that the steps we took to get there finally make sense. Discovery learning takes many paths and many time frames; our views of sequence should embrace these"
learning,take,2004,NEWS,USAToday,", when those two are coupled and integrated, that's when the most powerful learning takes place. "" # The All-USA College Academic Team by the numbers: #"
learning,take,2004,NEWS,Denver,"in 1971, remember the good old days as quite horrible. They said little learning took place at Boettcher until a nave new music teacher named Jeanne Sonnleitner instilled in"
learning,take,2004,ACAD,AnthropolQ,"values by learning who they are in relation to other people, and that this learning takes place in the course of everyday interactions between children and caretakers. His argument"
learning,take,2004,ACAD,Education,"we use, along with soccer and the scouts, to show our children that learning takes place everywhere "" (Cooper, 2001b, p. 77). Homework is"
learning,take,2004,ACAD,MusicEduc,leaves viewers breathless with anticipation of discovery. The educational theorist Benjamin Bloom suggested that learning takes place in levels -- from simple recall of information to higher levels of comparing
learning,take,2004,ACAD,TeachLibrar,"; Peralta-Nash &; Dutch, 2000). Vygotsky (1978) theorized that effective learning takes place when learners recognize their own needs and are in charge of their own"
learning,take,2003,ACAD,MusicEduc,"a program to be followed, whole language is a set of beliefs about how learning takes place. Copeland describes whole language as "" more than a set of activities"
learning,take,2003,ACAD,MusicEduc,express a concept rather than the need to do well on a test. Inquiry-based learning takes place naturally and is similar to the process by which children learn to talk
learning,take,2002,FIC,AntiochRev,"in the world they live, are those from Wells. And my most significant learning took place there. # I passed the small stone building that said BANK on"
learning,take,2002,ACAD,PublicInterest,"s best student, Aristotle, founded the Lyceum. For centuries thereafter, liberal learning took place within the colonnade of classical philosophy. The faults of institutionalization became acute"
learning,take,2002,ACAD,RoeperReview,"a classic sense, Kate and Shawn represent the essence of Dewey's humanistic curriculum-where learning takes place during periods of engagement and aesthetic awareness. # Most schools, however"
learning,take,2002,ACAD,MusicEduc,"(lesson plans), and (4) designing evaluation tools to assure that learning takes place (tests). Although this model has been pervasive in curriculum theory"
learning,take,2001,ACAD,AcademicQs,"with barely disguised disdain at proprietary postsecondary institutions. Their message was clear: student learning takes a distant-and unacceptable-second place to profits at these institutions. Now, quite suddenly"
learning,take,2001,ACAD,MusicEduc,"time, strengthening a student's individual identity. 3 Furthermore, Laubscher is convinced that learning takes place on tours mostly from the chance encounters that force a student to make"
learning,take,2001,ACAD,MusicEduc,"where all "" abstractions "" are functioning simultaneously. Learning Occurs in Context # All learning takes place within a sociocultural context. Bruner makes the connection between the triadic nature"
learning,take,2000,ACAD,ClearingHouse,"Do the accountability policies in your state foster an accurate picture of the teaching and learning taking place at your school? # We, the authors of this article,"
learning,take,2000,ACAD,ClearingHouse,"of student growth and school success offer a clearer picture of the academic environment and learning taking place. For example, the Vermont Department of Education requires the use of"
learning,take,2000,ACAD,ArtsEduc,provide content for instruction and settings for immersion in their respective worlds The most important learning takes place when several school subjects are taught simultaneously within the context of large themes
learning,take,1999,SPOK,CNN_Event,": I also think that we have got to focus on preschool, because most learning takes place in the first few years of life. We've got to give"
learning,take,1999,NEWS,CSMonitor,"those with disabilities - are pushing a significant rethinking of the physical plant in which learning takes place. "" The whole paradigm just changed, "" says William DeJong,"
learning,take,1999,ACAD,ABAJournal,"was an opportunity for people to get up on their soapboxes with little or no learning taking place, "" Quinn wrote. "" Mr. DeHart's style promoted and fueled"
learning,take,1999,ACAD,Mercury,". One can even win teaching awards, and yet there may be less lasting learning taking place than one or one's students think. Such findings present a clear"
learning,take,1998,NEWS,CSMonitor,"importance of formal training and experience - understanding what young children are like and how learning takes place. "" You need to provide a schedule, keep everyone focused and"
learning,take,1998,NEWS,Denver,"so. They'd rather talk about brain development: Scientific evidence suggests that significant learning takes place at very young ages, Channel 6's Morgese noted. # Specifically"
learning,take,1998,ACAD,PublicInterest,"be recreation centers for teenagers; they should be places where teachers demand that serious learning take place, whether the learners are 13 or 43. No, American students"
learning,take,1997,MAG,NaturalHist,"a location because of another animal's presence. Once in the right spot, learning takes place most easily between animals of the same species, since they share the"
learning,take,1997,ACAD,InstrPsych,"University in the United Sates, psychologists have been experimenting with the explanation of how learning takes place and how humans remember, as well as how lower animals repeat behavior"
learning,take,1997,ACAD,MusicEduc,the following skills and concepts. # Musical skills. A great deal of music learning takes place during a play-party game. Students learn to sing melodies and perform actions
learning,take,1997,ACAD,ArtsEduc,"sophistication. Often, because clearly measurable goals and objectives are not established, experiential learning takes the place of a sequential, clearly presented music curriculum. After formation of"
learning,take,1996,ACAD,MusicEduc,"performance. It is during the preparation period that musical awareness, sensitivity, and learning take place. # Rehearsal time is spent with students practicing the craft and mechanics"
learning,take,1996,ACAD,MusicEduc,". He or she must then thoughtfully plan each rehearsal to ensure that' sequential learning takes place; healthy vocal technique is reinforced; and singers begin to think,"
learning,take,1996,ACAD,ArtsEduc,"In light of the common constraints of their economies and internationally shared understandings about how learning takes place, it is not surprising that many of the so-called developed nations have"
learning,take,1996,ACAD,ArtsEduc,", true to the nature of the arts and to the ways in which authentic learning takes place. A system that is organically grown from that which it supports remains"
learning,take,1996,ACAD,EnvironEd,"fewer don't know responses than those who had lived there longer. Apparently, learning takes place over time, but the process is not linear. Therefore, length"
learning,take,1995,MAG,PsychToday,"try, and became multilingual at an early age. Meanwhile the core of their learning took place at the family dinner table. Ralph Waldo Emerson's son, Edward"
learning,take,1995,ACAD,PhysicalEduc,de-pendent on how the learning environment is structured. Conditions that affect learning and how learning takes place need to be understood. # Poulton (1957) introduced a concept
learning,take,1995,ACAD,PerspPolSci,its value for the political development of youth depends on the framework in which service learning takes place. Volunteer work in itself does not produce the skills of citizenship.
learning,take,1995,ACAD,InstrPsych,"Participating In The Cooperative Learning Effort? # Since we know that mastery of Cooperative Learning takes several years, prospective participants may be asked to reflect on and discuss the"
learning,take,1995,ACAD,RoeperReview,"between the individual, the individual's projects of self-development, and the knowledge and learning taken from school. # But, "" there are an infinite number of possibilities"
learning,take,1995,ACAD,EnvironEd,"certain ethnic boundaries are strengthened, not diminished, and that what cultural sharing and learning take place are multidimensional, instead of unidimensional. # A second theory proposes that"
learning,take,1994,ACAD,ReVision,"months old when he is born. We don't know exactly what kind of learning takes place in the womb, but it seems certain that Western psychologists habitually underestimate"
learning,take,1994,ACAD,AmerStudies,", hoping that the method would spread. Lambert and Sauveur incorporated the idea that learning takes place in both the body and the mind. For the first time,"
learning,take,1993,MAG,TodaysParent,"to give too much or too little help; too much help and no real learning takes place, too little help and the child may be overwhelmed by a task"
learning,take,1993,MAG,NatlReview,learned behavior. Too little is known to be certain just how or when that learning takes place. Yet it is entirely possible that some young people are still in
learning,take,1993,ACAD,CurrentPsych,of the box allowed passage from one compartment to the other. # Taste aversion learning took place in the home cage. A 2% saccharin solution was used as the
learning,take,1993,ACAD,SocialStudies,"things. "" # Muir's metaphor of laboratory supplies some important lessons for how learning takes place. For there to be connection between the service experience and civic learning"
learning,take,1993,ACAD,SocialStudies,greater understanding of certain subjects but may not have learned necessary civic skills. Civic learning takes -- I place when individuals see pieces to the whole puzzle and are forced
learning,take,1993,ACAD,SocialPsych,aimed at creating independent functional ability in job performance needs to be validated. Procedural learning takes place when trainees study technical material to learn (a) conceptually what a
learning,take,1993,ACAD,ClearingHouse,"become the focus of a unique educational plan. Thus, both approaches realize that learning takes place one child at a time. Yet the newer philosophy offers a fresh"
learning,take,1993,ACAD,SchoolPsych,"into account not only the individual learner's characteristics but also the environment in which learning takes place (Shapiro, 1989). In the Clinical Training and Services Laboratory"
learning,take,1992,FIC,Bk:DistinguishedGentle,". "" Grama confirmed her insight before continuing. "" And finally, four: Learning takes time. "" Grama directed her comments in Susan's direction. "" Yeah"
learning,take,1992,MAG,Futurist,", industry publications, professional conferences, and trade fairs around the world. The learning takes place not just at the top, but at every level in the organization"
learning,take,1992,MAG,Futurist,"place not just at the top, but at every level in the organization. Learning takes everybody's business, and the result is one of the most innovative and"
learning,take,1992,NEWS,NYTimes,"He didn't want the pressure of studying. "" # Ennis's struggles with learning took the same course viewers saw Theo's take. "" We go ahead,"
learning,take,1992,ACAD,ReVision,"in the will, learning nearly everything through physical activity. During these years, learning takes place mostly in an unconscious manner through the child's imitation of the activities"
learning,take,1992,ACAD,SocialStudies,"them in the future. # "" Group interaction should be encouraged with more cooperative learning taking place. The arrangement of the room is set up so that the children"
learning,take,1992,ACAD,SocialStudies,"one's own beliefs about society, the role of the school, and how learning takes place and from examination of the extent to which what happens in the classroom"
learning,take,1992,ACAD,MusicEduc,slides to see who will go further without making a mistake. Friendly competition with learning takes place during lunch breaks and after school as the students come asking to use
learning,take,1991,MAG,AmerArtist,controlled studio pieces. # I feel that I must paint outdoors where the real learning takes place. I believe that it is better to let the imagination of the
learning,take,1991,ACAD,Ethnology,to grasp complex relationships and tacit understandings as they are played out. Perceiving and learning take on urgency because one's survival and social existence depend upon them. #
learning,take,1991,ACAD,MusicEduc,". Long-term engagement with significant problems. Music classes provide a model of education where learning takes place over long periods of time. Continued lessons, rehearsals, and projects"
learning,take,1990,MAG,ChildrenToday,and a work area for teachers. The result is a compartmentalized box in which learning takes place. # Research over the past 20 years on the nature of learning
learning,take,1990,ACAD,SocialStudies,"phenomena. Although formal instruction is an essential element of social studies education, much learning takes place outside the classroom, and extra-classroom factors influence what can and does happen"
learning,take,1990,ACAD,InstrPsych,"research exists, the use of this technique in motor activities is recommended. # Learning takes on many forms and instruction is accomplished in a variety of ways. In"
learning,take,1990,ACAD,SchoolPsych,"not home or school -- teacher or student -- but the relationship between them. Learning takes place where there is a productive learning relationship "" (1985, p. 11"
learning,get,2012,BLOG,mediapost.com,"meaning of the content, rather than the keywords on the page. # The learning gets applied to targeting ads in real time. Peer39's deal with AdMeld creates"
learning,get,2012,BLOG,venspired.com,"that feeling they have? It's learning. # I don't know how learning got so lost in the school system. But, it is. Today?"
learning,get,2012,BLOG,empireinnovation.com,how strong your reason is and whether it will keep you going even when the learning gets tough. # 2. Is it the right time for you to go
learning,get,2012,BLOG,...tailout.blogspot.com,". Many mother and father currently believe that the earlier a kid's education and learning gets started, the more successful they are going to be later on in life"
learning,get,2008,NEWS,Denver,"the plays, things like that get thrown out the window. A lot of learning gets lost in the NFL. "" # "" Tackling is the worst I've"
learning,get,2008,ACAD,Education,learning reflection for learning also involves a fundamental shift or movement of mind.. Real learning gets to the heart of what it means to be human. Through learning we
learning,get,1999,NEWS,CSMonitor,"too much teaching to the test, "" she says. "" The pleasure of learning gets lost. "" Bonnie Brewer, an accountant living in Chicago, graduated from"
learning,get,1993,SPOK,ABC_Special,"each other's thinking. ROBERT SLAVIN, Johns Hopkins University: Kids in cooperative learning get more of a feeling of "" I know how to get information, I"
learning,gain,2013,ACAD,ExceptionalChildren,"ERI). Even with these fairly modest and feasible adjustments, students demonstrated increased learning gains that were both statistically significant and educationally meaningful. # LIMITATIONS # We evaluated"
learning,gain,2013,ACAD,Bioscience,and student learning styles before and after research-based science coursework. The students rated the learning gains that they had made for each of 21 potential course benefits on a five-point
learning,gain,2012,WEB,epi.org,"of teacher evaluation systems, with a supplemental role played by multiple measures of student learning gains that, where appropriate, could include test scores. Some districts have found"
learning,gain,2006,ACAD,CollegeStud (1),", personal stories, and questions-and-answer sessions. Responses from post-presentation evaluations indicate valuable learning gained by RE presentations. # The students, faculty, staff and administrators who"
learning,gain,2004,ACAD,SchoolCounsel,is difficult to measure. Future research efforts should examine how school counselors apply new learning gained through professional development to their work with diverse students and families. # There
learning,gain,2000,ACAD,ArtsEduc,"academic learnings lost during the down times and fail to notice the other kinds of learnings gained, the refreshment enjoyed, the batteries recharged, the spirits renewed. Take"
learning,acquire,2012,BLOG,tastytouring.com,"ever want people to think TSFL is a quick fix. It's about the learning acquired as you go through the structured, but mindless, weight loss phase- food"
learning,acquire,1999,ACAD,Education,"art project (visual, spatial). The method chosen by pupils to reveal learnings acquired might well depend upon a preferred intelligence, from the nine advocated by Howard"
learning,acquire,1996,MAG,Futurist,"any need to associate with other people. Solitary entertainment deprives people of the social learning acquired during group entertainment. In the days before television and computers, face-to-face conversation"
learning,acquire,1993,ACAD,InstrPsych,and sequence. Scope emphasizes what will be taught. Sequence stresses the order of learnings acquired by students. Adequate research needs to be carried out by qualified researchers.
learning,acquire,1993,ACAD,ArtsEduc,". Coupled with this, a knowledge of theatre and the basic elements of dramatic learning acquired through experiences in creative drama must be a requirement for all teachers of young"
learning,obtain,2008,ACAD,CommCollegeR,"when it first all came together for me. "" Another example of the valuable learning obtained from clinical experiences came from a radiography graduate, who described how she learned"
learning,obtain,2004,ACAD,InstrPsych,"persons do want pupils to achieve as much as possible. How might pupils reveal learnings obtained? Too frequently, what pupils have learned in the classroom is omitted in"
learning,obtain,1996,ACAD,CommCollegeR,"experiential and self-directed learning may be required, as well as improved faculty attitudes toward learning obtained in an informal way. We now know that informal learning is extensive."
learning,receive,2012,ACAD,Education,disability. The primary purpose of this study was to explore candidate attitudes about and learning received in connection with the Families as Faculty home visit. In this learning experience
learning,receive,2012,WEB,supermemo.com,"sleep, the demand for sleep should be somewhat proportional to the amount of new learning received on preceding days. In ancient times, we did not have exam days"
happiness,brighten,2012,BLOG,...appiness-project.com,"influence on your emotions -- turns out that just going through the motion of happiness brightens your mood. And if you're smiling, other people will perceive you as"
happiness,brighten,2012,BLOG,...appiness-project.com,"influence on your emotions -- turns out that just going through the motion of happiness brightens your mood. And if you're smiling, other people will perceive you as"
joy,brighten,2009,FIC,FantasySciFi,"sheep, when life's all said and done! "" Tears of startled joy brightened his wife's eyes. "" Do you mean that, Achille? You truly"
joy,lighten,1993,FIC,Mov:GoldenWindows,mean I can't believe it. Enthusiasm takes the place of torment. Joy lightens Jack's tortured soul. JACK (CONT'D) You know I think this
gladness,brighten,2012,BLOG,civilwar.gratzpa.org,"was seated in a rocking chair, and why shouldn't a smile of gladness brighten his eye? He sat there a victor, but he showed no sign of"
resource,water,1991,NEWS,SanFranChron,"Marsha Prillwitz, manager of the landscape program in the State Department of Water Resources water conservation office. "" You can have a lot of blooming things and a lot"
action,move,2019,SPOK,NBC_Dateline,". And then we find Don. DENNIS-MURPHY) : And then, what, the action moves back out here, Matt, or what? MATTHEW-CAPLAN) : It moves back"
action,move,2019,SPOK,NPR_Morning,"re very proud of supposedly being descended from Amaterasu. Then this afternoon, the action moved to a wood-floored state room in the palace, where all the men were"
action,move,2019,MAG,The Atlantic,weren't so unbearably dull. And maybe I'd be more excited about the action moving back south if Cersei currently felt like a compelling arch-nemesis for the show's
action,move,2018,NEWS,The Seattle Times,"help ourselves, "" an alternative to support groups sponsored by pharmaceutical companies. The action moves at a frenetic clip, and amid all the activity, a grinning monster"
action,move,2017,MAG,A.V. Club,this conversation in a store aisle instead is a smart move. It keeps the action moving by combining Shadow's shopping with Media's attempt at persuasion. It allows
action,move,2017,NEWS,Los Angeles Times,"the former ExxonMobil CEO, is advising that U.S. interests could suffer if international climate actions move forward with no U.S. involvement. # Some major companies share that worry."
action,move,2017,NEWS,OCRegister,"personal interviews with players, coaches and General Manager Les Snead. # Sometimes the action moves too fast, but that's expected. Each episode essentially includes three weeks"
action,move,2016,MAG,Hollywood Reporter,"Rheon) and the late Rickard Karstark's son to discuss the best course of action moving forward, now that they no longer have Sansa (Sophie Turner)."
action,move,2014,ACAD,Ref&UserServQ,"review quickly, and will petition for discounts to lower the price. All these actions move reps closer to their goal, which in turn helps insure their continued employment"
action,move,2013,FIC,Bk:Babayaga,"that counts. The key is to appear tireless and eager, to keep the action moving, keep the eye busy. We're like those Puerto Ricans with the"
action,move,2013,MAG,Futurist,"may gradually feel a desire to spend less time doing and more time being. Action moves inward. Life becomes more meditative and the world becomes a quieter, less"
action,move,2013,NEWS,CSMonitor,"the slog through the first three chapters to arrive at the fourth, as the action moves to Serbia and the Austrians seek revenge for the assassination of Archduke Franz Ferdinand"
action,move,2013,NEWS,STLouis,"when they resume the best-of-five National League division series, tied at 1-1 as the action moves into the Pirates' den. Maybe this time the Cardinals will face a"
action,move,2013,TV,Hawaii Five-0,"I.D. on this guy before he strikes again. I'm worried about our actions moving forward. Look, I'm totally aware that this shooter killed two of"
action,move,2012,MAG,OutdoorLife,"a big reason it ran so reliably. The chromed rotating bolt head in the action moved slickly in and out of battery, and the precise fit of the pieces"
action,move,2012,NEWS,NYTimes,"life. # Mr. Kaufman, in his function as traffic cop, keeps the action moving, and despite the script's repetitiveness, the film doesn't feel overly"
action,move,2012,NEWS,USAToday,"hotel room with an open window looking out to the ledge. And when the action moved outside, the security system was even more elaborate, to keep the stars"
action,move,2012,NEWS,OrangeCR,was second with 211.5 votes. The convention at the Coliseum remained deadlocked and the action moved to a group of power brokers who gathered behind closed doors at the Blackstone
action,move,2012,ACAD,Futurist,"between humans and computers became uninteresting (because the computers always won), the action moved to "" freestyle "" competitions, allowing any combination of people and machines."
action,move,2012,WEB,treasuretables.org,) Flexibility. In two of the three adventures I trimmed encounters to keep the action moving. I also wanted to ensure that each session reached a resolution. In
action,move,2012,WEB,iadoreme.com,"over and over again. You are caught between your desire to take a positive action moving you forward, and your insidious belief holding you back. "" Am I"
action,move,2012,WEB,imdb.com,"on simultaneously between the three groups of the splintered fellowship, the film kept the action moving quickly. Clocking in at 179 minutes, it is just one minute longer"
action,move,2012,WEB,digtriad.com,"on the ground, with Mason protecting the president on the decimated streets of L.A. Action moves to the skies with a dizzying dogfight as you try to provide cover for"
action,move,2012,WEB,amazon.com,"! # The plot is satisfying, complex enough but not confusing, and the action moves quickly. There is some violence but not a lot of suspense. The"
action,move,2012,WEB,goodreads.com,that give a nice taste of the impact of these developments on society. # Action moves quite swiftly to a secondary world where it spends most of the book.
action,move,2012,WEB,amazon.com,", mother, and male best friend who is slowly becoming something more. The action moves along with few lulls, and the protagonist's voice is true for a"
action,move,2012,WEB,hirr.hartsem.edu,", and even cajole spectators into active participation. The survey explicitly asked attenders what action moved them from being a passive spectator in worship to an active participant, what"
action,move,2012,WEB,denverpost.com,"Affairs Leadership committee. The team will be a "" way to determine when student action moves from an academic concern only to a broader campus concern, "" according to"
action,move,2012,WEB,...slikeme.blogspot.com,"furniture, at times like acrobats pulling unlikely props into the scene. # The action moved to the bedroom as he zeroed in on a whole new thrill-giving technique that"
action,move,2012,WEB,goodreads.com,"words but uses them so well, not one word is wasted. When the action moves to the constructive surgical hospital in Sidcup, again the full horrors of war"
action,move,2012,BLOG,...assion.wordpress.com,"he starts improvising, but he's not so good at that. When the action moves to Scotland, he maliciously and deliberately wrecks the Aston Martin, just to"
action,move,2012,BLOG,avclub.com,"it -- new avenues into people's heads, new layout methods to indicate the action moving from one ways to express their moods, in parallel or contrast or conjunction"
action,move,2012,BLOG,mania.com,"Kevin "" might have been better titled "" On the Road Again "" as the action moves briskly from Maine, to Louisiana, to Texas, then to Montana,"
action,move,2012,BLOG,...prager.wordpress.com,the goings on in the following video at youtube in real life. Moreover the action moves far too quickly. # The closest I have ever been to any kind
action,move,2012,BLOG,...marcus.wordpress.com,the very recently named National Alliance of El Sistema Inspired Programmes. In August the action moved north with a Sistema Teacher and Leader Conference held by New Brunswick Youth Orchestra
action,move,2012,BLOG,themmareport.com,before Bocek would look for a takedown. The takedown attempt was unsuccessful and the action moved back to the center of the cage. After Dos Anjos threw a kick
action,move,2012,BLOG,themmareport.com,3 -- Condit was able to land a head kick that dropped St-Pierre and the action moves to the ground with Condit throwing punches. St-Pierre would get back to his
action,move,2012,BLOG,mmafighting.com,"the most dangerous stretch for St-Pierre will come in the opening minutes, when the action moves faster than he's experienced for well over a year. # It's"
action,move,2012,BLOG,cagesideseats.com,"and ADR with a kick, but Clay reverses and unloads with strikes. # Action moves back inside and Clay with a shoulder block that sends ADR to the outside"
action,move,2012,BLOG,hiphopwired.com,to wonder if that was really him even typing the aforementioned message. Only his actions moving forward will prove otherwise. # And that goes for all of you that
action,move,2011,SPOK,PBS_NewsHour,"to Jeff. JEFFREY-BROWN: And we return to Egypt, where much of the action moved away from Tahrir Square to other kinds of protest. With Egypts mass uprising"
action,move,2011,SPOK,NPR_TellMore,. Has the - what's the word I'm looking for - has the action moved to the states in the absence of a federal response? BARRETO: Yeah.
action,move,2011,NEWS,AssocPress,"branding firm MSCO in Rye Brook, N.Y. # Chief among the university's actions moving forward is a full and sincere apology to the children and families who have"
action,move,2010,MAG,MotorBoating,"the marshes; a few weeks later, the salmon started to run and the action moved to a streamside viewing area. Several dozen brown bears (called grizzlies elsewhere"
action,move,2009,NEWS,USAToday,Battle of the Smithsonian # (May 22) # 20th Century Fox # The action moves to D.C. when the Museum # of Natural History exhibits from # the first
action,move,2009,NEWS,Denver,"$15-$90, available by calling 877-544-8499. At 7 p.m. April 3, The action moves to World Arena, 3185 Venetucci Blvd., Colorado Springs. Tickets are $20-$75"
action,move,2009,NEWS,WashPost,"(Megan Fox) will survive. Then the Decepticons attack Earth, and the action moves from suburbia to Egypt. # "" My Sister's Keeper. "" What"
action,move,2008,NEWS,Denver,"truly feel is equal, "" she said. "" The mainstream channels of political action move very slowly, and the support (Obama) is showing is considered radical"
action,move,2007,NEWS,Chicago,"every age, even before she had the name, the little sparrow. The action moves back and forth from childhood to final illness, from applause to desperation,"
action,move,2007,ACAD,PSAJournal,"and experiment with changes in exposures. However, if the light changes or the action moves into different lighting then rely on the camera's auto exposure settings, plus"
action,move,2003,NEWS,Chicago,"think of Bobby as a cracker, too. Who is he? # The action moves easily through the blue collar world of Billy and Rayette. They have a"
action,move,2001,NEWS,Atlanta,""" # The show's true originality is in its execution. Tartakovsky wanted the action moved through visuals, with as little dialogue as possible. He used the classic"
action,move,2000,FIC,LesbianNews,"the warm spring evening before dipping beneath the sky line. From there, the action moved indoors, split evenly among the various watering holes on the strip. I"
action,move,2000,ACAD,PSAJournal,", comes in handy; particularly with a flash providing an extra f-stop if the action moves to the far end of the mat. # PHOTO (BLACK &; WHITE"
action,move,1999,ACAD,ArtBulletin,", as the victor, on the left in each of the duels means the action moves to the right, with the result that the encounter with Sinis, as"
action,move,1998,MAG,TownCountry,"fleeing, plates in hand. Moments later, however, it clears and the action moves to a round stone table closer to the house. The choreography of the"
action,move,1997,SPOK,ABC_GMA,"exactly. KEVIN NEWMAN: And what other tricks do you use to keep the action moving? NELSON DeMILLE: Well, that trick too, but that came from"
action,move,1997,FIC,Esquire,"commitment to be noncommittal; for him, accuracy depends on neutrality. As the action moves inexorably toward ritual violence, the narrator's detachment becomes more chilling because he"
action,move,1997,NEWS,USAToday,to be ambassador to Mexico simmered all summer with offstage sniping and posturing. The action moves onstage Friday at a Senate Foreign Relations Committee meeting that could decide Weld's
action,move,1997,TV,"Sabrina, the Teenage...","okay. Idon'thavetimejusttnow. There'satrollinmyroom. I'lltellyouaboutitlater. Did she say Troll? Testinal peristaltic action moves food through the body, making digestion both a mechanical and chemical process."
action,move,1996,NEWS,SanFranChron,"is anti-choice makes "" Keeper, "" despite its dependence on violence to keep the action moving, a keeper as a novel. # A medical theme again surfaces in"
action,move,1995,SPOK,NPR_Morning,"and gas tax shelters, and once people got wise to- to that, the action moved elsewhere. I think that what is so extraordinary, in terms of this"
action,move,1995,NEWS,CSMonitor,"# Talks among nations of the Asian-Pacific Economic Cooperation forum about putting free-trade principles into action moved closer to agreement yesterday, two days before APEC's annual summit in Osaka"
action,move,1994,NEWS,NYTimes,"all his supposed empathic abilities, Mr. Gephardt has a decidedly partisan edge when the action moves to the floor. And to many Republicans in the House, he is"
action,move,1994,NEWS,WashPost,"in the Broadway Market. # In summertime, row houses sizzle, and the action moves outside. Right on the sidewalk, families eat steamed crabs off newspapers;"
action,move,1994,NEWS,Houston,"English lady whose fiance elopes with her cousin and whose grandmother plots revenge. The action moves from England to the big-sky country of Montana. # "" Blessing in Disguise"
action,move,1994,ACAD,MechanicalEng,"motion. When a left- and right-hand thread lead screw is specified, the reciprocating action moves the objects together or apart. Uses for this type of motion include centering"
action,move,1992,MAG,RollingStone,"story or a fantasy or an idea about someone.' # # As the action moved off the road and stage and into the studio, more than ever rock"
action,move,1991,FIC,Bk:SumAllFears,", it pushes up rather than down, because pushing up is easier. That action moves rocks in the soil to the surface, and so fields grow rocks,"
action,move,1991,NEWS,NYTimes,"are computer generated, respond, and how will the scene shift to keep the action moving? # Mr. Lanier of VPL Research said the virtual movie theaters his company"
action,move,1991,ACAD,ArtBulletin,"organized along a sharp diagonal movement that commands the spectator's gaze and keeps the action moving at a fast pace. In plate 3, where Death entertains the crowd"
actor,move,2019,ACAD,Molecular Autism,"Key frames created using Tobii Studio were used to adjust oval size and location as actors moved in 3D space (i.e., ovals became larger as actors moved closer to"
actor,move,2019,ACAD,Molecular Autism,"and location as actors moved in 3D space (i.e., ovals became larger as actors moved closer to the camera and smaller as they receded), with dynamic interpolation"
actor,move,2019,ACAD,Molecular Autism,"Key frames created using Tobii Studio were used to adjust oval size and location as actors moved in 3D space (i.e., ovals became larger as actors moved closer to"
actor,move,2019,ACAD,Molecular Autism,"and location as actors moved in 3D space (i.e., ovals became larger as actors moved closer to the camera and smaller as they receded), with dynamic interpolation"
actor,move,2017,ACAD,Chasqui,"information in the performance happens just before Paolini tells us Lossa's story. The actor moves to an adjacent room, drinks a cup of water, while the camera"
actor,move,2015,FIC,NewEnglandRev,"ever seen and only substituted coats and locations while he was sleeping, like an actor moving between stages. Harris asked her if she minded if he removed his shirt"
actor,move,2015,ACAD,JAdolAdultLiteracy,"videotexts, including how image on the screen is constructed, how the figures and actors move through time and space, and the technical conventions that go into filming ("
actor,move,2012,MAG,NewRepublic,"from noticing the uncertain or slovenly fit between shots. The camera moves, the actors move: in Moulin Rouge, the camera swings wildly over masses of men in"
actor,move,2012,WEB,fastcocreate.com,"music, and played the music back on set during the shooting, so the actors moved in a certain way. "" 1951 # The Third Man: "" Carroll"
actor,move,2012,WEB,blog.zap2it.com,. # The CG crew used motion capture in Los Angeles to get footage of actors moving as zombies and now they've got several CG walkers they can insert in
actor,move,2012,WEB,jungletheater.com,""" Director Sarah Rasmussen's wonderfully wrought production blossoms on the Jungle Theater stage... Actors move with intention, not aimlessly to create pace. That is the sign of"
actor,move,2012,WEB,hrw.org,"serve as a catalyst to ensure that all governments - including donors - and international actors move quickly to develop and support drug control policies that truly respect, protect,"
actor,move,2012,BLOG,mpettis.com,"changing (dynamic), which of course real life is. # Each autonomous actor moves along optimizing local gradients, and some are finding a more efficient gradient,"
actor,move,2012,BLOG,...htheaterbloggers.com,"show, "" The Ballad of Sweeney Todd. "" During this number, the actors moved with deliberation and sang with intense precision. Like many in the musical,"
actor,move,2010,NEWS,NYTimes,"the production required not only careful choreography but also attention to breathing, because the actors moved quickly from dexterous combat to swiftly paced dialogue. #'' Probably the"
actor,move,2008,FIC,Bk:BlackOlives,"frozen, like one of those scenes in a movie where only two of the actors move and all the rest are completely still. Like that romantic scene in West"
actor,move,2006,FIC,SouthernRev,". The costumes were either leotards or togas, black or white, and the actors moved a large red crown from head to head when power was transferred. She"
actor,move,2005,MAG,Entertainment,"the remotest reaches of Alberta, Canada (cheaper than shooting Stateside), the actors moved to their separate corners and funneled their fear and isolation into their characters."
actor,move,2003,FIC,HarpersMag,"breasts, which, as she spoke, rose and fell behind her sweatshirt like actors moving behind a curtain? # "" You're probably right, "" he said"
actor,move,2002,NEWS,NYTimes,"a cloudburst during Act I interrupted the performance. But no one left; the actors moved to an indoor lounge, the blocking was reinvented (I remember Goneril on"
actor,move,2001,MAG,GoodHousekeeping,Will you move? You've lived in this house a long time. Most actors move so often. I don't know if I'll move. I've
actor,move,2000,ACAD,ArmedForces,is meant to govern the rational use of violence in order to keep a political actor moving along a road that stands a realistic chance of obtaining its goals. If
actor,move,1999,FIC,SouthernRev,""" Yeah! You got it, slick! "" the audience will scream at actors moving stiffly toward a shootout or a teary embrace. # "" Brother dead!"
actor,move,1998,ACAD,HispanicRev,"a moveable partition. Under the "" violent light "" of four bulbs, the actors moved on a kind of inclined platform among small props that made them appear larger"
actor,move,1995,NEWS,SanFranChron,"Medium, "" which Bogart developed in collaboration with her New York company, the actors move at a furious pace through a sequence of rigorously choreographed movements. One critic"
actor,move,1992,MAG,TIME,"2105611 The three bullet-headed, blue-colored actors move about the stage in eerie, wordless unison. They bang away at kettledrums"
actor,move,1990,MAG,Weatherwise,"and white-colored corn flakes (falling snow). The problem was that when the actors moved they would "" crunch, "" making the soundtrack unusable and forcing them to"
actor,move,1990,ACAD,Ethnology,"s genealogy back to the Prophet. # In religion, as in politics, actors move between the orthodoxy of the front region and the divergence and diversity of back"
action,shift,2019,MAG,Hollywood Reporter,"the only menace heading into the final season. Early in the trailer, the action shifts to the open seas, as we see the Greyjoy fleet boasting some strange"
action,shift,2019,NEWS,New York Times,"funding for a particular policy. # But as the debate over Mr. Trump's action shifts to courtrooms, legal experts warned that its fate may turn less on such"
action,shift,2017,ACAD,Washington Law Review,"("" By the 1980s and 1990s, consternation about the 1966 expansion of class actions shifted markedly as defendants learned how to use class actions to accomplish the goals they"
action,shift,2015,MAG,GolfMag,Mike Trout do the exact same thing when they hit home runs. This knee action shifts your energy toward the target (good for any hitting activity) and helps
action,shift,2014,FIC,Bk:PeopleMorningStar,"the problem some thought? "" # He barely lifted a scarred eyebrow. The action shifted the beaded forelock that hung down over his forehead. "" When the time"
action,shift,2013,SPOK,PBS_Newshour,term. But it really is starting. We have seen a lot of the action shift to the states. You have got Democratic governors making moves on this.
action,shift,2012,WEB,amazon.com,"empire in the Congo in the late 19th and early 20th Centuries. But the action shifts back and forth from England to Ireland to Belgium, with episodes alternating from"
action,shift,2012,WEB,...dreport.blogspot.com,"imperial defeat and collapse. As the war in Kenya reaches a climax, the action shifts to the United States -- and to a president who has his back to"
action,shift,2012,WEB,nplusonemag.com,"up anxiety about the drug among the press. # In the 1990s, the action shifted to the states, twenty-four of which enacted some version of a "" habitual"
action,shift,2012,WEB,tvtropes.org,"example who usually appeared to taunt or hinder Ness. Mother 3 however... his actions shifted more towards Complete Monster territory, transforming a peaceful island's plants and animals"
action,shift,2012,WEB,blu-ray.com,"with dim, nearly lifeless colors. The image quality picks up considerably when the action shifts back into the 1940s. Suddenly, colors are vibrant, details steady,"
action,shift,2012,BLOG,avclub.com,"its predecessor.) In this sequel to a spin-off to a sequel, the action shifts to Constantinople, as Ezio Auditore, the James Bond of the Renaissance,"
action,shift,2012,BLOG,ribbonfarm.com,"tamed in the early 1800s, but the technology genie had escaped. # The action shifted to two huge wildcards in world affairs of the 1800s: the newly-born nation"
action,shift,2012,BLOG,ribbonfarm.com,nevertheless. Within the next 10 years or so. # What happens as the action shifts? Kaplan's Monsoon frames the future in possibly the most effective way.
action,shift,2010,MAG,USAToday,"great teams, the leader no longer is the ber decisionmaker. Much of the action shifts to subteams. where the decisions tend to be reached by consensus or consultativeIy."
action,shift,2007,NEWS,Denver,"drivers 60 and older free. Every other Sunday on the same weekends, the action shifts to the "" pro "" racers, who run with helmets, roll cages"
action,shift,2004,MAG,AmHeritage,"Marshall Field were bringing into being. In the second half of the novel the action shifts to New York City, a bigger, more powerful, and vastly more"
action,shift,2003,NEWS,CSMonitor,"and set-asides in such circumstances. # From that moment, the debate over affirmative action shifted in a fundamental way. Rather than black-white equality, the goal became diversity"
action,shift,2000,NEWS,CSMonitor,"shoot, use water cannons or horses, and they could have. "" The action shifted to the nearby state television building, and a gun battle there. Emerging"
action,shift,1999,ACAD,HispanicRev,"who effectively disappears at the end of Act 1, does not reappear until the action shifts to the Spanish court of Fernando and Isabel very late in Act III."
action,shift,1991,NEWS,WashPost,"n't stray, and wants to be the next Donald Trump. # The fast-paced action shifts between Jamaica and San Francisco with bodies accumulating in both places. It seems"
action,shift,1991,ACAD,Ethnology,"and immobilized by the cold of the mountain stream's waters. At dawn the action shifts to the pante, the uncovered verandah of the house, where the climactic"
action,shift,1990,MAG,USNWR,"pollution-control laws and no-frills medicare coverage for the uninsured. # But as the policy action shifted from Capitol Hill to statehouses, so too did big-money influence. In Georgia"
act,move,2019,NEWS,cleveland.com,", the Nominating Committee decides to load the ballot with an abundance of 1990s rock acts moving forward, votes could get split. # Don't Edit # Gustavo Caballero"
act,move,2013,NEWS,CSMonitor,"of the total population) are remaining in place, even as the Affordable Care Act moves toward full implementation. So, if that's true, then only a"
act,move,2012,WEB,techcrunch.com,"has been built as about building new value through new initiatives. This delicate balancing act moves a company from a "" startup "" to "" traditional company building, """
act,move,2012,BLOG,...ealclearpolitics.com,"materials do not mention specific candidates. Non-partisan messaging by IWV on the Affordable Care Act moved presidential preferences by a net 14 points, compared with a control group that"
act,move,2003,NEWS,NYTimes,an attractive but stilted stage actress who cannily woos the married Mao. The second act moves forward from a scene of outraged protests by the Politburo over the chairman's
act,move,1998,ACAD,AmerStudies,the Canadian constitution technically had to be passed by the British parliament. The 1982 act moved the amending power to Canada and removed all vestigial British involvement in Canadian constitutional
act,move,1996,NEWS,Denver,"upbeat about the opportunities. Sen. Mike Coffman, R-Aurora, says he thinks the act moves the pendulum back in the direction of personal responsibility. # He says that"
act,move,1993,MAG,MotherJones,"1967 to 19#9 showed only small ups and downs in violence, with the violent acts moving from one time slot to another but the overall violence rate remaining pretty steady"
act,shift,2017,ACAD,BYU Law Rev,"the time it was enacted into law, the focus of Section 1 of the act shifted from inhabitants (presumably meaning any person living in the United States, including"
act,shift,2003,MAG,USAToday,"a radical change within the power structure of Federal criminal justice. The Sentencing Reform Act shifts the traditional balance between legislative and judicial branches, with court discretion in punishment"
act,shift,2002,ACAD,HispanicRev,"suitors must undergo in order to win her hand, the emphasis of the final act shifts to the competition between homosocial and heterosexual bonds because the final two candidates,"
actor,shift,2012,WEB,brookings.edu,"such as the victory of Hamas in the January 2006 Palestinian legislative elections, both actors shifted some way back toward realist alliance-building with autocratic Arab regimes. Additionally, both"
actor,shift,2012,BLOG,racebending.com,". AND guess what? MOST OF THE CHARACTERS ARE WHITE. THEREFORE, white actors shift in and out of different story lines and characters more flexibly, BECAUSE MOST"
thinking,move,2012,ACAD,ReadingImprovement,his/her new knowledge of language and also using symbols to represent objects. This symbolic thinking moves beyond connecting sensory information to physical actions. The third stage is the concrete
thinking,move,2012,WEB,huffingtonpost.com,"in wage deductions increase as my wages increased, but never did greed or errant thinking move me to complain or make me forget that this system was my only guarenteed"
thinking,move,2012,BLOG,blogs.suntimes.com,years!!! # Ouch! I must admit I stated out writing this thinking moving the Earth would be easier than that! # Oh well. Sometimes the
thinking,move,2008,ACAD,TheologStud,it captures something new in the developing structure of late medieval society. Early medieval thinking moved in a binary framework that reflected the feudal social division of rich and poor
thinking,move,2005,ACAD,ChurchHistory,"by the convert-intellectual, Orestes A. Brownson. From the mid 1850s, Brownson's thinking moved in an increasingly liberal direction, and the seminary critique reflected the shift in"
thinking,move,2004,FIC,Commentary,"you a minute. "" # Now, like clouds dappling the sea, the thinking moved perceptibly across Roger's eyes. "" I've been sent to help you"
thinking,move,2004,ACAD,October,"antithetical if not antinomic perspectives. (n108) # The antinomies in which Benjamin's thinking moved still speak to contradictions in media culture itself, and in a political sphere"
thinking,shift,2017,ACAD,The Review of Metaphysics,"4170581 # DAS Gespräch mit Parmenides kommt nie zu Ende. 1 As Heidegger's thinking shifts in the early 1930s, he pays increasing attention to the Presocratics, commencing"
thinking,shift,2014,MAG,NatlReview,"For a variety of reasons, the Republican party and other major sources of conservative thinking shifted away from foreign-policy realism in the years after 1991. This is a serious"
thinking,shift,2013,NEWS,OrangeCR,"take a too-high amount of the drug. Beginning in 1996, however, the thinking shifted. With a promotional push from pharmaceutical companies and New York pain care specialist"
thinking,shift,2001,ACAD,Mercury,"rate had decreased; the next day, it decreased yet again. # His thinking shifted at this point. He became convinced that the pulsar's period was actually"
thinking,shift,2000,ACAD,EnergyJournal,"of these ideas, but especially the first two, the central ground in economic thinking shifted. Of course, the range of views in the economics profession on such"
thinking,shift,1991,MAG,Sierra,"n't perceive the Amazon basin as an environment that needed saving. # But his thinking shifted in the 1960s while working for "" National Geographic, "" photographing and writing"
think,move,2012,WEB,patheos.com,repealed! So this surprises me not at all (although it does make me think moving to NZ would be a lovely thing if all those misinformed RWers don't
think,move,2003,SPOK,NPR_TalkNation,"mowers, and you're standing on it. All you have to do is think moving forward and it moves forward, and it has a little knob on the"
feeling,go,2019,FIC,Fan Fic,"felt this wonderfully pleasurable feeling and looked up to see his muscles coiling from the feeling going through him as well # "" Meghan, "" he groaned, "" I"
feeling,go,2019,ACAD,Studies in the Novel,"to illustrate his reluctance to intervene directly when confronted with oppression. His extension of feeling goes only so far. As his body fails, the Bishop recalls searching for"
feeling,go,2017,FIC,Analog,"agreed, if he'd overheard Grott's comment. As far as lack of feeling went, even the shipyard shifts weighed hard on a body that had no ability"
feeling,go,2017,FIC,FantasySciFi,"If I was only doing the bracelet's bidding, then why haven't these feelings gone away? "" # Albino looked terribly sad. "" Alas, my friend"
feeling,go,2017,MAG,Hollywood Reporter,What was the mood and the state of everybody? And what was the general feeling going on for everyone in Paradise at the time? I think you're going
feeling,go,2016,NEWS,Virginian-Pilot,# Looking for purple bands is just one more good excuse to keep that spring feeling going.  Close Encounters # What surprises or puzzles have you come across in
feeling,go,2016,TV,Last Man Standing,"Men are so frustrating. Oh, honey, I wish I could say that feeling went away. - (Sighs) - Mm-hmm. Kyle and I are having"
feeling,go,2015,TV,Dragons: Riders of Berk,", you and I. Sworn to protect. - How do I make this feeling go away? - You don't. You can't. So, you"
feeling,go,2015,TV,A to Z,"something special with somebody, and it's... it's hard to make those feelings go away. That's exactly what I'm saying. [Chuckles] Hey, so"
feeling,go,2014,SPOK,ABC: 20/20,"you love someone in your heart, you know, how can you make those feelings go away? DAVID-MUIR# (Off-camera) So, do you believe this was all a joke"
feeling,go,2014,MOV,Land of Leopold,crazy dream... with a happy ending. I don't wan na let this feeling go. When I was ready to give up... life wouldn't let me
feeling,go,2013,FIC,IowaRev,A body. Flesh hanging off bone. Nothing anymore. The spirit gone the feeling gone and the passion gone. A fighter on the canvas. The new champ
feeling,go,2013,MAG,Essence,"sex without remorse took a little time. "" Prayer helped, and those guilty feelings went away so we could share the joys of marriage, "" she says."
feeling,go,2012,FIC,Bk:HeartKiller,". # "" It's with Legal Aid, "" he said, as my feelings went from mixed to outright negative. "" You're to see an inmate in"
feeling,go,2012,MOV,Black Rock,"curse the bad I've done # # if there's a time when your feelings gone # # I wan na feel it # you can holler, you can"
feeling,go,2012,WEB,fit.webmd.com,eat because of emotions like being bored or lonely. You try to make those feelings go away by eating. # It can be hard to tell the difference between
feeling,go,2012,WEB,...imateenpregnancy.com,", I mean I could not believe it. There were so many emotions and feelings going through my head that I just froze for a while. # I just"
feeling,go,2012,WEB,...iisnotavegetable.com,"miles, with no end in sight. # I'm going to keep that feeling going this summer, and into the fall, and winter. I'm determined"
feeling,go,2012,WEB,ichelp.org,"but once I get going, and the area seems to be numbed, the feeling goes away and I'm good to keep going! I think happy thoughts,"
feeling,go,2012,WEB,lyricsmode.com,so happy Walking hand in hand beneath the sun Now I found the brand new feeling going deep inside And it's plain to see the best is yet to come
feeling,go,2012,WEB,catay.com,"then I had children and then he left, after he left, that lonely feeling went away after I went through a couple of years of counseling, and then"
feeling,go,2012,WEB,archiveofourown.org,"long time, and no matter how hard he tries he can't make the feeling go away. # Emma looks up at him then, exasperation written in her"
feeling,go,2012,WEB,hitfix.com,s that about??? Does she think it's going to make her feelings go away - she doesn't love that kid and she knows it and Hank
feeling,go,2012,WEB,slideshare.net,"She was engaged now. She hadn't come here for this. Yet.Yet the feeling went on despite herself, and for a brief moment she felt fifteen again."
feeling,go,2012,WEB,wrongplanet.net,"angry, try calmly to make him explain why he feels angry, and what feelings goes through his head, so he starts thinking about the situations himself, reflecting"
feeling,go,2012,WEB,sarahwagneryost.com,ve always felt like a bit of a freak. I tried to make that feeling go away by trying to fit in with normal types. But I couldn't
feeling,go,2012,WEB,m.fanfiction.net,"# So here he was, sitting on his couch, trying to make this feeling go away. It seemed the harder he thought about them, the stronger they"
feeling,go,2012,WEB,43things.com,"but I know that would be hard on me and it wouldn't make these feelings go away # I wish I could stop seeing his posts on facebook, they"
feeling,go,2012,WEB,elephantjournal.com,"it was best to smooth things over. # Roland thought he could let his feelings go, even though he felt that John was being controlling, judgmental, and"
feeling,go,2012,WEB,...fantasy.blogspot.com,a man prepared to say or do anything to gain and keep power. This feeling goes beyond the usual suspicions the opposition has to any president. # What has
feeling,go,2012,WEB,deadspin.com,"talk about how it feels to win the lottery, If he had a good feeling going into the lottery, how big this is for the Cavs, whether or"
feeling,go,2012,WEB,deadspin.com,"there, it was a special night. "" # If he had a good feeling going into the draft: "" My gut said we had a good chance on"
feeling,go,2012,WEB,bloomberg.com,really mean it's time for him to go? # Most of the bad feeling goes back to the first year or so of the Obama presidency. And in
feeling,go,2012,WEB,justsomelyrics.com,"won't you believe it? Once in a long time, Love is the feeling Gone with the night wind, Gone with the night # Love is only for"
feeling,go,2012,WEB,...nvillea.hubpages.com (2),"message. Tell him that you can't stand your situations anymore. You feelings goes deeper and deeper everyday. But warning, Only say that words to him"
feeling,go,2012,WEB,...ment.fortune.cnn.com,"it was a very divisive and hard-fought election and there were a lot of bad feelings going into the White House. Given that, what was your game plan then"
feeling,go,2012,WEB,psychologynet.org,said to me that we grew apart. Now I feel as if all my feelings went to waste. My other best friend is visiting her sister for the summer
feeling,go,2012,WEB,wisegeek.com,"cold to the touch. The one weird thing was that I felt this tingling feeling going from my shoulders, down my spine, and my mouth got really dry"
feeling,go,2012,WEB,wisegeek.org,"because I had my kids with me, so I controlled my mind and the feeling went away. I'm scared it will happen while driving, anyone knows something"
feeling,go,2012,WEB,pjmedia.com,"about you, and maybe even prescribe a pill to make all the bad memories/hurt feeling go away. # The point of this whole post was not to have you"
feeling,go,2012,WEB,pjmedia.com,"about you, and maybe even prescribe a pill to make all the bad memories/hurt feeling go away. # Ah, if the act of sex is started, and"
feeling,go,2012,WEB,...coffee.wordpress.com,"n't turn away from the things that hurt, because that doesn't make the feeling go away. It just means I'm too scared to face reality. #"
feeling,go,2012,WEB,sing365.com,your own conclutions and the first time i heard the song my thoughts and gut feelings went instantly to the storys i had heard about mount pinatubo... expecially as the
feeling,go,2012,WEB,news.msn.com,National Election Studies began polling on the subject in the 1970s. # And these feelings go beyond where one side or the other comes down on any particular issue.
feeling,go,2012,WEB,amazon.com,"she could have ended the book the same, but could have made that hopelessness feeling go away just a little. Because what is life if there is no hope"
feeling,go,2012,BLOG,wineandpop.com,". A 12-year-old boy's first love can run deep, at least while that feeling goes unrewarded. It doesn't fall victim to the cliché "" will they wo"
feeling,go,2012,BLOG,...attractionforums.com,"Im kinda mad that she thinks this about me, but its also a weird feeling going from hanging out with this person for a long time to them straight up"
feeling,go,2012,BLOG,...eapskateprincess.com,picked up a couple of tricks through the years that help me keep that Disney Feeling going when I am nine hours away from Main Street. If you are planing
feeling,go,2012,BLOG,...portion.blogspot.com,"to doing it. the world is gon na need a whole lot more good feeling going around, and it's up to each and every one of us to"
feeling,go,2012,BLOG,...piness.wordpress.com,way of their closeness and now their relationship was becoming unrecognizable. Where had the feelings gone? The woman was smart enough to know that the key to a strong
feeling,go,2012,BLOG,dagblog.com,", FEMA may not be doing the bang-up job expected, but that was the feeling going into Nov 6, and it's still likely Romney despite anti-FEMA statements would"
feeling,go,2012,BLOG,voice4america.com,""" (much like Mitt must have felt when his private video about his true feelings went public)... and I also love the fact that he put in writing"
feeling,go,2012,BLOG,azpundit.com,", that to be unintelligent is to be more unhuman? A # Lots of feelings go to the relatives of the victims!!! I do highly estimate the"
feeling,go,2012,BLOG,azpundit.com,decision not to extend permissions for carrying weapons to such individuals. # Lots of feelings go to the relatives of the victims!!! I do highly estimate the
feeling,go,2012,BLOG,hbswk.hbs.edu,"s mind. If there is a biasing thought in the mind or an undesirable feeling going on inside related to the issue at hand, it can corrupt intuition."
feeling,go,2012,BLOG,ourbodiesourblog.org,took a pregnancy test 3 times and all they came back is negitive.i wish these feelings go away.ive seen the doctor and he said the depo injection will ware off in
feeling,go,2012,BLOG,angiesmithonline.com,"His will -- yeah, so true.. and why can't it make the feeling go away?? Know that you'll be prayed for -- that everything will"
feeling,go,2012,BLOG,...appiness-project.com,"the phenomenon nicely: "" Action seems to follow feeling, but really action and feeling go together; and by regulating the action, which is under the more direct"
feeling,go,2012,BLOG,...goddard.blogspot.com,"with or without kids, and having them doesn't seem to make the 50/50 feeling go away. # I felt exactly the same. In the end I decided"
feeling,go,2012,BLOG,tonjaweimer.com,"kinds of situations can hurt--a lot. But before you let your mind and your feelings go down old roads with the deep ruts you can't get out of,"
feeling,go,2012,BLOG,wdtprs.com,"on his more aggressive campaign. Nation is really divided and a lot of intense feelings going around. Didn't see the movie, but read about it, apparently"
feeling,go,2012,BLOG,feministe.us,"underlying the bad behavior, and then even wilder guesses at what might make those feelings go away, is not effective or helpful. # 2. This complaint that"
feeling,go,2012,BLOG,...appiness-project.com,"described this phenomenon: "" Action seems to follow feeling, but really action and feeling go together; and by regulating the action, which is under the more direct"
feeling,go,2012,BLOG,comicosity.com,"amount of people saying "" Just get over it "" is going to make that feeling go away. You say, "" Why look for reasons to dislike comics?"
feeling,go,2012,BLOG,...d-negro.blogspot.com,"you that he would lose-- but honestly, you have got to let those hard feelings go. # "" The owner of the Southwest Shooting Authority took out a full"
feeling,go,2012,BLOG,psychforums.com,"have my doubts, like you. I don't know how far back this feeling goes. # I've done a little reading about what it means to be"
feeling,go,2012,BLOG,fabiusmaximus.com,with revelo. I talk fairly frequently with a number of gold bugs and their feelings go way beyond his comment. # The reason the gold bugs covet gold is
feeling,go,2012,BLOG,balloon-juice.com,"the Vote. Too bad for them, there evidently wasn't enough Trueing or Feeling going on Tuesday night. # Romney has proven how delusional his thinking was all"
feeling,go,2012,BLOG,sheilaomalley.com,"and awesome when we were lost, and did what he could to keep that feeling going in his classroom. He was awful. He was a tricky teacher,"
feeling,go,2012,BLOG,srtmotorsports.com,"first Nationwide win. When you have those kind of warm and fuzzy and positive feelings going into a racetrack, it's hard to deny it. With having that"
feeling,go,2012,BLOG,americanfolklore.net,"unpacked. "" What nonsense, "" I said aloud, trying to make the feeling go away. "" What did you say? "" Frank asked, looking up"
feeling,go,2012,BLOG,blog.fitkit.com,"boredom, anxiety and all other negative emotions. Food does not make these bad feelings go away and it doesn't give you comfort. To eat when you are"
feeling,go,2012,BLOG,purefreedom.org,"flirty, you might be more apt to return the flirting to keep that same feeling going. If you are secure and strong on your marriage or realtionship, this"
feeling,go,2012,BLOG,dailycupofyoga.com,my new and beautiful surroundings. Your post was perfect timing to keep my adventurous feelings going now that I'm back home and back to my daily routines. Everyday
feeling,go,2012,BLOG,aintitcool.com,you fought him. it wasnt integral to the game but it was an awesome feeling going against the master assassin. the ridler trophy rooms was fucking hard i was
feeling,go,2012,BLOG,...rwoman.wordpress.com (1),"helps her sleep, I am not seeing that. It makes that nervous feeling go away but I'm still awake. # My husband looks better. He"
feeling,go,2011,SPOK,NPR_TalkNat,"their United Nations membership dues. So, you know, U.S. officials had the feeling going into this that he's bought off plenty of African leaders, and the"
feeling,go,2011,FIC,Bk:HeartwoodNovel,"up one day and wanted immortality when you never had it before. But her feelings went deeper than that. Her religion, and the holidays that were such an"
feeling,go,2011,FIC,Bk:DesireWickedDuke,"so desperately attracted to a man she disdained? Tess wondered. No, her feelings went far, far beyond attraction. This was sheer yearning. She felt stunned"
feeling,go,2011,FIC,Analog,"done once as a kid on vacation with his parents on Earth- and then the feeling went away. # "" Okay, "" he said as he blocked the crimescene"
feeling,go,2011,MAG,Esquire,", you're trying to figure out what you need to do to keep that feeling going, or prepare for the inevitable crash that's coming soon. # >"
feeling,go,2011,NEWS,USAToday,"to help our team win. # "" At this point in the season, feelings go out the window. We're trying to win a championship. We ca"
feeling,go,2011,NEWS,SanFranChron,""" before the game and Skipper said there was "" more intensity and a special feeling going into the game. "" # "" We didn't know the league was"
feeling,go,2010,MAG,SportingNews,certain easiness and calmness to do it. There's nothing better than having a feeling going up there: I want to be in that situation; I can't
feeling,go,2010,MOV,Order of Chaos,"you struggle with everything, don't you? Yes, I do. That feeling goes away the second you start fighting back. We're getting a drink tonight"
feeling,go,2009,MOV,Now & Later,for what it is... and don't be afraid to walk away when the feeling goes. But how do you... truly enjoy something when you know it's
feeling,go,2009,TV,Rescue Me,"you're gentleman. You're a gentlemanly guy, and so all the bad feelings go out the window, because she sees you being a gentleman. All right"
feeling,go,2008,TV,Smallville,"through. Maybe, but just because your relationship's over Doesn't mean the feelings go away. I'd be lying if i said i didn't watch the"
feeling,go,2004,MOV,A Killer Within,"that, Iie down... on your eight thousand dollar leather couch... till the feeling goes away. Sam, I? m serious right now. No, Addison"
feeling,go,2004,TV,Queer as Folk,"As a matter of fact, I think you've got a lot of contradictory feelings going on here. Oh, is that so? Yeah. I knew from"
feeling,go,2002,MOV,I Am Trying to Break Your Heart,"Why, I wonder, is my heart full of holes # # And the feeling goes but my hair keeps growing # # Will I set the sun # #"
feeling,go,2002,MOV,Comedian,"that I'm actually starting to feel comfortable going onstage... not having that not-good feeling going up "" This might not work, "" which, you know, I"
feeling,go,1996,MOV,Emma,him! He is a fine choice for you. But do not let your feelings go until you are sure of his. I give you this caution now because
feeling,go,1996,TV,Touched by an Angel,blue?? Till you've had?? That mood indigo?? That feeling goes stealing down to my shoes?? While I just sit and sigh?
feeling,go,1995,MOV,Before Sunrise,- Yeah. I know what you mean. - But as far as sexual feelings go???? it started with an obsessive relationship????
feeling,go,1994,MOV,Eagles: Hell Freezes Over,"You're loosin' all your highs and lows Ain't it funny how the feeling goes away? Desperado, why don't you come to your senses? Come"
feeling,go,1990,TV,Full House,girls with their moms and feel the same way. How do you make the feeling go away? It's hard. But something that helps me is....
feeling,go,2010,FIC,FantasySciFi,"you about the uncanny encounter of standing inches from your own younger self. The feeling goes beyond description. It was, at once, thrilling and frightening. """
feeling,go,2009,SPOK,NPR_NewsNotes,"case. They are the only 13-and-0 team in the country. I had a feeling going into the Alabama game, they were going to win. I just wish"
feeling,go,2009,FIC,Bk:WhisperWarning,"was in the car with the victim when he was shot. "" # His feeling went from bad to very bad. He turned around to face the patrol officer"
feeling,go,2009,MAG,Cosmopolitan,"her family explained that they only wanted to protect her, she eventually let those feelings go. A Tearful Reunion Soon after, Georgette wrote her father a letter,"
feeling,go,2009,MAG,Cosmopolitan,"sure before, I suddenly felt anxious -- was I ready for this? That feeling went away when I told Eric, and he said, "" That's great"
feeling,go,2009,MAG,SatEvenPost,". When I sit on the chair edge or get up and walk, the feeling goes away. Is there any cure for heart flutter? # Zipes: I"
feeling,go,2009,ACAD,Writer,"a faith in yourself. If you want to write once or twice and the feeling goes away, let it pass. If you feel you have some great stories"
feeling,go,2008,SPOK,ABC_Primetime,him behind bars. JUDGE-1MALE2-# You will be serving 30 days. I have a feeling going to jail is going to have a pretty serious impact on him. He
feeling,go,2008,SPOK,CNN Newsroom,"We've been talking all tonight primarily about John McCain. How confident is Obama feeling going into this? CANDY-CROWLEY-CNN: Look, they're feeling pretty confident because they"
feeling,go,2008,FIC,Bk:BlackOlives,"I've got my back to him and he doesn't notice me. // This feeling goes through me, like my cell phone's on vibrate and it's going"
feeling,go,2007,SPOK,NBC_Dateline,"Det-ROZANSKY: Double ligature marks around her neck. MORRISON: (Voiceover) It got a feeling going in his gut, reminded him eerily of an old case that had haunted"
feeling,go,2007,SPOK,CBS_Early,"Lafayette, LA Construction Worker SMITH: Did you have -- did you have a feeling going into tribal council, then, that your -- that your number was up"
feeling,go,2007,SPOK,NBC_Today,"was sullen, he was resentful, he kind of had this simmering kind of feeling going on inside him that was about to blow. He was... VIEIRA:"
feeling,go,2007,FIC,Bk:AbnerMe,"one day, I decided to keep holding on to the card. That buzzy feeling went up my arm and across my body. And the next thing I knew"
feeling,go,2006,MAG,FieldStream,"spends most of his free time at Dixon. "" You always get that magical feeling going up there that any day could be the day, "" he says."
feeling,go,2006,NEWS,SanFranChron (1),"living on the edge, "" said Becker, the historian. # That feeling goes back into the region's DNA. Only one song, a dance chant"
feeling,go,2006,NEWS,Denver,"proposal. # "" She said' yes,' and I felt the loneliness feeling going away really quick, "" says Oakley, whose wife died 10 years ago"
feeling,go,2005,SPOK,NPR_Daybreak,about choices as it is about class. Mr-FELLOWES: There is a sort of feeling going around at the moment that if you make a choice and it's the
feeling,go,2005,NEWS,Denver,"Saturday's performance. The actors party until midnight, never wanting to let the feeling go. # But the day's frozen moment in time was when that audience"
feeling,go,2004,FIC,FantasySciFi,". Like having the runs, sort of. After a couple days, the feeling goes away. And the bright can't get to you as easy. """
feeling,go,2004,FIC,SCarolinaRev,"is a jungle-a private ecosystem, with its own struggles for memories and thoughts and feelings going on all the time. What do you think of that? "" #"
feeling,go,2004,FIC,MassachRev,"breathing very heavily, Michael. I have a very obscene phone call kind of feeling going on here, you're breathing so hard.You wouldn't be having a heart"
feeling,go,2004,MAG,RollingStone,"openly smoked pot in the cafeteria. "" There was this heavy, radical punk feeling going around, "" Pardo says. "" So I tried to integrate that with"
feeling,go,2004,NEWS,SanFranChron,", for plenty of valid reasons, it isn't "" garbage. "" That feeling goes beyond the truth that the cream of today's crop -- Kevin Garnett,"
feeling,go,2003,FIC,Bk:ActingOut,"in my shoe. Too big to ignore, but eventually I did and the feeling went away, or I should tell you I made it go away. I"
feeling,go,2003,NEWS,Houston,"win for me. "" # McClean said that it was a good, positive feeling going out on the field at Buddy Moorhead Stadium for the first time as the"
feeling,go,2003,NEWS,Chicago,"# Byrne struggled to say, "" It's devastating. "" # The same feelings went far beyond Wrigley Field. # "" I tried not to get too involved"
feeling,go,2001,FIC,ChicagoRev,"into the trees. # Then I heard Bobbie calling my name, and the feeling went away. He was waiting at the road's end with a dark-haired young"
feeling,go,2001,FIC,Bk:EndRainbow,was right after all about a young girl burdened with a woman's body. Feelings went off like alarms through my breasts and down into my thighs. We kissed
feeling,go,2001,MAG,Shape,"Instead of holding on to negative feelings or viewing yourself as a victim, let feelings go by reconciling, restructuring or, if necessary, even ending relationships. Be"
feeling,go,1999,MAG,GolfMag,"give confidence. FEEL JACK: Head is on heavy side at set-up, but feeling goes away during swing. Bad shots don't sting or feel bad. WILSON"
feeling,go,1999,NEWS,WashPost,"rap on Friday night, Burleson felt different for a little while. The outcast feeling went away. "" It was really great. All the people were into it"
feeling,go,1999,NEWS,Chicago,"I could pick up the Daily News and read what he had written. That feeling went on for years, up until his death. # I'm glad to"
feeling,go,1999,ACAD,ABAJournal,"going to patch up. But it can really help to have a good settlement feeling going forward, a sense that it may even be possible for the same players"
feeling,go,1998,SPOK,CNN_KingWknd,": Yes. KING: Why? D. KING: Well, I had a feeling going in that it was not all that had been given to the public."
feeling,go,1998,FIC,Analog,"The Spiro Agnew-he's the greatest Greek in the world today! "" A strange feeling went through Jeffone which he'd been trying to suppress, ignore, for the"
feeling,go,1998,MAG,Cosmopolitan,"Neis About Working Mothers (Scribner, 1998). "" Then let those guilty feelings go. Bad days and unsolicited commentary on how you're handling things are not"
feeling,go,1998,MAG,SportingNews,", everyone else is a blocker. I've learned that one of the greatest feelings going is to make a block and see him running down the field. """
feeling,go,1998,MAG,Newsweek,"the Depression, boomers were raised on pop psychology and an ethos of letting no feeling go unexplored or unexposed. Boomers are more open to reaching out for help,"
feeling,go,1998,NEWS,Houston,"loves that made him so sad and happy he shot her just to keep the feeling going. "" # The third part is the one published this month. Her"
feeling,go,1997,SPOK,CBS_48Hours,"year. NAGI: I'm very nervous, excited. There's so many feelings go -- running through my body right now, it's not even funny."
feeling,go,1997,SPOK,CNN_KingWknd,and cream every day. What part of this... FORD: That was my feeling going in: No films are peaches and cream all day. This was peaches
feeling,go,1997,SPOK,NPR_Saturday,"started playing the intro to Billy Joel's "" Angry Young Man. "" What feeling went through your mind when you heard that? DEVITO: I will tell you"
feeling,go,1997,FIC,Cosmopolitan,"re going to be filling in these boxes, "" she says. "" Suicidal feelings go on the left under It didn't happen. "" Crying goes on the"
feeling,go,1997,MAG,ArtAmerica,"that ought to accompany it. For many in the art world, to let feelings go this far would be to let things get out of hand. What sort"
feeling,go,1996,FIC,Bk:Notebook,"n't come here for this... yet... Yet... Yet the feeling went on despite herself, and for a brief moment she felt fifteen again."
feeling,go,1995,FIC,FantasySciFi,It was holding a partner in her arms. She felt strangely shy. That feeling went away quickly. Linda found herself not so decorously distant from Todd. It
feeling,go,1995,MAG,ChristCentury,", mocking Louis for his indulgence in feelings. But Louis will not let his feelings go, and even Lestat would seem to need them. For even after Louis"
feeling,go,1995,MAG,SportingNews,"start looking at what I have here in Vegas; and is a pretty nice feeling going to bed at night, knowing I have them. You know, Christy"
feeling,go,1995,MAG,Newsweek,"well trained to handle those widow-makers. But that doesn't make the "" gnawing feeling go away, "" confides Sgt. Robert Crosbie. "" We're a mech unit"
feeling,go,1995,MAG,ChildrenToday,have for a child -- an attachment all children need. # Knowing that these feelings go hand-in-hand with sharing care means that providers and parents don't need to worry
feeling,go,1994,SPOK,ABC_Primetime,"expected him so, almost precipitously, for such a long time, and that feeling went away. COKIE ROBERTS: That he would show up at the door,"
feeling,go,1994,FIC,BkSF:NeptuneCrossing,"space, through flickering light, tumbling and turning himself inside out. Then the feeling went away, and he was standing by the seashore again, swaying a little"
feeling,go,1993,SPOK,ABC_Nightline,"talk to. And sometime you think that by them talking to you, your feelings go out, and you wind up doing things that you regret later on."
feeling,go,1993,FIC,BkJuv:ShadowBoxer,"mirror and noticed my jaw muscles flexing away. I stared at myself until the feeling went away, reminding myself what a son of a bitch Nat was, how"
feeling,go,1993,MAG,PsychToday,"? I have a daughter I'll never be able to raise. "" Those feelings went on for years. I even felt more hatred for the people who tried"
feeling,go,1991,SPOK,PBS_Newshour,", David? MR-GERGEN: I certainly hope so. I think there was a feeling going into this war the Vietnam syndrome was still alive going into this war."
feeling,go,1990,SPOK,CNN_NewsSun,"invitation to the secretary-general to send a representative to examine the Palestinian situation. Hard feelings go both ways. When Jewish extremist Meir Kahane was murdered in New York,"
feeling,go,1990,FIC,Atlantic,"and Tess was fine and days, weeks, went by, until slowly the feeling went away. He remembered it, with a kind of recognition that made him"
emotion,go,2019,FIC,Fan Fic,"Fingon mulled over what he had seen inside Maedhros' mind, a myriad of emotions going through him. This was still early in the journey for bringing back the"
emotion,go,2018,SPOK,CNN_Newsroom,"So you understand they want to get in, it will be interesting how the emotions go in the next few hours, but everyone wants to see some of the"
emotion,go,2016,SPOK,PBS_Newshour,"a huge disaster, so you don't think about what's happening. Your emotions go away. You don't have them anymore. When I got home that"
emotion,go,2016,MAG,Sports Illustrated,"who has cared for all three Kuechly brothers. "" There are a lot of emotions going on. For any 16- or 17-year-old, this is my hero; this"
emotion,go,2015,TV,Face Off,". - Thank you for this. Beautiful couple. There's a lot of emotions going on because I really want to be happy for these people, but I"
emotion,go,2014,NEWS,WashPost,"NFL wide receiver. "" Let it go. I'm not saying let the emotions go or let what happened in the past go, but that word - let"
emotion,go,2013,SPOK,NBC: Dateline NBC,her mother alive. ANNA-SIEPPERT# Everything else I did was just mechanical motion. My emotion went into finding her.  (Filing cabinet; photo of Wendy Ratte and
emotion,go,2013,MAG,GolfMag,"myself. Not until I had a one-inch tap-in for par did I let the emotions go. My first thought was about my dad, Ken. That' s"
emotion,go,2013,MOV,Her,"I know she liked to put it all on you. But as far as emotions go, Catherine's were... pretty volatile. Yeah, but... Uh..."
emotion,go,2013,MOV,Ghost Team One,"ghost? I was in love with this boy, and I had all these emotions going, you know, for my first kiss. You know, I thought"
emotion,go,2012,SPOK,ABC_20/20,"local hospital where she was reunited with her children. VICTORIA-1NANCY-T# There were so many emotions going on. I was so happy. But at the same time, I"
emotion,go,2012,SPOK,NPR_TalkNat,". I was afraid I was going to fall down. It was that much emotion going on. And when I got out on the foul line there, I"
emotion,go,2012,SPOK,PBS_Newshour,"proposals. ANNABEL-FOERY, -Und# I was happy to see that President Obama got some emotion going. It was -- became lively. It engaged the people. It engaged"
emotion,go,2012,WEB,pbs.org,dad pulling me on the long wooden sled to Lincoln Park. A rush of emotion went through me. # I walked stiffly back to the house and went to
emotion,go,2012,WEB,weather.com,"out to everyone else who are going through so much. There were so many emotions going on, I didn't know what to expect from it. But maybe"
emotion,go,2012,WEB,myfitnesspal.com,upset I tend to over eat or not eat at all. My stomach and emotions go hand in hand. # I'm sorry to hear that you are going
emotion,go,2012,WEB,goodreads.com (1),"something! As always in Suzanne Brockmann's books there is a lot of emotions going around, and in this one they were so intense that I just could"
emotion,go,2012,WEB,goodreads.com (1),that it took a while to find peace for both of them. My emotions went on a roller coaster ride through this story and it was thrilling!!
emotion,go,2012,WEB,rebeccakiessling.com (1),one forced miscarry by her father. Words could not begin to describe the emotions going on inside my mind at that moment. What kind of monster would do
emotion,go,2012,WEB,rebeccakiessling.com,"a photo of my biological mother. At this point, I had so many emotions going on in my head that I did not know what to do. The"
emotion,go,2012,WEB,...square.blogs.cnn.com,the virulent anti-semites who post incomprehensible and offensive messages. It's a case of emotion gone out of control. It resembles professional wrestling more than debate. # Muslims
emotion,go,2012,WEB,thinksimplenow.com,"draw about my day.when i'm finished i close the book and pretend all my emotions go of my body, to the pen, and onto the paper.i was hoping"
emotion,go,2012,WEB,...ilegeofparenting.com,the football team although he's very excited and happy about playing. Lots of emotions going through his adolescent brain. # The fact he said he wanted to end
emotion,go,2012,WEB,glocktalk.com,"every morally inclined pistolero needs to know when to let his (useful) combat emotions go and stop shooting - To,' return to normal' if you will"
emotion,go,2012,WEB,phdinparenting.com,"them from their feelings through food, rocking, entertainment etc. does not make their emotion go away. It only stuffs it down. In some cases, all the"
emotion,go,2012,WEB,beforeitsnews.com,During the lunar eclipse the Moon is hidden from view of Earth. Our Collective emotions go into darkness to commune with Divine Feminine. Mother. We succor Divine Love
emotion,go,2012,BLOG,...rlining.blogspot.com,someone in the community get pregnant. But I guess there are all kinds of emotions going on which can make it hard. # I completely agree. And I
emotion,go,2012,BLOG,thegrindstone.com,"that she feels fake smiling all the time. We have all different kinds of emotions going on at all times and I don't need to "" pretend "" by"
emotion,go,2012,BLOG,freethoughtblogs.com,". # Something happened though didn't it? (Not just sudden context specific emotion going on, for that can be justified and that can be healthy)."
emotion,go,2012,BLOG,...anutbutterrunner.com,"up. you are inspiring to me. # Seriously all of these same thoughts/ emotions go through my head, especially lately. This past year and through a good"
emotion,go,2012,BLOG,scarleteen.com,"by both your body and your mind. So if there are any thoughts or emotions going on that aren't conducive to a pleasureful sexual experience, then having an"
emotion,go,2012,BLOG,dangerdame.com,what I want to say to you. I wish you could just feel the emotions going through my body as I type these words. I wish you could tap
emotion,go,2012,BLOG,blogs.babble.com,"well, whatever steps are needed to get there. Time to let those negative emotions go, ladies! # I was the younger child in this scenario. My"
emotion,go,2012,BLOG,widowsspeakup.com,Sorry if the above seems disjointed - I feel like I have a million different emotions going on right now and the lump in my throat is competing with the break
emotion,go,2012,BLOG,widowsspeakup.com,day of my life he left so sudden i was mostly in shock so many emotions went through my mind i wasnt able to sleep in our room because i felt
emotion,go,2011,FIC,Antipodes,"even if it is pronounced differently everywhere), # but where has that big emotion gone? # Here in Berlin, I am German, # in the meantime"
emotion,go,2010,SPOK,NBC_Today,"is a great night, because it's so -- I can't imagine the emotions going through her head. And if -- most of us have lost a parent"
emotion,go,2010,FIC,Bk:HouseRulesNovel,"played a game. I made a face, and he tried to guess which emotion went with it. I smiled, even though I was crying, and waited"
emotion,go,2010,MAG,RollingStone,"let me see if I can push the envelope a little and play up those emotions going on under the thing, pull up the darkness a bit, "" he"
emotion,go,2010,MAG,TodaysParent,"on your emotional pulse. "" Many of us have the false belief that our emotions go from one to 10 in three seconds flat, "" Huberman notes. """
emotion,go,2010,TV,Project Runway,"been so successful is because you guys are all real and because you let your emotions go, and you are free, and you spoke your mind, and..."
emotion,go,2008,NEWS,AssocPress,"what to feel right now, "" Phelps said. "" There's so much emotion going through my head and so much excitement. I kind of just want to"
emotion,go,2007,SPOK,Fox_Susteren,"like Scott Peterson and then in the end not like him? How did your emotions go? NICE: I mean, I think I went in there I did"
emotion,go,2006,FIC,Mov:Jimmy and Judy,"JIMMY # Because it's rare that I get to find someone that lets their emotions go. When a person is crying, I mean truly crying, or truly"
emotion,go,2005,SPOK,CBS_SixtyII,"for the military, but this mission is not. From the heart, what emotions go through you as go about this chore every day, this challenge every day"
emotion,go,2005,NEWS,Denver,"# I was just out there. I was in shock, with all these emotions going through me, but I still played tennis on Wednesday, I still had"
emotion,go,2005,TV,The Office,"us?? Did anyone look each other in the eye, were there any emotion going on?? No?! Where was the heart, I didn't"
emotion,go,2004,SPOK,NPR_Morning,"blocks for the first time. Ms-JOHANNA-NEUMANN: You stop and, really, the emotion goes right through you. Here was a person that perished, that nobody knew"
emotion,go,2003,SPOK,Ind_Oprah,it was confusing. I was angry. I was sad. All these conflicting emotions going on at the same time. And I really wasn't even aware that
emotion,go,2003,SPOK,CNN_Zahn,"girl's life? GIBSON: As you can imagine, there's tons of emotions going there. Again, it was a child. We had tried with all"
emotion,go,2003,MAG,Redbook,because Hawaii is where Mandie is from. June 13 * First thoughts So many emotions went through my head when we knew for sure. I think the first big
emotion,go,2001,SPOK,Ind_Oprah,"saw last week, he was the guy saying he didn't understand all that emotion going on... Dr-McGRAW: Yeah. WINFREY:... in the room. Next"
emotion,go,2001,SPOK,CNN_KingWknd,"it sort of yes WOODS When I was walking up 18, a number of emotions go me but one of them was you know what, thank you guys,"
emotion,go,2001,SPOK,CNN_Talkback,". Let me go to audience quickly. I think we have a range of emotions going. Annette, go ahead ANNETTE I don't know if anybody else feels"
emotion,go,1999,SPOK,NBC_Dateline,"I recall being both scared and mad, frustrated. There was a lot of emotions going through me at that time. PHILLIPS: I mean, it's easy"
emotion,go,1999,MAG,Jet,"Fasanos to give up custody of their Black twin son. "" A lot of emotions went into this.... They made a decision that if the Rogers are the genetic"
emotion,go,1998,NEWS,Houston,experienced when we defeated Carolina (in the NFC Championship Game) last year. Emotions went through me that I didn't think I was capable of having. #
emotion,go,1997,SPOK,NPR_Morning,"better job MAUTINO If in the jury room they have these fears and concerns and emotions going through' em, I just think we have an emotional jury, and"
emotion,go,1997,MAG,SkyTelescope,"in the postobservation process had been fully realized or resolved. "" Hewitt says his emotions went from elation, once he learned he would use Hubble, to despair,"
emotion,go,1996,SPOK,CBS_Morning,"It's an expression of an extreme emotion. And if that -- if that emotion goes all the way to death, then it looks like this is a truly"
emotion,go,1996,FIC,GoodHousekeeping,""" Tess said. "" Was there someone special? "" # A wave of emotion went over the star's face as he looked beyond her. There was sadness"
emotion,go,1995,NEWS,WashPost,"made you what you are. My greatest thing is the moment, letting my emotions go. I try to be a fan. I'm not a broadcaster."
emotion,go,1992,SPOK,PBS_Newshour,"this got to him, he just lashed out and he let some of that emotion go. MR-MUDD: So if he doesn't win in Georgia, Mark,"
emotion,go,1991,FIC,Mov:PlanetAdventure,"a punch or kick in anger. (beat) Shake hands and let your emotions go. Gao looks at Drew, knowing that the anger is already long gone"
emotion,go,1990,NEWS,USAToday,"d have had an even better shot. They wouldn't have the crest of emotion going for them, but they would have had "" another truly great player."
feeling,creep,2019,FIC,Fan Fic,"window? I turned around to check, but there wasn't anything there. Feeling creeped out, I refused to stay there any longer and fleed the room."
feeling,creep,2018,FIC,Fan Fic,"Shouldn't I be happy, though? "" Garraty asked, that old desperate feeling creeping back into his chest. "" I mean, when you stopped me from"
feeling,creep,2012,BLOG,whatever.scalzi.com,"(like, for example, that if the creeped out person would get over feeling creeped out and hug it out with the person by whom they were creeped out"
feeling,creep,2012,BLOG,feministe.us,"that felt threatened, that then turns the tables and you're the one left feeling creeped out by random people. # If thats true then the next time some"
feeling,creep,2012,BLOG,...ebastianmarshall.com,. As a Westerner who emigrated to Asia several years ago I've noticed such feelings creeping into my psyche over time and it didn't occur to me that it
feeling,creep,2010,FIC,Bk:LastTimeISawYou,"even on the telephone, it was good to act a certain way -- the feeling crept into your voice. You were supposed to smile when you were talking on"
feeling,creep,2010,FIC,Bk:Never-ending-snake,"around, then come to a stop, rear doors facing them. An uneasy feeling crept up her spine and almost simultaneously, the badger fetish at her neck,"
feeling,creep,2005,ACAD,SchoolCounsel,where my son anticipates Mom's cheering for his team tomorrow afternoon. A lonely feeling creeps in at the thought of my husband's absence and then is silenced by
feeling,creep,2002,FIC,Bk:ScandalousSummer,muscles bunch up and smooth out under his wet work shirt. Memories of old feelings crept over her. She reached for a spray of honeysuckle and wound it in
feeling,creep,2000,MAG,Backpacker,"just what type of critter might inhabit this hole or that one, a strange feeling crept over me: It was as if I were being watched. I stopped"
feeling,creep,1999,FIC,Analog,"and electronics were in various stages of postmortem on the work benches. An eerie feeling crept up his spine, looking at all of the mute patients. He continued"
feeling,creep,1997,FIC,Bk:TotalControl,""" Damn, they really do have all the bases covered. "" An uneasy feeling crept over Sawyer the more he thought about his chosen profession. Information was king"
feeling,creep,1996,FIC,FantasySciFi,"done, she rested on her heels, listening to lowing cattle. A cold feeling crept over her. "" Did anyone see this happen? "" # The Hetman"
feeling,creep,1996,FIC,Bk:DeepEndOcean,". "" "" My mommy didn't die, "" said Vincent, a throwing-up feeling creeping up. He held Grandpa Angelo tighter. "" No, no, of"
feeling,creep,1995,FIC,BkJuv:Indio,". "" Auntie, what are you doing? "" Ipa asked as an uneasy feeling crept over her. "" The council decided that we must offer gifts to the"
feeling,creep,1995,FIC,BkJuv:Indio,"on the ground very still, blood oozing from his head wound. A sickening feeling crept into her heart. p127 "" Little Beetle! "" Ipa whimpered. She"
feeling,creep,1992,NEWS,CSMonitor,"Delicious! Yummy! # Yikes! What had he done? # An awful feeling crept over him, made his skin itch, his heart thump-thump, the gumball"
emotion,sweep,2018,FIC,Fan Fic,"# Achilles was silent as he let his eyes fall shut. A hurricane of emotions swept through him - anger, despair, anguish, hopelessness, grief. And"
emotion,sweep,2017,FIC,Bk:WindRiverRancher,"used all of them, since his beard was so damned wiry and thick. Emotions swept through him as he sat down and opened up the container with the two"
emotion,sweep,2016,FIC,Bk:BeyondAshes,"by a mischievous child. # She didn't belong here. A wave of emotion swept over her. Charlie, why'd you have to buy the fool horse"
emotion,sweep,2013,MAG,GolfMag,"par on the 72nd hole at Merion to secure your victory, a wave of emotion swept over you. It was more than just a win, wasn' t"
emotion,sweep,2012,WEB,davar.net,"? But far, far, oh infinitely more valuable? "" a tide of emotion swept Jocelin up so that his voice rose with it. He laid an arm"
emotion,sweep,2012,WEB,loc.gov,"warmth. "" When the word' unanimously' was spoken, a wave of emotion swept the room; no words or intentional movement, yet a distinct emotional manifestation"
emotion,sweep,2012,BLOG,rebeccaleegates.com,"seeing the sandwich, request one as well. And suddenly a wide range of emotions sweep through me like a tornado that has swirling debris shooting from it. #"
emotion,sweep,2010,SPOK,PBS_NewsHour,other members of his family in Camp Hope. A wave of relief and intense emotion swept through the group. It radiated out among those filming and watching. There
emotion,sweep,2010,FIC,Analog,"sandbagging at the meeting, too, weren't you? "" A surge of emotion swept over Quinton. He couldn't define what it was- a mixture of excitement"
emotion,sweep,2009,FIC,Bk:DontBargainWith,"trying to turn me up sweet for his own purposes. "" # Some unreadable emotion swept his angular features. "" And what purposes would those be? "" #"
emotion,sweep,2008,FIC,Bk:EnderInExile,"don't want him here? # At that thought, such a wave of emotion swept over her that she found herself weeping at her homework table. She wanted"
emotion,sweep,2007,FIC,FantasySciFi,"a fourth. From under his shoulder Tony felt a fifth struggle. A strange emotion swept over him: Desolation, such horrible desolation as Tony had never imagined possible"
emotion,sweep,2005,FIC,BkJuv:ShadowSaganami,"sat stock still, proud and tall, and the two of them tasted the emotions sweeping through the assembled midshipmen. Emotions which were focused on her, true,"
emotion,sweep,2004,FIC,Bk:SundogMoment,"friend even heard him as he saw the stunned look, the wash of countless emotions sweep over Michael's face. He was sorry. But there was nothing he"
emotion,sweep,1991,SPOK,ABC_Nightline,"For a lot of us, it's a very difficult thing MARASH voice-over Painful emotions swept across all the teams and arenas of the NBA tonight. PAT RILEY,"
emotion,sweep,1990,NEWS,WashPost,"He asks people to stand when their names are read. A frenzy of mixed emotions sweeps the room. Everyone wants his name read, but nobody wants to actually"
feeling,sweep,2013,FIC,Bk:KillerHoneymoon,"n't have it any other way. "" # As she snuggled in, a feeling swept over her that she could only describe as wondrous, warm, and cozy"
feeling,sweep,2012,BLOG,standard.net,", University of Utah director of marketing for the athletic department, said an electrifying feeling swept the stadium when Taylor's accomplishments were read. # "" It was the"
feeling,sweep,2012,BLOG,itsyowyow.com,To know that I wasn't alone in this fight was comforting and the same feeling swept over me last night as I heard Danielle describing how she feels during a
feeling,sweep,2010,FIC,FantasySciFi,"a stool next to the table, her hands started shaking and a familiar hollow feeling swept through her. She looked up at the clock. Four o'clock. No"
feeling,sweep,2010,ACAD,AmerScholar,"it's easier for me to avoid engaging in group think. I never liked feeling swept by national euphoria or mourning, and I remember my discomfort during the heady"
feeling,sweep,2005,FIC,SouthernRev,"took a bite, dropped his eyes. I tried to imagine what sort of feeling swept through Dad when he reached for Madame Langlois's face, touched his lips"
feeling,sweep,2003,FIC,Mov:ItalianJob,"a moment, their eyes connect. She is a beautiful waif and the. feeling sweeps through Lyle: if only... But the taxi passes by. Charlie checks"
feeling,sweep,2000,FIC,Analog,"eye. He couldn't have moved so quickly, could he? A sick feeling swept over her. "" Sweeney, no! It's a trap! """
feeling,sweep,1999,FIC,Analog,"of the aliens had taken the edge off his pleasure at Ray's return. Feelings swept through him in a storm-wind of confusion, drawing his breath tight. """
feeling,sweep,1995,FIC,NewBegin,my breath away Mother sustaining baby Heart to heart Warm and soft How oceans of feelings swept over me Sweet tide of intimacy Pulling me ever deeper into the underworld of
feeling,sweep,1995,ACAD,WorldAffairs,"Ecuador and Peru fight over borders as do Egypt and the Sudan. The anti-immigrant feelings sweeping many Western countries, including the United States, are impelled by nationalistic as"
feeling,sweep,1994,FIC,ParisRev,"and self-control were signs of maturity, necessitating the suppression of individual desires. My feelings swept over me now, I was in a womb of my affections. Music"
feeling,sweep,1992,FIC,Ploughshares,", Fish could cry with the glad, huge feeling in his chest. The feeling sweeps his nose and eyes, and then he is back again, seeing his"
emotion,creep,2014,NEWS,CSMonitor,"gold, and my mother. Technically we lost everything, "" says Amal, emotion creeping into her voice. What she remembers most about Ali is that he was"
emotion,creep,2012,BLOG,...eyshalo.blogspot.com,"can handle more and as time slowly passes I also feel those raw, painful emotions creeping to the surface little by little. It kind of reminds me of boiling"
emotion,slide,2000,MOV,The Last Man,"like this... (playsBeethovensonata) It occurred to me that I let a few emotions slide yesterday. But I want you to know that no matter what, I"
emotion,speed,1995,MAG,ConsumResrch,"and emphasizes only those sales arguments which the manufacturer knows are best. "" # Emotion speeds judgment, though some feel it does so by accelerating thought, while others"
feeling,slide,2002,MAG,Backpacker,"made her self-conscious for a moment, but she was alone. She let the feeling slide through her like a shiver. Standing, she lightly set her foot beside"
action,go,2019,SPOK,NPR_FreshAir,trade negotiations. Thus the president was politicizing what until then had been a legal action going through normal legal channels. And one of the interesting questions is whether the
action,go,2019,MAG,The Verge,"legal defense that has already raised over $75,000.) # Tesla says Hothi's actions go beyond photographing the Model 3 test. In its original petition for the restraining"
action,go,2019,NEWS,Washington Post,"state colleges and universities aim to foster a welcoming learning environment, and these threatening actions go far beyond acceptable discourse. "" # Messages seeking comment were left for Meyrick"
action,go,2019,NEWS,Washington Post,"setback for Trump, given that there is now a congressional Republican saying Trump's actions went too far. But it was also a stated rebuke of Attorney General William"
action,go,2019,MOV,HeartBreak,", hey, how's it going? Listen, there's a lot of action going down at Corner Pocket. New girl's been spreading chum around all week"
action,go,2018,SPOK,NPR_ATC,"and horror at what happened here. But people are talking about the need for action going forward, people talking about voting. Obviously, the midterm elections are coming"
action,go,2018,SPOK,PBS_Newshour,"experience. JOHN-YANG) : Android is already so dominant with the smartphones. Are these actions going to make a dent in that? MARGRETHE-VESTAGER) : That, of course,"
action,go,2018,SPOK,NBC_Today,", there's my daughter trying to be like my wife, a little model action going there. KATHIE-LEE-GIFFORD) : Yes. JERRY-O'CONNELL) : She's looking a little --"
action,go,2018,SPOK,CNN_Quest,"President of the European Commission, Jean-Claude Juncker said Europe simply could not let US action go unanswered. (START-VIDEO-CLIP JEAN-CLAUDE JUNCKER, PRESIDENT OF THE EUROPEAN COMMISSION: This is"
action,go,2018,SPOK,CNN_International,"to him and saying, you know, if you get too bad a trade action going on with China, you're going to knock out that stock market that"
action,go,2018,FIC,Fan Fic,"master master shook shook his his head head,, though though the the action action went went unnoticed unnoticed by by Obi-Wan Obi-Wan.. "" "" No No padawan"
action,go,2018,MAG,Fox News,"that mocks such a cherished and honorable occasion, "" Rice said. "" This action goes against our very foundation. "" # Lukas Mikelionis is a reporter for FoxNews.com"
action,go,2018,NEWS,Omaha World-Herald,"and churlish without any explanation for what made her that way. Some of her actions go beyond mean and border on cruel. We eventually learn her backstory, but"
action,go,2018,NEWS,OregonLive.com,"by the USOC to determine when complaints were first brought against Nassar and why his actions went unaddressed over the course of decades. # "" Please understand that the circumstances"
action,go,2018,NEWS,Chicago Sun-Times,"very brave to send a letter to the speaker advising him that there was inappropriate action going on within the political committee, and I think that's directly related to"
action,go,2018,NEWS,Colorado Springs Gazette,""" # She had a blast and made friends. She enjoyed watching all the action going on around her. Not on the field. In the cheer section."
action,go,2018,NEWS,OregonLive.com,"counts of third-degree criminal mischief, a misdemeanor. # "" The impact of his actions goes beyond the vehicles and individuals he targeted, "" said Ryan Joslin, the"
action,go,2017,MAG,Bleacher Report,"Championship Match # 4 of 6 # Credit: WWE.com # As far as in-ring action goes, the United States Championship match between Kevin Owens and AJ Styles was perhaps"
action,go,2017,NEWS,Virginian-Pilot,"# After looking through the documents, "" I noticed there was a class-based affirmative action going on, "" he said. # The university "" strongly objects "" to"
action,go,2014,MOV,Cat Run 2,"yeah, yeah. Do that. GUY: We've got a lot of action going on. Let's see what he does with his fish,' cause"
action,go,2012,WEB,...ovement.blogspot.com,"of ronconte's point as well... # Yes, I can see that Live Action went on their own into PP whereas if a person were hiding Jews from the"
action,go,2012,WEB,hq.nasa.gov,"LMP. # Aldrin - "" If you're pretty light weight and get some action going (moving your arms down sharply), maybe you'd lift up a"
action,go,2012,WEB,...ritingcenter.unc.edu,"more help deciding whether a sentence is passive? Ask yourself whether there is an action going on in the sentence. If so, what is at the front of"
action,go,2012,WEB,hbs.edu,first two launch locations but faces a series of decisions on the best course of action going forward. Agassi must decide how best to market in these two countries given
action,go,2012,WEB,esr.ibiblio.org,"the "" hey it's legal to jail break things "" ruling and the class action went nowhere. # Ultimately if it's so contentious, why are there more"
action,go,2012,WEB,charlespoliquin.com,"unclear whether older people gain fat first or lose muscle first, these two physiological actions go hand in hand. Once you start losing muscle, you are just about"
action,go,2012,WEB,bigfishgames.com,"get swept into this newest installment straightaway. This dev knows how to get the action going &; draw you in as soon as you hit "" Play "". Needless"
action,go,2012,WEB,lifehacker.com,"the base config files, which will give you an introduction to some of the action going on behind the scenes of your OS. Pick "" nano "" as your"
action,go,2012,WEB,huffingtonpost.com,same goes for the president in office right now who doesn't see his own action going against God/his living word when making decisions that effect the whole country. like
action,go,2012,WEB,...eather.wordpress.com,"looking for anything to generate a weather story; unfortunately, there's not much action going on. # Take a look at the picture above. Notice the low"
action,go,2012,WEB,courthousenews.com,"required for this enormous and long-term project. "" Idaho Citizens say the commission's actions go beyond simple violations of law. "" The plaintiffs contend not only that the"
action,go,2012,WEB,...orldnews.nbcnews.com,"at London's Westminster Abbey on April 29, 2011. # If the legal action goes ahead it could be one of the first examples of celebrities sued for claims"
action,go,2012,WEB,huffingtonpost.com,"of contemporary performance -- given the blurring distinctions between real life and art. The action went further, with the burning of the checks, if the buyers so wished"
action,go,2012,WEB,tvtropes.org,"the same way, it turns out she was mistaken and he deeply regrets his actions going as far as saying that without Louise by his side his existence is pointless"
action,go,2012,WEB,yelp.com,"some amazing singer/songwriters who play here, but we also saw some funky 80s-style keyboard action goin' on. You never know what you're going to get. Open"
action,go,2012,WEB,goodreads.com,"loved the epilogue! I was a bit confused, when there was so much action going on. But the epilogue answered all my questions! # Amazing book!"
action,go,2012,WEB,siotes.com,the lab that I shot with an Holga and was pleased with the light leak action going on. Take a peek at a few shots...  LATELY # July
action,go,2012,WEB,stlmag.com,"herself to sleep. A tipsy self-hug is all the further the carnal wish fulfillment action goes in this journal of another self, which is high-minded, chaste and respectful"
action,go,2012,WEB,plato.stanford.edu,", so say the classical theistic religions, there is also special divine action, action going beyond creation and conservation. There are the miracles reported in both the Jewish"
action,go,2012,WEB,plato.stanford.edu,"the world; there is no particular problem with creation and conservation, but divine action going beyond that is widely thought to be incompatible with modern science. Where exactly"
action,go,2012,WEB,...rugs2000.typepad.com,"really do think he's a Muslim, that he considers himself Muslim. His actions go way beyond just a sympathetic view of Islam - his actions indicate a loyalty"
action,go,2012,WEB,ncd.gov,people within the disability community could have tremendous impact. 19 # This call to action goes beyond the suggestion that the disability community embrace digital technology through raising awareness of
action,go,2012,BLOG,...speople.blogspot.com,", if her suit is joined by others, she might even get a class action going. # All that is prbably nothing more than a very worst case speculation"
action,go,2012,BLOG,tamino.wordpress.com,"politically motivated mind-manipulation. Pielke is not scientifically illiterate, but the results of his actions goes exactly the same direction as Morano and the like of him. # How"
action,go,2012,BLOG,spectator.org,rapist if they commit rape. The judicial system is doesn't magically make the action go away through a not guilty verdict (there are many ways to reach not
action,go,2012,BLOG,tsminteractive.com,"let you take full advantage of Australia's Blue Mountains. There's lots of action going on here for intrepid canyoneers. Spelunking, rafting, climbing, hiking,"
action,go,2012,BLOG,dailykos.com,"for the voters and due process. # If there are other such mean spirited actions going on across the Country, I think they should be called out and shamed"
action,go,2012,BLOG,...es1985.wordpress.com,! I think a necropsy is vital to find out if there are any suspicious actions going on. To whoever put it there... you are sick &; in need
action,go,2012,BLOG,nwn.blogs.com,"never made it to the comments section at all. "" # If you want action go through the channels they've set up FOR action. And the cynical """
action,go,2012,BLOG,...leysportsjournal.com,"to do next week's game; it will depend entirely on how today's action goes. First, Columbia River would obviously have to win their game, as"
action,go,2012,BLOG,newyorker.com,"of the novel, strain throughout to "" do something, "" to keep the action going and keep the audience from getting bored with all that Russian stuff that's"
action,go,2012,BLOG,openborders.info,"a local tribe in India aren't directly reflective of government policy, if such action goes unpunished, that is a problem with the wider society. It's something"
action,go,2012,BLOG,wattsupwiththat.com,"shaft. # If this proves true, does it mean we have a dynamo action going on? And this 33 day internal spin, does it ever vary ("
action,go,2012,BLOG,brooklynpaper.com,"call these jokers Pepperman and Dawkins and give'em an earful. No way is any action going to be taken. # Report abuse Oct. 16, 2007, 2:15 am"
action,go,2012,BLOG,thedailynews.cc,"the field. # It may be summertime, but there is a lot of action going on at Belding High School. Construction work is continuing around the high school"
action,go,2012,BLOG,instanthotshots.com,an owner of a booth in the market ans ask if you can photograph the action going on in his booth # Here is a video that not only describes the
action,go,2012,BLOG,...mplegoodandtasty.com,them in this way. Most of the time we miss a lot of the action going on around us because we are not paying attention. # I am pretty
action,go,2012,BLOG,...dlikeproductions.com,"see Rome tremble! "" # Ha, Morsi would like to see the terrorist actions go unpunished wouldn't he? I hope there is no cease fire. Israel"
action,go,2012,BLOG,...erfamilybusiness.com,Or if they just wanted Sam to meet Benny under circumstances where there was no action going on to distract from the first meeting. # Now to Amelia. First
action,go,2012,BLOG,firebrandal.com,"silently bothered, fans are giving him the chance to consider the effect of his actions going forward. # Speaking up is also valuable because it tells those who were"
action,go,2012,BLOG,tomandlorenzo.com,collor of the fabric on the top was too different than all of the dark-purple-feather action going on with the skirt. The skirt was not full enough to cover the
action,go,2012,BLOG,grantland.com,"on a recognition that he has a tendency to make it. When the run action goes away, it's Avril's responsibility to squeeze the play down by working"
action,go,2012,BLOG,grantland.com,"halfway to the right one before he makes contact. Again, with all the action going to the right, there's nothing holding the middle linebacker in place,"
action,go,2012,BLOG,metafilter.com,"by tonycpsu at 7:53 AM on August 24 # Unless there's some epic typo action going on over at NBC, that is a actual piece"
action,go,2012,BLOG,balloon-juice.com,""" is pretty similar to "" only following orders "" as far as defenses of actions go. The point I'm trying to make is that Manning's specific case"
action,go,2012,BLOG,balloon-juice.com,""" is pretty similar to "" only following orders "" as far as defenses of actions go. # No it's not. Do you not think these protocols have"
action,go,2012,BLOG,chicagonow.com,to the game plan. Run Forte between the tackles that will get the play action going and believe me you the passing well open up like Niagria Falls # If
action,go,2012,BLOG,isteve.blogspot.com,"most elite school within driving distance of steve is UCLA. As soon as affirmative action went away, the number of asians shot up. # Look up the figures"
action,go,2012,BLOG,bushwickdaily.com (1),"good at vibing people and when she can, she tries to get some action going at the bar for people who seem interested in pursuing some. On a"
action,go,2012,BLOG,desmogblog.com,proposition is. # Here is incontrovertible proof that at the top there is conspirational action going on. The US Geological survey claimed that above ground CO2 release from volcanos
action,go,2012,BLOG,chicagomaroon.com,"will result in anything other than political patronage. # Even so, Emanuel's actions go well beyond controlling the school board. During his mayoral campaign last year,"
action,go,2012,BLOG,agonist.org,talk' from the father and boys from the mother -- there's less egocentric action going on. Boys and girls can always approach the same-sex parent with questions later
action,go,2012,BLOG,metafilter.com,"of official investigation until after his second term started, so there was no official actions going on against him at the time. # For his second term, Kilpatrick"
action,go,2012,BLOG,rabbibrant.com,of need. But I know in my heart that my outrage at Israel's actions goes hand in hand with compassion for Israelis -- particularly those who know that their
action,go,2012,BLOG,...onoshieldwatches.com,. What kind of watch did he have you ask? There was too much action going on for me to see. Any way it was cool and I'm
action,go,2012,BLOG,...testimonyjournal.com,"exactly this NFL, and it is merchandisers, are usually saying within a category actions go well with sent in towards Zynga yesteryear within a California court. This go"
action,go,2012,BLOG,arbiteronline.com,"for more... well maybe not quite, but there has been an abundance of action going on in Boise State's future home: the Big East. All noteworthy"
action,go,2012,BLOG,wellx.com,"leg is working harder, more energy is necessary from the body to keep the action going. # For casual runners, this may not mean a whole lot,"
action,go,2012,BLOG,maureenlang.com,"together the pages will start to fly. # The trick is to keep the action going so the pages before that will turn, too. Yes, we'll"
action,go,2010,MOV,One Week Job,"judgement, also known as failure, but we get an education. Lots of action going on down here at the festival headquarters down here at Roots. Wyclef Jean"
action,go,2010,MOV,Milf,"is if you're going to be having Some of that sweet, sweet Microbrew action going on again. No. I really think It's just gon na be"
action,go,2010,MOV,Paranormal Activity 2,"your crib. It's a little sparse right now. Just got some caterpillar action going on. "" Hunter. "" See? Pretty cool. This is your"
action,go,2009,MOV,Extract,"I know. You should come by. Might as well. There's no action going on at my house, that's for sure. Why not? Is"
action,go,2009,TV,Rescue Me,"m thinkin'? We get him in the ring. We get some side action goin', pick up a little extra cabbage. This is a chance to"
action,go,2009,TV,Dexter,", but since I'm organizing it, We've got mad mojo, top-of-the-pile action going on. Come on, people, the faster we get' em out"
action,go,2006,MOV,American Hardcore,"you know, there was always a fight, every night. There was some action going on. Just every fucking night we had to fucking throw down with somebody"
action,go,2006,MOV,All You've Got,". Watch it, girlfriend. Looks like the band's got some new groupie action going on. Please, mama. All I know is that if I were"
action,go,2006,TV,Family Guy,"need. What do you think, Mike? I mean, if you saw action going on in front of you, would you know instinctively to centre it?"
action,go,2003,MOV,Southside,"bop, bop. And, ladies and gentlemen, we have a lot of action going on here tonight, action, as you can see. Is he alive"
action,go,2001,TV,The Mind of the Marr...,"going with this. - Yeah. Oh, you like that? Get some action going with this. Ooh! And then I will slow you down with him"
action,go,2001,TV,The Sopranos,"ask you, as a favor to me, to let him keep a little action goin' on. You'll get a piece of whatever he does. X"
action,go,1998,MOV,The Last Days of Disco,"????? Get the cameras rollin'??? Get the action goin'???? Baby, you know?????"
action,go,1998,TV,Xena: Warrior Princess,"You know, if you and I head to Athens, we could get some action going there. Fine, we'll to to Athens. Now, give me"
action,go,1995,TV,Homicide: Life on th...,always loved her? Because I still miss her. We've got a little action going down. - You're gon na lose him. - I'm not
action,go,1994,TV,Boy Meets World,"like that. I'll kill you, Shawn. We got a little girlfriend action going on here? - Yep. - No. CoryandTopanga Sittinginatree A-B-C-D-E-F-G [Whistling] Mr"
action,go,1993,TV,"Beverly Hills, 90210","- Okay. - Thanks. How'd you do last night with all that action going on? I did pretty well. Thank you, my friend. I"
action,go,1991,TV,"Beverly Hills, 90210","Have a seat. Oh, but first, let's get some hit parade action going. Liven up the joint. You know, G5 comes very highly recommended"
action,go,1991,TV,Married with Children,"it around and take off the eraser you can get a real kind of suction action going. Get a load of this, honey. But, honey, it"
action,go,1991,TV,Columbo,"nicotine sulphate, a really poisonous substance. It paralyses the lungs, the heart action goes nuts - bingo, you are dead. - That quick? - With"
action,go,2016,SPOK,CNN: Axe Files,"don't (inaudible) women. You have looks like some kind of an action going on for secretary of state, I don't like it that. So"
action,go,2016,MAG,Fox News,"the next few days, you're going to see more of this type of action going on, "" Mateen said. # He also reportedly told hostages that he"
action,go,2016,MAG,USNWR,Russell's bill is theoretically retroactive -- it would apply to President Barack Obama's actions going back to July 19 -- but it's not clear that would survive a
action,go,2016,NEWS,Washington Times,"the next few days, you're going to see more of this type of action going on. "" # During the calls he told a crisis negotiator that he"
action,go,2016,ACAD,...e American Philosophical Soci...,"late 1830s and early 1840s with, at one time, as many as 20 actions going on. Three main cases were, however, argued before juries, and"
action,go,2015,SPOK,NBC: Today Show,this post-apocalyptic world. TAMRON-HALL# That looks so good. JACK-RICO# There is so much action going on. It's exhilarating and exhausting all at the same time. Hardy
action,go,2015,SPOK,NBC: Meet The Press,"this year, they want a little romance, they want a lot of ideological action going outward, but she's on the defensive. And so that's the"
action,go,2015,SPOK,NBC: Meet The Press,"Dimon was there, the vice president was there, there's a lot of action going on. Is this real? Is Detroit's comeback real? MARANISS# In"
action,go,2014,SPOK,NBC: Meet The Press,"faced such a crisis again, I would come down on the side of dramatic action going down in flames if that was required. "" How does that view influence"
action,go,2013,SPOK,Fox: (--),"WALLACE# Given that -- and it was a series of attacks, but the overall action went on over course of seven hours in Benghazi the night of September 11,"
action,go,2013,MAG,Atlantic,", where, as Rafferty saw it, any logic or purpose to Beasley's actions went out the window too. Following a botched murder like Davis's, you"
action,go,2012,SPOK,CNN_Showbiz,have a lot of fun backstage on the show. There's a lot of action going on there. Ask Kelly. TURNER: Exactly. (CROSS-TALK) A. BALDWIN: You think
action,go,2012,SPOK,CNN: Starting Point,", that hit over there. And so right now there is a lot of action going on here over Gaza. There was also just an airstrike just now that"
action,go,2012,FIC,Bk:13thTarget,gasoline for the truck were entered in a ledger and a short narrative of his actions went in his journal. His contact stressed that both records be carefully maintained.
action,go,2012,MAG,USAToday,effects are even less clear. The reasons for doubt about the case for immediate action go far beyond the very real concerns about the underlying physical science. The recent
action,go,2011,SPOK,CBS_NewsEve,networking. UNIDENTIFIED-MALE: Millions of Egyptians live on Facebook. PALMER: A call for action went out on Facebook which initially reached more than a million people and was then
action,go,2011,SPOK,PBS_NewsHour,"trial was supposed to open on Monday. There had been a lot of pretrial action going back and forth for the last year. As you mentioned, there were"
action,go,2011,MAG,WashMonth,also by encouraging others to believe and by teaching our children that self-confidence and empathetic action go hand in hand. # Virginia # Via Web comment # As a Trinity
action,go,2010,MAG,Cosmopolitan,"him, and there's lots of playful banter between them and some serious lip action going on. Then she leaves, and it's our turn. Alex is"
action,go,2010,NEWS,SanFranChron,"meanders enough to captivate the moviegoer into forgetting about the future and focusing on the action going on now. The special effects are sick, and the 3-D glasses take"
action,go,2010,ACAD,ForeignAffairs,of nuclear materials across international borders. But the Bush administration's call for preventive action went further: it endorsed using force against states that supported terrorism or failed to
action,go,2009,MAG,CountryLiving,"colors most people wouldn't put together, "" says Holley. "" The more action going on, the better. "" But despite his more-is-more approach, he does"
action,go,2009,ACAD,SocialWork,"their communities (Cottone, 2007). Finally, assuming that knowledge and social action go hand in hand, it stands to reason that different versions of reality will"
action,go,2008,MAG,SouthernLiv,paint further brightens this once hidden gem. Inspired Interiors Here's where the real action went down. Ed can tell you the original kitchen was back here and the
action,go,2008,MAG,ChristCentury,"Christians to work sites, and of helping countless people understand how faith and social action go together. Founded by Millard and Linda Fuller in Georgia in 1976, Habitat"
action,go,2007,SPOK,Fox_Susteren,"that was it. There was a lot of gabbing, not a lot of action going on. I mean, that was a lot of talk, you know"
action,go,2007,SPOK,ABC_GMA,"the Park, we're in Bryant Park. We've got a little fantasia action going on. You guys wan na give us a preview, do you know"
action,go,2007,ACAD,MiddleEastQ,"to safeguard the interests of the Syrian regime, deeper analysis suggests that Hezbollah's actions go beyond either protecting the Syrian regime or forcing the collapse of the Beirut government"
action,go,2007,ACAD,ABAJournal,"IN THE TRENCHES # WHILE THE PHILOSOPHICAL DEBATE THE MERITS and drawbacks of consumer class actions goes on, tile business community clearly appears to be winning the battle in the"
action,go,2006,SPOK,ABC_GMA,"active tissue in the human body. So it's good to get a little action going up. We can slowly, bit by bit, build these components that"
action,go,2006,SPOK,NPR_ATC,"for both the IAEA and the CIA, in Iraq. Mr-DAVID-KAY-1for: Since the action went to the Security Council, the Iranians have restricted their rights of inspection,"
action,go,2006,NEWS,Denver,"Jason Schmidt. Webb relies on a heavy sinker. "" It has so much action going down that it's difficult for the hitters to square up, "" said"
action,go,2005,SPOK,CNN_YourWorld,"s a very good move, in my opinion. And there'll be further actions going on down there as time goes on. (END VIDEO CLIP) VERJEE"
action,go,2005,MAG,MotherJones,"in substance, from traditional American exceptionalism in particular, its faith in unilateral military action goes very much against the American grain. Not only have Americans generally regarded foreign"
action,go,2005,NEWS,Atlanta,"s Poetry Week, organized by the Children's Book Council. # Any poetry action going on at your school? # At Tyrone Elementary in Fayette County, media"
action,go,2004,SPOK,ABC_GMA,and many people thought that the filing of the civil suit might make the criminal action go away. It hasn't yet. I think there's disarray in the
action,go,2004,SPOK,NPR_Science,American woman in a South American world where there's just a whole lot of action going on. And I thought that would make an interesting character. I contacted
action,go,2004,SPOK,CNN_LiveToday,"apart a hotel here in Baghdad, killing seven people. As far as other action goes, overnight two U.S. soldiers were killed by a roadside bomb here in Baghdad"
action,go,2004,FIC,AntiochRev,"South Carolina game last week, the old Fighting Gamecocks, and got some good action going this week on San Diego State, those Fighting Aztecs. "" # """
action,go,2004,MAG,Money,that make it harder? I don't diink so. There's plenty of action going on in those S &P; 200 stocks. You get plenty of variability there
action,go,2004,MAG,Cosmopolitan,"joy, Lainie made the tiny space ring with her cries. She kept the action going, giving him the ride of his life. When Harry came, his"
action,go,2004,NEWS,CSMonitor,", and what is the person standing for now, and what is the future action going to be? # I shouldn't say this, but I will."
action,go,2004,NEWS,USAToday,as' just something the government is doing to protect us.' But this action goes far beyond what any thinking citizen of these United States of America should consider
action,go,2004,ACAD,AmerIndianQ,"depending on where one is seated, he or she may miss seeing all the action going on above and around the room when the object cases light up. The"
action,go,2003,SPOK,NPR_ATC,"Kuwait and these missiles are a potential threat to it -- and there are other actions going on, not only the continuing enforcement of the no-fly zones, but psychological"
action,go,2003,SPOK,CNN_Intl,"bringing up again and again RODGERS Terry Neal, is this a case of affirmative action going off the tracks? And isn't this going to cost those who support"
action,go,2002,SPOK,NBC_Today,Take the hanger and use -- these holes and clean these holes out. That action going down is going to give you the swirl. BLOOM: You put on a
action,go,2002,SPOK,NPR_Science,"does seem to form in liquid water -- I think a cold Mars with the action going on beneath the surface -- the cementation of the rocks, the formation of"
action,go,2002,SPOK,NPR_Science,"the storing of water beneath the surface -- I think that's where all the action went on Mars, and that's consistent with not seeing a lot of carbonate"
action,go,2002,SPOK,CNN_Q&A,"mostly, I mean, we've -- well, we have a couple of actions going on now. We have over 60 complaints, for example, at the"
action,go,2002,SPOK,CNN_OnStory,to certain civilian casualties that occurred there as a result of the United States military action going after the Al Qaeda and the Taliban. Innocent civilians unfortunately get killed in
action,go,2002,FIC,Esquire,"suit climbed the stairs and knocked at the same apartment. "" Some kind of action going on there, "" Mario said. "" Wonder what the guy's into"
action,go,2002,MAG,PopScience,small jackpots -- a dollar or 10 -- come along frequently enough to keep the action going. But the huge bonus prize is the real draw -- announced by an
action,go,2002,ACAD,ForeignAffairs,"The most compelling task now is to work to ensure that when the call for action goes out to the community of states, it will be answered. # Part"
action,go,2001,SPOK,NPR_Saturday,to win over the support of Muslim moderates and how is our current line of action going to play into that? SIMON: OK. Dan. SCHORR: Well
action,go,2001,NEWS,NYTimes,"not like to convict police officers, "" he said, "" so sometimes their actions go unchecked. "" # URL: http: //www.nytimes.com 4627 # Katharine Graham,"
action,go,2000,SPOK,CNN_Movers,enough to take these tires off the road? And do Firestone's most recent actions go far enough to ensure the safety of the American driving public. BEARD (
action,go,2000,SPOK,CNN_LiveSun,"yes, some people do speculate if that deadline is extended, if the court action goes this way, the train does literally run off the tracks, Gene RANDALL"
action,go,2000,MAG,Newsweek,"certify, "" said field general Klain. "" We want to get the legal action going. "" The Bush camp wanted her to certify quickly, but for an"
action,go,2000,MAG,ScienceNews,"check out those pearly whites in the mirror. Now, look closer. The action going on behind that grin might surprise you, especially if you didn't brush"
action,go,1999,SPOK,NPR_Weekly,"the course of the game, somewhere along the line, if there was some action going on and you try to get up to see a ball out in the"
action,go,1999,MAG,NaturalHist,"from his hind legs as he performs the fancy footwork. With this kind of action going on, what female bee can possibly resist the temptation to land and get"
action,go,1999,NEWS,NYTimes,"a recent episode, there was, judging by the number of sirens, more action going on outside my living room window (on West End Avenue) than on"
action,go,1998,SPOK,CBS_PublicEye,"look around, it was very calm seas, quiet. We're the only action going on here, you know. COOPER: (Voiceover) Mick Bird knows how easy"
action,go,1998,FIC,ChicagoRev,"the bar, and it's like he doesn't stop leaning, like the action goes on a long time; I kind of catch his head with my hand"
action,go,1998,MAG,PCWorld,34909 Some companies do it right. Some do it wrong. None of their actions go unnoticed. // HOW DOES A PC VENDOR earn your loyalty? Competitive prices
action,go,1998,ACAD,ScandinavStud,"play, Tamara's Bildung consists of becoming more cruel as far as the exterior actions go -- she does not even blink when her soldiers are killed -- and milder"
action,go,1997,SPOK,CBS_Morning,doesn't it? ROBELOT:... (Unintelligible) colors. A little color action going that way. McEWEN: Got kind of a King Tut going on there
action,go,1997,FIC,LiteraryRev,"sweat shop once or twice a month. Big deal. Where was the real action going down? Processing. For me, your basic illegal was more than just"
action,go,1997,ACAD,IntlAffairs,counseling and care related to reproduction and sexually transmitted diseases. 23 # The Programme of Action goes on to state that reproductive health care in the context of primary health care
action,go,1996,SPOK,PBS_Newshour,than 100 suspected militants have been arrested. Palestinian President Yasser Arafat said the Israeli actions go completely against the peace accords. We'll talk to Sec. of State Christopher
action,go,1996,MAG,Astronomy,"same vicinity of India, Jeff Buell and his eclipse group marveled at the limb action going on with both the Sun and Moon. "" The chromosphere sliding in and"
action,go,1996,ACAD,PSAJournal,"usually the "" quads "" are a little boring, compared to the almost constant action going on during a motocross bike race. I was positioned near a sharp,"
action,go,1995,SPOK,CNN_Burden,", or are innocent victims, who would normally have some recourse or cause of action going to end up being left out in the cold by this legislation? GRETA"
action,go,1995,SPOK,CNN_Reliable,"you know, there have been complaints from some white staff members that- has affirmative action gone too far? Have concerns about diversity affected the fabric of the news coverage"
action,go,1995,SPOK,Ind_Limbaugh,"City, Missouri, in 1976, asking civil rights leaders, When's affirmative action going to end?' That's the big problem with it, nobody set"
action,go,1995,SPOK,ABC_Brinkley,"know, they- they would think that we're not in- there's no hostile action going. What about Scott O'Grady? He was an American pilot. He was"
action,go,1995,SPOK,PBS_Newshour,"Powell has said the right things to appeal to black folks as far as affirmative action goes, even raised some hackles among some conservatives by saying America's a racist"
action,go,1995,MAG,Forbes,. The best-kept secret: The cabanas around the rooftop pool are where the real action goes down at breakfast and lunch. Each cabana is equipped with a fax machine
action,go,1995,NEWS,SanFranChron,"cle on this subject: # It's refreshing that after 30 years of affirmative action gone awry, this fractious subject can finally be broached and both sides of the"
action,go,1994,SPOK,ABC_Nightline,"also. I mean, if they know that there's some sort of illegal action going on, they have to turn him in. DAVE MARASH: voice-over Not"
action,go,1994,NEWS,SanFranChron,""" says Cerchiai. "" He's probably looking down and happy to see this action going on. "" # WHERE TO HEAR SWING # * The Brian Setzer Orchestra"
action,go,1993,MAG,Astronomy,"of their swirling arms, while throughout their broad, thin disks, the real action goes on. For over a century, astronomers have theorized about what creates the"
action,go,1993,NEWS,SanFranChron,"immigrants. # Equating undocumented criminals to the rise of crime and a few terrorist actions goes against the responsibility true leaders have of bringing people together, rather than creating"
action,go,1993,NEWS,Chicago,"to see my vulnerability, They wanted me to kick in gear and get the action going. So what we did was go back to the original pages where that"
action,go,1993,ACAD,TheologStud,"necessary for man, that is properly the notion of the supernatural. Man's action goes beyond man; and all the effort of his reason is to see that"
action,go,1992,NEWS,SanFranChron,has been involved in. (But) we have a lot of politically motivated action going on -- more than I've seen in my lifetime. He probably should
action,go,1991,SPOK,ABC_Nightline,"the immediate days ahead, is it all going to be- is all the diplomatic action going to be at the U.N. Security Council? ENSOR: I don't"
action,go,1991,MAG,RollingStone,Greenpeace feel that the organization has reached the point where it presently has so many actions going on around the globe that it is overwhelming the attention span of both the
action,go,1990,FIC,Bk:BurnMarks,"favor of a black contractor who was a crony of the mayor's. That action went back to 1985. More recently, in 1987, he had sued the"
action,go,1990,MAG,Omni,". The vast majority of whistle-blowers, moreover, reported harassment, including having their actions go beyond the workplace: Whistle-blowers have expereinced financial upheavals, divorce, and deteriorating"
act,go,2019,NEWS,Los Angeles Times,"from being declared unconstitutional. "" # Carney wrote in his ruling that the Anti-Riot Act goes beyond criminalizing the behavior of those acting in the midst of a riot."
act,go,2019,MOV,Ford v Ferrari,much ag with the venues. Feds kept shutting us down ten minutes before the acts went on even when there was no trouble. 696 was killing us. Just some
act,go,2019,TV,True Detective,"it with us. And trust that we will not let this terrible, cowardly act go unpunished. Wayne (age-44 Your old boss got real vocal around then. Gerald"
act,go,2019,TV,Gentleman Jack,"(wings-flapping (bird-vocalizes (wings-flapping (m) (m) I don't believe the Reform Act went far enough! I'm not by inclination a radical, but the fact"
act,go,2018,SPOK,ABC_Nightline,"Bill Cosby, so... LINSEY-DAVIS-ABC-NE: (VO When this clip from Buress' standup act went viral in 2014, a flood of women came forward with strikingly similar stories"
act,go,2018,ACAD,...ournal of Law &amp; Medicine,114) # As Jerry Avorn and Aaron Kesselheim note: The 21st Century Cures Act goes still further in altering the requirements for approving medical devices -- an area long
act,go,2017,SPOK,Fox: First 100 Days,"exchanges. Some of those people might be eligible for Medicaid if the Affordable Care Act goes away, but just a few days ago, the congressional budget office look"
act,go,2017,SPOK,CNN: Anderson Cooper,deal. And this idea that you could buy insurance plans before the Affordable Care Act went into place that just weren't very good insurance plans. That if you
act,go,2017,SPOK,CBS: Face The Nation,", it is going to be a two-step process, first the American Health Care Act goes through, and then this second set of legislation comes on. You are"
act,go,2017,MAG,Fortune,rule goes back to the definition set forth by Congress in the Federal Meat Inspection Act going back to 1906. # The United States Department of Agriculture's Food Safety
act,go,2017,NEWS,Washington Post,"when all other groups are coming in mostly without restrictions. # Cunningham:1882: The act goes into effect. In that same year, the Statue of Liberty's arm"
act,go,2016,FIC,Analog,""" Electromagnetism: e, the charge between particles. There's a little balancing act going on between e and gs, do you see? Inside the nucleus,"
act,go,2016,NEWS,Columbus Dispatch,though his impression of the writer who has fallen off the wagon in the third act goes over the top. # Tom McKinney is solid as the eccentric classicist who
act,go,2015,SPOK,ABC: This Week,that it is absolutely the case that there is a bipartisan agreement that the Patriot Act went too far and certain provisions of it should expire. JONATHAN-KARL# (Off-camera) Did you
act,go,2015,SPOK,ABC: The View,They needed to bring up more topics about what the girls that suffered these atrocious acts went through and how they helped it... Their daughters. RAVEN-SYMONE# Their daughters and
act,go,2015,NEWS,NYTimes,longer afford their health insurance because the premiums have gone up since the Affordable Care Act went into effect. The race pitted two candidates against each other who are as
act,go,2014,SPOK,CBS: 48 Hours,her body by tying her and making it look like it was a bondage sex act gone bad. Daniel proceeds to place her body in trash bags. ERIN-MORIARTY- (
act,go,2014,SPOK,CBS: This Morning,"leaving the nest-- CHARLIE-ROSE# Yeah. LEE-WOODRUFF# --like mine and what-- what's the second act going to look like. GAYLE-KING# Yeah. LEE-WOODRUFF# And what a great resource,"
act,go,2014,FIC,Bk:IfHesDaring,"her side from the moment her useless husband had breathed his last, but this act went far beyond being a nuisance. For a moment she considered setting the authorities"
act,go,2013,SPOK,NBC: Today Show,"Yeah, not very well. NATALIE-MORALES# So we've got our own little band act going on. Yeah, me either, terrible. WILLIE-GEIST# I did a little"
act,go,2013,SPOK,CBS: Face The Nation,"And health care comes up in two weeks. The heart of the Affordable Care Act goes into effect, when these exchanges open for business. You know, we"
act,go,2013,SPOK,CBS: This Morning,so much for joining us. PHILIP-SHENON# Thank you. NORAH-O'DONNELL# And A Cruel and Shocking Act goes on sale tomorrow. Mary Steenburgen is in our Toyota greenroom. She'll
act,go,2013,MAG,Money,"as a student card; such options have all but disappeared since 2009's CARD Act went into effect. Among collegiate cardholders, 66% carry balances, Sallie Mae/Ipsos found"
act,go,2012,SPOK,CBS_NewsEve,"But investigators raised the possibility his death might have been a result of a sex act gone wrong. He was a bachelor with no close personal relationships, yet,"
act,go,2012,FIC,Bk:KOPKiller,"my face frozen in a nasty leer. The woman tried to keep her tough-girl act going, but with the tables turned, I saw fear under those long,"
act,go,2012,FIC,Bk:TerminalPointStrykers,"the world, beginning the long cleanup of tainted and mutated human genetics. The Act went hand in hand with another Serca creation, the Registry, a list of"
act,go,2012,MAG,MotherJones,"governors. I found it detestable. "" # In June 2002, the McCain-Feingold Act went into effect, banning federal party committees from raising "" soft money "" donations"
act,go,2012,NEWS,WashPost,"There were no comprehensive, publicly reported crime statistics for the cruise industry before the act went into force. And if industry critics are to be believed, no reliable"
act,go,2012,NEWS,Denver,"can see what they're going to be dealing with as the implementation of the act goes forward, "" she added. Michael Taylor, FDA Deputy Commissioner for Foods"
act,go,2012,WEB,...today30.usatoday.com,""" The overwhelming majority of funds used by the agency to implement the Affordable Care Act go to administer the premium tax credits, which will be a tax cut averaging"
act,go,2012,WEB,tvtropes.org,"on the sight of two magicians, who formerly had a successful and well-respected double act going before one slept with the other's wife and the other accidentally decapitated said"
act,go,2012,WEB,cbsnews.com,"to preventive health care services as that provision of President Barack Obama's Affordable Care Act goes into effect. # "" Women deserve to have control over their health care"
act,go,2012,WEB,keyt.com,"possible increases. # At the beginning of the year, the Safe Body Art Act went in to effect that further regulates tattoos, body piercings and permanent cosmetics."
act,go,2012,WEB,sojo.net,"have been too old to benefit from her parents' insurance, but once the act went into effect, they were able to put her on their policy. This"
act,go,2012,WEB,huffingtonpost.com,"increases you try to blame on President Obama were instituted BEFORE. the Affordable Care Act went into effect. In fact, as the regulation in the Affordable Care Act"
act,go,2012,WEB,clg.portalxm.com,"the fields. At the level of simply accomplishing the goal of genocide, these acts go beyond reason. But, seen in light of the logic of obstructing those"
act,go,2012,WEB,supreme.justia.com,"statute or executive order, and many cities provide such regulation. Some of these Acts go back four-score years. It has been repeatedly held by this Court that such"
act,go,2012,WEB,goodreads.com,"a little girl, seemingly acted out on a stage. The first and second acts go by, but the third one never begins. She looks at the bottom"
act,go,2012,BLOG,prospect.org,"a bid at establishing accountability. Earlier this year, the California Wage Theft Prevention Act went into effect. Backed by the California Labor Federation, the law gives workers"
act,go,2012,BLOG,...ithdata.blogspot.com,Americans over 26 can be expected to decrease once additional ramifications of the Affordable Care Act go into effect in 2014.  About Teaching With Data # TeachingWithData.org (TwD
act,go,2012,BLOG,maddowblog.msnbc.com,"this claim in any way. Indeed, a big chunk of the Affordable Care Act goes to give small businesses a tax break. # 29. Romney argued,"
act,go,2012,BLOG,balloon-juice.com,"sure we haven't heard the last of him, because blame the teachers unions act goes over well with the rubes. # "" Well, I'm not in"
act,go,2012,BLOG,balloon-juice.com,"sure we haven't heard the last of him, because his blame the teachers act goes over well with the rubes. # I don't think it's the"
act,go,2012,BLOG,whatever.scalzi.com,"... except, they didn't go down like that. Not even the Recovery Act went down like that. # Its indefensible. Everyone knows that. But it"
act,go,2012,BLOG,hotair.com,"fan has seen some sort of late hit, spearing, or other potentially injurious acts go unpunished. Time. After Time. After Time. # Do you still"
act,go,2012,BLOG,firedoglake.com,is saying anything about it. i mean noone. # as the fair pay act goes down the drain....... as the supreme court says it's legal to pay
act,go,2012,BLOG,cinemablend.com,"of The X Factor featured a lot of twists and turns. Ultimately, two acts went home, but it was the latter of the two that was all the"
act,go,2012,BLOG,volokh.com,"Sess. Laws, Chap. 136, p. 1089-90 (2012). This act went into effect on July 1, 2012, and has been widely viewed as"
act,go,2012,BLOG,digitalcowboys.com,"or conscience? BIG corp no no no. Not a chance and performers, acts go right along with it in fear of elimination, even incrimination by now quickly"
act,go,2012,BLOG,insidetv.ew.com,"says one of the most difficult parts of her job is having to see eliminated acts go -- not just because of how tough that is, but because while she"
act,go,2012,BLOG,...edhealthprograms.com,"least the early 1990s, its use is expected to intensify as the Affordable Healthcare Act goes into effect. # Increased quality and lower costs are goals embraced by all"
act,go,2012,BLOG,...politics.nbcnews.com,"the Obama administration that was designed to ensure that no money in the Affordable Care Act goes to subsidize abortions. # "" I think it's illegal, "" Stupak"
act,go,2012,BLOG,thirdcoastdigest.com,"lights will divide that indoor space into something like a three-ring circus, with different acts going on simultaneously. And that's not all: Dancers will be outside the"
act,go,2012,BLOG,tucker.patch.com,be allowed to stand? The damage perpetuated upon the public using the Controlled Substance Act goes beyond any standard of decency we hold other nations accountable for that it makes
act,go,2012,BLOG,...achblog.blogspot.com,", and it was titled, appropriately enough, "" Is there really a magic act going on in Hallandale Beach? "" In it's next-to-last paragraph re the state"
act,go,2012,BLOG,thebeautyofitis.com,"hot meal, could have something warm in their hands and their bellies. No act goes unappreciated! # I just got a text from a a good friend ("
act,go,2012,BLOG,atbash.net,the highest level of freedom bearers visit www.freetibet.org. # As far as the Patriot Act goes all I can say is it sucks that we need it. I hope
act,go,2012,BLOG,...alkingpointsmemo.com,"Split On Whether To Implement Obamacare # Their best shot at eliminating the Affordable Care Act gone, Republican governors say the next step is to ensure Mitt Romney and a"
act,go,2011,SPOK,NBC_MeetPress,"is Fort Hood, an army base. Twenty-five billion dollars from the Economic Recovery Act went to Texas and helped Rick Perry balance his budget. They're going to"
act,go,2011,ACAD,ABAJournal,"modern copyright system that has been with us since at least the day the 1976 act went into effect. "" # But some orphan works fall outside the scope of"
act,go,2010,ACAD,CulturalGeog,"distribution of half-breed lands shall be accounted an Indian.' 32 Yet, the Act went on to reference half-breed several times and while emphasizing that mixed-bloods were not Indians"
act,go,2009,SPOK,Fox_Beck,"It goes back to 1980. BECK: Oh, OK. GOODMAN: The Paperwork Reduction Act goes back to 1980. And, basically, this is real minutia. It"
act,go,2009,ACAD,InstrPsych,"has been in the center stage of accountability reform since the No Child Left Behind Act went into effect in 2002 (NCLB, 2002). Mathematics literacy is regarded"
act,go,2008,SPOK,Fox_HC,"again, the content of the Vietnam protest is a content where there were despicable acts going on, but the despicable acts were being carried out by our government."
act,go,2008,MOV,Another Cinderella Story,children but that is something. [DUSTIN]: Okay. Cool. Now the next act goes by the name of Brittney Blatt. And she's doing who knows what
act,go,2007,SPOK,NBC_Today,"Mm-hmm. Mr-KARGER: But I think the big question is what's her next act going to be? KOTB: Yeah, what is it going to be?"
act,go,2007,MAG,NatlParks,"but doesn't stipulate how they are to be conducted. The Americans with Disabilities Act goes a step further and requires that any state, local, or federal project"
act,go,2007,ACAD,ABAJournal,"Many lawyers around the United States have stopped handling bankruptcy matters since the 2005 bankruptcy act went into effect, says Joseph R. Prochaska, a lawyer in Nashville, Tenn."
act,go,2007,ACAD,ABAJournal,same levels by the end of 2007 that they were at just before the 2005 act went into effect. # All sides agree that the 2005 act has ended some
act,go,2007,ACAD,ABAJournal,"Individuals seeking bankruptcy must file much more information now than they did before the 2005 act went into effect -- about 30 forms documenting assets, income, expenditures and debts"
act,go,2007,ACAD,ABAJournal,least 50 percent more time on each case now than they did before the 2005 act went into effect. Some 27 percent of the respondents said they spend twice as
act,go,2006,SPOK,NPR_Saturday,"suggest, a compromise reached on the Patriot Act. How is the new Patriot Act going to differ from the old one? SCHORR: Well, apparently they've"
act,go,2006,SPOK,NPR_Saturday,"government is, that's very much still a question. There's a balancing act going on among the Kurdish, Shiite and Sunni parties and also between religious and"
act,go,2006,SPOK,NPR_Daybreak,"major policy proposals then? Ms-VIGELAND: Well, there's a really delicate balancing act going on here. Congress wants to change how companies calculate what they have to"
act,go,2006,FIC,NewEnglandRev,"at the door to his quarters, quietly because they are from Minnesota and this act goes against all they believe in. They can hear activity inside-the swish of fabric"
act,go,2006,MAG,NatGeog,"of the U.S. Fish and Wildlife Service (FWS). "" Our Endangered Species Act goes even further and says that if we're going to issue a permit for"
act,go,2005,SPOK,Fox_Sunday,"and seize property, unless there is a very good reason. The Posse Comitatus Act goes back to the 1880s in our history, and it's a prohibition against"
act,go,2005,NEWS,CSMonitor,"finance partner with PricewaterhouseCoopers in New York. In January, the Energy Tax Incentive Act goes into effect. The law creates a series of tax credits to encourage people"
act,go,2004,MAG,Atlantic,it's difficult for most Americans to have an informed opinion about whether the Patriot Act goes too far in its expansion of domestic surveillance powers. The act is so
act,go,2004,MAG,Atlantic,"big step, but it's important; and people may have thought that the act went further than it did. "" I replied that Ashcroft's critics in Congress"
act,go,2004,MAG,Atlantic,"safe.'' "" The same poll suggested that only 21 percent thought the act went too far. These are the liberal and conservative libertarians that Ashcroft dismisses as"
act,go,2003,SPOK,NPR_FreshAir,"the double act. Sean, the rubber-legged funny man, wants to keep the act going. With the help of his sidekick, Arthur, Sean humors Hamish into"
act,go,2003,SPOK,NPR_Science,"Raeburn, sitting in for Ira Flatow. Today parts of the national Homeland Security Act go into effect, protecting vaccine makers, hospitals and other health-care workers from liability"
act,go,2003,SPOK,NPR_Daybreak,"Los Angeles. This is DAY TO DAY. A new element of the Patriot Act goes into effect next week. It will require banks, mutual fund companies,"
act,go,2003,NEWS,Denver,"despite his lack of legal training. # In 1970, just before the Magistrate Act went into effect, federal courts used U.S. commissioners to do the work of today"
act,go,2003,NEWS,Denver,this particular brother team is about how different we really are.' # Brother acts go back to filmmaking's origins. Frenchmen Auguste and Louis Lumiere hosted the world
act,go,2003,ACAD,ArtBulletin,", to The Angelus. "" (n107) # Pommery's motivations for her patriotic act went well beyond her love of country to encompass her business acumen and concerns over"
act,go,2002,SPOK,CNN_Chung,receptionists being asked after-hours and would you stay and answer the phones while lesbian strip acts go on. It's just an awful way to work CHUNG Pretty unbelievable.
act,go,2002,ACAD,AmerEthnicHis,". The legislature passed the bill, and a new, more comprehensive civil rights act went into effect on 11 June 1885, extending protection not only to skating rinks"
act,go,2001,SPOK,NPR_FreshAir,"Vegas and Miami, and he was a traffic cop on stage who kept the act going. And I think also he was kind of a beard who -- you"
act,go,2001,NEWS,WashPost,powder and a check to his ex-wife's lawyer twice before Sept. 11. The acts went unnoticed and unpunished by authorities. # But when Cooper sent the lawyer a
act,go,2001,ACAD,SportBehavior,"B hockey games. Therefore, it was assumed that the fact that some aggressive acts go unnoticed would have only a minor impact on the examination of aggressive behavior as"
act,go,2001,ACAD,Generations,"as much as $10 billion (Harrington et al., 2000). Since the act went into effect, many facilities have experienced severe financial distress. Since 1998,"
act,go,2001,ACAD,ABAJournal,at which time federal tax law will revert back to what it was before the act went into effect. The temporary nature of the changes under the 2001 act is
act,go,2001,ACAD,ABAJournal,law will revert at the beginning of 2011 to what it was before the 2001 act went into effect. # Not all the good news on the tax front was
act,go,1999,MOV,End of Days,"is safe. And what of the world? Everything is as planned. Our acts go unnoticed, unquestioned. - We're everywhere. - Daddy, who is"
act,go,1997,MOV,The Blackout,"to pay more, they can be in the film themselves. We have live acts goin' on all the time. We can run silent here, and everybody"
act,go,1993,TV,Batman: The Animated...,"hat 52 weeks a year? Besides, someone's got to keep the old act going now that dad's gone. - I'm sorry. - Why?"
act,go,1991,MOV,Wild Hearts Can't Be Broken,This? This isn't my job. It's temporary until I get my act going. - What kind of act? - I'm still experimenting. But
act,go,1991,TV,Full House,"Hey, Jess. Hey, Joe. You look good. How'd your act go over at the club last night? I bombed. Those foreign tourist groups"
act,go,2001,SPOK,CNN_Crossfire,"involved in it. So I think that we've had a string of terrorist acts going back to 1983, the Marine barracks in Beirut. And these nations or"
act,go,2000,FIC,DiabetesForecast,! She was furious. How could she have jinxed him? Just because her act went bad that didn't mean his had to. He said he was a
act,go,2000,ACAD,MichLawReview,went in favor of Lincoln and the draft. (n185) Enforcement of the Conscription Act went forward. # Chief Justice Taney apparently expected a suit similar to Kneedler to
act,go,1999,MAG,USCatholic,"prayer. Everything else was derived, secondary, and supplemental. The Book of Acts goes to some effort to depict the apostles maintaining the Jewish hours of communal prayer"
act,go,1999,MAG,WashMonth,"federal audit found that nearly 90 percent of all violations of the Safe Drinking Water Act go unreported. Some of those violations are harmless data-entry errors, but they also"
act,go,1998,SPOK,Fox_Crier,"also taking care of somebody. And women have been managing to keep that juggling act going from time out of mind, and it's not just something new in"
act,go,1998,SPOK,ABC_Nightline,record in punishing terrorism is spotty at best. There are more examples of such acts going unpunished than the other way around and even in those few instances where the
act,go,1998,MAG,Ms,United States and Canada. Good Choice South Africa's Choice on Termination of Pregnancy Act went into effect in February. It is one of the world's most liberal
act,go,1998,MAG,SatEvenPost,". Roberta had closed, so we went around the big-time circuits together. Our act went something like this: I did my regular act; then I introduced her"
act,go,1997,FIC,FantasySciFi,", sir, "" I replied smoothly. "" Remember, next year the Olstead Act goes into effect. I wouldn't want to have my beloved captain brought up"
act,go,1997,NEWS,AssocPress,known to be much higher than those generally found in food and water. The act goes out of its way to exclude the children and adults who pick America's
act,go,1996,SPOK,NPR_Science,"combat global climate change, possibly constraining our economic growth? Has the Endangered Species Act gone too far, protecting even the most seemingly insignificant plants and animals? Both"
act,go,1996,SPOK,CBS_48Hours,"going to last forever. (Footage-of-The-Sup) DOW: (Voiceover) Mary Wilson tried to keep the act going, but seven years later the glitter was gone. And -- and this"
act,go,1996,SPOK,CBS_Morning,"MITCHELL: Well, it's been two years since the Nutrition Labeling and Education Act went into effect... Mr-SLAUGHTER: Mm-hmm. MITCHELL:... which, of course"
act,go,1996,NEWS,SanFranChron,"a pain. "" # Buildings constructed or significantly remodeled since 1992, when the act went into effect, must be fully accessible; older buildings must have a plan"
act,go,1995,SPOK,CBS_Morning,", yet just a solid action movie with wonderful visuals. How will the third act go? Will there be a big romance at the end? Will it be"
act,go,1995,NEWS,Houston,"of the law intended. # Since the employment provisions of the Americans With Disabilities Act went into effect in 1992, more than a third of the complaints filed with"
act,go,1995,NEWS,Denver,"fame, though, is hardly confined to the city or region. Elway's act went national a long time ago. In fact, it's grown into an"
act,go,1994,SPOK,ABC_SunNews,"News, at the Supreme Court. CAROLE SIMPSON: When the Americans With Disabilities Act went into effect two years ago, most people thought it would prohibit discrimination against"
act,go,1994,MAG,Futurist,government is a sloppier caretaker of personal data now than it was before the Privacy Act went on the books! The cause is technology. Prior to the passage of
act,go,1993,SPOK,CBS_Sixty,"Lt-GEISS: It was a three-day bachelor party. You know, there's sex acts going on here, there's people making love in the stairwells. There's"
act,go,1993,SPOK,CBS_Morning,"play to one side, play to the other. And can he keep that act going for the year? I don't know. I don't know."
act,go,1993,SPOK,CNN_Sonya,"grabbing of her person. There was even more than that. There was sexual acts going on by others in the place, and I think the worst part about"
act,go,1992,SPOK,CBS_FaceNation,"We have child labor laws to protect them. We protect workers under the Wagner Act going back to the' 30s. We protect the rights of minorities, our"
act,go,1992,SPOK,ABC_Brinkley,Act had a lot to do with it. I think the' 81 Tax Act went too far in one direction. Then' 86 Tax Act removed all incentives
act,go,1992,SPOK,ABC_SatNews,"CAROLE SIMPSON: Finally, tonight a new phase of the American's with Disabilities Act went into effect recently. It requires employers to modify their workplaces to make them"
act,go,1992,SPOK,ABC_Jennings,"law of the land. This Sunday, January 26th, the Americans With Disabilities Act goes into effect. It is the most sweeping civil rights law since the 1960"
act,go,1992,SPOK,NPR_ATC,"235231 Linda Wertheimer, host: The Americans with Disabilities Act went into effect yesterday. This is the first business day that people who use"
act,go,1992,SPOK,CNN_Moneyline,are scrambling to meet a strict Sunday deadline. That's when Americans With Disabilities Act goes into effect. The law requires businesses to be fully accessible to disabled workers
act,go,1992,SPOK,ABC_Nightline,"siree, you did not last. Oh, man. A lot of good acts went through there, man. A lot of' em died there, too"
act,go,1992,MAG,SportsIll,locker room. Imagine McGuffey's Reader on laser disc. This peculiar generational straddling act goes a long way toward explaining how Krzyzewski has risen to the summit of his
act,go,1991,MAG,Newsweek,he was the best barrier to victory for the radicals. He kept this highwire act going with great skill for many years; but as the new institutions developed lives
act,go,1991,ACAD,CanadaLaw,"in the order "" (Section 8(1) (b)). The Extraterritorial Measures Act goes on to state that the judgment to which the order relates "" may,"
act,go,1990,SPOK,PBS_Newshour,are trying to find out exactly what the signals are. It was a hostile act going into Kuwait. Was it an irrational act on his part other than the
act,go,1990,MAG,RollingStone,". That ain't gon na affect the whole industry,' cause a couple acts went out like suckers. # Major labels are stepping up their involvement in rap"
act,go,1990,NEWS,WashPost,"# This past fall, the automatic wage garnishment provision of the 1988 Family Support Act went into effect nationwide. Previously, wage garnishment only kicked in when a parent"
actor,go,2019,SPOK,NPR_Morning,"? RIKLIS) : I know that back before the civil war, one of my actors went to Syria for Palestinian theater group. And they were hosted by the Syrian"
actor,go,2019,MAG,Gizmodo,"the beginning but toward the end, they'll see why. "" # The actor went on to compare her character to the White Bone Spirit, a shapeshifting demoness"
actor,go,2019,MAG,Hollywood Reporter,"s a brutal scene. We're in there with handheld cameras with the two actors going at it, seeing Euphoria getting beaten up and thrown onto the streets."
actor,go,2018,FIC,SouthernRev,"he fantasized that she only went back to Brooklyn College, where all the unemployed actors went to get their teaching credentials, so she could track him down. So"
actor,go,2017,SPOK,NPR_FreshAir,know him know that. And I felt that same way. A lot of actors go to tremendous lengths to commit to their work as actors - tremendous lengths.
actor,go,2017,SPOK,NBC: Today Show,". It is so bad. KATHIE-LEE-GIFFORD# I mean, you can see those other actors going this is the fifteenth time. KEN-JEONG# Right. KATHIE-LEE-GIFFORD# He's got his"
actor,go,2017,MAG,A.V. Club,"a cynical bone in its body. Braff's script about an out-of-work, overmedicated actor going home for his mother's funeral strains for meaning and eccentricity, but it"
actor,go,2017,ACAD,Texas Law Review,"This objective is difficult to achieve when seeking to understand complex issues on which foreign actors go to extraordinary lengths to hide or obfuscate their activities. "" 108 The Intelligence"
actor,go,2015,SPOK,NPR_FreshAir,"period like that that was hard to go through? ETHAN-HAWKE# Oh, any decent actor goes in and out of fashion. You know, you have to have a"
actor,go,2015,SPOK,NPR_FreshAir,"TERRY-GROSS# Oh, you were making people do real thing. SEAN-BAKER# Oh, my actors go all the way for me (laughter). Yes. TERRY-GROSS# Oh."
actor,go,2015,MAG,Esquire,", 51 # Bartender, Miami # "" Going behind the bar is like an actor going on stage: You are the center of the action. So when I"
actor,go,2015,MOV,Tab Hunter Confidential,attached to working dinner theaters. They said that it was the place that old actors went to die. I was making more money at dinner theater than I was
actor,go,2014,SPOK,NPR_FreshAir,"this year's Cannes award winners. So Julianne Moore won best actress, best actor went to Timothy Spall for his role in "" Mr. Turner, "" which is"
actor,go,2014,NEWS,NYTimes,irresistible one-man play from the most peculiar of fictitious premises -- an underemployed Los Angeles actor goes to work in Barbra Streisand's basement -- allowing the playwright to ruminate with
actor,go,2014,TV,Face Off,. Fuck. Latex and polyfoam is stiffer than foam latex. How is the actor going to be able to emote? I'm really worried. Let's do
actor,go,2013,SPOK,Fox: The Five,". Can someone please put a muzzle on Alec Baldwin? This time, the actor going wild on the streets of Manhattan, allegedly threatening a reporter and throwing racial"
actor,go,2013,FIC,Bk:PirateAlley,we squeezed them dry kinda depended on how bad each dude was. Real bad actors went into a hole in the ground. Guys from mud-hut villages who were doing
actor,go,2013,FIC,FantasySciFi,"set in a recess. A concealed door opened, he walked through like an actor going backstage, and the door closed and vanished into the woodwork. Huh,"
actor,go,2012,MAG,Esquire,much 99.99999 percent of people. Even people in my family. The really good actors go there -- and Joaquin's definitely one of those people. # SR:
actor,go,2012,NEWS,WashPost,655 Eddie Redmayne ignites in Hawking biopic The British actor goes from romantic leads to acclaim in the role of the famous theoretical physicist.
actor,go,2012,NEWS,NYTimes,"much without a big emotional payoff or a lightning flash of insight. When an actor goes out on a limb, you need to feel that you've been taken"
actor,go,2012,WEB,tvtropes.org,was written this way because Shakespeare may have been trying to showcase his best comedic actor going head-to-head with his best dramatic actor. # The First Servant from King Lear
actor,go,2012,WEB,comingsoon.net,"It would be much more interesting now than it was then. "" # The actor went on to explain what he'd like to see Black go through should a"
actor,go,2012,WEB,...ubterraneanpress.com,"and labials if you start learning them before you can walk. That's where actors go wrong, of course. They can make themselves sound like noblemen after years"
actor,go,2012,WEB,blog.ctnews.com,"worked steadily from the late 1940s up until his death in 1973. # The actor went out on a high, playing the ex-anarchist Larry Slade in John Frankenheimer's"
actor,go,2012,WEB,tvtropes.org,"so, the trailers became much more revealing. # This troper recalls that when actors went on late-night talk shows to promote the movie, they showed scenes of the"
actor,go,2012,WEB,...cles.nydailynews.com,""" # Veljic said the photographers were hardly in Baldwin's face before the enraged actor went nuts. "" They were away from him, "" said Veljic. """
actor,go,2012,WEB,tvline.com,was the last thing he would do Jax would make out alive. As the actor went from being inspired to fight for what was right as he watched his father
actor,go,2012,BLOG,eyesin.com,going to start? What's the first shot gon na be? Are these actors going to get along with one another? There are a lot of questions that
actor,go,2012,BLOG,blogs.suntimes.com,", but some times we don't really FEEL it until later. The younger actors go into risk much more, and much more unknowingly, and Bell is more"
actor,go,2012,BLOG,jezebel.com,"a relationship. Anyway, it ended a few years ago after our A list actor went from mainly (with one exception) obscure small roles to international stardom."
actor,go,2012,BLOG,gossipcop.com,know he said that to her? # zap # Why would any well known actor go to a store and buy condoms and a camera? They could have friends
actor,go,2012,BLOG,gossipcop.com,it doesn't end up in the National Enquirer. But then what well known actor goes from their always papped gym visits to a public place outdoors to cheat with
actor,go,2012,BLOG,tvline.com,"own right. See her movie (co-wrote/stars/produces) Lola Versus # When the lead actor goes on talk shows to promote the new sitcom he is on, he should"
actor,go,2010,SPOK,ABC_Nightline,"When the movie opened, it was Sandra Bullock's moment. ANNOUNCER-1AWARDS# And the Actor goes to Sandra Bullock. VICKI-MABREY-1-AB# (Voiceover) In a sweep, she took home a SAG"
actor,go,2010,SPOK,CBS_Early,": Mm-Hm. HARRY-SMITH: And they say, the -- the Academy Award for best actor goes to Steve Carell for -- **26;1500;TOOLONG: For Dinner for Schmucks? HARRY-SMITH:"
actor,go,2010,NEWS,SanFranChron,"Edition "" on - get ready - Blu-ray. # Blu-ray is a beautiful thing. Actors go before the cameras thinking they look splendid, and then the Blu-ray shows that"
actor,go,2010,ACAD,Commentary,hapless a creature as Jeff Bailey could be convincingly impersonated by so physically imposing an actor goes to the heart of Mitchum's screen persona. Though he was a space-filling
actor,go,2010,MOV,Tabloid,", like Pedro Gonzalez. And I found out there was a troop of deaf actors going to the States via Canada. Well, let me tell ya, I"
actor,go,2009,SPOK,ABC_Primetime,"JOHN-QUIONES-1-# (Voiceover) And yet, it's a concern we hear again, as our actors go at it in front of a new set of customers. ACTOR-1MALE2-# I mean"
actor,go,2008,MAG,USCatholic,"back to the Midwest in Footloose? In today's films, however, male actors go to choreographers to learn to fight, not dance. Movie critics repeatedly describe"
actor,go,2008,NEWS,AssocPress,""" and Mary-Louise Parker, "" Weeds. "" // Nods for comedy series lead actors went to Tony Shalhoub for "" Monk, "" Steve Carrell, "" The Office"
actor,go,2007,NEWS,Chicago,"-- and last -- season of the show is out on DVD. Have the actors gone on to bigger and better things? Fire walk with us, won't"
actor,go,2007,NEWS,USAToday,". # With television a luxury few homeless men and women can afford, the actors go unrecognized as they walk the streets and face the unmistakable odors of urine and"
actor,go,2007,NEWS,Atlanta,"in the U.S. House from Iowa (elected 1986). # Ben Jones # Actor went from playing "" Cooter "" on "" The Dukes of Hazzard "" to serving"
actor,go,2007,NEWS,SanFranChron,"forgettable ones. Joe Pesci is the extreme example of what happens when excellent supporting actors go astray. He's one of the best character actors in history "" Raging"
actor,go,2005,SPOK,MSNBC_Olbermann,"in Latin America, while a Mexican labor arbitrator disputes -- reviews the dispute. The actors went on strike outside the firm which may eventually use non-union actors or stop the"
actor,go,2005,SPOK,MSNBC_Scarb,"he script, but we will work on that. I think they should make these actors go to the Razzies. I think if they have to pick up the hardware themselves"
actor,go,2005,FIC,Ploughshares,"stars. Pascal was a little café on the edge of Hell's Kitchen. Actors went there. "" I'm not usually home Saturday night. Joan insisted."
actor,go,2005,MAG,Entertainment,"since then, but it got pretty hairy for a while, "" the 44-year-old actor goes on, lounging in a leather sofa in his living room. "" People"
actor,go,2004,FIC,AmerPoetryRev,Beethoven's Late String Quartets. Godard shows us the players in counterpoint to the actors going through the torments of playing his intensely sexual -- and naked in all senses
actor,go,2003,SPOK,Fox_Cavuto,". Youre one of the few I know. I mean, normally, when actors go into politics, they kind of stay in politics or retire from politics,"
actor,go,2003,SPOK,Fox_Gibson,"and coughs up a raise. This is last summer during the heat wave, actors went on strike no. No theater. The public said, mais, non"
actor,go,2003,SPOK,CNN_SatMorn,that the antiwar movement aids and abets the enemy. This is not about an actor going and sitting on a tank as the war is commencing. That's absurd
actor,go,2003,SPOK,CNN_Talkback,"young people. I'm much more offended by the Hollywood liberals, directors, actors going over to foreign capitals and selling their country down the river to foreign audiences"
actor,go,2003,NEWS,Chicago,"should have voted the year before. (Example: The 2001 Oscar for best actor went to Russell Crowe, who more reasonably should have won a year earlier for"
actor,go,2002,NEWS,Houston,"Children, "" diversity in "" Yada, Yada, Yada "" - and the actors go for the throat, in-your-face stuff, but it's done with humor."
actor,go,2001,SPOK,CBS_Morning,"the side of the angels and the union. (Footage-of-strikin) BOWEN: (Voiceover) When the actors went on strike in 1980, Ed Asner was on the picket line and later"
actor,go,2001,SPOK,CNN_KingWknd,re not allowed to come into my town KING Brando told me that the great actor goes the extra mile. He doesn't want to do that anymore. He
actor,go,2001,FIC,Ploughshares,"the doorway of his bedroom, and it was like watching a play, the actors going about their dramatics unaware of me. # "" Quit staring and help us"
actor,go,2000,SPOK,CBS_Morning,"music's highest honor. Little Jimmy Dickens. Mr-DICKENS: Kind of like the actor going to Hollywood, for me. I -- when you make it to the"
actor,go,2000,SPOK,NPR_Morning,"have to beat out Pauly Shore and Sofia Coppola HADDEN: Nominees for worst lead actor go to, among others, Kevin Costner for his work in two films,"
actor,go,2000,SPOK,NPR_Saturday,"At least in those days... SIMON: Yeah. Ms-HAYWARD:... when an actor went out of the house, he looked good... SIMON: Yeah. Ms-HAYWARD"
actor,go,2000,MAG,Cosmopolitan,"terrible things to do, this is the worst. ""' Reluctantly, the actor went to a Los Angeles restaurant to meet the producer. To Duchovny's horror"
actor,go,2000,MAG,Entertainment,"CREDITS An Oscar nomination for The Insider established the Aussie as one of the best actors going. After unleashing Gladiator glee at the box office, Crowe's fee has"
actor,go,2000,MAG,RollingStone,game plan moment to moment. I am in awe of directors who can let actors go wild on the set. I'd like to turn Bruce loose sometime.
actor,go,2000,NEWS,NYTimes,"the scene where Shaft pretends to be a gay bartender. His evolution as an actor went largely, and unaccountably, unnoticed. He simply got better, displaying aplomb"
actor,go,1999,FIC,FantasySciFi,"in the marsh like Leweli. No one will connect you with a band of actors going south by sea. "" # "" The innkeeper knows there are only two"
actor,go,1999,FIC,FantasySciFi,was past. Was what he had experienced so terrible? Hadn't the two actors gone through something similar and made jokes about it? She asked Perig about this
actor,go,1999,FIC,LiteraryRev,"a second and then a small round of applause from the patrons, and the actor went out to help dean up the mess. # No one saw the busboy"
actor,go,1999,MAG,Entertainment,"have endless disposable hours to hang out in Rachel and Monica's apartment, the actors go their separate ways during their downtime. There are movies to make, offers"
actor,go,1999,MAG,Ebony,". Also share the household duties. Long before Women's Liberation, the two actors went through a tough time deciding to share the household chores so that each could"
actor,go,1999,NEWS,CSMonitor,"all 1,400 of them - in about four years... This whole generation of stock-company actors went out to Hollywood and became that incredibly brilliant group of American character actors from"
actor,go,1999,MOV,Candyman: Day of the Dead,"my God... Mickey! Mickey? Mickey! And the award for the best actor goes to David de La Paz as the Candyman freak... Hey, I'm"
actor,go,1998,SPOK,Fox_Crier,"this "" and "" You do that, "" never really understanding the process an actor goes through. So I think what I can bring to it is that knowledge"
actor,go,1998,SPOK,NPR_Morning,"action, are what he says drive his movies FRANKLIN Because the process that an actor goes through is a whole idea of what does he want in a scene,"
actor,go,1998,FIC,Bk:ExtraMan,energized. I was nervous and my heart was pounding. I felt like an actor going on an audition. I wanted that room! It had to be the
actor,go,1998,ACAD,October,basis for their assent. Chief among the unknowns were these questions: Were the actors going to act their declaration of love? Can you stop an actor from acting
actor,go,1997,FIC,Mov:BoogieNights,. She opens; # JESSIE # And The Award... for Best Actor Goes To... I've seen his movies and I can't wait
actor,go,1997,MOV,Boogie Nights,"for best cock goes to... Here we go again. The award for best actor goes to... I've seen all his movies, and I can't wait"
actor,go,1996,MAG,People,"had a client like Bruce Willis. In a single day last summer, the actor went on the biggest shopping spree for land and buildings in the history of Penns"
actor,go,1995,NEWS,NYTimes,"in a Pinter play. Only Ms. Danner seems attuned to this; the other actors go their separate ways, underplaying, overplaying and trying to make it all come"
actor,go,1994,SPOK,NPR_ATC,"very cut and dry situation. You're going in as though you're an actor going to do a spot on a commercial. They like you, you're"
actor,go,1993,SPOK,CNN_King,"something like that. I mean, I think that happens with every actor. Actors go in thinking,' It's going to be wonderful!' - and"
actor,go,1993,FIC,LiteraryRev,"Stanislayski spoke of the actor relying on his emotional memory, Illimar spoke of the actor going into the unknown, experimenting like a child, who knows as yet nothing"
actor,go,1991,TV,"Beverly Hills, 90210",It's a networking thing. It's a place where a lot of young actors go to get away from the crowds and the media and stuff. Don't
actor,go,1990,SPOK,ABC_Primetime,"opening next week, his new movie, Narrow Margin. But what his fellow actors go on about is the naturalness of the man on-screen. Somehow, they say"
actor,go,1990,NEWS,SanFranChron,"actors like. Sometimes in a film, the pace gets so slow that the actor goes to his or her trailer; they're gone and they show up again"
action,slide,2019,ACAD,Journal of Sport Behavior,"consideration... needs to be given to the barriers or consequences athletes face if their actions slide towards the more politically radical "" (p. 4). # Giardina and"
action,slide,2012,WEB,csmonitor.com," on the stage, Breuer never errs on the side of caution. The action slides from one unexpected location to another - pausing one moment on the porch behind"
action,slide,1994,MAG,FieldStream,"Berettas, including the A390, have a button to push as you pull the action slide back. This is also a fast way to switch loads in the chamber"
action,speed,2019,MAG,Scientific American,"graph of the kill rate reveals a sudden massive slaughter after Hitler "" ordered all action speeded up, "" as one SS officer put it, on July 23,"
action,speed,2003,MAG,TownCountry,"yoti, but try to cultivate a philosophical outlook and bide your time. The action speeds up by the New Moon of the 25th, and you will be shifting"
action,sweep,1999,ACAD,AsianAffairs,than a dozen armed insurrections. The 1920s and 1930s witnessed surging waves of mass action sweeping across the island against Japanese colonial rule. # In 1937 the Chinese people
action,sweep,1990,FIC,Mov:HardtoKill,"-- # SONNY (SLOW MOTION) # He falls! The rush of soccer action sweeps past him, down the field. Sonny -- all attention focused on the"
act,sweep,2012,WEB,libcom.org,"it would not demand too much from them. # When riots against the Stamp Act swept Boston in 1767, they were analyzed by the commander of the British forces"
act,sweep,1994,FIC,VirginiaQRev,"they protested; it was just a favor for a friend. This tiny impetuous act swept them into the net. They were arrested with me. # "" I"
actor,inch,1991,NEWS,CSMonitor,"this fall. # In the parking lot, a line of crew members and actors inches its way past a truck-cum-kitchen, where two chefs busily serve today's hot"
dot,go,2005,SPOK,MSNBC_Abrams,"Heres how you can help or if you need help, heres what you can do. Go to the National Center for Missing and Exploited Childrens Web site, www.missingkids.com or"
act,creep,2004,SPOK,NPR_TalkNation,"concerts were once the realm of youth, but with the average price for arena acts creeping close to $60 -- 174 to see Madonna -- concert tickets are increasingly beyond"
thinking,perceive,2008,ACAD,Adolescence,"teaching participated in this study. The results showed that those participants with absolute thinking perceived the modeling advantage of technical teachers was greater than that of lecturing teachers, preferred"
difficulty,grapple,2012,BLOG,frumforum.com,"it comes to crafting public policy and passing legislation. Unfortunately, we Americans have difficulty grappling with nuance and ambiguity; we want things to be easily and quickly assessed"
difficulty,grapple,2011,ACAD,ForeignAffairs,"unwieldy coalition assembled by Maliki, which enjoys few points of agreement and will have difficulty grappling with politically sensitive issues, such as federalism, the sharing of oil revenues"
difficulty,grapple,2003,SPOK,NPR_TalkNation,"NEARY: Yeah. Mr-FOMUNYOH: I can imagine Amy's, you know, difficulties grappling with that situation, and it's the kind of shock that most of"
difficulty,grapple,2002,MAG,PsychToday,and some HMOs have seen a 25 percent increase in calls. We are having difficulty grappling with our sudden loss of security. In the weeks immediately after the attacks
difficulty,fight,2012,WEB,cnn.com,"About Your Weight. "" # In extreme cases, being underweight can lead to difficulty fighting diseases, and for women it could lead to amenorrhea, or inability to"
difficulty,fight,2012,BLOG,...swers42.blogspot.com,"a little man, the worse for drink, so I didn't have much difficulty fighting him off, but I did end up with a bloody nose and black"
difficulty,fight,1998,FIC,Analog,"pressure suits, that was annoying. It appeared as if he might be having difficulty fighting the urge to move to his candle. "" That ship is definitely not"
crisis,fight,2001,SPOK,NPR_TalkNation,Gore. Was that election a reflection of a nation with no military or economic crises fighting within its own borders over cultural attitudes? Here to talk with us this
crisis,fight,1998,FIC,FantasySciFi,"What? "" # "" You know the rules of engagement. Whoever catches the crisis fights the bad guy. No matter what the odds. No matter how high"
difficulty,struggle,2014,ACAD,LangSpeechHearing,"and high school level, the second author observed repeatedly that his students with language difficulties struggled to produce expository discourse, including how to play their favorite game or sport"
belief,possess,2012,MAG,HistoryToday,"the people', he wrote,' is essentially bad. A full belief possesses them all that this Province must inevitably succumb'. Brock knew that to prevail"
study,resource,2014,NEWS,WashPost,"treacherous fault lines, said E. Ethelbert Miller, head of the African American Studies Resource Center at Howard University and one of the restaurateur's strongest supporters. "" We"
study,resource,2004,ACAD,SocialStudies,"After a decade of using poetry appropriate for children and youth as a social studies resource, I continue to be impressed with how much teacher-education students are moved by poetry"
study,resource,2004,ACAD,SocialStudies,"reconstructionist ideas. They are often surprised that poetry is a credible supplementary social studies resource. Most preservice students appreciate the engaging language, personal tone, and deep emotions"
study,resource,1996,ACAD,SocialStudies,"African students who might bring samples of their national foods. APPENDIX C AFRICAN STUDIES RESOURCE CENTERS # Materials can be obtained on Africa, either free or on inter-library loan"
study,resource,1992,ACAD,SocialStudies,only means of evaluating students. Field trips should be used as a social studies resource. The teachers need to go into greater detail about the things the children will
education,reserve,2012,MAG,WashMonth,"February, four months before they were final (although the state board of education reserved the right to review the final product). Within weeks of the release,"
education,reserve,2011,NEWS,Atlanta,""" Jones said. She said teachers in areas such as art and physical education reserved the last 10 minutes of their classes to drill students in math, and that"
study,reserve,2012,WEB,biomedcentral.com,"of their frame of reference and the context of their relationship. # Several studies reserved a place for life stories, narratives testifying to people's experiences, the obstacles"
training,resource,2012,BLOG,...apcnet.wordpress.com,"Founder and Co-director of Palliative Care Works. Here she talks about a free training resource that is helping to bring effective, practical, one-week training in countries as diverse"
actor,walk,2019,SPOK,ABC_Nightline,"more recognizable to a kid than, you know, if they saw a famous actor walking down the street. She's part of their day-to-day. They're watching"
actor,walk,2019,MOV,Madness in the Method,"man. Jay and silly Bill are over. What they want out of an actor walk in to the room, it's commanding presence, man. Walk in"
actor,walk,2017,FIC,Bk:LastPaintingSaraDeVos,"had to pause out in the hallway to first gather herself up, like an actor walking onstage. Sometimes, when he comes home late from the office, he"
actor,walk,2013,SPOK,CBS: This Morning,"where-- it's not in the final cut of the film, but where the actors walk in and out of the Turnstile. So we had to shoot it three"
actor,walk,2013,MAG,Newsweek,"into the auction room, there is this magic. It's like being an actor walking on stage: You feel your audience, "" says Brett Gorvy, the"
actor,walk,2012,WEB,mubi.com,"Demi Moore where a lot of the scenes of the film are conducted by the actors walking and talking at the place where they work. They might be moving,"
actor,walk,2012,BLOG,avclub.com,"posterity, from Jonathan Frid's frequent line-flubbing (and one-time nose-picking), to actors walking into cardboard setpieces, to various crew members wandering into the frame. Yet"
actor,walk,2012,BLOG,tvline.com,of you personally know him to speculate the reasons. There are countless reasons an actor walks away from a job. One of them being if they are a parent
actor,walk,2012,BLOG,...boogie.wordpress.com,"that things really get interesting. The house lights are turned on, and several actors walk through the fourth wall and into the audience, some take seats, others"
actor,walk,2012,BLOG,newsblaze.com,don't. You need to earn it. # Too many amateur models and actors walk in to a meeting with an agent or manager with a sense of self-entitlement
actor,walk,2011,SPOK,ABC_Primetime,"owned toy store in Livingston, New Jersey. The moment our father and son actors walk through the door, the boy heads straight for the dolls. HASSAN-1ACTOR2-# Why"
actor,walk,2011,SPOK,CBS_Early,forward in the -- in the next steps of my medical education. BILL-WHITAKER: The actors walk away feeling empowered as well. ELIA-SALDANA: I can feel it when I'm
actor,walk,2008,NEWS,AssocPress,"without new episodes on many shows for months while writers were on strike. If actors walk and new episodes vanish again, fans could lose interest for good. //"
actor,walk,2007,FIC,FantasySciFi,"remainder. With the drive for self -promotion extinguished, producers, directors, and actors walked away from movies made purely for profit. The studios agreed and tore up"
actor,walk,2006,SPOK,NPR_Sunday,"screaming at this actor and finished with, Now never do it again! The actor walked away and he looked at me and said, Well, hello!."
actor,walk,2004,SPOK,NPR_ATCW,my life. Thank you. Welcome. Welcome. Welcome. AMOS: The actors walk out into the Baghdad night. Opening in the Iraqi capital is the equivalent
actor,walk,2003,FIC,RadicalSociety,"talk about them too much. I had to look at photographs of a popular actor walking down a street with an enormous black briefcase, and photographs of him with"
actor,walk,2002,MAG,Entertainment,". On the boulevards and boardwalks of this funky L.A. seaside community, the 57year-old actor walks around with the smile and cocksure strut of a gladhanding alderman. Giddy Latino"
actor,walk,2001,MAG,HarpersMag,"in a well-cut black suit "") happy to play their parts as extras, actors walking briskly back and forth through the security checkpoints, the technical crew granted clearance"
actor,walk,1999,MOV,Bowfinger,in it. What? We secretly follow him around with a camera. Our actors walk up to him and say their lines. And he's in our movie
actor,walk,1998,NEWS,NYTimes,": "" As Brook says in' The Empty Space,' the minute an actor walks across the stage and somebody looks at him, that is the beginning of"
actor,walk,1996,ACAD,Raritan,"describes its goal as making heard "" what generally passes unperceived. "" When the actors walk, run, or charge across the stage, they must do it silently"
actor,walk,1996,ACAD,AmerStudies,the narrator who strolls out among the townsfolk on the school gymnasium floor where folksy actors walk through sketchy props to speak their lines. The gymnasium carries more echoes of
actor,walk,1994,NEWS,NYTimes,", of yet another Disney merchandising opportunity. # There's also the problem of actors walking around as animated inanimate objects: teapots, candlesticks, clocks, plates,"
actor,walk,1991,FIC,Bk:Heartbeak,ratings fell?... if no one watched?... if all the actors walked off?... if everyone fluffed their lines?...
actor,walk,1990,MAG,Smithsonian,"space shuttle, just landed, with a blank space for projecting film of the actor walking down a ramp. Jones says such paintings often look blurry up close,"
actor,walk,1990,NEWS,SanFranChron,"s really a lot like making a film; the only difference is that the actors walk up and down live on the film screen. "" # Though much of"
action,step,2012,ACAD,TechEngineerTeacher,"systems. ITEA/ITEEA, 2000/2002/2007, pg. 210 promoted in STL. # Possible Action Steps The framework will serve as the basis for development of the Next Generation Science"
action,step,2012,WEB,fastcompany.com,"and look around. Simply taking some time to reflect will often make your next action step clearer. # If you are ready for a career development reflection, here"
action,step,2012,WEB,malegislature.gov,"and shall include, but not be limited to, specific strategies, adjustments and action steps the entity proposes to implement to improve cost performance. The proposed performance improvement"
action,step,2012,WEB,...usinessdelivered.com,". If the person organizing the meeting can not focus well enough to plan the action steps the meeting should progress through, how can they expect the people invited to"
action,step,2012,WEB,parentfurther.com,"foster positive characteristics that build resilience and promote healthy development and successful learning.  Action Steps  Comments # Submitted by Anonymous on Thu, 2009-10-01 13:42. # 5"
action,step,2012,WEB,sitepoint.com,"me. Perhaps for you as well. # So before we move on to Action Step #4, let me just say that I've never actually owned a farm"
action,step,2012,WEB,sitepoint.com,"but if I did, I wouldn't want to give it away...  Action Step #4: How to Quote a Price without Giving away the Farm # Now"
action,step,2012,BLOG,fourhourworkweek.com,"done, I need to create new action steps right? Going back to the action steps every 3 days is pretty often. Why 3 steps, why not 5"
action,step,2012,BLOG,theeverygirl.com,get these things in place before the year ends. List out three to five action steps you will need to take in order to achieve each of your goals.
action,step,2012,BLOG,blog.tsa.gov,"what I want to do to help your family resolve this situation (list real action steps YOU will take here). "" # Professionally, we call that an"
action,step,2012,BLOG,blogs.mspmag.com,"# Save America, One Plate at a Time # Here is a very simple action step we can take starting today to help solve our national and global food crisis"
action,step,2012,BLOG,bryanfranklin.com,economy.  Register now to join Alexis for a free call on the 3 Action Steps You Must Take This Year to Save $1000s on Your Taxes and Keep More
action,step,2012,BLOG,dagamawebstudio.com,email addresses to stay in touch with customers on a weekly basis.  Practical actions steps you can take to manage your Yelp # YOU are ahead of other business
action,step,2008,ACAD,SchoolCounsel,. Informing and educating both school counselors and school administrators appear to be two critical action steps essential to development of awareness. While about half of the respondents were least
action,step,2006,MAG,Redbook,"re willing to make changes. So tune in to those feelings, using the action step above, and know that you always have the option of taking another path"
action,step,2003,MAG,Shape,"Set goals, keep promises to yourself and maintain your commitment. This is the action step that will transform your life in a profound way. Praised by weight-loss expert"
action,step,2000,ACAD,MusicEduc,to deliver it; the identification of best practices; identification of community resources and action steps necessary for implementing such best practices; and possible challenges of uniform implementation.
action,step,1996,FIC,CriticalMatrix,": in order to prove himself a superior knight, Yvain must repeat Calogrenant's actions step by step, but succeed where his kinsman had failed. By using the"
action,step,1995,SPOK,PBS_Newshour,"barred other than white engineers from being a part of the deal, then affirmative action steps in and says, based on the fact that you have continuously and consistently"
actor,run,2017,MAG,The Atlantic,"The Fifth Element feels like any other big Hollywood sci-fi movie, featuring popular English-speaking actors running around a high-concept world, complete with lavish sets and CGI effects. But"
actor,run,2016,MAG,Mashable,designs -- including Bruce Wayne's gadget-packed hangar -- followed by the chance to see actors running through a scene in giant green room. # From key plot points to
actor,run,2015,MAG,MotherJones,writing all these parts and finding really good people. I didn't know nerd actors run so deep in LA. # MJ: Any childhood interests that might have foreshadowed
actor,run,2012,WEB,trutv.com,"bleeding profusely from a wound to her head. Unable to revive her, the actor ran to the home of filmmaker Sean Stanek, located directly behind Vitello's and"
actor,run,2012,WEB,movies.com,". What you see in that EW clip is what you get -- hot young actors running around with guns, blowing away the enemy. If that's your thing"
actor,run,2012,BLOG,...erfamilybusiness.com,"began, I couldn't see past the puppet strings. I was watching three actors running lines rather than three scared kids fighting for their lives. # I am"
actor,run,2012,BLOG,tvline.com,was soooo not German. I mean aren't there desperate (talented) German actors running around in Hollywood willing to play this part? Or couldn't they cast
actor,run,2010,ACAD,ForeignAffairs,"can extend beyond the government's original intentions. Even when the activities of mezzanine actors run against a state's immediate tactical or long-term strategic requirements, it is difficult"
actor,run,2007,ACAD,AmerScholar,": you certainly felt you were getting a lot for your money, watching 28 actors running around all that scenery. Recent productions have improved upon the supporting cast,"
actor,run,2003,FIC,Atlantic,""" # Gaz showed the rest of what he had: quick scenes of the actors running in a nearby canyon, which would be the planet inhabited by Checkers's"
actor,run,2001,MOV,The Cat's Meow,Little prick. Really? I hear he's got a pretty big one. Actors running a studio. It's like the goddamn serfs running the palace. He
actor,run,1999,NEWS,Chicago,"William Shakespeare (Abridged) "" (Sept. 19-Oct. 14), in which three actors run through all the plays in two hours. (773) 883-1090. #"
actor,run,1997,MAG,AmHeritage,"routines and witty cracks, in a play by someone else in which the star actor ran roughshod over the producer, hired his own writer, and inserted his own"
actor,run,1995,FIC,Triquarterly,"in a comedy movie, where everything is falling down at once and all the actors run in and out of doorways. I sat, shivering, curled up on"
actor,run,1995,FIC,Bk:DeadMansDance,it. Monday wasn't Monday unless Natalie got to see a bunch of rich actors running around in red swimsuits pretending to be lifeguards. The whole idea made Katie
action,run,2018,TV,Happy!,"are connected by a thousand invisible threads. And along these sympathetic fibers, our actions run as causes and return to us as results. That means nothing in life"
action,run,2017,NEWS,Minneapolis Star Tribune,"the trip was connected with a Ben & Jerry's ice cream shop that Community Action ran near the University of Minnesota, though the shop had closed in 2010."
action,run,2014,ACAD,ArtJournal,"occupy) a marginal position in the art world, as their principal lines of action ran outside the institutions and against the grain of the hegemonic discourses of the art"
action,run,2012,FIC,Bk:MurderUnleashed,"might be turned away, banished to the cold. # As numerous courses of action ran through her mind, she noticed several children coming home from school. She"
action,run,2012,WEB,...pieceofmonologue.com,"performance art into the mainstream?' Read More # The Tanks: Art in Action runs from 18 July -- 28 October 2012. Website  National Concert Hall,"
action,run,2012,BLOG,oncombat.net,"easy road for the patrol, but the clearly immoral and illegal nature of his actions runs counter to and undermines the standards"
action,run,2012,BLOG,...odfatherpolitics.com,To much crap shuved in our fac # Ocommie's win in 2008 = Affirmative Action run amok!!! # Scientist5 # My choice is definitely Romeny -- I
action,run,2012,BLOG,...sandwingslibrary.com,"with our fellow men; and among those fibers, as sympathetic threads, our actions run as causes, and they come back to us as effects - Herman Melville"
action,run,2012,BLOG,jonathanturley.org,"and ignorance. I don't believe people are good or evil, I believe actions run the spectrum from good to evil (and the morality of the effect is"
action,run,2011,ACAD,CollegeStud,"a type of common thought and action which depends upon certain currents of ideas and actions running through a group "" demonstrated through mediums such as clothing, accessories and hairstyles"
action,run,2009,SPOK,NPR_TalkNation,"I just think that's a losing proposition, especially since a lot of our actions run contrary to our own rhetoric, such as the idea that the lofty rhetoric"
action,run,1997,MAG,Environmental,"you, have to think of it as long-term process. One of the first actions RAN was involved in was a campaign, involving civil dis obedience and banner hanging"
action,run,1997,ACAD,ScandinavStud,"this work, the simultaneous setting corresponds to the temporal dimension in which five individual actions run parallel to one another. (74) # The later play, Die"
actor,step,2019,MAG,Mashable,"a home yet. But considering the appeal of both the original show and the actor stepping in for the reboot, this shouldn't be a problem, right?"
actor,step,2018,MAG,Hollywood Reporter,"that Scott Rudin once championed and a string of helmers turned down before the Brit actor stepped behind the camera himself: "" That was obviously a tough sell. """
actor,step,2017,SPOK,NBC: Today Show,on to something there. Okay. Moving on to Brad Pitt now. The actor stepped out on the red carpet for the Lost City of Z premier. Pitt
actor,step,2012,MAG,USAToday,"a natural way within the shot to go to black briefly, such as an actor stepping in front of the lens. This action allowed Hitchcock to mask the """
actor,step,2012,WEB,tvtropes.org,"Good Person of Szechwan ends abruptly, without solving any of the conflicts. An actor steps out, and asks the audience to find a resolution. # UMO Ensemble"
actor,step,2012,WEB,buddytv.com,"enough for some TV stars, they also want to direct. The trend of actors stepping behind the camera to direct their own shows is a popular one, and"
actor,step,2012,WEB,...ilmschoolrejects.com,on these character's performances and it is nothing short of captivating to watch these actors step up to the challenge. Rainey holds his own against the adults and does
actor,step,2012,BLOG,...ntertainmentfuse.com,"Cloud Atlas sees its massive and diverse cast tackling multiple roles, many of the actors stepping into characters of different genders, sexes, races, and ethnicities. Such"
actor,step,2012,BLOG,...ntertainmentfuse.com,"theaters this weekend, so here's a brief history of how the practice of actors stepping into multiple roles in the same film has worked throughout the years. #"
actor,step,2012,BLOG,...ntertainmentfuse.com,home and the inner problems with seeking resolve. The Wizard of Oz' s actors stepping into multiple roles emphasizes these changes. # The Parent Trap (1961)
actor,step,2011,FIC,FantasySciFi,"than in leagues, ells, or cubits. They waved good-bye, and like actors stepping through a backdrop into another world, passed from the hot March sunlight into"
actor,step,1996,MAG,BoysLife,makeup is simply a latex bald wig and some pale skin-tone makeup. Then the actors step into their metal suits to transform into sinister cyborgs. The look for the
action,spring,2013,MAG,USCatholic,Tightness or wrongness of our choices. But the truth is that our decisions and actions spring from worldviews fed and watered by the stories we are raised with. Our
action,spring,2012,WEB,bible.cc,"sense, or having principles of grace and holiness in them, from whence holy actions sprang, at least not all of them; but they were separated from all"
action,spring,2012,BLOG,theagitator.com,that can impede their cause is a bad thing. And never mind if both actions spring from the same principle; if you were one of the Elect you would
action,spring,2012,BLOG,ecowatch.org,"action to halt its construction. # "" It's encouraging to see these solidarity actions spring up across the globe in response to the escalating devastation of climate change,"
action,spring,2010,MAG,USCatholic,"? And when I do see a need and respond, how often do my actions spring from love and how often from guilt? When am I truly empathetic and"
action,spring,2004,ACAD,ChurchHistory,"characteristic of a movement that placed a high premium on social action. This social action sprang from an active faith, undertaken in Christ's name, but informed by"
action,spring,1997,FIC,GoodHousekeeping,"lies in trying to find motive, in thinking of humans as rational beings whose actions spring from logical causes. I believed this for years as I tried to find"
act,dance,2017,NEWS,USA TODAY,"play themselves. # World of Dance NBC, 10 ET/PT # The final three acts dance their hearts out in the season finale of the Jennifer Lopez-produced dance competition series"
act,dance,2012,ACAD,JournalAmerican,"were not found among the performers who delighted white audiences in popular clubs. Class acts danced in lesser-known venues and because of this, maintained their own sense of authenticity"
act,dance,2012,BLOG,aceshowbiz.com,"Donning a black shirt and leather pants teamed with gray jacket, the Canadian pop act danced along with a number of male and female dancers who were clad in black"
act,run,1996,MAG,Forbes,"last year came from books, movies and TV shows-things that will disappear once his act runs thin. # "" Guys like Rodman, Brian Bosworth, Jim McMahon-that's"
act,run,1994,NEWS,SanFranChron,"Desert Protection Act through the U.S. Senate, I fear a significant provision of this act runs contrary to the "" preservation "" spirit of the bill. Specifically, as"
act,run,1994,NEWS,SanFranChron,"jazz out there. Yoshi's in Oakland, where the door charge for national acts runs from $ 15 to $ 20, is profitably presenting classic musicians such as"
act,spring,2016,SPOK,NBC: Meet The Press,". I mean, this entire thing has been a disaster. The Affordable Care Act sprang the tea party which created the force that created Donald Trump. We can"
act,spring,2012,WEB,godconsciousness.com,"the little note, the gesture, the word, and the abruptness of an act springing from a fathomless peace where the noise of time and the press of men"
act,step,2012,BLOG,minnpost.com,"in hopes that we win the opportunity to kind of self-direct without the Affordable Care Act stepping in? "" # "" The issue now is that debate kind of got"
act,step,2012,BLOG,eatingrules.com,"Naively I started planting improvised containers in September of last year and in that simple act stepped onto a new path. Long story short, I became hooked on the"
action,crawl,1998,FIC,Mov:Avengers,before the guards return. He turns and -- 308 INT. DUCTS - CONTINUOUS ACTION crawls forward through a mass of wires and plumbing --until he hears a VOICE --
action,hop,2004,NEWS,CSMonitor,""" as the title song put it. Law is lively and Shyer keeps the action hopping with help from the movie's original gimmick of having Alfie keep up a"
action,hurtle,2001,NEWS,CSMonitor,"give us the ultimate battle: Li vs. Li. As the non- stop action hurtles toward a rather predictable conclusion, you may have to look hard for a"
action,walk,2016,NEWS,New York Times,"a well-honed Russian art form in Europe, especially in former Soviet states. Such actions walk the line between harassment and low-level state-versus-state conflict. Now, they have come"
actor,dance,2014,NEWS,Austin,"scene with a nervous suburban divorcee. Two scientists argue in one scene. Two actors dance with a puppet in another. "" Sibyl gives us a banquet of images"
actor,lunge,1996,NEWS,USAToday,""" and "" obsessive "" are often bandied about by her critics. But fellow actors lunge to her defense. Says Lauren Bacall, who plays Streisand's mother in"
actor,march,2002,SPOK,CNN_Chung,"pressure New York's mayor to retract his invitation to have two "" Sopranos "" actors march in New York's Columbus Day Parade? Well, "" The Sopranos """
actor,pace,2012,WEB,criterion.com,"tennies to the film's advantage; one of its most explosive scenes features the actor pacing particularly uncomfortably in a pair of straight brown lace-ups, as Cassavetes' fumblingly"
actor,saunter,1998,MOV,Playing by Heart,"about to do this killer monologue. I'm up next... If one more actor saunters into this class... and recites Katherine's "" native boys ate my cousin"
actor,stride,1999,ACAD,ForeignAffairs,"2647 Why Central Banks Need Public Oversight # In January, a new leading actor strode onto the world stage. More powerful than most national governments and responsible for"
act,creep,2004,SPOK,NPR_TalkNation,"concerts were once the realm of youth, but with the average price for arena acts creeping close to $60 -- 174 to see Madonna -- concert tickets are increasingly beyond"
help,support,2018,MAG,News-Medical.net,"fact that we saw similar results in both blood samples and post-mortem brain tissue helps support the belief that this is a real effect we are seeing "". # Participants"
help,support,2017,NEWS,The Detroit News,"re learning about how best to get where they want to go. Nautilus helps support all the steps they've been taking. "" # Another misstep could be fatal"
help,support,2017,NEWS,Baltimore Sun,the offense this fall in receptions with 39. One might think that development helps support his insistence last season and during the preseason that he could contribute to the team
help,support,2016,NEWS,OregonLive.com,Wildlife Service operates the refuge. Friends of the Malheur National Wildlife Refuge nonprofit help support the refuge. # The takeover: The refuge includes more than a dozen buildings
help,support,2015,SPOK,CNN: CNN Tonight,"but they helped us. The surge was made possible, because the Saudis helps support the Sunday awakening movement that helped stabilize the situation and allow American forces to leave"
help,support,2015,SPOK,PBS_Newshour,". JEFFREY-BROWN# The two agencies -- and, for the record, the NEA helps support the "" NewsHour ""' s arts coverage -- are turning 50 this year."
help,support,2015,MAG,Atlantic,""" in every way. Each month, he sent her 200,000 colonesroughly $380to help support her. Given how they met, I asked her whether they had a romantic"
help,support,2015,MAG,PCWorld,"fringe free software project -- all modern Chromebooks ship with Coreboot, and Google helps support it. # When someone recently asked whether Coreboot would support new Intel Broadwell ThinkPads"
help,support,2015,MAG,VegTimes,"blood's ability to deliver oxygen to all parts of the body, and helps support the immune system. A stable, organic chlorophyll supplement can be mixed right into"
help,support,2014,MAG,PopMech,"you more (an iPhone 5 kit is $140), but the money helps support the organization's work of empowering users with the necessary tools and guides to fix"
help,support,2014,NEWS,WashPost,"Natural Sciences is part of the city's museum complex, a mini-Mall that helps support its title as the "" Smithsonian of the South. "" (Another similarity:"
help,support,2014,ACAD,ReadingTeacher,"within this unit of study, and how will the method of interactive writing help support this writing principle? "" # Furthermore, while the lessons might occur less frequently"
help,support,2012,MAG,MotherEarth,"as fuel when searching for prey and reproducing, and the protein in pollen helps support the development of their eggs. # Which plants are easiest for them to tap"
help,support,2012,NEWS,STLouis,". The event raised more than $150,000 for Backstoppers, a charity here that helps support the families of emergency responders killed in the line of duty. That was the"
help,support,2012,NEWS,OrangeCR,"s amazing. "" Molina and his wife launched a foundation in 1999 that helps support more than 300 organizations, including the Orange County School of the Arts in Santa"
help,support,2012,WEB,...logicaldiversity.org,"policy from Vermont Law School. # Amber Coyle, Major Gifts Assistant, helps support the Center's membership and major gifts programs. Before joining the Center, Amber"
help,support,2012,WEB,globalgoodnews.com,"product made in the United States. The survey of more than 5,000 consumers helps support the argument that more manufacturers should base production in the United States, according to"
help,support,2012,WEB,masslive.com,"game. He went there after taking nearly two years off from school to help support his mother, who was struggling more than three years after the death of Calhoun"
help,support,2012,WEB,fmsfonline.org,"this technique, a "" facilitator, "" usually a special education teacher, helps support the hand or arm of the autistic child. By sensing where the hand wants"
help,support,2012,WEB,...iseblaha.typepad.com,"This is a for profit blog. The ads hosted at the top right help support me and keep this site full of original content. Occasionally, I will use"
help,support,2012,WEB,...llstreetexaminer.com,to Russ Winter's Actionable. The subscription fee is $69 per quarter and helps support Russ's work on your behalf. Click here for more information or to subscribe
help,support,2012,WEB,...aterencyclopedia.com,"spaces between the mineral grains. Because water is essentially incompressible, that water helps support the weight of the overlying rock and soil. When the water is pumped out"
help,support,2012,WEB,glennbeck.com,", to make us marketable. zs # Many of us pay tithing that helps support the poor in our communities, and many of us donate to food distribution centers"
help,support,2012,WEB,reddogfarm.com,with his new family. He says thanks to everyone who works with or helps support Red Dog Farm. # Brodie Garbett # Dear Red Dog Farm--this is just to
help,support,2012,WEB,phys.org,have a better ideal id like to here it and if you would like help support this plan id like to here it and i do like the ideal of using
help,support,2012,WEB,walgreens.com,"Wellness products will now give back every day. Purchase of Walgreens Brand products helps support our mission of bringing wellness services to local communities. # Beginning February 1,"
help,support,2012,WEB,brctv13.com,to the preservation and presentation of 19th century agricultural history. All monies raised help support the mission of our farm museum and its educational programming. Quiet Valley is located
help,support,2012,BLOG,...ghsmith.blogspot.com,"reader:  Search Amazon.com # Making your Amazon purchases through this Search Box helps support oftwominds.com at no cost to you: Amazon.com Widgets # "" What makes you a"
help,support,2012,BLOG,...iffmass.blogspot.com,Washington Weather Calendar Now Available # Click on picture for more information. Helps support American Meteorology Society Student Chapter at the UW  Total Pageviews  My Weather Segment
help,support,2012,BLOG,...ne.blogs.nytimes.com,"by rock, reggae and hip-hop. The bars and nightclubs that the military helps support give musicians places to make a living. Roots musicians and rappers, sanshin masters"
help,support,2012,BLOG,...erfraud.blogspot.com,people who can't get ID are illegal or underage anyway. Voter ID helps support free and fair elections for Democrats and Republicans. Are you okay with stolen elections
help,support,2012,BLOG,tamccann.com,"supporting docs -- this may include market reports, press mentions... anything that helps support your perspective on the market and/or size of the opportunity # Funding docs -- term"
help,support,2012,BLOG,mamaandbabylove.com,"still huge, but more like pancakes: -S and lying on my side helps support my poor old droopy things too! # I had to get some tips from"
help,support,2012,BLOG,tweentribune.com,"a serious thing. By buying these, it supports the breast cancer and helps support the research centers that are trying to find a cause. Although it seems inappropriate"
help,support,2012,BLOG,thedomains.com,we were fortunate to close on an initial round of funding from Ammar to help support the product scale to multiple domains. # Michael -- thanks again for the article
help,support,2012,BLOG,...ghsmith.blogspot.com,"reader:  Search Amazon.com # Making your Amazon purchases through this Search Box helps support oftwominds.com at no cost to you: Amazon.com Widgets # "" What makes you a"
help,support,2012,BLOG,...llstreetexaminer.com,to Russ Winter's Actionable. The subscription fee is $69 per quarter and helps support Russ's work on your behalf. Click here for more information or to subscribe
help,support,2012,BLOG,...iseblaha.typepad.com,"This is a for profit blog. The ads hosted at the top right help support me and keep this site full of original content. Occasionally, I will use"
help,support,2012,BLOG,...llstreetexaminer.com,to Russ Winter's Actionable. The subscription fee is $69 per quarter and helps support Russ's work on your behalf. Click here for more information or to subscribe
help,support,2012,BLOG,...ix.blogs.nytimes.com,"say that donating to a religious institution that runs a soup kitchen, or helps support a poor community in Guatemala, say, is different than giving money to support"
help,support,2012,BLOG,...adolescenthealth.org,trainers work with their clients to get them as in our bodies while omega-3s help support a healthy inflammation response. At the time of delivery many women have great problem
help,support,2012,BLOG,suicideproject.org,"comment, stating that I am speaking to a small number of people just helps support my point. Even in a forum like this where understanding and communication is the"
help,support,2012,BLOG,kckansan.com,Quilters recruits and teaches volunteers to hand quilt. The proceeds from their quilting help support the Grinter House Museum and preserve the history of our area for all to enjoy
help,support,2012,BLOG,...plorecreateshare.org,"look like as we proceed into a young century. Via this relationship Mozilla helps support the Hive NYC work through financial support, expanding our team, presenting opportunities to"
help,support,2012,BLOG,...todaymeditations.com,"Back, it really does work!  Who's Online  Freedom  Help Support Our Efforts  Meta  AA Third Step Prayer # The 3rd Step Prayer #"
help,support,2012,BLOG,...hought.blogs.cnn.com,caregivers and families to be partners in the educational process and the above suggestions helps support that partnership. I encourage you to share your best practices by offering your comments
help,support,2012,BLOG,pureinfotech.com,"for sales generated through this website. This, along with contextual advertising, helps support my efforts while helping you find solutions. Thank you for coming by. If"
help,support,2012,BLOG,...eartlibertarians.com,"and global producers alike, has to be the best approach. Buying local helps support the community immediately around you -- where you actually do your living -- while buying"
help,support,2012,BLOG,...ghsmith.blogspot.com,"reader:  Search Amazon.com # Making your Amazon purchases through this Search Box helps support oftwominds.com at no cost to you: Amazon.com Widgets # "" What makes you a"
help,support,2012,BLOG,...blog.avoncompany.com,"screening must be provided with additional diagnostics and necessary care. The Avon Foundation helps support this stage of the "" breast cancer journey "" by funding a network of 70"
help,support,2011,ACAD,SchoolPsych,"are specifically relevant to the teachers in the group. Group problem solving further helps support this process, making the content applicable for those teachers in the School Psychology Review"
help,support,2010,MAG,TownCountry,"the rare giant purple trillium. The Audubon Society of Portland's annual sale helps support the restoration of wildlife habitats. audubonportland.org. May 16Plant Conservation Day Framingham, Massachusetts"
help,support,2009,MAG,Redbook,. Newer treatments still under investigation include a minimally invasive synthetic mesh sling that helps support the rectum and restores the angle between the anus and rectum and a pacemaker device
help,support,2009,MAG,TotalHealth,"naturally is omega-3 fatty acid DHA, an important nutrient that studies have shown help support healthy joint function, cardiovascular health, and help to enhance mood and support a"
help,support,2009,ACAD,ScholScope,"occurred on the Indian Ocean. The wind ripped loose the heavy wire that helps support the mast (the tall pole that holds the sails), and the mast"
help,support,2008,NEWS,Houston,"singing, Ollie. # I kid with love. The Hannity concert series helps support a scholarship fund for children of U.S. soldiers killed or disabled in service. #"
help,support,2007,SPOK,PBS_Newshour,"having a very different agenda when it comes to suppressing the cross-border activity that helps support the Taliban? ANATOL-LIEVEN: Yes, but Pakistani officials would also point out that"
help,support,2007,MAG,VegTimes,"S.O.S. (Send One Suit) Week. WHAT YOUR GIFT WILL BUY $25 Helps support the first Dress for Success experience: an interview suit, a one-on-one session with"
help,support,2006,MAG,TownCountry,"may suffice. A pessary (a diaphragm-like device inserted in the vagina) helps support the urethra. Collagen injected into the lining of the urethra, repeated at six-"
help,support,2006,ACAD,ABAJournal,to the Fund for Justice and Education -- nearly $4 million every year -- helps support a wide range of programs that benefit both the profession and the administration of justice
help,support,2006,ACAD,MusicEduc,"for students with certain physical disabilities because the neck strap and bass clarinet pin help support the instrument. Saxophone is a popular choice for many students with ADHD, and"
help,support,2005,MAG,NatGeog,"smile of a natural-born salesman. Selling candy on the city bus, Miguel helps support a household in which everyone contributes. But he's also a ten-year-old kid who"
help,support,2005,MAG,People,out my problem: I had low progesterone. That's the hormone that helps support the pregnancy in the first 12 weeks until the placenta kicks in. If I
help,support,2005,NEWS,WashPost,"tea and silent action at the Inn at Buckeystown in Buckeystown. The tea helps support the society's Tea Gift Basket Program for women undergoing breast cancer treatment, and"
help,support,2004,SPOK,NPR_Morning,actually. There's a series of tendons that come back up here that helps support the back of the tail. Mr-BROMM: Oh. JOYCE: The artists and
help,support,2003,MAG,PopScience,"WIG vehicle would -- a cushion of air generated by the plane's velocity helps support it in flight, so that the plane cruises even more efficiently than a high-altitude"
help,support,2003,MAG,TotalHealth,"aroma, also aids in fat loss, has premier infection fighting properties and helps support healthy thyroid and cardiovascular function. Photograph // Misguided Advice from the Experts Extra virgin"
help,support,2002,FIC,Mov:25thHour,"a hole cut out for his head, leans against a blue I-beam that helps support the ceiling. He holds a small radio to his ear; we can hear"
help,support,2002,MAG,USCatholic,a tea boy in a small market His earnings of 40 rupees a day help support his family. Ten-year-old Jahal Akbar rummages for recyclables in Peshawar's dumps that he
help,support,2002,MAG,PopMech (1),the leg mortises with a spiral up -- cutting bit. Another leg helps support the router while making these cuts. Photograph Use a chisel to cut a 1/4-in.
help,support,2002,ACAD,AmerIndianQ,PASS and maintaining our cultural heritage. The comic vision gives witness to and helps support our ongoing efforts to rebuild our world. As long as we keep telling the
help,support,2001,FIC,GoodHousekeeping,"both knew was filled with promise. Photograph In an accident, the windshield helps support your car's roof so that cave-in potential is minimized, and allows your airbags"
help,support,2001,MAG,Bazaar,"(fxb.org) or by phone (617-432-3511). Project Concern International (helps support the Fountain of Hope programs for street kids), 3550 Afton Road, San"
help,support,2001,MAG,AmericanCraft,"nation. "" * The James Renwick Alliance, an independent nonprofit organization that helps support the Renwick Gallery of the Smithsonian American Art Museum, held its 19th annual spring"
help,support,2001,NEWS,AssocPress,"in those discoveries is about 70 percent. # "" Clearly, this discovery helps support the emergence of Trinidad and Tobago as a central player in the growing global economy"
help,support,2001,ACAD,MichLawReview,", it is permitted to do exactly that. # Ideas of this sort help support the closely related idea that agencies are presumptively permitted to compare costs against benefits,"
help,support,2000,SPOK,CNN_King,"great results with the product Vioxx. We are also doing a lot to help support the Arthritis Foundation, and it's really going to be a lot of fun"
help,support,2000,MAG,WashMonth,"house they'd live in for 50 years. Now Social Security and Medicare help support them in retirement. # Without such context, it's easy to ignore the"
help,support,1999,MAG,Jet,"wool dress and coat by Hanae Mori-Paris. // In Los Angeles, the show helps support the Children's Home Society, an organization that provides a wide variety of support"
help,support,1999,NEWS,Houston,"the boys' lacrosse team at Lamar High School, where a coaching stipend helps support the girls' and boys' lacrosse teams. # "" The principal of Lamar"
help,support,1998,MAG,MotherEarth,"tools if I had to push hard on the handles, whereas a low-wheeler helps support the tools and move them along in the row if a hard push is required"
help,support,1997,NEWS,Atlanta,"considers an acceptable salary, makes enough extra to employ two part-time workers and helps support his wife, stepson, and -- soon -- a newborn. But Monk says"
help,support,1996,MAG,Money,dividend-paying stocks. The steady income from these securities (recently averaging 2.4%) helps support their prices when the market falters. But Posner isn't interested in a company
help,support,1996,MAG,TotalHealth,"for reproduction. This helps energy, circulation, brings up blood pressure and helps support the reproductive area. I suggested three per day. Robert: What was in"
help,support,1996,MAG,PopMech,"Figures 15 and 16 omitted) To do this, you'll need some help supporting the back end of the horizontal track. If you're working by yourself,"
help,support,1995,ACAD,NaturalHist,and plastic bottles in the association's workshops. The sale of these products helps support the center and gives each worker a small salary (sometimes a major source of
help,support,1994,NEWS,Denver,"Lyric Opera Guild. The black-tie optional event, at the Metropolitan Club, helps support the guild's upcoming Competition for Colorado Singers. For reservations, call 770-1287 or"
help,support,1993,FIC,Bk:CerealMurders,"voice. "" And I also heard that if the applicant's after-school job helps support the family financially, it shows character, and that's what top colleges are"
help,support,1991,ACAD,Mercury,boulder partly visible on the right forms the right wall of the shelter and helps support the painted ceiling stone. This site is located in what was once the territory
assistance,support,2012,WEB,whitehouse.gov,"Jordan's leadership to seize this opportunity to advance meaningful reforms. U.S economic assistance supports Jordan's economic growth and development and promotes political, economic, and social reforms"
assistance,support,2012,BLOG,...ntermediadesigns.com,"are pretty much from the exact same quality level, it's within the assistance support that you ought to concentrate on. If you're able to observe that these"
assistance,support,2007,ACAD,GeorgiaHisQ,Rosenwald Project were perhaps an impetus for the college's rural neighbors to seek assistance supporting those whose formal education had been interrupted or was lacking due to exigencies created by
assistance,support,2000,ACAD,WorldAffairs,"and polities is hardly disinterested. Our energy policy and ongoing programs of democratic assistance support our objectives of regional cooperation, conflict resolution, strengthening the region against efforts to"
assistance,support,1998,ACAD,WorldAffairs,"significant percentage of Jordan's revenue, probably creating severe domestic crises. Foreign assistance supports government expenditures in the public sphere, such as those for the civil service and"
helper,support,1997,MAG,PopMech,where it enters the concrete. Use exteriorgrade silicone caulk. Photograph Have a helper support the extension arm against the post at the proper height. Then fasten with two
vision,feel,2019,FIC,Fan Fic,"crushed in a vice, his chest was tightening, and the edges of his vision felt blurry. He pressed his forehead into the table and tried to ground himself"
vision,feel,2015,NEWS,WashPost,"the loss of people they loved. But the pressures on my students at Community Vision felt larger: sleeping outdoors, hustling a few dollars, avoiding police, having"
vision,feel,2012,WEB,deadline.com,"appreciate seeing a darker tone after the Batman &; Robin turdfest, but Nolan's vision feels like a well-made crime-drama stuffed inside a cape and cowl. Conversely, Avengers"
vision,feel,2007,FIC,NewEnglandRev,"the edge of the couch and misses, falling slowly to the floor. His vision feels as though it has been permanently blurred, like looking through a wall of"
vision,feel,2003,FIC,SouthernRev,"only were such beings. "" he made his voice dry, but his own vision felt watery as he studied the figures, one in a wheel above the falling"
vision,feel,1998,TV,Millennium,"are becoming more frequent, more intense, altered. Notjust an angel. These visions feel prophetic and frightening. I can't turn my back on what I trust"
sight,feel,2018,FIC,Sewanee Review,"steps lag. In the distance, the big house reappears. To Tess the sight feels like a long-asleep limb prickling awake. # Marie says, “ I can"
sight,feel,2012,WEB,goodreads.com,", as soft as a kiss.. Because this is what love at the first sight feels like:) # I, like a lot of people, have been"
sight,feel,2012,BLOG,katherinearmon.com,want to lose more now but to have my original goal so close to my sights feels absolutely amazing. I have tried so many times to lose weight in my
vision,touch,1996,FIC,Ploughshares,""" Clayton said. # At first, as John had trusted, the buffalo vision touched with grace his experience of college. He found all his classes. The"
vision,touch,1994,ACAD,AmerIndianQ,"and mentioned repeatedly in the novel. Together, these connections indicate that Set's vision touches upon the deepest strata of his unconscious from which his personal and artistic regeneration"
blind,feel,2012,BLOG,patheos.com,", I know) but at another it is drastic? Perhaps that person born blind feels that they are at a significant disadvantage, in exactly the same way and"
blindness,feel,1997,FIC,Analog,". Eyes closed, eyes open, there was only blackness. Was this what blindness felt like? But it wasn't his eyes that were at fault. """
effect,transfer,2012,WEB,...eburningplatform.com,"Accredited was in chapter 11 at the time -- so HSBC was, in effect transferring real property out of a bankruptcy estate to themselves. For that action to be"
effect,transfer,2007,ACAD,Bioscience,"variability for some key drivers, we are a long way from understanding how effects transfer and interact across spatial scales (Miller et al. 2004). # Regional"
effect,transfer,1994,NEWS,NYTimes,"Beauty and Tom Bosley as her father, plus the arsenal of Disney special effects transferred to the stage. The movie version won two Academy Awards for best score and"
effect,transfer,1994,NEWS,Denver,an entirely new era in which the power to control pupils is in ultimate effect transferred to the Supreme Court. # Change has been said to be truly the law
point,battle,2000,NEWS,Houston,in horrifying crashes during the event. # The bad news is the close points battle between Gary Scelzi and Schumacher is over because Schumacher will not be able to compete
point,battle,1996,NEWS,AssocPress,"second-place finish, Ron Hornaday Jr. broke open what had been a tight points battle heading into races at Richmond, Va., and Loudon, N.H. # Hornaday went"
point,combat,2012,BLOG,...sharia.wordpress.com,"with the testimony offered by Lt. Col. Reid Sawyer, director of the West Point Combating Terrorism Center, and Paul Stockton, assistant secretary of defense for homeland defense and"
point,combat,2011,SPOK,NPR_TalkNation,"have been translated by a variety of different folks and released by the West Point Combating Terrorism Center. We also have, for instance, the battle of Tora Bora"
point,bomb,1994,SPOK,PBS_Newshour,", Sen. Mccain, the President said today he was not considering at this point bombing Belgrade or taking the bombing to Serbia at all, but what about his point"
claim,bomb,2019,NEWS,USA Today,directly in your inbox.       8565424  Islamic State claims bombing at Kabul wedding that killed 63 # By RAHIM FAIEZ AND CARA ANNA # Associated
debate,battle,2003,NEWS,NYTimes,"Soon, "" he said, before disappearing down the hall. # Internal Debate Battling Over Who Runs Iraq # The start of the war suspended several debates within the"
point,ambush,1995,ACAD,ArmedForces,commanding terrain to block the road between Pungnyuri Inlet and Hudong-ni. One strong point ambushed and annihilated the 31st Medical Company as it attempted a road march the night of
embrace,warm,2016,FIC,Bk:LassoedMarriage,"her. Every girl's dream. # Papa caught her up in an embrace warmed by the aromas of sandalwood, turmeric, and cinnamon. The spices of his"
kiss,warm,1995,FIC,LiteraryRev,hand and placed it on Raquel's lips. He could feel her living kiss warm his body as if it had been covered by a lamb's soft fleece.
