,lemma_1,lemma_2,year,genre,source,text,clean_text
0,overwhelm,distress,2012,WEB,bible.cc,", which we can not make to God. When our spirits are overwhelmed by distress, and filled with discouragement; when we see snares laid for us on every",", which we can not make to God. When our spirits are overwhelmed by distress, and filled with discouragement; when we see snares laid for us on every"
1,overwhelm,hardship,1992,ACAD,AnthropolQ,"the occupants. # Even the local section of the diocesan organisation was overwhelmed by hardship. In 1879 the big landowner Matthijs van Lieshout, one of its pillars,","the occupants. # Even the local section of the diocesan organisation was overwhelmed by hardship. In 1879 the big landowner Matthijs van Lieshout, one of its pillars,"
2,overwhelm,adversity,2014,MOV,Sequoia,", yeah. It's hard to find the part where you're overwhelmed with adversity. - Well, i am. - Yeah. Yeah. So what overwhelms",", yeah. It's hard to find the part where you're overwhelmed with adversity. - Well, i am. - Yeah. Yeah. So what overwhelms"
3,overwhelm,crisis,2010,NEWS,Houston,", Houston had no layoffs or furloughs. As the federal government became overwhelmed with crises after Hurricane Katrina, Houston absorbed more than 200,000 people from Louisiana. # When",", Houston had no layoffs or furloughs. As the federal government became overwhelmed with crises after Hurricane Katrina, Houston absorbed more than 200,000 people from Louisiana. # When"
4,overwhelm,distress,2012,BLOG,theblaze.com,"It works every time -- even on Chris Christie, who was so overwhelmed with distress that he didn't even know what hit him. # No, sorry Blaze","It works every time -- even on Chris Christie, who was so overwhelmed with distress that he didn't even know what hit him. # No, sorry Blaze"
5,back,time,2001,TV,Malcolm in the Middle,"! Well, let's bring the boys home and then your dad and I back in time to your operation, right?. Dewey... You're wearing my","! Well, let's bring the boys home and then your dad and I back in time to your operation, right?. Dewey... You're wearing my"
6,back,time,2000,FIC,Bk:OceansEternity,"told of the teeth gnawing, quiet and relentless. The Event had sent thousands back through time, but every one of them still slid down the slippery slope of","told of the teeth gnawing, quiet and relentless. The Event had sent thousands back through time, but every one of them still slid down the slippery slope of"
7,place,time,2014,MAG,NatGeog,girl with no doll but 47 horses. And it gave context to -- it placed in time -- something that Curly's great-granddaughter Johnna told me. Just as Narsis,girl with no doll but 47 horses. And it gave context to -- it placed in time -- something that Curly's great-granddaughter Johnna told me. Just as Narsis
8,place,time,2014,ACAD,EducTreatmenChildren,"). After several episodes of problem behavior and contingent reprimand, Teva was frequently placed in time out (i.e., received escape) where a paraprofessional was assigned to","). After several episodes of problem behavior and contingent reprimand, Teva was frequently placed in time out (i.e., received escape) where a paraprofessional was assigned to"
9,place,time,2012,BLOG,...raments.blogspot.com,". # I'm currently reading Berry's new collection of short stories, A Place in Time, which is lovely. I'm also reading When Helping Hurts about",". # I'm currently reading Berry's new collection of short stories, A Place in Time, which is lovely. I'm also reading When Helping Hurts about"
10,place,time,2012,BLOG,...medford.blogspot.com,"Umbria next summer and spots are limited. # Learn to capture a moment and place in time on canvas. # We won't just be working, we'll","Umbria next summer and spots are limited. # Learn to capture a moment and place in time on canvas. # We won't just be working, we'll"
11,place,time,2012,BLOG,...helastword.msnbc.com,"and timely investment needed. Prudent and timely, means that ample investments, well place in time, and delivering energy where is needed, sometime taking years of tactics","and timely investment needed. Prudent and timely, means that ample investments, well place in time, and delivering energy where is needed, sometime taking years of tactics"
12,place,time,2010,ACAD,AfricanArts,"portraits thus represent a collision and condensation of individual identity, physical place, and place in time. The studio setting, with all its accoutrements, comes to represent","portraits thus represent a collision and condensation of individual identity, physical place, and place in time. The studio setting, with all its accoutrements, comes to represent"
13,place,time,2009,ACAD,TheologStud,"the order of the parts of space "" are unchangeable. "" All things are placed in time with reference to order of succession and in space with reference to order","the order of the parts of space "" are unchangeable. "" All things are placed in time with reference to order of succession and in space with reference to order"
14,place,time,2006,NEWS,WashPost,"overused. There are so many more, each hitched to some distant point and place in time, such as the Aviateur Bleriot, bred in France around the time","overused. There are so many more, each hitched to some distant point and place in time, such as the Aviateur Bleriot, bred in France around the time"
15,place,time,1997,ACAD,AmerStudies,"U P, 1980); Darrett B. Rutman and Anita H. Rutman, A Place in Time: Middlesex County, Virginia, 1650-1720 (New York: W. W.","U P, 1980); Darrett B. Rutman and Anita H. Rutman, A Place in Time: Middlesex County, Virginia, 1650-1720 (New York: W. W."
16,place,time,1993,ACAD,AmerStudies,", Okla., 1969); Darrett B. Rutman and Anita H. Rutman, A Place in Time: Middlesex County, Virginia, 1650-1750 (New York, 1984)",", Okla., 1969); Darrett B. Rutman and Anita H. Rutman, A Place in Time: Middlesex County, Virginia, 1650-1750 (New York, 1984)"
17,locate,time,2012,WEB,mommypoppins.com,free (assuming you leave without buying something). Three of our favorites are located in Times Square. M &M's; World at 48th Street is a chocolate lovers',free (assuming you leave without buying something). Three of our favorites are located in Times Square. M &M's; World at 48th Street is a chocolate lovers'
18,locate,time,2012,WEB,plato.stanford.edu,"the appearances, as Kant now calls them, which the synthesis of apprehension has located in time. At first glance, the synthesis of reproduction looks very much like","the appearances, as Kant now calls them, which the synthesis of apprehension has located in time. At first glance, the synthesis of reproduction looks very much like"
19,locate,time,2006,MAG,TIME,"makes it "" more likely that killers like these 9/11 hijackers will be identified and located in time. "" G.O.P. strategists argue that Democrats have little leeway to attack on","makes it "" more likely that killers like these 9/11 hijackers will be identified and located in time. "" G.O.P. strategists argue that Democrats have little leeway to attack on"
20,locate,time,2005,SPOK,NPR_ATCW,"authorized make it more likely that killers like these 9/11 hijackers will be identified and located in time, and the activities conducted under this authorization have helped detect and prevent","authorized make it more likely that killers like these 9/11 hijackers will be identified and located in time, and the activities conducted under this authorization have helped detect and prevent"
21,locate,time,2002,ACAD,October,"abolition of public space. Describing a 1973 Portman proposal for a hotel to be located in Times Square, one commentator wrote that the visitor "" is contained in a","abolition of public space. Describing a 1973 Portman proposal for a hotel to be located in Times Square, one commentator wrote that the visitor "" is contained in a"
22,locate,time,1995,MAG,ArtAmerica,"distinguish different versions, and in recognition of the importance to him of particular experiences located in time, many of the titles give seasons and times of day. But","distinguish different versions, and in recognition of the importance to him of particular experiences located in time, many of the titles give seasons and times of day. But"
23,locate,time,1995,ACAD,IBMR&D,"in effective areal density. # We can also analyze how accurately the peaks are located in time or space to determine the timing error ("" jitter "").","in effective areal density. # We can also analyze how accurately the peaks are located in time or space to determine the timing error ("" jitter "")."
24,locate,time,1993,ACAD,AcademicQs,"ambiguous or equivocal meanings; authors are not disembodied literary souls but are human beings located in time, class, and society; scientific certainty is a rarity, paradigms","ambiguous or equivocal meanings; authors are not disembodied literary souls but are human beings located in time, class, and society; scientific certainty is a rarity, paradigms"
25,locate,time,1993,ACAD,AmerEthnicHis,Anthropologists have characteristically talked about cultures as more or less bounded units which could be located in time and space and sometimes ranked with respect to one another. These older,Anthropologists have characteristically talked about cultures as more or less bounded units which could be located in time and space and sometimes ranked with respect to one another. These older
26,place,time,2012,WEB,world.std.com,the nondirective approach. # Perhaps her unique theoretical contribution has been the emphasis she places on time as representing the whole problem of living and of therapy. It would,the nondirective approach. # Perhaps her unique theoretical contribution has been the emphasis she places on time as representing the whole problem of living and of therapy. It would
27,place,time,2012,BLOG,...ducare.wordpress.com,"our modern, fast-paced culture of today, I mourn the lack of the importance placed on time to sit and dream, time to be with one another, without","our modern, fast-paced culture of today, I mourn the lack of the importance placed on time to sit and dream, time to be with one another, without"
28,place,time,2012,BLOG,metafilter.com,The only value I would say was better was that there was a significant value placed on time. Since life WAS shorter. People in the middle classes who had,The only value I would say was better was that there was a significant value placed on time. Since life WAS shorter. People in the middle classes who had
29,place,time,1992,NEWS,NYTimes,"and 57 percent for more time to relax. # Given the premium that people place on time, researchers of many disciplines are studying its effect on culture. Chronobiologists","and 57 percent for more time to relax. # Given the premium that people place on time, researchers of many disciplines are studying its effect on culture. Chronobiologists"
30,locate,time,2003,FIC,AntiochRev,"fragile movement, a readjustment amid that timeless lethargy. The faint perception of something located outside time but that nevertheless seemed immersed in it, that in some way had","fragile movement, a readjustment amid that timeless lethargy. The faint perception of something located outside time but that nevertheless seemed immersed in it, that in some way had"
31,dwell,time,2005,MOV,Underclassman,"s up? - What's up is you're late, We gon na dwell on time or we gon na do this deal? - Pasale bascula. -","s up? - What's up is you're late, We gon na dwell on time or we gon na do this deal? - Pasale bascula. -"
32,locate,time,2006,MOV,Van Wilder 2: The Rise of Taj,"the sultan of splat. One must admit, it can be somewhat difficult to locate at times. Hang on. Hang on. Why were you not in the","the sultan of splat. One must admit, it can be somewhat difficult to locate at times. Hang on. Hang on. Why were you not in the"
33,place,action,2012,BLOG,huffingtonpost.com,""" America that prevented them from seeing that a greater **26;24940;TOOLONG priority should have been placed on actions to stimulate employment and stemming the tide of rising home foreclosures instead of",""" America that prevented them from seeing that a greater **26;24940;TOOLONG priority should have been placed on actions to stimulate employment and stemming the tide of rising home foreclosures instead of"
34,place,action,1998,ACAD,Symposium,"the Bolshevik revolution and World War I. (n2) Yet the importance that Fascism placed on action as "" revolution "" is also found in the ideas of Corradini and","the Bolshevik revolution and World War I. (n2) Yet the importance that Fascism placed on action as "" revolution "" is also found in the ideas of Corradini and"
35,dwell,action,2012,WEB,...hedirt.wordpress.com,"24,000 children a year receive medical treatment. # I point this out because media dwells on actions like took place Sunday that reinforce their smug opinion of racing as nothing","24,000 children a year receive medical treatment. # I point this out because media dwells on actions like took place Sunday that reinforce their smug opinion of racing as nothing"
36,linger,action,2012,BLOG,...mmentarymagazine.com,limits on the amount of time an already failed diplomatic track would be allowed to linger before action was taken. # All of which is to say that the president,limits on the amount of time an already failed diplomatic track would be allowed to linger before action was taken. # All of which is to say that the president
37,linger,action,1995,ACAD,NaturalHist,"firmly hold the destalked blades in her right hand without restricting her thumb and index linger for action, she repeats the whole stripping and fearing process on two more stems","firmly hold the destalked blades in her right hand without restricting her thumb and index linger for action, she repeats the whole stripping and fearing process on two more stems"
38,place,act,2012,WEB,princetonreview.com,with one common criterion that can be used to compare all applicants. The weight placed on ACT scores varies from school to school. Other important factors that schools consider,with one common criterion that can be used to compare all applicants. The weight placed on ACT scores varies from school to school. Other important factors that schools consider
39,show,communication,2012,WEB,consultingbyrpm.com,but they don't become legitimate evidence until they can at least be shown via communication. # Up till now I have tried to use objectively verifiable arguments. The,but they don't become legitimate evidence until they can at least be shown via communication. # Up till now I have tried to use objectively verifiable arguments. The
40,contain,set,2012,BLOG,scienceblogs.com,"Jews who are not Christians. # by a weird coincident Set B is entirely contained in set C and set D is entirely set in group A. Amazing, is","Jews who are not Christians. # by a weird coincident Set B is entirely contained in set C and set D is entirely set in group A. Amazing, is"
41,contain,time,2012,BLOG,newsnet14.com,"governmental intervention. Thus, it too was a real revolution, though not as contained in time as the first. It took the Civil War, the industrialization of","governmental intervention. Thus, it too was a real revolution, though not as contained in time as the first. It took the Civil War, the industrialization of"
42,contain,time,1996,FIC,Bk:EnemyWithin,"hundreds of small fires, any of which could flare out of control if not contained in time. Besides the fires, a wave of looting, robbery, and","hundreds of small fires, any of which could flare out of control if not contained in time. Besides the fires, a wave of looting, robbery, and"
43,eat,thinking,2012,BLOG,...chantedseashells.com,"every bite and become conscious of the flavors so that she wasn't eating without thinking. # Oh, and she's beautiful, in great physical shape, very","every bite and become conscious of the flavors so that she wasn't eating without thinking. # Oh, and she's beautiful, in great physical shape, very"
44,gorge,speculation,1994,NEWS,CSMonitor,"and Catholic, a South African rapprochement Irish-style. # The publicity itself gorged on speculation and soared to the giddy heights of hype; someone even suggested a Nobel Peace","and Catholic, a South African rapprochement Irish-style. # The publicity itself gorged on speculation and soared to the giddy heights of hype; someone even suggested a Nobel Peace"
45,suffer,feeling,2019,FIC,Five Points,"I correct in saying that you have come here today because you are suffering from feelings of neglect? "" "" Yeah. "" # "" Do you believe that you","I correct in saying that you have come here today because you are suffering from feelings of neglect? "" "" Yeah. "" # "" Do you believe that you"
46,suffer,feeling,2012,WEB,washingtonpost.com,"are asserting that ALL, or even most, bullies and ruthless competitors suffer from feelings of inferiority. # 2. (Paragraph 25) During the Victorian period many","are asserting that ALL, or even most, bullies and ruthless competitors suffer from feelings of inferiority. # 2. (Paragraph 25) During the Victorian period many"
47,suffer,feeling,2012,WEB,aljazeera.com,"as unknown and may never truly be known, but Latif had long suffered from feelings of extreme depression during his time in jail, having made several suicide attempts in","as unknown and may never truly be known, but Latif had long suffered from feelings of extreme depression during his time in jail, having made several suicide attempts in"
48,suffer,feeling,2012,BLOG,...lthouse.blogspot.com,get help. Kos is nothing more than a malignant narcissist who is suffering from feelings of true inadequacy masked as true belief to a completely bankrupt cause and a completely,get help. Kos is nothing more than a malignant narcissist who is suffering from feelings of true inadequacy masked as true belief to a completely bankrupt cause and a completely
49,suffer,feeling,2012,BLOG,thedartmouth.com,"Many close to Pignatiello were surprised by her death but knew that Pignatiello suffered from feelings of depression, Ponto said. # While growing up, Pignatiello did things her","Many close to Pignatiello were surprised by her death but knew that Pignatiello suffered from feelings of depression, Ponto said. # While growing up, Pignatiello did things her"
50,suffer,feeling,2006,MAG,Smithsonian,"on the ride to the chateau. The awkward, myopic heir apparent suffered from feelings of unworthiness, despite a facility for languages and a passion for history geography and","on the ride to the chateau. The awkward, myopic heir apparent suffered from feelings of unworthiness, despite a facility for languages and a passion for history geography and"
51,suffer,feeling,2004,MAG,Redbook,""" By reading Anna's journals, we are very aware that she suffered from feelings of self-loathing, "" says Westin. "" She never felt perfect enough, and",""" By reading Anna's journals, we are very aware that she suffered from feelings of self-loathing, "" says Westin. "" She never felt perfect enough, and"
52,suffer,feeling,2004,ACAD,SocialStudies,"land for various reasons and return home. When back home, they suffer from feelings of guilt, humiliation, and failure. For these reasons, there are many","land for various reasons and return home. When back home, they suffer from feelings of guilt, humiliation, and failure. For these reasons, there are many"
53,suffer,feeling,1994,ACAD,AmerScholar,. A friend of mine who is a practicing psychologist says my plagiarist suffers from feelings of inadequacy. He wants to be a poet but can not make it on,. A friend of mine who is a practicing psychologist says my plagiarist suffers from feelings of inadequacy. He wants to be a poet but can not make it on
54,suffer,feeling,1992,NEWS,Chicago,"children. # These children live in a constant state of anxiety, suffer from feelings of guilt for not being able to stop the violence, and live in perpetual","children. # These children live in a constant state of anxiety, suffer from feelings of guilt for not being able to stop the violence, and live in perpetual"
55,suffer,feeling,1992,ACAD,SchoolPsych,"provided a portrait of children, adolescents, and adults with LDs as suffering from feelings of isolation and loneliness (Gordon, 1984; Siegel, 1974), of","provided a portrait of children, adolescents, and adults with LDs as suffering from feelings of isolation and loneliness (Gordon, 1984; Siegel, 1974), of"
56,ache,emotion,1994,NEWS,NYTimes,"And Elijah Wood says: "" To cry, you have to be aching with emotion. I've only done it a couple of times by myself in films.","And Elijah Wood says: "" To cry, you have to be aching with emotion. I've only done it a couple of times by myself in films."
57,hurt,feeling,2001,TV,The Simpsons,like the ones where nothing catches on fire. Yeah. Nothing is hurt except feelings. Walking to hell and back again Okay. You've seen our next performer,like the ones where nothing catches on fire. Yeah. Nothing is hurt except feelings. Walking to hell and back again Okay. You've seen our next performer
58,nourish,notion,2012,NEWS,NYTimes,"for the first time; and a few had never flown on an airplane. Nourished by notions of America derived from movies, many of them were startled to end","for the first time; and a few had never flown on an airplane. Nourished by notions of America derived from movies, many of them were startled to end"
59,force,effect,2012,WEB,hotair.com,""" For one thing, the other enforcement provisions in the law remain in full force in effect. Their Constitutionality was upheld in 1965 and has never been seriously challenged",""" For one thing, the other enforcement provisions in the law remain in full force in effect. Their Constitutionality was upheld in 1965 and has never been seriously challenged"
60,get,change,2005,SPOK,MSNBC_Olbermann,"shouldnt come to this place. Im wearing white running shoes. I did not get to change. He said thats all right, Richard. I finally got there, opened the door","shouldnt come to this place. Im wearing white running shoes. I did not get to change. He said thats all right, Richard. I finally got there, opened the door"
61,get,change,2000,MOV,Alley Cats Strike,"We Talked About This, Right? I Mean, This Place Has Got To Change. Sit Down. You Know What I Did Today? I Got My Real","We Talked About This, Right? I Mean, This Place Has Got To Change. Sit Down. You Know What I Did Today? I Got My Real"
62,gain,change,2011,NEWS,Chicago,"protest movements in the past year, Yemen arguably had the most to gain from change. Under Saleh's authoritarian rule, tribalism, corruption, internal conflicts and an","protest movements in the past year, Yemen arguably had the most to gain from change. Under Saleh's authoritarian rule, tribalism, corruption, internal conflicts and an"
63,gain,change,2006,ACAD,CanadianStud,"North America. Frequent business travelers, for example, have much to gain from changes in border screening policies, as do transnational shipping firms that need a smoother way","North America. Frequent business travelers, for example, have much to gain from changes in border screening policies, as do transnational shipping firms that need a smoother way"
64,get,change,2012,WEB,...unswick.blogspot.com,"place change receptacles in local establishments, so patrons could drop coins they got in change from a cash transaction (something used nowadays mostly by those who could use the","place change receptacles in local establishments, so patrons could drop coins they got in change from a cash transaction (something used nowadays mostly by those who could use the"
65,get,change,1999,ACAD,AmerScholar,"and none of us had cigarettes. However, those who made purchases got in change such a fistful of zlotys that Doc Solar's offer seemed ridiculous. He was","and none of us had cigarettes. However, those who made purchases got in change such a fistful of zlotys that Doc Solar's offer seemed ridiculous. He was"
66,get,change,1997,MAG,TodaysParent,"quickly catch a parent off-guard. Says McGuigan, "" What they can get into changes from year to year as they grow. Children in diapers can get into something","quickly catch a parent off-guard. Says McGuigan, "" What they can get into changes from year to year as they grow. Children in diapers can get into something"
67,acquire,modification,2012,BLOG,...biodieselproject.org,"ft. # Being financially suit personally is perfect, and can be acquired with modifications to your way of life. In a nutshell, you need to improve your","ft. # Being financially suit personally is perfect, and can be acquired with modifications to your way of life. In a nutshell, you need to improve your"
68,seize,transformation,2018,ACAD,Studies in the Novel,"in its natural habitat (As I Lay Dying 151). Vardaman seizes on transformation, rather than believe that his mother simply no longer exists. Lila's concerns","in its natural habitat (As I Lay Dying 151). Vardaman seizes on transformation, rather than believe that his mother simply no longer exists. Lila's concerns"
69,take,change,2005,ACAD,Change,"of those editors was David Breneman, who brokered a deal whereby AAHE took over Change's editorial leadership in 1984, although the ownership of Change remained with Heldref AAHE","of those editors was David Breneman, who brokered a deal whereby AAHE took over Change's editorial leadership in 1984, although the ownership of Change remained with Heldref AAHE"
70,take,change,2012,BLOG,theoildrum.com,"author of several books, including' How Many Light Bulbs Does It Take To Change A Planet?'. Senior Associate, CPSL and Special Advisor, PRP #","author of several books, including' How Many Light Bulbs Does It Take To Change A Planet?'. Senior Associate, CPSL and Special Advisor, PRP #"
71,take,change,1992,ACAD,ReVision,"find ways to encompass the other, without changing oneself. The position taken toward change is an effort to keep things as they are, to maintain the status quo","find ways to encompass the other, without changing oneself. The position taken toward change is an effort to keep things as they are, to maintain the status quo"
72,take,change,2012,WEB,barefootsworld.net,"This HTML Edition of The Constitution for the United States of America is taken with changes from: "" The Constitution of the United States, Its Sources and Its Application","This HTML Edition of The Constitution for the United States of America is taken with changes from: "" The Constitution of the United States, Its Sources and Its Application"
73,take,transformation,2013,MAG,USCatholic,"work. As soon as you start fermenting food, you're very taken with transformation. # The fact that you can transcend something very basic, and turn it","work. As soon as you start fermenting food, you're very taken with transformation. # The fact that you can transcend something very basic, and turn it"
74,acquire,learning,2014,ACAD,EducTreatmenChildren,"The videos teach students that appropriate behavior is a skill that can be acquired through learning and practice, and they also model how to teach behavioral skills for teachers.","The videos teach students that appropriate behavior is a skill that can be acquired through learning and practice, and they also model how to teach behavioral skills for teachers."
75,acquire,learning,2012,WEB,accesstoinsight.org,"We have to start with the right view conforming to the truths, acquired through learning and fortified through reflection. This view inspires us to take up the practice,","We have to start with the right view conforming to the truths, acquired through learning and fortified through reflection. This view inspires us to take up the practice,"
76,acquire,learning,2011,ACAD,InstrPsych,", and logical thinking) that are deliberate, mediated, internalized behaviors acquired through learning and teaching (Bodrova &; Leong, 1996). # Vygotsky (1962)",", and logical thinking) that are deliberate, mediated, internalized behaviors acquired through learning and teaching (Bodrova &; Leong, 1996). # Vygotsky (1962)"
77,acquire,learning,1999,ACAD,Monist,"last view is that of social learning theory, that sexual preferences are acquired through learning and conditioning, just as musical tastes are. # The parsimony produced by limiting","last view is that of social learning theory, that sexual preferences are acquired through learning and conditioning, just as musical tastes are. # The parsimony produced by limiting"
78,gain,learning,2000,ACAD,WorldAffairs,"of culture in negotiation? Are new versions of the cultural software, gained through learning or experience, compatible with the available hardware of structure? And how can the","of culture in negotiation? Are new versions of the cultural software, gained through learning or experience, compatible with the available hardware of structure? And how can the"
79,get,learning,2018,MOV,Pup Scouts,"to know about chow chows and pugs, Boobear. So let's get to learning. Incredible! Hit my puppy brain with more info, Scuzzy Bot. Let","to know about chow chows and pugs, Boobear. So let's get to learning. Incredible! Hit my puppy brain with more info, Scuzzy Bot. Let"
80,take,learning,2008,FIC,Bk:FuseArmageddon,", but the uncertainty that had tinged every step and action she'd taken since learning of Joe's death six days before, as if gravity had ceased to exist",", but the uncertainty that had tinged every step and action she'd taken since learning of Joe's death six days before, as if gravity had ceased to exist"
81,take,learning,1995,ACAD,Education,lack of institutionalized educational support for the varied approaches African American students may take to learning. African American learning styles are highlighted and the implications for teachers are discussed.,lack of institutionalized educational support for the varied approaches African American students may take to learning. African American learning styles are highlighted and the implications for teachers are discussed.
82,drool,desire,2004,MAG,Cosmopolitan,". The week of August 30th, your teasing between the sheets will have him drooling with desire. Don't be surprised if he just pounces. Fave sex position",". The week of August 30th, your teasing between the sheets will have him drooling with desire. Don't be surprised if he just pounces. Fave sex position"
83,salivate,longing,2010,FIC,Bk:ShadowBlade,"reeked of ancient magic. Kira Solomon stared down at it, trying not to salivate with longing. The blade itself, shining spotless and deadly, swept proudly from","reeked of ancient magic. Kira Solomon stared down at it, trying not to salivate with longing. The blade itself, shining spotless and deadly, swept proudly from"
84,brighten,joy,2009,FIC,LiteraryRev,"cigarettes from his trousers and shook one out for him. Old Samson's face brightened with joy, he forgot his sorrows for a minute. He gave a mock","cigarettes from his trousers and shook one out for him. Old Samson's face brightened with joy, he forgot his sorrows for a minute. He gave a mock"
85,brighten,joy,1992,FIC,Mov:1492: Conquest of Paradise:,at it. # FERNANDO # This one is from Mendez! COLUMBUS' eyes brighten with joy. # COLUMBUS # What does he say? # FERNANDO # He,at it. # FERNANDO # This one is from Mendez! COLUMBUS' eyes brighten with joy. # COLUMBUS # What does he say? # FERNANDO # He
86,brighten,happiness,1995,FIC,Bk:AllGlitters,Pearl was up and playing with Jeanne and Toby in the study. Her eyes brightened with happiness when she saw it was p249 me. I wanted to rush to,Pearl was up and playing with Jeanne and Toby in the study. Her eyes brightened with happiness when she saw it was p249 me. I wanted to rush to
87,move,action,2019,NEWS,The Detroit News,"not flooded' # Dennis Adams, a maintenance worker for MDOT, moved into action, firing up his laptop, and checking the software MDOT uses to monitor some","not flooded' # Dennis Adams, a maintenance worker for MDOT, moved into action, firing up his laptop, and checking the software MDOT uses to monitor some"
88,move,action,2014,NEWS,STLouis,"Elliott wants his heart rate as low as possible. Then, he moves into action. He slides to the left like he's facing a shot from that side","Elliott wants his heart rate as low as possible. Then, he moves into action. He slides to the left like he's facing a shot from that side"
89,move,action,2013,SPOK,CNN_Burnett,"the ambulances they have, have revved up like they're ready to move into action. But right now, it appears that the SWAT team here has moved on","the ambulances they have, have revved up like they're ready to move into action. But right now, it appears that the SWAT team here has moved on"
90,move,action,2012,WEB,...cepointdevotions.org,"s not enough to just recognize their needs, but I need to move into action to meet those needs. Sometimes I think it would be too much of a","s not enough to just recognize their needs, but I need to move into action to meet those needs. Sometimes I think it would be too much of a"
91,move,action,2012,WEB,...epastdc.blogspot.com,"to cover, they had to deal with additional artillery that Longstreet had moved into action rather than sending infantry reinforcements. One soldier from the brigade wrote: "" The","to cover, they had to deal with additional artillery that Longstreet had moved into action rather than sending infantry reinforcements. One soldier from the brigade wrote: "" The"
92,move,action,2012,WEB,bemorewithless.com,"helpful and inspiring material that will make you think, learn, and move into action. "" Raam Dev # LOVE IT! Congratulations. Beautiful, warm, inspiring","helpful and inspiring material that will make you think, learn, and move into action. "" Raam Dev # LOVE IT! Congratulations. Beautiful, warm, inspiring"
93,move,action,2012,WEB,negativepositive.org,"scenario for which there is truly only one obvious solution, instead of moving into action stand there glassy-eyed with their mouths dangling open. Like if you're at a","scenario for which there is truly only one obvious solution, instead of moving into action stand there glassy-eyed with their mouths dangling open. Like if you're at a"
94,move,action,2012,WEB,fanfiction.net,"ship up got it? "" Without even a hesitation, Delta team moved into action. # As I was feeling the cold steel of Cracker Jack's pistol on","ship up got it? "" Without even a hesitation, Delta team moved into action. # As I was feeling the cold steel of Cracker Jack's pistol on"
95,move,action,2012,WEB,starwars.wikia.com,"Solo was stricken with sorrow at the fate of his friend, he moved into action along with the rest of the Jedi, raiding the cloning site. Solo and","Solo was stricken with sorrow at the fate of his friend, he moved into action along with the rest of the Jedi, raiding the cloning site. Solo and"
96,move,action,2012,BLOG,pjmedia.com,"defense forces, armed with billions of rounds of snub-nosed ammunition, will move into action to halt those midterm elections, as our awakened citizenry, belatedly, will have","defense forces, armed with billions of rounds of snub-nosed ammunition, will move into action to halt those midterm elections, as our awakened citizenry, belatedly, will have"
97,move,action,2011,SPOK,CBS_Early,"about it. And then beyond talking about it, helping them to move into action. You know, networking is the way to connect to new opportunities and if","about it. And then beyond talking about it, helping them to move into action. You know, networking is the way to connect to new opportunities and if"
98,move,action,2011,FIC,Bk:ColdGlory,"business, technology, and academiasectors. All waited for their opportunity to move into action. For many of them, their trails were obscured, their lives reshaped,","business, technology, and academiasectors. All waited for their opportunity to move into action. For many of them, their trails were obscured, their lives reshaped,"
99,move,action,2010,NEWS,SanFranChron,Armstrong's LiveStrong foundation last year. # Beck said she was particularly moved into action when she started her chemotherapy treatment. She was sitting in a clinic with a,Armstrong's LiveStrong foundation last year. # Beck said she was particularly moved into action when she started her chemotherapy treatment. She was sitting in a clinic with a
100,move,action,2010,ACAD,SchoolCounsel,"and participatory research, and places a special emphasis on critical thinking and moving into action "" (p. 8). # The similarities between empowerment-oriented school interventions like ASIP","and participatory research, and places a special emphasis on critical thinking and moving into action "" (p. 8). # The similarities between empowerment-oriented school interventions like ASIP"
101,move,action,2009,FIC,Bk:KissesLikeDevil,", fighting for any news of Neil. # At least he could move into action now, thanks to that asinine European decision to give Russia command of the army",", fighting for any news of Neil. # At least he could move into action now, thanks to that asinine European decision to give Russia command of the army"
102,move,action,2008,MOV,Fly Me to the Moon 3D,"Everything is in place. Yegor handle diversion when re-entry begin. We move into action, reset new landing coordinates. Ah, not worry, Comrade. I not","Everything is in place. Yegor handle diversion when re-entry begin. We move into action, reset new landing coordinates. Ah, not worry, Comrade. I not"
103,move,action,2005,FIC,MichiganQRev,"together, so after Darrel backed up to the front door, we moved into action. We found power and water in the basement, and Darrel began beating the","together, so after Darrel backed up to the front door, we moved into action. We found power and water in the basement, and Darrel began beating the"
104,move,action,2004,SPOK,CNN_LiveToday,"took place in March 2003, on the day before they were to move into action in Iraq. At nine minutes after the hour, let's check in with","took place in March 2003, on the day before they were to move into action in Iraq. At nine minutes after the hour, let's check in with"
105,move,action,2004,FIC,Bk:CryNoMore,"voice hoarse and faraway and not his own, even as his body moved into action and they rapidly wheeled Milla into the surgical bay he had just left. ""","voice hoarse and faraway and not his own, even as his body moved into action and they rapidly wheeled Milla into the surgical bay he had just left. """
106,move,action,2004,FIC,Mov:Feast,HEROINE # Come on! Let's blow this thing! The others move into action. Beer Guy takes off his shirt and shoves it into the fuel tank.,HEROINE # Come on! Let's blow this thing! The others move into action. Beer Guy takes off his shirt and shoves it into the fuel tank.
107,move,action,2000,FIC,Mov:CharliesAngels,"man. # # NATALIE # Nice work, Dyl. # They move into action. # EXT. SECOND STORY VERANDAH - DAY # Dylan is led inside by","man. # # NATALIE # Nice work, Dyl. # They move into action. # EXT. SECOND STORY VERANDAH - DAY # Dylan is led inside by"
108,move,action,2000,ACAD,HospitalTopic,"tide of infectious and nutritional diseases was rapidly receding when the laboratory scientist moved into action at the end of the past century. (n9) # Our social systems,","tide of infectious and nutritional diseases was rapidly receding when the laboratory scientist moved into action at the end of the past century. (n9) # Our social systems,"
109,move,action,1999,MAG,Ms,"unceremoniously fired and arrested, his wife, Wan Azizah Ismail, quickly moved into action. The charges against Ibrahim are widely believed to be trumped up by Prime Minister","unceremoniously fired and arrested, his wife, Wan Azizah Ismail, quickly moved into action. The charges against Ibrahim are widely believed to be trumped up by Prime Minister"
110,move,action,1999,MAG,People,"removed from where it started. When she talks, her hands inevitably move into action, and her contributions are invariably upbeat. But she holds back, seemingly aware","removed from where it started. When she talks, her hands inevitably move into action, and her contributions are invariably upbeat. But she holds back, seemingly aware"
111,move,action,1999,NEWS,SanFranChron,and depress readers. I personally want to be inspired and maybe even moved into action! # The status quo style of journalism has certainly chased me away from editorial,and depress readers. I personally want to be inspired and maybe even moved into action! # The status quo style of journalism has certainly chased me away from editorial
112,move,action,1998,NEWS,NYTimes,"restaurant quietly. But when Mr. Carrillo died last year, Mr. Munoz moved into action, officials from both countries said. # Francisco Barrio Terrazas, the Governor of","restaurant quietly. But when Mr. Carrillo died last year, Mr. Munoz moved into action, officials from both countries said. # Francisco Barrio Terrazas, the Governor of"
113,move,action,1997,FIC,Mov:AbsolutePower,# The second hand on Luther's watch hits the top and he moves into action. # -- He points the clicker at the door -- # -- the door,# The second hand on Luther's watch hits the top and he moves into action. # -- He points the clicker at the door -- # -- the door
114,move,action,1997,ACAD,CATOJournal,"explicit preference. However, we are equipped and would be able to move into action within days in our traditional capacity of, after initial eligibility has been established,","explicit preference. However, we are equipped and would be able to move into action within days in our traditional capacity of, after initial eligibility has been established,"
115,move,action,1996,ACAD,InstrPsych,"are born with a tendency to venture, respond openly, and quickly move into action. It is observed when they reach out, touch, grab, get involved","are born with a tendency to venture, respond openly, and quickly move into action. It is observed when they reach out, touch, grab, get involved"
116,move,action,1996,ACAD,InstrPsych,"reflect and think. However, we also want them to respond, move into action, and get involved. Perceiving children with these two resources as inherent strengths enables","reflect and think. However, we also want them to respond, move into action, and get involved. Perceiving children with these two resources as inherent strengths enables"
117,move,action,1996,ACAD,InstrPsych,"child who has a key resource of venturing -- that is, who moves into action, gets involved quickly, responds, and is "" into everything, "" can","child who has a key resource of venturing -- that is, who moves into action, gets involved quickly, responds, and is "" into everything, "" can"
118,move,action,1995,NEWS,SanFranChron,". "" # And behind the scenes, authorities say, Patrick Hallinan moved into action again on behalf of Mancuso and his cohorts. # On March 3, 1989",". "" # And behind the scenes, authorities say, Patrick Hallinan moved into action again on behalf of Mancuso and his cohorts. # On March 3, 1989"
119,move,action,1994,SPOK,NPR_Weekend,that by this weekend the Clinton administration has gotten off the sidelines and moved into action on both the military and diplomatic fronts - that's to say the NATO ultimatum,that by this weekend the Clinton administration has gotten off the sidelines and moved into action on both the military and diplomatic fronts - that's to say the NATO ultimatum
120,move,action,1994,NEWS,SanFranChron,"after Alquist's bill was introduced in February, the California Judges Association moved into action, convening meetings of its top officers and faxing copies of the bill to members","after Alquist's bill was introduced in February, the California Judges Association moved into action, convening meetings of its top officers and faxing copies of the bill to members"
121,move,action,1993,MAG,Omni,", and supernovas. On the basis of amateur reports, professionals quickly move into action; they stop giant research telescopes in places like Mt. Kea in Hawaii and",", and supernovas. On the basis of amateur reports, professionals quickly move into action; they stop giant research telescopes in places like Mt. Kea in Hawaii and"
122,move,action,1992,SPOK,CBS_Street,"on him now. SMITH: (Voiceover) And the task force moves into action. Officer 3: Tony, this is it over here on the left --","on him now. SMITH: (Voiceover) And the task force moves into action. Officer 3: Tony, this is it over here on the left --"
123,move,action,1990,FIC,LiteraryRev,iron wings shut with a bang. Ten guys who watched it happen moved into action as one. Omani quicked over to his bench and stood close over the couple,iron wings shut with a bang. Ten guys who watched it happen moved into action as one. Omani quicked over to his bench and stood close over the couple
124,move,action,2019,SPOK,PBS_Newshour,the era of American climate change denialism over. WILLIAM-BRANGHAM) : Villasenor was moved to action after a trip back to her home state of California was cut short by last,the era of American climate change denialism over. WILLIAM-BRANGHAM) : Villasenor was moved to action after a trip back to her home state of California was cut short by last
125,move,action,2019,MAG,Jezebel,"or, more broadly, of the millions of women who had been moved to action in past two years? It was unclear, but she repeated her words.","or, more broadly, of the millions of women who had been moved to action in past two years? It was unclear, but she repeated her words."
126,move,action,2018,FIC,Analog,"threw themselves against danger to assist fellow crew without thought for themselves, moved to action regardless of accompanying terror. They seem alien to me. I'm fully aware","threw themselves against danger to assist fellow crew without thought for themselves, moved to action regardless of accompanying terror. They seem alien to me. I'm fully aware"
127,move,action,2017,MAG,Fox News,"liberal, we are all Americans -- and we all are human beings moved to action by the suffering we see. # The tragic events of recent weeks prove we","liberal, we are all Americans -- and we all are human beings moved to action by the suffering we see. # The tragic events of recent weeks prove we"
128,move,action,2016,ACAD,The Middle East Journal,"Kurdish women were carrying guns, Leyla Zana said, "" I was moved to action. This changes everything, I told myself, a woman is also a human","Kurdish women were carrying guns, Leyla Zana said, "" I was moved to action. This changes everything, I told myself, a woman is also a human"
129,move,action,2013,NEWS,Denver,"School in 1999 and an Aurora movie theater in 2012 -- and further moved to action after first-graders were slain at a Connecticut elementary school in December. "" We are","School in 1999 and an Aurora movie theater in 2012 -- and further moved to action after first-graders were slain at a Connecticut elementary school in December. "" We are"
130,move,action,2012,ACAD,ReadingTeacher,"social issues related to justice. Taking action and promoting social justice -- Moving to action (through talk, letter writing, etc.) based on an inquiry. #","social issues related to justice. Taking action and promoting social justice -- Moving to action (through talk, letter writing, etc.) based on an inquiry. #"
131,move,action,2012,WEB,bu.edu,"learned from Protagoras and Gorgias the supreme importance of persuasion. Men are moved to action not by things as they are, but by their own opinions and convictions.","learned from Protagoras and Gorgias the supreme importance of persuasion. Men are moved to action not by things as they are, but by their own opinions and convictions."
132,move,action,2012,WEB,uncsd2012.org,and finally we will focus on the importance role of Civil society when moving to action through leading the Wasteful System AWARENESS MOVEMENT aiming to correct misconceptions for the nature resources,and finally we will focus on the importance role of Civil society when moving to action through leading the Wasteful System AWARENESS MOVEMENT aiming to correct misconceptions for the nature resources
133,move,action,2012,WEB,...ncurringopinions.com,"bill as a silly hypothetical, consider this. What if Congress (moved to action by my last post, on overseas voting) decided to let American citizens who","bill as a silly hypothetical, consider this. What if Congress (moved to action by my last post, on overseas voting) decided to let American citizens who"
134,move,action,2012,WEB,givingpledge.org,"power of philanthropy? Upon further reflection, however, I found myself moved to action by the words of the great Jewish sage, Hillel, found in the text","power of philanthropy? Upon further reflection, however, I found myself moved to action by the words of the great Jewish sage, Hillel, found in the text"
135,move,action,2012,WEB,blogs.hbr.org (1),"So if you are the type of person that tends to not move to action quickly, then I think giving yourself a timeframe of two to three months for","So if you are the type of person that tends to not move to action quickly, then I think giving yourself a timeframe of two to three months for"
136,move,action,2012,WEB,amazon.com,"; but what else could you expect from a man whose music has moved to action civil rights activists and union organizers. This book describes Pete Seeger's life,","; but what else could you expect from a man whose music has moved to action civil rights activists and union organizers. This book describes Pete Seeger's life,"
137,move,action,2012,BLOG,avoiceformen.com,everywhere. # I'm past being angry and enraged. I am moved to action. I have contacted my states elected representatives and am requesting the Federal Department of,everywhere. # I'm past being angry and enraged. I am moved to action. I have contacted my states elected representatives and am requesting the Federal Department of
138,move,action,2012,BLOG,blog.amnestyusa.org,"in Pasadena. most of us were strangers, but we were all moved to action by Troy. We listened to the live radio coverage with bated breath waiting for","in Pasadena. most of us were strangers, but we were all moved to action by Troy. We listened to the live radio coverage with bated breath waiting for"
139,move,action,2012,BLOG,...harlotteobserver.com,woman.? # ? Levine Museum of the New South # # Collector moved to action # ? Without Sanctuary? was sparked by a curious event. Atlanta antique dealer,woman.? # ? Levine Museum of the New South # # Collector moved to action # ? Without Sanctuary? was sparked by a curious event. Atlanta antique dealer
140,move,action,2012,BLOG,jenhatmaker.com,"my life ""... total joke, he just knows I have been moved to action a few times now by your words and the response required has not always made","my life ""... total joke, he just knows I have been moved to action a few times now by your words and the response required has not always made"
141,move,action,2012,BLOG,...nearlyfreespeech.net,". (Personally the idea of a frothing animal rights "" psychotic "" moved to action to the point of being willing to harass someone who is nonetheless too lazy to",". (Personally the idea of a frothing animal rights "" psychotic "" moved to action to the point of being willing to harass someone who is nonetheless too lazy to"
142,move,action,2012,BLOG,anarchistnews.org,. Thus they get nowhere and give the fascists the upper hand. Moving to action without sufficient theory quickly illustrates why failing to articulate a general set of political values,. Thus they get nowhere and give the fascists the upper hand. Moving to action without sufficient theory quickly illustrates why failing to articulate a general set of political values
143,move,action,2012,BLOG,catholics4change.com,"The self-absorbed need to know how it benefits THEM in order to be moved to action. Pathetic, but true where I live. # Mess with Friday night bingo","The self-absorbed need to know how it benefits THEM in order to be moved to action. Pathetic, but true where I live. # Mess with Friday night bingo"
144,move,action,2010,MAG,Redbook,"to keep their babies in a single diaper all day, she was moved to action. She began researching and learned that few social services, not even food stamps","to keep their babies in a single diaper all day, she was moved to action. She began researching and learned that few social services, not even food stamps"
145,move,action,2010,MAG,Essence,"It is only when the experience transi ends the expectation that people are moved to action. That is when they change from customers to loyal customers, and finally to","It is only when the experience transi ends the expectation that people are moved to action. That is when they change from customers to loyal customers, and finally to"
146,move,action,2010,MOV,Machete Maidens Unleashed!,"although we started with the women in prison pictures, we very quickly moved to action films. Black mama, white mama, from a hellhole of twisted passions,","although we started with the women in prison pictures, we very quickly moved to action films. Black mama, white mama, from a hellhole of twisted passions,"
147,move,action,2008,ACAD,SocialWork,"BEDFORD IMMIGRANT RAID Given our values, how can we as social workers move to action on behalf of the immigrant community, how do we link policy and practice?","BEDFORD IMMIGRANT RAID Given our values, how can we as social workers move to action on behalf of the immigrant community, how do we link policy and practice?"
148,move,action,2003,NEWS,NYTimes,"round-heeled is an antiquated slang expression for a promiscuous woman), was moved to action after seeing Eric Rohmer's film "" Autumn Tale. "" Its plot involves a","round-heeled is an antiquated slang expression for a promiscuous woman), was moved to action after seeing Eric Rohmer's film "" Autumn Tale. "" Its plot involves a"
149,move,action,2002,ACAD,HispanicRev,"the protests and to the many pleas for clemency he describes, were moved to action by allegations that the conversos were inspired to return to the ways of the Old","the protests and to the many pleas for clemency he describes, were moved to action by allegations that the conversos were inspired to return to the ways of the Old"
150,move,action,2001,MAG,Essence,"feel like you deserve anything. When you're angry, you're moved to action; you're empowered. "" One of the most difficult memories for an abuse","feel like you deserve anything. When you're angry, you're moved to action; you're empowered. "" One of the most difficult memories for an abuse"
151,move,action,1999,NEWS,NYTimes,"In at least a few places like Lutou, local officials have been moved to action by watching neighbors and relatives die. Simple steps have reduced suicide rates -- restricting","In at least a few places like Lutou, local officials have been moved to action by watching neighbors and relatives die. Simple steps have reduced suicide rates -- restricting"
152,move,action,1997,MAG,USCatholic,"mother of two teenagers. Vincent P. Courtney St. Paul, Minn. Moved to action Joe Sullivan, in his otherwise excellent article, "" Social justice for dummies ""","mother of two teenagers. Vincent P. Courtney St. Paul, Minn. Moved to action Joe Sullivan, in his otherwise excellent article, "" Social justice for dummies """
153,move,action,1995,SPOK,PBS_Newshour,"Ohio. MAYOR-ASHE: Maybe by bringing it up tonight, it'll move to action -- laughter -- should take a note on it. But he can't get","Ohio. MAYOR-ASHE: Maybe by bringing it up tonight, it'll move to action -- laughter -- should take a note on it. But he can't get"
154,move,action,1992,FIC,BkSF:WhenFiveMoons,"meaning for him? Like any other human being, he could be moved to action if the right chord were struck. By what method could he be moved?","meaning for him? Like any other human being, he could be moved to action if the right chord were struck. By what method could he be moved?"
155,move,action,1992,NEWS,WashPost,"running and has developed a high tolerance for suffering may no longer be moved to action by impending doom. # "" We are faced with a situation fraught with unconsious","running and has developed a high tolerance for suffering may no longer be moved to action by impending doom. # "" We are faced with a situation fraught with unconsious"
156,move,action,1991,ACAD,TheologStud,"speaker with a full account of the ways in which an audience is moved to action. For example, audiences may frequently be persuaded to think about the poor;","speaker with a full account of the ways in which an audience is moved to action. For example, audiences may frequently be persuaded to think about the poor;"
157,move,action,1990,SPOK,CNN_Crossfire,"is, you know, what does it take to get people to move to action? And at least some of these folks are now standing up to be counted","is, you know, what does it take to get people to move to action? And at least some of these folks are now standing up to be counted"
158,move,action,1990,MAG,MotherJones,"what's happening to a lot of gay people. We're being moved to action, and I want to be part of it. "" # For more information","what's happening to a lot of gay people. We're being moved to action, and I want to be part of it. "" # For more information"
159,move,action,2011,ACAD,StudiesInEducation,as group evaluations. Around all these practices there is the praxis of moving from action (current practice) to reflection (theory building) to action (new practice,as group evaluations. Around all these practices there is the praxis of moving from action (current practice) to reflection (theory building) to action (new practice
160,move,action,2007,MAG,HarpersMag,"as E. H. Gombrich and Frances Yates. The library's four-floored arrangement moves from ACTION (politics, customs) to ORIENTATION (the turn from superstition and magic to","as E. H. Gombrich and Frances Yates. The library's four-floored arrangement moves from ACTION (politics, customs) to ORIENTATION (the turn from superstition and magic to"
161,move,action,2003,ACAD,RoeperReview,"substitute one object for another using increasingly abstract forms), decentration (moving from actions on the self to actions on, then for, another), sequencing (","substitute one object for another using increasingly abstract forms), decentration (moving from actions on the self to actions on, then for, another), sequencing ("
162,move,action,2017,NEWS,Washington Times,"to keep working hard and to not only take a tough stance but move toward action. "" # But there is considerable skepticism whether Mr. Almagro's activism, headline-grabbing","to keep working hard and to not only take a tough stance but move toward action. "" # But there is considerable skepticism whether Mr. Almagro's activism, headline-grabbing"
163,move,action,2003,ACAD,CommCollegeR,"sustainable development or to have the community presence to convene multiple stakeholders and move toward actions that may challenge existing norms and practices. Residents of rural communities, especially those","sustainable development or to have the community presence to convene multiple stakeholders and move toward actions that may challenge existing norms and practices. Residents of rural communities, especially those"
164,move,action,2017,NEWS,Chicago Tribune,"committed to diversity and inclusion, so this legislation compels the university to move towards action -- which is imperative, "" the resolution's author, ASM Student Council Rep.","committed to diversity and inclusion, so this legislation compels the university to move towards action -- which is imperative, "" the resolution's author, ASM Student Council Rep."
165,move,action,2015,ACAD,LibraryResources,"context, this paper describes how Texas A&M University (TAMU) Libraries moved towards action and innovation by testing a free, open source visualization platform, Viewshare (http","context, this paper describes how Texas A&M University (TAMU) Libraries moved towards action and innovation by testing a free, open source visualization platform, Viewshare (http"
166,move,action,2004,SPOK,NPR_Saturday,"years, film and music have used the bicycle as a way of moving along action, and as prop for comedy, hope, fear, courtship and even awe","years, film and music have used the bicycle as a way of moving along action, and as prop for comedy, hope, fear, courtship and even awe"
167,move,action,2012,BLOG,anarchistnews.org,"a huge amount of explanation before they are accepted and the meeting can move onto actions around them, even internalised feelings of inferiority are triggered by our own awareness of","a huge amount of explanation before they are accepted and the meeting can move onto actions around them, even internalised feelings of inferiority are triggered by our own awareness of"
168,move,actor,1992,MOV,Visions of Light,"infuses the whole feel of a film to have a camera that can move with actors, can move counter to actors Are you giving me the run-around?? ln","infuses the whole feel of a film to have a camera that can move with actors, can move counter to actors Are you giving me the run-around?? ln"
169,move,actor,2012,BLOG,tvline.com,". He made his choice, he wasn't happy and wanted to move on actors do that. It's almost two years, He's not coming back..",". He made his choice, he wasn't happy and wanted to move on actors do that. It's almost two years, He's not coming back.."
170,move,actor,2017,ACAD,Bulletin of the Comediantes,"a transition or a scene change; in such moments, they were moved by actors or stagehands and not by mechanical means. In their different positions, up or","a transition or a scene change; in such moments, they were moved by actors or stagehands and not by mechanical means. In their different positions, up or"
171,move,actor,2013,NEWS,Pittsburgh,"the lament "" Momma, Look Sharp. "" The play's focus moves from actor to actor, but perhaps the biggest star of the production is James Noone's","the lament "" Momma, Look Sharp. "" The play's focus moves from actor to actor, but perhaps the biggest star of the production is James Noone's"
172,move,act,2012,WEB,plato.stanford.edu,"unification and recognition of multiple objects existing at the same time. He moves from acts of recognition of individual objects to unified acts of recognition of multiple objects which ""","unification and recognition of multiple objects existing at the same time. He moves from acts of recognition of individual objects to unified acts of recognition of multiple objects which """
173,move,act,1990,ACAD,NaturalHist,"only will they be saddened by this, but they may also be moved to acts of dire and irreversible revenge. # The night is spent in this communion,","only will they be saddened by this, but they may also be moved to acts of dire and irreversible revenge. # The night is spent in this communion,"
174,shift,action,1995,NEWS,Chicago,"cut out the melodrama. And I limit scene changes so that any shift in action is psychological. # "" Something really significant occurs in theater, in the collaborative","cut out the melodrama. And I limit scene changes so that any shift in action is psychological. # "" Something really significant occurs in theater, in the collaborative"
175,shift,action,2012,BLOG,gretchenwegner.com,"than others. # There was a palpable moment when the whole group shifted into action together, when those who were most comfortable delaying knew that they could delay no","than others. # There was a palpable moment when the whole group shifted into action together, when those who were most comfortable delaying knew that they could delay no"
176,shift,action,2010,MAG,Redbook,"gave her life. FILM FORUM: BLOCKBUSTER EDITION This month, Hollywood shifts into action mode. Let the adventures begin! Iron Man 2 It's going to be","gave her life. FILM FORUM: BLOCKBUSTER EDITION This month, Hollywood shifts into action mode. Let the adventures begin! Iron Man 2 It's going to be"
177,shift,action,2009,NEWS,AssocPress (1),"a plan to provide coverage to the uninsured, three House committees shifted into action on their version of the legislation. The Democratic bills also call for the creation","a plan to provide coverage to the uninsured, three House committees shifted into action on their version of the legislation. The Democratic bills also call for the creation"
178,shift,action,1996,TV,Power Rangers Zeo,4714140 # Shift into action # # Anything can happen # # Go with power to burn # # Here,4714140 # Shift into action # # Anything can happen # # Go with power to burn # # Here
179,shift,act,2009,MAG,Esquire,"in slow motion, cell-phone photos come to life, the ground literally shifts in acts of video fluxes. The only constant is their disorientation, their indeterminacy, and","in slow motion, cell-phone photos come to life, the ground literally shifts in acts of video fluxes. The only constant is their disorientation, their indeterminacy, and"
180,move,thinking,2005,FIC,NewYorker,"this woman was a total stranger and this was no game. I moved without thinking, without question, my legs heavy with the mud. By the time we","this woman was a total stranger and this was no game. I moved without thinking, without question, my legs heavy with the mud. By the time we"
181,move,thinking,1993,FIC,Mov:Arcade,"in an attempt to block out the deafening ROAR. # NICK # moves without thinking, picking up a nearby chair and SLAMMING it into the television. It EXPLODES","in an attempt to block out the deafening ROAR. # NICK # moves without thinking, picking up a nearby chair and SLAMMING it into the television. It EXPLODES"
182,move,thinking,1991,MAG,Prevention,"forehead -- well, why not do it? # Another area we move without thinking is around the eyes. The delicacy of this skin makes it a prime target","forehead -- well, why not do it? # Another area we move without thinking is around the eyes. The delicacy of this skin makes it a prime target"
183,move,thinking,1990,FIC,SouthwestRev,"my awkwardness -- yes, I was getting sloppier all the time, moving without thinking, doing just what my parents all ways warned me against -- I put my","my awkwardness -- yes, I was getting sloppier all the time, moving without thinking, doing just what my parents all ways warned me against -- I put my"
184,move,thinking,2012,BLOG,stevehargadon.com,"we view the structure of our educational institutions. JSB says that we move from thinking of knowledge as a "" substance "" that we transfer from student to teacher,","we view the structure of our educational institutions. JSB says that we move from thinking of knowledge as a "" substance "" that we transfer from student to teacher,"
185,move,thinking,2008,ACAD,IntlAffairs,to center on the process of transformation in negotiations--the point at which parties move from thinking of themselves as representing countries or political bodies to perceiving more broadly the needs of,to center on the process of transformation in negotiations--the point at which parties move from thinking of themselves as representing countries or political bodies to perceiving more broadly the needs of
186,move,thinking,2008,ACAD,IntlAffairs,might be developed basin-wide. This shift is transformative--the point at which parties move from thinking of themselves as representing countries or states/provinces to perceiving more broadly the needs of all,might be developed basin-wide. This shift is transformative--the point at which parties move from thinking of themselves as representing countries or states/provinces to perceiving more broadly the needs of all
187,shift,thinking,2012,WEB,...siness2community.com,"discovery and commerce, thereby driving sales. # Companies will begin to shift from thinking of "" Social Media "" as a department, or as a component headed by","discovery and commerce, thereby driving sales. # Companies will begin to shift from thinking of "" Social Media "" as a department, or as a component headed by"
188,shift,thinking,2010,FIC,Analog,"own. "" "" Brain transference? "" Roger found it hard to shift from thinking of his furry friends as not zoo animals, but beings from an advanced civilization","own. "" "" Brain transference? "" Roger found it hard to shift from thinking of his furry friends as not zoo animals, but beings from an advanced civilization"
189,shift,thinking,1997,ACAD,Style,"intellectual tools and insights from family systems theory (fst)? What shifts in thinking would be required, especially if one grants that psychoanalysis and almost all of contemporary","intellectual tools and insights from family systems theory (fst)? What shifts in thinking would be required, especially if one grants that psychoanalysis and almost all of contemporary"
190,shift,thinking,1994,FIC,Iris,"I didn't notice the slight pressure against my right leg. I shifted without thinking, but in a moment it was there again, not accidental but persistent.","I didn't notice the slight pressure against my right leg. I shifted without thinking, but in a moment it was there again, not accidental but persistent."
191,shift,speculation,2012,BLOG,...s-spree.blogspot.com,"by 8 percentage points. # As the focus of the campaign trail shifts to speculation over Mr. Romney's choice of a running mate, only a quarter of voters","by 8 percentage points. # As the focus of the campaign trail shifts to speculation over Mr. Romney's choice of a running mate, only a quarter of voters"
192,move,speculation,2003,SPOK,CNN_Movers,know -- it can run the gamut DOBBS But at that point we move into speculation ARENA Right DOBBS And what I think we ought to do and I know you,know -- it can run the gamut DOBBS But at that point we move into speculation ARENA Right DOBBS And what I think we ought to do and I know you
193,move,speculation,1990,NEWS,AssocPress,""" World News Tonight "" has been consistently first. # CBS Stock Moves on Speculation About Sale of Paley's Holdings # NEW YORK (AP) - CBS Inc.",""" World News Tonight "" has been consistently first. # CBS Stock Moves on Speculation About Sale of Paley's Holdings # NEW YORK (AP) - CBS Inc."
194,move,speculation,2012,BLOG,blog.yintercept.com,about what people think he might have said. It is impossible to move beyond speculation. # The goal of my chapter on the Socratic Method was to present the,about what people think he might have said. It is impossible to move beyond speculation. # The goal of my chapter on the Socratic Method was to present the
195,move,speculation,2012,BLOG,...dthesteelcurtain.com,"far less capable in the early going. # Coaching # We have moved from speculation to reality with Offensive Coordinator Todd Haley, and the reports of Defensive Coordinator Dick","far less capable in the early going. # Coaching # We have moved from speculation to reality with Offensive Coordinator Todd Haley, and the reports of Defensive Coordinator Dick"
196,move,introspection,2013,MAG,PopMech,"what they have taught us. "" Damn Baker of Milwaukee was also moved to introspection. "" Read the whole issue, learned quite a few things, and thought","what they have taught us. "" Damn Baker of Milwaukee was also moved to introspection. "" Read the whole issue, learned quite a few things, and thought"
197,move,contemplation,1990,ACAD,MusicEduc,lives of individual listeners. This means that we must help students to move between contemplation of an artistic object and contemplation of the personal effects of their interaction with it,lives of individual listeners. This means that we must help students to move between contemplation of an artistic object and contemplation of the personal effects of their interaction with it
198,move,contemplation,2019,ACAD,Arab Studies Quarterly,. His accumulated anger makes him so critical; he eventually decides to move from contemplation to praxis. # The whole dialectic of nonsimultaneity appears in full light in the destruction,. His accumulated anger makes him so critical; he eventually decides to move from contemplation to praxis. # The whole dialectic of nonsimultaneity appears in full light in the destruction
199,go,feeling,2019,MAG,rollingstone.com,"Swift is unfazed. "" You want to know a trick to immediately go from feeling victimized to feeling awesome? "" she says. She pulls out her phone and","Swift is unfazed. "" You want to know a trick to immediately go from feeling victimized to feeling awesome? "" she says. She pulls out her phone and"
200,go,feeling,2012,WEB,kateandneil.com,look like to not knowing. For me this period of transition involves going from feeling overwhelmed with possibilities and ideas to totally underwhelmed with the banality of the choices I,look like to not knowing. For me this period of transition involves going from feeling overwhelmed with possibilities and ideas to totally underwhelmed with the banality of the choices I
201,go,feeling,2012,BLOG,thedailylove.com,a job. Please note the NINE YEARS part of this story. Going from feeling lost and frustrated about not knowing what to do or how to do it to,a job. Please note the NINE YEARS part of this story. Going from feeling lost and frustrated about not knowing what to do or how to do it to
202,go,feeling,1990,SPOK,ABC_20/20,"even companionship disappear from their marriages. Mr. HARSHBERGER: You can't go from feelings of a caregiver to feelings of a husband or a wife back and forth,","even companionship disappear from their marriages. Mr. HARSHBERGER: You can't go from feelings of a caregiver to feelings of a husband or a wife back and forth,"
203,go,feeling,2012,WEB,davar.net,"painting, there was the thought. It was so terrible that it went beyond feeling, and left him inspecting it with a kind of stark detachment, while the","painting, there was the thought. It was so terrible that it went beyond feeling, and left him inspecting it with a kind of stark detachment, while the"
204,go,feeling,2009,ACAD,PhysicalEduc,"while others believe that enjoyment of sport is broader than intrinsic motivation and goes beyond feelings of competence and control (Scanlan &; Lewthwaite, 1986; Scanlan &; Simons,","while others believe that enjoyment of sport is broader than intrinsic motivation and goes beyond feelings of competence and control (Scanlan &; Lewthwaite, 1986; Scanlan &; Simons,"
205,go,feeling,2000,SPOK,PBS_Newshour,"a very minor way tells you something of what is going on that goes beyond feelings about abortion, social issues and taxes. Though of course all of these are","a very minor way tells you something of what is going on that goes beyond feelings about abortion, social issues and taxes. Though of course all of these are"
206,go,feeling,2012,WEB,intothyword.org,"think it is fact and only seek to argue its particulars or just go by feelings. However in fact, it is not a biblical idea or even a word","think it is fact and only seek to argue its particulars or just go by feelings. However in fact, it is not a biblical idea or even a word"
207,go,feeling,2012,WEB,...arquee.blogs.cnn.com,"? You never had a period, never been pregnant... If you go by feelings you will always go downhill. What about people who have feelings to kill,","? You never had a period, never been pregnant... If you go by feelings you will always go downhill. What about people who have feelings to kill,"
208,go,feeling,2012,WEB,phdinparenting.com,"is full of fluff. You don't have any research, just going by feelings and personal intuition (faith based parenting). There are so many other factors","is full of fluff. You don't have any research, just going by feelings and personal intuition (faith based parenting). There are so many other factors"
209,go,feeling,2004,MAG,People,", but admits, "" There's a lot of sadness. I go through feelings, thinking about stuff, what could have been different and so on and so",", but admits, "" There's a lot of sadness. I go through feelings, thinking about stuff, what could have been different and so on and so"
210,go,feeling,2002,TV,The Dead Zone,"Sheehy things? Yeah, from the book, you know? Everybody goes through feelings like these, honey. No, I don't think so. Johnny,","Sheehy things? Yeah, from the book, you know? Everybody goes through feelings like these, honey. No, I don't think so. Johnny,"
211,go,feeling,2012,BLOG,feministe.us,"rather upsetting to see on a social justice site where I can usually go without feeling, for once, that the people there hate me for who I am.","rather upsetting to see on a social justice site where I can usually go without feeling, for once, that the people there hate me for who I am."
212,go,emotion,2012,BLOG,goodmenproject.com,"its aftermath, all became a blur. Like a zombie, I went through emotions -- I mean -- a Donald would show up with a game face, with","its aftermath, all became a blur. Like a zombie, I went through emotions -- I mean -- a Donald would show up with a game face, with"
213,go,emotion,2012,BLOG,surfermag.com,"surfing has ever had is BY FAR Ronnie Blakey, does not let go through emotions and makes every comment with great precision... # Kelly is a freak and still","surfing has ever had is BY FAR Ronnie Blakey, does not let go through emotions and makes every comment with great precision... # Kelly is a freak and still"
214,go,emotion,2010,NEWS,Denver,", I hated the circumstance. Now I like people again. I went through emotions that were startling to me. # BH: How did you sleep in those times",", I hated the circumstance. Now I like people again. I went through emotions that were startling to me. # BH: How did you sleep in those times"
215,go,emotion,2012,WEB,gigaom.com,". When asked to decide a patent case, juries are likely to go with emotion over evidence -- deciding a case based on brand loyalty rather than the law at",". When asked to decide a patent case, juries are likely to go with emotion over evidence -- deciding a case based on brand loyalty rather than the law at"
216,go,emotion,2008,SPOK,NBC_Today,":... to oppose this disastrous war. But people are going to go with emotion, they're going to go with their heart, and it's a tough",":... to oppose this disastrous war. But people are going to go with emotion, they're going to go with their heart, and it's a tough"
217,go,emotion,2012,WEB,esr.ibiblio.org,"(and thus a fanatic per ESR's definition), or just going by emotion (which would be no better.) # Of course, some animal rights","(and thus a fanatic per ESR's definition), or just going by emotion (which would be no better.) # Of course, some animal rights"
218,go,emotion,2008,SPOK,NBC_Today,"if when you have to -- wrong decisions happen in courts because you go by emotion, not by evidence. And all I would say is look at the evidence","if when you have to -- wrong decisions happen in courts because you go by emotion, not by evidence. And all I would say is look at the evidence"
219,go,emotion,2013,MOV,Locke,"years. Yeah, the whole thing, Ivan. He said he goes on emotion. He said the stuff about the biggest pour in Europe. Outside the nuclear","years. Yeah, the whole thing, Ivan. He said he goes on emotion. He said the stuff about the biggest pour in Europe. Outside the nuclear"
220,go,emotion,2012,WEB,reasonablefaith.org,"God, and they just ate it up. You can't just go on emotions and be a whole person. Even folks in this sub-culture of Charismatic and Pentecostal","God, and they just ate it up. You can't just go on emotions and be a whole person. Even folks in this sub-culture of Charismatic and Pentecostal"
221,go,emotion,2018,ACAD,"...cience, Technology, and Medicine","pleasure could bring about illness in the human body. However, he went beyond emotions to configure the psychosocial body, where the visceral arrangement and the physiological workings are","pleasure could bring about illness in the human body. However, he went beyond emotions to configure the psychosocial body, where the visceral arrangement and the physiological workings are"
222,go,emotion,1998,MOV,You Lucky Dog,n't Want You Going Back There Until After The Trial. We're Going For Emotion Here. I Want To Be Able To Tell The Jury That You Were Too,n't Want You Going Back There Until After The Trial. We're Going For Emotion Here. I Want To Be Able To Tell The Jury That You Were Too
223,go,emotion,2006,MOV,...he Bleep!?: Down the Rabbit Hole,our emotions. Everything has an emotional weighting to it. We've gone from emotions being these spiritual... immaterial things to things- they're not even things- to actual,our emotions. Everything has an emotional weighting to it. We've gone from emotions being these spiritual... immaterial things to things- they're not even things- to actual
224,sweep,emotion,1991,MAG,NatlReview,".' They did not seem irrational, in flamed, bigoted, swept by emotion and angry self-righteousness. They felt strongly enough about justice in this new country to",".' They did not seem irrational, in flamed, bigoted, swept by emotion and angry self-righteousness. They felt strongly enough about justice in this new country to"
225,go,action,2019,FIC,Analog,"and declination +5.72°. With these coordinates, IceCube's automatic notification system went into action, notifying ground-based and space-based observatories around the world of their estimate of the coordinates","and declination +5.72°. With these coordinates, IceCube's automatic notification system went into action, notifying ground-based and space-based observatories around the world of their estimate of the coordinates"
226,go,action,2019,NEWS,Omaha World-Herald,"# Through recommendations from school counselors, families were recognized and then volunteers went into action to get the gifts, coats, hats, gloves and food for the many","# Through recommendations from school counselors, families were recognized and then volunteers went into action to get the gifts, coats, hats, gloves and food for the many"
227,go,action,2018,SPOK,CBS_Morning,", when you get angry, the amygdale, a basic brain region goes into action. And you drive up norepinephrine and epinephrine, the adrenaline and you can stay",", when you get angry, the amygdale, a basic brain region goes into action. And you drive up norepinephrine and epinephrine, the adrenaline and you can stay"
228,go,action,2017,SPOK,CBS: Face The Nation,created -- what created this immediate reaction of President Obama? And we went into action to get the briefing as quickly as possible on Tuesday that we thought the president,created -- what created this immediate reaction of President Obama? And we went into action to get the briefing as quickly as possible on Tuesday that we thought the president
229,go,action,2017,NEWS,Chicago Sun-Times,"a drink and then fell into the lake. That's when Farris went into action, reaching down and heaving the flailing 50-pound dog out of the water. #","a drink and then fell into the lake. That's when Farris went into action, reaching down and heaving the flailing 50-pound dog out of the water. #"
230,go,action,2017,NEWS,New York Post,"off the daily double of pitching disgrace. Both their starters and relievers went into action on Tuesday night with ERAs over 5.00. # On cue, Mets starter Tommy","off the daily double of pitching disgrace. Both their starters and relievers went into action on Tuesday night with ERAs over 5.00. # On cue, Mets starter Tommy"
231,go,action,2016,SPOK,NPR_FreshAir,4171631 ERNEST-HEMINGWAY# This is the true face of men going into action. It's a little different from any other face that you will ever see,4171631 ERNEST-HEMINGWAY# This is the true face of men going into action. It's a little different from any other face that you will ever see
232,go,action,2016,FIC,Bk:CherryColaChristmas,It's almost as if someone was waiting for you to leave to go into action. It happened down at The Twinkle when no one was looking - some big,It's almost as if someone was waiting for you to leave to go into action. It happened down at The Twinkle when no one was looking - some big
233,go,action,2015,FIC,FantasySciFi,"swung left to approach the ranch from an unexpected direction. Before they went into action, Rolfe lined up his war party and rode from man to man, checking","swung left to approach the ranch from an unexpected direction. Before they went into action, Rolfe lined up his war party and rode from man to man, checking"
234,go,action,2015,MAG,Horticulture,", when a lull came in the endless list of chores, I went into action. Digging out a semi-healthy segment of each salvageable and desirable perennial to reserve for",", when a lull came in the endless list of chores, I went into action. Digging out a semi-healthy segment of each salvageable and desirable perennial to reserve for"
235,go,action,2015,NEWS,CSMonitor,""" He and other experts dismiss "" newspaper reports "" of Russian troops going into action in Syria, but say that one marine battalion - about 500 men - has",""" He and other experts dismiss "" newspaper reports "" of Russian troops going into action in Syria, but say that one marine battalion - about 500 men - has"
236,go,action,2014,FIC,SewaneeRev,"and though they haven't really healed, Cairo demanded that Petralds not go into action without a partner. The pungent smell of ointment adds a curative whiff to the","and though they haven't really healed, Cairo demanded that Petralds not go into action without a partner. The pungent smell of ointment adds a curative whiff to the"
237,go,action,2014,MAG,Futurist,"score it. If it received a high enough score, it could go into action. # Darlage recalled one day when the mayor visited him and told him of","score it. If it received a high enough score, it could go into action. # Darlage recalled one day when the mayor visited him and told him of"
238,go,action,2014,ACAD,CanadianJournal,"hand? He had a right hand of iron made for him and going into action with it tied to his arm, raised the siege of Cremona? (2","hand? He had a right hand of iron made for him and going into action with it tied to his arm, raised the siege of Cremona? (2"
239,go,action,2013,SPOK,Fox: On The Record: Baier,"Shortly after the blast, officials of other cities along the east coast went into action. We have Fox team coverage. Senior correspondent Eric Shawn in New York tonight","Shortly after the blast, officials of other cities along the east coast went into action. We have Fox team coverage. Senior correspondent Eric Shawn in New York tonight"
240,go,action,2013,MAG,USCatholic,"seconds later, Grossnickle felt as if God were telling him, "" Go into action. Go do something. "" # "" I slid down the face of the","seconds later, Grossnickle felt as if God were telling him, "" Go into action. Go do something. "" # "" I slid down the face of the"
241,go,action,2013,MOV,Death Watch,"by me to any group. I am an ordinary citizen, which went into action. Maybe I'm just a Christian or a Buddhist. Communist or an atheist","by me to any group. I am an ordinary citizen, which went into action. Maybe I'm just a Christian or a Buddhist. Communist or an atheist"
242,go,action,2012,SPOK,CBS_ThisMorning,", once we saw it go by, we just -- everybody just went into action and there we went. JEFF-GLOR: Sandy, what surprised you most about what you",", once we saw it go by, we just -- everybody just went into action and there we went. JEFF-GLOR: Sandy, what surprised you most about what you"
243,go,action,2012,WEB,imdb.com,faith in them and mould them into a good team. When they go into action in N. Africa they realise what it,faith in them and mould them into a good team. When they go into action in N. Africa they realise what it
244,go,action,2012,WEB,...ashingtonmonthly.com,"unions can avoid having it apply to them, the Obamacare hasn't gone into action (dysfunction) yet but will be collecting taxes for it for a few years","unions can avoid having it apply to them, the Obamacare hasn't gone into action (dysfunction) yet but will be collecting taxes for it for a few years"
245,go,action,2012,WEB,...utsidethebeltway.com,VA and FL are very considerable and the Obama campaign hasn't really gone into action yet. Against this background a platform of Elect me president and then I'll,VA and FL are very considerable and the Obama campaign hasn't really gone into action yet. Against this background a platform of Elect me president and then I'll
246,go,action,2012,WEB,androidpolice.com,"N10 is docked or on a charger, you can set Daydreams to go into action, displaying the clock, photos (in "" frame "" or "" table ""","N10 is docked or on a charger, you can set Daydreams to go into action, displaying the clock, photos (in "" frame "" or "" table """
247,go,action,2012,WEB,...s.washingtonpost.com,", and they take a recess, the 19 Senate Republicans could then go into action and they'd have quorum because they started out that way, so we're",", and they take a recess, the 19 Senate Republicans could then go into action and they'd have quorum because they started out that way, so we're"
248,go,action,2012,WEB,...coverthenetworks.org,"; radicals rebel. Liberals become indignant; radicals become fighting mad and go into action. Liberals do not modify their personal lives, and what they give to a","; radicals rebel. Liberals become indignant; radicals become fighting mad and go into action. Liberals do not modify their personal lives, and what they give to a"
249,go,action,2012,WEB,atimes.com,to be attacked on the streets of New Delhi. The Delhi police went into action. The international media wanted to know who had done the attack minutes after it,to be attacked on the streets of New Delhi. The Delhi police went into action. The international media wanted to know who had done the attack minutes after it
250,go,action,2012,WEB,tvtropes.org,don't work. It's obvious that the amount of effort that went into Action 52 was almost nil. # Interplay tried to cash in on its Fallout franchise,don't work. It's obvious that the amount of effort that went into Action 52 was almost nil. # Interplay tried to cash in on its Fallout franchise
251,go,action,2012,WEB,art-bin.com,"into practice, we must weld the cadres together and encourage them to go into action; this comes into the category of "" using the cadres well "". #","into practice, we must weld the cadres together and encourage them to go into action; this comes into the category of "" using the cadres well "". #"
252,go,action,2012,WEB,all-history.org,", nevertheless, decide to form the Arab Liberation Army, which would go into action in the following weeks. On the night of 20 -- 21 January 1948,",", nevertheless, decide to form the Arab Liberation Army, which would go into action in the following weeks. On the night of 20 -- 21 January 1948,"
253,go,action,2012,WEB,speroforum.com,order to save the baby. Rocio had been deemed dead and Cuesta went into action to prevent the loss of another life. The baby was due for a natural,order to save the baby. Rocio had been deemed dead and Cuesta went into action to prevent the loss of another life. The baby was due for a natural
254,go,action,2012,WEB,ferretbrain.com,"puppies, is horrified by the violence unleashed as a result of Conan going into action, and tries to suppress and deny her yearning for Conan to go into action","puppies, is horrified by the violence unleashed as a result of Conan going into action, and tries to suppress and deny her yearning for Conan to go into action"
255,go,action,2012,WEB,ferretbrain.com,"action, and tries to suppress and deny her yearning for Conan to go into action with her naked-style. Blit, conversely, is just free and liberated enough to","action, and tries to suppress and deny her yearning for Conan to go into action with her naked-style. Blit, conversely, is just free and liberated enough to"
256,go,action,2012,WEB,history.navy.mil,"turned its attention to the urgent problems of logistic support for the forces going into action in the Far East. # Ammunition came first. At Yokosuka, under the","turned its attention to the urgent problems of logistic support for the forces going into action in the Far East. # Ammunition came first. At Yokosuka, under the"
257,go,action,2012,WEB,combatreform.org,"and can be configured for different tasks, ready upon air delivery to go into action. Here General Gavin has an arctic scene and today as we speak, scientists","and can be configured for different tasks, ready upon air delivery to go into action. Here General Gavin has an arctic scene and today as we speak, scientists"
258,go,action,2012,WEB,eagleforum.org,"to find out their effect in advance, or alert their friends to go into action with letter-writing and phone-calling. Congressmen and State Legislators who have been elected by liberal","to find out their effect in advance, or alert their friends to go into action with letter-writing and phone-calling. Congressmen and State Legislators who have been elected by liberal"
259,go,action,2012,WEB,huffingtonpost.com,", and they take a recess, the 19 Senate Republicans could then go into action and they'd have quorum because it's turned out that way. So we",", and they take a recess, the 19 Senate Republicans could then go into action and they'd have quorum because it's turned out that way. So we"
260,go,action,2012,WEB,engadget.com,"You can excavate it or just wait for the machine's vacuums to go into action, storing the powder away for future jobs. The technology, while streamlining certain","You can excavate it or just wait for the machine's vacuums to go into action, storing the powder away for future jobs. The technology, while streamlining certain"
261,go,action,2012,WEB,charleslindbergh.com,"Hoover (March 3, 1932) All criminal-detection agencies of the government went into action to aid in the recovery of Lindbergh's son. From the White House to","Hoover (March 3, 1932) All criminal-detection agencies of the government went into action to aid in the recovery of Lindbergh's son. From the White House to"
262,go,action,2012,BLOG,...ernagh.wordpress.com,"example Arendt gives lies in modern warfare. In these cases, men go into action and use means of violence in order to achieve certain objectives for their own sake","example Arendt gives lies in modern warfare. In these cases, men go into action and use means of violence in order to achieve certain objectives for their own sake"
263,go,action,2012,BLOG,localharvest.org,was time. All drawers and shelves were removed and warm soapy water went into action. With all this happening it meant tonight was another fridge clean-out meal. #,was time. All drawers and shelves were removed and warm soapy water went into action. With all this happening it meant tonight was another fridge clean-out meal. #
264,go,action,2012,BLOG,rawstory.com,", and entertaining themselves in various ways. # However, when they go into action, they more than earn the money they were paid for "" sitting on their",", and entertaining themselves in various ways. # However, when they go into action, they more than earn the money they were paid for "" sitting on their"
265,go,action,2012,BLOG,...project.blogspot.com,Benghazi. # Our sources add that Libyan army units based in Benghazi went into action ahead of the main body's arrival. Those troops were caught by the onset,Benghazi. # Our sources add that Libyan army units based in Benghazi went into action ahead of the main body's arrival. Those troops were caught by the onset
266,go,action,2012,BLOG,...s.chicagotribune.com,"n't, so go for it and watch the law of unintended consequences go into action! # It is uncontested that GAAP financials overstate profitablity because, while interest costs","n't, so go for it and watch the law of unintended consequences go into action! # It is uncontested that GAAP financials overstate profitablity because, while interest costs"
267,go,action,2012,BLOG,dailykos.com,issuing a warning. # I would have expected the Human Mic to go into action. It got my attention while looking to see if the police acted inappropropriately.,issuing a warning. # I would have expected the Human Mic to go into action. It got my attention while looking to see if the police acted inappropropriately.
268,go,action,2012,BLOG,boingboing.net,"what appeared to be the edge of another coffin. # The group went into action without Pelleter saying anything. The two shovels were brought over, and the farmer","what appeared to be the edge of another coffin. # The group went into action without Pelleter saying anything. The two shovels were brought over, and the farmer"
269,go,action,2012,BLOG,healthyatx.org,"in a windfall of federal dollars. Sen. Kirk Watson, D-Austin, went into action. This is personal to him. He's had cancer, and he represents","in a windfall of federal dollars. Sen. Kirk Watson, D-Austin, went into action. This is personal to him. He's had cancer, and he represents"
270,go,action,2012,BLOG,storynory.com,"was right. They didn't show. That meant that plan B went into action. We headed for the sea, and ran along the moonlit beach to pirate","was right. They didn't show. That meant that plan B went into action. We headed for the sea, and ran along the moonlit beach to pirate"
271,go,action,2012,BLOG,...andoned-orphaned.com,"of them, up to twenty times per day. # Our minds went into action. The need for sound research and approach collided with an immediate sense of urgency","of them, up to twenty times per day. # Our minds went into action. The need for sound research and approach collided with an immediate sense of urgency"
272,go,action,2012,BLOG,...suranceattorneys.com,to cut their bills. # Blaming the Property Owner: Another plan going into action right now will be causation studies and surveys that the industry will do to find,to cut their bills. # Blaming the Property Owner: Another plan going into action right now will be causation studies and surveys that the industry will do to find
273,go,action,2011,SPOK,NBC_Dateline,"was trying to so-call run away, plot my escape, before it went into action, I was in my mind going, She -- I'm going to show","was trying to so-call run away, plot my escape, before it went into action, I was in my mind going, She -- I'm going to show"
274,go,action,2011,SPOK,CBS_SunMorn,"the first yell, the first scream, the first violence, you go into action. BOB-SCHIEFFER: You were operating on more than in training -- JERRY-PARR: It","the first yell, the first scream, the first violence, you go into action. BOB-SCHIEFFER: You were operating on more than in training -- JERRY-PARR: It"
275,go,action,2011,FIC,Bk:PreachersAssault,"went well over Preacher's head. At the same time, Preacher went into action with the same sort of deadly speed. He lashed out with the flintlock rifle","went well over Preacher's head. At the same time, Preacher went into action with the same sort of deadly speed. He lashed out with the flintlock rifle"
276,go,action,2011,FIC,Bk:AgainstStorm,power tie and hauled him to his feet. Shawna screamed and Trace went into action. # Tossing Lenny out of the way like the skinny little runt he was,power tie and hauled him to his feet. Shawna screamed and Trace went into action. # Tossing Lenny out of the way like the skinny little runt he was
277,go,action,2011,MAG,MilitaryHist,"of city-states since 1785, and when he became president in 1801 he went into action against them without asking the permission of Congress. This first of two Barbary wars","of city-states since 1785, and when he became president in 1801 he went into action against them without asking the permission of Congress. This first of two Barbary wars"
278,go,action,2010,SPOK,ABC_ThisWeek,"the faces of intolerance show themselves, the forces of inclusiveness in America go into action. On Friday afternoon, when I came back to my office after Eid prayers","the faces of intolerance show themselves, the forces of inclusiveness in America go into action. On Friday afternoon, when I came back to my office after Eid prayers"
279,go,action,2010,FIC,Bk:ScarletNights,", Mike's voice was as intimidating as his body was when he went into action. "" Ever hear of...? "" As the captain fumbled in his shirt",", Mike's voice was as intimidating as his body was when he went into action. "" Ever hear of...? "" As the captain fumbled in his shirt"
280,go,action,2009,FIC,Bk:GoneTomorrowReacher,", in, out. # Point eight: suicide bombers about to go into action stare rigidly ahead. No one knows why, but video evidence and surviving eyewitnesses",", in, out. # Point eight: suicide bombers about to go into action stare rigidly ahead. No one knows why, but video evidence and surviving eyewitnesses"
281,go,action,2009,FIC,FantasySciFi,"pouch I can carry in my pocket, for when I have to go into action on short notice. "" The oversized weasel eyes rolled, but the demon was","pouch I can carry in my pocket, for when I have to go into action on short notice. "" The oversized weasel eyes rolled, but the demon was"
282,go,action,2009,MAG,Smithsonian,"that were radio-controlled. The Great War ended before any of them could go into action. Now, Daso adds, "" there are so many UAVs in the air","that were radio-controlled. The Great War ended before any of them could go into action. Now, Daso adds, "" there are so many UAVs in the air"
283,go,action,2009,MAG,OutdoorLife,"I think you should go bring in some firewood. "" Dad immediately went into action. He got a long stick and began probing the mounds of snow outside our","I think you should go bring in some firewood. "" Dad immediately went into action. He got a long stick and began probing the mounds of snow outside our"
284,go,action,2008,SPOK,NBC_Dateline,"(Voiceover) With her son in danger and far from home, a mother goes into action when Murder by the Sea continues.  (Volz-in-crowd; -Mag (Announcements) MORRISON","(Voiceover) With her son in danger and far from home, a mother goes into action when Murder by the Sea continues. (Volz-in-crowd; -Mag (Announcements) MORRISON"
285,go,action,2008,SPOK,NBC_MeetPress,"you exhaust all options, but when you go to, when you go into action you do so with a clear exit strategy and with overwhelming force. He's","you exhaust all options, but when you go to, when you go into action you do so with a clear exit strategy and with overwhelming force. He's"
286,go,action,2008,FIC,Bk:Germania,"and Manni, both wearing overcoats and looking startled. Sebastian and Ziggy went into action making introductions, and soon everyone had agreed to help the Fhrer in any way","and Manni, both wearing overcoats and looking startled. Sebastian and Ziggy went into action making introductions, and soon everyone had agreed to help the Fhrer in any way"
287,go,action,2008,TV,Eleventh Hour,"on in your head. Every nerve must be screaming for you to go into action. The urge must be uncontrollable, but you're gon na have to damp","on in your head. Every nerve must be screaming for you to go into action. The urge must be uncontrollable, but you're gon na have to damp"
288,go,action,2007,FIC,HudsonRev,", despite that, the soldiers marched on cheerily, as always when going into action, especially on the offensive. But, having gone for about an hour in",", despite that, the soldiers marched on cheerily, as always when going into action, especially on the offensive. But, having gone for about an hour in"
289,go,action,2007,FIC,HudsonRev,"rode along the line of Bagration's troops, who had not yet gone into action and stood motionless; then he rode into the space occupied by Uvarov's cavalry","rode along the line of Bagration's troops, who had not yet gone into action and stood motionless; then he rode into the space occupied by Uvarov's cavalry"
290,go,action,2007,FIC,HudsonRev,"line, penetrating further and further into the area of the troops already going into action. "" How it's going to be, I don't know, but","line, penetrating further and further into the area of the troops already going into action. "" How it's going to be, I don't know, but"
291,go,action,2007,FIC,HudsonRev,"next part of the line (this was the guards) had already gone into action. "" So much the better! I'll see it close up, ""","next part of the line (this was the guards) had already gone into action. "" So much the better! I'll see it close up, """
292,go,action,2007,FIC,HudsonRev,", realized that they were in the front line and had unexpectedly to go into action. Rostov, not hearing Boris out, touched up his horse. "" Where",", realized that they were in the front line and had unexpectedly to go into action. Rostov, not hearing Boris out, touched up his horse. "" Where"
293,go,action,2007,FIC,HudsonRev,"Dolokhov. "" We'll have to go there. We can't go into action without knowing for certain how many they are. I like to do things neatly","Dolokhov. "" We'll have to go there. We can't go into action without knowing for certain how many they are. I like to do things neatly"
294,go,action,2006,SPOK,NPR_Sunday,military in Ramadi. He spent last night with American forces as they went into action. He sent this report. PHILIP-REEVES-repo: Dusk is falling over Ramadi. Colonel,military in Ramadi. He spent last night with American forces as they went into action. He sent this report. PHILIP-REEVES-repo: Dusk is falling over Ramadi. Colonel
295,go,action,2006,FIC,FantasySciFi,". That was when the wolf, with a shrill eager whine, went into action. A hundred and ninety pounds of fur, muscle, and preternatural fury slammed",". That was when the wolf, with a shrill eager whine, went into action. A hundred and ninety pounds of fur, muscle, and preternatural fury slammed"
296,go,action,2006,FIC,Bk:YouDontKnow,"her purse, Jamie suddenly realized the doors were closing, and she went into action, skidding through sideways, bracelets jangling and hair bouncing. She was about to","her purse, Jamie suddenly realized the doors were closing, and she went into action, skidding through sideways, bracelets jangling and hair bouncing. She was about to"
297,go,action,2006,MAG,SatEvenPost,"afraid to tackle a violent customer like Mr. Jorgensen. I have already gone into action. Immediately after receiving your letter last night, I took the 10:30 p.m. train","afraid to tackle a violent customer like Mr. Jorgensen. I have already gone into action. Immediately after receiving your letter last night, I took the 10:30 p.m. train"
298,go,action,2006,NEWS,SanFranChron,"holidays, and as soon as the doors open, the automated machines go into action, flashing orders on flat-screen panels. Staff members man various stations, while a","holidays, and as soon as the doors open, the automated machines go into action, flashing orders on flat-screen panels. Staff members man various stations, while a"
299,go,action,2005,FIC,Analog,"the wall. Then there was a whir of distant motors and Dannette went into action. She turned to the map and leaned forward to study it, the angle","the wall. Then there was a whir of distant motors and Dannette went into action. She turned to the map and leaned forward to study it, the angle"
300,go,action,2005,MAG,Fortune,"s crew had cut, growing from 30 acres to 50. Mackey went into action against the blaze. "" We all thought we were going to dig a line","s crew had cut, growing from 30 acres to 50. Mackey went into action against the blaze. "" We all thought we were going to dig a line"
301,go,action,2004,SPOK,CNN_LiveToday,"WEDEMAN, CNN CORRESPONDENT: Yes, Daryn. Well, U.S. forces went into action in Sadr City, a stronghold of Shiite -- radical Shiite cleric Muqtada Sadr.","WEDEMAN, CNN CORRESPONDENT: Yes, Daryn. Well, U.S. forces went into action in Sadr City, a stronghold of Shiite -- radical Shiite cleric Muqtada Sadr."
302,go,action,2004,FIC,Mov:Feast,"all dressed alike in work boots, gas masks and coveralls. They go into action honing in on rubble with SENSORS and COUNTERS. THE MAN IN TAN What's","all dressed alike in work boots, gas masks and coveralls. They go into action honing in on rubble with SENSORS and COUNTERS. THE MAN IN TAN What's"
303,go,action,2004,ACAD,ArabStudies,"arguments. Edward had apparently called Ibrahim about the situation, and Ibrahim went into action. In the end, it was not necessary to organize the suggested session.","arguments. Edward had apparently called Ibrahim about the situation, and Ibrahim went into action. In the end, it was not necessary to organize the suggested session."
304,go,action,2004,ACAD,AgricResrch,time. RNA extracted from the strains provides tell-tale evidence of genes that went into action. The work is much like that of police detectives who analyze evidence to reconstruct,time. RNA extracted from the strains provides tell-tale evidence of genes that went into action. The work is much like that of police detectives who analyze evidence to reconstruct
305,go,action,2004,TV,Arrested Development,"hands. Unfortunately, it was at this moment... that the investigators went into action. - There's the kid. - Our cover's blown. Get out","hands. Unfortunately, it was at this moment... that the investigators went into action. - There's the kid. - Our cover's blown. Get out"
306,go,action,2003,SPOK,CNN_LiveSat,", but you mentioned that the 101st was one of the first to go into action in 1991. Anybody serving now who served back then? Have they been able",", but you mentioned that the 101st was one of the first to go into action in 1991. Anybody serving now who served back then? Have they been able"
307,go,action,2003,FIC,Analog,"don't bother to tell me where it's stored-why didn't you go into action immediately and stop those guys? "" "" Unfortunately, the switch-over takes several minutes","don't bother to tell me where it's stored-why didn't you go into action immediately and stop those guys? "" "" Unfortunately, the switch-over takes several minutes"
308,go,action,2003,FIC,SouthwestRev,"of the ascendent Christian Socials, warned that "" fists will have to go into action on January 20, "" while the writers of the Young Vienna movement published a","of the ascendent Christian Socials, warned that "" fists will have to go into action on January 20, "" while the writers of the Young Vienna movement published a"
309,go,action,2003,MAG,FieldStream,"for us. When Dougherty gave the operator the thumbs-up, the machine went into action, clearing brush and saplings in a rough V-shape, with the pine at its","for us. When Dougherty gave the operator the thumbs-up, the machine went into action, clearing brush and saplings in a rough V-shape, with the pine at its"
310,go,action,2003,NEWS,WashPost,"was the spare, the guy who hovered in the background, and went into action only if something went wrong with one of the other planes. # He went","was the spare, the guy who hovered in the background, and went into action only if something went wrong with one of the other planes. # He went"
311,go,action,2003,ACAD,Humanist,"was an irresistible tonic for violence. # And so the political machine went into action. While no credible evidence linked Hussein to 9/11, the administration fomented a string","was an irresistible tonic for violence. # And so the political machine went into action. While no credible evidence linked Hussein to 9/11, the administration fomented a string"
312,go,action,2003,TV,Justice League,"metabolism, I can't always be choosy. Especially if we're going into action. Kilowog, your rings and Lantern batteries Are all fed from a much larger","metabolism, I can't always be choosy. Especially if we're going into action. Kilowog, your rings and Lantern batteries Are all fed from a much larger"
313,go,action,2002,SPOK,CNN_Daybreak,"can retaliate COSTELLO Yes BOORTZ The minute that hand goes back, you go into action. His hand is back COSTELLO Well, that's an argument many people have","can retaliate COSTELLO Yes BOORTZ The minute that hand goes back, you go into action. His hand is back COSTELLO Well, that's an argument many people have"
314,go,action,2002,MAG,MilitaryHist,"Pershing responded by ordering Liggett and Bullard, whose Second Army had also gone into action, to attack without respite. The offensive's main goal soon became the city","Pershing responded by ordering Liggett and Bullard, whose Second Army had also gone into action, to attack without respite. The offensive's main goal soon became the city"
315,go,action,2002,MAG,MilitaryHist,"always thought it would do good to make these addresses to troops before going into action, to rouse their enthusiasm and make them fight much better. Napoleon used to","always thought it would do good to make these addresses to troops before going into action, to rouse their enthusiasm and make them fight much better. Napoleon used to"
316,go,action,2002,NEWS,CSMonitor,"be when he stands at attention, the magic takes over when he goes into action. # Just watch a thoroughbred break from a canter into a trot and then","be when he stands at attention, the magic takes over when he goes into action. # Just watch a thoroughbred break from a canter into a trot and then"
317,go,action,2002,MOV,Hart's War,""" The old fiReenth "". They was the first Negro troops to go into action in france. Did your father serve? Mm. My father was in headquaners",""" The old fiReenth "". They was the first Negro troops to go into action in france. Did your father serve? Mm. My father was in headquaners"
318,go,action,2001,FIC,etCetera,"communication terminal and a new virus created by the sisters Reggie and Veggie went into action. This virus took over the computers that ran the stadium, shut down the","communication terminal and a new virus created by the sisters Reggie and Veggie went into action. This virus took over the computers that ran the stadium, shut down the"
319,go,action,2001,MAG,MilitaryHist,"to the military chiefs. // The Suez Capace, 1956 // Israel went into action at between 2:15 and 2:35 p.m. on October 29, 1956. Two pairs of","to the military chiefs. // The Suez Capace, 1956 // Israel went into action at between 2:15 and 2:35 p.m. on October 29, 1956. Two pairs of"
320,go,action,2001,MAG,MilitaryHist,". The third, made up of twin-boom Nord Aviation Noratlas transports, went into action only four hours after the parachute landing at Mitla Pass. The French aircraft roared",". The third, made up of twin-boom Nord Aviation Noratlas transports, went into action only four hours after the parachute landing at Mitla Pass. The French aircraft roared"
321,go,action,2001,NEWS,Chicago,"The potato cooks, the water drains out, and then the beaters go into action. As the beaters spin, they also rotate in a circular motion so as","The potato cooks, the water drains out, and then the beaters go into action. As the beaters spin, they also rotate in a circular motion so as"
322,go,action,1999,MOV,The Dark Redemption,front. I remind you that during the raid you are forbidden to go into action against the enemy and take captives to avoid detection. Follow me. Crawl to,front. I remind you that during the raid you are forbidden to go into action against the enemy and take captives to avoid detection. Follow me. Crawl to
323,go,action,1998,TV,Cold War,"At about 5 o'clock in the morning of December 11th, it would go into action near the village of El Mozote. Hundreds of civilians were slaughtered. The US","At about 5 o'clock in the morning of December 11th, it would go into action near the village of El Mozote. Hundreds of civilians were slaughtered. The US"
324,go,action,1992,TV,Northern Exposure,Really bitching. Wait till it chimes the hour. When this baby goes into action... it'll take your breath away. I guarantee it. Cool. Now,Really bitching. Wait till it chimes the hour. When this baby goes into action... it'll take your breath away. I guarantee it. Cool. Now
325,go,action,2001,SPOK,NPR_Saturday,young Americans who bore World War II's battle 60 years ago often went into action after giving a playful slap to pin-up posters of Rita Hayworth. They listened to,young Americans who bore World War II's battle 60 years ago often went into action after giving a playful slap to pin-up posters of Rita Hayworth. They listened to
326,go,action,2001,SPOK,CNN_King,"to set up a protective perimeter, which he did. They immediately went into action around the president, taking his clothes off, measuring his blood pressure, his","to set up a protective perimeter, which he did. They immediately went into action around the president, taking his clothes off, measuring his blood pressure, his"
327,go,action,2000,SPOK,CBS_Morning,(Voiceover) The boats were coming off the line so fast to go into action that Higgins' employees would ride the freight trains to paint them. Unidentified Man,(Voiceover) The boats were coming off the line so fast to go into action that Higgins' employees would ride the freight trains to paint them. Unidentified Man
328,go,action,2000,SPOK,CNN_LiveSat,"those soldiers by -- apparently by Hezbollah, Israel says, his forces went into action mainly in the air, and there's been an enormous amount of military activity","those soldiers by -- apparently by Hezbollah, Israel says, his forces went into action mainly in the air, and there's been an enormous amount of military activity"
329,go,action,2000,FIC,FantasySciFi,"Elvis grinned, "" Good to see ya, son. Ready to go into action? "" "" Doing what? "" Defoe felt absurdly foolish, asking advice from","Elvis grinned, "" Good to see ya, son. Ready to go into action? "" "" Doing what? "" Defoe felt absurdly foolish, asking advice from"
330,go,action,2000,MAG,MilitaryHist,"Maj. Gen. Horatio Herbert Kitchener, as his deputy, the military machine went into action. The situation remained serious, however, because the resourceful and hardy Boers were","Maj. Gen. Horatio Herbert Kitchener, as his deputy, the military machine went into action. The situation remained serious, however, because the resourceful and hardy Boers were"
331,go,action,2000,NEWS,AssocPress,"airstrikes within 90 minutes, Lebanese security officials said. # Israeli warplanes went into action shortly after the midday (1000GMT) rocket and mortar attack on the mountaintop army","airstrikes within 90 minutes, Lebanese security officials said. # Israeli warplanes went into action shortly after the midday (1000GMT) rocket and mortar attack on the mountaintop army"
332,go,action,2000,NEWS,AssocPress,"worked to curb hostilities, Lebanese security officials said. # Israeli warplanes went into action less than 90 minutes after the midday (1000GMT) rocket and mortar attack on","worked to curb hostilities, Lebanese security officials said. # Israeli warplanes went into action less than 90 minutes after the midday (1000GMT) rocket and mortar attack on"
333,go,action,2000,ACAD,Re:View (1),"Teaching, recognizes SPRINGBOARD fodder when she comes upon it and promptly goes into action. At the landmark rehabilitation teaching conference last July, she spotted ideas presented by","Teaching, recognizes SPRINGBOARD fodder when she comes upon it and promptly goes into action. At the landmark rehabilitation teaching conference last July, she spotted ideas presented by"
334,go,action,1999,SPOK,ABC_ThisWeek,"the environment will be safe enough in or over Kosovo that they can go into action? Gen. WESLEY CLARK: Well, I'm not going to give a specific","the environment will be safe enough in or over Kosovo that they can go into action? Gen. WESLEY CLARK: Well, I'm not going to give a specific"
335,go,action,1999,SPOK,ABC_ThisWeek,"I'm not going to give a specific date for when they'll go into action but I'll tell you that we brought them in in a very, very","I'm not going to give a specific date for when they'll go into action but I'll tell you that we brought them in in a very, very"
336,go,action,1999,SPOK,CBS_Morning,"other athlete, they're sitting there on the bench watching the team go into action and they're just crazy to go. Next time, they run. DIAZ-BALART","other athlete, they're sitting there on the bench watching the team go into action and they're just crazy to go. Next time, they run. DIAZ-BALART"
337,go,action,1999,SPOK,NBC_Dateline,"that that "" if "" happened. LARSON: (Voiceover) Paula goes into action. She begins calling the FAA, the Civil Air Patrol, the police,","that that "" if "" happened. LARSON: (Voiceover) Paula goes into action. She begins calling the FAA, the Civil Air Patrol, the police,"
338,go,action,1999,FIC,Mov:Base,"almost knocking Murphy off his feet. But waking him up. Murphy goes into action, using judo, akido, and street fighting skills to evade Delmar's next","almost knocking Murphy off his feet. But waking him up. Murphy goes into action, using judo, akido, and street fighting skills to evade Delmar's next"
339,go,action,1999,FIC,Mov:Base,"an assailant. When the assailant tries to pin him there, Murphy goes into action. Murphy twists, tossing the assailant across the dark bathroom. (CONTINUED)","an assailant. When the assailant tries to pin him there, Murphy goes into action. Murphy twists, tossing the assailant across the dark bathroom. (CONTINUED)"
340,go,action,1999,MAG,BoysLife,"only his childhood friend, the shrewd and streetsmart Al Glordino. Pitt goes into action when an unknown force kills thousands of marine animals-and sends a cruise ship out of","only his childhood friend, the shrewd and streetsmart Al Glordino. Pitt goes into action when an unknown force kills thousands of marine animals-and sends a cruise ship out of"
341,go,action,1999,ACAD,AcademicQs,"the plans of the reformers became public knowledge, the opponents of reform went into action. It must have appeared to the members of the Board of Trustees as if","the plans of the reformers became public knowledge, the opponents of reform went into action. It must have appeared to the members of the Board of Trustees as if"
342,go,action,1999,ACAD,Monist,have developed to serve the adaptive needs of the individual. Cognitive operations go into action to solve problems presented by the actual environment of the individual. Unlike the articulated,have developed to serve the adaptive needs of the individual. Cognitive operations go into action to solve problems presented by the actual environment of the individual. Unlike the articulated
343,go,action,1998,FIC,Mov:Armageddon,". Fire up the Bad Boy bit. Chick, Max and Bear go into action. Max screws the Bad Boy bit onto the first drilling pipe. Bear hoists",". Fire up the Bad Boy bit. Chick, Max and Bear go into action. Max screws the Bad Boy bit onto the first drilling pipe. Bear hoists"
344,go,action,1998,MAG,BoysLife,"said. "" Please stand to one side at once. "" Hickok went into action. His left hand slipped to his left hip and came up with a Colt","said. "" Please stand to one side at once. "" Hickok went into action. His left hand slipped to his left hip and came up with a Colt"
345,go,action,1998,MAG,ChildDigest,"great physical shape, too. When you swim, big muscle groups go into action, especially in your arms and legs. But muscles in your wrists, ankles","great physical shape, too. When you swim, big muscle groups go into action, especially in your arms and legs. But muscles in your wrists, ankles"
346,go,action,1998,ACAD,ABAJournal,"health reasons. His kidney problems required regular dialysis. An incensed Ward went into action on a project that would keep him in prison, and later may have given","health reasons. His kidney problems required regular dialysis. An incensed Ward went into action on a project that would keep him in prison, and later may have given"
347,go,action,1997,SPOK,CNN_Talkback,"AMERICAN RED CROSS: Well, at this point, the Red Cross went into action last night. They opened two shelters, and they're still open today and","AMERICAN RED CROSS: Well, at this point, the Red Cross went into action last night. They opened two shelters, and they're still open today and"
348,go,action,1997,SPOK,NBC_Dateline,", Sonny. McKEOWN: (Voiceover) Modern training and age-old technique went into action as the firefighters entered the blazing building.  (Firefighters; -flam Mr-WATSON",", Sonny. McKEOWN: (Voiceover) Modern training and age-old technique went into action as the firefighters entered the blazing building. (Firefighters; -flam Mr-WATSON"
349,go,action,1997,FIC,Triquarterly,". "" There she is, "" Enoch Skaggs says quietly. "" Go into action, Dog-girl. "" # Dog-girl's just teasing, Enoch Skaggs is so wild",". "" There she is, "" Enoch Skaggs says quietly. "" Go into action, Dog-girl. "" # Dog-girl's just teasing, Enoch Skaggs is so wild"
350,go,action,1997,MAG,Atlantic,"down the virtual roller coaster. "" I can see how the numbers go into action. "" This was lunch hour, and the students' excitement about what they","down the virtual roller coaster. "" I can see how the numbers go into action. "" This was lunch hour, and the students' excitement about what they"
351,go,action,1996,FIC,Mov:FromDuskTill,"the wheel, Seth in the passenger seat. Seth jumps up and goes into action. # SETH # Okay everybody, it's show time. Richie, take","the wheel, Seth in the passenger seat. Seth jumps up and goes into action. # SETH # Okay everybody, it's show time. Richie, take"
352,go,action,1996,ACAD,PhysicsToday,on Mars. Only when the rockets are fired does the straightening mechanism go into action. FIGURE 3 # PHOTO (COLOR): CRYOGENIC INSERT for the axion search,on Mars. Only when the rockets are fired does the straightening mechanism go into action. FIGURE 3 # PHOTO (COLOR): CRYOGENIC INSERT for the axion search
353,go,action,1995,SPOK,ABC_Brinkley,"just killing people, I think a question of capturing them before they go into action, taking them to court, prosecuting them, disarming them and, eventually,","just killing people, I think a question of capturing them before they go into action, taking them to court, prosecuting them, disarming them and, eventually,"
354,go,action,1995,MAG,Atlantic,"it out! It had no shame and fear, and wanted to go into action even in the face of danger and annihilation. He got up and put on","it out! It had no shame and fear, and wanted to go into action even in the face of danger and annihilation. He got up and put on"
355,go,action,1995,NEWS,SanFranChron,"the same time. # Faced with a dead end, the board went into action. "" They appreciated that in a time of diminishing public resources for culture and","the same time. # Faced with a dead end, the board went into action. "" They appreciated that in a time of diminishing public resources for culture and"
356,go,action,1994,SPOK,ABC_20/20,"can't teach our children positive problem-solving if we're saying,' Go into action,' automatically, because then we're saying,' If Jimmy takes your","can't teach our children positive problem-solving if we're saying,' Go into action,' automatically, because then we're saying,' If Jimmy takes your"
357,go,action,1994,SPOK,ABC_SatNews,"sting out of the U.N.' s refusal to let NATO bombers go into action, which sources say ignited a sharp telephone exchange between NATO Secretary General Worner and","sting out of the U.N.' s refusal to let NATO bombers go into action, which sources say ignited a sharp telephone exchange between NATO Secretary General Worner and"
358,go,action,1994,MAG,PsychToday,"initiative. Strike deep. Prevent the enemy's backup echelons from ever going into action. Integrate air, land, and sea operations. Synchronized combined operations. Avoid","initiative. Strike deep. Prevent the enemy's backup echelons from ever going into action. Integrate air, land, and sea operations. Synchronized combined operations. Avoid"
359,go,action,1994,NEWS,CSMonitor,") ANCHORS AWAIT: Mike Morrisey (above, left) waits to go into action with a hand-held camera in the studio. Co-anchors Margie Reedy and Jonathan Hall chat",") ANCHORS AWAIT: Mike Morrisey (above, left) waits to go into action with a hand-held camera in the studio. Co-anchors Margie Reedy and Jonathan Hall chat"
360,go,action,1994,NEWS,Houston,", Pentagon officials said. # At Rose's request, NATO again went into action, sending two F/A-18s that attacked a column of Serbian armor. # U.N.",", Pentagon officials said. # At Rose's request, NATO again went into action, sending two F/A-18s that attacked a column of Serbian armor. # U.N."
361,go,action,1993,SPOK,ABC_20/20,seen the tears come. Yeah JARRIEL voice-over Americans opened their hearts and went into action to help. School children of New York were typical of those who raised money,seen the tears come. Yeah JARRIEL voice-over Americans opened their hearts and went into action to help. School children of New York were typical of those who raised money
362,go,action,1993,FIC,Mov:HotZone,"dangerous than a "" serial killer. "" Silence. Then the room goes into action. C.J. Let's bring him in. And no Police! SLAM CUT TO","dangerous than a "" serial killer. "" Silence. Then the room goes into action. C.J. Let's bring him in. And no Police! SLAM CUT TO"
363,go,action,1993,FIC,Mov:HotZone,-- EXT. RIVER ISLAND SITE - EXPLOSION IN VIEW The AIT's go into action. They're not waiting any longer. Helicopter engine whines up -- RESUME:,-- EXT. RIVER ISLAND SITE - EXPLOSION IN VIEW The AIT's go into action. They're not waiting any longer. Helicopter engine whines up -- RESUME:
364,go,action,1993,MAG,AmHeritage,"clothing. # When the news reached the East Coast, Congress promptly went into action. It passed a law in March 1792 reorganizing and strengthening the federal Army,","clothing. # When the news reached the East Coast, Congress promptly went into action. It passed a law in March 1792 reorganizing and strengthening the federal Army,"
365,go,action,1993,MAG,OutdoorLife,"the leash as if to pull the dog up. The opposition reflex goes into action. Now the dog will not get up. After practicing that, Dobbs walks","the leash as if to pull the dog up. The opposition reflex goes into action. Now the dog will not get up. After practicing that, Dobbs walks"
366,go,action,1993,NEWS,AssocPress,"moment you put the food in your mouth, the whole body should go into action. "" # If it didn't, it wasn't because the chefs had","moment you put the food in your mouth, the whole body should go into action. "" # If it didn't, it wasn't because the chefs had"
367,go,action,1992,FIC,BkSF:GunsSouth,", though, none of the other men from America Will Break had gone into action. He thought of them more as military engineers than frontline troops. Of course",", though, none of the other men from America Will Break had gone into action. He thought of them more as military engineers than frontline troops. Of course"
368,go,action,1992,FIC,Bk:RedSquare,"stood aside when Azeri activists rioted against Armenians in the capital, but went into action when an Azeri crowd threatened to burn down Party headquarters. Tanks and troops broke","stood aside when Azeri activists rioted against Armenians in the capital, but went into action when an Azeri crowd threatened to burn down Party headquarters. Tanks and troops broke"
369,go,action,1992,FIC,Bk:Hideaway,"operating room to receive the body of Hatchford Benjamin Harrison. They had gone into action the moment the on-site paramedics in the San Bernardino Mountains had reported, by police-band","operating room to receive the body of Hatchford Benjamin Harrison. They had gone into action the moment the on-site paramedics in the San Bernardino Mountains had reported, by police-band"
370,go,action,1992,FIC,Mov:Alien 3,! Ripley climbs hand-over-hand along the chain towards the gantry platform. Morse goes into action and maneuvers the platform towards her. 202 THE GANTRY Morse helps Ripley onto the,! Ripley climbs hand-over-hand along the chain towards the gantry platform. Morse goes into action and maneuvers the platform towards her. 202 THE GANTRY Morse helps Ripley onto the
371,go,action,1992,MAG,Newsweek,"few months whether Operation Restore Hope conforms to that basic rule. # Going Into Action # The mission is humanitarian, but in order to work, it will have","few months whether Operation Restore Hope conforms to that basic rule. # Going Into Action # The mission is humanitarian, but in order to work, it will have"
372,go,action,1992,MAG,OutdoorLife,of new and different or improved gear that deserves attention. Some can go into action right now before you ever go afloat. Here's one to start with at,of new and different or improved gear that deserves attention. Some can go into action right now before you ever go afloat. Here's one to start with at
373,go,action,1992,NEWS,SanFranChron,"California Legislature was persuaded, so Muir and his colleagues in the club went into action in Sacramento and finally triumphed in 1905. The valley belatedly became part of the","California Legislature was persuaded, so Muir and his colleagues in the club went into action in Sacramento and finally triumphed in 1905. The valley belatedly became part of the"
374,go,action,1991,FIC,LiteraryRev,"They marched briskly and with a certain kind of professional swagger like firefighters going into action: "" We are Biafrans, Nigeria is dead. We are Biafrans, Nigeria","They marched briskly and with a certain kind of professional swagger like firefighters going into action: "" We are Biafrans, Nigeria is dead. We are Biafrans, Nigeria"
375,go,action,1991,FIC,Mov:HudsonHawk,lets her go into the smoke. # 230B ANNA 230A # Hawk goes into action. # Darwin turns to see this and raises his gun. # Hawk takes,lets her go into the smoke. # 230B ANNA 230A # Hawk goes into action. # Darwin turns to see this and raises his gun. # Hawk takes
376,go,action,1991,MAG,NatlReview,"that country's largest dollar earner. At this point, Western governments went into action. The U.S., Britain, France, and Canada slapped quotas on Bangladeshi exports","that country's largest dollar earner. At this point, Western governments went into action. The U.S., Britain, France, and Canada slapped quotas on Bangladeshi exports"
377,go,action,1990,SPOK,PBS_Newshour,"by Tim Uert of Independent Television News. MR-UERT: The KGB now goes into action against new enemies of the Soviet state, not spies and dissidents, but black","by Tim Uert of Independent Television News. MR-UERT: The KGB now goes into action against new enemies of the Soviet state, not spies and dissidents, but black"
378,go,action,1990,SPOK,ABC_Nightline,"we're talking about 450,000 U.S. troops in the region? If they went into action, that is not a war? Sen. LUGAR: That would be a war","we're talking about 450,000 U.S. troops in the region? If they went into action, that is not a war? Sen. LUGAR: That would be a war"
379,go,action,1990,FIC,Mov:Hardware,the hall. # There is a HISS as the apartment's hydraulics go into action and the front door slides open on steel runners to reveal Mo and Shades standing,the hall. # There is a HISS as the apartment's hydraulics go into action and the front door slides open on steel runners to reveal Mo and Shades standing
380,go,action,1990,FIC,Mov:Misery,"TO ANNIE -- the moment she sees him come to life, she goes into action, lifting PAUL in a fireman's carry, starting the difficult climb back up","TO ANNIE -- the moment she sees him come to life, she goes into action, lifting PAUL in a fireman's carry, starting the difficult climb back up"
381,go,action,1990,MAG,NatlReview,", who balked. # Almost immediately, the White House damage-control team went into action. A top Bush official called Paul Weyrich to say the invitations to homosexual activists",", who balked. # Almost immediately, the White House damage-control team went into action. A top Bush official called Paul Weyrich to say the invitations to homosexual activists"
382,go,action,1990,MAG,RollingStone,", particularly in Nashville. I'm waiting for the right moment to go into action. I think the timing is right: It should be fairly soon because I",", particularly in Nashville. I'm waiting for the right moment to go into action. I think the timing is right: It should be fairly soon because I"
383,go,action,2015,SPOK,NPR_FreshAir,", you walk carefully over broken asphalt, avoid crowds, don't go to action movies. When someone is following you on the sidewalk, you'll stop sometimes",", you walk carefully over broken asphalt, avoid crowds, don't go to action movies. When someone is following you on the sidewalk, you'll stop sometimes"
384,go,action,2012,WEB,howto.cnet.com,". If it doesn't appear right away, try resetting adb by going to Actions, then selecting "" Reset adb. "" # (Credit: Screenshot by Ed",". If it doesn't appear right away, try resetting adb by going to Actions, then selecting "" Reset adb. "" # (Credit: Screenshot by Ed"
385,go,action,2012,WEB,blogs.msdn.com,"add three stages, name them properly, and then link them using Go To actions.  Stage 1 # Name Stage 1 "" Get eBay Daily Deals "" and","add three stages, name them properly, and then link them using Go To actions. Stage 1 # Name Stage 1 "" Get eBay Daily Deals "" and"
386,go,action,2012,WEB,...ientificamerican.com,"this, if we are to move beyond "" feel good "" and go to action, someone needs to pick up the ball. From my knowledge of what is","this, if we are to move beyond "" feel good "" and go to action, someone needs to pick up the ball. From my knowledge of what is"
387,go,action,2007,MOV,National Treasure: Book of Secrets,"gone off. Uh-oh. God save the queen. All units, go to action zebra. - What's going on? - Haven't the foggiest. Someone","gone off. Uh-oh. God save the queen. All units, go to action zebra. - What's going on? - Haven't the foggiest. Someone"
388,go,action,2006,SPOK,NBC_Today,", but we can stop the blame and the shame and we can go to action, and the action is you have to take inventory in your life, how",", but we can stop the blame and the shame and we can go to action, and the action is you have to take inventory in your life, how"
389,go,action,2004,MOV,National Treasure,"Move in on Gates! Divers are a go. - Snipers, go to action zebra. - All teams, move in. Pursue at own risk. -","Move in on Gates! Divers are a go. - Snipers, go to action zebra. - All teams, move in. Pursue at own risk. -"
390,go,action,2003,SPOK,CNN_Insight,"watch his movies SCOTT Mostly, probably, you know, people who go to action movies, which is to say young males, you know, males between 16","watch his movies SCOTT Mostly, probably, you know, people who go to action movies, which is to say young males, you know, males between 16"
391,go,action,2002,FIC,HudsonRev,"candy and stale popcorn from the concrete floor. In the beginning they went to action films, but after a few weeks he could no longer bear to watch them","candy and stale popcorn from the concrete floor. In the beginning they went to action films, but after a few weeks he could no longer bear to watch them"
392,go,action,2012,WEB,...e-women.blogspot.com,"call me a NAZI! "" # Because in this world, we go on action, on words, on deeds, as opposed to silent thoughts that are written","call me a NAZI! "" # Because in this world, we go on action, on words, on deeds, as opposed to silent thoughts that are written"
393,go,action,2012,WEB,london.sonoma.edu,"in the complexity of thought, with every ascertained fact so gained, went on action and reaction in the gray matter of the speech discoverer, and slowly, step","in the complexity of thought, with every ascertained fact so gained, went on action and reaction in the gray matter of the speech discoverer, and slowly, step"
394,go,action,2010,ACAD,SchoolCounsel,"Cammarato and Fine (2008), for example, observed that YPAR goes beyond actions and products to have important implications for youth development. In YPAR, young people","Cammarato and Fine (2008), for example, observed that YPAR goes beyond actions and products to have important implications for youth development. In YPAR, young people"
395,go,action,2019,MAG,Slate Magazine,"for a pinging sound, and then name the property. The same goes for actions like paying rent or trading property with another player. Other key changes: The","for a pinging sound, and then name the property. The same goes for actions like paying rent or trading property with another player. Other key changes: The"
396,go,action,2012,BLOG,...diansofthefuture.org,"As soon as your personal lever is definitely pulled, your RNG is going towards actions providing haphazard preventing tips for all those some reels. # Your RNG provides your","As soon as your personal lever is definitely pulled, your RNG is going towards actions providing haphazard preventing tips for all those some reels. # Your RNG provides your"
397,go,action,2009,TV,H2O: Just Add Water,"you can you'll pass with flying colours. So, let's go with action. - No, no, no. No, Miss Taylor, do you","you can you'll pass with flying colours. So, let's go with action. - No, no, no. No, Miss Taylor, do you"
398,go,action,2013,FIC,Commentary,"to Rothman. At each he spoke briefly, announcing that he had gone without action the week before and felt terrific about it but knew he still had a long","to Rothman. At each he spoke briefly, announcing that he had gone without action the week before and felt terrific about it but knew he still had a long"
399,speed,action,2004,MAG,TIME,"As the convoy carrying Pakistani leader Pervez Musharraf approached, the suicide drivers sped into action. A guard stepped into the path of one vehicle, costing him his life","As the convoy carrying Pakistani leader Pervez Musharraf approached, the suicide drivers sped into action. A guard stepped into the path of one vehicle, costing him his life"
400,sweep,action,2005,MAG,Fortune,"an edge when Jeff Immelt was anointed the next CEO. "" Roche swept into action! "" Roche says. In a frenzied two-day period, he placed GE's","an edge when Jeff Immelt was anointed the next CEO. "" Roche swept into action! "" Roche says. In a frenzied two-day period, he placed GE's"
401,go,do,2018,MOV,Find Me,things? I may have said that if that's what she was going to doI didn't care if she lived or died. Oh man. I didn't,things? I may have said that if that's what she was going to doI didn't care if she lived or died. Oh man. I didn't
402,go,do,2012,WEB,...harlotteobserver.com,"I have to do, then that? s what I? m going to do.? # Some people are torn about how they? re going to get uptown","I have to do, then that? s what I? m going to do.? # Some people are torn about how they? re going to get uptown"
403,go,do,2006,SPOK,MSNBC_Abrams,"right. Just to make sure that everyone sticks around, heres what Im going to do. Because this does get pretty technical. So Im going to keep trying to intersperse into","right. Just to make sure that everyone sticks around, heres what Im going to do. Because this does get pretty technical. So Im going to keep trying to intersperse into"
404,go,do,2006,SPOK,MSNBC_Carlson,"the baby home to live in a vacuum-sealed chamber or whatever they are going to do. CARLSON: There's no placenta eating -- GEIST: Right, the end of","the baby home to live in a vacuum-sealed chamber or whatever they are going to do. CARLSON: There's no placenta eating -- GEIST: Right, the end of"
405,go,do,2006,SPOK,MSNBC_Cosby,"know, and we quite like the fact we never know what shes going to do. COWELL: I agree. I love it WARWICK You know, its great COWELL I","know, and we quite like the fact we never know what shes going to do. COWELL: I agree. I love it WARWICK You know, its great COWELL I"
406,go,do,2005,SPOK,MSNBC_Abrams,have been helping us through this breaking news coverage. Heres what we are going to do. We are going to follow this story. Our reporting team is on the story. They,have been helping us through this breaking news coverage. Heres what we are going to do. We are going to follow this story. Our reporting team is on the story. They
407,go,do,2005,SPOK,MSNBC_Abrams,", I mean its hard to see what the state of Alabama is going to do. You know you hate to... (CROSSTALK) CARLSON:... laugh at something",", I mean its hard to see what the state of Alabama is going to do. You know you hate to... (CROSSTALK) CARLSON:... laugh at something"
408,go,do,2005,SPOK,MSNBC_MeetPress,pick your opponent and you can't choose what the other side is going to do. But I think the people in Nebraska are looking for somebody who will support the,pick your opponent and you can't choose what the other side is going to do. But I think the people in Nebraska are looking for somebody who will support the
409,go,do,2004,SPOK,MSNBC_Matt,Bush is going to do by listening to what he says he is going to do. And a lot of people in this town cant believe he is actually going to,Bush is going to do by listening to what he says he is going to do. And a lot of people in this town cant believe he is actually going to
410,go,actor,2017,NEWS,Colorado Springs Gazette,"limits, saying too much of the incentive program is flowing out-of-state and going to actors. # The Massachusetts Production Coalition complains the proposal would "" cripple "" the local","limits, saying too much of the incentive program is flowing out-of-state and going to actors. # The Massachusetts Production Coalition complains the proposal would "" cripple "" the local"
411,go,actor,2014,SPOK,CNN: News Stream,see the acting in the performance. It's -- sometimes the words go to actors where you can see the acting. And Cate Blanchett has had it locked up,see the acting in the performance. It's -- sometimes the words go to actors where you can see the acting. And Cate Blanchett has had it locked up
412,go,actor,2012,BLOG,thefw.com,"also auditioned to play the role of Brad, a part that eventually went to actor Barry Boswick. The actor the crew really wanted to appear in the film was","also auditioned to play the role of Brad, a part that eventually went to actor Barry Boswick. The actor the crew really wanted to appear in the film was"
413,go,actor,2012,BLOG,thefw.com,", scheduling conflicts prevented him from accepting and the role of the narrator went to actor Charles Gray.  2. Meatloaf walked out of the American stage production when",", scheduling conflicts prevented him from accepting and the role of the narrator went to actor Charles Gray. 2. Meatloaf walked out of the American stage production when"
414,go,actor,2001,MAG,Fortune,"had a manual that told us what directors should do, we could go to Actors' Equity and hire six or eight very attractive people, take them to Brooks","had a manual that told us what directors should do, we could go to Actors' Equity and hire six or eight very attractive people, take them to Brooks"
415,go,actor,1997,MAG,People,"as a minor character, auditioned to play himself, but the role went to actor William Fichtner. Photograph "" We should try to touch the universe, "" says","as a minor character, auditioned to play himself, but the role went to actor William Fichtner. Photograph "" We should try to touch the universe, "" says"
416,go,actor,2012,BLOG,victorsvillage.com,"mind frame that they could, and would, and actually did, go for actors and actresses with such diverse, pedigreed, and respected bodies of work. Plummer","mind frame that they could, and would, and actually did, go for actors and actresses with such diverse, pedigreed, and respected bodies of work. Plummer"
417,go,actor,2004,SPOK,NPR_Saturday,rug with nose. Walk on hind legs. Look at actor. Go with actor. STAMBERG: That story was produced by Daniel Hinerfeld. To see the lovely,rug with nose. Walk on hind legs. Look at actor. Go with actor. STAMBERG: That story was produced by Daniel Hinerfeld. To see the lovely
418,speed,actor,1990,MAG,Weatherwise,"the upper atmosphere are represented by rock singer Joan Jett, and wind speeds by actor Don Knotts. Smaller scales of atmospheric circulation are addressed in the surname of Mary","the upper atmosphere are represented by rock singer Joan Jett, and wind speeds by actor Don Knotts. Smaller scales of atmospheric circulation are addressed in the surname of Mary"
419,go,act,2012,WEB,cnsnews.com,"Obama:' When Congress Refuses to Act, Joe and I Are Going to Act' # President Barack Obama, accompanied by Vice President Joe Biden, speaks in","Obama:' When Congress Refuses to Act, Joe and I Are Going to Act' # President Barack Obama, accompanied by Vice President Joe Biden, speaks in"
420,go,act,2012,BLOG,nakedcapitalism.com,". Nature abhors a vacuum. # If You Think Elizabeth Warren Is Going To Act Like A Junior Senator, Think Again Neil Barofsky, Clusterstock. I'm sure",". Nature abhors a vacuum. # If You Think Elizabeth Warren Is Going To Act Like A Junior Senator, Think Again Neil Barofsky, Clusterstock. I'm sure"
421,go,act,2010,MOV,Beginners,? - Yeah. I'm not sorry I woke you. I went to Act Bar tonight. - You did? - Yeah. They had some wonderfully loud,? - Yeah. I'm not sorry I woke you. I went to Act Bar tonight. - You did? - Yeah. They had some wonderfully loud
422,go,act,2000,MOV,Phantom of the Megaplex,". Are We Clear? Yes, Sir. Good. We Are Going To Act As If Everything Is Absolutely Perfect, While Praying That It Actually Will Be.",". Are We Clear? Yes, Sir. Good. We Are Going To Act As If Everything Is Absolutely Perfect, While Praying That It Actually Will Be."
423,go,act,1993,SPOK,NPR_ATC,"did you first learn about AIDS? SYLVANO: When my mom started going to Act Up meetings and Test Positive Aware Network, I would go with her and I","did you first learn about AIDS? SYLVANO: When my mom started going to Act Up meetings and Test Positive Aware Network, I would go with her and I"
424,go,act,2012,BLOG,patheos.com,"high school in this era, and the kids who were this far gone into acts of rebellion were very notably on the fringe. Most of us, as I","high school in this era, and the kids who were this far gone into acts of rebellion were very notably on the fringe. Most of us, as I"
425,go,act,2006,TV,Angela's Eyes,"Okay, you guys, um -- Well, we're gon na go into Act III tomorrow, where we are introduced to... the family history. And you","Okay, you guys, um -- Well, we're gon na go into Act III tomorrow, where we are introduced to... the family history. And you"
426,go,act,2013,TV,How to Live with You...,"do some interstitial stuff, you know? Wan na keep the vibe going between acts. Like if there's a sad moment, I could play... (Humsmelancholytune","do some interstitial stuff, you know? Wan na keep the vibe going between acts. Like if there's a sad moment, I could play... (Humsmelancholytune"
427,go,act,1991,FIC,Mov:FinalDestination,"move to leave the stage for CAZ and BILLIBUDD to keep the disco going between acts. The stage is stacked with large, heavy speakers. Drum kits and electrical","move to leave the stage for CAZ and BILLIBUDD to keep the disco going between acts. The stage is stacked with large, heavy speakers. Drum kits and electrical"
428,go,act,1996,MAG,TIME,", and ought to be, something immoderate and crazy about painting that goes beyond acts of taste and comparison. Hodgkin's failures may be the outcome of too much",", and ought to be, something immoderate and crazy about painting that goes beyond acts of taste and comparison. Hodgkin's failures may be the outcome of too much"
429,go,act,1990,ACAD,Monist,"property. The second reason is to begin to build the case for going beyond Acts theories to the Practice theory, which asserts that there must be within classical liberalism","property. The second reason is to begin to build the case for going beyond Acts theories to the Practice theory, which asserts that there must be within classical liberalism"
430,go,act,2012,WEB,tvtropes.org,"jail cell. At the point in the recounting where the play had gone from act I to act II, he shouts "" Intermission! "", the stage lights","jail cell. At the point in the recounting where the play had gone from act I to act II, he shouts "" Intermission! "", the stage lights"
431,go,act,2012,WEB,aintitcool.com,this is why I was so disappointed in the direction that the story goes in Act 2. I don't want to full on spoil the story for those who,this is why I was so disappointed in the direction that the story goes in Act 2. I don't want to full on spoil the story for those who
432,go,act,2012,BLOG,patheos.com,"your statement that a forgiven Catholic is better than a forgiven Mormon directly goes against Acts 10:34-35 which states that "" God is no respecter of persons. "" So a","your statement that a forgiven Catholic is better than a forgiven Mormon directly goes against Acts 10:34-35 which states that "" God is no respecter of persons. "" So a"
433,go,act,2012,WEB,thecripplegate.com,the Master stuff. Let's do an evangelism class. Let's go through Acts together. Let's look at evangelism in the Book of Acts. Let's,the Master stuff. Let's do an evangelism class. Let's go through Acts together. Let's look at evangelism in the Book of Acts. Let's
434,go,time,2019,SPOK,CNN_Situation,"appropriate. So, what I know at this time is the information we 're going to time. As we receive additional information, we will release it when it","appropriate. So, what I know at this time is the information we 're going to time. As we receive additional information, we will release it when it"
435,go,time,2019,MOV,The Peanut Butter Falcon,"cool, now, come over here and put your head underwater. I 'm gon na time you. What? No, no, no. He can't","cool, now, come over here and put your head underwater. I 'm gon na time you. What? No, no, no. He can't"
436,go,time,2017,MAG,Gizmodo,place in 2029 and the other X-Men movies are in the past. Is Laura going to time travel back to the First Class timeline? Are new Wolverine movies still,place in 2029 and the other X-Men movies are in the past. Is Laura going to time travel back to the First Class timeline? Are new Wolverine movies still
437,go,time,2017,MOV,...etsons & WWE: Robo-WrestleMania!,"hard. And hit often. Oh, what's going on? Everyone is going to Time Warp square. World champion Big Show and his destruction bots are about","hard. And hit often. Oh, what's going on? Everyone is going to Time Warp square. World champion Big Show and his destruction bots are about"
438,go,time,2016,SPOK,CNN: Axe Files,the Star Folded. DOWD# The Star Folded. AXELROD# Yeah. DWD# Then I went to Time Magazine and was in the nation section for a couple years in New,the Star Folded. DOWD# The Star Folded. AXELROD# Yeah. DWD# Then I went to Time Magazine and was in the nation section for a couple years in New
439,go,time,2016,MAG,Mashable,""" the bereaving girlfriend wrote. "" This morning I remembered the first time I went to Times Square, June 16 of 2015. "" # "" Griffin and I",""" the bereaving girlfriend wrote. "" This morning I remembered the first time I went to Times Square, June 16 of 2015. "" # "" Griffin and I"
440,go,time,2016,MAG,Jezebel,m embarrassed. I told them to fix it ASAP Rocky because I will be going to Times Square to play it for my fans so I hope they fix it,m embarrassed. I told them to fix it ASAP Rocky because I will be going to Times Square to play it for my fans so I hope they fix it
441,go,time,2016,MAG,Fox News,"Square in June 2015. # "" This morning I remembered the first time I went to Times Square, June 16 of 2015, "" she said in a Facebook","Square in June 2015. # "" This morning I remembered the first time I went to Times Square, June 16 of 2015, "" she said in a Facebook"
442,go,time,2016,TV,The Fosters,", I might just end up walking around here... No. You have to go to Times Square at least once. Um, I'm going to a party",", I might just end up walking around here... No. You have to go to Times Square at least once. Um, I'm going to a party"
443,go,time,2015,MOV,...e Life and Times of Michael Alig,"- Times Square was still kind of raunchy back then. You did n't really go to Times Square. - Prostitutes everywhere, wearing outrageous outfits, or walking around","- Times Square was still kind of raunchy back then. You did n't really go to Times Square. - Prostitutes everywhere, wearing outrageous outfits, or walking around"
444,go,time,2015,TV,The Jim Gaffigan Show,Broadway show. Jeannie would love that... but I find it hard to voluntarily go to Times Square. It's like a refugee camp for tourists. - Right,Broadway show. Jeannie would love that... but I find it hard to voluntarily go to Times Square. It's like a refugee camp for tourists. - Right
445,go,time,2015,TV,Faking It,". - I should go. - No, no, wait. I 'm gon na time you. You have ten minutes to talk about Duke. Timer's",". - I should go. - No, no, wait. I 'm gon na time you. You have ten minutes to talk about Duke. Timer's"
446,go,time,2014,SPOK,CNN: CNN Tonight,"ask you something, I hate to cut you off here. FEYERICK# When they gone to Times Square -- LEMON# I want to ask you something. FEYERICK# Yeah,","ask you something, I hate to cut you off here. FEYERICK# When they gone to Times Square -- LEMON# I want to ask you something. FEYERICK# Yeah,"
447,go,time,2014,MAG,PopMech,"Back Up Computer. On a Mac, once the drive is plugged in , go to Time Machine Preferences to select it as the backup location. Then choose Back","Back Up Computer. On a Mac, once the drive is plugged in , go to Time Machine Preferences to select it as the backup location. Then choose Back"
448,go,time,2014,MAG,TIME,"PARTNER AT BGC; THOMAS J. HOLMES; WORLD BANK # FOR A VIDEO , GO to time. 4140387 #","PARTNER AT BGC; THOMAS J. HOLMES; WORLD BANK # FOR A VIDEO , GO to time. 4140387 #"
449,go,time,2014,MAG,TIME,". You just have to ask the right questions. # FOR EVEN MORE ANSWERS , GO TO time. 4140632 # THE ANSWERS ISSUE # Your guide to everything you didn'",". You just have to ask the right questions. # FOR EVEN MORE ANSWERS , GO TO time. 4140632 # THE ANSWERS ISSUE # Your guide to everything you didn'"
450,go,time,2014,ACAD,EducTreatmenChildren,", "" I am going to give you a story to read: I am going to time you for 1 minute to see how many words you read "")",", "" I am going to give you a story to read: I am going to time you for 1 minute to see how many words you read "")"
451,go,time,2014,MOV,Return to Zero,"IT IN YOUR HAND AS HARD AND AS LONG AS YOU CAN. I 'M GON NA TIME YOU. IT'S A PIECE Of CAKE. OH, YOU WO","IT IN YOUR HAND AS HARD AND AS LONG AS YOU CAN. I 'M GON NA TIME YOU. IT'S A PIECE Of CAKE. OH, YOU WO"
452,go,time,2012,WEB,mcadams.posc.mu.edu,"how much power he really has, "" Lee told me, "" he is going to time it to coincide with -- "" Lee broke off, but of course","how much power he really has, "" Lee told me, "" he is going to time it to coincide with -- "" Lee broke off, but of course"
453,go,time,2012,WEB,topics.nytimes.com,", metropolitan reporter and feature writer. When the Star closed in 1981 , she went to Time magazine. # Born in Washington D.C., Ms. Dowd received a B.A.",", metropolitan reporter and feature writer. When the Star closed in 1981 , she went to Time magazine. # Born in Washington D.C., Ms. Dowd received a B.A."
454,go,time,2012,WEB,blogs.babble.com,"walking by, and all that this city has to offer. We do n't go to Times Square often, but when we do, it's always with the","walking by, and all that this city has to offer. We do n't go to Times Square often, but when we do, it's always with the"
455,go,time,2012,WEB,...discovermagazine.com,"wormholes or pre-existing advanced alien civilizations with such technology, building a time machine to go to times before it was built is a tough one, as Ron L Mallete","wormholes or pre-existing advanced alien civilizations with such technology, building a time machine to go to times before it was built is a tough one, as Ron L Mallete"
456,go,time,2012,WEB,thehpalliance.org,"to come together and care for each other. Some Broadway actors were going to go to Times Square and sing cheerful songs in one article I read, and in","to come together and care for each other. Some Broadway actors were going to go to Times Square and sing cheerful songs in one article I read, and in"
457,go,time,2012,WEB,metrolyrics.com,"she's more, she's more People say she's only in my head Going to time but I'll forget But when she's in every minute of everyday","she's more, she's more People say she's only in my head Going to time but I'll forget But when she's in every minute of everyday"
458,go,time,2012,WEB,...othefuture.wikia.com,"achievement called "" 88 miles per hour "" which is how fast you have to go to time travel. As Sonic time travels just like in Back to the Future","achievement called "" 88 miles per hour "" which is how fast you have to go to time travel. As Sonic time travels just like in Back to the Future"
459,go,time,2012,BLOG,...hers.loyolapress.com,so bad -- it's the huge crowds that panic me. Why would anyone go to Times Square on New Year's Eve????? # That,so bad -- it's the huge crowds that panic me. Why would anyone go to Times Square on New Year's Eve????? # That
460,go,time,2012,BLOG,osxdaily.com,"from the App Store) then you can skip re-downloading the 4Gb file . Just go to Time Machine, visit your Applications folder, find the TM backup with the","from the App Store) then you can skip re-downloading the 4Gb file . Just go to Time Machine, visit your Applications folder, find the TM backup with the"
461,go,time,2012,BLOG,bombsite.com,", white-washing of New York City. My first Thanksgiving in New York , I went to Times Square and watched a strip show. Now Times Square is just Disney",", white-washing of New York City. My first Thanksgiving in New York , I went to Times Square and watched a strip show. Now Times Square is just Disney"
462,go,time,2012,BLOG,bombsite.com,"don't understand. # DP My sister was just here and wanted me to go to Times Square on a Saturday afternoon in the middle of the summer, and","don't understand. # DP My sister was just here and wanted me to go to Times Square on a Saturday afternoon in the middle of the summer, and"
463,go,time,2012,BLOG,dennyburk.com,""" news. "" This is just a tired freak show of a well they go to time and again with any real attention to detail. # It is akin",""" news. "" This is just a tired freak show of a well they go to time and again with any real attention to detail. # It is akin"
464,go,time,2012,BLOG,cratesandribbons.com,"hardly shocked maybe even a little amused. She knew what was happening , she went to Times Square just to get in on the V-J Day celebration. To really","hardly shocked maybe even a little amused. She knew what was happening , she went to Times Square just to get in on the V-J Day celebration. To really"
465,go,time,2012,BLOG,reason.com,", we like going to antiques shops and finding old Coke memorabilia, when we go to Times Square we want to see the flashing lights and 30 foot high Gap",", we like going to antiques shops and finding old Coke memorabilia, when we go to Times Square we want to see the flashing lights and 30 foot high Gap"
466,go,time,2011,SPOK,NPR_TellMore,"does not even criminalize the absolute practice of Shariah. In fact, you could go to Times Square and you could print out: I advocate Shariah, I even","does not even criminalize the absolute practice of Shariah. In fact, you could go to Times Square and you could print out: I advocate Shariah, I even"
467,go,time,2010,FIC,Bk:RealThing,", there he is, and he's carrying a... stopwatch? Is he going to time the gaps in his synapses? "" Dante will be by here in",", there he is, and he's carrying a... stopwatch? Is he going to time the gaps in his synapses? "" Dante will be by here in"
468,go,time,2010,FIC,Bk:Blackout,", Ishiwaka says these ridiculous things, like slippage isn't to stop historians from going to times and places where they'll affect events at all. He says it",", Ishiwaka says these ridiculous things, like slippage isn't to stop historians from going to times and places where they'll affect events at all. He says it"
469,go,time,2008,TV,Everybody Hates Chris,"Square tonight, but he's all tied up with these interviews. I 'm going to Times Square tonight with my mom and Malvo. Why don't you come","Square tonight, but he's all tied up with these interviews. I 'm going to Times Square tonight with my mom and Malvo. Why don't you come"
470,go,time,2008,TV,Everybody Hates Chris,"know why. Well, you can at least ask. Ma! Can I go to Times Square with Tasha, Peaches and Malvo? Hell, no! While","know why. Well, you can at least ask. Ma! Can I go to Times Square with Tasha, Peaches and Malvo? Hell, no! While"
471,go,time,2008,TV,Everybody Hates Chris,"Years, Peaches got ready to rumble. How come you won't let Chris go to Times Square with me? Well, hello, Peaches. You know what","Years, Peaches got ready to rumble. How come you won't let Chris go to Times Square with me? Well, hello, Peaches. You know what"
472,go,time,2008,TV,Everybody Hates Chris,"don't you get your mother to take you? Just because I ca n't go to Times Square tonight, am I gon na jump off a bridge? When","don't you get your mother to take you? Just because I ca n't go to Times Square tonight, am I gon na jump off a bridge? When"
473,go,time,2008,TV,Everybody Hates Chris,"Mom... No, Chris. But I made one resolution and that was to go to Times Square. That's not my fault. But it's my resolution","Mom... No, Chris. But I made one resolution and that was to go to Times Square. That's not my fault. But it's my resolution"
474,go,time,2008,TV,Everybody Hates Chris,"why not. All I got to do is ask. Ma, can I go to Times Square to watch the ball drop? No. Happy New Year!","why not. All I got to do is ask. Ma, can I go to Times Square to watch the ball drop? No. Happy New Year!"
475,go,time,2008,TV,Everybody Hates Chris,"! Well, obviously, you do. That's what happens to people who go to Times Square. I just want to see the ball drop. You ca","! Well, obviously, you do. That's what happens to people who go to Times Square. I just want to see the ball drop. You ca"
476,go,time,2007,MAG,Esquire,YORK CITY Find a cheap hotel and use it only for sleep. Do not go to Times Square or the Empire State Building. Do not enter the Gap.,YORK CITY Find a cheap hotel and use it only for sleep. Do not go to Times Square or the Empire State Building. Do not enter the Gap.
477,go,time,2006,MOV,The Guardian,"Chief Randall! Lock it in. It's simple physics. We 're just gon na time the flush, all right? All right. You call it,","Chief Randall! Lock it in. It's simple physics. We 're just gon na time the flush, all right? All right. You call it,"
478,go,time,2006,TV,House M.D.,"Gon na make a tiny nick in your forearm, okay? Then I 'm gon na time how long it takes for you to stop bleeding. This is gon","Gon na make a tiny nick in your forearm, okay? Then I 'm gon na time how long it takes for you to stop bleeding. This is gon"
479,go,time,2005,SPOK,PBS_Tavis,"clear, Rove is going. It's just a matter when. They 're going to time his resignation to the right moment. I'm not so sure I","clear, Rove is going. It's just a matter when. They 're going to time his resignation to the right moment. I'm not so sure I"
480,go,time,2005,SPOK,CNN_Showbiz,"also -- if you do not want to watch it on TV, you can go to Times Square. Theyre playing it tonight at 9:00 p.m. on Bravo on the","also -- if you do not want to watch it on TV, you can go to Times Square. Theyre playing it tonight at 9:00 p.m. on Bravo on the"
481,go,time,2005,MAG,MotherJones,"to Westchester. On New Year's Eve, Davis recruited church youth groups to go to Times Square to hand out hot chocolate and church literature. Salem's DJs","to Westchester. On New Year's Eve, Davis recruited church youth groups to go to Times Square to hand out hot chocolate and church literature. Salem's DJs"
482,go,time,2005,MOV,...rom the Margin to the Mainstream,"had movies you couldn't see in Baltimore. I saw everything. I 'd go to Times Square, I'd go to all the art theaters. I'd","had movies you couldn't see in Baltimore. I saw everything. I 'd go to Times Square, I'd go to all the art theaters. I'd"
483,go,time,2005,MOV,Wedding Crashers,"note, bring it to that blonde girl. Hurry,' cause I 'm gon na time you. Go! Hi. Who gave this to you? You","note, bring it to that blonde girl. Hurry,' cause I 'm gon na time you. Go! Hi. Who gave this to you? You"
484,go,time,2004,SPOK,Fox_HC,"Is it right for people say, "" Well, I'm not going to go to Times Square in New York on New Year's Eve? "" Is that","Is it right for people say, "" Well, I'm not going to go to Times Square in New York on New Year's Eve? "" Is that"
485,go,time,2004,MAG,TIME,"2123975 "" Secretary Ridge says just do what you normally do... If normally you go to Times Square, I wouldn't do what you normally do. "" CHRISTOPHER","2123975 "" Secretary Ridge says just do what you normally do... If normally you go to Times Square, I wouldn't do what you normally do. "" CHRISTOPHER"
486,go,time,2003,SPOK,CNN_Politics,doing petitioning and churches and things. But I would not tell people not to go to Times Square. I think people ought to be cautious. But I think,doing petitioning and churches and things. But I would not tell people not to go to Times Square. I think people ought to be cautious. But I think
487,go,time,2003,SPOK,CNN_Politics,"but Congressman Christopher Shays, a Republican from Connecticut, has said he would n't go to Times Square on New Year's Eve. He thinks it's a crazy","but Congressman Christopher Shays, a Republican from Connecticut, has said he would n't go to Times Square on New Year's Eve. He thinks it's a crazy"
488,go,time,2003,SPOK,CNN_Politics,"preparations in New York and nationwide, Connecticut Congressman Christopher Shays says he would not go to Times Square-quote -- "" for anything. "" In Shays' words, ""","preparations in New York and nationwide, Connecticut Congressman Christopher Shays says he would not go to Times Square-quote -- "" for anything. "" In Shays' words, """
489,go,time,2003,SPOK,CNN_Dobbs,"they might strike anywhere. They're likely going strike nowhere. If you 're going to Times Square, you should dress for the weather, you should worry about","they might strike anywhere. They're likely going strike nowhere. If you 're going to Times Square, you should dress for the weather, you should worry about"
490,go,time,2003,SPOK,CNN_Dobbs,"are for. They're for professionals. The rest of us, let 's go to Times Square. It's going to be a fantastic night. A great","are for. They're for professionals. The rest of us, let 's go to Times Square. It's going to be a fantastic night. A great"
491,go,time,2003,MOV,Right on Track (1),"re Ready For This? Yes, Sir. All Right. I 'm Going To Time This Test. So, When You're Ready, Put It In","re Ready For This? Yes, Sir. All Right. I 'm Going To Time This Test. So, When You're Ready, Put It In"
492,go,time,2002,SPOK,NPR_ATC,people in the federation -- they told us to go raise money. We should go to Times Square and sell bumper stickers so that we could go compete and find,people in the federation -- they told us to go raise money. We should go to Times Square and sell bumper stickers so that we could go compete and find
493,go,time,2002,MOV,...Winter Olympics Opening Ceremony,resting on your shoulders in the next minute or so. JAMES: I was going to time the car with my trusty stopwatch. And Hammond's bob would be,resting on your shoulders in the next minute or so. JAMES: I was going to time the car with my trusty stopwatch. And Hammond's bob would be
494,go,time,2001,FIC,Analog,", "" she said, through the helmet's open visor. "" Who 's gon na time me? "" "" I will, "" said one of the guys",", "" she said, through the helmet's open visor. "" Who 's gon na time me? "" "" I will, "" said one of the guys"
495,go,time,2001,MAG,Ebony,"come to Harlem. When tourists come to New York City, they want to go to Times Square, and they want to go Harlem. They can buy souvenirs","come to Harlem. When tourists come to New York City, they want to go to Times Square, and they want to go Harlem. They can buy souvenirs"
496,go,time,2001,TV,Survivor,in there. TINA: Stop it! Both of you! Or you 're going to time out. I'm not their mother. It's not my position,in there. TINA: Stop it! Both of you! Or you 're going to time out. I'm not their mother. It's not my position
497,go,time,2000,SPOK,CNN_King,"the point where I literally was trying to figure out, OK, I 'm going to time this performance so that I can do one layback spin and, you","the point where I literally was trying to figure out, OK, I 'm going to time this performance so that I can do one layback spin and, you"
498,go,time,2000,MAG,TownCountry,"very intentionally do not engage in large, loud parties; we certainly do n't go to Times Square. Actually, I've always found the changing of the year","very intentionally do not engage in large, loud parties; we certainly do n't go to Times Square. Actually, I've always found the changing of the year"
499,go,time,1999,SPOK,CNN_Talkback,"Well, fear of the unknown is going to keep Jan from the Bronx from going to Times Square. Jan, are you there? JAN: Yes, I","Well, fear of the unknown is going to keep Jan from the Bronx from going to Times Square. Jan, are you there? JAN: Yes, I"
500,go,time,1999,MAG,TodaysParent,"could trip or hurt somebody when you run in here. You'll have to go to time out and calm down. "" Melissa is installed in a chair in","could trip or hurt somebody when you run in here. You'll have to go to time out and calm down. "" Melissa is installed in a chair in"
501,go,time,1999,MAG,TodaysParent,"Charlottetown. "" Until children understand that you really mean it, they may resist going to time out, leave time out repeatedly or have tantrums during time out.","Charlottetown. "" Until children understand that you really mean it, they may resist going to time out, leave time out repeatedly or have tantrums during time out."
502,go,time,1998,MOV,O.K. Garage,on your shoulders for the next minute or so. (JAMES) I was going to time the car with my stopwatch and Hammond's bob would be timed by,on your shoulders for the next minute or so. (JAMES) I was going to time the car with my stopwatch and Hammond's bob would be timed by
503,go,time,1997,NEWS,Denver,on the program (call 212-382-4020 for a free season brochure). IF YOU GO TO TIMES SQUARE # Where to eat: Hangouts for theater types include side-by-side bistros,on the program (call 212-382-4020 for a free season brochure). IF YOU GO TO TIMES SQUARE # Where to eat: Hangouts for theater types include side-by-side bistros
504,go,time,1997,MOV,True Women,"pull lose We have to go through this river on this wooden stroke , now go to time Go to us always to go home Appreciate God Fei metre You have","pull lose We have to go through this river on this wooden stroke , now go to time Go to us always to go home Appreciate God Fei metre You have"
505,go,time,1996,TV,Friends,"weekend. Right now. This. This? Oh, come on . We went to Times Square. We found ninja stars. I almost get my arm broken","weekend. Right now. This. This? Oh, come on . We went to Times Square. We found ninja stars. I almost get my arm broken"
506,go,time,1995,TV,The Wayans Bros.,"Marlon, get a girlfriend. You know what? Here's a quarter . Go to Times Square, you could get your own booth. Hey! You know","Marlon, get a girlfriend. You know what? Here's a quarter . Go to Times Square, you could get your own booth. Hey! You know"
507,go,time,1992,FIC,Bk:InMyFathers,"the telephone began to ring again. "" Come on! The whole world is going to Times Square! Hurry! Hurry! "" From the hallway, Trudy could","the telephone began to ring again. "" Come on! The whole world is going to Times Square! Hurry! Hurry! "" From the hallway, Trudy could"
508,go,time,1991,SPOK,ABC_Jennings,"Henson Elementary School. Do you think it's a good idea to make people go to time out? EMMIT WATSON: It's hard, but it's fair","Henson Elementary School. Do you think it's a good idea to make people go to time out? EMMIT WATSON: It's hard, but it's fair"
509,fight,adversity,2018,SPOK,NBC_Dateline,": Mark's colleagues in the DA's office admired his strength to fight through adversity, but they also got a kick out of his weakness, his love for",": Mark's colleagues in the DA's office admired his strength to fight through adversity, but they also got a kick out of his weakness, his love for"
510,fight,adversity,2018,MAG,ESPN,"a choice whether if you want to just continue to go on and fight through adversity, or you can just sit there and let it take over you. Most","a choice whether if you want to just continue to go on and fight through adversity, or you can just sit there and let it take over you. Most"
511,fight,adversity,2018,NEWS,Detroit Free Press,". He taught me a valuable lesson by allowing me to fail and fight through adversity. # Oct. 14, 1984: Detroit Tigers' Jack Morris pouring champagne on",". He taught me a valuable lesson by allowing me to fail and fight through adversity. # Oct. 14, 1984: Detroit Tigers' Jack Morris pouring champagne on"
512,fight,adversity,2016,MAG,Bleacher Report,". "" He's a warrior, and he's a guy that fights through adversity, and I knew at some point he was going to go win the game",". "" He's a warrior, and he's a guy that fights through adversity, and I knew at some point he was going to go win the game"
513,fight,adversity,2015,NEWS,USAToday,"we had some lows. In the end, we've got to fight through adversity. It's only going to help you as you go on. Football's","we had some lows. In the end, we've got to fight through adversity. It's only going to help you as you go on. Football's"
514,fight,adversity,2015,NEWS,Austin,"will fight until I succeed, "" Parinella said. "" I will fight through adversity. I will fight through the tough times. I will strive to get where","will fight until I succeed, "" Parinella said. "" I will fight through adversity. I will fight through the tough times. I will strive to get where"
515,fight,adversity,2014,NEWS,USAToday,"relationship. There will be times where they bump heads and have to fight through adversity. It might be Monday night. "" Jon told USA TODAY Sports if he","relationship. There will be times where they bump heads and have to fight through adversity. It might be Monday night. "" Jon told USA TODAY Sports if he"
516,fight,adversity,2013,NEWS,STLouis,impact on the four of us. We learned how to try and fight through adversity. Coach got all in us and made sure we were doing the right thing,impact on the four of us. We learned how to try and fight through adversity. Coach got all in us and made sure we were doing the right thing
517,fight,adversity,2012,WEB,velonation.com,", the Pole expressed his pleasure with his race so far, even fighting through adversity. # "" So far, everything is going well, "" Marczynski noted.",", the Pole expressed his pleasure with his race so far, even fighting through adversity. # "" So far, everything is going well, "" Marczynski noted."
518,fight,adversity,2012,WEB,dailycollegian.com,"the break. # Amaker was pleased with his team's ability to fight through adversity in the first half to keep the game close. # "" We talked about","the break. # Amaker was pleased with his team's ability to fight through adversity in the first half to keep the game close. # "" We talked about"
519,fight,adversity,2012,WEB,nydailynews.com,""" We understand that. And we just have to be able to fight through adversity and keep moving forward. "" # BRADSHAW EXPLAINS NON-START Ahmad Bradshaw didn't start",""" We understand that. And we just have to be able to fight through adversity and keep moving forward. "" # BRADSHAW EXPLAINS NON-START Ahmad Bradshaw didn't start"
520,fight,adversity,2012,BLOG,bucksandspurs.com,3229330  Wisconsin Fights Through Adversity To Earn Road Tie At Minnesota # MINNEAPOLIS -- It's been quite the first,3229330 Wisconsin Fights Through Adversity To Earn Road Tie At Minnesota # MINNEAPOLIS -- It's been quite the first
521,fight,adversity,2012,BLOG,...gs.clarionledger.com,hung int here and they are hanging in there together. They have fought through adversity since a spring ago. It's almost a year now. They're going,hung int here and they are hanging in there together. They have fought through adversity since a spring ago. It's almost a year now. They're going
522,fight,adversity,2012,BLOG,bloggingtheboys.com,"it's going to get better. I've just got to keep fighting through adversity. I can make plays, and I know that, and I know my","it's going to get better. I've just got to keep fighting through adversity. I can make plays, and I know that, and I know my"
523,fight,adversity,2009,NEWS,USAToday,"# Rivers says the team has matured, developing more week-to-week focus in fighting through adversity. He pointed to the calm locker room Sunday night, as the team that","# Rivers says the team has matured, developing more week-to-week focus in fighting through adversity. He pointed to the calm locker room Sunday night, as the team that"
524,battle,adversity,2014,NEWS,Atlanta,"situation is different, and not easily captured in statistics. Some have battled through adversity to emerge better off; others are still left behind. Five years into the","situation is different, and not easily captured in statistics. Some have battled through adversity to emerge better off; others are still left behind. Five years into the"
525,battle,adversity,2013,SPOK,ABC: Good Morning America,"we asked you to send us your stories, telling us how you battled through adversity. Thousands and thousands wrote in, telling us how as, in the words","we asked you to send us your stories, telling us how you battled through adversity. Thousands and thousands wrote in, telling us how as, in the words"
526,battle,adversity,2013,NEWS,Denver,"shown on ESPN2 Montreal coach Dan Hawkins said: "" You have to battle through adversity. How you handle that determines a lot who you are as a person and","shown on ESPN2 Montreal coach Dan Hawkins said: "" You have to battle through adversity. How you handle that determines a lot who you are as a person and"
527,battle,adversity,2012,BLOG,buckys5thquarter.com,"# Things are tough right now, but great teams are made from battling through adversity. For UW, there's no time like the present. # Wisconsin heads","# Things are tough right now, but great teams are made from battling through adversity. For UW, there's no time like the present. # Wisconsin heads"
528,battle,adversity,1996,MAG,GolfMag,"ability to be patient, to not let mistakes bother him, to battle through adversity of all kinds, struck a chord. And so, when he shot 74","ability to be patient, to not let mistakes bother him, to battle through adversity of all kinds, struck a chord. And so, when he shot 74"
529,struggle,adversity,2003,ACAD,Archaeology,"found intractable. We are then introduced to the "" hero "" who struggles against adversity to emerge vindicated. Conflict, essential to all good storytelling, is introduced in","found intractable. We are then introduced to the "" hero "" who struggles against adversity to emerge vindicated. Conflict, essential to all good storytelling, is introduced in"
530,struggle,adversity,2003,ACAD,Archaeology,"the Lost Civilization. The Vindicated Thinker, in this case Hancock, struggles against adversity to prove his dearly held notions. The locations are spectacular and come hard on","the Lost Civilization. The Vindicated Thinker, in this case Hancock, struggles against adversity to prove his dearly held notions. The locations are spectacular and come hard on"
531,struggle,adversity,1994,SPOK,ABC_Nightline,"became addicted. But essentially, the message of Lew Puller is really struggling against adversity. CHRIS BURY: voice-over From the beginning, Lewis Puller, Junior had a","became addicted. But essentially, the message of Lew Puller is really struggling against adversity. CHRIS BURY: voice-over From the beginning, Lewis Puller, Junior had a"
532,struggle,adversity,1994,ACAD,EnvironEd,"are persistent in America. We cling to images of the farm family struggling against adversity, nurturing life from the land; to ideals of honesty and hard work;","are persistent in America. We cling to images of the farm family struggling against adversity, nurturing life from the land; to ideals of honesty and hard work;"
533,struggle,adversity,2014,SPOK,NBC: Dateline NBC,"look at this is, is there some benefit to learning how to struggle with adversity? We're not convinced confidence is gained by changing the way you look.","look at this is, is there some benefit to learning how to struggle with adversity? We're not convinced confidence is gained by changing the way you look."
534,struggle,adversity,2003,MOV,Beef,"1999 50 Cent was one of the thousands of young MC's, struggling with adversity. My best friend and favorite rapper all around the world. Bring forth the","1999 50 Cent was one of the thousands of young MC's, struggling with adversity. My best friend and favorite rapper all around the world. Bring forth the"
535,struggle,difficulty,2012,WEB,newadvent.org,", was erected in 1848. The German Catholics of Albany, though struggling with difficulties, were soon rearing a near Gothing church on Hamilton and Philip Streets. Addressing",", was erected in 1848. The German Catholics of Albany, though struggling with difficulties, were soon rearing a near Gothing church on Hamilton and Philip Streets. Addressing"
536,struggle,difficulty,2012,WEB,bible.cc,"at last. The thought that many eyes are upon believers, when struggling with difficulties or temptations, should encourage constancy and patience. We are weak, but ye","at last. The thought that many eyes are upon believers, when struggling with difficulties or temptations, should encourage constancy and patience. We are weak, but ye"
537,struggle,difficulty,2012,WEB,bible.cc,"at last. The thought that many eyes are upon believers, when struggling with difficulties or temptations, should encourage constancy and patience. We are weak, but ye","at last. The thought that many eyes are upon believers, when struggling with difficulties or temptations, should encourage constancy and patience. We are weak, but ye"
538,struggle,hardship,2012,BLOG,dailystrength.org,etc. are few and far between. Maybe non existent. Families always struggle with hardship at times and often misunderstandings and hurt. # I think the key is to,etc. are few and far between. Maybe non existent. Families always struggle with hardship at times and often misunderstandings and hurt. # I think the key is to
539,struggle,hardship,2012,BLOG,patheos.com,"consider those who came before us, you realize that every age has struggled with hardship and uncertainty, suffering and war. # Every generation has turned to God in","consider those who came before us, you realize that every age has struggled with hardship and uncertainty, suffering and war. # Every generation has turned to God in"
540,grapple,difficulty,2014,SPOK,Fox: Fox News Sunday,"Hard Choices, "" right? So, you know, Mrs. Clinton grappling with difficulties. She was in difficult times. that doesn't have much consequence for her","Hard Choices, "" right? So, you know, Mrs. Clinton grappling with difficulties. She was in difficult times. that doesn't have much consequence for her"
541,grapple,difficulty,2012,WEB,...hristianwritings.com,"become a hallowed memory. He is no longer a man struggling and grappling with difficulties, as in his letters; he has become a heroic figure and towers above","become a hallowed memory. He is no longer a man struggling and grappling with difficulties, as in his letters; he has become a heroic figure and towers above"
542,wrestle,difficulty,2005,NEWS,NYTimes,lesson on world religions. # But in recent years the school has wrestled with difficulties that are emblematic of other small schools' struggles. Museum's founding co-directors were,lesson on world religions. # But in recent years the school has wrestled with difficulties that are emblematic of other small schools' struggles. Museum's founding co-directors were
543,reserve,training,2007,ACAD,THEJournal,whiteboards were purchased through a federal grant that mandated a portion of the funds be reserved for training in the use of the boards and other technologies obtained with the funding,whiteboards were purchased through a federal grant that mandated a portion of the funds be reserved for training in the use of the boards and other technologies obtained with the funding
544,reserve,training,1996,TV,JAG,". I see. So, now my son lives on forever in some Valhalla reserved for training accidents. The tragedy of his death doesn't diminish the honour,",". I see. So, now my son lives on forever in some Valhalla reserved for training accidents. The tragedy of his death doesn't diminish the honour,"
545,resource,training,2012,BLOG,greyscalegorilla.com,Projects By The Gorilla  About GreyscaleGorilla # Greyscalegorilla is an active community and resource for training and tools for creative types. We want to make learning more accessible,Projects By The Gorilla About GreyscaleGorilla # Greyscalegorilla is an active community and resource for training and tools for creative types. We want to make learning more accessible
546,spring,action,2019,SPOK,CBS_Sixty,"I thought. JON-WERTHEIM)  (voiceover: When a rolldown was announced, Jerry sprang into action. He bought thirty-six hundred dollars in Winfall tickets and won sixty-three hundred dollars.","I thought. JON-WERTHEIM) (voiceover: When a rolldown was announced, Jerry sprang into action. He bought thirty-six hundred dollars in Winfall tickets and won sixty-three hundred dollars."
547,spring,action,2019,FIC,Fan Fic,"the lifeless form on the ground, Rhett broke from the spell and sprung into action. # This was wrong, so incredibly wrong. He wasn't supposed to","the lifeless form on the ground, Rhett broke from the spell and sprung into action. # This was wrong, so incredibly wrong. He wasn't supposed to"
548,spring,action,2019,MAG,The Atlantic,"# Carus, living on the streets and a fentanyl user himself, sprang into action. He prepared a shot of naloxone and told a bystander to call 911.","# Carus, living on the streets and a fentanyl user himself, sprang into action. He prepared a shot of naloxone and told a bystander to call 911."
549,spring,action,2019,NEWS,Washington Post,"Meili picked up a girl he met on his dating app, police sprang into action. # They scoured the nearby woods and knocked on doors in Republic, Mo.","Meili picked up a girl he met on his dating app, police sprang into action. # They scoured the nearby woods and knocked on doors in Republic, Mo."
550,spring,action,2019,NEWS,cleveland.com,"public outcry to "" do something, "" prompted the DeWine administration to spring into action. The move drew praise from Democrats across the state, and a public reaction","public outcry to "" do something, "" prompted the DeWine administration to spring into action. The move drew praise from Democrats across the state, and a public reaction"
551,spring,action,2018,SPOK,Fox_Five,"that had fallen through the ice into a pond. The firefighters quickly spring into action, rushed to the dog's location. They found him struggling in the frigid","that had fallen through the ice into a pond. The firefighters quickly spring into action, rushed to the dog's location. They found him struggling in the frigid"
552,spring,action,2018,SPOK,ABC_20/20,"hit man, but Javier was really an undercover cop. So police spring into action, immediately reaching out to Valerie's ex-husband Mack to tip him off. And","hit man, but Javier was really an undercover cop. So police spring into action, immediately reaching out to Valerie's ex-husband Mack to tip him off. And"
553,spring,action,2018,SPOK,NPR_WaitWait,"the country. And, with American jobs in jeopardy, Trump immediately sprung into action and wrote a tweet about how that hurts his feelings. (LAUGHTER SAGAL) : It","the country. And, with American jobs in jeopardy, Trump immediately sprung into action and wrote a tweet about how that hurts his feelings. (LAUGHTER SAGAL) : It"
554,spring,action,2018,SPOK,NBC_MeetPress,"was Russian- linked bots. It was meant to amplify political divisions, sprang into action on social media, calling for that memo's release. And of course they","was Russian- linked bots. It was meant to amplify political divisions, sprang into action on social media, calling for that memo's release. And of course they"
555,spring,action,2018,FIC,The Maine Review,"Mrs. Proulx. # Like Joan of Arc, like Clara Barton, Meg sprang into action, racing for the broom closet while Joe ran through the glass and went down","Mrs. Proulx. # Like Joan of Arc, like Clara Barton, Meg sprang into action, racing for the broom closet while Joe ran through the glass and went down"
556,spring,action,2018,MAG,Business Insider,"did not mention Wendy's in its marketing, the rival chain quickly sprung into action to respond to the larger chain encroaching on its fresh-beef territory.","did not mention Wendy's in its marketing, the rival chain quickly sprung into action to respond to the larger chain encroaching on its fresh-beef territory."
557,spring,action,2018,MAG,Slate Magazine,"of a freezer in Atlanta, a symbol of a system that often springs into action only when a pathogen is deemed a threat to Americans. # In September 2017","of a freezer in Atlanta, a symbol of a system that often springs into action only when a pathogen is deemed a threat to Americans. # In September 2017"
558,spring,action,2018,MAG,Bleacher Report,had a lead to take to Old Trafford. # The Spain international sprung into action in the first half to somehow keep out Luis Muriel's bullet header. As,had a lead to take to Old Trafford. # The Spain international sprung into action in the first half to somehow keep out Luis Muriel's bullet header. As
559,spring,action,2018,MAG,Fox News,"When Corbin's husband was killed by enemy fire, the young woman sprang into action. Well-versed in how to operate a cannon, she assumed an artilleryman's position","When Corbin's husband was killed by enemy fire, the young woman sprang into action. Well-versed in how to operate a cannon, she assumed an artilleryman's position"
560,spring,action,2018,NEWS,The Boston Globe,"has his attention focused on the field. # Revolution keeper Matt Turner sprang into action, though, diving to his left and turning aside Jack Price's penalty in","has his attention focused on the field. # Revolution keeper Matt Turner sprang into action, though, diving to his left and turning aside Jack Price's penalty in"
561,spring,action,2017,SPOK,Fox: The Five,"So by playing the sound of puppies crying on a phone, she sprung into action, leading the rescuers to two miles out into the country into an abandoned farmhouse","So by playing the sound of puppies crying on a phone, she sprung into action, leading the rescuers to two miles out into the country into an abandoned farmhouse"
562,spring,action,2017,SPOK,Fox: First 100 Days,". So "" The Weekly Standard "" reports that Republican Senator Tom Cotton sprung into action and demanded that Schumer keep his word. After Donald Trump was a sworn in",". So "" The Weekly Standard "" reports that Republican Senator Tom Cotton sprung into action and demanded that Schumer keep his word. After Donald Trump was a sworn in"
563,spring,action,2017,FIC,Bk:TomClancysOp-center,"when we get it. "" # The rest of the watch team sprang into action as chat windows opened and questions - but few answers - streamed back and forth","when we get it. "" # The rest of the watch team sprang into action as chat windows opened and questions - but few answers - streamed back and forth"
564,spring,action,2017,FIC,Analog,"zombie fungus is that it gets a slow-motion response. Instead of everyone springing into action, everyone writes procedures on how to deal with the crisis, and it all","zombie fungus is that it gets a slow-motion response. Instead of everyone springing into action, everyone writes procedures on how to deal with the crisis, and it all"
565,spring,action,2017,NEWS,Virginian-Pilot,"and a team of pilots, engineers, navigators, technicians and scientists spring into action. About 100 people work alongside her at MacDill, where she is NOAA's","and a team of pilots, engineers, navigators, technicians and scientists spring into action. About 100 people work alongside her at MacDill, where she is NOAA's"
566,spring,action,2017,NEWS,Minneapolis Star Tribune,"4195843 # Information technology professionals at hospitals across Minnesota sprang into action and worked on cybersecurity preparations throughout the weekend to avoid the crippling "" ransomware ""","4195843 # Information technology professionals at hospitals across Minnesota sprang into action and worked on cybersecurity preparations throughout the weekend to avoid the crippling "" ransomware """
567,spring,action,2016,MAG,RollingStone.com,"(plane crash, rig explosion, insurgent attack) requires that he springs into action and transforms into the pillar of courage that has captured the American imagination again and","(plane crash, rig explosion, insurgent attack) requires that he springs into action and transforms into the pillar of courage that has captured the American imagination again and"
568,spring,action,2016,MAG,Salon,"Michigan's voters did in November 2012. The lame duck legislature then sprang into action, passing a new emergency manager law, which Snyder signed just after Christmas,","Michigan's voters did in November 2012. The lame duck legislature then sprang into action, passing a new emergency manager law, which Snyder signed just after Christmas,"
569,spring,action,2016,MAG,Hollywood Reporter,"O'Donnell finished his rebuttal interview of Read, Redstone's attorney Gabrielle Vidal sprung into action and revived their motion to dismiss. # "" Mr. Redstone testified today... that","O'Donnell finished his rebuttal interview of Read, Redstone's attorney Gabrielle Vidal sprung into action and revived their motion to dismiss. # "" Mr. Redstone testified today... that"
570,spring,action,2016,NEWS,Arizona Daily Star,"as "" racist skinheads "" and an anti-immigrant group.  Community groups spring into action # In response to experiences like Magee-Uhlik's and other acts, YWCA, Pantsuit","as "" racist skinheads "" and an anti-immigrant group. Community groups spring into action # In response to experiences like Magee-Uhlik's and other acts, YWCA, Pantsuit"
571,spring,action,2016,NEWS,USA TODAY,"kicked off with people rushing through store doors early Friday morning. Shoppers sprang into action at the Best Buy in Watertown, Massachusetts at 1 A.M. (Nov. 25)","kicked off with people rushing through store doors early Friday morning. Shoppers sprang into action at the Best Buy in Watertown, Massachusetts at 1 A.M. (Nov. 25)"
572,spring,action,2015,MAG,Essence,"three and her best friend, Cassietta Pringle, a single mom, sprung into action. With $25,000 of their combined savings, the women launched Mamatoto Village. (","three and her best friend, Cassietta Pringle, a single mom, sprung into action. With $25,000 of their combined savings, the women launched Mamatoto Village. ("
573,spring,action,2015,NEWS,Atlanta,"the Falcons' coaching search is over, the restructured front office must spring into action to turn around the franchise's fortunes. "" I understand that we have a","the Falcons' coaching search is over, the restructured front office must spring into action to turn around the franchise's fortunes. "" I understand that we have a"
574,spring,action,2015,NEWS,Atlanta,"he's going to Vegas with his daughter, but he has to spring into action when duty calls. It has slapstick and sight gags, but they just are","he's going to Vegas with his daughter, but he has to spring into action when duty calls. It has slapstick and sight gags, but they just are"
575,spring,action,2015,NEWS,STLouis,"on that case - Megaro, and St. Louis attorney Samuel Henderson - sprung into action after the more recent arrest. They issued subpoenas to businesses all around the Soulard","on that case - Megaro, and St. Louis attorney Samuel Henderson - sprung into action after the more recent arrest. They issued subpoenas to businesses all around the Soulard"
576,spring,action,2015,TV,Survivor,", Former lifeguard on the tribe, jenn immediately sprung into Jenn immediately sprung into action. Action. She took a pot of boiling water She took a pot of",", Former lifeguard on the tribe, jenn immediately sprung into Jenn immediately sprung into action. Action. She took a pot of boiling water She took a pot of"
577,spring,action,2014,TV,Vice,"thousands of people from their jobs in fishing or tourism, the community sprang into action and was on the front lines of the massive cleanup effort paid for by BP","thousands of people from their jobs in fishing or tourism, the community sprang into action and was on the front lines of the massive cleanup effort paid for by BP"
578,spring,action,2012,TV,Childrens Hospital,"Rob Huebel plays Dr. Owen Maestro. Rob: And so I sprung into action, you know. My television-doctor instincts just kicked in. Clear! Aah!","Rob Huebel plays Dr. Owen Maestro. Rob: And so I sprung into action, you know. My television-doctor instincts just kicked in. Clear! Aah!"
579,spring,action,2012,WEB,abcnews.go.com,scores of tech-savvy youth in Israel's government media command center in Jerusalem sprang into action. # They began flooding social media with updates and created a graphic exclaiming:,scores of tech-savvy youth in Israel's government media command center in Jerusalem sprang into action. # They began flooding social media with updates and created a graphic exclaiming:
580,spring,action,2012,WEB,wisconsin.gov,"Dog: American Water Spaniel Full of life, and always ready to spring into action for the hunt, the American water spaniel won the hearts of the citizens of","Dog: American Water Spaniel Full of life, and always ready to spring into action for the hunt, the American water spaniel won the hearts of the citizens of"
581,spring,action,2012,WEB,danwaldschmidt.com,need to be a warrior. Focused. On message. Ready to spring into action at the right moment. Get in shape. You'll need it. #,need to be a warrior. Focused. On message. Ready to spring into action at the right moment. Get in shape. You'll need it. #
582,spring,action,2012,WEB,bodyodd.nbcnews.com,the posterior insula flashed with activity. (The posterior insula is what springs into action when one burns her hand or stubs her toe.) The researchers also found,the posterior insula flashed with activity. (The posterior insula is what springs into action when one burns her hand or stubs her toe.) The researchers also found
583,spring,action,2012,WEB,fanfiction.net,"large, jagged, metal fragments protruding. # Carson and his team sprang into action. Two nurses replaced Ronon to hold the Colonel's legs while two more reached","large, jagged, metal fragments protruding. # Carson and his team sprang into action. Two nurses replaced Ronon to hold the Colonel's legs while two more reached"
584,spring,action,2012,WEB,schoolbook.org,"More # The well-oiled volunteer network of parents involved in their local PTAs sprung into action after Sandy to put their fund-raising and outreach expertise to good use, often miles","More # The well-oiled volunteer network of parents involved in their local PTAs sprung into action after Sandy to put their fund-raising and outreach expertise to good use, often miles"
585,spring,action,2012,WEB,jdeneen.com,"One flea turns into thousands, and then millions. # So I sprang into action. I furiously typed my 2000 words for NaNoWriMo and then called the vet.","One flea turns into thousands, and then millions. # So I sprang into action. I furiously typed my 2000 words for NaNoWriMo and then called the vet."
586,spring,action,2012,WEB,amazon.com,", about whom we learn so much--are they really a terrorist sleeper cell sprung into action? The story succeeds in evoking a rich sense of place, as it lovingly",", about whom we learn so much--are they really a terrorist sleeper cell sprung into action? The story succeeds in evoking a rich sense of place, as it lovingly"
587,spring,action,2012,WEB,hrw.org,"important opportunity to reinforce the fight against impunity in West Africa "" and sprung into action. # "" We felt that there was real interest, "" said Dufka.","important opportunity to reinforce the fight against impunity in West Africa "" and sprung into action. # "" We felt that there was real interest, "" said Dufka."
588,spring,action,2012,WEB,hermetic.com,"power and energy, a veritable pressure waiting to be released, to spring into action. Thus, the Serpent doesn? t really sleep, it is we who","power and energy, a veritable pressure waiting to be released, to spring into action. Thus, the Serpent doesn? t really sleep, it is we who"
589,spring,action,2012,WEB,tripadvisor.com,. I also felt very safe as there were several lifeguards ready to spring into action. We actually had an instance where my son was struggling inthe wave pool and,. I also felt very safe as there were several lifeguards ready to spring into action. We actually had an instance where my son was struggling inthe wave pool and
590,spring,action,2012,WEB,...1979semifinalist.com,a silver chain roughly from her neck. Jenny shrieks and her friends spring into action. Watching them is the first time I've ever really longed for friends.,a silver chain roughly from her neck. Jenny shrieks and her friends spring into action. Watching them is the first time I've ever really longed for friends.
591,spring,action,2012,WEB,foxnews.com,"said. # Shortly after the interview aired, the Democratic National Committee sprung into action, releasing a 30-second web video with Romney's quote, followed by foreboding music","said. # Shortly after the interview aired, the Democratic National Committee sprung into action, releasing a 30-second web video with Romney's quote, followed by foreboding music"
592,spring,action,2012,WEB,nfl.com,"to donate $1 million to the recovery efforts. The New York Giants sprung into action, giving and visiting affected areas. So did the Miami Dolphins and owner Stephen","to donate $1 million to the recovery efforts. The New York Giants sprung into action, giving and visiting affected areas. So did the Miami Dolphins and owner Stephen"
593,spring,action,2012,WEB,jaapa.com,"to the special care unit -- still in the bedpan. The staff sprung into action, administering oxygen via bag and mask. Miraculously, the child survived. I","to the special care unit -- still in the bedpan. The staff sprung into action, administering oxygen via bag and mask. Miraculously, the child survived. I"
594,spring,action,2012,WEB,forbes.com,"and identified ways to overcome each obstacle. This is where some leaders spring into action while others pause to steal ideas. Yes, I wrote steal ideas. But","and identified ways to overcome each obstacle. This is where some leaders spring into action while others pause to steal ideas. Yes, I wrote steal ideas. But"
595,spring,action,2012,WEB,...atreallyhappened.com,"stream media. But it was noticed by the Israel Lobby, which sprang into action. The new sheriff must not be allowed any deviation from the absolutist Washington obeisance","stream media. But it was noticed by the Israel Lobby, which sprang into action. The new sheriff must not be allowed any deviation from the absolutist Washington obeisance"
596,spring,action,2012,WEB,voanews.com,observing World Pneumonia Day on November 12 by calling on country leaders to spring into action to reduce child deaths from pneumonia. U.N. and other health agencies say the,observing World Pneumonia Day on November 12 by calling on country leaders to spring into action to reduce child deaths from pneumonia. U.N. and other health agencies say the
597,spring,action,2012,WEB,fightaging.org,"in zebrafish. But they didn't know what prompted these cells to spring into action. Inflammation seemed a good candidate, as it arises as an immediate response to","in zebrafish. But they didn't know what prompted these cells to spring into action. Inflammation seemed a good candidate, as it arises as an immediate response to"
598,spring,action,2012,WEB,samizdata.net,"police will be rounding these people up. # Or do they only spring into action when otherwise law-abiding people' threaten' to defend themselves? # Tony Martin,","police will be rounding these people up. # Or do they only spring into action when otherwise law-abiding people' threaten' to defend themselves? # Tony Martin,"
599,spring,action,2012,WEB,thepointmag.com,"is greater than us in love, and the presence of mind to spring into action when the time comes. # # I am a passionate lover. You might","is greater than us in love, and the presence of mind to spring into action when the time comes. # # I am a passionate lover. You might"
600,spring,action,2012,WEB,theblaze.com,"they? What were they doing in Benghazi? # 4. Woods sprung into action to try to save the Ambassador and others despite being given the order to ""","they? What were they doing in Benghazi? # 4. Woods sprung into action to try to save the Ambassador and others despite being given the order to """
601,spring,action,2012,WEB,wanttoknow.info,"good in the Lycra gym suit he has on underneath, ready to spring into action like a nonagenarian superhero. This former dentist took up bodybuilding just six years ago","good in the Lycra gym suit he has on underneath, ready to spring into action like a nonagenarian superhero. This former dentist took up bodybuilding just six years ago"
602,spring,action,2012,WEB,...rwriter.blogspot.com,"dust cloth. # "" You know what? "" Jayne said, springing into action. "" I'll bookmark this page for you. You can come back to","dust cloth. # "" You know what? "" Jayne said, springing into action. "" I'll bookmark this page for you. You can come back to"
603,spring,action,2012,WEB,blogs.cfr.org,"offering Arab regimes a convenient scapegoat. Last year, the League suddenly sprang into action over Libya, providing invaluable diplomatic cover for UN Security Council Resolution 1973 of March","offering Arab regimes a convenient scapegoat. Last year, the League suddenly sprang into action over Libya, providing invaluable diplomatic cover for UN Security Council Resolution 1973 of March"
604,spring,action,2012,WEB,...eaction.blogspot.com,"section of the GOP itself: the Tea Party. # Since it sprang into action a few years ago, the Tea Party has prided itself on "" re-energizing ""","section of the GOP itself: the Tea Party. # Since it sprang into action a few years ago, the Tea Party has prided itself on "" re-energizing """
605,spring,action,2012,WEB,avclub.com,"he dangles Lockhart/Gardner in front of Burl, leading Will and Diane to spring into action and give David Lee some leverage in exchange for saving their asses. Too bad","he dangles Lockhart/Gardner in front of Burl, leading Will and Diane to spring into action and give David Lee some leverage in exchange for saving their asses. Too bad"
606,spring,action,2012,WEB,theonion.com,"extinction. # I am more than prepared -- even excited -- to spring into action at a moment's notice to save the whale not only from Japanese poachers,","extinction. # I am more than prepared -- even excited -- to spring into action at a moment's notice to save the whale not only from Japanese poachers,"
607,spring,action,2012,WEB,...asleep.wordpress.com,"to replace him and a media campaign to appoint Redknapp as England manager sprung into action. # Of course, Harry himself refused to commit himself either way, because","to replace him and a media campaign to appoint Redknapp as England manager sprung into action. # Of course, Harry himself refused to commit himself either way, because"
608,spring,action,2012,WEB,...rk.blogs.nytimes.com,"day of real work. Professor Summer Rupper was rejuvenated and ready to spring into action on Drukso Gangri. After organizing their gear, Summer, Mike, Josh,","day of real work. Professor Summer Rupper was rejuvenated and ready to spring into action on Drukso Gangri. After organizing their gear, Summer, Mike, Josh,"
609,spring,action,2012,BLOG,cleantechnica.com,"which could linger out of sight on less used side streets, then spring into action when someone wanted a ride from a specific spot to a specific spot on their","which could linger out of sight on less used side streets, then spring into action when someone wanted a ride from a specific spot to a specific spot on their"
610,spring,action,2012,BLOG,patheos.com,"meet monthly. Crossing denominational lines, this faithful group of Bible-believing pastors sprang into action on that tragic day. Pastor Greg DiMeolo of Christ Community Church recalls the pastors","meet monthly. Crossing denominational lines, this faithful group of Bible-believing pastors sprang into action on that tragic day. Pastor Greg DiMeolo of Christ Community Church recalls the pastors"
611,spring,action,2012,BLOG,...lywagandvagabond.com,and started causing havoc with the herd. Which is when Aishat then sprang into action. # Approaching the wolf with an axe the wolf who was in the throes,and started causing havoc with the herd. Which is when Aishat then sprang into action. # Approaching the wolf with an axe the wolf who was in the throes
612,spring,action,2012,BLOG,...micpolicyjournal.com,policies of Bush and Obama--but maybe not. # Did George Bush immediately spring into action and race over to NYC upon hearing that the first highjacked plane hit the WTC,policies of Bush and Obama--but maybe not. # Did George Bush immediately spring into action and race over to NYC upon hearing that the first highjacked plane hit the WTC
613,spring,action,2012,BLOG,sheikyermami.com," genocide' and' ethnic cleansing', and the usual suspects spring into action: # Bodo-Muslim violence in the State has left more than 50 people dead and","genocide' and' ethnic cleansing', and the usual suspects spring into action: # Bodo-Muslim violence in the State has left more than 50 people dead and"
614,spring,action,2012,BLOG,...helamb.wordpress.com,"Be silen t before the LORD, all humanity, for he is springing into action from his holy dwelling. "" Matthew 22:34 The Most Important Commandment But when the","Be silen t before the LORD, all humanity, for he is springing into action from his holy dwelling. "" Matthew 22:34 The Most Important Commandment But when the"
615,spring,action,2012,BLOG,thepeoplescube.com,to print it. Be on the lookout for it so you can spring into action and start writing letters of approval as soon as it appears. # We're,to print it. Be on the lookout for it so you can spring into action and start writing letters of approval as soon as it appears. # We're
616,spring,action,2012,BLOG,blogs.hbr.org,"the minute you need cooperation for something new or different, the ghosts spring into action. Old wounds reopen, historic resentments are remembered -- sometimes going back many generations","the minute you need cooperation for something new or different, the ghosts spring into action. Old wounds reopen, historic resentments are remembered -- sometimes going back many generations"
617,spring,action,2012,BLOG,nakedcapitalism.com (1),"drug that it had been relentlessly promoting to governments everywhere, Merck sprang into action. And behold! A mere three nights later on the NBC Nightly News,","drug that it had been relentlessly promoting to governments everywhere, Merck sprang into action. And behold! A mere three nights later on the NBC Nightly News,"
618,spring,action,2012,BLOG,novato.patch.com,"take a breath, take the time and recognize that long before SONS sprung into action, Novato Unified School District has been capable of successfully managing Novato Charter School,","take a breath, take the time and recognize that long before SONS sprung into action, Novato Unified School District has been capable of successfully managing Novato Charter School,"
619,spring,action,2012,BLOG,greatist.com,"can not complete the lift. That's a spotter's -cue to spring into action!  1, 2, 3 Lift! -- Your Action Plan # All","can not complete the lift. That's a spotter's -cue to spring into action! 1, 2, 3 Lift! -- Your Action Plan # All"
620,spring,action,2012,BLOG,...omiccollapseblog.com,"the New Carrollton Metro station with a toddler and a 2-month-old, she sprang into action. # Coe contacted the young woman and arranged for her to take the train","the New Carrollton Metro station with a toddler and a 2-month-old, she sprang into action. # Coe contacted the young woman and arranged for her to take the train"
621,spring,action,2012,BLOG,blog.makezine.com,greatest number of attendees (72): # A week ago we sprang into action when we heard that MAKE magazine was planning an international 3D printing meetup day.,greatest number of attendees (72): # A week ago we sprang into action when we heard that MAKE magazine was planning an international 3D printing meetup day.
622,spring,action,2012,BLOG,...politics.nbcnews.com,"which drafted much of the law, predicted that congressional Democrats wouldn't spring into action immediately to offer bills replacing the ACA if the court strikes down parts of it","which drafted much of the law, predicted that congressional Democrats wouldn't spring into action immediately to offer bills replacing the ACA if the court strikes down parts of it"
623,spring,action,2012,BLOG,huffingtonpost.com,"when "" you can almost feel minds absorbing injury, cognitive immune systems springing into action and one of modern civilization's master narratives being created. "" # And then","when "" you can almost feel minds absorbing injury, cognitive immune systems springing into action and one of modern civilization's master narratives being created. "" # And then"
624,spring,action,2012,BLOG,...odaymedianetwork.com,"3181731 # In September, the Native community sprang into action voicing our collective outrage after we were assailed by Paul Frank's "" neon pow-wow","3181731 # In September, the Native community sprang into action voicing our collective outrage after we were assailed by Paul Frank's "" neon pow-wow"
625,spring,action,2012,BLOG,...ophers.wordpress.com,"it) and he says that his consistent experience is that people "" springing into action "" is very rare, regardless of the race of the people. Race may","it) and he says that his consistent experience is that people "" springing into action "" is very rare, regardless of the race of the people. Race may"
626,spring,action,2012,BLOG,democracynow.org,"place, the networks, the friendships that were already there, just sprung into action, right the morning after the flood. I think about two-thirds or three-quarters of","place, the networks, the friendships that were already there, just sprung into action, right the morning after the flood. I think about two-thirds or three-quarters of"
627,spring,action,2012,BLOG,uni-watch.com,that concentration. That steely gaze. That finely toned body ready to spring into action like a precision-engineered machine. That tongue sticking out of his mouth. # Or,that concentration. That steely gaze. That finely toned body ready to spring into action like a precision-engineered machine. That tongue sticking out of his mouth. # Or
628,spring,action,2012,BLOG,acontinuouslean.com,on the factory wall that reminds him of a customer email and he springs into action. # One last personal tidbit about Mr. Drexler. When The New York Times,on the factory wall that reminds him of a customer email and he springs into action. # One last personal tidbit about Mr. Drexler. When The New York Times
629,spring,action,2012,BLOG,firegeezer.com,"evening Sunday and when he left their apartment early Monday morning, she sprung into action. After getting the fire stoked she went downstairs to begin the evacuation procedure by","evening Sunday and when he left their apartment early Monday morning, she sprung into action. After getting the fire stoked she went downstairs to begin the evacuation procedure by"
630,spring,action,2012,BLOG,...tedhome.blogspot.com,from all of you. No rest for the weary though and I sprang into action all day and night last night catching up or at least scratching the surface and,from all of you. No rest for the weary though and I sprang into action all day and night last night catching up or at least scratching the surface and
631,spring,action,2012,BLOG,...ix.blogs.nytimes.com,"at 12 cents. # Unsurprisingly, the big banks' lobbying machinery sprang into action, arguing that the fee cap would hurt small banks and credit unions. Senators","at 12 cents. # Unsurprisingly, the big banks' lobbying machinery sprang into action, arguing that the fee cap would hurt small banks and credit unions. Senators"
632,spring,action,2012,BLOG,jerryzucha.com,"thatched roofs. When we walked up the family, as usual, sprung into action bringing chairs, stools, and a tarp on which we could sit. I","thatched roofs. When we walked up the family, as usual, sprung into action bringing chairs, stools, and a tarp on which we could sit. I"
633,spring,action,2012,BLOG,theshoppingmama.com,"sounds began when I was just about Charlie's age. My mother sprung into action at that point with flash cards, magnetic letters, and picture books. Before","sounds began when I was just about Charlie's age. My mother sprung into action at that point with flash cards, magnetic letters, and picture books. Before"
634,spring,action,2012,BLOG,...xualabuseexperts.com,"as 39-year-old David Moore, then allegedly grasped Brandons arm, but A-nari sprang into action, punching and kicking him. # Taylor said she was frightened by the man","as 39-year-old David Moore, then allegedly grasped Brandons arm, but A-nari sprang into action, punching and kicking him. # Taylor said she was frightened by the man"
635,spring,action,2012,BLOG,tribehr.com,", you can see him take one last deep and focused breath before springing into action. His body rises, seeming almost to hover in the air before gliding down",", you can see him take one last deep and focused breath before springing into action. His body rises, seeming almost to hover in the air before gliding down"
636,spring,action,2012,BLOG,readwrite.com,"managing their own response to the situation. "" # All thirty companies sprung into action to neutralize the security risk and prepare their respective technical responses. Mashery co-founder Clay","managing their own response to the situation. "" # All thirty companies sprung into action to neutralize the security risk and prepare their respective technical responses. Mashery co-founder Clay"
637,spring,action,2012,BLOG,blogs.indiewire.com,believe it will work -- including the one skeptic in the group who springs into action to explain their mocked-up storyboards during the single most crucial moment of their interrogation.,believe it will work -- including the one skeptic in the group who springs into action to explain their mocked-up storyboards during the single most crucial moment of their interrogation.
638,spring,action,2010,MOV,American Grindhouse,opposition to the Vietnam War inspired a number of low budget filmmakers who sprang into action with their own responses. The result was a handful of angry and nihilistic pictures,opposition to the Vietnam War inspired a number of low budget filmmakers who sprang into action with their own responses. The result was a handful of angry and nihilistic pictures
639,spring,action,2010,MOV,Doctor Who: The Ultimate Guide,"Did you miss me? Yes, still in his PJs, he sprang into action and took on the evil leader of the Sycorax. I fight an alien on","Did you miss me? Yes, still in his PJs, he sprang into action and took on the evil leader of the Sycorax. I fight an alien on"
640,spring,action,2008,MOV,Strange Wilderness,"thing. Unlike that dude on fire at the peace rally, we sprung into action to revive the Bigfoot. But it was too late. It made me feel","thing. Unlike that dude on fire at the peace rally, we sprung into action to revive the Bigfoot. But it was too late. It made me feel"
641,spring,action,2007,MOV,Incredible Human Machine,"Now, as Steven heads on stage, his finely tuned vocal cords spring into action. (Guitarintro) This is Steven Tyler outside... Every time that I look","Now, as Steven heads on stage, his finely tuned vocal cords spring into action. (Guitarintro) This is Steven Tyler outside... Every time that I look"
642,spring,action,2006,MOV,A Scanner Darkly,I was on the phone. I summoned the paramedics. - I sprung into action without delay. - Bullshit. You were cleaning your pipe. I was wrapping,I was on the phone. I summoned the paramedics. - I sprung into action without delay. - Bullshit. You were cleaning your pipe. I was wrapping
643,spring,action,2000,TV,Ally McBeal,"real Angela Prune? Objection! Badgering! It's about time you sprang into action, big boy! I'm of an absolute mind tofire you. I'll","real Angela Prune? Objection! Badgering! It's about time you sprang into action, big boy! I'm of an absolute mind tofire you. I'll"
644,spring,action,1997,TV,Boy Meets World,"Seed. Okay, better, you pretend to be asleep and then spring into action to save me at the last second. Come on, R.P. This is","Seed. Okay, better, you pretend to be asleep and then spring into action to save me at the last second. Come on, R.P. This is"
645,spring,action,2015,SPOK,ABC: 20/20,s scary. We were very suspicious of everyone. CHRIS-CONNELLY# (Voiceover) Jerry sprang into action. He locked the mailbox and set up surveillance. JERRY-RICE# We didn't know,s scary. We were very suspicious of everyone. CHRIS-CONNELLY# (Voiceover) Jerry sprang into action. He locked the mailbox and set up surveillance. JERRY-RICE# We didn't know
646,spring,action,2015,SPOK,CNN: Anderson Cooper,the healing process. COOPER# When you heard about how quickly they both sprang into action were you surprised by that at all? MATURIN# Absolutely not. Both ladies are,the healing process. COOPER# When you heard about how quickly they both sprang into action were you surprised by that at all? MATURIN# Absolutely not. Both ladies are
647,spring,action,2015,FIC,SouthernRev,"hat if -- "" "" I' m right here. Ready to spring into action if needed. "" Yasir stood up. "" Oh wait, almost forgot.","hat if -- "" "" I' m right here. Ready to spring into action if needed. "" Yasir stood up. "" Oh wait, almost forgot."
648,spring,action,2015,MAG,MotherJones,"journalists would file public records requests about the accident, Walker's campaign sprang into action. Hours after the boy's death, Walker's campaign manager ordered Rindfleisch to","journalists would file public records requests about the accident, Walker's campaign sprang into action. Hours after the boy's death, Walker's campaign manager ordered Rindfleisch to"
649,spring,action,2015,MAG,MotherJones,"Al-Azm and the Monuments Men, many of them his former students, sprang into action nearly two years into the Syrian civil war, in late 2012, to protect","Al-Azm and the Monuments Men, many of them his former students, sprang into action nearly two years into the Syrian civil war, in late 2012, to protect"
650,spring,action,2015,MAG,ScienceNews,"MTL showed distinct behavior, becoming sluggish just before rapid eye movements and springing into action just afterward. The neurons behaved similarly during REM sleep, a stage of sleep","MTL showed distinct behavior, becoming sluggish just before rapid eye movements and springing into action just afterward. The neurons behaved similarly during REM sleep, a stage of sleep"
651,spring,action,2014,SPOK,Fox: The Five,"street. PERINO# He wears two hats. TANTAROS# He also didn't spring into action immediately, which I thought was a little odd. It's almost like he","street. PERINO# He wears two hats. TANTAROS# He also didn't spring into action immediately, which I thought was a little odd. It's almost like he"
652,spring,action,2014,MAG,MotherEarth,", and assorted small wagons cluttering up the barn, so I could spring into action within a day of hatching the plan. # At least a couple of different styles",", and assorted small wagons cluttering up the barn, so I could spring into action within a day of hatching the plan. # At least a couple of different styles"
653,spring,action,2014,MAG,ScienceNews,"change. "" # Despite Collins' finding that certain emergency repair systems spring into action during an antibiotic siege, Imlay points out that OxyR, a hallmark system for","change. "" # Despite Collins' finding that certain emergency repair systems spring into action during an antibiotic siege, Imlay points out that OxyR, a hallmark system for"
654,spring,action,2014,NEWS,Atlanta,"When snow straight-jacketed metro Atlanta in January, road crews in Sandy Springs sprang into action. "" We cleared off Johnson Ferry and Abernathy, and we cleared off Roswell","When snow straight-jacketed metro Atlanta in January, road crews in Sandy Springs sprang into action. "" We cleared off Johnson Ferry and Abernathy, and we cleared off Roswell"
655,spring,action,2014,NEWS,CSMonitor,"house helping with some of the toughest cases. Socia and her crew sprang into action, and soon Mr. Baty and four of the nine men living in the house","house helping with some of the toughest cases. Socia and her crew sprang into action, and soon Mr. Baty and four of the nine men living in the house"
656,spring,action,2014,NEWS,CSMonitor,"their relevant family members, and business moguls. Suddenly, the government sprang into action. In less than 24 hours a warrant was issued and 50 police officers were","their relevant family members, and business moguls. Suddenly, the government sprang into action. In less than 24 hours a warrant was issued and 50 police officers were"
657,spring,action,2014,NEWS,STLouis,", like 35 other times this winter, Hence Forland and his crew sprung into action. As the daytime activities at 12th and Park Recreation Center wound down, the",", like 35 other times this winter, Hence Forland and his crew sprung into action. As the daytime activities at 12th and Park Recreation Center wound down, the"
658,spring,action,2014,NEWS,OrangeCR,"up and running. Chiang - a Democrat with a populist streak - sprang into action in 2010, shortly after our colleagues at the Los Angeles Times reported that the","up and running. Chiang - a Democrat with a populist streak - sprang into action in 2010, shortly after our colleagues at the Los Angeles Times reported that the"
659,spring,action,2013,FIC,Bk:MidwifesTale,"purchased them last week. "" I nodded at Sairy, and she sprang into action, pulling a small packet out of the chest and laying it on the table","purchased them last week. "" I nodded at Sairy, and she sprang into action, pulling a small packet out of the chest and laying it on the table"
660,spring,action,2013,FIC,Bk:Transcendental,"sat like a cat, relaxed but lithe, as if she could spring into action at a touch. She had dark hair and blue eyes, a combination that","sat like a cat, relaxed but lithe, as if she could spring into action at a touch. She had dark hair and blue eyes, a combination that"
661,spring,action,2013,FIC,Ploughshares,", Mac, that's it, "" clapped the cuffs on, sprang into action, called an ambulance, the six o'clock news. They might go easy on",", Mac, that's it, "" clapped the cuffs on, sprang into action, called an ambulance, the six o'clock news. They might go easy on"
662,spring,action,2013,MAG,HistoryToday,"struck the great Asian trading hub of Hong Kong in 1894 colonial authorities sprang into action, establishing quarantine areas, distributing medicine and disinfectant and mobilising both British and Chinese","struck the great Asian trading hub of Hong Kong in 1894 colonial authorities sprang into action, establishing quarantine areas, distributing medicine and disinfectant and mobilising both British and Chinese"
663,spring,action,2013,MAG,NaturalHist,"the raised bank of the paddy, heron-like, crouched and ready to spring into action. One clumsy step might send all the frogs within earshot splashing to cover,","the raised bank of the paddy, heron-like, crouched and ready to spring into action. One clumsy step might send all the frogs within earshot splashing to cover,"
664,spring,action,2013,NEWS,WashPost,the Feaganes family didn't find a solution. That's when Ickrath sprung into action with renewed fervor. He managed to have the short sale approved on Friday after,the Feaganes family didn't find a solution. That's when Ickrath sprung into action with renewed fervor. He managed to have the short sale approved on Friday after
665,spring,action,2013,ACAD,ArtBulletin,". His voice reaches from the earth to the sky, from his springing into action other rulers become miserable and weak, and are surprised into nonaction. His back",". His voice reaches from the earth to the sky, from his springing into action other rulers become miserable and weak, and are surprised into nonaction. His back"
666,spring,action,2012,SPOK,ABC_20/20,"She says the school reported the allegations, and the prosecutor's office sprang into action. She says that was their reputation with sex cases. LORI-BRASIER-1 "" DE# There","She says the school reported the allegations, and the prosecutor's office sprang into action. She says that was their reputation with sex cases. LORI-BRASIER-1 "" DE# There"
667,spring,action,2012,SPOK,ABC: 20/20,"Danbury Hospital. And as we know, Chris, so many people sprang into action, so many nurses, so many doctors came in to help, help the","Danbury Hospital. And as we know, Chris, so many people sprang into action, so many nurses, so many doctors came in to help, help the"
668,spring,action,2012,FIC,Bk:AntiquesDisposal,"gloomy weather would only encourage Brandy to remain under the covers unless I sprang into action (with as much spring as two hip replacements will allow, at any rate","gloomy weather would only encourage Brandy to remain under the covers unless I sprang into action (with as much spring as two hip replacements will allow, at any rate"
669,spring,action,2012,FIC,Bk:RunFromFear,"himself, the way he could be perfectly still yet be ready to spring into action at a second's notice. The way he could scan a room and memorize","himself, the way he could be perfectly still yet be ready to spring into action at a second's notice. The way he could scan a room and memorize"
670,spring,action,2012,FIC,Bk:RunFromFear,"felt good to have him here, his strong presence, ready to spring into action at the slightest threat. # She closed her eyes. Jack was not her","felt good to have him here, his strong presence, ready to spring into action at the slightest threat. # She closed her eyes. Jack was not her"
671,spring,action,2012,FIC,SouthwestRev,"crying, the sound like a buzz saw along her spine as Louise sprang into action, stripping the infants out of their wet diapers and sleepers and drying them and","crying, the sound like a buzz saw along her spine as Louise sprang into action, stripping the infants out of their wet diapers and sleepers and drying them and"
672,spring,action,2012,MAG,ChristCentury,"demons by his side. When a scene called for it, he sprang into action, tormenting Judas or tempting Jesus. Angels countered, appearing either in the form","demons by his side. When a scene called for it, he sprang into action, tormenting Judas or tempting Jesus. Angels countered, appearing either in the form"
673,spring,action,2012,MAG,ScienceNews,"with Tilly's stem cells and says that she thinks the cells may spring into action if the ovary is damaged, but otherwise sit quietly. # While the scientific","with Tilly's stem cells and says that she thinks the cells may spring into action if the ovary is damaged, but otherwise sit quietly. # While the scientific"
674,spring,action,2012,NEWS,CSMonitor,". Many families lived in houses with dirt floors. # She immediately sprang into action and found families here in Hastings-on-Hudson, a small commuter village just 19 miles north",". Many families lived in houses with dirt floors. # She immediately sprang into action and found families here in Hastings-on-Hudson, a small commuter village just 19 miles north"
675,spring,action,2011,SPOK,ABC_ThisWeek,"that our immediate reaction would be the selfless response, would be to spring into action to help someone else. But I guess you really never know unless you're","that our immediate reaction would be the selfless response, would be to spring into action to help someone else. But I guess you really never know unless you're"
676,spring,action,2011,SPOK,ABC_Primetime,"Bella, our actress playing the little girl, causes this man to spring into action. MANNY-APARICIO-1C# There's a time and a place, that ain't it.","Bella, our actress playing the little girl, causes this man to spring into action. MANNY-APARICIO-1C# There's a time and a place, that ain't it."
677,spring,action,2011,MAG,NGKids,"refused to unclamp its jaws. # That's when Dotty the donkey sprang into action. She charged at the dog, bit its back, and pinned it to","refused to unclamp its jaws. # That's when Dotty the donkey sprang into action. She charged at the dog, bit its back, and pinned it to"
678,spring,action,2011,NEWS,Houston,"of emotional turmoil, she found clarity on what she should do and sprang into action. The result is an ambitious project. She and her family - including husband","of emotional turmoil, she found clarity on what she should do and sprang into action. The result is an ambitious project. She and her family - including husband"
679,spring,action,2011,NEWS,CSMonitor,"of being overrun on Saturday when French, US, and British warplanes sprang into action. # "" We'd lost hope, "" says Ahmad Dabbous, a clothing","of being overrun on Saturday when French, US, and British warplanes sprang into action. # "" We'd lost hope, "" says Ahmad Dabbous, a clothing"
680,spring,action,2010,SPOK,CNN_Cooper,so many people. Take a look. A camera crew's interpreter sprang into action that saved a young life. Look. (BEGIN-VIDEO-CLIP) COOPER-1voice-ove: For those who've,so many people. Take a look. A camera crew's interpreter sprang into action that saved a young life. Look. (BEGIN-VIDEO-CLIP) COOPER-1voice-ove: For those who've
681,spring,action,2010,SPOK,CNN_Cooper,"so many people. Take a look. A camera crew's interpreter sprang into action and saved a young life, look. (BEGIN-VIDEOTAPE) COOPER-1voice-ove: For those who have","so many people. Take a look. A camera crew's interpreter sprang into action and saved a young life, look. (BEGIN-VIDEOTAPE) COOPER-1voice-ove: For those who have"
682,spring,action,2010,SPOK,NBC_Dateline,pages. Where was Elizabeth now? State and federal law enforcement agencies sprang into action. (Photo-of-Elizabeth) Detective JON RICHEY: We had several teams chasing down several leads from,pages. Where was Elizabeth now? State and federal law enforcement agencies sprang into action. (Photo-of-Elizabeth) Detective JON RICHEY: We had several teams chasing down several leads from
683,spring,action,2010,FIC,Bk:ListenerNovel,"in the chair, very still but taut, as if about to spring into action. She tracked me with her deep green eyes, assessing, alert, missing","in the chair, very still but taut, as if about to spring into action. She tracked me with her deep green eyes, assessing, alert, missing"
684,spring,action,2010,MAG,Cosmopolitan,"missing "" cases. You might think these troubling stats would make police spring into action the moment someone's disappearance is reported. But in fact, in the absence","missing "" cases. You might think these troubling stats would make police spring into action the moment someone's disappearance is reported. But in fact, in the absence"
685,spring,action,2010,MAG,CountryLiving,"looking up. The Dutchman's-pipe vines I'd written off for dead finally sprang into action, enveloping the fence in heart-shaped leaves. The sweet woodruff that's supposed to","looking up. The Dutchman's-pipe vines I'd written off for dead finally sprang into action, enveloping the fence in heart-shaped leaves. The sweet woodruff that's supposed to"
686,spring,action,2010,ACAD,Writer,". Once you do get a "" yes "" you'll need to spring into action and communicate with the blogger (usually via e-mail) on the following: #",". Once you do get a "" yes "" you'll need to spring into action and communicate with the blogger (usually via e-mail) on the following: #"
687,spring,action,2009,SPOK,CBS_48Hours,"Hours after Tara Grinstead was reported missing, Irwin County students and teachers sprang into action. Ms-WILDER: (Voiceover) We made flyers, and, at 11:00 at night,","Hours after Tara Grinstead was reported missing, Irwin County students and teachers sprang into action. Ms-WILDER: (Voiceover) We made flyers, and, at 11:00 at night,"
688,spring,action,2009,FIC,Bk:JudasKiss,"and fell with a muffled plop onto Baldwin's shoulder. # They sprang into action, no words needed. Baldwin sprinted back upstairs toward the bathroom to turn off","and fell with a muffled plop onto Baldwin's shoulder. # They sprang into action, no words needed. Baldwin sprinted back upstairs toward the bathroom to turn off"
689,spring,action,2009,FIC,Read,3: Zombies pour into the ballroom. Mr. Bennet and his daughters spring into action. Mr. Bennet: Girls! Attack formation! Narr 1: As the guests,3: Zombies pour into the ballroom. Mr. Bennet and his daughters spring into action. Mr. Bennet: Girls! Attack formation! Narr 1: As the guests
690,spring,action,2009,FIC,Analog,"at the bin, then leapt back into a crouch, ready to spring into action at whatever issued from the bin. What emerged was a family of purple stingers","at the bin, then leapt back into a crouch, ready to spring into action at whatever issued from the bin. What emerged was a family of purple stingers"
691,spring,action,2009,MAG,Redbook,"left the room, little Hannah started choking on her breakfast. Willie sprang into action by flapping his wings and repeatedly calling "" Mama, baby. "" When Howard","left the room, little Hannah started choking on her breakfast. Willie sprang into action by flapping his wings and repeatedly calling "" Mama, baby. "" When Howard"
692,spring,action,2009,MAG,AmericanSpectator,"school employees, including 220 teachers, and the whole evil education empire sprang into action. The story is far from over. Rhee was hauled before the D.C. City","school employees, including 220 teachers, and the whole evil education empire sprang into action. The story is far from over. Rhee was hauled before the D.C. City"
693,spring,action,2009,MAG,NatGeog,only 16. A small boat flipped over near the lighthouse. Ida sprang into action. She set off in her rowboat. She paddled through tall waves to reach,only 16. A small boat flipped over near the lighthouse. Ida sprang into action. She set off in her rowboat. She paddled through tall waves to reach
694,spring,action,2009,NEWS,Atlanta,""" # B Liam Neeson stars as a a retired CIA agent who springs into action when his daughter and a friend are kidnapped in Paris. Don't waste time",""" # B Liam Neeson stars as a a retired CIA agent who springs into action when his daughter and a friend are kidnapped in Paris. Don't waste time"
695,spring,action,2009,NEWS,USAToday (2),"collapse sent the world economy into a tailspin last fall, Bernanke sprang into action. He pushed the rate that banks charge each other for short-term loans as low","collapse sent the world economy into a tailspin last fall, Bernanke sprang into action. He pushed the rate that banks charge each other for short-term loans as low"
696,spring,action,2009,ACAD,Humanist,"let the Democrats expose more evidence to boost their campaigns, and then spring into action with prosecutions. # Here's what's wrong with this: while a well-trained","let the Democrats expose more evidence to boost their campaigns, and then spring into action with prosecutions. # Here's what's wrong with this: while a well-trained"
697,spring,action,2008,SPOK,Fox_Hume,". Chief Washington Correspondent Jim Angle explains. (BEGIN-VIDEOTAPE) JIM-ANGLE-CHIEF-W: Federal officials sprang into action like firemen rush to a blaze, pouring cash not water onto the financial flames",". Chief Washington Correspondent Jim Angle explains. (BEGIN-VIDEOTAPE) JIM-ANGLE-CHIEF-W: Federal officials sprang into action like firemen rush to a blaze, pouring cash not water onto the financial flames"
698,spring,action,2008,SPOK,CNN Newsroom,families who lost their homes as quickly as possible. The neighborhood council sprung into action immediately. Helped at Sylmar High School to open the doors and let me say,families who lost their homes as quickly as possible. The neighborhood council sprung into action immediately. Helped at Sylmar High School to open the doors and let me say
699,spring,action,2008,SPOK,PBS_Newshour,"in the next two or three weeks, these programs are going to spring into action. And if we continue to see the markets improve, interest rates come down","in the next two or three weeks, these programs are going to spring into action. And if we continue to see the markets improve, interest rates come down"
700,spring,action,2008,FIC,Bk:PeculiarTreasures,this group well enough to realize that the competitive streak in them would spring into action the second Todd launched the ball of lace. // True enough. Todd jutted,this group well enough to realize that the competitive streak in them would spring into action the second Todd launched the ball of lace. // True enough. Todd jutted
701,spring,action,2008,FIC,Bk:PeculiarTreasures,noticed that Rick was one of only a few guys who didn't spring into action. The garter seemed to make a beeline for the guy with the goatee next,noticed that Rick was one of only a few guys who didn't spring into action. The garter seemed to make a beeline for the guy with the goatee next
702,spring,action,2008,FIC,Bk:DeathByPantyhose,everyone says I'm hilarious. // Uh-oh. My Bad Job Antenna sprang into action. People who say they're hilarious are usually about as funny as leftover meatloaf.,everyone says I'm hilarious. // Uh-oh. My Bad Job Antenna sprang into action. People who say they're hilarious are usually about as funny as leftover meatloaf.
703,spring,action,2008,FIC,Bk:LoveOnTwo-wayStreet,"zipper of his own pants and climb on top of James, Bones sprang into action. He swung his brick-filled pillowcase like a slingshot and the load landed in the","zipper of his own pants and climb on top of James, Bones sprang into action. He swung his brick-filled pillowcase like a slingshot and the load landed in the"
704,spring,action,2007,SPOK,ABC_GMA,"you've got to do. "" ROBIN-ROBERTS-1AB# (Voiceover) Immediately, his friends sprung into action, offering to get tested, hoping to be a match. But there was","you've got to do. "" ROBIN-ROBERTS-1AB# (Voiceover) Immediately, his friends sprung into action, offering to get tested, hoping to be a match. But there was"
705,spring,action,2007,FIC,FantasySciFi,"make a little shelter, stay cleverly hidden until Jaime or Pam could spring into action. There were serviceberries in the mountains this time of year, and plenty of","make a little shelter, stay cleverly hidden until Jaime or Pam could spring into action. There were serviceberries in the mountains this time of year, and plenty of"
706,spring,action,2007,FIC,Analog,""" The captain hesitated the barest fraction of a second before yelling and springing into action. "" Into suits! Everyone into your suits and seal them! Chen!",""" The captain hesitated the barest fraction of a second before yelling and springing into action. "" Into suits! Everyone into your suits and seal them! Chen!"
707,spring,action,2007,MAG,Parenting,Wrapables's Bongo Buddy Nest from a closet rod and watch your child spring into action. And don't worry: It's durable enough to withstand toddler-strength tugs.,Wrapables's Bongo Buddy Nest from a closet rod and watch your child spring into action. And don't worry: It's durable enough to withstand toddler-strength tugs.
708,spring,action,2007,MAG,ScienceNews,"must be used. In cells, regulation controls when and where proteins spring into action. If the traditional genome is a set of blueprints for an organism, RNA","must be used. In cells, regulation controls when and where proteins spring into action. If the traditional genome is a set of blueprints for an organism, RNA"
709,spring,action,2007,MAG,PsychToday,system has to express its function at all times. Many bodily systems spring into action only in critical situations. Take sperm cells. The average man ejaculates over 100,system has to express its function at all times. Many bodily systems spring into action only in critical situations. Take sperm cells. The average man ejaculates over 100
710,spring,action,2007,MAG,Fortune,"news of the Black Swan discovery hit newspapers in mid-May, Spanish officials sprang into action. On May 31, Madrid made a claim in U.S. District Court in Tampa","news of the Black Swan discovery hit newspapers in mid-May, Spanish officials sprang into action. On May 31, Madrid made a claim in U.S. District Court in Tampa"
711,spring,action,2007,NEWS,NYTimes,"# Newfoundlands were known as sea-rescue dogs, and Neptune is ready to spring into action, a lifesaver on patrol, as the wind whips the sea into whitecaps (","# Newfoundlands were known as sea-rescue dogs, and Neptune is ready to spring into action, a lifesaver on patrol, as the wind whips the sea into whitecaps ("
712,spring,action,2007,NEWS,Atlanta,"Frazier made the threat against Judge Arrington on June 5, the team sprang into action. # According to its report, Frazier called the police at 12:05 p.m.,","Frazier made the threat against Judge Arrington on June 5, the team sprang into action. # According to its report, Frazier called the police at 12:05 p.m.,"
713,spring,action,2007,NEWS,Houston,"journal linked a popular diabetes drug with elevated heart risks, two industries sprang into action - the pharmaceutical business and the network of lawyers who sue them. # GlaxoSmithKline","journal linked a popular diabetes drug with elevated heart risks, two industries sprang into action - the pharmaceutical business and the network of lawyers who sue them. # GlaxoSmithKline"
714,spring,action,2007,ACAD,Mercury,"not know how to react to mine. # That's when I sprang into action! I grabbed people's hands and said, "" feel this! "" as","not know how to react to mine. # That's when I sprang into action! I grabbed people's hands and said, "" feel this! "" as"
715,spring,action,2006,SPOK,CNN_Gupta,"John street, has really gotten involved. GUPTA: Sixty-two-year-old Mayor Street sprang into action after the city received its terrible ranking. JOHN-STREET-MAYOR: We're probably a whole","John street, has really gotten involved. GUPTA: Sixty-two-year-old Mayor Street sprang into action after the city received its terrible ranking. JOHN-STREET-MAYOR: We're probably a whole"
716,spring,action,2006,SPOK,NPR_Saturday,a few stationed in the country? Would there be troops nearby to spring into action quickly? Mr-BRZEZINSKI: Certainly I would think it would make sense to have some,a few stationed in the country? Would there be troops nearby to spring into action quickly? Mr-BRZEZINSKI: Certainly I would think it would make sense to have some
717,spring,action,2006,FIC,Mov:King Kong,INT. ENGINE ROOM - NIGHT # CLOSE ON: THE SHIPS GAUGES SPRING INTO ACTION. # EXT. VENTURE STERN # CRANE DOWN the stern of the ship as,INT. ENGINE ROOM - NIGHT # CLOSE ON: THE SHIPS GAUGES SPRING INTO ACTION. # EXT. VENTURE STERN # CRANE DOWN the stern of the ship as
718,spring,action,2006,MAG,Ebony,"From the time Katrina hit, local Urban Leagues along the Gulf Coast sprang into action, helping victims find housing, jobs, respect and dignity at a very troubled","From the time Katrina hit, local Urban Leagues along the Gulf Coast sprang into action, helping victims find housing, jobs, respect and dignity at a very troubled"
719,spring,action,2006,ACAD,AmerIndianQ,"the first step in starting a museum is not for social scientists to spring into action but always to have a town meeting. At some of these meetings, it","the first step in starting a museum is not for social scientists to spring into action but always to have a town meeting. At some of these meetings, it"
720,spring,action,2005,SPOK,Fox_HC,"to Palm Island. (END-VIDEO-CLIP) HANNITY: He got it. Officer Shaq sprung into action and after following the suspect flagged down a Miami police officer, who arrested the","to Palm Island. (END-VIDEO-CLIP) HANNITY: He got it. Officer Shaq sprung into action and after following the suspect flagged down a Miami police officer, who arrested the"
721,spring,action,2005,SPOK,CBS_Sixty,at his home and told him what the writing could mean. Golan sprung into action. He had the box scrutinized by specialists in different fields. They were impressed,at his home and told him what the writing could mean. Golan sprung into action. He had the box scrutinized by specialists in different fields. They were impressed
722,spring,action,2005,SPOK,Ind_Oprah,careful what I say in front of you. WINFREY: So we sprung into action. Watch our clever plot unfold. Mr-DENTON: I've never grand-marshaled. Unidentified,careful what I say in front of you. WINFREY: So we sprung into action. Watch our clever plot unfold. Mr-DENTON: I've never grand-marshaled. Unidentified
723,spring,action,2005,SPOK,Ind_Oprah,"want help! WINFREY: Devastated by what we saw, everyday citizens sprung into action to save lives and help people who had lost everything. One hundred doctors and","want help! WINFREY: Devastated by what we saw, everyday citizens sprung into action to save lives and help people who had lost everything. One hundred doctors and"
724,spring,action,2005,FIC,IndiaCurrents,"water from the lawn directly ahead of him. The automatically programmed sprinklers sprang into action, like children jumping out of their hiding place, dutifully completing their task,","water from the lawn directly ahead of him. The automatically programmed sprinklers sprang into action, like children jumping out of their hiding place, dutifully completing their task,"
725,spring,action,2005,FIC,Triquarterly,"writing to Jonathan. Regardless who it was, he would have to spring into action and fetch their coats with a convincing smile firmly in place. Then Lillian would","writing to Jonathan. Regardless who it was, he would have to spring into action and fetch their coats with a convincing smile firmly in place. Then Lillian would"
726,spring,action,2005,FIC,Bk:LossLeonMeed,re selfish and hurtful and better at deceit than anything else? Greg sprang into action when the flame had eaten half the certificate by using his discarded undershirt to smother,re selfish and hurtful and better at deceit than anything else? Greg sprang into action when the flame had eaten half the certificate by using his discarded undershirt to smother
727,spring,action,2005,FIC,Bk:DatingDeadMen,"forever, of course. For fifteen or twenty seconds. Then I sprang into action, slapping my hand down on the counter right smack on top of the List","forever, of course. For fifteen or twenty seconds. Then I sprang into action, slapping my hand down on the counter right smack on top of the List"
728,spring,action,2005,MAG,SouthernLiv,"time to garden. The weather is fine, and eager bloomers are springing into action. Photograph // Phoebe Blackston knows flowers, and her abundant autumn garden reflects it","time to garden. The weather is fine, and eager bloomers are springing into action. Photograph // Phoebe Blackston knows flowers, and her abundant autumn garden reflects it"
729,spring,action,2005,MAG,TotalHealth,brains have built-in stem cells that can make new brain circuits. These spring into action under stimulation from growth factors produced by the brain's healthy cells. PS supports,brains have built-in stem cells that can make new brain circuits. These spring into action under stimulation from growth factors produced by the brain's healthy cells. PS supports
730,spring,action,2005,MAG,AmSpect,"40 such genes had been discovered. Normally harmless, "" they would spring into action and cause cancer if they were twitched by carcinogens. "" When mutated, in","40 such genes had been discovered. Normally harmless, "" they would spring into action and cause cancer if they were twitched by carcinogens. "" When mutated, in"
731,spring,action,2005,MAG,People,"decided to drop the charges and bail Brown out of jail. Williams sprang into action again. "" Ross did not want to testify against Brown, "" says Detective","decided to drop the charges and bail Brown out of jail. Williams sprang into action again. "" Ross did not want to testify against Brown, "" says Detective"
732,spring,action,2005,NEWS,CSMonitor,"stories bolster our faith in heroic individuals, and the benevolent community is springing into action. David Frauenfelder, instructor Durham, N.C. # Survivor contemplates' normal' #","stories bolster our faith in heroic individuals, and the benevolent community is springing into action. David Frauenfelder, instructor Durham, N.C. # Survivor contemplates' normal' #"
733,spring,action,2005,ACAD,OrthoNursing,"forcing the demise of gender restrictions. Seizing this opportunity, women immediately sprung into action. Dorothea Dix was named Superintendent of the Women Nurses of the U.S. Army by","forcing the demise of gender restrictions. Seizing this opportunity, women immediately sprung into action. Dorothea Dix was named Superintendent of the Women Nurses of the U.S. Army by"
734,spring,action,2004,SPOK,Ind_Oprah,"for the long trip across country. Meanwhile, our San Diego Moms sprang into action. The OPRAH show was coming to town. Unidentified Woman 9: Yeah,","for the long trip across country. Meanwhile, our San Diego Moms sprang into action. The OPRAH show was coming to town. Unidentified Woman 9: Yeah,"
735,spring,action,2004,FIC,SouthernRev,"dear? "" # "" There's no deck. "" # Howard sprang into action. "" Amy and Dan are the kind of people who actually use their outdoor","dear? "" # "" There's no deck. "" # Howard sprang into action. "" Amy and Dan are the kind of people who actually use their outdoor"
736,spring,action,2004,FIC,Bk:InFullBloom,"then, I hadn't been surprised. I'd known she would spring into action as soon as I left grad school, which was one reason I'd loitered","then, I hadn't been surprised. I'd known she would spring into action as soon as I left grad school, which was one reason I'd loitered"
737,spring,action,2004,FIC,Mov:Feast,". # HEROINE # Get to your cars!!! The Beasts spring into action, chasing the group. Bozo, with Para on his back, sprints for",". # HEROINE # Get to your cars!!! The Beasts spring into action, chasing the group. Bozo, with Para on his back, sprints for"
738,spring,action,2004,MAG,Cosmopolitan,"work and then sexually assaulted. Shocked, police in the sleepy burg sprang into action, searching everywhere for suspects but finding none, according to Scott Doughman, one","work and then sexually assaulted. Shocked, police in the sleepy burg sprang into action, searching everywhere for suspects but finding none, according to Scott Doughman, one"
739,spring,action,2004,MAG,TotalHealth,Systems Supported by GPC. The Muscular System. For our muscles to spring into action they must be stimulated by acetylcholine released from a nerve ending. GPC is the,Systems Supported by GPC. The Muscular System. For our muscles to spring into action they must be stimulated by acetylcholine released from a nerve ending. GPC is the
740,spring,action,2004,NEWS,SanFranChron,Hammer and Kimberly Guilfoyle Newsom are too busy pontificating about Scott Peterson to spring into action.) # Even the most responsible journalists covering the Peterson trial offer a summary,Hammer and Kimberly Guilfoyle Newsom are too busy pontificating about Scott Peterson to spring into action.) # Even the most responsible journalists covering the Peterson trial offer a summary
741,spring,action,2003,MAG,BoysLife,one saw the whitewater ahead. The Scouts had barely enough time to spring into action before they were shooting down the most ferocious rapids of the trip. Canoes dipped,one saw the whitewater ahead. The Scouts had barely enough time to spring into action before they were shooting down the most ferocious rapids of the trip. Canoes dipped
742,spring,action,2003,MAG,Backpacker,"do birds sing in the morning? Unlike humans who need coffee to spring into action, birds are motivated by sunlight. "" Some species require very little light and","do birds sing in the morning? Unlike humans who need coffee to spring into action, birds are motivated by sunlight. "" Some species require very little light and"
743,spring,action,2003,SPOK,CBS_48Hours,"a tiny country, Monaco has an impressive police force, who will spring into action at the smallest infraction. ! MIDDLETON: I mean, this is very","a tiny country, Monaco has an impressive police force, who will spring into action at the smallest infraction. ! MIDDLETON: I mean, this is very"
744,spring,action,2003,MAG,MensHealth,"close to an all-out effort. Otherwise, the highest-threshold fibers would never spring into action. Moreover, the smaller fibers don't need any special high-repetition program of their","close to an all-out effort. Otherwise, the highest-threshold fibers would never spring into action. Moreover, the smaller fibers don't need any special high-repetition program of their"
745,spring,action,2002,SPOK,CBS_48Hours,"other athletes during their competition. Out of sight, but ready to spring into action... UNIDENTIFIED-MALE: Check your ammo. ROBERTS:... is an elite FBI SWAT team","other athletes during their competition. Out of sight, but ready to spring into action... UNIDENTIFIED-MALE: Check your ammo. ROBERTS:... is an elite FBI SWAT team"
746,spring,action,2002,SPOK,CNN_Daybreak,"That's due at the end of next month. So they have sprung into action very quickly. They held a Cabinet meeting yesterday, and they're going to","That's due at the end of next month. So they have sprung into action very quickly. They held a Cabinet meeting yesterday, and they're going to"
747,spring,action,2002,SPOK,CNN_Daybreak,", they can't get insurance for the businesses. So they have sprung into action quite quickly. In terms of emergency supports, Austria, Bulgaria, Romania,",", they can't get insurance for the businesses. So they have sprung into action quite quickly. In terms of emergency supports, Austria, Bulgaria, Romania,"
748,spring,action,2002,MAG,BoysLife,"settled into a rhythm that matched the flow of the river: They sprang into action and paddled furiously through its rapids, then kicked back and "" chilled "" through","settled into a rhythm that matched the flow of the river: They sprang into action and paddled furiously through its rapids, then kicked back and "" chilled "" through"
749,spring,action,2002,MAG,Backpacker,"residents, as well as state and federal wildlife agency representatives, will spring into action. Some members, such as the Center for Biological Diversity, want an aggressive","residents, as well as state and federal wildlife agency representatives, will spring into action. Some members, such as the Center for Biological Diversity, want an aggressive"
750,spring,action,2002,MAG,People,". His aunt, a former Army nurse, let out a scream-then sprang into action. She bundled him back into the car and sped off to a local clinic",". His aunt, a former Army nurse, let out a scream-then sprang into action. She bundled him back into the car and sped off to a local clinic"
751,spring,action,2002,MAG,VegTimes,"only does your breathing improve, but stress hormones drop and immune cells spring into action when you giggle. By laughing, your whole outlook on life can shift to","only does your breathing improve, but stress hormones drop and immune cells spring into action when you giggle. By laughing, your whole outlook on life can shift to"
752,spring,action,2002,NEWS,Atlanta,"a foggy bend on I-75 into a nightmare of colliding traffic, they sprang into action. # They are still there for him, as the slight, sandy-haired man","a foggy bend on I-75 into a nightmare of colliding traffic, they sprang into action. # They are still there for him, as the slight, sandy-haired man"
753,spring,action,2002,NEWS,Atlanta,"# With 14 minutes left in the UNC game, Mike Jr. sprang into action on the wing. He stole the ball and dribbled downcourt. He passed to","# With 14 minutes left in the UNC game, Mike Jr. sprang into action on the wing. He stole the ball and dribbled downcourt. He passed to"
754,spring,action,2002,NEWS,Denver,"or easily. # In the weeks immediately following the fire, she sprang into action, adding another bull, branding the new calves with the ranch's time-honored quarter-circle","or easily. # In the weeks immediately following the fire, she sprang into action, adding another bull, branding the new calves with the ranch's time-honored quarter-circle"
755,spring,action,2001,SPOK,Fox_Hume,first. I was so alarmed that I realized that we had to spring into action to make sure that we did everything we could to prevent this from happening.,first. I was so alarmed that I realized that we had to spring into action to make sure that we did everything we could to prevent this from happening.
756,spring,action,2001,FIC,FantasySciFi,"Although I could not move quickly without risking permanent paralysis, Vickie immediately sprang into action. Transcending her spheroid body, she charged into the burning stables and set the","Although I could not move quickly without risking permanent paralysis, Vickie immediately sprang into action. Transcending her spheroid body, she charged into the burning stables and set the"
757,spring,action,2001,MAG,SkyTelescope,"coming from the direction of Draco's head. Observatories around the world sprang into action to search for any optical afterglow left by the burst, which was designated GRB","coming from the direction of Draco's head. Observatories around the world sprang into action to search for any optical afterglow left by the burst, which was designated GRB"
758,spring,action,2001,MAG,MotherJones,"the court's approval. But by then, the right-to-life movement had sprung into action. Mike Johnson, the Baton Rouge lawyer, approached state Rep. Tony Perkins,","the court's approval. But by then, the right-to-life movement had sprung into action. Mike Johnson, the Baton Rouge lawyer, approached state Rep. Tony Perkins,"
759,spring,action,2001,MAG,Prevention,". # But the seriousness of her sister's condition prompted Battaglino to spring into action, researching the illness and coming up with lists of pertinent questions, top cancer",". # But the seriousness of her sister's condition prompted Battaglino to spring into action, researching the illness and coming up with lists of pertinent questions, top cancer"
760,spring,action,2000,FIC,MobilityForum,"! "" # "" Right, Boss, "" Sammy said as he sprang into action. Within minutes, the whining engines once again pulled the C-5 skyward into the","! "" # "" Right, Boss, "" Sammy said as he sprang into action. Within minutes, the whining engines once again pulled the C-5 skyward into the"
761,spring,action,2000,FIC,Mov:CastAway,go out! This is disaster! # CHUCK # Shit! He springs into action. Chuck grabs an empty FedEx box. With his wooden shovel he frantically SCOOPS,go out! This is disaster! # CHUCK # Shit! He springs into action. Chuck grabs an empty FedEx box. With his wooden shovel he frantically SCOOPS
762,spring,action,2000,MAG,AmSpect,"run again. # U.S. Term Limits, a national advocacy group, sprung into action, taking out a billboard in Spokane pre-emptively "" thanking "" Nethercutt for sticking to","run again. # U.S. Term Limits, a national advocacy group, sprung into action, taking out a billboard in Spokane pre-emptively "" thanking "" Nethercutt for sticking to"
763,spring,action,2000,MAG,Newsweek,"for the public or press. The GOP's well-organized "" observers "" sprang into action. A congressional aide, Martin Torrey, alerted his boss, New York Rep.","for the public or press. The GOP's well-organized "" observers "" sprang into action. A congressional aide, Martin Torrey, alerted his boss, New York Rep."
764,spring,action,2000,NEWS,Houston,"and balding, a cell phone dangling from his belt, waiting to spring into action as a live-action prop. # "" I've sat through it jillions of times","and balding, a cell phone dangling from his belt, waiting to spring into action as a live-action prop. # "" I've sat through it jillions of times"
765,spring,action,2000,ACAD,Ethnology,of the sigidi figures was a potent visual reminder that the ilari could spring into action and protect the king at any time. The openly exhibited sigidi were perceived as,of the sigidi figures was a potent visual reminder that the ilari could spring into action and protect the king at any time. The openly exhibited sigidi were perceived as
766,spring,action,1999,SPOK,NBC_Dateline,": (Voiceover) Incredibly, Rob says he found no tough investigators ready to spring into action. It was all just mushy confusion. Rob couldn't get anyone to listen",": (Voiceover) Incredibly, Rob says he found no tough investigators ready to spring into action. It was all just mushy confusion. Rob couldn't get anyone to listen"
767,spring,action,1999,MAG,Redbook,"waited until an overnight business trip came along (his), then sprang into action. "" Let's try this, "" I coaxed into the phone, praying","waited until an overnight business trip came along (his), then sprang into action. "" Let's try this, "" I coaxed into the phone, praying"
768,spring,action,1999,MAG,Astronomy,"its pre-programmed orders, the software e-mailed the news to Cline, who sprang into action. He e-mailed and telephoned astronomers who operate other x-ray satellites, who in turn","its pre-programmed orders, the software e-mailed the news to Cline, who sprang into action. He e-mailed and telephoned astronomers who operate other x-ray satellites, who in turn"
769,spring,action,1999,MAG,GoodHousekeeping,"about the emotional damage inflicted on pageant kids, Faye and other mothers sprang into action. "" We called psychological institutes around the country, "" she says, ""","about the emotional damage inflicted on pageant kids, Faye and other mothers sprang into action. "" We called psychological institutes around the country, "" she says, """
770,spring,action,1999,NEWS,CSMonitor,"at 5:30 Sunday afternoon. The assignments were due the following day. Springing into action, my husband proclaimed we'd make a papier-mche star! "" Huh? ""","at 5:30 Sunday afternoon. The assignments were due the following day. Springing into action, my husband proclaimed we'd make a papier-mche star! "" Huh? """
771,spring,action,1999,ACAD,AmerScholar,"him what I knew about the theft. With that, the authorities sprang into action. The next thing I learned was that a lawyer had walked into the Polish","him what I knew about the theft. With that, the authorities sprang into action. The next thing I learned was that a lawyer had walked into the Polish"
772,spring,action,1998,FIC,Highlights,"There was another vacuumcleaner invention inside. He pushed the buttons. It sprang into action like before, but this time it didn't break. It vacuumed up the","There was another vacuumcleaner invention inside. He pushed the buttons. It sprang into action like before, but this time it didn't break. It vacuumed up the"
773,spring,action,1998,NEWS,CSMonitor,"held March 17, pro-abortion-rights GOP activists predict the Republican old guard will spring into action to try to prevent the pattern from repeating throughout the primaries. "" He's","held March 17, pro-abortion-rights GOP activists predict the Republican old guard will spring into action to try to prevent the pattern from repeating throughout the primaries. "" He's"
774,spring,action,1998,NEWS,Denver,". # When her aunt took breaks from her work, Medina would spring into action. She'd undo what her aunt had done and then weave it again.",". # When her aunt took breaks from her work, Medina would spring into action. She'd undo what her aunt had done and then weave it again."
775,spring,action,1997,MAG,SkyTelescope,"the depth of interest among the local populace, Lim and his friends sprang into action. They took hundreds of photographs of the comet every clear night and compiled an","the depth of interest among the local populace, Lim and his friends sprang into action. They took hundreds of photographs of the comet every clear night and compiled an"
776,spring,action,1997,NEWS,Denver,". But it would create a blueprint for such tribunals so they could spring into action when the need arose, thereby better ensuring that justice would prevail. # For",". But it would create a blueprint for such tribunals so they could spring into action when the need arose, thereby better ensuring that justice would prevail. # For"
777,spring,action,1996,SPOK,CBS_Special,"hard for just such an eventuality, as you were saying. They sprung into action quite quickly. This is something I'm sure that they would have rather just","hard for just such an eventuality, as you were saying. They sprung into action quite quickly. This is something I'm sure that they would have rather just"
778,spring,action,1996,SPOK,NPR_Weekend,"files on all the opponents. Two congressional committee chairmen are already to spring into action on that. Scott, if you want to believe the word of a sleaze","files on all the opponents. Two congressional committee chairmen are already to spring into action on that. Scott, if you want to believe the word of a sleaze"
779,spring,action,1996,FIC,Bk:Valentine,". Moments later, the tape recorder on the table next to him sprang into action. * * * p56 "" You've reached the home and office of Dr.",". Moments later, the tape recorder on the table next to him sprang into action. * * * p56 "" You've reached the home and office of Dr."
780,spring,action,1996,MAG,Essence,". But Carol and Hurt Porter heeded the call in north Houston and sprang into action. Now, when their vans wade into one of that area's poorest neighborhoods",". But Carol and Hurt Porter heeded the call in north Houston and sprang into action. Now, when their vans wade into one of that area's poorest neighborhoods"
781,spring,action,1996,MAG,People,"Mounted Police issued an alert. Meanwhile, the fugitives' bail bondsman sprang into action. "" Nobody had as much motivation to find them as me, "" says","Mounted Police issued an alert. Meanwhile, the fugitives' bail bondsman sprang into action. "" Nobody had as much motivation to find them as me, "" says"
782,spring,action,1996,ACAD,Bioscience,"management plan, no environmental impact statement. "" # But sanctuary organizers sprang into action. By the winter of 1995, a draft environmental impact statement (ELS)","management plan, no environmental impact statement. "" # But sanctuary organizers sprang into action. By the winter of 1995, a draft environmental impact statement (ELS)"
783,spring,action,1995,SPOK,ABC_Nightline,"LONG, National Right to Life PAC: When' pro-life' citizens spring into action - and they will - the bubble that the media has blown around Colin Powell","LONG, National Right to Life PAC: When' pro-life' citizens spring into action - and they will - the bubble that the media has blown around Colin Powell"
784,spring,action,1995,FIC,Omni,"s. A patrol's nearing wail was the signal for Slater to spring into action. That vehicle could only be Brad Johnson responding. Slater jumped out, his","s. A patrol's nearing wail was the signal for Slater to spring into action. That vehicle could only be Brad Johnson responding. Slater jumped out, his"
785,spring,action,1995,FIC,Mov:Manhunt,from behind them - carrying a MACHINE GUN - Jim looks ready to spring into action - waiting for the right moment - # CRAIG # You want to make your,from behind them - carrying a MACHINE GUN - Jim looks ready to spring into action - waiting for the right moment - # CRAIG # You want to make your
786,spring,action,1995,MAG,Ms,""" feminist "" heroine should have been a clue: she says she sprang into action after she became outraged... by a feminist colleague's joke about Dan",""" feminist "" heroine should have been a clue: she says she sprang into action after she became outraged... by a feminist colleague's joke about Dan"
787,spring,action,1994,FIC,Mov:StarTrek07,"rockface. Picard watches him intently for a few moments, then quickly springs into action. 122 INT. JEFFERIES TUBE 122 People scramble through the tube and out into","rockface. Picard watches him intently for a few moments, then quickly springs into action. 122 INT. JEFFERIES TUBE 122 People scramble through the tube and out into"
788,spring,action,1994,MAG,RollingStone,"post wasn't sincere and every reason to believe that it was -- sprang into action. # So it was that on Monday, March 14, a spitting-mad,","post wasn't sincere and every reason to believe that it was -- sprang into action. # So it was that on Monday, March 14, a spitting-mad,"
789,spring,action,1994,NEWS,USAToday,"horrible, vertical crash. # Within seconds, a corporate crisis plan sprang into action that was so well-scripted and so well-rehearsed it had become virtually automatic. # Within","horrible, vertical crash. # Within seconds, a corporate crisis plan sprang into action that was so well-scripted and so well-rehearsed it had become virtually automatic. # Within"
790,spring,action,1993,FIC,Bk:Seduction,""" "" Oh, no, you're the guest. "" Maria sprang into action, checked her lipstick in the mirror and pulled on her sandals. "" The",""" "" Oh, no, you're the guest. "" Maria sprang into action, checked her lipstick in the mirror and pulled on her sandals. "" The"
791,spring,action,1993,NEWS,WashPost,"it anyway, "" one official said, "" but they kind of sprung into action. "" # The message was clear: Before Middle America suffered, the White","it anyway, "" one official said, "" but they kind of sprung into action. "" # The message was clear: Before Middle America suffered, the White"
792,spring,action,1992,FIC,BkSF:WhenFiveMoons,"because they'd all be off by the same factor. "" Verona sprang into action. Off came the housing, off came various components. Gently he lifted the","because they'd all be off by the same factor. "" Verona sprang into action. Off came the housing, off came various components. Gently he lifted the"
793,spring,action,1992,FIC,BkSF:CoralKingdom (1),"! "" With his first word, the men of his crew sprang into action, seizing the long oars that were drawn into the vessel. The blades struck","! "" With his first word, the men of his crew sprang into action, seizing the long oars that were drawn into the vessel. The blades struck"
794,spring,action,1992,FIC,Bk:Blindsight,"on and you haven't even started. Get busy. "" Laurie sprang into action. She completed her external examination, noting only a few ecchymotic bruises on Duncan","on and you haven't even started. Get busy. "" Laurie sprang into action. She completed her external examination, noting only a few ecchymotic bruises on Duncan"
795,spring,action,1991,SPOK,ABC_20/20,"to catch thieves. A second cop observes from above, waiting to spring into action. 1st POLICE OFFICER: The camera's gone. You're under arrest.","to catch thieves. A second cop observes from above, waiting to spring into action. 1st POLICE OFFICER: The camera's gone. You're under arrest."
796,spring,action,1991,SPOK,ABC_Primetime,Tyson has been knocked out! DONALDSON: voice-over A furious Don King sprang into action. Mr. SUGAR: Almost before the referee had finished his toll of that count,Tyson has been knocked out! DONALDSON: voice-over A furious Don King sprang into action. Mr. SUGAR: Almost before the referee had finished his toll of that count
797,spring,action,1991,SPOK,PBS_Newshour,"to his patients offering free testing and counseling. Almost immediately Baltimore lawyers sprang into action. JONATHAN-SCHOCHOR,: The right of privacy does not extend to murder. MR-HOLMAN","to his patients offering free testing and counseling. Almost immediately Baltimore lawyers sprang into action. JONATHAN-SCHOCHOR,: The right of privacy does not extend to murder. MR-HOLMAN"
798,spring,action,1991,SPOK,ABC_Nightline,"in Europe, and when BNL opened the credit spigot, those agents sprang into action. Gary Milhollin is a leading expert on nuclear missile proliferation. GARY MILHOLLIN:","in Europe, and when BNL opened the credit spigot, those agents sprang into action. Gary Milhollin is a leading expert on nuclear missile proliferation. GARY MILHOLLIN:"
799,spring,action,1991,FIC,SewaneeRev,"Then he keeled over flat on the ground, unconscious. # Balsam sprang into action. "" Hank, Bill! Pick that man up and bring him over here","Then he keeled over flat on the ground, unconscious. # Balsam sprang into action. "" Hank, Bill! Pick that man up and bring him over here"
800,spring,action,1991,FIC,Mov:Thelma&Louise,"is a mess. Darryl, Hal, Max, and other cops spring into action as the phone RINGS, putting on headsets, turning on tape recorders. Darryl","is a mess. Darryl, Hal, Max, and other cops spring into action as the phone RINGS, putting on headsets, turning on tape recorders. Darryl"
801,spring,action,1991,FIC,Mov:Thelma&Louise,"the police there? INT. THELMA'S HOUSE - NIGHT Again everybody springs into action. Darryl is fumbling with the phone. # DARRYL # Uh, no!","the police there? INT. THELMA'S HOUSE - NIGHT Again everybody springs into action. Darryl is fumbling with the phone. # DARRYL # Uh, no!"
802,spring,action,1991,MAG,SatEvenPost,"arrest. # Having no idea why this had happened, our team sprang into action. The ward clerk announced a Code Blue over the loudspeaker system, and within","arrest. # Having no idea why this had happened, our team sprang into action. The ward clerk announced a Code Blue over the loudspeaker system, and within"
803,spring,action,1991,MAG,ScienceNews,"which can handle up to 700,000 calls an hour. The switch immediately springs into action. It scans a list of 14 different routes it can use to complete the","which can handle up to 700,000 calls an hour. The switch immediately springs into action. It scans a list of 14 different routes it can use to complete the"
804,spring,action,1991,ACAD,MusicEduc,"# Notes are not the problem. Notes, good notes, will spring into action under the right circumstances. Themes or ideas are not the problem. Themes are","# Notes are not the problem. Notes, good notes, will spring into action under the right circumstances. Themes or ideas are not the problem. Themes are"
805,spring,action,1991,ACAD,NaturalHist,"quite "" is what a practical gastrotaxonomist says when he is about to spring into action. I am certain that Davidson is even now flipping pages in his shellfish sources","quite "" is what a practical gastrotaxonomist says when he is about to spring into action. I am certain that Davidson is even now flipping pages in his shellfish sources"
806,spring,action,1990,SPOK,CNN_King,"hidden tragedy of child abuse. As a result, adolescent protection agencies sprung into action across the country. But has the system gone too far? Victoria - whose","hidden tragedy of child abuse. As a result, adolescent protection agencies sprung into action across the country. But has the system gone too far? Victoria - whose"
807,spring,action,1990,FIC,Triquarterly,"I have my plan, so I know does she: to be sprung into action at the first sign of what she deems craziness. When she comes home from","I have my plan, so I know does she: to be sprung into action at the first sign of what she deems craziness. When she comes home from"
808,spring,action,1990,MAG,AmSpect,"by Senator Hollings. And, like clockwork, a troika of filibusterers sprang into action: Senators Metzenbaum, Hollings, and Joseph Biden (D-Del.). A","by Senator Hollings. And, like clockwork, a troika of filibusterers sprang into action: Senators Metzenbaum, Hollings, and Joseph Biden (D-Del.). A"
809,spring,action,1990,MAG,Newsweek,"But if it were part of a disease-causing agent, it would sometimes spring into action, manufacturing pieces of RNA in its own image. Symptoms would follow. #","But if it were part of a disease-causing agent, it would sometimes spring into action, manufacturing pieces of RNA in its own image. Symptoms would follow. #"
810,spring,action,1990,MAG,Wilderness,""" so-called ""' subsistence users,' and this anti-subsistence lobby soon sprang into action. A state ballot initiative that sought to repeal the subsistence law lost by a",""" so-called ""' subsistence users,' and this anti-subsistence lobby soon sprang into action. A state ballot initiative that sought to repeal the subsistence law lost by a"
811,spring,action,2019,FIC,Analog,"as hot coffee spilled on the tile. Mongo froze. # Bernot sprung to action. "" Come on. Get a towel. "" But the other man remained","as hot coffee spilled on the tile. Mongo froze. # Bernot sprung to action. "" Come on. Get a towel. "" But the other man remained"
812,spring,action,2019,NEWS,cleveland.com,"of Beachwood, an ordained rabbi who runs the travel website DansDeals.com, sprung to action, buying food for the travelers and then delivering it to the airport. #","of Beachwood, an ordained rabbi who runs the travel website DansDeals.com, sprung to action, buying food for the travelers and then delivering it to the airport. #"
813,spring,action,2017,FIC,Bk:TooLikeLightning,", a small child's sobs, piercing as a spear. Carlyle sprang to action, no longer a sensayer but a human being ready to help another in distress",", a small child's sobs, piercing as a spear. Carlyle sprang to action, no longer a sensayer but a human being ready to help another in distress"
814,spring,action,2017,NEWS,Washington Times,"she was called in, arrested and processed for deportation. Activist groups sprang to action, blockading the van they thought was carrying her. ICE eventually did deport her","she was called in, arrested and processed for deportation. Activist groups sprang to action, blockading the van they thought was carrying her. ICE eventually did deport her"
815,spring,action,2016,NEWS,Arizona Daily Star,"and other acts, YWCA, Pantsuit Nation and other local groups have sprung to action by hosting meetings and events around town promoting kindness and talking about ways to combat","and other acts, YWCA, Pantsuit Nation and other local groups have sprung to action by hosting meetings and events around town promoting kindness and talking about ways to combat"
816,spring,action,2016,NEWS,Washington Times,1-year-old girl is recovering thanks to two New York City police officers who sprang to action after observing the baby turning blue in her mother's arms. # Police say,1-year-old girl is recovering thanks to two New York City police officers who sprang to action after observing the baby turning blue in her mother's arms. # Police say
817,spring,action,2014,NEWS,NYTimes,"countries in Asia and elsewhere that had strong governments and ample money to spring to action, the Ebola outbreak has waylaid nations that often lack basic health care, much","countries in Asia and elsewhere that had strong governments and ample money to spring to action, the Ebola outbreak has waylaid nations that often lack basic health care, much"
818,spring,action,2014,NEWS,OrangeCR,", but on weekends up to 3,000 Army reservists and National Guard units spring to action for training exercises. Military aircraft regularly roar in and out of the base's",", but on weekends up to 3,000 Army reservists and National Guard units spring to action for training exercises. Military aircraft regularly roar in and out of the base's"
819,spring,action,2012,FIC,SouthwestRev,"to make coffee. Andi wasn't acting put out. She had sprung to action instantly, saying, "" No, it would be my pleasure, Leo.","to make coffee. Andi wasn't acting put out. She had sprung to action instantly, saying, "" No, it would be my pleasure, Leo."
820,spring,action,2012,WEB,therestofeverest.com,fixing anything as this guy was focused on repairing our flat. He sprang to action and worked as if he could do this sort of thing in his sleep.,fixing anything as this guy was focused on repairing our flat. He sprang to action and worked as if he could do this sort of thing in his sleep.
821,spring,action,2012,WEB,radaronline.com,", a Teacup Persian Kitten called' Mercy,' forced Torres to spring to action and throw down the gauntlet. # "" We get thousands of e-mails a month",", a Teacup Persian Kitten called' Mercy,' forced Torres to spring to action and throw down the gauntlet. # "" We get thousands of e-mails a month"
822,spring,action,2012,BLOG,...ophers.wordpress.com,"at least latently racist). # in an emergency one would normally spring to action unless ideological obstructions to that action exist -- racism, sexism, homophobia, classism","at least latently racist). # in an emergency one would normally spring to action unless ideological obstructions to that action exist -- racism, sexism, homophobia, classism"
823,spring,action,2011,SPOK,CNN_Situation (1),"Were potential warning signs missed? Plus, a number of heroes sprang to action in a desperate attempt to subdue the shooting suspect. What should you do if","Were potential warning signs missed? Plus, a number of heroes sprang to action in a desperate attempt to subdue the shooting suspect. What should you do if"
824,spring,action,2010,SPOK,ABC_Primetime,code blue? It doesn't take her more than a minute to spring to action and intervene. ELENA-MOORE-1MOTH# Don't do it if you don't want to.,code blue? It doesn't take her more than a minute to spring to action and intervene. ELENA-MOORE-1MOTH# Don't do it if you don't want to.
825,spring,action,2010,FIC,Bk:JaneSlayre,"weapon as I crossed the room. I looked up just as he sprang to action, landing on me with enough force that we rolled several times to the side","weapon as I crossed the room. I looked up just as he sprang to action, landing on me with enough force that we rolled several times to the side"
826,spring,action,2009,FIC,Analog,"was insolent, suspicious the caller was just another reporter, but he sprang to action when he learned it was the Secretary General. The distinguished-looking Indian woman was soon","was insolent, suspicious the caller was just another reporter, but he sprang to action when he learned it was the Secretary General. The distinguished-looking Indian woman was soon"
827,spring,action,2006,MAG,USAToday,strange. Understand that cultural variations may account for diverse grief reactions. Springing to action It is important to take action. Encourage people who are bereaved to become active,strange. Understand that cultural variations may account for diverse grief reactions. Springing to action It is important to take action. Encourage people who are bereaved to become active
828,spring,action,2006,MAG,SatEvenPost,Mr. Jorgensen turned out to be the kind of man who likes to spring to action at the slightest excuse. I had hardly taken my position when I inadvertently shifted,Mr. Jorgensen turned out to be the kind of man who likes to spring to action at the slightest excuse. I had hardly taken my position when I inadvertently shifted
829,spring,action,2005,MAG,Inc.,. # Creswell was just one of hundreds of Acadian Ambulance employees who sprang to action in the wake of the worst natural disaster in U.S. history. But the quick,. # Creswell was just one of hundreds of Acadian Ambulance employees who sprang to action in the wake of the worst natural disaster in U.S. history. But the quick
830,spring,action,2003,MAG,BoysLife,"the hallways up above and in tunnels below the stands. They can spring to action in seconds if someone is injured. "" Everybody's being watched, "" Olsen","the hallways up above and in tunnels below the stands. They can spring to action in seconds if someone is injured. "" Everybody's being watched, "" Olsen"
831,spring,action,2003,MAG,AmerArtist,"contemplated buying a work by the Massachusetts artist Ben Aronson, but only sprang to action -- beating out 12 other collectors -- when the artist produced Rain, Fifth Avenue","contemplated buying a work by the Massachusetts artist Ben Aronson, but only sprang to action -- beating out 12 other collectors -- when the artist produced Rain, Fifth Avenue"
832,spring,action,2002,FIC,HarpersMag,"chest. Except for his boots he was still dressed, ready to spring to action should the need arise. Dead, my former sister-in-law could only be grieved.","chest. Except for his boots he was still dressed, ready to spring to action should the need arise. Dead, my former sister-in-law could only be grieved."
833,spring,action,2001,NEWS,NYTimes,"a man of prayerful piety, Sheik Zafzaf recalled how quickly Al Azhar sprang to action on the Friday after Sept. 11. # "" We circulated the guidance to clerics","a man of prayerful piety, Sheik Zafzaf recalled how quickly Al Azhar sprang to action on the Friday after Sept. 11. # "" We circulated the guidance to clerics"
834,spring,action,2001,NEWS,USAToday,"police officers for generations. Its people know what to do. They sprang to action, some of them trying to use their own garden hoses. # Higgins said","police officers for generations. Its people know what to do. They sprang to action, some of them trying to use their own garden hoses. # Higgins said"
835,spring,action,1997,FIC,GoodHousekeeping,"be, too, if we did not make haste. All hands sprang to action. We corralled our wagons and took our places inside the circle. But we","be, too, if we did not make haste. All hands sprang to action. We corralled our wagons and took our places inside the circle. But we"
836,spring,action,1995,FIC,Mov:EvenCowgirls,"Gotchya! Fred whips araund, finds Mordant standing behind him. He SPRINGS TO ACTION pulling off a lightning quick IRON HAMMER FIST STRIKE, a PALM HEEL BLOCK,","Gotchya! Fred whips araund, finds Mordant standing behind him. He SPRINGS TO ACTION pulling off a lightning quick IRON HAMMER FIST STRIKE, a PALM HEEL BLOCK,"
837,spring,action,1991,SPOK,ABC_Primetime,"several of his operatives, including his girlfriend Magdalena Kopp, the Jackal sprang to action. In February, 1982, he sent this ominous letter to a French government","several of his operatives, including his girlfriend Magdalena Kopp, the Jackal sprang to action. In February, 1982, he sent this ominous letter to a French government"
838,lurch,action,2018,FIC,Analog,"continues to stand by her charge's side, saying nothing, or lurches into action to break the bones of anyone foolish enough to threaten him. # Draiken has","continues to stand by her charge's side, saying nothing, or lurches into action to break the bones of anyone foolish enough to threaten him. # Draiken has"
839,lurch,action,2013,FIC,Bk:CodeWhite,"front of her, Ali tightened her fingers into fists as the crew lurched into action around her. Lights blinked, hand signals waved, and on every side technicians","front of her, Ali tightened her fingers into fists as the crew lurched into action around her. Lights blinked, hand signals waved, and on every side technicians"
840,lurch,action,2013,FIC,FantasySciFi,"pushing and shoving it into an overhead space. Meanwhile, the train lurched into action. It grumbled its way through the train yard, out of the station and","pushing and shoving it into an overhead space. Meanwhile, the train lurched into action. It grumbled its way through the train yard, out of the station and"
841,lurch,action,2012,WEB,cduniverse.com,"s The Nature of the Beast. Opener "" All Over Town "" lurches into action on a lopsided riff before finding its awesome groove, -- a groove they seldom","s The Nature of the Beast. Opener "" All Over Town "" lurches into action on a lopsided riff before finding its awesome groove, -- a groove they seldom"
842,lurch,action,2012,BLOG,...ovlivlifereviews.com,"the split second it took her to check that yes, Neco was lurching into action, Greyston was on his knees with his head forced back by a rapier-thin sword","the split second it took her to check that yes, Neco was lurching into action, Greyston was on his knees with his head forced back by a rapier-thin sword"
843,lurch,action,2009,FIC,Analog,"into the house. The mist-apes looked at one another, then abruptly lurched into action, filing out behind him. Pog heard the steamwagon puff itself up, then","into the house. The mist-apes looked at one another, then abruptly lurched into action, filing out behind him. Pog heard the steamwagon puff itself up, then"
844,lurch,action,1996,SPOK,CBS_Special,". PHILLIPS: Well, this huge security operation now -- has now lurched into action. There were thousands of FBI, local police and other security agents who were",". PHILLIPS: Well, this huge security operation now -- has now lurched into action. There were thousands of FBI, local police and other security agents who were"
845,lurch,action,1991,MAG,Forbes,"top prize of $360,000.) # Belatedly, the PGA of America lurched into action, and called a truce by setting up the Tournament Players Division and hiring former","top prize of $360,000.) # Belatedly, the PGA of America lurched into action, and called a truce by setting up the Tournament Players Division and hiring former"
846,lurch,action,1991,MAG,Newsweek,"Crimea to force Gorbachev's resignation. When he defied them, they lurched into action. Col. Gen. Igor Maltsev, commander of Soviet air-defense forces, closed the runways","Crimea to force Gorbachev's resignation. When he defied them, they lurched into action. Col. Gen. Igor Maltsev, commander of Soviet air-defense forces, closed the runways"
847,sprint,action,2018,SPOK,Fox_Cavuto,"thank firefighters and local police and of course the Capitol Police, who sprinted into action immediately to try to get the situation under control. And, of course,","thank firefighters and local police and of course the Capitol Police, who sprinted into action immediately to try to get the situation under control. And, of course,"
848,sprint,action,2011,SPOK,NBC_Dateline,"the whole time. That's all Ponch needs to hear. He sprints into action. (Garcia-driving; -po Deputy GARCIA: (Outside vehicle) It's -- oh,","the whole time. That's all Ponch needs to hear. He sprints into action. (Garcia-driving; -po Deputy GARCIA: (Outside vehicle) It's -- oh,"
849,sprint,action,2011,NEWS,CSMonitor,"parliamentary elections now planned for September, new parties are springing up and sprinting into action to organize a national following, including the Egyptian Social Democratic Party, a collection","parliamentary elections now planned for September, new parties are springing up and sprinting into action to organize a national following, including the Egyptian Social Democratic Party, a collection"
850,sprint,action,1992,MAG,TIME,"an undercover Baltimore vice-and-narcotics squad that had the dealers under surveillance, suddenly sprinted into action. One team of Rangers nabbed the dealers; another pulled Antwan off the swing","an undercover Baltimore vice-and-narcotics squad that had the dealers under surveillance, suddenly sprinted into action. One team of Rangers nabbed the dealers; another pulled Antwan off the swing"
851,step,action,2012,WEB,tv.com,"get the victims and Moriss, Gates, Banfield, and Carter all step into action and Carter asks Greene's daughter (still there) if she's coming,","get the victims and Moriss, Gates, Banfield, and Carter all step into action and Carter asks Greene's daughter (still there) if she's coming,"
852,step,action,2012,BLOG,erstarnews.com,"five years ago and when rumblings of its potential demise surfaced, he stepped into action. # He and Mike Leistico played key roles. Plus, the community really","five years ago and when rumblings of its potential demise surfaced, he stepped into action. # He and Mike Leistico played key roles. Plus, the community really"
853,step,action,1997,MAG,BoysLife,"the German shepherd at his side. Bennie, a bomb-seeking dog, stepped into action. A Nose for Safety Bennie was one of several canine heroes that helped humans","the German shepherd at his side. Bennie, a bomb-seeking dog, stepped into action. A Nose for Safety Bennie was one of several canine heroes that helped humans"
854,step,action,1992,MOV,Ruby,"for us down in Dallas for a long time now. He can step into Action's place, it won't be like nobody got hit whatsoever. I come","for us down in Dallas for a long time now. He can step into Action's place, it won't be like nobody got hit whatsoever. I come"
855,run,action,2012,BLOG,socialworkblog.org,"States population. # She Should Run implements two programs, She Should Run In Action and Name It, Change It. Through an online tool, individuals can visit","States population. # She Should Run implements two programs, She Should Run In Action and Name It, Change It. Through an online tool, individuals can visit"
856,run,action,2012,BLOG,socialworkblog.org,"It. Through an online tool, individuals can visit the She Should Run In Action site and formally ask a woman they believe would be an outstanding public servant to","It. Through an online tool, individuals can visit the She Should Run In Action site and formally ask a woman they believe would be an outstanding public servant to"
857,run,action,2019,MAG,Gizmodo,"He's got to make a decision of whether he's going to run into action and maybe risk his secret identity or not. And of course, he's","He's got to make a decision of whether he's going to run into action and maybe risk his secret identity or not. And of course, he's"
858,run,actor,2004,NEWS,Atlanta,""" Bent, "" about the persecution of homosexuals during the Holocaust, runs at Actor's Express from June 24 to Aug. 14. Preview performances, June 24-26,",""" Bent, "" about the persecution of homosexuals during the Holocaust, runs at Actor's Express from June 24 to Aug. 14. Preview performances, June 24-26,"
859,run,actor,1994,NEWS,SanFranChron,", who was a rabid cricket player in the days when Hollywood was run by actors who loved cricket: "" He once appeared for a match in some type of",", who was a rabid cricket player in the days when Hollywood was run by actors who loved cricket: "" He once appeared for a match in some type of"
860,run,actor,2005,FIC,Bk:BurglarProwl,"on Gramercy Park every bit as venerable as the cognac. The membership ran to actors and writers, men in or on the fringes of the arts, but there","on Gramercy Park every bit as venerable as the cognac. The membership ran to actors and writers, men in or on the fringes of the arts, but there"
861,run,actor,2011,MAG,Newsweek,"allowed to run amok through the National Gallery all night), I ran into actor Dan Stevens, who stars as Matthew Crawley in Downton Abbey, the latest hit","allowed to run amok through the National Gallery all night), I ran into actor Dan Stevens, who stars as Matthew Crawley in Downton Abbey, the latest hit"
862,run,act,2012,BLOG,...lthytippingpoint.com,perfect costume for Minnesota! All the males were impressed that we could run around act goofy. # True. But the vast majority of people don't have the,perfect costume for Minnesota! All the males were impressed that we could run around act goofy. # True. But the vast majority of people don't have the
863,run,act,2006,TV,Eureka,"actually. Put it in gear, lamp chop. I wan na run through Act I before first period. Space is time, time is relative. And all","actually. Put it in gear, lamp chop. I wan na run through Act I before first period. Space is time, time is relative. And all"
864,walk,act,2012,BLOG,josephtavern.com,"the garden as well... # Saying goodbye to Hamamatsu Castle, we walked towards Act City, the building which looks like a Harmonica from far away. # But","the garden as well... # Saying goodbye to Hamamatsu Castle, we walked towards Act City, the building which looks like a Harmonica from far away. # But"
865,walk,act,2012,BLOG,josephtavern.com,"Japan on our trip. # A fire hydrant we stepped on while walking towards Act City... # A typical street in Hamamatsu... notice the huge "" P ""","Japan on our trip. # A fire hydrant we stepped on while walking towards Act City... # A typical street in Hamamatsu... notice the huge "" P """
866,walk,act,1994,MAG,People,"Now, after knocking and discovering his front door unlocked, the actress walked into Act I, Scene I, of a real-life murder mystery. Berry later told police","Now, after knocking and discovering his front door unlocked, the actress walked into Act I, Scene I, of a real-life murder mystery. Berry later told police"
867,dance,actor,2005,SPOK,CNN_Showbiz,"at the White House when a very radiant Diana stole the show by dancing with actor John Travolta. This time around, an older, more reserved couple appeared to","at the White House when a very radiant Diana stole the show by dancing with actor John Travolta. This time around, an older, more reserved couple appeared to"
868,dance,actor,1994,NEWS,SanFranChron,"opening number of Snow White and other "" BBB "" characters singing and dancing with actor Rob Lowe began to flop. # "" I knew it was going to be","opening number of Snow White and other "" BBB "" characters singing and dancing with actor Rob Lowe began to flop. # "" I knew it was going to be"
869,dance,act,2005,ACAD,Style,kinds of fury. Miranda and Ferdinand might kiss as they meet and dance in act 4 in Prospero's betrothal masque that clearly projects this possibility. # At the,kinds of fury. Miranda and Ferdinand might kiss as they meet and dance in act 4 in Prospero's betrothal masque that clearly projects this possibility. # At the
870,hop,action,1998,FIC,Bk:NobodysGirl,"novels "" nobbles, "" reducing them to rabbit food. They all hopped to action in other classes, inspired by threats, eager to keep athletic eligibility, avidly","novels "" nobbles, "" reducing them to rabbit food. They all hopped to action in other classes, inspired by threats, eager to keep athletic eligibility, avidly"
871,hurtle,action,2013,MAG,HistoryToday,"British, American and German cultures but not the Japanese. But they hurtled into action. Geoffrey Gorer was assigned to deal with the Japanese and, sure enough,","British, American and German cultures but not the Japanese. But they hurtled into action. Geoffrey Gorer was assigned to deal with the Japanese and, sure enough,"
872,bound,action,2012,NEWS,NYTimes,", so the emotional outpouring never happened. Has President Spock, who bounded into action on Sandy and rocked a New Jersey woman in his arms, really grown?",", so the emotional outpouring never happened. Has President Spock, who bounded into action on Sandy and rocked a New Jersey woman in his arms, really grown?"
873,march,act,1993,SPOK,CBS_EyeToEye,march in the Gay Pride Parade? ROXIE: (Voiceover) I marched with ACT UP to keep the cause of AIDS alive. We're in a war that,march in the Gay Pride Parade? ROXIE: (Voiceover) I marched with ACT UP to keep the cause of AIDS alive. We're in a war that
874,support,aid,2009,ACAD,Bioscience,"and Kwei Lin. This work was partially funded by the Pond Dynamics/Aquaculture CRSP, supported by AID grant number LAG-96-90015-00, and by contributions from the University of Michigan and","and Kwei Lin. This work was partially funded by the Pond Dynamics/Aquaculture CRSP, supported by AID grant number LAG-96-90015-00, and by contributions from the University of Michigan and"
875,support,aid,1999,SPOK,NPR_ATC,"When activists in Brazil work with Indians to protect the rain forest, they're supported by AID. And AID money is at work in Indonesia, helping organize democratic-style","When activists in Brazil work with Indians to protect the rain forest, they're supported by AID. And AID money is at work in Indonesia, helping organize democratic-style"
876,support,help,2012,BLOG,...terpriseexchange.com,"expanded its wireless network, developed policies and ensured a "" consistent user experience "" supported by help desks and self-service apps. # The lesson learned, Henninger said,","expanded its wireless network, developed policies and ensured a "" consistent user experience "" supported by help desks and self-service apps. # The lesson learned, Henninger said,"
877,feel,sight,2009,MOV,Hamlet,"that thus hath cozen'd you at hoodman-blind? Eyes without feeling, feeling without sight, ears without hands or eyes, smelling sans all, or but a sickly","that thus hath cozen'd you at hoodman-blind? Eyes without feeling, feeling without sight, ears without hands or eyes, smelling sans all, or but a sickly"
878,feel,sight,1996,MOV,Hamlet,"was't that thus hath cozened you at hoodman-blind? Eyes without feeling, feeling without sight ears without hands or eyes, smelling sans all or but a sickly part of","was't that thus hath cozened you at hoodman-blind? Eyes without feeling, feeling without sight ears without hands or eyes, smelling sans all or but a sickly part of"
879,feel,sight,1990,MOV,Hamlet,"what judgment would step from this to this? Eyes without feeling, feeling without sight. O shame, where is thy blush? Speak no more. Thou turnest","what judgment would step from this to this? Eyes without feeling, feeling without sight. O shame, where is thy blush? Speak no more. Thou turnest"
880,touch,sight,1993,NEWS,AssocPress,"# Associated Press reporters who have covered the siege of Sarajevo have been touched by sights, sounds and emotions. They were asked to contribute their most vivid memories.","# Associated Press reporters who have covered the siege of Sarajevo have been touched by sights, sounds and emotions. They were asked to contribute their most vivid memories."
881,feel,vision,2012,BLOG,naturalnews.com,"we invest emotion into images, and then use that process to pour feeling into visions of our own choosing and invent better futures. # Since the dawn of time","we invest emotion into images, and then use that process to pour feeling into visions of our own choosing and invent better futures. # Since the dawn of time"
882,battle,point,2012,WEB,dailyblogtips.com,". However, I can see where you are coming from. # I too battle with point number 40. To me it's a case of my preference for",". However, I can see where you are coming from. # I too battle with point number 40. To me it's a case of my preference for"
883,battle,point,2012,WEB,dailyblogtips.com,they have learned here and not just read and move on. # I too battle with point number 40. To me it's a case of my preference for,they have learned here and not just read and move on. # I too battle with point number 40. To me it's a case of my preference for
884,battle,point,2012,WEB,dailyblogtips.com,genius. With green Greetings from Everest land NEpal. Nahendra Khadka # I too battle with point number 40. To me it's a case of my preference for,genius. With green Greetings from Everest land NEpal. Nahendra Khadka # I too battle with point number 40. To me it's a case of my preference for
885,bombard,criticism,2012,MAG,USAToday,"his fighter come out for the 15th and final round. Afterward, Futch was bombarded with criticism but explained calmly that he had seen too many men die in the","his fighter come out for the 15th and final round. Afterward, Futch was bombarded with criticism but explained calmly that he had seen too many men die in the"
886,bombard,criticism,2012,BLOG,...square.blogs.cnn.com,"not erase the Bush deficit, like Clinton was able to previously, he is bombarded with criticism. Then the republicans have the audacity to question the patriotism of the","not erase the Bush deficit, like Clinton was able to previously, he is bombarded with criticism. Then the republicans have the audacity to question the patriotism of the"
887,bombard,criticism,2007,NEWS,NYTimes,"# Ms. Almontaser's resignation was the latest setback for a school that has been bombarded with criticism since February, when the city announced plans to open it. The","# Ms. Almontaser's resignation was the latest setback for a school that has been bombarded with criticism since February, when the city announced plans to open it. The"
888,bombard,criticism,2017,NEWS,The Detroit News,"psychology, and he's not really kidding. With social media, players get bombarded by criticism, and a coach has to manage it. # In that regard","psychology, and he's not really kidding. With social media, players get bombarded by criticism, and a coach has to manage it. # In that regard"
889,bombard,criticism,1992,SPOK,ABC_Special,"didn't want their supporters becoming discouraged. The networks, meanwhile, have been bombarded by criticism in years past that we have disenfranchised voters by predicting elections before the","didn't want their supporters becoming discouraged. The networks, meanwhile, have been bombarded by criticism in years past that we have disenfranchised voters by predicting elections before the"
890,battle,criticism,2019,NEWS,Omaha World-Herald,Parade All-American in football and a state champion shot-putter in track at Wood River -- battled through criticism to lead the Huskers to the 1997 national title. He became the,Parade All-American in football and a state champion shot-putter in track at Wood River -- battled through criticism to lead the Huskers to the 1997 national title. He became the
891,battle,criticism,2019,NEWS,Omaha World-Herald,Parade All-American in football and a state champion shot-putter in track at Wood River -- battled through criticism to lead the Huskers to the 1997 national title. He became the,Parade All-American in football and a state champion shot-putter in track at Wood River -- battled through criticism to lead the Huskers to the 1997 national title. He became the
892,bombard,argument,1993,SPOK,ABC_SunNews,"to campaign against you. RON CLAIBORNE: voice-over For two hours, Cantwell was bombarded with arguments for and against the trade pact, but she had already made up","to campaign against you. RON CLAIBORNE: voice-over For two hours, Cantwell was bombarded with arguments for and against the trade pact, but she had already made up"
893,beseige,criticism,2005,NEWS,SanFranChron,""" oil on canvas. / Chuck Close 51919 # The University of California, besieged by criticism over its management of Los Alamos National Laboratory, beat back a strong",""" oil on canvas. / Chuck Close 51919 # The University of California, besieged by criticism over its management of Los Alamos National Laboratory, beat back a strong"
894,torpedo,criticism,1993,MAG,MotherJones,"local and government views. "" In Colombia, Foster Parents' sex-education efforts were torpedoed after criticism from Catholic church leaders. # "" We don't do family planning","local and government views. "" In Colombia, Foster Parents' sex-education efforts were torpedoed after criticism from Catholic church leaders. # "" We don't do family planning"
895,torpedo,criticism,2000,MAG,Ebony,"the lone Oscar citation for The Hurricane, which had its enthusiastic, pre-opening buzz torpedoed by criticism that the filmmakers took too many creative liberties with the facts of Carter","the lone Oscar citation for The Hurricane, which had its enthusiastic, pre-opening buzz torpedoed by criticism that the filmmakers took too many creative liberties with the facts of Carter"
