Article	Sentence	Tokens	Borderline_metaphor	Real_metaphors	Frame_label
0	0	,	0	0	_
0	0	which	0	0	_
0	0	we	0	0	_
0	0	can	0	0	Capability
0	0	not	0	0	_
0	0	make	1	0	Intentionally_create
0	0	to	1	0	_
0	0	God	0	0	_
0	0	.	0	0	_

0	1	When	0	0	Temporal_collocation
0	1	our	0	0	_
0	1	spirits	0	0	_
0	1	are	0	0	_
0	1	overwhelmed	1	1	_
0	1	by	0	0	_
0	1	distress	0	0	Emotion_directed
0	1	,	0	0	_
0	1	and	0	0	_
0	1	filled	1	0	Abounding_with
0	1	with	1	0	_
0	1	discouragement	0	0	Emotion_directed
0	1	;	0	0	_
0	1	when	0	0	Temporal_collocation
0	1	we	0	0	_
0	1	see	0	0	Perception_experience
0	1	snares	0	0	_
0	1	laid	1	1	Placing
0	1	for	0	0	_
0	1	us	0	0	_
0	1	on	0	0	Spatial_contact
0	1	every	0	0	_

1	0	the	0	0	_
1	0	occupants	0	0	Residence
1	0	.	0	0	_

1	1	#	0	0	_
1	1	Even	0	0	_
1	1	the	0	0	_
1	1	local	0	0	Political_locales
1	1	section	1	0	Part_whole
1	1	of	0	0	_
1	1	the	0	0	_
1	1	diocesan	0	0	_
1	1	organisation	0	0	Organization
1	1	was	0	0	_
1	1	overwhelmed	1	1	_
1	1	by	0	0	_
1	1	hardship	0	0	_
1	1	.	0	0	_

1	2	In	1	0	Temporal_collocation
1	2	1879	0	0	_
1	2	the	0	0	_
1	2	big	1	0	Size
1	2	landowner	0	0	_
1	2	Matthijs	0	0	_
1	2	van	0	0	_
1	2	Lieshout	0	0	_
1	2	,	0	0	_
1	2	one	0	0	Cardinal_numbers
1	2	of	0	0	Partitive
1	2	its	0	0	_
1	2	pillars	1	1	_
1	2	,	0	0	_

2	0	,	0	0	_
2	0	yeah	0	0	_
2	0	.	0	0	_

2	1	It	0	0	_
2	1	's	0	0	_
2	1	hard	1	0	Difficulty
2	1	to	0	0	_
2	1	find	1	0	Locating
2	1	the	0	0	_
2	1	part	1	0	Part_whole
2	1	where	0	0	Locative_relation
2	1	you	0	0	_
2	1	're	0	0	_
2	1	overwhelmed	1	1	_
2	1	with	1	0	_
2	1	adversity	0	0	_
2	1	.	0	0	_

2	2	-	0	0	_
2	2	Well	0	0	_
2	2	,	0	0	_
2	2	i	0	0	_
2	2	am	0	0	_
2	2	.	0	0	_

2	3	-	0	0	_
2	3	Yeah	0	0	_
2	3	.	0	0	_

2	4	Yeah	0	0	_
2	4	.	0	0	_

2	5	So	0	0	_
2	5	what	0	0	_
2	5	overwhelms	0	0	Beat_opponent

3	0	,	0	0	_
3	0	Houston	0	0	_
3	0	had	1	0	Possession
3	0	no	0	0	Quantified_mass
3	0	layoffs	0	0	Being_employed
3	0	or	0	0	_
3	0	furloughs	0	0	_
3	0	.	0	0	_

3	1	As	0	0	_
3	1	the	0	0	_
3	1	federal	0	0	Political_locales
3	1	government	0	0	Leadership
3	1	became	0	0	Becoming
3	1	overwhelmed	1	1	_
3	1	with	1	0	_
3	1	crises	0	0	Catastrophe
3	1	after	1	0	Time_vector
3	1	Hurricane	0	0	_
3	1	Katrina	0	0	_
3	1	,	0	0	_
3	1	Houston	0	0	_
3	1	absorbed	1	1	Receiving
3	1	more	0	0	Increment
3	1	than	0	0	_
3	1	200,000	0	0	_
3	1	people	0	0	People
3	1	from	0	0	Origin
3	1	Louisiana	0	0	_
3	1	.	0	0	_

3	2	#	0	0	_
3	2	When	0	0	Temporal_collocation

4	0	It	0	0	_
4	0	works	1	0	Usefulness
4	0	every	0	0	Frequency
4	0	time	0	0	Frequency
4	0	--	0	0	_
4	0	even	0	0	_
4	0	on	1	0	Spatial_contact
4	0	Chris	0	0	_
4	0	Christie	0	0	_
4	0	,	0	0	_
4	0	who	0	0	_
4	0	was	0	0	_
4	0	so	0	0	Degree
4	0	overwhelmed	0	0	_
4	0	with	1	0	_
4	0	distress	0	0	Emotion_directed
4	0	that	0	0	_
4	0	he	0	0	_
4	0	did	0	0	_
4	0	n't	0	0	_
4	0	even	0	0	_
4	0	know	0	0	Awareness
4	0	what	0	0	_
4	0	hit	1	0	Impact
4	0	him	0	0	_
4	0	.	0	0	_

4	1	#	0	0	_
4	1	No	0	0	_
4	1	,	0	0	_
4	1	sorry	0	0	Experiencer_focus
4	1	Blaze	0	0	_

5	0	!	0	0	_

5	1	Well	0	0	_
5	1	,	0	0	_
5	1	let	0	0	_
5	1	's	0	0	_
5	1	bring	0	0	Bringing
5	1	the	0	0	_
5	1	boys	0	0	Kinship
5	1	home	0	0	_
5	1	and	0	0	_
5	1	then	0	0	_
5	1	your	0	0	_
5	1	dad	0	0	Kinship
5	1	and	0	0	_
5	1	I	0	0	_
5	1	back	1	0	_
5	1	in	1	0	_
5	1	time	0	0	_
5	1	to	1	0	_
5	1	your	0	0	_
5	1	operation	0	0	Businesses
5	1	,	0	0	_
5	1	right	0	0	Correctness
5	1	?	0	0	_
5	1	.	0	0	_

5	2	Dewey	0	0	_
5	2	...	0	0	_
5	2	You	0	0	_
5	2	're	0	0	_
5	2	wearing	0	0	Wearing
5	2	my	0	0	_

6	0	told	0	0	Telling
6	0	of	0	0	_
6	0	the	0	0	_
6	0	teeth	0	0	Body_parts
6	0	gnawing	0	0	Manipulation
6	0	,	0	0	_
6	0	quiet	0	0	_
6	0	and	0	0	_
6	0	relentless	0	0	Duration_description
6	0	.	0	0	_

6	1	The	0	0	_
6	1	Event	0	0	_
6	1	had	0	0	_
6	1	sent	1	0	Sending
6	1	thousands	0	0	Quantified_mass
6	1	back	1	0	_
6	1	through	1	0	_
6	1	time	0	0	_
6	1	,	0	0	_
6	1	but	0	0	_
6	1	every	0	0	_
6	1	one	0	0	Cardinal_numbers
6	1	of	0	0	Partitive
6	1	them	0	0	_
6	1	still	0	0	Continued_state_of_affairs
6	1	slid	1	1	Motion
6	1	down	1	0	_
6	1	the	0	0	_
6	1	slippery	1	1	_
6	1	slope	1	1	Natural_features
6	1	of	0	0	_

7	0	girl	0	0	People
7	0	with	0	0	_
7	0	no	0	0	_
7	0	doll	0	0	_
7	0	but	0	0	Concessive
7	0	47	0	0	_
7	0	horses	0	0	Vehicle
7	0	.	0	0	_

7	1	And	0	0	_
7	1	it	0	0	_
7	1	gave	1	0	Giving
7	1	context	1	1	_
7	1	to	1	0	_
7	1	--	0	0	_
7	1	it	0	0	_
7	1	placed	1	1	Placing
7	1	in	1	0	_
7	1	time	0	0	_
7	1	--	0	0	_
7	1	something	0	0	_
7	1	that	0	0	_
7	1	Curly	0	0	_
7	1	's	0	0	_
7	1	great-granddaughter	0	0	Kinship
7	1	Johnna	0	0	_
7	1	told	0	0	Telling
7	1	me	0	0	_
7	1	.	0	0	_

7	2	Just	0	0	_
7	2	as	0	0	_
7	2	Narsis	0	0	_

8	0	)	0	0	_
8	0	.	0	0	_

8	1	After	1	0	Time_vector
8	1	several	0	0	Quantified_mass
8	1	episodes	0	0	_
8	1	of	0	0	_
8	1	problem	0	0	Predicament
8	1	behavior	0	0	Conduct
8	1	and	0	0	_
8	1	contingent	0	0	_
8	1	reprimand	0	0	Judgment_direct_address
8	1	,	0	0	_
8	1	Teva	0	0	_
8	1	was	0	0	_
8	1	frequently	0	0	Frequency
8	1	placed	1	1	Placing
8	1	in	1	0	_
8	1	time	0	0	_
8	1	out	0	0	_
8	1	(	0	0	_
8	1	i.e.	0	0	_
8	1	,	0	0	_
8	1	received	0	0	Receiving
8	1	escape	0	0	Escaping
8	1	)	0	0	_
8	1	where	0	0	Locative_relation
8	1	a	0	0	_
8	1	paraprofessional	0	0	People_by_vocation
8	1	was	0	0	_
8	1	assigned	0	0	_
8	1	to	0	0	_

9	0	.	0	0	_

9	1	#	0	0	_
9	1	I	0	0	_
9	1	'm	0	0	_
9	1	currently	0	0	Temporal_collocation
9	1	reading	0	0	Reading_activity
9	1	Berry	0	0	_
9	1	's	0	0	_
9	1	new	0	0	Age
9	1	collection	0	0	Text
9	1	of	0	0	_
9	1	short	0	0	Text
9	1	stories	0	0	Text
9	1	,	0	0	_
9	1	A	0	0	_
9	1	Place	0	0	Locale
9	1	in	1	0	_
9	1	Time	0	0	_
9	1	,	0	0	_
9	1	which	0	0	_
9	1	is	0	0	_
9	1	lovely	0	0	Stimulus_focus
9	1	.	0	0	_

9	2	I	0	0	_
9	2	'm	0	0	_
9	2	also	0	0	_
9	2	reading	0	0	Reading_activity
9	2	When	0	0	_
9	2	Helping	0	0	Assistance
9	2	Hurts	1	1	_
9	2	about	1	0	_

10	0	Umbria	0	0	_
10	0	next	1	0	_
10	0	summer	0	0	Calendric_unit
10	0	and	0	0	_
10	0	spots	0	0	Locale
10	0	are	0	0	_
10	0	limited	0	0	_
10	0	.	0	0	_

10	1	#	0	0	_
10	1	Learn	0	0	Education_teaching
10	1	to	0	0	_
10	1	capture	1	0	Communicate_categorization
10	1	a	0	0	_
10	1	moment	0	0	Measure_duration
10	1	and	0	0	_
10	1	place	0	0	Placing
10	1	in	1	0	_
10	1	time	0	0	_
10	1	on	1	0	Spatial_contact
10	1	canvas	0	0	_
10	1	.	0	0	_

10	2	#	0	0	_
10	2	We	0	0	_
10	2	wo	0	0	_
10	2	n't	0	0	_
10	2	just	0	0	_
10	2	be	0	0	_
10	2	working	0	0	Being_employed
10	2	,	0	0	_
10	2	we	0	0	_
10	2	'll	0	0	_

11	0	and	0	0	_
11	0	timely	0	0	_
11	0	investment	0	0	_
11	0	needed	0	0	Being_necessary
11	0	.	0	0	_

11	1	Prudent	0	0	_
11	1	and	0	0	_
11	1	timely	0	0	_
11	1	,	0	0	_
11	1	means	0	0	Evidence
11	1	that	0	0	_
11	1	ample	0	0	Sufficiency
11	1	investments	0	0	_
11	1	,	0	0	_
11	1	well	0	0	_
11	1	place	1	1	Placing
11	1	in	1	0	_
11	1	time	0	0	_
11	1	,	0	0	_
11	1	and	0	0	_
11	1	delivering	0	0	Delivery
11	1	energy	0	0	Electricity
11	1	where	0	0	Locative_relation
11	1	is	0	0	_
11	1	needed	0	0	Being_necessary
11	1	,	0	0	_
11	1	sometime	0	0	_
11	1	taking	1	0	Taking_time
11	1	years	0	0	Measure_duration
11	1	of	0	0	_
11	1	tactics	0	0	Means

12	0	portraits	1	0	_
12	0	thus	0	0	_
12	0	represent	0	0	Communicate_categorization
12	0	a	0	0	_
12	0	collision	1	1	_
12	0	and	0	0	_
12	0	condensation	1	1	_
12	0	of	0	0	_
12	0	individual	0	0	_
12	0	identity	0	0	Identicality
12	0	,	0	0	_
12	0	physical	0	0	_
12	0	place	0	0	Locale
12	0	,	0	0	_
12	0	and	0	0	_
12	0	place	0	0	Locale
12	0	in	1	0	_
12	0	time	0	0	_
12	0	.	0	0	_

12	1	The	0	0	_
12	1	studio	0	0	Locale_by_use
12	1	setting	0	0	Locale
12	1	,	0	0	_
12	1	with	0	0	_
12	1	all	0	0	Quantified_mass
12	1	its	0	0	_
12	1	accoutrements	0	0	_
12	1	,	0	0	_
12	1	comes	1	0	Arriving
12	1	to	0	0	_
12	1	represent	1	1	Communicate_categorization

13	0	the	0	0	_
13	0	order	0	0	Aggregate
13	0	of	0	0	_
13	0	the	0	0	_
13	0	parts	1	0	Part_whole
13	0	of	0	0	_
13	0	space	0	0	_
13	0	``	0	0	_
13	0	are	0	0	_
13	0	unchangeable.	0	0	_
13	0	``	0	0	_

13	1	All	0	0	_
13	1	things	1	0	_
13	1	are	0	0	_
13	1	placed	1	1	Placing
13	1	in	1	0	_
13	1	time	0	0	_
13	1	with	1	0	_
13	1	reference	0	0	_
13	1	to	1	0	_
13	1	order	0	0	_
13	1	of	0	0	_
13	1	succession	0	0	_
13	1	and	0	0	_
13	1	in	0	0	_
13	1	space	0	0	_
13	1	with	1	0	_
13	1	reference	0	0	_
13	1	to	1	0	_
13	1	order	0	0	_

14	0	overused	0	0	_
14	0	.	0	0	_

14	1	There	0	0	Existence
14	1	are	0	0	Existence
14	1	so	0	0	_
14	1	many	0	0	Quantified_mass
14	1	more	0	0	Increment
14	1	,	0	0	_
14	1	each	0	0	_
14	1	hitched	1	1	_
14	1	to	1	0	_
14	1	some	0	0	Proportional_quantity
14	1	distant	0	0	Locative_relation
14	1	point	0	0	Locale
14	1	and	0	0	_
14	1	place	0	0	Locale
14	1	in	1	0	_
14	1	time	0	0	_
14	1	,	0	0	_
14	1	such	0	0	_
14	1	as	0	0	_
14	1	the	0	0	_
14	1	Aviateur	0	0	_
14	1	Bleriot	0	0	_
14	1	,	0	0	_
14	1	bred	0	0	_
14	1	in	0	0	Interior_profile_relation
14	1	France	0	0	_
14	1	around	1	0	_
14	1	the	0	0	_
14	1	time	0	0	_

15	0	U	0	0	_
15	0	P	0	0	_
15	0	,	0	0	_
15	0	1980	0	0	_
15	0	)	0	0	_
15	0	;	0	0	_
15	0	Darrett	0	0	_
15	0	B.	0	0	_
15	0	Rutman	0	0	_
15	0	and	0	0	_
15	0	Anita	0	0	_
15	0	H.	0	0	_
15	0	Rutman	0	0	_
15	0	,	0	0	_
15	0	A	0	0	_
15	0	Place	0	0	Locale
15	0	in	1	0	_
15	0	Time	0	0	_
15	0	:	0	0	_
15	0	Middlesex	0	0	_
15	0	County	0	0	_
15	0	,	0	0	_
15	0	Virginia	0	0	_
15	0	,	0	0	_
15	0	1650-1720	0	0	_
15	0	(	0	0	_
15	0	New	0	0	_
15	0	York	0	0	_
15	0	:	0	0	_
15	0	W.	0	0	_
15	0	W	0	0	_
15	0	.	0	0	_

16	0	,	0	0	_
16	0	Okla.	0	0	_
16	0	,	0	0	_
16	0	1969	0	0	_
16	0	)	0	0	_
16	0	;	0	0	_
16	0	Darrett	0	0	_
16	0	B.	0	0	_
16	0	Rutman	0	0	_
16	0	and	0	0	_
16	0	Anita	0	0	_
16	0	H.	0	0	_
16	0	Rutman	0	0	_
16	0	,	0	0	_
16	0	A	0	0	_
16	0	Place	0	0	Locale
16	0	in	1	0	_
16	0	Time	0	0	_
16	0	:	0	0	_
16	0	Middlesex	0	0	_
16	0	County	0	0	Political_locales
16	0	,	0	0	_
16	0	Virginia	0	0	_
16	0	,	0	0	_
16	0	1650-1750	0	0	_
16	0	(	0	0	_
16	0	New	0	0	_
16	0	York	0	0	_
16	0	,	0	0	_
16	0	1984	0	0	_
16	0	)	0	0	_

17	0	free	1	0	Expensiveness
17	0	(	0	0	_
17	0	assuming	1	0	Certainty
17	0	you	0	0	_
17	0	leave	0	0	Departing
17	0	without	1	0	_
17	0	buying	0	0	Commerce_buy
17	0	something	0	0	_
17	0	)	0	0	_
17	0	.	0	0	_

17	1	Three	0	0	Cardinal_numbers
17	1	of	0	0	Partitive
17	1	our	0	0	_
17	1	favorites	0	0	_
17	1	are	0	0	_
17	1	located	0	0	Being_located
17	1	in	0	0	Interior_profile_relation
17	1	Times	0	0	_
17	1	Square	0	0	_
17	1	.	0	0	_

17	2	M	0	0	_
17	2	&	0	0	_
17	2	M	0	0	_
17	2	's	0	0	_
17	2	;	0	0	_
17	2	World	1	1	_
17	2	at	0	0	Locative_relation
17	2	48th	0	0	_
17	2	Street	0	0	_
17	2	is	0	0	_
17	2	a	0	0	_
17	2	chocolate	0	0	Food
17	2	lovers	0	0	Experiencer_focus
17	2	'	0	0	_

18	0	the	0	0	_
18	0	appearances	0	0	Give_impression
18	0	,	0	0	_
18	0	as	0	0	_
18	0	Kant	0	0	_
18	0	now	0	0	Temporal_collocation
18	0	calls	1	0	Labeling
18	0	them	0	0	_
18	0	,	0	0	_
18	0	which	0	0	_
18	0	the	0	0	_
18	0	synthesis	1	1	Intentionally_create
18	0	of	0	0	_
18	0	apprehension	0	0	Fear
18	0	has	0	0	_
18	0	located	1	1	Being_located
18	0	in	1	0	_
18	0	time	0	0	_
18	0	.	0	0	_

18	1	At	1	0	_
18	1	first	0	0	_
18	1	glance	0	0	Perception_active
18	1	,	0	0	_
18	1	the	0	0	_
18	1	synthesis	1	1	Intentionally_create
18	1	of	0	0	_
18	1	reproduction	0	0	_
18	1	looks	0	0	Give_impression
18	1	very	0	0	_
18	1	much	0	0	_
18	1	like	0	0	Similarity

19	0	makes	1	0	Causation
19	0	it	0	0	_
19	0	``	0	0	_
19	0	more	0	0	_
19	0	likely	0	0	Likelihood
19	0	that	0	0	_
19	0	killers	0	0	Killing
19	0	like	0	0	Similarity
19	0	these	1	0	_
19	0	9/11	0	0	_
19	0	hijackers	0	0	_
19	0	will	0	0	_
19	0	be	0	0	_
19	0	identified	0	0	Verification
19	0	and	0	0	_
19	0	located	0	0	Being_located
19	0	in	1	0	_
19	0	time.	0	0	_
19	0	``	0	0	_

19	1	G.O.P	0	0	_
19	1	.	0	0	_

19	2	strategists	0	0	_
19	2	argue	0	0	Reasoning
19	2	that	0	0	_
19	2	Democrats	0	0	_
19	2	have	1	0	Possession
19	2	little	0	0	_
19	2	leeway	1	1	_
19	2	to	0	0	_
19	2	attack	1	0	Attack
19	2	on	1	0	_

20	0	authorized	0	0	Deny_or_grant_permission
20	0	make	1	0	Causation
20	0	it	0	0	_
20	0	more	0	0	_
20	0	likely	0	0	Likelihood
20	0	that	0	0	_
20	0	killers	0	0	Killing
20	0	like	0	0	Similarity
20	0	these	1	0	_
20	0	9/11	0	0	_
20	0	hijackers	0	0	_
20	0	will	0	0	_
20	0	be	0	0	_
20	0	identified	0	0	Verification
20	0	and	0	0	_
20	0	located	0	0	Being_located
20	0	in	1	0	_
20	0	time	0	0	_
20	0	,	0	0	_
20	0	and	0	0	_
20	0	the	0	0	_
20	0	activities	0	0	Intentionally_act
20	0	conducted	0	0	Intentionally_act
20	0	under	1	0	_
20	0	this	1	0	_
20	0	authorization	0	0	Deny_or_grant_permission
20	0	have	0	0	_
20	0	helped	0	0	Assistance
20	0	detect	0	0	Becoming_aware
20	0	and	0	0	_
20	0	prevent	0	0	Preventing_or_letting

21	0	abolition	0	0	Removing
21	0	of	0	0	_
21	0	public	0	0	_
21	0	space	0	0	_
21	0	.	0	0	_

21	1	Describing	0	0	Statement
21	1	a	0	0	_
21	1	1973	0	0	_
21	1	Portman	0	0	_
21	1	proposal	0	0	Statement
21	1	for	0	0	_
21	1	a	0	0	_
21	1	hotel	0	0	Buildings
21	1	to	0	0	_
21	1	be	0	0	_
21	1	located	0	0	Being_located
21	1	in	0	0	Interior_profile_relation
21	1	Times	0	0	_
21	1	Square	0	0	_
21	1	,	0	0	_
21	1	one	0	0	Cardinal_numbers
21	1	commentator	0	0	_
21	1	wrote	0	0	Statement
21	1	that	0	0	_
21	1	the	0	0	_
21	1	visitor	0	0	Visiting
21	1	``	0	0	_
21	1	is	0	0	_
21	1	contained	1	1	Containing
21	1	in	0	0	_
21	1	a	0	0	_

22	0	distinguish	0	0	Differentiation
22	0	different	0	0	Similarity
22	0	versions	0	0	Type
22	0	,	0	0	_
22	0	and	0	0	_
22	0	in	0	0	_
22	0	recognition	0	0	Becoming_aware
22	0	of	0	0	_
22	0	the	0	0	_
22	0	importance	0	0	Importance
22	0	to	1	0	_
22	0	him	0	0	_
22	0	of	0	0	_
22	0	particular	0	0	Idiosyncrasy
22	0	experiences	0	0	Perception_experience
22	0	located	1	1	Being_located
22	0	in	1	0	_
22	0	time	0	0	_
22	0	,	0	0	_
22	0	many	0	0	Quantified_mass
22	0	of	0	0	Partitive
22	0	the	0	0	_
22	0	titles	0	0	Being_named
22	0	give	1	0	_
22	0	seasons	0	0	Calendric_unit
22	0	and	0	0	_
22	0	times	0	0	_
22	0	of	0	0	_
22	0	day	0	0	Calendric_unit
22	0	.	0	0	_

22	1	But	0	0	_

23	0	in	1	0	_
23	0	effective	0	0	Usefulness
23	0	areal	0	0	_
23	0	density	0	0	_
23	0	.	0	0	_

23	1	#	0	0	_
23	1	We	0	0	_
23	1	can	0	0	Capability
23	1	also	0	0	_
23	1	analyze	0	0	Scrutiny
23	1	how	0	0	_
23	1	accurately	0	0	_
23	1	the	0	0	_
23	1	peaks	0	0	_
23	1	are	0	0	_
23	1	located	0	0	Being_located
23	1	in	0	0	_
23	1	time	0	0	_
23	1	or	0	0	_
23	1	space	0	0	_
23	1	to	0	0	_
23	1	determine	0	0	Contingency
23	1	the	0	0	_
23	1	timing	0	0	_
23	1	error	0	0	_
23	1	(	0	0	_
23	1	``	0	0	_
23	1	jitter	0	0	_
23	1	``	0	0	_
23	1	)	0	0	_
23	1	.	0	0	_

24	0	ambiguous	0	0	_
24	0	or	0	0	_
24	0	equivocal	0	0	_
24	0	meanings	0	0	_
24	0	;	0	0	_
24	0	authors	0	0	Text
24	0	are	0	0	_
24	0	not	0	0	_
24	0	disembodied	0	0	_
24	0	literary	0	0	Fields
24	0	souls	1	1	_
24	0	but	0	0	_
24	0	are	0	0	_
24	0	human	0	0	People
24	0	beings	0	0	People
24	0	located	1	1	Being_located
24	0	in	1	0	_
24	0	time	0	0	_
24	0	,	0	0	_
24	0	class	0	0	Type
24	0	,	0	0	_
24	0	and	0	0	_
24	0	society	0	0	_
24	0	;	0	0	_
24	0	scientific	0	0	_
24	0	certainty	0	0	Certainty
24	0	is	0	0	_
24	0	a	0	0	_
24	0	rarity	0	0	_
24	0	,	0	0	_
24	0	paradigms	0	0	_

25	0	Anthropologists	0	0	_
25	0	have	0	0	_
25	0	characteristically	0	0	Distinctiveness
25	0	talked	0	0	Statement
25	0	about	1	0	Topic
25	0	cultures	0	0	_
25	0	as	0	0	_
25	0	more	0	0	_
25	0	or	0	0	_
25	0	less	0	0	_
25	0	bounded	1	1	_
25	0	units	0	0	_
25	0	which	0	0	_
25	0	could	0	0	Possibility
25	0	be	0	0	_
25	0	located	0	0	Being_located
25	0	in	1	0	_
25	0	time	0	0	_
25	0	and	0	0	_
25	0	space	0	0	_
25	0	and	0	0	_
25	0	sometimes	0	0	Frequency
25	0	ranked	0	0	Assessing
25	0	with	1	0	_
25	0	respect	0	0	_
25	0	to	1	0	_
25	0	one	0	0	_
25	0	another	0	0	_
25	0	.	0	0	_

25	1	These	1	0	_
25	1	older	0	0	Age

26	0	the	0	0	_
26	0	nondirective	0	0	_
26	0	approach	0	0	Means
26	0	.	0	0	_

26	1	#	0	0	_
26	1	Perhaps	0	0	_
26	1	her	0	0	_
26	1	unique	0	0	Idiosyncrasy
26	1	theoretical	0	0	_
26	1	contribution	1	1	_
26	1	has	0	0	_
26	1	been	0	0	_
26	1	the	0	0	_
26	1	emphasis	1	1	Emphasizing
26	1	she	0	0	_
26	1	places	1	0	_
26	1	on	1	0	_
26	1	time	0	0	_
26	1	as	0	0	_
26	1	representing	0	0	Communicate_categorization
26	1	the	0	0	_
26	1	whole	1	0	Ranked_expectation
26	1	problem	0	0	Predicament
26	1	of	0	0	_
26	1	living	0	0	Residence
26	1	and	0	0	_
26	1	of	0	0	_
26	1	therapy	0	0	Cure
26	1	.	0	0	_

26	2	It	0	0	_
26	2	would	0	0	_

27	0	our	0	0	_
27	0	modern	0	0	Temporal_collocation
27	0	,	0	0	_
27	0	fast-paced	0	0	Speed_description
27	0	culture	0	0	_
27	0	of	0	0	_
27	0	today	0	0	Temporal_collocation
27	0	,	0	0	_
27	0	I	0	0	_
27	0	mourn	0	0	Experiencer_focus
27	0	the	0	0	_
27	0	lack	0	0	Possession
27	0	of	0	0	_
27	0	the	0	0	_
27	0	importance	0	0	Importance
27	0	placed	1	1	_
27	0	on	1	0	_
27	0	time	0	0	_
27	0	to	0	0	_
27	0	sit	0	0	Posture
27	0	and	0	0	_
27	0	dream	0	0	_
27	0	,	0	0	_
27	0	time	0	0	_
27	0	to	0	0	_
27	0	be	0	0	_
27	0	with	0	0	_
27	0	one	0	0	_
27	0	another	0	0	_
27	0	,	0	0	_
27	0	without	1	0	_

28	0	The	0	0	_
28	0	only	0	0	Sole_instance
28	0	value	1	1	Usefulness
28	0	I	0	0	_
28	0	would	0	0	_
28	0	say	0	0	Statement
28	0	was	0	0	_
28	0	better	0	0	Desirability
28	0	was	0	0	_
28	0	that	0	0	_
28	0	there	0	0	Existence
28	0	was	0	0	Existence
28	0	a	0	0	_
28	0	significant	0	0	Importance
28	0	value	1	1	Usefulness
28	0	placed	1	1	_
28	0	on	1	0	_
28	0	time	0	0	_
28	0	.	0	0	_

28	1	Since	0	0	Causation
28	1	life	0	0	_
28	1	WAS	0	0	_
28	1	shorter	1	1	Duration_description
28	1	.	0	0	_

28	2	People	0	0	People
28	2	in	1	0	Interior_profile_relation
28	2	the	0	0	_
28	2	middle	0	0	_
28	2	classes	0	0	Aggregate
28	2	who	0	0	_
28	2	had	0	0	Possession

29	0	and	0	0	_
29	0	57	0	0	_
29	0	percent	0	0	_
29	0	for	0	0	_
29	0	more	0	0	Increment
29	0	time	0	0	Measure_duration
29	0	to	0	0	_
29	0	relax	0	0	Stimulus_focus
29	0	.	0	0	_

29	1	#	0	0	_
29	1	Given	0	0	_
29	1	the	0	0	_
29	1	premium	1	1	_
29	1	that	0	0	_
29	1	people	0	0	People
29	1	place	1	0	Placing
29	1	on	1	0	_
29	1	time	0	0	_
29	1	,	0	0	_
29	1	researchers	0	0	People_by_vocation
29	1	of	0	0	_
29	1	many	0	0	Quantified_mass
29	1	disciplines	0	0	Fields
29	1	are	0	0	_
29	1	studying	0	0	Scrutiny
29	1	its	0	0	_
29	1	effect	0	0	Objective_influence
29	1	on	1	0	_
29	1	culture	0	0	_
29	1	.	0	0	_

29	2	Chronobiologists	0	0	_

30	0	fragile	1	1	_
30	0	movement	1	1	_
30	0	,	0	0	_
30	0	a	0	0	_
30	0	readjustment	1	1	_
30	0	amid	1	0	Interior_profile_relation
30	0	that	1	0	_
30	0	timeless	0	0	_
30	0	lethargy	0	0	_
30	0	.	0	0	_

30	1	The	0	0	_
30	1	faint	1	1	_
30	1	perception	0	0	Awareness
30	1	of	0	0	_
30	1	something	0	0	_
30	1	located	1	1	Being_located
30	1	outside	1	0	_
30	1	time	0	0	_
30	1	but	0	0	_
30	1	that	0	0	_
30	1	nevertheless	0	0	_
30	1	seemed	0	0	Give_impression
30	1	immersed	1	1	Participation
30	1	in	1	0	_
30	1	it	0	0	_
30	1	,	0	0	_
30	1	that	0	0	_
30	1	in	1	0	_
30	1	some	0	0	_
30	1	way	1	0	_
30	1	had	0	0	_

31	0	s	0	0	_
31	0	up	0	0	_
31	0	?	0	0	_

31	1	-	0	0	_
31	1	What	0	0	_
31	1	's	0	0	_
31	1	up	1	0	_
31	1	is	0	0	_
31	1	you	0	0	_
31	1	're	0	0	_
31	1	late	0	0	Relative_time
31	1	,	0	0	_
31	1	We	0	0	_
31	1	gon	0	0	_
31	1	na	0	0	_
31	1	dwell	1	1	_
31	1	on	1	0	_
31	1	time	0	0	_
31	1	or	0	0	_
31	1	we	0	0	_
31	1	gon	0	0	_
31	1	na	0	0	_
31	1	do	0	0	Intentionally_act
31	1	this	1	0	_
31	1	deal	1	1	Make_agreement_on_action
31	1	?	0	0	_

31	2	-	0	0	_
31	2	Pasale	0	0	_
31	2	bascula	0	0	_
31	2	.	0	0	_

31	3	-	0	0	_

32	0	the	0	0	_
32	0	sultan	0	0	Leadership
32	0	of	0	0	_
32	0	splat	0	0	_
32	0	.	0	0	_

32	1	One	0	0	_
32	1	must	0	0	Required_event
32	1	admit	1	0	Reveal_secret
32	1	,	0	0	_
32	1	it	0	0	_
32	1	can	0	0	Possibility
32	1	be	0	0	_
32	1	somewhat	0	0	Degree
32	1	difficult	0	0	Difficulty
32	1	to	0	0	_
32	1	locate	0	0	Locating
32	1	at	1	0	Temporal_collocation
32	1	times	0	0	Frequency
32	1	.	0	0	_

32	2	Hang	1	1	_
32	2	on	1	0	_
32	2	.	0	0	_

32	3	Hang	1	1	_
32	3	on	1	0	_
32	3	.	0	0	_

32	4	Why	0	0	_
32	4	were	0	0	_
32	4	you	0	0	_
32	4	not	0	0	_
32	4	in	0	0	Interior_profile_relation
32	4	the	0	0	_

33	0	``	0	0	_
33	0	America	0	0	_
33	0	that	0	0	_
33	0	prevented	1	0	Preventing_or_letting
33	0	them	0	0	_
33	0	from	1	0	_
33	0	seeing	1	0	Grasp
33	0	that	0	0	_
33	0	a	0	0	_
33	0	greater	1	1	_
33	0	*	0	0	_
33	0	*	0	0	_
33	0	26	0	0	_
33	0	;	0	0	_
33	0	24940	0	0	_
33	0	;	0	0	_
33	0	TOOLONG	0	0	_
33	0	priority	0	0	_
33	0	should	0	0	Desirable_event
33	0	have	0	0	_
33	0	been	0	0	_
33	0	placed	1	1	_
33	0	on	1	0	_
33	0	actions	0	0	Intentionally_act
33	0	to	0	0	_
33	0	stimulate	1	1	Subjective_influence
33	0	employment	0	0	Being_employed
33	0	and	0	0	_
33	0	stemming	1	1	Preventing_or_letting
33	0	the	0	0	_
33	0	tide	1	1	_
33	0	of	0	0	_
33	0	rising	1	1	Change_position_on_a_scale
33	0	home	0	0	Buildings
33	0	foreclosures	0	0	Removing
33	0	instead	0	0	_
33	0	of	0	0	_

34	0	the	0	0	_
34	0	Bolshevik	0	0	_
34	0	revolution	0	0	Change_of_leadership
34	0	and	0	0	_
34	0	World	0	0	Political_locales
34	0	War	0	0	Hostile_encounter
34	0	I	0	0	_
34	0	.	0	0	_

34	1	(	0	0	_
34	1	n2	0	0	_
34	1	)	0	0	_
34	1	Yet	0	0	_
34	1	the	0	0	_
34	1	importance	0	0	Importance
34	1	that	0	0	_
34	1	Fascism	0	0	_
34	1	placed	1	1	_
34	1	on	1	0	_
34	1	action	0	0	Intentionally_act
34	1	as	0	0	_
34	1	``	0	0	_
34	1	revolution	1	1	Change_of_leadership
34	1	``	0	0	_
34	1	is	0	0	_
34	1	also	0	0	_
34	1	found	1	0	Locating
34	1	in	1	0	_
34	1	the	0	0	_
34	1	ideas	0	0	_
34	1	of	0	0	_
34	1	Corradini	0	0	_
34	1	and	0	0	_

35	0	24,000	0	0	_
35	0	children	0	0	People_by_age
35	0	a	0	0	_
35	0	year	0	0	Calendric_unit
35	0	receive	0	0	Receiving
35	0	medical	0	0	_
35	0	treatment	0	0	Cure
35	0	.	0	0	_

35	1	#	0	0	_
35	1	I	0	0	_
35	1	point	1	0	Becoming_aware
35	1	this	1	0	_
35	1	out	1	0	Becoming_aware
35	1	because	0	0	Causation
35	1	media	0	0	_
35	1	dwells	1	1	Topic
35	1	on	1	0	_
35	1	actions	0	0	Intentionally_act
35	1	like	0	0	_
35	1	took	1	0	Event
35	1	place	1	0	Event
35	1	Sunday	0	0	Calendric_unit
35	1	that	0	0	_
35	1	reinforce	1	1	_
35	1	their	0	0	_
35	1	smug	0	0	_
35	1	opinion	0	0	Opinion
35	1	of	0	0	_
35	1	racing	0	0	_
35	1	as	0	0	_
35	1	nothing	0	0	_

36	0	limits	1	1	_
36	0	on	1	0	_
36	0	the	0	0	_
36	0	amount	0	0	Quantified_mass
36	0	of	0	0	_
36	0	time	0	0	Measure_duration
36	0	an	0	0	_
36	0	already	0	0	Time_vector
36	0	failed	1	1	Successful_action
36	0	diplomatic	0	0	_
36	0	track	1	1	_
36	0	would	0	0	_
36	0	be	0	0	_
36	0	allowed	0	0	Preventing_or_letting
36	0	to	0	0	_
36	0	linger	1	1	Duration_description
36	0	before	0	0	Time_vector
36	0	action	0	0	Intentionally_act
36	0	was	0	0	_
36	0	taken	1	0	_
36	0	.	0	0	_

36	1	#	0	0	_
36	1	All	0	0	_
36	1	of	0	0	_
36	1	which	0	0	_
36	1	is	0	0	_
36	1	to	0	0	_
36	1	say	1	0	Statement
36	1	that	0	0	_
36	1	the	0	0	_
36	1	president	0	0	Leadership

37	0	firmly	1	1	_
37	0	hold	0	0	Manipulation
37	0	the	0	0	_
37	0	destalked	0	0	_
37	0	blades	0	0	_
37	0	in	0	0	Interior_profile_relation
37	0	her	0	0	_
37	0	right	0	0	Part_orientational
37	0	hand	0	0	Body_parts
37	0	without	1	0	_
37	0	restricting	1	1	Deny_or_grant_permission
37	0	her	0	0	_
37	0	thumb	0	0	Body_parts
37	0	and	0	0	_
37	0	index	0	0	Body_parts
37	0	linger	0	0	Visiting
37	0	for	0	0	_
37	0	action	0	0	Intentionally_act
37	0	,	0	0	_
37	0	she	0	0	_
37	0	repeats	0	0	Activity_ongoing
37	0	the	0	0	_
37	0	whole	1	0	Ranked_expectation
37	0	stripping	0	0	Removing
37	0	and	0	0	_
37	0	fearing	0	0	Experiencer_focus
37	0	process	0	0	Process
37	0	on	0	0	_
37	0	two	0	0	Cardinal_numbers
37	0	more	0	0	Increment
37	0	stems	0	0	_

38	0	with	1	0	_
38	0	one	0	0	Cardinal_numbers
38	0	common	0	0	_
38	0	criterion	0	0	_
38	0	that	0	0	_
38	0	can	0	0	Capability
38	0	be	0	0	_
38	0	used	0	0	Using
38	0	to	0	0	_
38	0	compare	0	0	Evaluative_comparison
38	0	all	0	0	Quantified_mass
38	0	applicants	0	0	_
38	0	.	0	0	_

38	1	The	0	0	_
38	1	weight	1	1	_
38	1	placed	1	1	Placing
38	1	on	1	0	_
38	1	ACT	0	0	_
38	1	scores	0	0	_
38	1	varies	0	0	Similarity
38	1	from	1	0	_
38	1	school	0	0	Locale_by_use
38	1	to	1	0	_
38	1	school	0	0	Locale_by_use
38	1	.	0	0	_

38	2	Other	0	0	Increment
38	2	important	0	0	Importance
38	2	factors	0	0	Contingency
38	2	that	0	0	_
38	2	schools	0	0	Locale_by_use
38	2	consider	1	0	Cogitation

39	0	but	0	0	Concessive
39	0	they	0	0	_
39	0	do	0	0	_
39	0	n't	0	0	_
39	0	become	0	0	Becoming
39	0	legitimate	0	0	Legality
39	0	evidence	0	0	Evidence
39	0	until	0	0	Time_vector
39	0	they	0	0	_
39	0	can	0	0	_
39	0	at	0	0	_
39	0	least	0	0	_
39	0	be	0	0	_
39	0	shown	1	0	Evidence
39	0	via	1	0	_
39	0	communication	0	0	Communication
39	0	.	0	0	_

39	1	#	0	0	_
39	1	Up	1	0	Continued_state_of_affairs
39	1	till	1	0	_
39	1	now	0	0	_
39	1	I	0	0	_
39	1	have	0	0	_
39	1	tried	0	0	Attempt
39	1	to	0	0	_
39	1	use	0	0	Using
39	1	objectively	0	0	_
39	1	verifiable	0	0	Verification
39	1	arguments	0	0	Reasoning
39	1	.	0	0	_

39	2	The	0	0	_

40	0	Jews	0	0	_
40	0	who	0	0	_
40	0	are	0	0	_
40	0	not	0	0	_
40	0	Christians	0	0	People_by_religion
40	0	.	0	0	_

40	1	#	0	0	_
40	1	by	0	0	_
40	1	a	0	0	_
40	1	weird	0	0	Idiosyncrasy
40	1	coincident	0	0	_
40	1	Set	0	0	_
40	1	B	0	0	_
40	1	is	0	0	_
40	1	entirely	0	0	_
40	1	contained	1	1	Containing
40	1	in	1	0	Interior_profile_relation
40	1	set	0	0	_
40	1	C	0	0	_
40	1	and	0	0	_
40	1	set	0	0	_
40	1	D	0	0	_
40	1	is	0	0	_
40	1	entirely	0	0	_
40	1	set	1	0	_
40	1	in	1	0	Interior_profile_relation
40	1	group	0	0	Aggregate
40	1	A.	0	0	_
40	1	Amazing	0	0	Stimulus_focus
40	1	,	0	0	_
40	1	is	0	0	_

41	0	governmental	0	0	Leadership
41	0	intervention	0	0	Assistance
41	0	.	0	0	_

41	1	Thus	0	0	_
41	1	,	0	0	_
41	1	it	0	0	_
41	1	too	0	0	_
41	1	was	0	0	_
41	1	a	0	0	_
41	1	real	0	0	Existence
41	1	revolution	1	1	Change_of_leadership
41	1	,	0	0	_
41	1	though	0	0	Concessive
41	1	not	0	0	Negation
41	1	as	0	0	_
41	1	contained	1	1	Containing
41	1	in	1	0	_
41	1	time	0	0	_
41	1	as	0	0	_
41	1	the	0	0	_
41	1	first	0	0	Ordinal_numbers
41	1	.	0	0	_

41	2	It	0	0	_
41	2	took	1	0	_
41	2	the	0	0	_
41	2	Civil	0	0	_
41	2	War	0	0	Hostile_encounter
41	2	,	0	0	_
41	2	the	0	0	_
41	2	industrialization	0	0	_
41	2	of	0	0	_

42	0	hundreds	0	0	Quantified_mass
42	0	of	0	0	_
42	0	small	0	0	Size
42	0	fires	0	0	Fire_burning
42	0	,	0	0	_
42	0	any	0	0	_
42	0	of	0	0	_
42	0	which	0	0	_
42	0	could	0	0	Capability
42	0	flare	0	0	Catching_fire
42	0	out	0	0	_
42	0	of	0	0	_
42	0	control	0	0	_
42	0	if	0	0	_
42	0	not	0	0	_
42	0	contained	0	0	_
42	0	in	1	0	_
42	0	time	0	0	_
42	0	.	0	0	_

42	1	Besides	0	0	_
42	1	the	0	0	_
42	1	fires	0	0	Fire_burning
42	1	,	0	0	_
42	1	a	0	0	_
42	1	wave	1	1	Quantified_mass
42	1	of	0	0	_
42	1	looting	0	0	Theft
42	1	,	0	0	_
42	1	robbery	0	0	Theft
42	1	,	0	0	_
42	1	and	0	0	_

43	0	every	0	0	_
43	0	bite	0	0	Part_piece
43	0	and	0	0	_
43	0	become	0	0	Becoming
43	0	conscious	0	0	Awareness
43	0	of	0	0	_
43	0	the	0	0	_
43	0	flavors	0	0	_
43	0	so	0	0	_
43	0	that	0	0	_
43	0	she	0	0	_
43	0	was	0	0	_
43	0	n't	0	0	_
43	0	eating	0	0	Ingestion
43	0	without	1	0	_
43	0	thinking	0	0	Awareness
43	0	.	0	0	_

43	1	#	0	0	_
43	1	Oh	0	0	_
43	1	,	0	0	_
43	1	and	0	0	_
43	1	she	0	0	_
43	1	's	0	0	_
43	1	beautiful	0	0	Aesthetics
43	1	,	0	0	_
43	1	in	1	0	_
43	1	great	1	0	_
43	1	physical	0	0	_
43	1	shape	0	0	Shapes
43	1	,	0	0	_
43	1	very	0	0	Degree

44	0	and	0	0	_
44	0	Catholic	0	0	People_by_religion
44	0	,	0	0	_
44	0	a	0	0	_
44	0	South	0	0	_
44	0	African	0	0	_
44	0	rapprochement	0	0	_
44	0	Irish-style	0	0	_
44	0	.	0	0	_

44	1	#	0	0	_
44	1	The	0	0	_
44	1	publicity	0	0	_
44	1	itself	0	0	_
44	1	gorged	1	1	_
44	1	on	1	0	_
44	1	speculation	0	0	_
44	1	and	0	0	_
44	1	soared	1	1	Self_motion
44	1	to	1	0	_
44	1	the	0	0	_
44	1	giddy	1	1	Emotion_directed
44	1	heights	1	1	_
44	1	of	0	0	_
44	1	hype	0	0	_
44	1	;	0	0	_
44	1	someone	0	0	_
44	1	even	0	0	_
44	1	suggested	0	0	Statement
44	1	a	0	0	_
44	1	Nobel	0	0	_
44	1	Peace	0	0	_

45	0	I	0	0	_
45	0	correct	0	0	_
45	0	in	1	0	_
45	0	saying	0	0	Statement
45	0	that	0	0	_
45	0	you	0	0	_
45	0	have	0	0	_
45	0	come	0	0	Arriving
45	0	here	0	0	Locative_relation
45	0	today	0	0	Temporal_collocation
45	0	because	0	0	Causation
45	0	you	0	0	_
45	0	are	0	0	_
45	0	suffering	0	0	Catastrophe
45	0	from	1	0	_
45	0	feelings	1	1	Feeling
45	0	of	0	0	_
45	0	neglect	0	0	_
45	0	?	0	0	_
45	0	``	0	0	_

45	1	``	0	0	_
45	1	Yeah.	0	0	_
45	1	``	0	0	_

45	2	#	0	0	_
45	2	``	0	0	_
45	2	Do	0	0	_
45	2	you	0	0	_
45	2	believe	0	0	Certainty
45	2	that	0	0	_
45	2	you	0	0	_

46	0	are	0	0	_
46	0	asserting	0	0	Statement
46	0	that	0	0	_
46	0	ALL	0	0	Quantified_mass
46	0	,	0	0	_
46	0	or	0	0	_
46	0	even	0	0	_
46	0	most	0	0	_
46	0	,	0	0	_
46	0	bullies	0	0	_
46	0	and	0	0	_
46	0	ruthless	1	1	_
46	0	competitors	0	0	Competition
46	0	suffer	0	0	Catastrophe
46	0	from	1	0	_
46	0	feelings	1	1	Feeling
46	0	of	0	0	_
46	0	inferiority	0	0	_
46	0	.	0	0	_

46	1	#	0	0	_
46	1	2	0	0	_
46	1	.	0	0	_

46	2	(	0	0	_
46	2	Paragraph	0	0	_
46	2	25	0	0	_
46	2	)	0	0	_
46	2	During	0	0	Temporal_collocation
46	2	the	0	0	_
46	2	Victorian	0	0	_
46	2	period	0	0	Frequency
46	2	many	0	0	Quantified_mass

47	0	as	0	0	_
47	0	unknown	0	0	Awareness
47	0	and	0	0	_
47	0	may	0	0	Likelihood
47	0	never	0	0	Frequency
47	0	truly	0	0	_
47	0	be	0	0	_
47	0	known	0	0	Awareness
47	0	,	0	0	_
47	0	but	0	0	_
47	0	Latif	0	0	_
47	0	had	0	0	_
47	0	long	0	0	_
47	0	suffered	0	0	Catastrophe
47	0	from	1	0	_
47	0	feelings	1	0	Feeling
47	0	of	0	0	_
47	0	extreme	0	0	_
47	0	depression	0	0	_
47	0	during	0	0	Temporal_collocation
47	0	his	0	0	_
47	0	time	0	0	_
47	0	in	0	0	_
47	0	jail	0	0	Prison
47	0	,	0	0	_
47	0	having	0	0	_
47	0	made	1	0	_
47	0	several	0	0	Quantified_mass
47	0	suicide	0	0	Killing
47	0	attempts	0	0	Attempt
47	0	in	0	0	_

48	0	get	1	0	Getting
48	0	help	0	0	Assistance
48	0	.	0	0	_

48	1	Kos	0	0	_
48	1	is	0	0	_
48	1	nothing	0	0	_
48	1	more	0	0	_
48	1	than	0	0	_
48	1	a	0	0	_
48	1	malignant	0	0	_
48	1	narcissist	0	0	_
48	1	who	0	0	_
48	1	is	0	0	_
48	1	suffering	0	0	Catastrophe
48	1	from	1	0	_
48	1	feelings	0	0	Feeling
48	1	of	0	0	_
48	1	true	0	0	_
48	1	inadequacy	0	0	_
48	1	masked	1	1	_
48	1	as	0	0	_
48	1	true	0	0	_
48	1	belief	0	0	Opinion
48	1	to	1	0	_
48	1	a	0	0	_
48	1	completely	0	0	_
48	1	bankrupt	1	1	_
48	1	cause	0	0	Causation
48	1	and	0	0	_
48	1	a	0	0	_
48	1	completely	0	0	_

49	0	Many	0	0	Quantified_mass
49	0	close	1	0	Social_connection
49	0	to	1	0	_
49	0	Pignatiello	0	0	_
49	0	were	0	0	_
49	0	surprised	0	0	Experiencer_obj
49	0	by	0	0	_
49	0	her	0	0	_
49	0	death	0	0	Death
49	0	but	0	0	_
49	0	knew	0	0	Awareness
49	0	that	0	0	_
49	0	Pignatiello	0	0	_
49	0	suffered	0	0	Catastrophe
49	0	from	1	0	_
49	0	feelings	1	1	Feeling
49	0	of	0	0	_
49	0	depression	0	0	_
49	0	,	0	0	_
49	0	Ponto	0	0	_
49	0	said	0	0	Statement
49	0	.	0	0	_

49	1	#	0	0	_
49	1	While	0	0	Temporal_collocation
49	1	growing	0	0	_
49	1	up	0	0	_
49	1	,	0	0	_
49	1	Pignatiello	0	0	_
49	1	did	0	0	Intentionally_act
49	1	things	1	0	Intentionally_act
49	1	her	0	0	_

50	0	on	0	0	_
50	0	the	0	0	_
50	0	ride	0	0	Operate_vehicle
50	0	to	0	0	Goal
50	0	the	0	0	_
50	0	chateau	0	0	Buildings
50	0	.	0	0	_

50	1	The	0	0	_
50	1	awkward	0	0	_
50	1	,	0	0	_
50	1	myopic	0	0	_
50	1	heir	0	0	Kinship
50	1	apparent	0	0	Leadership
50	1	suffered	0	0	Catastrophe
50	1	from	1	0	_
50	1	feelings	0	0	Feeling
50	1	of	0	0	_
50	1	unworthiness	0	0	_
50	1	,	0	0	_
50	1	despite	0	0	Concessive
50	1	a	0	0	_
50	1	facility	1	1	Locale_by_use
50	1	for	0	0	_
50	1	languages	0	0	_
50	1	and	0	0	_
50	1	a	0	0	_
50	1	passion	0	0	Experiencer_focus
50	1	for	0	0	_
50	1	history	0	0	History
50	1	geography	0	0	_
50	1	and	0	0	_

51	0	``	0	0	_
51	0	By	0	0	Means
51	0	reading	0	0	Reading_activity
51	0	Anna	0	0	_
51	0	's	0	0	_
51	0	journals	0	0	Text
51	0	,	0	0	_
51	0	we	0	0	_
51	0	are	0	0	_
51	0	very	0	0	Degree
51	0	aware	0	0	Awareness
51	0	that	0	0	_
51	0	she	0	0	_
51	0	suffered	0	0	Catastrophe
51	0	from	1	0	_
51	0	feelings	0	0	Feeling
51	0	of	0	0	_
51	0	self-loathing	0	0	_
51	0	,	0	0	_
51	0	``	0	0	_
51	0	says	0	0	Statement
51	0	Westin.	0	0	_
51	0	``	0	0	_

51	1	She	0	0	_
51	1	never	0	0	Frequency
51	1	felt	1	0	Feeling
51	1	perfect	0	0	Desirability
51	1	enough	0	0	Sufficiency
51	1	,	0	0	_
51	1	and	0	0	_

52	0	land	0	0	Locale_by_ownership
52	0	for	0	0	_
52	0	various	0	0	_
52	0	reasons	0	0	Reason
52	0	and	0	0	_
52	0	return	0	0	Arriving
52	0	home	0	0	Foreign_or_domestic_country
52	0	.	0	0	_

52	1	When	0	0	Temporal_collocation
52	1	back	1	0	_
52	1	home	0	0	Foreign_or_domestic_country
52	1	,	0	0	_
52	1	they	0	0	_
52	1	suffer	0	0	Catastrophe
52	1	from	1	0	_
52	1	feelings	0	0	Feeling
52	1	of	0	0	_
52	1	guilt	0	0	Experiencer_focus
52	1	,	0	0	_
52	1	humiliation	0	0	Experiencer_focus
52	1	,	0	0	_
52	1	and	0	0	_
52	1	failure	0	0	Success_or_failure
52	1	.	0	0	_

52	2	For	0	0	_
52	2	these	1	0	_
52	2	reasons	0	0	Reason
52	2	,	0	0	_
52	2	there	0	0	Existence
52	2	are	0	0	Existence
52	2	many	0	0	Quantified_mass

53	0	.	0	0	_

53	1	A	0	0	_
53	1	friend	0	0	Personal_relationship
53	1	of	0	0	_
53	1	mine	0	0	_
53	1	who	0	0	_
53	1	is	0	0	_
53	1	a	0	0	_
53	1	practicing	0	0	Expertise
53	1	psychologist	0	0	People_by_vocation
53	1	says	0	0	Statement
53	1	my	0	0	_
53	1	plagiarist	0	0	_
53	1	suffers	0	0	Catastrophe
53	1	from	1	0	_
53	1	feelings	0	0	Feeling
53	1	of	0	0	_
53	1	inadequacy	0	0	_
53	1	.	0	0	_

53	2	He	0	0	_
53	2	wants	0	0	Desiring
53	2	to	0	0	_
53	2	be	0	0	_
53	2	a	0	0	_
53	2	poet	0	0	_
53	2	but	0	0	_
53	2	can	0	0	Capability
53	2	not	0	0	_
53	2	make	1	0	_
53	2	it	0	0	_
53	2	on	1	0	_

54	0	children	0	0	People_by_age
54	0	.	0	0	_

54	1	#	0	0	_
54	1	These	1	0	_
54	1	children	0	0	Kinship
54	1	live	0	0	Residence
54	1	in	1	0	_
54	1	a	0	0	_
54	1	constant	1	0	Frequency
54	1	state	1	0	State_of_entity
54	1	of	0	0	_
54	1	anxiety	0	0	Emotion_directed
54	1	,	0	0	_
54	1	suffer	0	0	Catastrophe
54	1	from	1	0	_
54	1	feelings	0	0	Feeling
54	1	of	0	0	_
54	1	guilt	0	0	Experiencer_focus
54	1	for	0	0	_
54	1	not	0	0	_
54	1	being	0	0	_
54	1	able	0	0	Capability
54	1	to	0	0	_
54	1	stop	0	0	Preventing_or_letting
54	1	the	0	0	_
54	1	violence	0	0	_
54	1	,	0	0	_
54	1	and	0	0	_
54	1	live	0	0	Residence
54	1	in	1	0	_
54	1	perpetual	0	0	Frequency

55	0	provided	0	0	Supply
55	0	a	0	0	_
55	0	portrait	1	1	_
55	0	of	0	0	_
55	0	children	0	0	People_by_age
55	0	,	0	0	_
55	0	adolescents	0	0	People_by_age
55	0	,	0	0	_
55	0	and	0	0	_
55	0	adults	0	0	People_by_age
55	0	with	1	0	_
55	0	LDs	0	0	_
55	0	as	0	0	_
55	0	suffering	0	0	Catastrophe
55	0	from	1	0	_
55	0	feelings	0	0	Feeling
55	0	of	0	0	_
55	0	isolation	0	0	_
55	0	and	0	0	_
55	0	loneliness	0	0	_
55	0	(	0	0	_
55	0	Gordon	0	0	_
55	0	,	0	0	_
55	0	1984	0	0	_
55	0	;	0	0	_
55	0	Siegel	0	0	_
55	0	,	0	0	_
55	0	1974	0	0	_
55	0	)	0	0	_
55	0	,	0	0	_
55	0	of	0	0	_

56	0	And	0	0	_
56	0	Elijah	0	0	_
56	0	Wood	0	0	_
56	0	says	0	0	Statement
56	0	:	0	0	_
56	0	``	0	0	_
56	0	To	0	0	_
56	0	cry	0	0	Communication_noise
56	0	,	0	0	_
56	0	you	0	0	_
56	0	have	0	0	Required_event
56	0	to	0	0	Required_event
56	0	be	0	0	_
56	0	aching	0	0	Experiencer_focus
56	0	with	1	0	_
56	0	emotion	0	0	Emotion_directed
56	0	.	0	0	_

56	1	I	0	0	_
56	1	've	0	0	_
56	1	only	0	0	_
56	1	done	0	0	Intentionally_act
56	1	it	0	0	_
56	1	a	0	0	_
56	1	couple	0	0	Quantified_mass
56	1	of	0	0	_
56	1	times	0	0	Event_instance
56	1	by	0	0	_
56	1	myself	0	0	_
56	1	in	1	0	_
56	1	films	0	0	Text
56	1	.	0	0	_

57	0	like	0	0	Similarity
57	0	the	0	0	_
57	0	ones	0	0	_
57	0	where	0	0	_
57	0	nothing	0	0	_
57	0	catches	0	0	Catching_fire
57	0	on	1	0	Catching_fire
57	0	fire	0	0	Catching_fire
57	0	.	0	0	_

57	1	Yeah	0	0	_
57	1	.	0	0	_

57	2	Nothing	0	0	_
57	2	is	0	0	_
57	2	hurt	0	0	Experiencer_obj
57	2	except	0	0	_
57	2	feelings	0	0	Feeling
57	2	.	0	0	_

57	3	Walking	0	0	Self_motion
57	3	to	0	0	_
57	3	hell	1	1	_
57	3	and	0	0	_
57	3	back	1	0	_
57	3	again	0	0	_
57	3	Okay	0	0	_
57	3	.	0	0	_

57	4	You	0	0	_
57	4	've	0	0	_
57	4	seen	0	0	Perception_experience
57	4	our	0	0	_
57	4	next	1	0	Relative_time
57	4	performer	0	0	Performing_arts

58	0	for	0	0	_
58	0	the	0	0	_
58	0	first	0	0	Ordinal_numbers
58	0	time	0	0	_
58	0	;	0	0	_
58	0	and	0	0	_
58	0	a	0	0	Quantified_mass
58	0	few	0	0	Quantified_mass
58	0	had	0	0	_
58	0	never	0	0	Frequency
58	0	flown	0	0	Motion
58	0	on	0	0	Spatial_contact
58	0	an	0	0	_
58	0	airplane	0	0	Vehicle
58	0	.	0	0	_

58	1	Nourished	1	0	Experiencer_focus
58	1	by	0	0	_
58	1	notions	0	0	Awareness
58	1	of	0	0	_
58	1	America	0	0	_
58	1	derived	1	1	_
58	1	from	1	0	_
58	1	movies	0	0	Text
58	1	,	0	0	_
58	1	many	0	0	Quantified_mass
58	1	of	0	0	_
58	1	them	0	0	_
58	1	were	0	0	_
58	1	startled	1	1	Experiencer_obj
58	1	to	0	0	_
58	1	end	0	0	Process_end

59	0	``	0	0	_
59	0	For	0	0	_
59	0	one	0	0	Cardinal_numbers
59	0	thing	1	0	_
59	0	,	0	0	_
59	0	the	0	0	_
59	0	other	0	0	Increment
59	0	enforcement	0	0	Execute_plan
59	0	provisions	0	0	Law
59	0	in	1	0	_
59	0	the	0	0	_
59	0	law	0	0	Law
59	0	remain	0	0	State_continue
59	0	in	1	0	_
59	0	full	1	0	Completeness
59	0	force	1	0	Being_in_effect
59	0	in	1	0	_
59	0	effect	0	0	Being_in_effect
59	0	.	0	0	_

59	1	Their	0	0	_
59	1	Constitutionality	0	0	_
59	1	was	0	0	_
59	1	upheld	1	1	Ratification
59	1	in	1	0	_
59	1	1965	0	0	_
59	1	and	0	0	_
59	1	has	0	0	_
59	1	never	0	0	Frequency
59	1	been	0	0	_
59	1	seriously	0	0	Importance
59	1	challenged	1	0	Judgment_communication

60	0	shouldnt	0	0	Desirable_event
60	0	come	0	0	Arriving
60	0	to	0	0	Goal
60	0	this	1	0	_
60	0	place	0	0	Locale
60	0	.	0	0	_

60	1	Im	0	0	_
60	1	wearing	0	0	Wearing
60	1	white	0	0	Color
60	1	running	0	0	_
60	1	shoes	0	0	Accoutrements
60	1	.	0	0	_

60	2	I	0	0	_
60	2	did	0	0	_
60	2	not	0	0	Negation
60	2	get	1	0	Transition_to_state
60	2	to	0	0	_
60	2	change	0	0	Undergo_change
60	2	.	0	0	_

60	3	He	0	0	_
60	3	said	0	0	Statement
60	3	thats	0	0	_
60	3	all	0	0	_
60	3	right	0	0	Correctness
60	3	,	0	0	_
60	3	Richard	0	0	_
60	3	.	0	0	_

60	4	I	0	0	_
60	4	finally	0	0	Time_vector
60	4	got	0	0	Arriving
60	4	there	0	0	_
60	4	,	0	0	_
60	4	opened	0	0	Closure
60	4	the	0	0	_
60	4	door	0	0	Connecting_architecture

61	0	We	0	0	_
61	0	Talked	0	0	Chatting
61	0	About	1	0	_
61	0	This	1	0	_
61	0	,	0	0	_
61	0	Right	0	0	Correctness
61	0	?	0	0	_

61	1	I	0	0	_
61	1	Mean	0	0	_
61	1	,	0	0	_
61	1	This	1	0	_
61	1	Place	0	0	Locale
61	1	Has	0	0	_
61	1	Got	0	0	Required_event
61	1	To	0	0	_
61	1	Change	0	0	Undergo_change
61	1	.	0	0	_

61	2	Sit	0	0	Change_posture
61	2	Down	0	0	Change_posture
61	2	.	0	0	_

61	3	You	0	0	_
61	3	Know	0	0	Awareness
61	3	What	0	0	_
61	3	I	0	0	_
61	3	Did	0	0	Intentionally_act
61	3	Today	0	0	Temporal_collocation
61	3	?	0	0	_

61	4	I	0	0	_
61	4	Got	0	0	Getting
61	4	My	0	0	_
61	4	Real	0	0	_

62	0	protest	0	0	Change_of_leadership
62	0	movements	0	0	_
62	0	in	1	0	Temporal_collocation
62	0	the	0	0	_
62	0	past	0	0	Relative_time
62	0	year	0	0	Calendric_unit
62	0	,	0	0	_
62	0	Yemen	0	0	_
62	0	arguably	0	0	Likelihood
62	0	had	1	0	Have_associated
62	0	the	0	0	_
62	0	most	0	0	_
62	0	to	0	0	_
62	0	gain	1	0	Earnings_and_losses
62	0	from	1	0	_
62	0	change	0	0	Undergo_change
62	0	.	0	0	_

62	1	Under	1	0	_
62	1	Saleh	0	0	_
62	1	's	0	0	_
62	1	authoritarian	0	0	Leadership
62	1	rule	0	0	Leadership
62	1	,	0	0	_
62	1	tribalism	0	0	_
62	1	,	0	0	_
62	1	corruption	0	0	_
62	1	,	0	0	_
62	1	internal	0	0	_
62	1	conflicts	0	0	Hostile_encounter
62	1	and	0	0	_
62	1	an	0	0	_

63	0	North	0	0	_
63	0	America	0	0	_
63	0	.	0	0	_

63	1	Frequent	0	0	Frequency
63	1	business	0	0	Businesses
63	1	travelers	0	0	Travel
63	1	,	0	0	_
63	1	for	0	0	_
63	1	example	0	0	Instance
63	1	,	0	0	_
63	1	have	1	0	Have_associated
63	1	much	0	0	Proportional_quantity
63	1	to	0	0	_
63	1	gain	0	0	Getting
63	1	from	1	0	_
63	1	changes	0	0	Undergo_change
63	1	in	1	0	_
63	1	border	0	0	Boundary
63	1	screening	0	0	_
63	1	policies	0	0	Law
63	1	,	0	0	_
63	1	as	0	0	_
63	1	do	0	0	_
63	1	transnational	0	0	Political_locales
63	1	shipping	0	0	_
63	1	firms	0	0	Businesses
63	1	that	0	0	_
63	1	need	0	0	Needing
63	1	a	0	0	_
63	1	smoother	1	1	_
63	1	way	1	0	Means

64	0	place	0	0	Placing
64	0	change	0	0	_
64	0	receptacles	0	0	_
64	0	in	0	0	Interior_profile_relation
64	0	local	0	0	Political_locales
64	0	establishments	0	0	Businesses
64	0	,	0	0	_
64	0	so	0	0	_
64	0	patrons	0	0	_
64	0	could	0	0	Capability
64	0	drop	0	0	Cause_motion
64	0	coins	0	0	_
64	0	they	0	0	_
64	0	got	0	0	Getting
64	0	in	1	0	_
64	0	change	0	0	_
64	0	from	1	0	_
64	0	a	0	0	_
64	0	cash	0	0	Money
64	0	transaction	0	0	Exchange
64	0	(	0	0	_
64	0	something	0	0	_
64	0	used	0	0	Using
64	0	nowadays	0	0	Temporal_collocation
64	0	mostly	0	0	_
64	0	by	0	0	_
64	0	those	1	0	_
64	0	who	0	0	_
64	0	could	0	0	Capability
64	0	use	0	0	Using
64	0	the	0	0	_

65	0	and	0	0	_
65	0	none	0	0	_
65	0	of	0	0	Partitive
65	0	us	0	0	_
65	0	had	0	0	Possession
65	0	cigarettes	0	0	Intoxicants
65	0	.	0	0	_

65	1	However	0	0	Concessive
65	1	,	0	0	_
65	1	those	1	0	_
65	1	who	0	0	_
65	1	made	1	0	_
65	1	purchases	0	0	Commerce_buy
65	1	got	1	0	Getting
65	1	in	1	0	_
65	1	change	0	0	_
65	1	such	0	0	_
65	1	a	0	0	_
65	1	fistful	1	1	_
65	1	of	0	0	_
65	1	zlotys	0	0	_
65	1	that	0	0	_
65	1	Doc	0	0	_
65	1	Solar	0	0	_
65	1	's	0	0	_
65	1	offer	0	0	_
65	1	seemed	0	0	Give_impression
65	1	ridiculous	0	0	Mental_property
65	1	.	0	0	_

65	2	He	0	0	_
65	2	was	0	0	_

66	0	quickly	0	0	_
66	0	catch	1	0	_
66	0	a	0	0	_
66	0	parent	0	0	Kinship
66	0	off-guard	1	0	_
66	0	.	0	0	_

66	1	Says	0	0	Statement
66	1	McGuigan	0	0	_
66	1	,	0	0	_
66	1	``	0	0	_
66	1	What	0	0	_
66	1	they	0	0	_
66	1	can	0	0	Capability
66	1	get	1	0	Transition_to_state
66	1	into	1	0	_
66	1	changes	0	0	Undergo_change
66	1	from	1	0	_
66	1	year	0	0	Calendric_unit
66	1	to	1	0	_
66	1	year	0	0	Calendric_unit
66	1	as	0	0	Relative_time
66	1	they	0	0	_
66	1	grow	1	0	Change_position_on_a_scale
66	1	.	0	0	_

66	2	Children	0	0	People_by_age
66	2	in	0	0	_
66	2	diapers	0	0	Clothing
66	2	can	0	0	Capability
66	2	get	0	0	Transition_to_state
66	2	into	0	0	_
66	2	something	0	0	_

67	0	ft.	0	0	_
67	0	#	0	0	_
67	0	Being	0	0	_
67	0	financially	0	0	Domain
67	0	suit	1	1	Suitability
67	0	personally	0	0	_
67	0	is	0	0	_
67	0	perfect	0	0	Usefulness
67	0	,	0	0	_
67	0	and	0	0	_
67	0	can	0	0	Capability
67	0	be	0	0	_
67	0	acquired	0	0	Getting
67	0	with	1	0	_
67	0	modifications	0	0	Cause_change
67	0	to	1	0	_
67	0	your	0	0	_
67	0	way	1	0	Means
67	0	of	0	0	_
67	0	life	0	0	_
67	0	.	0	0	_

67	1	In	1	0	_
67	1	a	0	0	_
67	1	nutshell	1	1	_
67	1	,	0	0	_
67	1	you	0	0	_
67	1	need	0	0	Required_event
67	1	to	0	0	Required_event
67	1	improve	0	0	Cause_to_make_progress
67	1	your	0	0	_

68	0	in	0	0	_
68	0	its	0	0	_
68	0	natural	0	0	_
68	0	habitat	0	0	_
68	0	(	0	0	_
68	0	As	0	0	_
68	0	I	0	0	_
68	0	Lay	0	0	Posture
68	0	Dying	0	0	Death
68	0	151	0	0	_
68	0	)	0	0	_
68	0	.	0	0	_

68	1	Vardaman	0	0	_
68	1	seizes	1	1	_
68	1	on	1	0	_
68	1	transformation	1	1	Cause_change
68	1	,	0	0	_
68	1	rather	0	0	_
68	1	than	0	0	_
68	1	believe	0	0	Certainty
68	1	that	0	0	_
68	1	his	0	0	_
68	1	mother	0	0	Kinship
68	1	simply	0	0	_
68	1	no	0	0	Temporal_collocation
68	1	longer	0	0	Temporal_collocation
68	1	exists	0	0	Existence
68	1	.	0	0	_

68	2	Lila	0	0	_
68	2	's	0	0	_
68	2	concerns	0	0	Emotion_directed

69	0	of	0	0	_
69	0	those	1	0	_
69	0	editors	0	0	_
69	0	was	0	0	_
69	0	David	0	0	_
69	0	Breneman	0	0	_
69	0	,	0	0	_
69	0	who	0	0	_
69	0	brokered	1	1	_
69	0	a	0	0	_
69	0	deal	1	0	Make_agreement_on_action
69	0	whereby	0	0	_
69	0	AAHE	0	0	_
69	0	took	1	0	_
69	0	over	0	0	_
69	0	Change	0	0	_
69	0	's	0	0	_
69	0	editorial	0	0	Text
69	0	leadership	0	0	Leadership
69	0	in	1	0	_
69	0	1984	0	0	_
69	0	,	0	0	_
69	0	although	0	0	_
69	0	the	0	0	_
69	0	ownership	0	0	Possession
69	0	of	0	0	_
69	0	Change	0	0	_
69	0	remained	1	0	State_continue
69	0	with	1	0	_
69	0	Heldref	0	0	_
69	0	AAHE	0	0	_

70	0	author	0	0	Text_creation
70	0	of	0	0	_
70	0	several	0	0	Quantified_mass
70	0	books	0	0	Text
70	0	,	0	0	_
70	0	including	0	0	Inclusion
70	0	'	0	0	_
70	0	How	0	0	_
70	0	Many	0	0	Quantified_mass
70	0	Light	0	0	Measurable_attributes
70	0	Bulbs	0	0	_
70	0	Does	0	0	_
70	0	It	0	0	_
70	0	Take	1	0	Taking_time
70	0	To	0	0	_
70	0	Change	1	0	Cause_change
70	0	A	0	0	_
70	0	Planet	0	0	_
70	0	?	0	0	_
70	0	'	0	0	_
70	0	.	0	0	_

70	1	Senior	0	0	Subordinates_and_superiors
70	1	Associate	0	0	_
70	1	,	0	0	_
70	1	CPSL	0	0	_
70	1	and	0	0	_
70	1	Special	0	0	_
70	1	Advisor	0	0	_
70	1	,	0	0	_
70	1	PRP	0	0	_
70	1	#	0	0	_

71	0	find	1	0	Coming_up_with
71	0	ways	1	0	Means
71	0	to	0	0	_
71	0	encompass	1	1	Inclusion
71	0	the	0	0	_
71	0	other	0	0	Increment
71	0	,	0	0	_
71	0	without	1	0	_
71	0	changing	1	0	Cause_change
71	0	oneself	0	0	_
71	0	.	0	0	_

71	1	The	0	0	_
71	1	position	1	1	_
71	1	taken	1	0	_
71	1	toward	1	0	_
71	1	change	0	0	Undergo_change
71	1	is	0	0	_
71	1	an	0	0	_
71	1	effort	0	0	Attempt
71	1	to	0	0	_
71	1	keep	1	0	Cause_to_continue
71	1	things	1	0	_
71	1	as	0	0	_
71	1	they	0	0	_
71	1	are	0	0	_
71	1	,	0	0	_
71	1	to	0	0	_
71	1	maintain	0	0	Activity_ongoing
71	1	the	0	0	_
71	1	status	0	0	_
71	1	quo	0	0	_

72	0	This	1	0	_
72	0	HTML	0	0	_
72	0	Edition	0	0	_
72	0	of	0	0	_
72	0	The	0	0	_
72	0	Constitution	0	0	_
72	0	for	0	0	_
72	0	the	0	0	_
72	0	United	0	0	_
72	0	States	0	0	_
72	0	of	0	0	_
72	0	America	0	0	_
72	0	is	0	0	_
72	0	taken	1	0	_
72	0	with	1	0	_
72	0	changes	0	0	Cause_change
72	0	from	1	0	_
72	0	:	0	0	_
72	0	``	0	0	_
72	0	The	0	0	_
72	0	Constitution	0	0	_
72	0	of	0	0	_
72	0	the	0	0	_
72	0	United	0	0	_
72	0	States	0	0	_
72	0	,	0	0	_
72	0	Its	0	0	_
72	0	Sources	1	1	Source_of_getting
72	0	and	0	0	_
72	0	Its	0	0	_
72	0	Application	1	1	Using

73	0	work	0	0	Being_employed
73	0	.	0	0	_

73	1	As	0	0	Temporal_collocation
73	1	soon	0	0	_
73	1	as	0	0	_
73	1	you	0	0	_
73	1	start	0	0	Activity_start
73	1	fermenting	0	0	Processing_materials
73	1	food	0	0	Food
73	1	,	0	0	_
73	1	you	0	0	_
73	1	're	0	0	_
73	1	very	0	0	Degree
73	1	taken	1	0	Emotion_directed
73	1	with	1	0	_
73	1	transformation	0	0	Cause_change
73	1	.	0	0	_

73	2	#	0	0	_
73	2	The	0	0	_
73	2	fact	0	0	_
73	2	that	0	0	_
73	2	you	0	0	_
73	2	can	0	0	Capability
73	2	transcend	1	1	_
73	2	something	0	0	_
73	2	very	0	0	Degree
73	2	basic	0	0	_
73	2	,	0	0	_
73	2	and	0	0	_
73	2	turn	1	0	Cause_change
73	2	it	0	0	_

74	0	The	0	0	_
74	0	videos	0	0	Text
74	0	teach	1	0	Education_teaching
74	0	students	0	0	Education_teaching
74	0	that	0	0	_
74	0	appropriate	0	0	Suitability
74	0	behavior	0	0	Conduct
74	0	is	0	0	_
74	0	a	0	0	_
74	0	skill	0	0	Expertise
74	0	that	0	0	_
74	0	can	0	0	Capability
74	0	be	0	0	_
74	0	acquired	0	0	Getting
74	0	through	1	0	_
74	0	learning	0	0	Education_teaching
74	0	and	0	0	_
74	0	practice	0	0	Practice
74	0	,	0	0	_
74	0	and	0	0	_
74	0	they	0	0	_
74	0	also	0	0	_
74	0	model	1	1	_
74	0	how	0	0	_
74	0	to	0	0	_
74	0	teach	0	0	Education_teaching
74	0	behavioral	0	0	_
74	0	skills	0	0	Expertise
74	0	for	0	0	_
74	0	teachers	0	0	Education_teaching
74	0	.	0	0	_

75	0	We	0	0	_
75	0	have	0	0	Required_event
75	0	to	0	0	Required_event
75	0	start	0	0	Activity_start
75	0	with	1	0	_
75	0	the	0	0	_
75	0	right	0	0	Correctness
75	0	view	1	0	Opinion
75	0	conforming	0	0	Compliance
75	0	to	1	0	_
75	0	the	0	0	_
75	0	truths	0	0	_
75	0	,	0	0	_
75	0	acquired	0	0	Getting
75	0	through	1	0	_
75	0	learning	0	0	Education_teaching
75	0	and	0	0	_
75	0	fortified	1	1	Cause_change_of_strength
75	0	through	1	0	_
75	0	reflection	0	0	_
75	0	.	0	0	_

75	1	This	1	0	_
75	1	view	1	0	Opinion
75	1	inspires	1	1	Subjective_influence
75	1	us	0	0	_
75	1	to	0	0	_
75	1	take	1	0	_
75	1	up	1	0	_
75	1	the	0	0	_
75	1	practice	0	0	Practice
75	1	,	0	0	_

76	0	,	0	0	_
76	0	and	0	0	_
76	0	logical	0	0	_
76	0	thinking	0	0	Awareness
76	0	)	0	0	_
76	0	that	0	0	_
76	0	are	0	0	_
76	0	deliberate	0	0	_
76	0	,	0	0	_
76	0	mediated	0	0	_
76	0	,	0	0	_
76	0	internalized	0	0	_
76	0	behaviors	0	0	Conduct
76	0	acquired	0	0	Getting
76	0	through	1	0	_
76	0	learning	0	0	Education_teaching
76	0	and	0	0	_
76	0	teaching	0	0	Education_teaching
76	0	(	0	0	_
76	0	Bodrova	0	0	_
76	0	&	0	0	_
76	0	;	0	0	_
76	0	Leong	0	0	_
76	0	,	0	0	_
76	0	1996	0	0	_
76	0	)	0	0	_
76	0	.	0	0	_

76	1	#	0	0	_
76	1	Vygotsky	0	0	_
76	1	(	0	0	_
76	1	1962	0	0	_
76	1	)	0	0	_

77	0	last	0	0	_
77	0	view	1	0	Opinion
77	0	is	0	0	_
77	0	that	1	0	_
77	0	of	0	0	_
77	0	social	0	0	_
77	0	learning	0	0	Education_teaching
77	0	theory	0	0	_
77	0	,	0	0	_
77	0	that	0	0	_
77	0	sexual	0	0	_
77	0	preferences	0	0	_
77	0	are	0	0	_
77	0	acquired	0	0	Getting
77	0	through	1	0	_
77	0	learning	0	0	Education_teaching
77	0	and	0	0	_
77	0	conditioning	0	0	_
77	0	,	0	0	_
77	0	just	0	0	_
77	0	as	0	0	_
77	0	musical	0	0	Performing_arts
77	0	tastes	0	0	Sensation
77	0	are	0	0	_
77	0	.	0	0	_

77	1	#	0	0	_
77	1	The	0	0	_
77	1	parsimony	0	0	_
77	1	produced	1	1	Creating
77	1	by	0	0	_
77	1	limiting	0	0	_

78	0	of	0	0	_
78	0	culture	1	1	_
78	0	in	1	0	_
78	0	negotiation	0	0	Discussion
78	0	?	0	0	_

78	1	Are	0	0	_
78	1	new	0	0	Age
78	1	versions	0	0	Type
78	1	of	0	0	_
78	1	the	0	0	_
78	1	cultural	0	0	_
78	1	software	0	0	_
78	1	,	0	0	_
78	1	gained	1	1	Getting
78	1	through	1	0	_
78	1	learning	0	0	Education_teaching
78	1	or	0	0	_
78	1	experience	0	0	Expertise
78	1	,	0	0	_
78	1	compatible	0	0	_
78	1	with	1	0	_
78	1	the	0	0	_
78	1	available	0	0	_
78	1	hardware	0	0	Gizmo
78	1	of	0	0	_
78	1	structure	1	1	_
78	1	?	0	0	_

78	2	And	0	0	_
78	2	how	0	0	_
78	2	can	0	0	_
78	2	the	0	0	_

79	0	to	0	0	_
79	0	know	0	0	Awareness
79	0	about	1	0	_
79	0	chow	0	0	_
79	0	chows	0	0	_
79	0	and	0	0	_
79	0	pugs	0	0	_
79	0	,	0	0	_
79	0	Boobear	0	0	_
79	0	.	0	0	_

79	1	So	0	0	_
79	1	let	0	0	_
79	1	's	0	0	_
79	1	get	1	0	Transition_to_state
79	1	to	1	0	_
79	1	learning	0	0	Education_teaching
79	1	.	0	0	_

79	2	Incredible	0	0	Stimulus_focus
79	2	!	0	0	_

79	3	Hit	1	0	Impact
79	3	my	0	0	_
79	3	puppy	1	1	_
79	3	brain	1	1	_
79	3	with	1	0	_
79	3	more	0	0	Increment
79	3	info	0	0	Information
79	3	,	0	0	_
79	3	Scuzzy	0	0	_
79	3	Bot	1	1	_
79	3	.	0	0	_

79	4	Let	0	0	_

80	0	,	0	0	_
80	0	but	0	0	Concessive
80	0	the	0	0	_
80	0	uncertainty	0	0	Certainty
80	0	that	0	0	_
80	0	had	0	0	_
80	0	tinged	1	1	_
80	0	every	0	0	_
80	0	step	0	0	Intentionally_act
80	0	and	0	0	_
80	0	action	0	0	Intentionally_act
80	0	she	0	0	_
80	0	'd	0	0	_
80	0	taken	1	0	_
80	0	since	0	0	Time_vector
80	0	learning	0	0	Coming_to_believe
80	0	of	0	0	_
80	0	Joe	0	0	_
80	0	's	0	0	_
80	0	death	0	0	Death
80	0	six	0	0	Cardinal_numbers
80	0	days	0	0	Calendric_unit
80	0	before	1	0	Time_vector
80	0	,	0	0	_
80	0	as	0	0	_
80	0	if	0	0	_
80	0	gravity	1	1	_
80	0	had	0	0	_
80	0	ceased	0	0	Process_stop
80	0	to	0	0	_
80	0	exist	0	0	Existence

81	0	lack	0	0	Possession
81	0	of	0	0	_
81	0	institutionalized	0	0	Institutions
81	0	educational	0	0	Education_teaching
81	0	support	1	0	Supporting
81	0	for	0	0	_
81	0	the	0	0	_
81	0	varied	0	0	_
81	0	approaches	1	0	Means
81	0	African	0	0	_
81	0	American	0	0	Origin
81	0	students	0	0	Education_teaching
81	0	may	0	0	Likelihood
81	0	take	1	0	_
81	0	to	1	0	_
81	0	learning	0	0	Education_teaching
81	0	.	0	0	_

81	1	African	0	0	_
81	1	American	0	0	People_by_origin
81	1	learning	0	0	Education_teaching
81	1	styles	0	0	Type
81	1	are	0	0	_
81	1	highlighted	0	0	_
81	1	and	0	0	_
81	1	the	0	0	_
81	1	implications	0	0	_
81	1	for	0	0	_
81	1	teachers	0	0	Education_teaching
81	1	are	0	0	_
81	1	discussed	0	0	Topic
81	1	.	0	0	_

82	0	.	0	0	_

82	1	The	0	0	_
82	1	week	0	0	Calendric_unit
82	1	of	0	0	_
82	1	August	0	0	Calendric_unit
82	1	30th	0	0	_
82	1	,	0	0	_
82	1	your	0	0	_
82	1	teasing	0	0	_
82	1	between	0	0	Interior_profile_relation
82	1	the	0	0	_
82	1	sheets	0	0	_
82	1	will	0	0	_
82	1	have	1	0	Causation
82	1	him	0	0	_
82	1	drooling	0	0	Make_noise
82	1	with	1	0	_
82	1	desire	0	0	Desiring
82	1	.	0	0	_

82	2	Do	0	0	_
82	2	n't	0	0	_
82	2	be	0	0	_
82	2	surprised	0	0	Experiencer_obj
82	2	if	0	0	_
82	2	he	0	0	_
82	2	just	0	0	_
82	2	pounces	0	0	Cause_harm
82	2	.	0	0	_

82	3	Fave	0	0	Experiencer_focus
82	3	sex	0	0	_
82	3	position	0	0	Posture

83	0	reeked	1	0	Give_impression
83	0	of	0	0	_
83	0	ancient	0	0	Age
83	0	magic	0	0	Toxic_substance
83	0	.	0	0	_

83	1	Kira	0	0	_
83	1	Solomon	0	0	_
83	1	stared	0	0	Perception_active
83	1	down	0	0	Perception_active
83	1	at	0	0	_
83	1	it	0	0	_
83	1	,	0	0	_
83	1	trying	0	0	Attempt
83	1	not	0	0	_
83	1	to	0	0	_
83	1	salivate	0	0	Making_faces
83	1	with	1	0	_
83	1	longing	0	0	Desiring
83	1	.	0	0	_

83	2	The	0	0	_
83	2	blade	0	0	_
83	2	itself	0	0	_
83	2	,	0	0	_
83	2	shining	0	0	Location_of_light
83	2	spotless	0	0	_
83	2	and	0	0	_
83	2	deadly	0	0	Killing
83	2	,	0	0	_
83	2	swept	1	1	_
83	2	proudly	0	0	_
83	2	from	0	0	_

84	0	cigarettes	0	0	Intoxicants
84	0	from	0	0	_
84	0	his	0	0	_
84	0	trousers	0	0	Clothing
84	0	and	0	0	_
84	0	shook	0	0	Cause_motion
84	0	one	0	0	_
84	0	out	0	0	_
84	0	for	0	0	_
84	0	him	0	0	_
84	0	.	0	0	_

84	1	Old	0	0	Age
84	1	Samson	0	0	_
84	1	's	0	0	_
84	1	face	0	0	Body_parts
84	1	brightened	1	1	Location_of_light
84	1	with	1	0	_
84	1	joy	0	0	Emotion_directed
84	1	,	0	0	_
84	1	he	0	0	_
84	1	forgot	0	0	Remembering_experience
84	1	his	0	0	_
84	1	sorrows	0	0	Emotion_directed
84	1	for	0	0	_
84	1	a	0	0	_
84	1	minute	0	0	Measure_duration
84	1	.	0	0	_

84	2	He	0	0	_
84	2	gave	1	0	Giving
84	2	a	0	0	_
84	2	mock	0	0	_

85	0	at	0	0	_
85	0	it	0	0	_
85	0	.	0	0	_

85	1	#	0	0	_
85	1	FERNANDO	0	0	_
85	1	#	0	0	_
85	1	This	1	0	_
85	1	one	0	0	_
85	1	is	0	0	_
85	1	from	0	0	Origin
85	1	Mendez	0	0	_
85	1	!	0	0	_

85	2	COLUMBUS	0	0	_
85	2	'	0	0	_
85	2	eyes	0	0	Body_parts
85	2	brighten	1	1	Location_of_light
85	2	with	1	0	_
85	2	joy	0	0	Emotion_directed
85	2	.	0	0	_

85	3	#	0	0	_
85	3	COLUMBUS	0	0	_
85	3	#	0	0	_
85	3	What	0	0	_
85	3	does	0	0	_
85	3	he	0	0	_
85	3	say	0	0	Statement
85	3	?	0	0	_

85	4	#	0	0	_
85	4	FERNANDO	0	0	_
85	4	#	0	0	_
85	4	He	0	0	_

86	0	Pearl	0	0	_
86	0	was	0	0	_
86	0	up	1	0	_
86	0	and	0	0	_
86	0	playing	0	0	_
86	0	with	0	0	_
86	0	Jeanne	0	0	_
86	0	and	0	0	_
86	0	Toby	0	0	_
86	0	in	0	0	_
86	0	the	0	0	_
86	0	study	0	0	Scrutiny
86	0	.	0	0	_

86	1	Her	0	0	_
86	1	eyes	0	0	Body_parts
86	1	brightened	1	1	Location_of_light
86	1	with	1	0	_
86	1	happiness	0	0	Emotion_directed
86	1	when	0	0	Temporal_collocation
86	1	she	0	0	_
86	1	saw	0	0	Perception_experience
86	1	it	0	0	_
86	1	was	0	0	_
86	1	p249	0	0	_
86	1	me	0	0	_
86	1	.	0	0	_

86	2	I	0	0	_
86	2	wanted	0	0	Desiring
86	2	to	0	0	_
86	2	rush	0	0	Self_motion
86	2	to	0	0	_

87	0	not	0	0	_
87	0	flooded	0	0	_
87	0	'	0	0	_
87	0	#	0	0	_
87	0	Dennis	0	0	_
87	0	Adams	0	0	_
87	0	,	0	0	_
87	0	a	0	0	_
87	0	maintenance	0	0	_
87	0	worker	0	0	Employing
87	0	for	0	0	_
87	0	MDOT	0	0	_
87	0	,	0	0	_
87	0	moved	0	0	Motion
87	0	into	1	0	_
87	0	action	0	0	Intentionally_act
87	0	,	0	0	_
87	0	firing	0	0	_
87	0	up	0	0	_
87	0	his	0	0	_
87	0	laptop	0	0	_
87	0	,	0	0	_
87	0	and	0	0	_
87	0	checking	0	0	Inspecting
87	0	the	0	0	_
87	0	software	0	0	_
87	0	MDOT	0	0	_
87	0	uses	0	0	Using
87	0	to	0	0	_
87	0	monitor	0	0	Scrutiny
87	0	some	0	0	_

88	0	Elliott	0	0	_
88	0	wants	0	0	Desiring
88	0	his	0	0	_
88	0	heart	0	0	_
88	0	rate	0	0	Speed_description
88	0	as	0	0	_
88	0	low	1	0	Position_on_a_scale
88	0	as	0	0	_
88	0	possible	0	0	Likelihood
88	0	.	0	0	_

88	1	Then	0	0	Temporal_collocation
88	1	,	0	0	_
88	1	he	0	0	_
88	1	moves	1	0	Motion
88	1	into	1	0	_
88	1	action	0	0	Intentionally_act
88	1	.	0	0	_

88	2	He	0	0	_
88	2	slides	0	0	Self_motion
88	2	to	0	0	_
88	2	the	0	0	_
88	2	left	0	0	Part_orientational
88	2	like	0	0	_
88	2	he	0	0	_
88	2	's	0	0	_
88	2	facing	1	0	_
88	2	a	0	0	_
88	2	shot	1	0	Hit_target
88	2	from	0	0	_
88	2	that	1	0	_
88	2	side	0	0	Part_orientational

89	0	the	0	0	_
89	0	ambulances	0	0	Vehicle
89	0	they	0	0	_
89	0	have	0	0	Possession
89	0	,	0	0	_
89	0	have	0	0	_
89	0	revved	0	0	_
89	0	up	0	0	_
89	0	like	0	0	_
89	0	they	0	0	_
89	0	're	0	0	_
89	0	ready	0	0	Activity_ready_state
89	0	to	0	0	_
89	0	move	1	0	Motion
89	0	into	1	0	_
89	0	action	0	0	Intentionally_act
89	0	.	0	0	_

89	1	But	0	0	_
89	1	right	0	0	_
89	1	now	0	0	Temporal_collocation
89	1	,	0	0	_
89	1	it	0	0	_
89	1	appears	0	0	Give_impression
89	1	that	0	0	_
89	1	the	0	0	_
89	1	SWAT	0	0	_
89	1	team	0	0	Aggregate
89	1	here	0	0	Locative_relation
89	1	has	0	0	_
89	1	moved	1	0	Motion
89	1	on	1	0	_

90	0	s	0	0	_
90	0	not	0	0	Negation
90	0	enough	0	0	Sufficiency
90	0	to	0	0	_
90	0	just	0	0	_
90	0	recognize	0	0	Becoming_aware
90	0	their	0	0	_
90	0	needs	0	0	Needing
90	0	,	0	0	_
90	0	but	0	0	Concessive
90	0	I	0	0	_
90	0	need	0	0	Required_event
90	0	to	0	0	Required_event
90	0	move	1	0	Motion
90	0	into	1	0	_
90	0	action	0	0	Intentionally_act
90	0	to	0	0	_
90	0	meet	1	0	_
90	0	those	1	0	_
90	0	needs	0	0	Needing
90	0	.	0	0	_

90	1	Sometimes	0	0	Frequency
90	1	I	0	0	_
90	1	think	0	0	Awareness
90	1	it	0	0	_
90	1	would	0	0	_
90	1	be	0	0	_
90	1	too	0	0	Sufficiency
90	1	much	0	0	_
90	1	of	0	0	_
90	1	a	0	0	_

91	0	to	0	0	_
91	0	cover	1	1	_
91	0	,	0	0	_
91	0	they	0	0	_
91	0	had	0	0	Required_event
91	0	to	0	0	Required_event
91	0	deal	1	0	Resolve_problem
91	0	with	1	0	_
91	0	additional	0	0	Increment
91	0	artillery	0	0	Weapon
91	0	that	0	0	_
91	0	Longstreet	0	0	_
91	0	had	0	0	_
91	0	moved	1	0	Motion
91	0	into	1	0	_
91	0	action	0	0	Intentionally_act
91	0	rather	0	0	_
91	0	than	0	0	_
91	0	sending	0	0	Sending
91	0	infantry	0	0	_
91	0	reinforcements	0	0	_
91	0	.	0	0	_

91	1	One	0	0	Cardinal_numbers
91	1	soldier	0	0	Member_of_military
91	1	from	0	0	Origin
91	1	the	0	0	_
91	1	brigade	0	0	_
91	1	wrote	0	0	Statement
91	1	:	0	0	_
91	1	``	0	0	_
91	1	The	0	0	_

92	0	helpful	0	0	Assistance
92	0	and	0	0	_
92	0	inspiring	0	0	Subjective_influence
92	0	material	1	1	Ingredients
92	0	that	0	0	_
92	0	will	0	0	_
92	0	make	1	0	Causation
92	0	you	0	0	_
92	0	think	0	0	Awareness
92	0	,	0	0	_
92	0	learn	0	0	Education_teaching
92	0	,	0	0	_
92	0	and	0	0	_
92	0	move	1	0	Motion
92	0	into	1	0	_
92	0	action.	0	0	Intentionally_act
92	0	``	0	0	_

92	1	Raam	0	0	_
92	1	Dev	0	0	_
92	1	#	0	0	_
92	1	LOVE	0	0	Experiencer_focus
92	1	IT	0	0	_
92	1	!	0	0	_

92	2	Congratulations	0	0	Judgment_direct_address
92	2	.	0	0	_

92	3	Beautiful	0	0	Aesthetics
92	3	,	0	0	_
92	3	warm	0	0	Ambient_temperature
92	3	,	0	0	_
92	3	inspiring	0	0	Subjective_influence

93	0	scenario	0	0	_
93	0	for	0	0	_
93	0	which	0	0	_
93	0	there	0	0	Existence
93	0	is	0	0	Existence
93	0	truly	0	0	_
93	0	only	0	0	Sole_instance
93	0	one	0	0	Cardinal_numbers
93	0	obvious	0	0	Obviousness
93	0	solution	0	0	_
93	0	,	0	0	_
93	0	instead	0	0	_
93	0	of	0	0	_
93	0	moving	1	0	Motion
93	0	into	1	0	_
93	0	action	0	0	Intentionally_act
93	0	stand	0	0	Posture
93	0	there	0	0	_
93	0	glassy-eyed	0	0	_
93	0	with	0	0	_
93	0	their	0	0	_
93	0	mouths	0	0	Body_parts
93	0	dangling	0	0	Fluidic_motion
93	0	open	0	0	Openness
93	0	.	0	0	_

93	1	Like	0	0	_
93	1	if	0	0	_
93	1	you	0	0	_
93	1	're	0	0	_
93	1	at	0	0	Locative_relation
93	1	a	0	0	_

94	0	ship	0	0	Vehicle
94	0	up	1	0	_
94	0	got	1	0	_
94	0	it	0	0	_
94	0	?	0	0	_
94	0	``	0	0	_

94	1	Without	1	0	_
94	1	even	0	0	_
94	1	a	0	0	_
94	1	hesitation	0	0	_
94	1	,	0	0	_
94	1	Delta	0	0	_
94	1	team	0	0	Aggregate
94	1	moved	1	0	Motion
94	1	into	1	0	_
94	1	action	0	0	Intentionally_act
94	1	.	0	0	_

94	2	#	0	0	_
94	2	As	0	0	_
94	2	I	0	0	_
94	2	was	0	0	_
94	2	feeling	0	0	Perception_experience
94	2	the	0	0	_
94	2	cold	0	0	Ambient_temperature
94	2	steel	0	0	_
94	2	of	0	0	_
94	2	Cracker	0	0	_
94	2	Jack	0	0	_
94	2	's	0	0	_
94	2	pistol	0	0	Weapon
94	2	on	1	0	Spatial_contact

95	0	Solo	0	0	_
95	0	was	0	0	_
95	0	stricken	1	1	Emotion_directed
95	0	with	1	0	_
95	0	sorrow	0	0	Emotion_directed
95	0	at	1	0	_
95	0	the	0	0	_
95	0	fate	0	0	_
95	0	of	0	0	_
95	0	his	0	0	_
95	0	friend	0	0	Personal_relationship
95	0	,	0	0	_
95	0	he	0	0	_
95	0	moved	1	0	Motion
95	0	into	1	0	_
95	0	action	0	0	Intentionally_act
95	0	along	0	0	Accompaniment
95	0	with	0	0	Accompaniment
95	0	the	0	0	_
95	0	rest	0	0	Rest
95	0	of	0	0	_
95	0	the	0	0	_
95	0	Jedi	0	0	_
95	0	,	0	0	_
95	0	raiding	0	0	Attack
95	0	the	0	0	_
95	0	cloning	0	0	Cause_change
95	0	site	0	0	Locale_by_use
95	0	.	0	0	_

95	1	Solo	0	0	_
95	1	and	0	0	_

96	0	defense	0	0	Defending
96	0	forces	0	0	Military
96	0	,	0	0	_
96	0	armed	1	1	Bearing_arms
96	0	with	1	0	_
96	0	billions	0	0	Quantified_mass
96	0	of	0	0	_
96	0	rounds	0	0	Ammunition
96	0	of	0	0	_
96	0	snub-nosed	1	1	_
96	0	ammunition	0	0	Weapon
96	0	,	0	0	_
96	0	will	0	0	_
96	0	move	1	0	Motion
96	0	into	1	0	_
96	0	action	0	0	Intentionally_act
96	0	to	0	0	_
96	0	halt	1	1	Activity_stop
96	0	those	1	0	_
96	0	midterm	0	0	_
96	0	elections	0	0	Change_of_leadership
96	0	,	0	0	_
96	0	as	0	0	_
96	0	our	0	0	_
96	0	awakened	0	0	_
96	0	citizenry	0	0	People
96	0	,	0	0	_
96	0	belatedly	0	0	Relative_time
96	0	,	0	0	_
96	0	will	0	0	_
96	0	have	0	0	_

97	0	about	1	0	Topic
97	0	it	0	0	_
97	0	.	0	0	_

97	1	And	0	0	_
97	1	then	0	0	_
97	1	beyond	1	0	Locative_relation
97	1	talking	0	0	Chatting
97	1	about	1	0	_
97	1	it	0	0	_
97	1	,	0	0	_
97	1	helping	0	0	Assistance
97	1	them	0	0	_
97	1	to	0	0	_
97	1	move	1	0	Motion
97	1	into	1	0	_
97	1	action	0	0	Intentionally_act
97	1	.	0	0	_

97	2	You	0	0	_
97	2	know	0	0	Awareness
97	2	,	0	0	_
97	2	networking	0	0	Network
97	2	is	0	0	_
97	2	the	0	0	_
97	2	way	1	0	Means
97	2	to	0	0	_
97	2	connect	1	0	Social_connection
97	2	to	1	0	_
97	2	new	0	0	Familiarity
97	2	opportunities	0	0	Alternatives
97	2	and	0	0	_
97	2	if	0	0	_

98	0	business	0	0	Businesses
98	0	,	0	0	_
98	0	technology	0	0	Artifact
98	0	,	0	0	_
98	0	and	0	0	_
98	0	academiasectors	0	0	_
98	0	.	0	0	_

98	1	All	0	0	Quantified_mass
98	1	waited	0	0	Waiting
98	1	for	0	0	_
98	1	their	0	0	_
98	1	opportunity	0	0	_
98	1	to	0	0	_
98	1	move	1	0	Motion
98	1	into	1	0	_
98	1	action	0	0	Intentionally_act
98	1	.	0	0	_

98	2	For	0	0	_
98	2	many	0	0	Quantified_mass
98	2	of	0	0	Partitive
98	2	them	0	0	_
98	2	,	0	0	_
98	2	their	0	0	_
98	2	trails	1	0	Roadways
98	2	were	0	0	_
98	2	obscured	1	1	_
98	2	,	0	0	_
98	2	their	0	0	_
98	2	lives	0	0	_
98	2	reshaped	1	1	Cause_change
98	2	,	0	0	_

99	0	Armstrong	0	0	_
99	0	's	0	0	_
99	0	LiveStrong	0	0	_
99	0	foundation	1	1	_
99	0	last	0	0	Relative_time
99	0	year	0	0	Calendric_unit
99	0	.	0	0	_

99	1	#	0	0	_
99	1	Beck	0	0	_
99	1	said	0	0	Statement
99	1	she	0	0	_
99	1	was	0	0	_
99	1	particularly	0	0	_
99	1	moved	1	0	Cause_to_start
99	1	into	1	0	_
99	1	action	0	0	Intentionally_act
99	1	when	0	0	Temporal_collocation
99	1	she	0	0	_
99	1	started	0	0	Activity_start
99	1	her	0	0	_
99	1	chemotherapy	0	0	_
99	1	treatment	0	0	Cure
99	1	.	0	0	_

99	2	She	0	0	_
99	2	was	0	0	_
99	2	sitting	0	0	Posture
99	2	in	0	0	Interior_profile_relation
99	2	a	0	0	_
99	2	clinic	0	0	Locale_by_use
99	2	with	0	0	_
99	2	a	0	0	_

100	0	and	0	0	_
100	0	participatory	0	0	Participation
100	0	research	0	0	Research
100	0	,	0	0	_
100	0	and	0	0	_
100	0	places	1	0	_
100	0	a	0	0	_
100	0	special	0	0	_
100	0	emphasis	1	1	Emphasizing
100	0	on	1	0	_
100	0	critical	0	0	_
100	0	thinking	0	0	Awareness
100	0	and	0	0	_
100	0	moving	1	0	Motion
100	0	into	1	0	_
100	0	action	0	0	Intentionally_act
100	0	``	0	0	_
100	0	(	0	0	_
100	0	p.	0	0	_
100	0	8	0	0	_
100	0	)	0	0	_
100	0	.	0	0	_

100	1	#	0	0	_
100	1	The	0	0	_
100	1	similarities	0	0	Similarity
100	1	between	1	0	_
100	1	empowerment-oriented	0	0	_
100	1	school	0	0	Locale_by_use
100	1	interventions	0	0	_
100	1	like	0	0	_
100	1	ASIP	0	0	_

101	0	,	0	0	_
101	0	fighting	1	1	Hostile_encounter
101	0	for	0	0	_
101	0	any	0	0	Quantified_mass
101	0	news	0	0	_
101	0	of	0	0	_
101	0	Neil	0	0	_
101	0	.	0	0	_

101	1	#	0	0	_
101	1	At	0	0	_
101	1	least	0	0	_
101	1	he	0	0	_
101	1	could	0	0	Capability
101	1	move	1	0	Motion
101	1	into	1	0	_
101	1	action	0	0	Intentionally_act
101	1	now	0	0	Temporal_collocation
101	1	,	0	0	_
101	1	thanks	0	0	_
101	1	to	1	0	_
101	1	that	1	0	_
101	1	asinine	0	0	_
101	1	European	0	0	_
101	1	decision	0	0	Deciding
101	1	to	0	0	_
101	1	give	1	0	Giving
101	1	Russia	0	0	_
101	1	command	1	0	Leadership
101	1	of	0	0	_
101	1	the	0	0	_
101	1	army	0	0	Military

102	0	Everything	0	0	_
102	0	is	0	0	_
102	0	in	1	0	_
102	0	place	0	0	Locale
102	0	.	0	0	_

102	1	Yegor	0	0	_
102	1	handle	1	1	Resolve_problem
102	1	diversion	1	1	_
102	1	when	0	0	Temporal_collocation
102	1	re-entry	0	0	Arriving
102	1	begin	0	0	Process_start
102	1	.	0	0	_

102	2	We	0	0	_
102	2	move	0	0	Motion
102	2	into	1	0	_
102	2	action	0	0	Intentionally_act
102	2	,	0	0	_
102	2	reset	0	0	_
102	2	new	0	0	Age
102	2	landing	0	0	_
102	2	coordinates	0	0	_
102	2	.	0	0	_

102	3	Ah	0	0	_
102	3	,	0	0	_
102	3	not	0	0	_
102	3	worry	1	0	Emotion_directed
102	3	,	0	0	_
102	3	Comrade	0	0	_
102	3	.	0	0	_

102	4	I	0	0	_
102	4	not	0	0	_

103	0	together	0	0	Collaboration
103	0	,	0	0	_
103	0	so	0	0	_
103	0	after	0	0	Relative_time
103	0	Darrel	0	0	_
103	0	backed	0	0	Self_motion
103	0	up	0	0	_
103	0	to	0	0	_
103	0	the	0	0	_
103	0	front	0	0	Part_orientational
103	0	door	0	0	Connecting_architecture
103	0	,	0	0	_
103	0	we	0	0	_
103	0	moved	1	0	Motion
103	0	into	1	0	_
103	0	action	0	0	Intentionally_act
103	0	.	0	0	_

103	1	We	0	0	_
103	1	found	0	0	Becoming_aware
103	1	power	0	0	Electricity
103	1	and	0	0	_
103	1	water	0	0	Substance
103	1	in	0	0	Interior_profile_relation
103	1	the	0	0	_
103	1	basement	0	0	Building_subparts
103	1	,	0	0	_
103	1	and	0	0	_
103	1	Darrel	0	0	_
103	1	began	0	0	Activity_start
103	1	beating	0	0	Cause_harm
103	1	the	0	0	_

104	0	took	1	0	Event
104	0	place	0	0	Event
104	0	in	1	0	Temporal_collocation
104	0	March	0	0	_
104	0	2003	0	0	_
104	0	,	0	0	_
104	0	on	1	0	_
104	0	the	0	0	_
104	0	day	0	0	Calendric_unit
104	0	before	0	0	Time_vector
104	0	they	0	0	_
104	0	were	0	0	_
104	0	to	0	0	_
104	0	move	1	0	Motion
104	0	into	1	0	_
104	0	action	0	0	Intentionally_act
104	0	in	0	0	Interior_profile_relation
104	0	Iraq	0	0	_
104	0	.	0	0	_

104	1	At	1	0	Temporal_collocation
104	1	nine	0	0	Cardinal_numbers
104	1	minutes	0	0	Measure_duration
104	1	after	1	0	Time_vector
104	1	the	0	0	_
104	1	hour	0	0	Calendric_unit
104	1	,	0	0	_
104	1	let	0	0	_
104	1	's	0	0	_
104	1	check	0	0	_
104	1	in	0	0	_
104	1	with	0	0	_

105	0	voice	0	0	Body_parts
105	0	hoarse	0	0	Make_noise
105	0	and	0	0	_
105	0	faraway	0	0	_
105	0	and	0	0	_
105	0	not	0	0	Negation
105	0	his	0	0	_
105	0	own	0	0	_
105	0	,	0	0	_
105	0	even	0	0	_
105	0	as	0	0	_
105	0	his	0	0	_
105	0	body	0	0	Body_parts
105	0	moved	1	0	Motion
105	0	into	1	0	_
105	0	action	0	0	Intentionally_act
105	0	and	0	0	_
105	0	they	0	0	_
105	0	rapidly	0	0	Taking_time
105	0	wheeled	0	0	Cause_motion
105	0	Milla	0	0	_
105	0	into	0	0	Goal
105	0	the	0	0	_
105	0	surgical	0	0	_
105	0	bay	0	0	_
105	0	he	0	0	_
105	0	had	0	0	_
105	0	just	0	0	_
105	0	left.	0	0	Departing
105	0	``	0	0	_

106	0	HEROINE	0	0	_
106	0	#	0	0	_
106	0	Come	1	0	_
106	0	on	1	0	_
106	0	!	0	0	_

106	1	Let	0	0	_
106	1	's	0	0	_
106	1	blow	0	0	_
106	1	this	0	0	_
106	1	thing	0	0	Entity
106	1	!	0	0	_

106	2	The	0	0	_
106	2	others	0	0	Increment
106	2	move	1	0	Motion
106	2	into	1	0	_
106	2	action	0	0	Intentionally_act
106	2	.	0	0	_

106	3	Beer	0	0	_
106	3	Guy	0	0	_
106	3	takes	0	0	Removing
106	3	off	0	0	Wearing
106	3	his	0	0	_
106	3	shirt	0	0	Clothing
106	3	and	0	0	_
106	3	shoves	0	0	Cause_motion
106	3	it	0	0	_
106	3	into	0	0	_
106	3	the	0	0	_
106	3	fuel	0	0	_
106	3	tank	0	0	Containers
106	3	.	0	0	_

107	0	man	0	0	People
107	0	.	0	0	_

107	1	#	0	0	_
107	1	#	0	0	_
107	1	NATALIE	0	0	_
107	1	#	0	0	_
107	1	Nice	0	0	Desirability
107	1	work	0	0	Work
107	1	,	0	0	_
107	1	Dyl	0	0	_
107	1	.	0	0	_

107	2	#	0	0	_
107	2	They	0	0	_
107	2	move	1	0	Motion
107	2	into	1	0	_
107	2	action	0	0	Intentionally_act
107	2	.	0	0	_

107	3	#	0	0	_
107	3	EXT	0	0	_
107	3	.	0	0	_

107	4	SECOND	0	0	Ordinal_numbers
107	4	STORY	0	0	Text
107	4	VERANDAH	0	0	_
107	4	-	0	0	_
107	4	DAY	0	0	Calendric_unit
107	4	#	0	0	_
107	4	Dylan	0	0	_
107	4	is	0	0	_
107	4	led	0	0	Leadership
107	4	inside	0	0	Part_inner_outer
107	4	by	0	0	_

108	0	tide	1	1	_
108	0	of	0	0	_
108	0	infectious	0	0	_
108	0	and	0	0	_
108	0	nutritional	0	0	_
108	0	diseases	0	0	Medical_conditions
108	0	was	0	0	_
108	0	rapidly	0	0	Taking_time
108	0	receding	0	0	Change_position_on_a_scale
108	0	when	0	0	Temporal_collocation
108	0	the	0	0	_
108	0	laboratory	0	0	Locale_by_use
108	0	scientist	0	0	People_by_vocation
108	0	moved	1	0	Motion
108	0	into	1	0	_
108	0	action	0	0	Intentionally_act
108	0	at	1	0	Temporal_collocation
108	0	the	0	0	_
108	0	end	1	0	Temporal_subregion
108	0	of	0	0	_
108	0	the	0	0	_
108	0	past	0	0	Relative_time
108	0	century	0	0	Calendric_unit
108	0	.	0	0	_

108	1	(	0	0	_
108	1	n9	0	0	_
108	1	)	0	0	_
108	1	#	0	0	_
108	1	Our	0	0	_
108	1	social	0	0	_
108	1	systems	1	1	System
108	1	,	0	0	_

109	0	unceremoniously	0	0	_
109	0	fired	0	0	Shoot_projectiles
109	0	and	0	0	_
109	0	arrested	0	0	Arrest
109	0	,	0	0	_
109	0	his	0	0	_
109	0	wife	0	0	Personal_relationship
109	0	,	0	0	_
109	0	Wan	0	0	_
109	0	Azizah	0	0	_
109	0	Ismail	0	0	_
109	0	,	0	0	_
109	0	quickly	0	0	Speed_description
109	0	moved	1	0	Motion
109	0	into	1	0	_
109	0	action	0	0	Intentionally_act
109	0	.	0	0	_

109	1	The	0	0	_
109	1	charges	1	0	Notification_of_charges
109	1	against	1	0	_
109	1	Ibrahim	0	0	_
109	1	are	0	0	_
109	1	widely	0	0	_
109	1	believed	0	0	Awareness
109	1	to	0	0	_
109	1	be	0	0	_
109	1	trumped	1	1	_
109	1	up	1	0	_
109	1	by	0	0	_
109	1	Prime	0	0	Leadership
109	1	Minister	0	0	Leadership

110	0	removed	1	1	Removing
110	0	from	0	0	_
110	0	where	0	0	Locative_relation
110	0	it	0	0	_
110	0	started	1	0	Process_start
110	0	.	0	0	_

110	1	When	0	0	Temporal_collocation
110	1	she	0	0	_
110	1	talks	0	0	Chatting
110	1	,	0	0	_
110	1	her	0	0	_
110	1	hands	0	0	Body_parts
110	1	inevitably	0	0	_
110	1	move	1	0	Motion
110	1	into	1	0	_
110	1	action	0	0	Intentionally_act
110	1	,	0	0	_
110	1	and	0	0	_
110	1	her	0	0	_
110	1	contributions	1	1	Giving
110	1	are	0	0	_
110	1	invariably	0	0	_
110	1	upbeat	0	0	_
110	1	.	0	0	_

110	2	But	0	0	Concessive
110	2	she	0	0	_
110	2	holds	0	0	_
110	2	back	0	0	_
110	2	,	0	0	_
110	2	seemingly	0	0	_
110	2	aware	0	0	Awareness

111	0	and	0	0	_
111	0	depress	1	1	Experiencer_obj
111	0	readers	0	0	_
111	0	.	0	0	_

111	1	I	0	0	_
111	1	personally	0	0	_
111	1	want	0	0	Desiring
111	1	to	0	0	_
111	1	be	0	0	_
111	1	inspired	0	0	Subjective_influence
111	1	and	0	0	_
111	1	maybe	0	0	_
111	1	even	0	0	_
111	1	moved	1	0	_
111	1	into	1	0	_
111	1	action	0	0	Intentionally_act
111	1	!	0	0	_

111	2	#	0	0	_
111	2	The	0	0	_
111	2	status	0	0	_
111	2	quo	0	0	_
111	2	style	0	0	Type
111	2	of	0	0	_
111	2	journalism	0	0	_
111	2	has	0	0	_
111	2	certainly	0	0	Likelihood
111	2	chased	1	1	Cotheme
111	2	me	0	0	_
111	2	away	1	0	_
111	2	from	1	0	_
111	2	editorial	0	0	Text

112	0	restaurant	0	0	Locale_by_use
112	0	quietly	0	0	_
112	0	.	0	0	_

112	1	But	0	0	Concessive
112	1	when	0	0	Temporal_collocation
112	1	Mr.	0	0	_
112	1	Carrillo	0	0	_
112	1	died	0	0	Death
112	1	last	0	0	Relative_time
112	1	year	0	0	Calendric_unit
112	1	,	0	0	_
112	1	Mr.	0	0	_
112	1	Munoz	0	0	_
112	1	moved	1	0	Motion
112	1	into	1	0	_
112	1	action	0	0	Intentionally_act
112	1	,	0	0	_
112	1	officials	0	0	Leadership
112	1	from	0	0	Origin
112	1	both	0	0	Quantified_mass
112	1	countries	0	0	Political_locales
112	1	said	0	0	Statement
112	1	.	0	0	_

112	2	#	0	0	_
112	2	Francisco	0	0	_
112	2	Barrio	0	0	_
112	2	Terrazas	0	0	_
112	2	,	0	0	_
112	2	the	0	0	_
112	2	Governor	0	0	Leadership
112	2	of	0	0	_

113	0	#	0	0	_
113	0	The	0	0	_
113	0	second	0	0	Ordinal_numbers
113	0	hand	0	0	Body_parts
113	0	on	1	0	_
113	0	Luther	0	0	_
113	0	's	0	0	_
113	0	watch	0	0	_
113	0	hits	1	0	Impact
113	0	the	0	0	_
113	0	top	0	0	Part_orientational
113	0	and	0	0	_
113	0	he	0	0	_
113	0	moves	0	0	Motion
113	0	into	1	0	_
113	0	action	0	0	Intentionally_act
113	0	.	0	0	_

113	1	#	0	0	_
113	1	--	0	0	_
113	1	He	0	0	_
113	1	points	0	0	Manipulation
113	1	the	0	0	_
113	1	clicker	0	0	_
113	1	at	0	0	_
113	1	the	0	0	_
113	1	door	0	0	Connecting_architecture
113	1	--	0	0	_
113	1	#	0	0	_
113	1	--	0	0	_
113	1	the	0	0	_
113	1	door	0	0	Connecting_architecture

114	0	explicit	0	0	_
114	0	preference	0	0	Choosing
114	0	.	0	0	_

114	1	However	0	0	_
114	1	,	0	0	_
114	1	we	0	0	_
114	1	are	0	0	_
114	1	equipped	0	0	Supply
114	1	and	0	0	_
114	1	would	0	0	_
114	1	be	0	0	_
114	1	able	0	0	Capability
114	1	to	0	0	_
114	1	move	0	0	Motion
114	1	into	1	0	_
114	1	action	0	0	Intentionally_act
114	1	within	1	0	Temporal_collocation
114	1	days	0	0	Calendric_unit
114	1	in	1	0	_
114	1	our	0	0	_
114	1	traditional	0	0	Custom
114	1	capacity	0	0	Capability
114	1	of	0	0	_
114	1	,	0	0	_
114	1	after	0	0	Time_vector
114	1	initial	0	0	Version_sequence
114	1	eligibility	0	0	_
114	1	has	0	0	_
114	1	been	0	0	_
114	1	established	0	0	Intentionally_create
114	1	,	0	0	_

115	0	are	0	0	_
115	0	born	1	0	Being_born
115	0	with	1	0	_
115	0	a	0	0	_
115	0	tendency	0	0	Likelihood
115	0	to	0	0	_
115	0	venture	1	1	Motion
115	0	,	0	0	_
115	0	respond	1	0	Response
115	0	openly	0	0	_
115	0	,	0	0	_
115	0	and	0	0	_
115	0	quickly	0	0	Speed_description
115	0	move	1	0	Motion
115	0	into	1	0	_
115	0	action	0	0	Intentionally_act
115	0	.	0	0	_

115	1	It	0	0	_
115	1	is	0	0	_
115	1	observed	0	0	Perception_experience
115	1	when	0	0	Temporal_collocation
115	1	they	0	0	_
115	1	reach	0	0	Arriving
115	1	out	0	0	_
115	1	,	0	0	_
115	1	touch	0	0	_
115	1	,	0	0	_
115	1	grab	0	0	_
115	1	,	0	0	_
115	1	get	0	0	Transition_to_state
115	1	involved	0	0	Participation

116	0	reflect	0	0	Cogitation
116	0	and	0	0	_
116	0	think	0	0	Cogitation
116	0	.	0	0	_

116	1	However	0	0	Concessive
116	1	,	0	0	_
116	1	we	0	0	_
116	1	also	0	0	_
116	1	want	0	0	Desiring
116	1	them	0	0	_
116	1	to	0	0	_
116	1	respond	0	0	Response
116	1	,	0	0	_
116	1	move	1	0	Motion
116	1	into	1	0	_
116	1	action	0	0	Intentionally_act
116	1	,	0	0	_
116	1	and	0	0	_
116	1	get	0	0	Transition_to_state
116	1	involved	0	0	Participation
116	1	.	0	0	_

116	2	Perceiving	0	0	_
116	2	children	0	0	Kinship
116	2	with	1	0	_
116	2	these	1	0	_
116	2	two	0	0	Cardinal_numbers
116	2	resources	1	0	_
116	2	as	0	0	_
116	2	inherent	0	0	_
116	2	strengths	1	1	_
116	2	enables	0	0	_

117	0	child	0	0	People_by_age
117	0	who	0	0	_
117	0	has	1	0	Possession
117	0	a	0	0	_
117	0	key	0	0	Importance
117	0	resource	1	1	_
117	0	of	0	0	_
117	0	venturing	1	1	Self_motion
117	0	--	0	0	_
117	0	that	1	0	_
117	0	is	0	0	_
117	0	,	0	0	_
117	0	who	0	0	_
117	0	moves	1	0	Motion
117	0	into	1	0	_
117	0	action	0	0	Intentionally_act
117	0	,	0	0	_
117	0	gets	0	0	Transition_to_state
117	0	involved	0	0	Participation
117	0	quickly	0	0	Speed_description
117	0	,	0	0	_
117	0	responds	0	0	Response
117	0	,	0	0	_
117	0	and	0	0	_
117	0	is	0	0	_
117	0	``	0	0	_
117	0	into	1	0	_
117	0	everything	0	0	_
117	0	,	0	0	_
117	0	``	0	0	_
117	0	can	0	0	Capability

118	0	.	0	0	_
118	0	``	0	0	_

118	1	#	0	0	_
118	1	And	0	0	_
118	1	behind	1	0	_
118	1	the	0	0	_
118	1	scenes	1	1	_
118	1	,	0	0	_
118	1	authorities	0	0	Leadership
118	1	say	0	0	Statement
118	1	,	0	0	_
118	1	Patrick	0	0	_
118	1	Hallinan	0	0	_
118	1	moved	1	0	Motion
118	1	into	1	0	_
118	1	action	0	0	Intentionally_act
118	1	again	0	0	_
118	1	on	0	0	_
118	1	behalf	0	0	_
118	1	of	0	0	_
118	1	Mancuso	0	0	_
118	1	and	0	0	_
118	1	his	0	0	_
118	1	cohorts	0	0	Aggregate
118	1	.	0	0	_

118	2	#	0	0	_
118	2	On	1	0	Temporal_collocation
118	2	March	0	0	Calendric_unit
118	2	3	0	0	_
118	2	,	0	0	_
118	2	1989	0	0	_

119	0	that	0	0	_
119	0	by	1	0	_
119	0	this	1	0	_
119	0	weekend	0	0	Calendric_unit
119	0	the	0	0	_
119	0	Clinton	0	0	_
119	0	administration	0	0	_
119	0	has	0	0	_
119	0	gotten	1	0	Transition_to_state
119	0	off	1	0	_
119	0	the	0	0	_
119	0	sidelines	1	1	_
119	0	and	0	0	_
119	0	moved	1	0	_
119	0	into	1	0	_
119	0	action	0	0	Intentionally_act
119	0	on	1	0	_
119	0	both	0	0	_
119	0	the	0	0	_
119	0	military	0	0	Military
119	0	and	0	0	_
119	0	diplomatic	0	0	_
119	0	fronts	1	1	_
119	0	-	0	0	_
119	0	that	1	0	_
119	0	's	0	0	_
119	0	to	0	0	_
119	0	say	0	0	Statement
119	0	the	0	0	_
119	0	NATO	0	0	_
119	0	ultimatum	0	0	_

120	0	after	1	0	Relative_time
120	0	Alquist	0	0	_
120	0	's	0	0	_
120	0	bill	0	0	Law
120	0	was	0	0	_
120	0	introduced	0	0	_
120	0	in	1	0	Temporal_collocation
120	0	February	0	0	_
120	0	,	0	0	_
120	0	the	0	0	_
120	0	California	0	0	_
120	0	Judges	0	0	_
120	0	Association	0	0	Organization
120	0	moved	1	0	_
120	0	into	1	0	_
120	0	action	0	0	Intentionally_act
120	0	,	0	0	_
120	0	convening	0	0	Come_together
120	0	meetings	0	0	Discussion
120	0	of	0	0	_
120	0	its	0	0	_
120	0	top	1	0	Occupy_rank
120	0	officers	0	0	Leadership
120	0	and	0	0	_
120	0	faxing	0	0	Sending
120	0	copies	0	0	_
120	0	of	0	0	_
120	0	the	0	0	_
120	0	bill	0	0	_
120	0	to	1	0	Goal
120	0	members	1	0	Membership

121	0	,	0	0	_
121	0	and	0	0	_
121	0	supernovas	0	0	_
121	0	.	0	0	_

121	1	On	1	0	_
121	1	the	0	0	_
121	1	basis	0	0	_
121	1	of	0	0	_
121	1	amateur	0	0	_
121	1	reports	0	0	Statement
121	1	,	0	0	_
121	1	professionals	0	0	Expertise
121	1	quickly	0	0	Speed_description
121	1	move	1	0	Motion
121	1	into	1	0	_
121	1	action	0	0	Intentionally_act
121	1	;	0	0	_
121	1	they	0	0	_
121	1	stop	0	0	Preventing_or_letting
121	1	giant	0	0	Size
121	1	research	0	0	Research
121	1	telescopes	0	0	_
121	1	in	0	0	Interior_profile_relation
121	1	places	0	0	Locale
121	1	like	0	0	_
121	1	Mt	0	0	_
121	1	.	0	0	_

121	2	Kea	0	0	_
121	2	in	0	0	Interior_profile_relation
121	2	Hawaii	0	0	_
121	2	and	0	0	_

122	0	on	1	0	Spatial_contact
122	0	him	0	0	_
122	0	now	0	0	Temporal_collocation
122	0	.	0	0	_

122	1	SMITH	0	0	_
122	1	:	0	0	_
122	1	(	1	0	_
122	1	Voiceover	0	0	_
122	1	)	0	0	_
122	1	And	0	0	_
122	1	the	0	0	_
122	1	task	0	0	_
122	1	force	1	1	Military
122	1	moves	1	0	Motion
122	1	into	1	0	_
122	1	action	0	0	Intentionally_act
122	1	.	0	0	_

122	2	Officer	0	0	_
122	2	3	0	0	_
122	2	:	0	0	_
122	2	Tony	0	0	_
122	2	,	0	0	_
122	2	this	0	0	_
122	2	is	0	0	_
122	2	it	0	0	_
122	2	over	0	0	Locative_relation
122	2	here	0	0	Locative_relation
122	2	on	0	0	Spatial_contact
122	2	the	0	0	_
122	2	left	0	0	Part_orientational
122	2	--	0	0	_

123	0	iron	0	0	Substance
123	0	wings	1	1	Architectural_part
123	0	shut	0	0	Openness
123	0	with	1	0	_
123	0	a	0	0	_
123	0	bang	0	0	Sounds
123	0	.	0	0	_

123	1	Ten	0	0	Cardinal_numbers
123	1	guys	0	0	People
123	1	who	0	0	_
123	1	watched	0	0	Perception_active
123	1	it	0	0	_
123	1	happen	0	0	Event
123	1	moved	1	0	Motion
123	1	into	1	0	_
123	1	action	0	0	Intentionally_act
123	1	as	0	0	_
123	1	one	0	0	Cardinal_numbers
123	1	.	0	0	_

123	2	Omani	0	0	_
123	2	quicked	0	0	Self_motion
123	2	over	0	0	_
123	2	to	0	0	_
123	2	his	0	0	_
123	2	bench	0	0	_
123	2	and	0	0	_
123	2	stood	0	0	Posture
123	2	close	0	0	_
123	2	over	0	0	_
123	2	the	0	0	_
123	2	couple	0	0	Personal_relationship

124	0	the	0	0	_
124	0	era	0	0	Calendric_unit
124	0	of	0	0	_
124	0	American	0	0	Origin
124	0	climate	0	0	_
124	0	change	0	0	Undergo_change
124	0	denialism	0	0	_
124	0	over	0	0	Process_completed_state
124	0	.	0	0	_

124	1	WILLIAM-BRANGHAM	0	0	_
124	1	)	0	0	_
124	1	:	0	0	_
124	1	Villasenor	0	0	_
124	1	was	0	0	_
124	1	moved	1	0	Cause_motion
124	1	to	1	0	_
124	1	action	0	0	Intentionally_act
124	1	after	0	0	Relative_time
124	1	a	0	0	_
124	1	trip	0	0	Travel
124	1	back	1	0	_
124	1	to	0	0	_
124	1	her	0	0	_
124	1	home	0	0	Foreign_or_domestic_country
124	1	state	0	0	Political_locales
124	1	of	0	0	_
124	1	California	0	0	_
124	1	was	0	0	_
124	1	cut	1	0	Cause_change_of_position_on_a_scale
124	1	short	1	0	Duration_description
124	1	by	0	0	_
124	1	last	0	0	Ordinal_numbers

125	0	or	0	0	_
125	0	,	0	0	_
125	0	more	0	0	_
125	0	broadly	1	1	_
125	0	,	0	0	_
125	0	of	0	0	Partitive
125	0	the	0	0	_
125	0	millions	0	0	Quantified_mass
125	0	of	0	0	_
125	0	women	0	0	People
125	0	who	0	0	_
125	0	had	0	0	_
125	0	been	0	0	_
125	0	moved	1	0	Subjective_influence
125	0	to	1	0	_
125	0	action	0	0	Intentionally_act
125	0	in	1	0	_
125	0	past	0	0	Relative_time
125	0	two	0	0	Cardinal_numbers
125	0	years	0	0	Calendric_unit
125	0	?	0	0	_

125	1	It	0	0	_
125	1	was	0	0	_
125	1	unclear	0	0	Obviousness
125	1	,	0	0	_
125	1	but	0	0	_
125	1	she	0	0	_
125	1	repeated	0	0	Adducing
125	1	her	0	0	_
125	1	words	0	0	Statement
125	1	.	0	0	_

126	0	threw	1	0	_
126	0	themselves	0	0	_
126	0	against	1	0	_
126	0	danger	0	0	Risky_situation
126	0	to	0	0	_
126	0	assist	0	0	Assistance
126	0	fellow	0	0	_
126	0	crew	0	0	Aggregate
126	0	without	1	0	_
126	0	thought	0	0	Cogitation
126	0	for	0	0	_
126	0	themselves	0	0	_
126	0	,	0	0	_
126	0	moved	1	0	Motion
126	0	to	1	0	_
126	0	action	0	0	Intentionally_act
126	0	regardless	0	0	_
126	0	of	0	0	_
126	0	accompanying	0	0	_
126	0	terror	0	0	Fear
126	0	.	0	0	_

126	1	They	0	0	_
126	1	seem	0	0	Give_impression
126	1	alien	0	0	_
126	1	to	1	0	_
126	1	me	0	0	_
126	1	.	0	0	_

126	2	I	0	0	_
126	2	'm	0	0	_
126	2	fully	0	0	_
126	2	aware	0	0	Awareness

127	0	liberal	0	0	_
127	0	,	0	0	_
127	0	we	0	0	_
127	0	are	0	0	_
127	0	all	0	0	Quantified_mass
127	0	Americans	0	0	People_by_origin
127	0	--	0	0	_
127	0	and	0	0	_
127	0	we	0	0	_
127	0	all	0	0	_
127	0	are	0	0	_
127	0	human	0	0	People
127	0	beings	0	0	People
127	0	moved	1	0	Subjective_influence
127	0	to	1	0	_
127	0	action	0	0	Intentionally_act
127	0	by	0	0	_
127	0	the	0	0	_
127	0	suffering	0	0	Catastrophe
127	0	we	0	0	_
127	0	see	1	0	Perception_experience
127	0	.	0	0	_

127	1	#	0	0	_
127	1	The	0	0	_
127	1	tragic	0	0	Killing
127	1	events	0	0	Event
127	1	of	0	0	_
127	1	recent	0	0	Relative_time
127	1	weeks	0	0	Calendric_unit
127	1	prove	1	1	Evidence
127	1	we	0	0	_

128	0	Kurdish	0	0	_
128	0	women	0	0	People
128	0	were	0	0	_
128	0	carrying	0	0	Bringing
128	0	guns	0	0	Weapon
128	0	,	0	0	_
128	0	Leyla	0	0	_
128	0	Zana	0	0	_
128	0	said	0	0	Statement
128	0	,	0	0	_
128	0	``	0	0	_
128	0	I	0	0	_
128	0	was	0	0	_
128	0	moved	1	0	Subjective_influence
128	0	to	1	0	_
128	0	action	0	0	Intentionally_act
128	0	.	0	0	_

128	1	This	1	0	_
128	1	changes	1	0	Cause_change
128	1	everything	0	0	_
128	1	,	0	0	_
128	1	I	0	0	_
128	1	told	0	0	Telling
128	1	myself	0	0	_
128	1	,	0	0	_
128	1	a	0	0	_
128	1	woman	0	0	People
128	1	is	0	0	_
128	1	also	0	0	_
128	1	a	0	0	_
128	1	human	0	0	People

129	0	School	0	0	Locale_by_use
129	0	in	1	0	Temporal_collocation
129	0	1999	0	0	_
129	0	and	0	0	_
129	0	an	0	0	_
129	0	Aurora	0	0	_
129	0	movie	0	0	_
129	0	theater	0	0	Locale_by_use
129	0	in	1	0	Temporal_collocation
129	0	2012	0	0	_
129	0	--	0	0	_
129	0	and	0	0	_
129	0	further	1	1	Increment
129	0	moved	1	0	Motion
129	0	to	1	0	_
129	0	action	0	0	Intentionally_act
129	0	after	0	0	Relative_time
129	0	first-graders	0	0	_
129	0	were	0	0	_
129	0	slain	0	0	Killing
129	0	at	0	0	Locative_relation
129	0	a	0	0	_
129	0	Connecticut	0	0	_
129	0	elementary	0	0	_
129	0	school	0	0	Locale_by_use
129	0	in	1	0	Temporal_collocation
129	0	December.	0	0	Calendric_unit
129	0	``	0	0	_

129	1	We	0	0	_
129	1	are	0	0	_

130	0	social	0	0	_
130	0	issues	0	0	Point_of_dispute
130	0	related	0	0	Cognitive_connection
130	0	to	1	0	_
130	0	justice	0	0	_
130	0	.	0	0	_

130	1	Taking	1	0	_
130	1	action	0	0	Intentionally_act
130	1	and	0	0	_
130	1	promoting	0	0	_
130	1	social	0	0	_
130	1	justice	0	0	_
130	1	--	0	0	_
130	1	Moving	1	0	Motion
130	1	to	1	0	_
130	1	action	0	0	Intentionally_act
130	1	(	0	0	_
130	1	through	1	0	_
130	1	talk	0	0	Text
130	1	,	0	0	_
130	1	letter	0	0	Text
130	1	writing	0	0	Text_creation
130	1	,	0	0	_
130	1	etc	0	0	_
130	1	.	0	0	_
130	1	)	0	0	_

130	2	based	1	0	_
130	2	on	1	0	_
130	2	an	0	0	_
130	2	inquiry	0	0	Criminal_investigation
130	2	.	0	0	_

130	3	#	0	0	_

131	0	learned	0	0	Coming_to_believe
131	0	from	1	0	_
131	0	Protagoras	0	0	_
131	0	and	0	0	_
131	0	Gorgias	0	0	_
131	0	the	0	0	_
131	0	supreme	0	0	_
131	0	importance	0	0	Importance
131	0	of	0	0	_
131	0	persuasion	0	0	Subjective_influence
131	0	.	0	0	_

131	1	Men	0	0	People
131	1	are	0	0	_
131	1	moved	1	0	Subjective_influence
131	1	to	1	0	_
131	1	action	0	0	Intentionally_act
131	1	not	0	0	_
131	1	by	0	0	_
131	1	things	1	0	_
131	1	as	0	0	_
131	1	they	0	0	_
131	1	are	0	0	_
131	1	,	0	0	_
131	1	but	0	0	_
131	1	by	0	0	_
131	1	their	0	0	_
131	1	own	0	0	_
131	1	opinions	0	0	Opinion
131	1	and	0	0	_
131	1	convictions	0	0	Opinion
131	1	.	0	0	_

132	0	and	0	0	_
132	0	finally	0	0	_
132	0	we	0	0	_
132	0	will	0	0	_
132	0	focus	1	0	Emphasizing
132	0	on	0	0	_
132	0	the	0	0	_
132	0	importance	0	0	Importance
132	0	role	0	0	_
132	0	of	0	0	_
132	0	Civil	0	0	_
132	0	society	0	0	_
132	0	when	0	0	_
132	0	moving	0	0	Motion
132	0	to	1	0	_
132	0	action	0	0	Intentionally_act
132	0	through	0	0	_
132	0	leading	0	0	Leadership
132	0	the	0	0	_
132	0	Wasteful	0	0	_
132	0	System	0	0	System
132	0	AWARENESS	0	0	_
132	0	MOVEMENT	0	0	_
132	0	aiming	1	1	Purpose
132	0	to	0	0	_
132	0	correct	0	0	Cure
132	0	misconceptions	0	0	_
132	0	for	0	0	_
132	0	the	0	0	_
132	0	nature	0	0	_
132	0	resources	0	0	_

133	0	bill	0	0	Documents
133	0	as	0	0	_
133	0	a	0	0	_
133	0	silly	0	0	Mental_property
133	0	hypothetical	0	0	_
133	0	,	0	0	_
133	0	consider	1	0	Categorization
133	0	this	0	0	_
133	0	.	0	0	_

133	1	What	0	0	_
133	1	if	0	0	_
133	1	Congress	0	0	Leadership
133	1	(	0	0	_
133	1	moved	1	0	_
133	1	to	1	0	_
133	1	action	0	0	Intentionally_act
133	1	by	0	0	_
133	1	my	0	0	_
133	1	last	0	0	Relative_time
133	1	post	0	0	Text
133	1	,	0	0	_
133	1	on	1	0	_
133	1	overseas	0	0	_
133	1	voting	0	0	_
133	1	)	0	0	_
133	1	decided	1	0	Deciding
133	1	to	0	0	_
133	1	let	0	0	Preventing_or_letting
133	1	American	0	0	Origin
133	1	citizens	0	0	People_by_jurisdiction
133	1	who	0	0	_

134	0	power	1	1	_
134	0	of	0	0	_
134	0	philanthropy	0	0	_
134	0	?	0	0	_

134	1	Upon	1	0	_
134	1	further	0	0	Increment
134	1	reflection	0	0	Cogitation
134	1	,	0	0	_
134	1	however	0	0	_
134	1	,	0	0	_
134	1	I	0	0	_
134	1	found	1	0	Becoming_aware
134	1	myself	0	0	_
134	1	moved	1	0	Subjective_influence
134	1	to	1	0	_
134	1	action	0	0	Intentionally_act
134	1	by	0	0	_
134	1	the	0	0	_
134	1	words	0	0	_
134	1	of	0	0	_
134	1	the	0	0	_
134	1	great	1	0	_
134	1	Jewish	0	0	_
134	1	sage	0	0	_
134	1	,	0	0	_
134	1	Hillel	0	0	_
134	1	,	0	0	_
134	1	found	1	0	Becoming_aware
134	1	in	1	0	Interior_profile_relation
134	1	the	0	0	_
134	1	text	0	0	Text

135	0	So	0	0	_
135	0	if	0	0	_
135	0	you	0	0	_
135	0	are	0	0	_
135	0	the	0	0	_
135	0	type	0	0	Type
135	0	of	0	0	_
135	0	person	0	0	People
135	0	that	0	0	_
135	0	tends	0	0	Likelihood
135	0	to	0	0	_
135	0	not	0	0	_
135	0	move	1	0	Motion
135	0	to	1	0	_
135	0	action	0	0	Intentionally_act
135	0	quickly	0	0	Speed_description
135	0	,	0	0	_
135	0	then	0	0	_
135	0	I	0	0	_
135	0	think	0	0	Opinion
135	0	giving	1	0	Giving
135	0	yourself	0	0	_
135	0	a	0	0	_
135	0	timeframe	0	0	_
135	0	of	0	0	_
135	0	two	0	0	Cardinal_numbers
135	0	to	1	0	_
135	0	three	0	0	Cardinal_numbers
135	0	months	0	0	Measure_duration
135	0	for	0	0	_

136	0	;	0	0	_
136	0	but	0	0	Concessive
136	0	what	0	0	_
136	0	else	0	0	_
136	0	could	0	0	Possibility
136	0	you	0	0	_
136	0	expect	0	0	Expectation
136	0	from	1	0	_
136	0	a	0	0	_
136	0	man	0	0	People
136	0	whose	0	0	_
136	0	music	0	0	Performing_arts
136	0	has	0	0	_
136	0	moved	1	0	Motion
136	0	to	1	0	_
136	0	action	0	0	Intentionally_act
136	0	civil	0	0	_
136	0	rights	0	0	_
136	0	activists	0	0	_
136	0	and	0	0	_
136	0	union	0	0	Organization
136	0	organizers	0	0	_
136	0	.	0	0	_

136	1	This	1	0	_
136	1	book	0	0	Text
136	1	describes	1	0	Statement
136	1	Pete	0	0	_
136	1	Seeger	0	0	_
136	1	's	0	0	_
136	1	life	0	0	_
136	1	,	0	0	_

137	0	everywhere	0	0	Locative_relation
137	0	.	0	0	_

137	1	#	0	0	_
137	1	I	0	0	_
137	1	'm	0	0	_
137	1	past	1	0	_
137	1	being	0	0	_
137	1	angry	0	0	Emotion_directed
137	1	and	0	0	_
137	1	enraged	0	0	Emotion_directed
137	1	.	0	0	_

137	2	I	0	0	_
137	2	am	0	0	_
137	2	moved	1	0	Subjective_influence
137	2	to	1	0	_
137	2	action	0	0	Intentionally_act
137	2	.	0	0	_

137	3	I	0	0	_
137	3	have	0	0	_
137	3	contacted	0	0	Visiting
137	3	my	0	0	_
137	3	states	0	0	Political_locales
137	3	elected	0	0	Change_of_leadership
137	3	representatives	0	0	Leadership
137	3	and	0	0	_
137	3	am	0	0	_
137	3	requesting	0	0	Request
137	3	the	0	0	_
137	3	Federal	0	0	Political_locales
137	3	Department	0	0	_
137	3	of	0	0	_

138	0	in	0	0	Interior_profile_relation
138	0	Pasadena	0	0	_
138	0	.	0	0	_

138	1	most	0	0	_
138	1	of	0	0	Partitive
138	1	us	0	0	_
138	1	were	0	0	_
138	1	strangers	0	0	Indigenous_origin
138	1	,	0	0	_
138	1	but	0	0	Concessive
138	1	we	0	0	_
138	1	were	0	0	_
138	1	all	0	0	Quantified_mass
138	1	moved	1	0	Subjective_influence
138	1	to	1	0	_
138	1	action	0	0	Intentionally_act
138	1	by	0	0	_
138	1	Troy	0	0	_
138	1	.	0	0	_

138	2	We	0	0	_
138	2	listened	0	0	Perception_active
138	2	to	0	0	_
138	2	the	0	0	_
138	2	live	0	0	_
138	2	radio	0	0	_
138	2	coverage	0	0	_
138	2	with	1	0	_
138	2	bated	1	1	_
138	2	breath	0	0	Breathing
138	2	waiting	0	0	Waiting
138	2	for	0	0	_

139	0	woman	0	0	People
139	0	.	0	0	_
139	0	?	0	0	_

139	1	#	0	0	_
139	1	?	0	0	_

139	2	Levine	0	0	_
139	2	Museum	0	0	Locale_by_use
139	2	of	0	0	_
139	2	the	0	0	_
139	2	New	0	0	_
139	2	South	0	0	_
139	2	#	0	0	_
139	2	#	0	0	_
139	2	Collector	0	0	_
139	2	moved	1	0	Motion
139	2	to	1	0	_
139	2	action	0	0	Intentionally_act
139	2	#	0	0	_
139	2	?	0	0	_

139	3	Without	0	0	_
139	3	Sanctuary	0	0	_
139	3	?	0	0	_

139	4	was	0	0	_
139	4	sparked	1	0	Cause_to_start
139	4	by	0	0	_
139	4	a	0	0	_
139	4	curious	0	0	Typicality
139	4	event	0	0	Event
139	4	.	0	0	_

139	5	Atlanta	0	0	_
139	5	antique	0	0	_
139	5	dealer	0	0	_

140	0	my	0	0	_
140	0	life	0	0	_
140	0	``	0	0	_
140	0	...	0	0	_
140	0	total	0	0	Completeness
140	0	joke	0	0	_
140	0	,	0	0	_
140	0	he	0	0	_
140	0	just	0	0	_
140	0	knows	0	0	Awareness
140	0	I	0	0	_
140	0	have	0	0	_
140	0	been	0	0	_
140	0	moved	1	0	Subjective_influence
140	0	to	1	0	_
140	0	action	0	0	Intentionally_act
140	0	a	0	0	Quantified_mass
140	0	few	0	0	Quantified_mass
140	0	times	0	0	Event_instance
140	0	now	0	0	Temporal_collocation
140	0	by	0	0	_
140	0	your	0	0	_
140	0	words	0	0	Simple_name
140	0	and	0	0	_
140	0	the	0	0	_
140	0	response	0	0	Response
140	0	required	0	0	Being_necessary
140	0	has	0	0	_
140	0	not	0	0	_
140	0	always	0	0	Frequency
140	0	made	1	0	Causation

141	0	.	0	0	_

141	1	(	0	0	_
141	1	Personally	0	0	_
141	1	the	0	0	_
141	1	idea	0	0	Awareness
141	1	of	0	0	_
141	1	a	0	0	_
141	1	frothing	1	1	Moving_in_place
141	1	animal	0	0	_
141	1	rights	0	0	_
141	1	``	0	0	_
141	1	psychotic	0	0	_
141	1	``	0	0	_
141	1	moved	1	0	Motion
141	1	to	1	0	_
141	1	action	0	0	Intentionally_act
141	1	to	1	0	_
141	1	the	0	0	_
141	1	point	1	0	_
141	1	of	0	0	_
141	1	being	0	0	_
141	1	willing	0	0	Willingness
141	1	to	0	0	_
141	1	harass	0	0	_
141	1	someone	0	0	_
141	1	who	0	0	_
141	1	is	0	0	_
141	1	nonetheless	0	0	_
141	1	too	0	0	Sufficiency
141	1	lazy	0	0	Mental_property
141	1	to	0	0	_

142	0	.	0	0	_

142	1	Thus	0	0	_
142	1	they	0	0	_
142	1	get	1	0	Transition_to_state
142	1	nowhere	1	0	_
142	1	and	0	0	_
142	1	give	1	0	Giving
142	1	the	0	0	_
142	1	fascists	0	0	_
142	1	the	0	0	_
142	1	upper	1	0	_
142	1	hand	1	0	Body_parts
142	1	.	0	0	_

142	2	Moving	1	0	Motion
142	2	to	1	0	_
142	2	action	0	0	Intentionally_act
142	2	without	1	0	_
142	2	sufficient	0	0	Sufficiency
142	2	theory	0	0	_
142	2	quickly	0	0	_
142	2	illustrates	1	1	Evidence
142	2	why	0	0	_
142	2	failing	0	0	Success_or_failure
142	2	to	0	0	_
142	2	articulate	1	1	Communicate_categorization
142	2	a	0	0	_
142	2	general	0	0	_
142	2	set	0	0	Aggregate
142	2	of	0	0	_
142	2	political	0	0	_
142	2	values	0	0	_

143	0	The	0	0	_
143	0	self-absorbed	0	0	_
143	0	need	0	0	Needing
143	0	to	0	0	_
143	0	know	0	0	Awareness
143	0	how	0	0	_
143	0	it	0	0	_
143	0	benefits	0	0	_
143	0	THEM	0	0	_
143	0	in	0	0	Purpose
143	0	order	0	0	Purpose
143	0	to	0	0	_
143	0	be	0	0	_
143	0	moved	1	0	Cause_motion
143	0	to	1	0	_
143	0	action	0	0	Intentionally_act
143	0	.	0	0	_

143	1	Pathetic	0	0	_
143	1	,	0	0	_
143	1	but	0	0	Concessive
143	1	true	1	0	_
143	1	where	0	0	Locative_relation
143	1	I	0	0	_
143	1	live	0	0	Residence
143	1	.	0	0	_

143	2	#	0	0	_
143	2	Mess	1	1	_
143	2	with	1	0	_
143	2	Friday	0	0	Calendric_unit
143	2	night	0	0	Calendric_unit
143	2	bingo	0	0	Social_event

144	0	to	0	0	_
144	0	keep	0	0	Cause_to_continue
144	0	their	0	0	_
144	0	babies	0	0	Kinship
144	0	in	0	0	_
144	0	a	0	0	_
144	0	single	0	0	Sole_instance
144	0	diaper	0	0	Clothing
144	0	all	0	0	_
144	0	day	0	0	Calendric_unit
144	0	,	0	0	_
144	0	she	0	0	_
144	0	was	0	0	_
144	0	moved	1	0	Subjective_influence
144	0	to	1	0	_
144	0	action	0	0	Intentionally_act
144	0	.	0	0	_

144	1	She	0	0	_
144	1	began	0	0	Activity_start
144	1	researching	0	0	Research
144	1	and	0	0	_
144	1	learned	0	0	Coming_to_believe
144	1	that	0	0	_
144	1	few	0	0	Quantified_mass
144	1	social	0	0	_
144	1	services	0	0	Public_services
144	1	,	0	0	_
144	1	not	0	0	Negation
144	1	even	0	0	_
144	1	food	0	0	_
144	1	stamps	0	0	_

145	0	It	0	0	_
145	0	is	0	0	_
145	0	only	0	0	_
145	0	when	0	0	Temporal_collocation
145	0	the	0	0	_
145	0	experience	0	0	Perception_experience
145	0	transi	0	0	_
145	0	ends	0	0	Process_end
145	0	the	0	0	_
145	0	expectation	0	0	Expectation
145	0	that	0	0	_
145	0	people	0	0	People
145	0	are	0	0	_
145	0	moved	1	0	Subjective_influence
145	0	to	1	0	_
145	0	action	0	0	Intentionally_act
145	0	.	0	0	_

145	1	That	1	0	_
145	1	is	0	0	_
145	1	when	0	0	Temporal_collocation
145	1	they	0	0	_
145	1	change	1	0	Undergo_change
145	1	from	1	0	_
145	1	customers	0	0	_
145	1	to	1	0	_
145	1	loyal	0	0	Social_interaction_evaluation
145	1	customers	0	0	_
145	1	,	0	0	_
145	1	and	0	0	_
145	1	finally	0	0	Time_vector
145	1	to	1	0	_

146	0	although	0	0	Concessive
146	0	we	0	0	_
146	0	started	0	0	Activity_start
146	0	with	1	0	_
146	0	the	0	0	_
146	0	women	0	0	People
146	0	in	1	0	Interior_profile_relation
146	0	prison	0	0	Prison
146	0	pictures	0	0	Physical_artworks
146	0	,	0	0	_
146	0	we	0	0	_
146	0	very	0	0	Degree
146	0	quickly	0	0	Speed_description
146	0	moved	1	0	Motion
146	0	to	1	0	_
146	0	action	0	0	_
146	0	films	0	0	Text
146	0	.	0	0	_

146	1	Black	0	0	Color
146	1	mama	0	0	_
146	1	,	0	0	_
146	1	white	0	0	Color
146	1	mama	0	0	_
146	1	,	0	0	_
146	1	from	1	0	_
146	1	a	0	0	_
146	1	hellhole	1	1	_
146	1	of	0	0	_
146	1	twisted	1	1	_
146	1	passions	0	0	_
146	1	,	0	0	_

147	0	BEDFORD	0	0	_
147	0	IMMIGRANT	0	0	Personal_relationship
147	0	RAID	0	0	_
147	0	Given	0	0	_
147	0	our	0	0	_
147	0	values	0	0	_
147	0	,	0	0	_
147	0	how	0	0	_
147	0	can	0	0	Capability
147	0	we	0	0	_
147	0	as	0	0	_
147	0	social	0	0	_
147	0	workers	0	0	Employing
147	0	move	1	0	Motion
147	0	to	1	0	_
147	0	action	0	0	Intentionally_act
147	0	on	0	0	_
147	0	behalf	0	0	_
147	0	of	0	0	_
147	0	the	0	0	_
147	0	immigrant	0	0	Importing
147	0	community	0	0	Aggregate
147	0	,	0	0	_
147	0	how	0	0	_
147	0	do	0	0	_
147	0	we	0	0	_
147	0	link	1	0	Make_cognitive_connection
147	0	policy	0	0	Law
147	0	and	0	0	_
147	0	practice	0	0	_
147	0	?	0	0	_

148	0	round-heeled	0	0	_
148	0	is	0	0	_
148	0	an	0	0	_
148	0	antiquated	0	0	Stage_of_progress
148	0	slang	0	0	_
148	0	expression	0	0	_
148	0	for	0	0	_
148	0	a	0	0	_
148	0	promiscuous	0	0	Social_interaction_evaluation
148	0	woman	0	0	People
148	0	)	0	0	_
148	0	,	0	0	_
148	0	was	0	0	_
148	0	moved	1	0	Subjective_influence
148	0	to	1	0	_
148	0	action	0	0	Intentionally_act
148	0	after	1	0	Relative_time
148	0	seeing	0	0	Perception_experience
148	0	Eric	0	0	_
148	0	Rohmer	0	0	_
148	0	's	0	0	_
148	0	film	0	0	Text
148	0	``	0	0	_
148	0	Autumn	0	0	_
148	0	Tale.	0	0	_
148	0	``	0	0	_

148	1	Its	0	0	_
148	1	plot	1	0	_
148	1	involves	1	0	_
148	1	a	0	0	_

149	0	the	0	0	_
149	0	protests	0	0	Change_of_leadership
149	0	and	0	0	_
149	0	to	1	0	_
149	0	the	0	0	_
149	0	many	0	0	Quantified_mass
149	0	pleas	0	0	Request
149	0	for	0	0	_
149	0	clemency	0	0	_
149	0	he	0	0	_
149	0	describes	0	0	Statement
149	0	,	0	0	_
149	0	were	0	0	_
149	0	moved	1	0	Subjective_influence
149	0	to	1	0	_
149	0	action	0	0	Intentionally_act
149	0	by	0	0	_
149	0	allegations	0	0	Statement
149	0	that	0	0	_
149	0	the	0	0	_
149	0	conversos	0	0	_
149	0	were	0	0	_
149	0	inspired	1	1	Subjective_influence
149	0	to	0	0	_
149	0	return	1	0	Arriving
149	0	to	1	0	_
149	0	the	0	0	_
149	0	ways	1	0	Means
149	0	of	0	0	_
149	0	the	0	0	_
149	0	Old	1	1	Age

150	0	feel	1	0	Feeling
150	0	like	0	0	_
150	0	you	0	0	_
150	0	deserve	0	0	Deserving
150	0	anything	0	0	_
150	0	.	0	0	_

150	1	When	0	0	Temporal_collocation
150	1	you	0	0	_
150	1	're	0	0	_
150	1	angry	0	0	Emotion_directed
150	1	,	0	0	_
150	1	you	0	0	_
150	1	're	0	0	_
150	1	moved	1	0	Subjective_influence
150	1	to	1	0	_
150	1	action	0	0	Intentionally_act
150	1	;	0	0	_
150	1	you	0	0	_
150	1	're	0	0	_
150	1	empowered.	1	1	_
150	1	``	0	0	_

150	2	One	0	0	Cardinal_numbers
150	2	of	0	0	Partitive
150	2	the	0	0	_
150	2	most	0	0	_
150	2	difficult	0	0	Difficulty
150	2	memories	0	0	Memory
150	2	for	0	0	_
150	2	an	0	0	_
150	2	abuse	0	0	Cause_harm

151	0	In	0	0	Interior_profile_relation
151	0	at	0	0	Proportional_quantity
151	0	least	0	0	Proportional_quantity
151	0	a	0	0	Quantified_mass
151	0	few	0	0	Quantified_mass
151	0	places	0	0	Locale
151	0	like	0	0	_
151	0	Lutou	0	0	_
151	0	,	0	0	_
151	0	local	0	0	Political_locales
151	0	officials	0	0	Leadership
151	0	have	0	0	_
151	0	been	0	0	_
151	0	moved	1	0	Subjective_influence
151	0	to	1	0	_
151	0	action	0	0	Intentionally_act
151	0	by	0	0	Means
151	0	watching	0	0	Perception_active
151	0	neighbors	0	0	People_by_residence
151	0	and	0	0	_
151	0	relatives	0	0	Kinship
151	0	die	0	0	Death
151	0	.	0	0	_

151	1	Simple	1	0	_
151	1	steps	1	0	Intentionally_act
151	1	have	0	0	_
151	1	reduced	1	0	Cause_change_of_position_on_a_scale
151	1	suicide	0	0	Death
151	1	rates	0	0	Proportion
151	1	--	0	0	_
151	1	restricting	0	0	Deny_or_grant_permission

152	0	mother	0	0	Kinship
152	0	of	0	0	_
152	0	two	0	0	Cardinal_numbers
152	0	teenagers	0	0	People_by_age
152	0	.	0	0	_

152	1	Vincent	0	0	_
152	1	P.	0	0	_
152	1	Courtney	0	0	_
152	1	St.	0	0	_
152	1	Paul	0	0	_
152	1	,	0	0	_
152	1	Minn	0	0	_
152	1	.	0	0	_

152	2	Moved	1	0	_
152	2	to	1	0	_
152	2	action	0	0	Intentionally_act
152	2	Joe	0	0	_
152	2	Sullivan	0	0	_
152	2	,	0	0	_
152	2	in	1	0	_
152	2	his	0	0	_
152	2	otherwise	0	0	_
152	2	excellent	0	0	Desirability
152	2	article	0	0	Text
152	2	,	0	0	_
152	2	``	0	0	_
152	2	Social	0	0	_
152	2	justice	0	0	_
152	2	for	0	0	_
152	2	dummies	0	0	_
152	2	``	0	0	_

153	0	Ohio	0	0	_
153	0	.	0	0	_

153	1	MAYOR-ASHE	0	0	_
153	1	:	0	0	_
153	1	Maybe	0	0	Likelihood
153	1	by	0	0	Means
153	1	bringing	0	0	_
153	1	it	0	0	_
153	1	up	1	0	_
153	1	tonight	0	0	Calendric_unit
153	1	,	0	0	_
153	1	it	0	0	_
153	1	'll	0	0	_
153	1	move	1	0	Motion
153	1	to	1	0	_
153	1	action	0	0	Intentionally_act
153	1	--	0	0	_
153	1	laughter	0	0	Make_noise
153	1	--	0	0	_
153	1	should	0	0	Desirable_event
153	1	take	1	0	_
153	1	a	0	0	_
153	1	note	0	0	_
153	1	on	1	0	_
153	1	it	0	0	_
153	1	.	0	0	_

153	2	But	0	0	_
153	2	he	0	0	_
153	2	ca	0	0	_
153	2	n't	0	0	_
153	2	get	1	0	Getting

154	0	meaning	0	0	Linguistic_meaning
154	0	for	0	0	_
154	0	him	0	0	_
154	0	?	0	0	_

154	1	Like	0	0	Similarity
154	1	any	0	0	Quantified_mass
154	1	other	0	0	Increment
154	1	human	0	0	People
154	1	being	0	0	People
154	1	,	0	0	_
154	1	he	0	0	_
154	1	could	0	0	Capability
154	1	be	0	0	_
154	1	moved	1	0	Cause_motion
154	1	to	1	0	_
154	1	action	0	0	Intentionally_act
154	1	if	0	0	_
154	1	the	0	0	_
154	1	right	0	0	Correctness
154	1	chord	1	1	_
154	1	were	0	0	_
154	1	struck	1	0	Impact
154	1	.	0	0	_

154	2	By	0	0	Means
154	2	what	0	0	_
154	2	method	0	0	Means
154	2	could	0	0	Capability
154	2	he	0	0	_
154	2	be	0	0	_
154	2	moved	0	0	Cause_motion
154	2	?	0	0	_

155	0	running	1	0	Self_motion
155	0	and	0	0	_
155	0	has	0	0	_
155	0	developed	1	1	Cause_to_make_progress
155	0	a	0	0	_
155	0	high	1	0	Position_on_a_scale
155	0	tolerance	0	0	_
155	0	for	0	0	_
155	0	suffering	0	0	Catastrophe
155	0	may	0	0	Likelihood
155	0	no	0	0	Temporal_collocation
155	0	longer	0	0	Temporal_collocation
155	0	be	0	0	_
155	0	moved	1	0	Cause_motion
155	0	to	1	0	_
155	0	action	0	0	Intentionally_act
155	0	by	0	0	_
155	0	impending	0	0	_
155	0	doom	0	0	_
155	0	.	0	0	_

155	1	#	0	0	_
155	1	``	0	0	_
155	1	We	0	0	_
155	1	are	0	0	_
155	1	faced	1	0	_
155	1	with	1	0	_
155	1	a	0	0	_
155	1	situation	1	0	_
155	1	fraught	1	1	_
155	1	with	1	0	_
155	1	unconsious	0	0	_

156	0	speaker	0	0	_
156	0	with	1	0	_
156	0	a	0	0	_
156	0	full	1	0	Completeness
156	0	account	1	1	Statement
156	0	of	0	0	_
156	0	the	0	0	_
156	0	ways	1	0	Means
156	0	in	1	0	_
156	0	which	0	0	_
156	0	an	0	0	_
156	0	audience	0	0	_
156	0	is	0	0	_
156	0	moved	1	0	Subjective_influence
156	0	to	1	0	_
156	0	action	0	0	Intentionally_act
156	0	.	0	0	_

156	1	For	0	0	_
156	1	example	0	0	Instance
156	1	,	0	0	_
156	1	audiences	0	0	_
156	1	may	0	0	Likelihood
156	1	frequently	0	0	Frequency
156	1	be	0	0	_
156	1	persuaded	0	0	Subjective_influence
156	1	to	0	0	_
156	1	think	0	0	Cogitation
156	1	about	1	0	Topic
156	1	the	0	0	_
156	1	poor	0	0	Wealthiness
156	1	;	0	0	_

157	0	is	0	0	_
157	0	,	0	0	_
157	0	you	0	0	_
157	0	know	0	0	Awareness
157	0	,	0	0	_
157	0	what	0	0	_
157	0	does	0	0	_
157	0	it	0	0	_
157	0	take	1	0	Have_as_requirement
157	0	to	0	0	_
157	0	get	1	0	Getting
157	0	people	0	0	People
157	0	to	0	0	_
157	0	move	1	0	Motion
157	0	to	1	0	_
157	0	action	0	0	Intentionally_act
157	0	?	0	0	_

157	1	And	0	0	_
157	1	at	0	0	_
157	1	least	0	0	_
157	1	some	0	0	_
157	1	of	0	0	_
157	1	these	1	0	_
157	1	folks	0	0	People
157	1	are	0	0	_
157	1	now	0	0	Temporal_collocation
157	1	standing	0	0	Change_posture
157	1	up	0	0	Change_posture
157	1	to	0	0	_
157	1	be	0	0	_
157	1	counted	0	0	Categorization

158	0	what	0	0	_
158	0	's	0	0	_
158	0	happening	0	0	Event
158	0	to	1	0	_
158	0	a	0	0	Quantified_mass
158	0	lot	1	0	Quantified_mass
158	0	of	0	0	_
158	0	gay	0	0	_
158	0	people	0	0	People
158	0	.	0	0	_

158	1	We	0	0	_
158	1	're	0	0	_
158	1	being	0	0	_
158	1	moved	1	0	Subjective_influence
158	1	to	1	0	_
158	1	action	0	0	Intentionally_act
158	1	,	0	0	_
158	1	and	0	0	_
158	1	I	0	0	_
158	1	want	0	0	Desiring
158	1	to	0	0	_
158	1	be	0	0	_
158	1	part	1	0	Membership
158	1	of	0	0	_
158	1	it.	0	0	_
158	1	``	0	0	_

158	2	#	0	0	_
158	2	For	0	0	_
158	2	more	0	0	Increment
158	2	information	0	0	Information

159	0	as	0	0	_
159	0	group	0	0	Aggregate
159	0	evaluations	0	0	Assessing
159	0	.	0	0	_

159	1	Around	1	0	Locative_relation
159	1	all	0	0	Quantified_mass
159	1	these	1	0	_
159	1	practices	0	0	Practice
159	1	there	0	0	Existence
159	1	is	0	0	Existence
159	1	the	0	0	_
159	1	praxis	0	0	_
159	1	of	0	0	_
159	1	moving	1	0	Motion
159	1	from	1	0	_
159	1	action	0	0	Intentionally_act
159	1	(	0	0	_
159	1	current	0	0	Temporal_collocation
159	1	practice	0	0	Practice
159	1	)	0	0	_
159	1	to	1	0	Goal
159	1	reflection	0	0	_
159	1	(	0	0	_
159	1	theory	0	0	_
159	1	building	1	1	Building
159	1	)	0	0	_
159	1	to	1	0	Goal
159	1	action	0	0	Intentionally_act
159	1	(	0	0	_
159	1	new	0	0	Age
159	1	practice	0	0	Custom

160	0	as	0	0	_
160	0	E.	0	0	_
160	0	H.	0	0	_
160	0	Gombrich	0	0	_
160	0	and	0	0	_
160	0	Frances	0	0	_
160	0	Yates	0	0	_
160	0	.	0	0	_

160	1	The	0	0	_
160	1	library	0	0	Buildings
160	1	's	0	0	_
160	1	four-floored	0	0	_
160	1	arrangement	1	1	_
160	1	moves	1	0	Motion
160	1	from	1	0	_
160	1	ACTION	0	0	Intentionally_act
160	1	(	0	0	_
160	1	politics	0	0	_
160	1	,	0	0	_
160	1	customs	0	0	Custom
160	1	)	0	0	_
160	1	to	1	0	Goal
160	1	ORIENTATION	0	0	_
160	1	(	0	0	_
160	1	the	0	0	_
160	1	turn	1	0	Undergo_change
160	1	from	1	0	_
160	1	superstition	0	0	_
160	1	and	0	0	_
160	1	magic	0	0	Toxic_substance
160	1	to	1	0	_

161	0	substitute	0	0	Take_place_of
161	0	one	0	0	Cardinal_numbers
161	0	object	0	0	Purpose
161	0	for	0	0	_
161	0	another	0	0	Increment
161	0	using	0	0	Using
161	0	increasingly	0	0	Change_position_on_a_scale
161	0	abstract	0	0	_
161	0	forms	1	1	Type
161	0	)	0	0	_
161	0	,	0	0	_
161	0	decentration	0	0	_
161	0	(	0	0	_
161	0	moving	1	0	Motion
161	0	from	1	0	_
161	0	actions	0	0	Intentionally_act
161	0	on	1	0	_
161	0	the	0	0	_
161	0	self	0	0	_
161	0	to	1	0	_
161	0	actions	0	0	Intentionally_act
161	0	on	1	0	_
161	0	,	0	0	_
161	0	then	0	0	_
161	0	for	0	0	_
161	0	,	0	0	_
161	0	another	0	0	Increment
161	0	)	0	0	_
161	0	,	0	0	_
161	0	sequencing	0	0	_
161	0	(	0	0	_

162	0	to	0	0	_
162	0	keep	0	0	Activity_ongoing
162	0	working	0	0	Work
162	0	hard	1	0	_
162	0	and	0	0	_
162	0	to	0	0	_
162	0	not	0	0	_
162	0	only	0	0	_
162	0	take	1	0	_
162	0	a	0	0	_
162	0	tough	1	0	Difficulty
162	0	stance	1	1	_
162	0	but	0	0	_
162	0	move	1	0	Motion
162	0	toward	1	0	_
162	0	action.	0	0	Intentionally_act
162	0	``	0	0	_

162	1	#	0	0	_
162	1	But	0	0	Concessive
162	1	there	0	0	Existence
162	1	is	0	0	Existence
162	1	considerable	0	0	_
162	1	skepticism	0	0	Certainty
162	1	whether	0	0	_
162	1	Mr.	0	0	_
162	1	Almagro	0	0	_
162	1	's	0	0	_
162	1	activism	0	0	_
162	1	,	0	0	_
162	1	headline-grabbing	0	0	_

163	0	sustainable	0	0	_
163	0	development	0	0	Progression
163	0	or	0	0	_
163	0	to	0	0	_
163	0	have	1	0	Have_associated
163	0	the	0	0	_
163	0	community	0	0	Aggregate
163	0	presence	0	0	Presence
163	0	to	0	0	_
163	0	convene	0	0	Come_together
163	0	multiple	0	0	Quantified_mass
163	0	stakeholders	0	0	_
163	0	and	0	0	_
163	0	move	0	0	Motion
163	0	toward	1	0	_
163	0	actions	0	0	Intentionally_act
163	0	that	0	0	_
163	0	may	0	0	Likelihood
163	0	challenge	0	0	_
163	0	existing	0	0	Existence
163	0	norms	0	0	Custom
163	0	and	0	0	_
163	0	practices	0	0	Custom
163	0	.	0	0	_

163	1	Residents	0	0	Residence
163	1	of	0	0	_
163	1	rural	0	0	Locale_by_use
163	1	communities	0	0	Aggregate
163	1	,	0	0	_
163	1	especially	0	0	_
163	1	those	1	0	_

164	0	committed	1	1	Commitment
164	0	to	1	0	_
164	0	diversity	0	0	_
164	0	and	0	0	_
164	0	inclusion	0	0	_
164	0	,	0	0	_
164	0	so	0	0	_
164	0	this	1	0	_
164	0	legislation	0	0	Law
164	0	compels	1	1	Subjective_influence
164	0	the	0	0	_
164	0	university	0	0	Locale_by_use
164	0	to	0	0	_
164	0	move	1	0	_
164	0	towards	1	0	_
164	0	action	0	0	Intentionally_act
164	0	--	0	0	_
164	0	which	0	0	_
164	0	is	0	0	_
164	0	imperative	0	0	Being_necessary
164	0	,	0	0	_
164	0	``	0	0	_
164	0	the	0	0	_
164	0	resolution	0	0	_
164	0	's	0	0	_
164	0	author	0	0	_
164	0	,	0	0	_
164	0	ASM	0	0	_
164	0	Student	0	0	_
164	0	Council	0	0	_
164	0	Rep	0	0	_
164	0	.	0	0	_

165	0	context	1	1	_
165	0	,	0	0	_
165	0	this	0	0	_
165	0	paper	0	0	Text
165	0	describes	0	0	Statement
165	0	how	0	0	_
165	0	Texas	0	0	_
165	0	A	0	0	_
165	0	&	0	0	_
165	0	M	0	0	_
165	0	University	0	0	Locale_by_use
165	0	(	0	0	_
165	0	TAMU	0	0	_
165	0	)	0	0	_
165	0	Libraries	0	0	_
165	0	moved	1	0	Motion
165	0	towards	1	0	_
165	0	action	0	0	Intentionally_act
165	0	and	0	0	_
165	0	innovation	0	0	Cause_to_make_progress
165	0	by	0	0	Means
165	0	testing	0	0	Operational_testing
165	0	a	0	0	_
165	0	free	0	0	Expensiveness
165	0	,	0	0	_
165	0	open	0	0	Secrecy_status
165	0	source	0	0	_
165	0	visualization	0	0	_
165	0	platform	0	0	_
165	0	,	0	0	_
165	0	Viewshare	0	0	_
165	0	(	0	0	_
165	0	http	0	0	_

166	0	years	0	0	Measure_duration
166	0	,	0	0	_
166	0	film	0	0	Text
166	0	and	0	0	_
166	0	music	0	0	Performing_arts
166	0	have	0	0	_
166	0	used	1	0	Using
166	0	the	0	0	_
166	0	bicycle	0	0	Vehicle
166	0	as	0	0	_
166	0	a	0	0	_
166	0	way	1	0	Means
166	0	of	0	0	_
166	0	moving	0	0	Motion
166	0	along	1	0	_
166	0	action	0	0	Intentionally_act
166	0	,	0	0	_
166	0	and	0	0	_
166	0	as	0	0	_
166	0	prop	1	1	_
166	0	for	0	0	_
166	0	comedy	0	0	_
166	0	,	0	0	_
166	0	hope	0	0	Desiring
166	0	,	0	0	_
166	0	fear	0	0	Experiencer_focus
166	0	,	0	0	_
166	0	courtship	0	0	Personal_relationship
166	0	and	0	0	_
166	0	even	0	0	_
166	0	awe	0	0	Experiencer_focus

167	0	a	0	0	_
167	0	huge	1	0	Size
167	0	amount	0	0	Quantified_mass
167	0	of	0	0	_
167	0	explanation	0	0	Statement
167	0	before	0	0	Time_vector
167	0	they	0	0	_
167	0	are	0	0	_
167	0	accepted	0	0	Receiving
167	0	and	0	0	_
167	0	the	0	0	_
167	0	meeting	0	0	Discussion
167	0	can	0	0	_
167	0	move	1	0	Motion
167	0	onto	1	0	_
167	0	actions	0	0	Intentionally_act
167	0	around	1	0	Locative_relation
167	0	them	0	0	_
167	0	,	0	0	_
167	0	even	0	0	_
167	0	internalised	0	0	_
167	0	feelings	0	0	Feeling
167	0	of	0	0	_
167	0	inferiority	0	0	_
167	0	are	0	0	_
167	0	triggered	1	1	Cause_to_start
167	0	by	0	0	_
167	0	our	0	0	_
167	0	own	0	0	_
167	0	awareness	0	0	Awareness
167	0	of	0	0	_

168	0	infuses	1	1	Filling
168	0	the	0	0	_
168	0	whole	1	0	Ranked_expectation
168	0	feel	1	1	Sensation
168	0	of	0	0	_
168	0	a	0	0	_
168	0	film	0	0	Text
168	0	to	0	0	_
168	0	have	1	0	Possession
168	0	a	0	0	_
168	0	camera	0	0	_
168	0	that	0	0	_
168	0	can	0	0	Capability
168	0	move	0	0	Motion
168	0	with	1	0	_
168	0	actors	0	0	Performers_and_roles
168	0	,	0	0	_
168	0	can	0	0	Capability
168	0	move	0	0	Motion
168	0	counter	0	0	_
168	0	to	0	0	_
168	0	actors	0	0	Performers_and_roles
168	0	Are	0	0	_
168	0	you	0	0	_
168	0	giving	1	0	Giving
168	0	me	0	0	_
168	0	the	0	0	_
168	0	run-around	0	0	_
168	0	?	0	0	_
168	0	?	0	0	_

168	1	ln	0	0	_

169	0	.	0	0	_

169	1	He	0	0	_
169	1	made	1	0	_
169	1	his	0	0	_
169	1	choice	0	0	Choosing
169	1	,	0	0	_
169	1	he	0	0	_
169	1	was	0	0	_
169	1	n't	0	0	_
169	1	happy	0	0	Emotion_directed
169	1	and	0	0	_
169	1	wanted	0	0	Desiring
169	1	to	0	0	_
169	1	move	1	0	_
169	1	on	1	0	_
169	1	actors	0	0	Performers_and_roles
169	1	do	0	0	Intentionally_act
169	1	that	1	0	_
169	1	.	0	0	_

169	2	It	0	0	_
169	2	's	0	0	_
169	2	almost	0	0	Proportional_quantity
169	2	two	0	0	Cardinal_numbers
169	2	years	0	0	Measure_duration
169	2	,	0	0	_
169	2	He	0	0	_
169	2	's	0	0	_
169	2	not	0	0	_
169	2	coming	0	0	Arriving
169	2	back	0	0	_
169	2	..	0	0	_

170	0	a	0	0	_
170	0	transition	1	1	Undergo_change
170	0	or	0	0	_
170	0	a	0	0	_
170	0	scene	0	0	_
170	0	change	0	0	Undergo_change
170	0	;	0	0	_
170	0	in	1	0	Temporal_collocation
170	0	such	0	0	_
170	0	moments	0	0	Calendric_unit
170	0	,	0	0	_
170	0	they	0	0	_
170	0	were	0	0	_
170	0	moved	0	0	Cause_motion
170	0	by	0	0	_
170	0	actors	0	0	People_by_vocation
170	0	or	0	0	_
170	0	stagehands	0	0	People_by_vocation
170	0	and	0	0	_
170	0	not	0	0	Negation
170	0	by	0	0	Means
170	0	mechanical	0	0	_
170	0	means	0	0	Means
170	0	.	0	0	_

170	1	In	0	0	_
170	1	their	0	0	_
170	1	different	0	0	Similarity
170	1	positions	0	0	Posture
170	1	,	0	0	_
170	1	up	1	0	_
170	1	or	0	0	_

171	0	the	0	0	_
171	0	lament	0	0	Emotion_directed
171	0	``	0	0	_
171	0	Momma	0	0	Kinship
171	0	,	0	0	_
171	0	Look	0	0	Perception_active
171	0	Sharp.	0	0	_
171	0	``	0	0	_

171	1	The	0	0	_
171	1	play	0	0	Text
171	1	's	0	0	_
171	1	focus	1	0	Emphasizing
171	1	moves	1	0	Motion
171	1	from	1	0	_
171	1	actor	0	0	People_by_vocation
171	1	to	1	0	_
171	1	actor	0	0	People_by_vocation
171	1	,	0	0	_
171	1	but	0	0	_
171	1	perhaps	0	0	_
171	1	the	0	0	_
171	1	biggest	1	0	Size
171	1	star	1	0	Performers_and_roles
171	1	of	0	0	_
171	1	the	0	0	_
171	1	production	0	0	_
171	1	is	0	0	_
171	1	James	0	0	_
171	1	Noone	0	0	_
171	1	's	0	0	_

172	0	unification	0	0	Cause_to_amalgamate
172	0	and	0	0	_
172	0	recognition	0	0	_
172	0	of	0	0	_
172	0	multiple	0	0	Quantified_mass
172	0	objects	0	0	Entity
172	0	existing	0	0	Existence
172	0	at	1	0	Temporal_collocation
172	0	the	0	0	_
172	0	same	0	0	Identicality
172	0	time	0	0	_
172	0	.	0	0	_

172	1	He	0	0	_
172	1	moves	1	0	Motion
172	1	from	1	0	_
172	1	acts	0	0	Intentionally_act
172	1	of	0	0	_
172	1	recognition	0	0	_
172	1	of	0	0	_
172	1	individual	0	0	_
172	1	objects	0	0	Entity
172	1	to	1	0	_
172	1	unified	0	0	_
172	1	acts	0	0	Intentionally_act
172	1	of	0	0	_
172	1	recognition	0	0	_
172	1	of	0	0	_
172	1	multiple	0	0	Quantified_mass
172	1	objects	0	0	Entity
172	1	which	0	0	_
172	1	``	0	0	_

173	0	only	0	0	_
173	0	will	0	0	_
173	0	they	0	0	_
173	0	be	0	0	_
173	0	saddened	0	0	Emotion_directed
173	0	by	0	0	_
173	0	this	1	0	_
173	0	,	0	0	_
173	0	but	0	0	_
173	0	they	0	0	_
173	0	may	0	0	Likelihood
173	0	also	0	0	_
173	0	be	0	0	_
173	0	moved	1	0	Subjective_influence
173	0	to	1	0	_
173	0	acts	0	0	Intentionally_act
173	0	of	0	0	_
173	0	dire	1	1	_
173	0	and	0	0	_
173	0	irreversible	0	0	_
173	0	revenge	0	0	Revenge
173	0	.	0	0	_

173	1	#	0	0	_
173	1	The	0	0	_
173	1	night	0	0	Calendric_unit
173	1	is	0	0	_
173	1	spent	1	0	_
173	1	in	0	0	Interior_profile_relation
173	1	this	0	0	_
173	1	communion	0	0	_
173	1	,	0	0	_

174	0	cut	1	0	Removing
174	0	out	1	0	Removing
174	0	the	0	0	_
174	0	melodrama	0	0	_
174	0	.	0	0	_

174	1	And	0	0	_
174	1	I	0	0	_
174	1	limit	1	0	_
174	1	scene	0	0	_
174	1	changes	0	0	Undergo_change
174	1	so	0	0	_
174	1	that	0	0	_
174	1	any	0	0	_
174	1	shift	1	0	Change_position_on_a_scale
174	1	in	1	0	_
174	1	action	0	0	Intentionally_act
174	1	is	0	0	_
174	1	psychological	0	0	_
174	1	.	0	0	_

174	2	#	0	0	_
174	2	``	0	0	_
174	2	Something	0	0	_
174	2	really	0	0	_
174	2	significant	0	0	Importance
174	2	occurs	0	0	Event
174	2	in	0	0	Interior_profile_relation
174	2	theater	0	0	Fields
174	2	,	0	0	_
174	2	in	1	0	_
174	2	the	0	0	_
174	2	collaborative	0	0	Collaboration

175	0	than	0	0	_
175	0	others	0	0	Increment
175	0	.	0	0	_

175	1	#	0	0	_
175	1	There	0	0	Existence
175	1	was	0	0	Existence
175	1	a	0	0	_
175	1	palpable	1	1	_
175	1	moment	0	0	_
175	1	when	0	0	_
175	1	the	0	0	_
175	1	whole	0	0	Ranked_expectation
175	1	group	0	0	Aggregate
175	1	shifted	1	1	_
175	1	into	1	0	_
175	1	action	0	0	Intentionally_act
175	1	together	1	0	Collaboration
175	1	,	0	0	_
175	1	when	0	0	Temporal_collocation
175	1	those	1	0	_
175	1	who	0	0	_
175	1	were	0	0	_
175	1	most	0	0	_
175	1	comfortable	0	0	Experiencer_focus
175	1	delaying	0	0	Change_event_time
175	1	knew	0	0	Awareness
175	1	that	0	0	_
175	1	they	0	0	_
175	1	could	0	0	Capability
175	1	delay	0	0	Change_event_time
175	1	no	0	0	_

176	0	gave	1	0	Giving
176	0	her	0	0	_
176	0	life	0	0	_
176	0	.	0	0	_

176	1	FILM	0	0	_
176	1	FORUM	0	0	_
176	1	:	0	0	_
176	1	BLOCKBUSTER	0	0	_
176	1	EDITION	0	0	_
176	1	This	1	0	_
176	1	month	0	0	Calendric_unit
176	1	,	0	0	_
176	1	Hollywood	0	0	_
176	1	shifts	1	1	Change_position_on_a_scale
176	1	into	1	0	_
176	1	action	1	1	Intentionally_act
176	1	mode	1	1	_
176	1	.	0	0	_

176	2	Let	0	0	_
176	2	the	0	0	_
176	2	adventures	0	0	_
176	2	begin	0	0	Process_start
176	2	!	0	0	_

176	3	Iron	0	0	_
176	3	Man	0	0	_
176	3	2	0	0	_
176	3	It	0	0	_
176	3	's	0	0	_
176	3	going	0	0	_
176	3	to	0	0	_
176	3	be	0	0	_

177	0	a	0	0	_
177	0	plan	1	0	Purpose
177	0	to	0	0	_
177	0	provide	0	0	Supply
177	0	coverage	0	0	_
177	0	to	1	0	_
177	0	the	0	0	_
177	0	uninsured	0	0	_
177	0	,	0	0	_
177	0	three	0	0	Cardinal_numbers
177	0	House	0	0	_
177	0	committees	0	0	_
177	0	shifted	1	1	_
177	0	into	1	0	_
177	0	action	0	0	Intentionally_act
177	0	on	1	0	_
177	0	their	0	0	_
177	0	version	1	0	Type
177	0	of	0	0	_
177	0	the	0	0	_
177	0	legislation	0	0	Law
177	0	.	0	0	_

177	1	The	0	0	_
177	1	Democratic	0	0	_
177	1	bills	0	0	_
177	1	also	0	0	_
177	1	call	1	0	Request
177	1	for	1	0	_
177	1	the	0	0	_
177	1	creation	0	0	Intentionally_create

178	0	4714140	0	0	_
178	0	#	0	0	_
178	0	Shift	1	1	Change_position_on_a_scale
178	0	into	1	0	_
178	0	action	0	0	Intentionally_act
178	0	#	0	0	_
178	0	#	0	0	_
178	0	Anything	0	0	_
178	0	can	0	0	Possibility
178	0	happen	0	0	Event
178	0	#	0	0	_
178	0	#	0	0	_
178	0	Go	0	0	Motion
178	0	with	1	0	_
178	0	power	1	1	Electricity
178	0	to	0	0	_
178	0	burn	1	1	Fire_burning
178	0	#	0	0	_
178	0	#	0	0	_
178	0	Here	0	0	Locative_relation

179	0	in	1	0	_
179	0	slow	0	0	Taking_time
179	0	motion	0	0	Speed_description
179	0	,	0	0	_
179	0	cell-phone	0	0	_
179	0	photos	0	0	Physical_artworks
179	0	come	1	0	Arriving
179	0	to	1	0	_
179	0	life	1	0	_
179	0	,	0	0	_
179	0	the	0	0	_
179	0	ground	0	0	_
179	0	literally	0	0	_
179	0	shifts	1	1	Change_position_on_a_scale
179	0	in	1	0	_
179	0	acts	1	1	Intentionally_act
179	0	of	0	0	_
179	0	video	0	0	_
179	0	fluxes	1	1	_
179	0	.	0	0	_

179	1	The	0	0	_
179	1	only	0	0	Sole_instance
179	1	constant	0	0	_
179	1	is	0	0	_
179	1	their	0	0	_
179	1	disorientation	0	0	_
179	1	,	0	0	_
179	1	their	0	0	_
179	1	indeterminacy	0	0	_
179	1	,	0	0	_
179	1	and	0	0	_

180	0	this	1	0	_
180	0	woman	0	0	People
180	0	was	0	0	_
180	0	a	0	0	_
180	0	total	0	0	_
180	0	stranger	0	0	Indigenous_origin
180	0	and	0	0	_
180	0	this	1	0	_
180	0	was	0	0	_
180	0	no	0	0	_
180	0	game	1	1	_
180	0	.	0	0	_

180	1	I	0	0	_
180	1	moved	0	0	Motion
180	1	without	1	0	_
180	1	thinking	0	0	Cogitation
180	1	,	0	0	_
180	1	without	1	0	_
180	1	question	0	0	Questioning
180	1	,	0	0	_
180	1	my	0	0	_
180	1	legs	0	0	Body_parts
180	1	heavy	0	0	Measurable_attributes
180	1	with	0	0	_
180	1	the	0	0	_
180	1	mud	0	0	Substance
180	1	.	0	0	_

180	2	By	1	0	_
180	2	the	0	0	_
180	2	time	0	0	_
180	2	we	0	0	_

181	0	in	1	0	_
181	0	an	0	0	_
181	0	attempt	0	0	Attempt
181	0	to	0	0	_
181	0	block	1	0	_
181	0	out	1	0	_
181	0	the	0	0	_
181	0	deafening	0	0	Stimulus_focus
181	0	ROAR	0	0	_
181	0	.	0	0	_

181	1	#	0	0	_
181	1	NICK	0	0	_
181	1	#	0	0	_
181	1	moves	0	0	Motion
181	1	without	1	0	_
181	1	thinking	0	0	Awareness
181	1	,	0	0	_
181	1	picking	0	0	_
181	1	up	0	0	_
181	1	a	0	0	_
181	1	nearby	0	0	Locative_relation
181	1	chair	0	0	_
181	1	and	0	0	_
181	1	SLAMMING	0	0	Cause_motion
181	1	it	0	0	_
181	1	into	0	0	Goal
181	1	the	0	0	_
181	1	television	0	0	_
181	1	.	0	0	_

181	2	It	0	0	_
181	2	EXPLODES	1	1	_

182	0	forehead	0	0	Body_parts
182	0	--	0	0	_
182	0	well	0	0	_
182	0	,	0	0	_
182	0	why	0	0	_
182	0	not	0	0	_
182	0	do	0	0	Intentionally_act
182	0	it	0	0	_
182	0	?	0	0	_

182	1	#	0	0	_
182	1	Another	0	0	Increment
182	1	area	0	0	Locale
182	1	we	0	0	_
182	1	move	0	0	Motion
182	1	without	1	0	_
182	1	thinking	0	0	Awareness
182	1	is	0	0	_
182	1	around	0	0	Locative_relation
182	1	the	0	0	_
182	1	eyes	0	0	Body_parts
182	1	.	0	0	_

182	2	The	0	0	_
182	2	delicacy	0	0	_
182	2	of	0	0	_
182	2	this	1	0	_
182	2	skin	0	0	Body_parts
182	2	makes	1	0	Causation
182	2	it	0	0	_
182	2	a	0	0	_
182	2	prime	0	0	_
182	2	target	1	0	_

183	0	my	0	0	_
183	0	awkwardness	0	0	Stimulus_focus
183	0	--	0	0	_
183	0	yes	0	0	_
183	0	,	0	0	_
183	0	I	0	0	_
183	0	was	0	0	_
183	0	getting	0	0	Transition_to_state
183	0	sloppier	0	0	_
183	0	all	0	0	Frequency
183	0	the	0	0	Frequency
183	0	time	0	0	Frequency
183	0	,	0	0	_
183	0	moving	0	0	Motion
183	0	without	1	0	_
183	0	thinking	0	0	Awareness
183	0	,	0	0	_
183	0	doing	0	0	Intentionally_act
183	0	just	0	0	_
183	0	what	0	0	_
183	0	my	0	0	_
183	0	parents	0	0	Kinship
183	0	all	0	0	_
183	0	ways	1	1	Means
183	0	warned	0	0	Attempt_suasion
183	0	me	0	0	_
183	0	against	1	0	_
183	0	--	0	0	_
183	0	I	0	0	_
183	0	put	1	0	Placing
183	0	my	0	0	_

184	0	we	0	0	_
184	0	view	1	0	Categorization
184	0	the	0	0	_
184	0	structure	1	1	_
184	0	of	0	0	_
184	0	our	0	0	_
184	0	educational	0	0	Education_teaching
184	0	institutions	0	0	Institutions
184	0	.	0	0	_

184	1	JSB	0	0	_
184	1	says	1	0	Statement
184	1	that	0	0	_
184	1	we	0	0	_
184	1	move	1	0	Motion
184	1	from	1	0	_
184	1	thinking	0	0	Awareness
184	1	of	0	0	_
184	1	knowledge	0	0	Awareness
184	1	as	0	0	_
184	1	a	0	0	_
184	1	``	0	0	_
184	1	substance	1	1	_
184	1	``	0	0	_
184	1	that	0	0	_
184	1	we	0	0	_
184	1	transfer	1	1	Transfer
184	1	from	1	0	_
184	1	student	0	0	Education_teaching
184	1	to	1	0	_
184	1	teacher	0	0	Education_teaching
184	1	,	0	0	_

185	0	to	0	0	_
185	0	center	1	1	_
185	0	on	1	0	_
185	0	the	0	0	_
185	0	process	0	0	Process
185	0	of	0	0	_
185	0	transformation	1	1	Cause_change
185	0	in	1	0	_
185	0	negotiations	0	0	Discussion
185	0	--	0	0	_
185	0	the	0	0	_
185	0	point	1	0	_
185	0	at	1	0	_
185	0	which	0	0	_
185	0	parties	0	0	Aggregate
185	0	move	1	0	Motion
185	0	from	1	0	_
185	0	thinking	1	0	Awareness
185	0	of	0	0	_
185	0	themselves	0	0	_
185	0	as	0	0	_
185	0	representing	0	0	_
185	0	countries	0	0	Political_locales
185	0	or	0	0	_
185	0	political	0	0	_
185	0	bodies	1	1	Aggregate
185	0	to	1	0	_
185	0	perceiving	1	1	Categorization
185	0	more	0	0	_
185	0	broadly	1	1	_
185	0	the	0	0	_
185	0	needs	0	0	Needing
185	0	of	0	0	_

186	0	might	0	0	Likelihood
186	0	be	0	0	_
186	0	developed	0	0	Cause_to_make_progress
186	0	basin-wide	0	0	_
186	0	.	0	0	_

186	1	This	1	0	_
186	1	shift	1	0	Change_position_on_a_scale
186	1	is	0	0	_
186	1	transformative	0	0	_
186	1	--	0	0	_
186	1	the	0	0	_
186	1	point	1	0	_
186	1	at	1	0	_
186	1	which	0	0	_
186	1	parties	0	0	Aggregate
186	1	move	1	0	Motion
186	1	from	1	0	_
186	1	thinking	1	0	Awareness
186	1	of	0	0	_
186	1	themselves	0	0	_
186	1	as	0	0	_
186	1	representing	0	0	_
186	1	countries	0	0	Political_locales
186	1	or	0	0	_
186	1	states/provinces	0	0	Political_locales
186	1	to	1	0	_
186	1	perceiving	1	1	Categorization
186	1	more	0	0	_
186	1	broadly	1	1	_
186	1	the	0	0	_
186	1	needs	0	0	Needing
186	1	of	0	0	_
186	1	all	0	0	_

187	0	discovery	0	0	Becoming_aware
187	0	and	0	0	_
187	0	commerce	0	0	_
187	0	,	0	0	_
187	0	thereby	0	0	_
187	0	driving	1	1	Subjective_influence
187	0	sales	0	0	Commerce_sell
187	0	.	0	0	_

187	1	#	0	0	_
187	1	Companies	0	0	Businesses
187	1	will	0	0	_
187	1	begin	0	0	Activity_start
187	1	to	0	0	_
187	1	shift	1	0	Change_position_on_a_scale
187	1	from	1	0	_
187	1	thinking	1	0	Awareness
187	1	of	0	0	_
187	1	``	0	0	_
187	1	Social	0	0	_
187	1	Media	0	0	_
187	1	``	0	0	_
187	1	as	0	0	_
187	1	a	0	0	_
187	1	department	0	0	_
187	1	,	0	0	_
187	1	or	0	0	_
187	1	as	0	0	_
187	1	a	0	0	_
187	1	component	1	1	Ingredients
187	1	headed	1	0	Leadership
187	1	by	0	0	_

188	0	own.	0	0	Possession
188	0	``	0	0	_

188	1	``	0	0	_
188	1	Brain	0	0	_
188	1	transference	0	0	_
188	1	?	0	0	_
188	1	``	0	0	_

188	2	Roger	0	0	_
188	2	found	1	0	Coming_to_believe
188	2	it	0	0	_
188	2	hard	1	0	Difficulty
188	2	to	0	0	_
188	2	shift	1	0	_
188	2	from	1	0	_
188	2	thinking	0	0	Awareness
188	2	of	0	0	_
188	2	his	0	0	_
188	2	furry	0	0	_
188	2	friends	0	0	Personal_relationship
188	2	as	0	0	_
188	2	not	0	0	_
188	2	zoo	0	0	_
188	2	animals	0	0	Animals
188	2	,	0	0	_
188	2	but	0	0	_
188	2	beings	0	0	People
188	2	from	1	0	Origin
188	2	an	0	0	_
188	2	advanced	0	0	Stage_of_progress
188	2	civilization	0	0	_

189	0	intellectual	0	0	_
189	0	tools	1	1	Gizmo
189	0	and	0	0	_
189	0	insights	0	0	_
189	0	from	1	0	_
189	0	family	0	0	Kinship
189	0	systems	0	0	System
189	0	theory	0	0	_
189	0	(	0	0	_
189	0	fst	0	0	_
189	0	)	0	0	_
189	0	?	0	0	_

189	1	What	0	0	_
189	1	shifts	1	0	Change_position_on_a_scale
189	1	in	1	0	_
189	1	thinking	0	0	Awareness
189	1	would	0	0	_
189	1	be	0	0	_
189	1	required	0	0	Being_necessary
189	1	,	0	0	_
189	1	especially	0	0	_
189	1	if	0	0	_
189	1	one	0	0	_
189	1	grants	1	1	_
189	1	that	1	0	_
189	1	psychoanalysis	0	0	_
189	1	and	0	0	_
189	1	almost	0	0	Proportional_quantity
189	1	all	0	0	Quantified_mass
189	1	of	0	0	_
189	1	contemporary	0	0	Temporal_collocation

190	0	I	0	0	_
190	0	did	0	0	_
190	0	n't	0	0	_
190	0	notice	0	0	Becoming_aware
190	0	the	0	0	_
190	0	slight	0	0	_
190	0	pressure	0	0	_
190	0	against	0	0	_
190	0	my	0	0	_
190	0	right	0	0	Part_orientational
190	0	leg	0	0	Body_parts
190	0	.	0	0	_

190	1	I	0	0	_
190	1	shifted	0	0	Change_position_on_a_scale
190	1	without	1	0	_
190	1	thinking	0	0	Awareness
190	1	,	0	0	_
190	1	but	0	0	Concessive
190	1	in	1	0	_
190	1	a	0	0	_
190	1	moment	0	0	Measure_duration
190	1	it	0	0	_
190	1	was	0	0	_
190	1	there	0	0	Locative_relation
190	1	again	0	0	_
190	1	,	0	0	_
190	1	not	0	0	_
190	1	accidental	0	0	_
190	1	but	0	0	_
190	1	persistent	0	0	Duration_description
190	1	.	0	0	_

191	0	by	0	0	_
191	0	8	0	0	Cardinal_numbers
191	0	percentage	0	0	_
191	0	points	0	0	_
191	0	.	0	0	_

191	1	#	0	0	_
191	1	As	0	0	_
191	1	the	0	0	_
191	1	focus	1	0	Emphasizing
191	1	of	0	0	_
191	1	the	0	0	_
191	1	campaign	0	0	_
191	1	trail	1	1	Roadways
191	1	shifts	1	0	Change_position_on_a_scale
191	1	to	1	0	_
191	1	speculation	0	0	_
191	1	over	1	0	_
191	1	Mr.	0	0	_
191	1	Romney	0	0	_
191	1	's	0	0	_
191	1	choice	0	0	Choosing
191	1	of	0	0	_
191	1	a	0	0	_
191	1	running	0	0	_
191	1	mate	0	0	_
191	1	,	0	0	_
191	1	only	0	0	Sole_instance
191	1	a	0	0	_
191	1	quarter	0	0	Part_whole
191	1	of	0	0	Partitive
191	1	voters	0	0	_

192	0	know	0	0	Awareness
192	0	--	0	0	_
192	0	it	0	0	_
192	0	can	0	0	Capability
192	0	run	1	0	_
192	0	the	0	0	_
192	0	gamut	1	1	_
192	0	DOBBS	0	0	_
192	0	But	0	0	_
192	0	at	1	0	_
192	0	that	1	0	_
192	0	point	1	0	_
192	0	we	0	0	_
192	0	move	1	0	Motion
192	0	into	1	0	_
192	0	speculation	0	0	_
192	0	ARENA	0	0	_
192	0	Right	0	0	_
192	0	DOBBS	0	0	_
192	0	And	0	0	_
192	0	what	0	0	_
192	0	I	0	0	_
192	0	think	0	0	Opinion
192	0	we	0	0	_
192	0	ought	0	0	Required_event
192	0	to	0	0	_
192	0	do	0	0	Intentionally_act
192	0	and	0	0	_
192	0	I	0	0	_
192	0	know	0	0	Awareness
192	0	you	0	0	_

193	0	``	0	0	_
193	0	World	0	0	_
193	0	News	0	0	_
193	0	Tonight	0	0	_
193	0	``	0	0	_
193	0	has	0	0	_
193	0	been	0	0	_
193	0	consistently	0	0	Frequency
193	0	first	0	0	Ordinal_numbers
193	0	.	0	0	_

193	1	#	0	0	_
193	1	CBS	0	0	_
193	1	Stock	0	0	_
193	1	Moves	1	0	Motion
193	1	on	1	0	_
193	1	Speculation	0	0	_
193	1	About	1	0	_
193	1	Sale	0	0	Commerce_sell
193	1	of	0	0	_
193	1	Paley	0	0	_
193	1	's	0	0	_
193	1	Holdings	0	0	_
193	1	#	0	0	_
193	1	NEW	0	0	_
193	1	YORK	0	0	_
193	1	(	0	0	_
193	1	AP	0	0	_
193	1	)	0	0	_
193	1	-	0	0	_
193	1	CBS	0	0	_
193	1	Inc	0	0	_
193	1	.	0	0	_

194	0	about	1	0	_
194	0	what	0	0	_
194	0	people	0	0	People
194	0	think	0	0	Awareness
194	0	he	0	0	_
194	0	might	0	0	Likelihood
194	0	have	0	0	_
194	0	said	0	0	Statement
194	0	.	0	0	_

194	1	It	0	0	_
194	1	is	0	0	_
194	1	impossible	0	0	Difficulty
194	1	to	0	0	_
194	1	move	1	0	Motion
194	1	beyond	1	0	Locative_relation
194	1	speculation	0	0	_
194	1	.	0	0	_

194	2	#	0	0	_
194	2	The	0	0	_
194	2	goal	1	0	Purpose
194	2	of	0	0	_
194	2	my	0	0	_
194	2	chapter	0	0	Part_ordered_segments
194	2	on	1	0	_
194	2	the	0	0	_
194	2	Socratic	0	0	_
194	2	Method	0	0	_
194	2	was	0	0	_
194	2	to	0	0	_
194	2	present	0	0	_
194	2	the	0	0	_

195	0	far	1	0	_
195	0	less	0	0	_
195	0	capable	0	0	Capability
195	0	in	1	0	_
195	0	the	0	0	_
195	0	early	0	0	Temporal_subregion
195	0	going	1	1	_
195	0	.	0	0	_

195	1	#	0	0	_
195	1	Coaching	0	0	Leadership
195	1	#	0	0	_
195	1	We	0	0	_
195	1	have	0	0	_
195	1	moved	1	0	Motion
195	1	from	1	0	_
195	1	speculation	0	0	_
195	1	to	1	0	_
195	1	reality	0	0	_
195	1	with	1	0	_
195	1	Offensive	0	0	_
195	1	Coordinator	0	0	_
195	1	Todd	0	0	_
195	1	Haley	0	0	_
195	1	,	0	0	_
195	1	and	0	0	_
195	1	the	0	0	_
195	1	reports	0	0	Statement
195	1	of	0	0	_
195	1	Defensive	0	0	_
195	1	Coordinator	0	0	_
195	1	Dick	0	0	_

196	0	what	0	0	_
196	0	they	0	0	_
196	0	have	0	0	_
196	0	taught	0	0	Education_teaching
196	0	us.	0	0	_
196	0	``	0	0	_

196	1	Damn	0	0	_
196	1	Baker	0	0	_
196	1	of	0	0	Origin
196	1	Milwaukee	0	0	_
196	1	was	0	0	_
196	1	also	0	0	_
196	1	moved	1	0	Experiencer_obj
196	1	to	1	0	_
196	1	introspection.	0	0	Scrutiny
196	1	``	0	0	_

196	2	Read	0	0	Reading_activity
196	2	the	0	0	_
196	2	whole	1	0	Ranked_expectation
196	2	issue	0	0	Text
196	2	,	0	0	_
196	2	learned	0	0	Coming_to_believe
196	2	quite	0	0	Proportional_quantity
196	2	a	0	0	Quantified_mass
196	2	few	0	0	Quantified_mass
196	2	things	1	0	_
196	2	,	0	0	_
196	2	and	0	0	_
196	2	thought	0	0	Awareness

197	0	lives	0	0	_
197	0	of	0	0	_
197	0	individual	0	0	_
197	0	listeners	0	0	_
197	0	.	0	0	_

197	1	This	1	0	_
197	1	means	1	0	Evidence
197	1	that	0	0	_
197	1	we	0	0	_
197	1	must	0	0	Required_event
197	1	help	0	0	Assistance
197	1	students	0	0	Education_teaching
197	1	to	0	0	_
197	1	move	1	0	Motion
197	1	between	1	0	_
197	1	contemplation	0	0	Cogitation
197	1	of	0	0	_
197	1	an	0	0	_
197	1	artistic	0	0	Fields
197	1	object	0	0	Purpose
197	1	and	0	0	_
197	1	contemplation	0	0	Cogitation
197	1	of	0	0	_
197	1	the	0	0	_
197	1	personal	0	0	_
197	1	effects	0	0	Objective_influence
197	1	of	0	0	_
197	1	their	0	0	_
197	1	interaction	0	0	_
197	1	with	1	0	_
197	1	it	0	0	_

198	0	.	0	0	_

198	1	His	0	0	_
198	1	accumulated	0	0	_
198	1	anger	0	0	Emotion_directed
198	1	makes	1	0	Causation
198	1	him	0	0	_
198	1	so	0	0	Degree
198	1	critical	0	0	Judgment
198	1	;	0	0	_
198	1	he	0	0	_
198	1	eventually	0	0	Time_vector
198	1	decides	0	0	Deciding
198	1	to	0	0	_
198	1	move	1	0	Motion
198	1	from	1	0	_
198	1	contemplation	0	0	Cogitation
198	1	to	1	0	_
198	1	praxis	0	0	_
198	1	.	0	0	_

198	2	#	0	0	_
198	2	The	0	0	_
198	2	whole	1	0	Ranked_expectation
198	2	dialectic	0	0	_
198	2	of	0	0	_
198	2	nonsimultaneity	0	0	_
198	2	appears	1	0	Give_impression
198	2	in	1	0	_
198	2	full	1	0	_
198	2	light	1	0	_
198	2	in	1	0	_
198	2	the	0	0	_
198	2	destruction	1	1	Destroying

199	0	Swift	0	0	_
199	0	is	0	0	_
199	0	unfazed.	0	0	Experiencer_focus
199	0	``	0	0	_

199	1	You	0	0	_
199	1	want	0	0	Desiring
199	1	to	0	0	_
199	1	know	0	0	Awareness
199	1	a	0	0	_
199	1	trick	1	1	Means
199	1	to	0	0	_
199	1	immediately	0	0	_
199	1	go	1	0	Motion
199	1	from	1	0	_
199	1	feeling	0	0	Feeling
199	1	victimized	0	0	Catastrophe
199	1	to	1	0	_
199	1	feeling	1	0	Feeling
199	1	awesome	0	0	Desirability
199	1	?	0	0	_
199	1	``	0	0	_

199	2	she	0	0	_
199	2	says	0	0	Statement
199	2	.	0	0	_

199	3	She	0	0	_
199	3	pulls	0	0	Cause_motion
199	3	out	0	0	_
199	3	her	0	0	_
199	3	phone	0	0	_
199	3	and	0	0	_

200	0	look	0	0	Give_impression
200	0	like	0	0	_
200	0	to	1	0	_
200	0	not	0	0	_
200	0	knowing	0	0	Awareness
200	0	.	0	0	_

200	1	For	0	0	_
200	1	me	0	0	_
200	1	this	1	0	_
200	1	period	0	0	Frequency
200	1	of	0	0	_
200	1	transition	1	1	Undergo_change
200	1	involves	1	0	_
200	1	going	1	0	Motion
200	1	from	1	0	_
200	1	feeling	0	0	Feeling
200	1	overwhelmed	0	0	_
200	1	with	1	0	_
200	1	possibilities	0	0	Alternatives
200	1	and	0	0	_
200	1	ideas	0	0	_
200	1	to	1	0	_
200	1	totally	0	0	Degree
200	1	underwhelmed	0	0	Emotion_directed
200	1	with	1	0	_
200	1	the	0	0	_
200	1	banality	0	0	_
200	1	of	0	0	_
200	1	the	0	0	_
200	1	choices	0	0	Choosing
200	1	I	0	0	_

201	0	a	0	0	_
201	0	job	0	0	Being_employed
201	0	.	0	0	_

201	1	Please	0	0	_
201	1	note	0	0	Becoming_aware
201	1	the	0	0	_
201	1	NINE	0	0	_
201	1	YEARS	0	0	Measure_duration
201	1	part	1	0	Part_whole
201	1	of	0	0	_
201	1	this	1	0	_
201	1	story	0	0	_
201	1	.	0	0	_

201	2	Going	1	0	_
201	2	from	1	0	_
201	2	feeling	0	0	Feeling
201	2	lost	1	0	_
201	2	and	0	0	_
201	2	frustrated	0	0	Emotion_directed
201	2	about	1	0	_
201	2	not	0	0	_
201	2	knowing	0	0	Awareness
201	2	what	0	0	_
201	2	to	0	0	_
201	2	do	0	0	Intentionally_act
201	2	or	0	0	_
201	2	how	0	0	_
201	2	to	0	0	_
201	2	do	0	0	Intentionally_act
201	2	it	0	0	_
201	2	to	0	0	_

202	0	even	0	0	_
202	0	companionship	0	0	Personal_relationship
202	0	disappear	1	1	Departing
202	0	from	1	0	_
202	0	their	0	0	_
202	0	marriages	0	0	Forming_relationships
202	0	.	0	0	_

202	1	Mr.	0	0	_
202	1	HARSHBERGER	0	0	_
202	1	:	0	0	_
202	1	You	0	0	_
202	1	ca	0	0	_
202	1	n't	0	0	_
202	1	go	1	0	Motion
202	1	from	1	0	_
202	1	feelings	0	0	Feeling
202	1	of	0	0	_
202	1	a	0	0	_
202	1	caregiver	0	0	Medical_professionals
202	1	to	1	0	_
202	1	feelings	0	0	Feeling
202	1	of	0	0	_
202	1	a	0	0	_
202	1	husband	0	0	Personal_relationship
202	1	or	0	0	_
202	1	a	0	0	_
202	1	wife	0	0	Personal_relationship
202	1	back	1	0	_
202	1	and	0	0	_
202	1	forth	1	0	_
202	1	,	0	0	_

203	0	painting	0	0	_
203	0	,	0	0	_
203	0	there	0	0	Existence
203	0	was	0	0	Existence
203	0	the	0	0	_
203	0	thought	0	0	Awareness
203	0	.	0	0	_

203	1	It	0	0	_
203	1	was	0	0	_
203	1	so	0	0	Degree
203	1	terrible	0	0	Desirability
203	1	that	0	0	_
203	1	it	0	0	_
203	1	went	1	0	_
203	1	beyond	1	0	_
203	1	feeling	0	0	Perception_experience
203	1	,	0	0	_
203	1	and	0	0	_
203	1	left	1	0	Causation
203	1	him	0	0	_
203	1	inspecting	0	0	Inspecting
203	1	it	0	0	_
203	1	with	1	0	_
203	1	a	0	0	_
203	1	kind	0	0	Type
203	1	of	0	0	_
203	1	stark	1	1	_
203	1	detachment	1	1	_
203	1	,	0	0	_
203	1	while	0	0	Temporal_collocation
203	1	the	0	0	_

204	0	while	0	0	_
204	0	others	0	0	Increment
204	0	believe	0	0	Certainty
204	0	that	0	0	_
204	0	enjoyment	0	0	Experiencer_focus
204	0	of	0	0	_
204	0	sport	0	0	_
204	0	is	0	0	_
204	0	broader	1	1	Dimension
204	0	than	0	0	_
204	0	intrinsic	0	0	_
204	0	motivation	0	0	Reason
204	0	and	0	0	_
204	0	goes	1	0	_
204	0	beyond	1	0	_
204	0	feelings	1	1	Feeling
204	0	of	0	0	_
204	0	competence	0	0	Expertise
204	0	and	0	0	_
204	0	control	0	0	Being_in_control
204	0	(	0	0	_
204	0	Scanlan	0	0	_
204	0	&	0	0	_
204	0	;	0	0	_
204	0	Lewthwaite	0	0	_
204	0	,	0	0	_
204	0	1986	0	0	_
204	0	;	0	0	_
204	0	Scanlan	0	0	_
204	0	&	0	0	_
204	0	;	0	0	_
204	0	Simons	0	0	_
204	0	,	0	0	_

205	0	a	0	0	_
205	0	very	0	0	Degree
205	0	minor	1	1	_
205	0	way	1	0	Means
205	0	tells	1	0	Telling
205	0	you	0	0	_
205	0	something	0	0	_
205	0	of	0	0	_
205	0	what	0	0	_
205	0	is	0	0	_
205	0	going	1	0	Event
205	0	on	1	0	Event
205	0	that	0	0	_
205	0	goes	1	0	_
205	0	beyond	1	0	_
205	0	feelings	1	0	Feeling
205	0	about	1	0	Topic
205	0	abortion	0	0	_
205	0	,	0	0	_
205	0	social	0	0	_
205	0	issues	0	0	Point_of_dispute
205	0	and	0	0	_
205	0	taxes	0	0	_
205	0	.	0	0	_

205	1	Though	0	0	_
205	1	of	0	0	_
205	1	course	0	0	_
205	1	all	0	0	_
205	1	of	0	0	_
205	1	these	1	0	_
205	1	are	0	0	_

206	0	think	0	0	Opinion
206	0	it	0	0	_
206	0	is	0	0	_
206	0	fact	0	0	_
206	0	and	0	0	_
206	0	only	0	0	_
206	0	seek	0	0	Seeking_to_achieve
206	0	to	0	0	_
206	0	argue	0	0	Reasoning
206	0	its	0	0	_
206	0	particulars	0	0	_
206	0	or	0	0	_
206	0	just	0	0	_
206	0	go	1	0	_
206	0	by	0	0	_
206	0	feelings	0	0	Feeling
206	0	.	0	0	_

206	1	However	0	0	_
206	1	in	1	0	_
206	1	fact	0	0	_
206	1	,	0	0	_
206	1	it	0	0	_
206	1	is	0	0	_
206	1	not	0	0	_
206	1	a	0	0	_
206	1	biblical	0	0	_
206	1	idea	0	0	Desirable_event
206	1	or	0	0	_
206	1	even	0	0	_
206	1	a	0	0	_
206	1	word	0	0	Simple_name

207	0	?	0	0	_

207	1	You	0	0	_
207	1	never	0	0	Frequency
207	1	had	1	0	_
207	1	a	0	0	_
207	1	period	0	0	Frequency
207	1	,	0	0	_
207	1	never	0	0	Frequency
207	1	been	0	0	_
207	1	pregnant	0	0	_
207	1	...	0	0	_

207	2	If	0	0	_
207	2	you	0	0	_
207	2	go	1	0	Motion
207	2	by	0	0	_
207	2	feelings	0	0	Feeling
207	2	you	0	0	_
207	2	will	0	0	_
207	2	always	0	0	Frequency
207	2	go	1	0	Motion
207	2	downhill	1	1	_
207	2	.	0	0	_

207	3	What	0	0	_
207	3	about	1	0	_
207	3	people	0	0	People
207	3	who	0	0	_
207	3	have	1	0	Possession
207	3	feelings	1	1	Feeling
207	3	to	0	0	_
207	3	kill	0	0	Killing
207	3	,	0	0	_

208	0	is	0	0	_
208	0	full	0	0	Abounding_with
208	0	of	0	0	_
208	0	fluff	0	0	_
208	0	.	0	0	_

208	1	You	0	0	_
208	1	do	0	0	_
208	1	n't	0	0	_
208	1	have	1	0	Possession
208	1	any	0	0	Quantified_mass
208	1	research	0	0	Research
208	1	,	0	0	_
208	1	just	0	0	_
208	1	going	1	0	Motion
208	1	by	0	0	_
208	1	feelings	0	0	Feeling
208	1	and	0	0	_
208	1	personal	0	0	_
208	1	intuition	0	0	_
208	1	(	0	0	_
208	1	faith	0	0	_
208	1	based	1	0	_
208	1	parenting	0	0	Kinship
208	1	)	0	0	_
208	1	.	0	0	_

208	2	There	0	0	Existence
208	2	are	0	0	Existence
208	2	so	0	0	_
208	2	many	0	0	Quantified_mass
208	2	other	0	0	Increment
208	2	factors	0	0	Contingency

209	0	,	0	0	_
209	0	but	0	0	Concessive
209	0	admits	1	0	Reveal_secret
209	0	,	0	0	_
209	0	``	0	0	_
209	0	There	0	0	Existence
209	0	's	0	0	Existence
209	0	a	0	0	Quantified_mass
209	0	lot	1	0	Quantified_mass
209	0	of	0	0	_
209	0	sadness	0	0	Emotion_directed
209	0	.	0	0	_

209	1	I	0	0	_
209	1	go	1	0	Motion
209	1	through	1	0	_
209	1	feelings	0	0	Feeling
209	1	,	0	0	_
209	1	thinking	0	0	Awareness
209	1	about	1	0	Topic
209	1	stuff	1	0	_
209	1	,	0	0	_
209	1	what	0	0	_
209	1	could	0	0	Possibility
209	1	have	0	0	_
209	1	been	0	0	_
209	1	different	0	0	Similarity
209	1	and	0	0	_
209	1	so	0	0	_
209	1	on	1	0	_
209	1	and	0	0	_
209	1	so	0	0	_

210	0	Sheehy	0	0	_
210	0	things	1	1	Entity
210	0	?	0	0	_

210	1	Yeah	0	0	_
210	1	,	0	0	_
210	1	from	0	0	_
210	1	the	0	0	_
210	1	book	0	0	Text
210	1	,	0	0	_
210	1	you	0	0	_
210	1	know	0	0	Awareness
210	1	?	0	0	_

210	2	Everybody	0	0	_
210	2	goes	1	0	Motion
210	2	through	1	0	_
210	2	feelings	0	0	Feeling
210	2	like	0	0	_
210	2	these	1	0	_
210	2	,	0	0	_
210	2	honey	0	0	_
210	2	.	0	0	_

210	3	No	0	0	_
210	3	,	0	0	_
210	3	I	0	0	_
210	3	do	0	0	_
210	3	n't	0	0	_
210	3	think	0	0	Opinion
210	3	so	0	0	_
210	3	.	0	0	_

210	4	Johnny	0	0	_
210	4	,	0	0	_

211	0	rather	0	0	_
211	0	upsetting	0	0	Stimulus_focus
211	0	to	0	0	_
211	0	see	0	0	Perception_experience
211	0	on	1	0	Spatial_contact
211	0	a	0	0	_
211	0	social	0	0	_
211	0	justice	0	0	_
211	0	site	0	0	Locale_by_use
211	0	where	0	0	Locative_relation
211	0	I	0	0	_
211	0	can	0	0	Possibility
211	0	usually	0	0	Frequency
211	0	go	0	0	Motion
211	0	without	1	0	_
211	0	feeling	1	0	Feeling
211	0	,	0	0	_
211	0	for	0	0	_
211	0	once	0	0	Event_instance
211	0	,	0	0	_
211	0	that	0	0	_
211	0	the	0	0	_
211	0	people	0	0	People
211	0	there	0	0	Locative_relation
211	0	hate	0	0	Experiencer_focus
211	0	me	0	0	_
211	0	for	0	0	_
211	0	who	0	0	_
211	0	I	0	0	_
211	0	am	0	0	_
211	0	.	0	0	_

212	0	its	0	0	_
212	0	aftermath	0	0	_
212	0	,	0	0	_
212	0	all	0	0	_
212	0	became	0	0	Becoming
212	0	a	0	0	_
212	0	blur	1	1	_
212	0	.	0	0	_

212	1	Like	0	0	Similarity
212	1	a	0	0	_
212	1	zombie	1	1	_
212	1	,	0	0	_
212	1	I	0	0	_
212	1	went	1	0	Motion
212	1	through	1	0	_
212	1	emotions	0	0	_
212	1	--	0	0	_
212	1	I	0	0	_
212	1	mean	0	0	_
212	1	--	0	0	_
212	1	a	0	0	_
212	1	Donald	0	0	_
212	1	would	0	0	_
212	1	show	0	0	Arriving
212	1	up	0	0	Arriving
212	1	with	0	0	_
212	1	a	0	0	_
212	1	game	1	1	_
212	1	face	0	0	Body_parts
212	1	,	0	0	_
212	1	with	0	0	_

213	0	surfing	0	0	_
213	0	has	0	0	_
213	0	ever	0	0	_
213	0	had	1	0	Have_associated
213	0	is	0	0	_
213	0	BY	0	0	_
213	0	FAR	1	1	_
213	0	Ronnie	0	0	_
213	0	Blakey	0	0	_
213	0	,	0	0	_
213	0	does	0	0	_
213	0	not	0	0	_
213	0	let	0	0	_
213	0	go	1	0	_
213	0	through	1	0	_
213	0	emotions	0	0	_
213	0	and	0	0	_
213	0	makes	1	0	Causation
213	0	every	0	0	_
213	0	comment	0	0	Statement
213	0	with	1	0	_
213	0	great	1	0	_
213	0	precision	0	0	_
213	0	...	0	0	_
213	0	#	0	0	_
213	0	Kelly	0	0	_
213	0	is	0	0	_
213	0	a	0	0	_
213	0	freak	1	1	_
213	0	and	0	0	_
213	0	still	0	0	Continued_state_of_affairs

214	0	,	0	0	_
214	0	I	0	0	_
214	0	hated	0	0	Experiencer_focus
214	0	the	0	0	_
214	0	circumstance	0	0	_
214	0	.	0	0	_

214	1	Now	0	0	Temporal_collocation
214	1	I	0	0	_
214	1	like	0	0	Experiencer_focus
214	1	people	0	0	People
214	1	again	0	0	_
214	1	.	0	0	_

214	2	I	0	0	_
214	2	went	1	0	Motion
214	2	through	1	0	_
214	2	emotions	0	0	_
214	2	that	0	0	_
214	2	were	0	0	_
214	2	startling	0	0	Stimulus_focus
214	2	to	1	0	_
214	2	me	0	0	_
214	2	.	0	0	_

214	3	#	0	0	_
214	3	BH	0	0	_
214	3	:	0	0	_
214	3	How	0	0	_
214	3	did	0	0	_
214	3	you	0	0	_
214	3	sleep	0	0	Sleep
214	3	in	1	0	_
214	3	those	1	0	_
214	3	times	0	0	_

215	0	.	0	0	_

215	1	When	0	0	Temporal_collocation
215	1	asked	0	0	Questioning
215	1	to	0	0	_
215	1	decide	0	0	Deciding
215	1	a	0	0	_
215	1	patent	0	0	_
215	1	case	0	0	_
215	1	,	0	0	_
215	1	juries	0	0	_
215	1	are	0	0	_
215	1	likely	0	0	Likelihood
215	1	to	0	0	_
215	1	go	1	0	_
215	1	with	1	0	_
215	1	emotion	0	0	_
215	1	over	1	0	_
215	1	evidence	0	0	Evidence
215	1	--	0	0	_
215	1	deciding	0	0	Deciding
215	1	a	0	0	_
215	1	case	0	0	_
215	1	based	1	0	_
215	1	on	1	0	_
215	1	brand	0	0	_
215	1	loyalty	0	0	_
215	1	rather	0	0	_
215	1	than	0	0	_
215	1	the	0	0	_
215	1	law	0	0	Law
215	1	at	1	0	_

216	0	:	0	0	_
216	0	...	0	0	_
216	0	to	0	0	_
216	0	oppose	0	0	Taking_sides
216	0	this	1	0	_
216	0	disastrous	0	0	Catastrophe
216	0	war	0	0	Hostile_encounter
216	0	.	0	0	_

216	1	But	0	0	Concessive
216	1	people	0	0	People
216	1	are	0	0	_
216	1	going	0	0	_
216	1	to	0	0	_
216	1	go	0	0	Motion
216	1	with	1	0	_
216	1	emotion	0	0	_
216	1	,	0	0	_
216	1	they	0	0	_
216	1	're	0	0	_
216	1	going	0	0	_
216	1	to	0	0	_
216	1	go	0	0	Motion
216	1	with	1	0	_
216	1	their	0	0	_
216	1	heart	1	0	_
216	1	,	0	0	_
216	1	and	0	0	_
216	1	it	0	0	_
216	1	's	0	0	_
216	1	a	0	0	_
216	1	tough	1	1	Difficulty

217	0	(	0	0	_
217	0	and	0	0	_
217	0	thus	0	0	_
217	0	a	0	0	_
217	0	fanatic	0	0	_
217	0	per	0	0	_
217	0	ESR	0	0	_
217	0	's	0	0	_
217	0	definition	0	0	Communicate_categorization
217	0	)	0	0	_
217	0	,	0	0	_
217	0	or	0	0	_
217	0	just	0	0	_
217	0	going	1	0	_
217	0	by	0	0	_
217	0	emotion	0	0	_
217	0	(	0	0	_
217	0	which	0	0	_
217	0	would	0	0	_
217	0	be	0	0	_
217	0	no	0	0	_
217	0	better	0	0	Desirability
217	0	.	0	0	_
217	0	)	0	0	_

217	1	#	0	0	_
217	1	Of	0	0	_
217	1	course	0	0	_
217	1	,	0	0	_
217	1	some	0	0	Proportional_quantity
217	1	animal	0	0	_
217	1	rights	0	0	_

218	0	if	0	0	_
218	0	when	0	0	Temporal_collocation
218	0	you	0	0	_
218	0	have	0	0	Required_event
218	0	to	0	0	Required_event
218	0	--	0	0	_
218	0	wrong	0	0	Correctness
218	0	decisions	0	0	Deciding
218	0	happen	0	0	Event
218	0	in	1	0	Interior_profile_relation
218	0	courts	0	0	Judicial_body
218	0	because	0	0	Causation
218	0	you	0	0	_
218	0	go	1	0	Motion
218	0	by	0	0	_
218	0	emotion	0	0	_
218	0	,	0	0	_
218	0	not	0	0	Negation
218	0	by	0	0	_
218	0	evidence	0	0	Evidence
218	0	.	0	0	_

218	1	And	0	0	_
218	1	all	0	0	_
218	1	I	0	0	_
218	1	would	0	0	_
218	1	say	0	0	Statement
218	1	is	0	0	_
218	1	look	0	0	Perception_active
218	1	at	0	0	_
218	1	the	0	0	_
218	1	evidence	0	0	Evidence

219	0	years	0	0	Measure_duration
219	0	.	0	0	_

219	1	Yeah	0	0	_
219	1	,	0	0	_
219	1	the	0	0	_
219	1	whole	0	0	Ranked_expectation
219	1	thing	0	0	_
219	1	,	0	0	_
219	1	Ivan	0	0	_
219	1	.	0	0	_

219	2	He	0	0	_
219	2	said	0	0	Statement
219	2	he	0	0	_
219	2	goes	1	0	_
219	2	on	1	0	_
219	2	emotion	0	0	_
219	2	.	0	0	_

219	3	He	0	0	_
219	3	said	0	0	Statement
219	3	the	0	0	_
219	3	stuff	1	0	_
219	3	about	1	0	_
219	3	the	0	0	_
219	3	biggest	0	0	Size
219	3	pour	0	0	_
219	3	in	0	0	Interior_profile_relation
219	3	Europe	0	0	_
219	3	.	0	0	_

219	4	Outside	0	0	Interior_profile_relation
219	4	the	0	0	_
219	4	nuclear	0	0	Weapon

220	0	God	0	0	_
220	0	,	0	0	_
220	0	and	0	0	_
220	0	they	0	0	_
220	0	just	0	0	_
220	0	ate	0	0	Ingestion
220	0	it	0	0	_
220	0	up	0	0	_
220	0	.	0	0	_

220	1	You	0	0	_
220	1	ca	0	0	_
220	1	n't	0	0	_
220	1	just	0	0	_
220	1	go	1	0	Activity_ongoing
220	1	on	1	0	_
220	1	emotions	0	0	_
220	1	and	0	0	_
220	1	be	0	0	_
220	1	a	0	0	_
220	1	whole	1	0	Ranked_expectation
220	1	person	0	0	People
220	1	.	0	0	_

220	2	Even	0	0	_
220	2	folks	0	0	People
220	2	in	1	0	Interior_profile_relation
220	2	this	1	0	_
220	2	sub-culture	1	1	_
220	2	of	0	0	_
220	2	Charismatic	0	0	_
220	2	and	0	0	_
220	2	Pentecostal	0	0	_

221	0	pleasure	0	0	Experiencer_focus
221	0	could	0	0	Possibility
221	0	bring	1	0	Cause_to_start
221	0	about	0	0	Cause_to_start
221	0	illness	0	0	Medical_conditions
221	0	in	0	0	Interior_profile_relation
221	0	the	0	0	_
221	0	human	0	0	People
221	0	body	0	0	Body_parts
221	0	.	0	0	_

221	1	However	0	0	Concessive
221	1	,	0	0	_
221	1	he	0	0	_
221	1	went	1	0	_
221	1	beyond	1	0	_
221	1	emotions	0	0	_
221	1	to	0	0	_
221	1	configure	1	1	_
221	1	the	0	0	_
221	1	psychosocial	0	0	_
221	1	body	0	0	Body_parts
221	1	,	0	0	_
221	1	where	1	0	_
221	1	the	0	0	_
221	1	visceral	0	0	_
221	1	arrangement	1	1	_
221	1	and	0	0	_
221	1	the	0	0	_
221	1	physiological	0	0	_
221	1	workings	1	1	_
221	1	are	0	0	_

222	0	n't	0	0	_
222	0	Want	0	0	Desiring
222	0	You	0	0	_
222	0	Going	0	0	Motion
222	0	Back	0	0	_
222	0	There	0	0	_
222	0	Until	0	0	Time_vector
222	0	After	1	0	Time_vector
222	0	The	0	0	_
222	0	Trial	0	0	Trial
222	0	.	0	0	_

222	1	We	0	0	_
222	1	're	0	0	_
222	1	Going	1	0	Motion
222	1	For	0	0	_
222	1	Emotion	0	0	_
222	1	Here	0	0	Locative_relation
222	1	.	0	0	_

222	2	I	0	0	_
222	2	Want	0	0	Desiring
222	2	To	0	0	_
222	2	Be	0	0	_
222	2	Able	0	0	Capability
222	2	To	0	0	_
222	2	Tell	0	0	Telling
222	2	The	0	0	_
222	2	Jury	0	0	_
222	2	That	0	0	_
222	2	You	0	0	_
222	2	Were	0	0	_
222	2	Too	0	0	_

223	0	our	0	0	_
223	0	emotions	0	0	_
223	0	.	0	0	_

223	1	Everything	0	0	_
223	1	has	1	0	Have_associated
223	1	an	0	0	_
223	1	emotional	0	0	_
223	1	weighting	1	1	_
223	1	to	1	0	_
223	1	it	0	0	_
223	1	.	0	0	_

223	2	We	0	0	_
223	2	've	0	0	_
223	2	gone	1	0	Undergo_change
223	2	from	1	0	_
223	2	emotions	0	0	_
223	2	being	0	0	_
223	2	these	1	0	_
223	2	spiritual	0	0	_
223	2	...	0	0	_
223	2	immaterial	0	0	_
223	2	things	1	0	_
223	2	to	1	0	_
223	2	things-	1	0	_
223	2	they	0	0	_
223	2	're	0	0	_
223	2	not	0	0	_
223	2	even	0	0	_
223	2	things-	1	0	_
223	2	to	1	0	_
223	2	actual	0	0	Existence

224	0	.	0	0	_
224	0	'	0	0	_

224	1	They	0	0	_
224	1	did	0	0	_
224	1	not	0	0	Negation
224	1	seem	0	0	Give_impression
224	1	irrational	0	0	Mental_property
224	1	,	0	0	_
224	1	in	1	0	_
224	1	flamed	1	1	_
224	1	,	0	0	_
224	1	bigoted	0	0	_
224	1	,	0	0	_
224	1	swept	1	1	_
224	1	by	0	0	_
224	1	emotion	0	0	_
224	1	and	0	0	_
224	1	angry	1	0	Emotion_directed
224	1	self-righteousness	0	0	_
224	1	.	0	0	_

224	2	They	0	0	_
224	2	felt	1	0	Opinion
224	2	strongly	1	0	_
224	2	enough	0	0	Sufficiency
224	2	about	1	0	_
224	2	justice	0	0	_
224	2	in	0	0	Interior_profile_relation
224	2	this	1	0	_
224	2	new	0	0	Age
224	2	country	0	0	Political_locales
224	2	to	0	0	_

225	0	and	0	0	_
225	0	declination	0	0	_
225	0	+5.72°	0	0	_
225	0	.	0	0	_

225	1	With	0	0	_
225	1	these	0	0	_
225	1	coordinates	0	0	_
225	1	,	0	0	_
225	1	IceCube	0	0	_
225	1	's	0	0	_
225	1	automatic	0	0	_
225	1	notification	0	0	Telling
225	1	system	0	0	System
225	1	went	0	0	Transition_to_a_quality
225	1	into	0	0	_
225	1	action	0	0	Intentionally_act
225	1	,	0	0	_
225	1	notifying	0	0	Telling
225	1	ground-based	0	0	_
225	1	and	0	0	_
225	1	space-based	0	0	_
225	1	observatories	0	0	_
225	1	around	0	0	Locative_relation
225	1	the	0	0	_
225	1	world	0	0	Political_locales
225	1	of	0	0	_
225	1	their	0	0	_
225	1	estimate	0	0	Estimated_value
225	1	of	0	0	_
225	1	the	0	0	_
225	1	coordinates	0	0	_

226	0	#	0	0	_
226	0	Through	1	0	_
226	0	recommendations	0	0	_
226	0	from	1	0	Origin
226	0	school	0	0	Locale_by_use
226	0	counselors	0	0	_
226	0	,	0	0	_
226	0	families	0	0	Kinship
226	0	were	0	0	_
226	0	recognized	0	0	_
226	0	and	0	0	_
226	0	then	0	0	_
226	0	volunteers	0	0	_
226	0	went	1	0	Transition_to_a_quality
226	0	into	1	0	_
226	0	action	0	0	Intentionally_act
226	0	to	0	0	_
226	0	get	0	0	Getting
226	0	the	0	0	_
226	0	gifts	0	0	Giving
226	0	,	0	0	_
226	0	coats	0	0	Accoutrements
226	0	,	0	0	_
226	0	hats	0	0	Accoutrements
226	0	,	0	0	_
226	0	gloves	0	0	Accoutrements
226	0	and	0	0	_
226	0	food	0	0	Food
226	0	for	0	0	_
226	0	the	0	0	_
226	0	many	0	0	Quantified_mass

227	0	,	0	0	_
227	0	when	0	0	Temporal_collocation
227	0	you	0	0	_
227	0	get	0	0	Transition_to_state
227	0	angry	0	0	Emotion_directed
227	0	,	0	0	_
227	0	the	0	0	_
227	0	amygdale	0	0	_
227	0	,	0	0	_
227	0	a	0	0	_
227	0	basic	0	0	_
227	0	brain	0	0	_
227	0	region	0	0	Locale
227	0	goes	1	0	Transition_to_a_quality
227	0	into	1	0	_
227	0	action	0	0	Intentionally_act
227	0	.	0	0	_

227	1	And	0	0	_
227	1	you	0	0	_
227	1	drive	1	1	Operate_vehicle
227	1	up	1	0	_
227	1	norepinephrine	0	0	_
227	1	and	0	0	_
227	1	epinephrine	0	0	_
227	1	,	0	0	_
227	1	the	0	0	_
227	1	adrenaline	0	0	_
227	1	and	0	0	_
227	1	you	0	0	_
227	1	can	0	0	Capability
227	1	stay	1	0	Residence

228	0	created	0	0	Intentionally_create
228	0	--	0	0	_
228	0	what	0	0	_
228	0	created	0	0	Cause_to_start
228	0	this	1	0	_
228	0	immediate	0	0	_
228	0	reaction	1	0	Response
228	0	of	0	0	_
228	0	President	0	0	Leadership
228	0	Obama	0	0	_
228	0	?	0	0	_

228	1	And	0	0	_
228	1	we	0	0	_
228	1	went	1	0	_
228	1	into	1	0	_
228	1	action	0	0	Intentionally_act
228	1	to	0	0	_
228	1	get	1	0	Getting
228	1	the	0	0	_
228	1	briefing	0	0	_
228	1	as	0	0	_
228	1	quickly	0	0	_
228	1	as	0	0	_
228	1	possible	0	0	Likelihood
228	1	on	1	0	_
228	1	Tuesday	0	0	Calendric_unit
228	1	that	0	0	_
228	1	we	0	0	_
228	1	thought	0	0	Awareness
228	1	the	0	0	_
228	1	president	0	0	Leadership

229	0	a	0	0	_
229	0	drink	0	0	Food
229	0	and	0	0	_
229	0	then	0	0	Temporal_collocation
229	0	fell	0	0	Motion
229	0	into	0	0	_
229	0	the	0	0	_
229	0	lake	0	0	Natural_features
229	0	.	0	0	_

229	1	That	1	0	_
229	1	's	0	0	_
229	1	when	0	0	Temporal_collocation
229	1	Farris	0	0	_
229	1	went	1	0	Transition_to_a_quality
229	1	into	1	0	_
229	1	action	0	0	Intentionally_act
229	1	,	0	0	_
229	1	reaching	0	0	Self_motion
229	1	down	0	0	_
229	1	and	0	0	_
229	1	heaving	0	0	Cause_motion
229	1	the	0	0	_
229	1	flailing	0	0	Moving_in_place
229	1	50-pound	0	0	_
229	1	dog	0	0	Animals
229	1	out	0	0	_
229	1	of	0	0	_
229	1	the	0	0	_
229	1	water	0	0	_
229	1	.	0	0	_

229	2	#	0	0	_

230	0	off	1	0	_
230	0	the	0	0	_
230	0	daily	0	0	Frequency
230	0	double	1	1	_
230	0	of	0	0	_
230	0	pitching	0	0	Cause_motion
230	0	disgrace	0	0	Social_interaction_evaluation
230	0	.	0	0	_

230	1	Both	0	0	Quantified_mass
230	1	their	0	0	_
230	1	starters	0	0	_
230	1	and	0	0	_
230	1	relievers	0	0	_
230	1	went	1	0	Transition_to_a_quality
230	1	into	1	0	_
230	1	action	0	0	Intentionally_act
230	1	on	1	0	Temporal_collocation
230	1	Tuesday	0	0	Calendric_unit
230	1	night	0	0	Calendric_unit
230	1	with	1	0	_
230	1	ERAs	0	0	_
230	1	over	1	0	Proportional_quantity
230	1	5.00	0	0	_
230	1	.	0	0	_

230	2	#	0	0	_
230	2	On	1	0	_
230	2	cue	0	0	_
230	2	,	0	0	_
230	2	Mets	0	0	_
230	2	starter	0	0	_
230	2	Tommy	0	0	_

231	0	4171631	0	0	_
231	0	ERNEST-HEMINGWAY	0	0	_
231	0	#	0	0	_
231	0	This	1	0	_
231	0	is	0	0	_
231	0	the	0	0	_
231	0	true	0	0	_
231	0	face	1	1	Body_parts
231	0	of	0	0	_
231	0	men	0	0	People
231	0	going	1	0	Transition_to_a_quality
231	0	into	1	0	_
231	0	action	0	0	Intentionally_act
231	0	.	0	0	_

231	1	It	0	0	_
231	1	's	0	0	_
231	1	a	0	0	_
231	1	little	0	0	_
231	1	different	0	0	Similarity
231	1	from	1	0	_
231	1	any	0	0	_
231	1	other	0	0	Increment
231	1	face	0	0	Body_parts
231	1	that	0	0	_
231	1	you	0	0	_
231	1	will	0	0	_
231	1	ever	0	0	_
231	1	see	0	0	Perception_experience

232	0	It	0	0	_
232	0	's	0	0	_
232	0	almost	0	0	_
232	0	as	0	0	_
232	0	if	0	0	_
232	0	someone	0	0	_
232	0	was	0	0	_
232	0	waiting	0	0	Waiting
232	0	for	0	0	_
232	0	you	0	0	_
232	0	to	0	0	_
232	0	leave	0	0	Departing
232	0	to	0	0	_
232	0	go	1	0	Transition_to_a_quality
232	0	into	1	0	_
232	0	action	0	0	Intentionally_act
232	0	.	0	0	_

232	1	It	0	0	_
232	1	happened	0	0	Event
232	1	down	1	0	Locative_relation
232	1	at	0	0	Locative_relation
232	1	The	0	0	_
232	1	Twinkle	0	0	_
232	1	when	0	0	Temporal_collocation
232	1	no	0	0	_
232	1	one	0	0	_
232	1	was	0	0	_
232	1	looking	0	0	Perception_active
232	1	-	0	0	_
232	1	some	0	0	Proportional_quantity
232	1	big	0	0	Size

233	0	swung	0	0	Self_motion
233	0	left	0	0	Direction
233	0	to	0	0	_
233	0	approach	0	0	Arriving
233	0	the	0	0	_
233	0	ranch	0	0	Locale_by_use
233	0	from	0	0	_
233	0	an	0	0	_
233	0	unexpected	0	0	Expectation
233	0	direction	0	0	_
233	0	.	0	0	_

233	1	Before	0	0	Time_vector
233	1	they	0	0	_
233	1	went	1	0	Transition_to_a_quality
233	1	into	1	0	_
233	1	action	0	0	Intentionally_act
233	1	,	0	0	_
233	1	Rolfe	0	0	_
233	1	lined	1	1	_
233	1	up	1	0	_
233	1	his	0	0	_
233	1	war	0	0	Hostile_encounter
233	1	party	0	0	Aggregate
233	1	and	0	0	_
233	1	rode	0	0	Operate_vehicle
233	1	from	0	0	_
233	1	man	0	0	People
233	1	to	1	0	_
233	1	man	0	0	People
233	1	,	0	0	_
233	1	checking	0	0	Inspecting

234	0	,	0	0	_
234	0	when	0	0	Temporal_collocation
234	0	a	0	0	_
234	0	lull	1	1	_
234	0	came	1	0	Arriving
234	0	in	1	0	_
234	0	the	0	0	_
234	0	endless	0	0	_
234	0	list	0	0	Text
234	0	of	0	0	_
234	0	chores	0	0	Being_obligated
234	0	,	0	0	_
234	0	I	0	0	_
234	0	went	1	0	Transition_to_a_quality
234	0	into	1	0	_
234	0	action	0	0	Intentionally_act
234	0	.	0	0	_

234	1	Digging	0	0	_
234	1	out	0	0	_
234	1	a	0	0	_
234	1	semi-healthy	0	0	_
234	1	segment	0	0	Part_whole
234	1	of	0	0	_
234	1	each	0	0	_
234	1	salvageable	0	0	_
234	1	and	0	0	_
234	1	desirable	0	0	Desirability
234	1	perennial	0	0	_
234	1	to	0	0	_
234	1	reserve	0	0	_
234	1	for	0	0	_

235	0	``	0	0	_
235	0	He	0	0	_
235	0	and	0	0	_
235	0	other	0	0	Increment
235	0	experts	0	0	Expertise
235	0	dismiss	1	1	Respond_to_proposal
235	0	``	0	0	_
235	0	newspaper	0	0	Text
235	0	reports	0	0	Statement
235	0	``	0	0	_
235	0	of	0	0	_
235	0	Russian	0	0	Origin
235	0	troops	0	0	Member_of_military
235	0	going	0	0	Transition_to_a_quality
235	0	into	1	0	_
235	0	action	0	0	Intentionally_act
235	0	in	0	0	Interior_profile_relation
235	0	Syria	0	0	_
235	0	,	0	0	_
235	0	but	0	0	_
235	0	say	0	0	Statement
235	0	that	0	0	_
235	0	one	0	0	Cardinal_numbers
235	0	marine	0	0	_
235	0	battalion	0	0	_
235	0	-	0	0	_
235	0	about	1	0	Proportional_quantity
235	0	500	0	0	_
235	0	men	0	0	People
235	0	-	0	0	_
235	0	has	0	0	_

236	0	and	0	0	_
236	0	though	0	0	Concessive
236	0	they	0	0	_
236	0	have	0	0	_
236	0	n't	0	0	_
236	0	really	0	0	_
236	0	healed	1	1	Cure
236	0	,	0	0	_
236	0	Cairo	0	0	_
236	0	demanded	0	0	Request
236	0	that	0	0	_
236	0	Petralds	0	0	_
236	0	not	0	0	_
236	0	go	1	0	Transition_to_a_quality
236	0	into	1	0	_
236	0	action	0	0	Intentionally_act
236	0	without	1	0	_
236	0	a	0	0	_
236	0	partner	0	0	Collaboration
236	0	.	0	0	_

236	1	The	0	0	_
236	1	pungent	0	0	_
236	1	smell	0	0	Sensation
236	1	of	0	0	_
236	1	ointment	0	0	Substance
236	1	adds	1	0	_
236	1	a	0	0	_
236	1	curative	0	0	_
236	1	whiff	0	0	Sensation
236	1	to	1	0	_
236	1	the	0	0	_

237	0	score	1	1	_
237	0	it	0	0	_
237	0	.	0	0	_

237	1	If	0	0	_
237	1	it	0	0	_
237	1	received	1	0	Receiving
237	1	a	0	0	_
237	1	high	1	0	Position_on_a_scale
237	1	enough	0	0	Sufficiency
237	1	score	0	0	_
237	1	,	0	0	_
237	1	it	0	0	_
237	1	could	0	0	Capability
237	1	go	1	0	Transition_to_a_quality
237	1	into	1	0	_
237	1	action	1	0	Intentionally_act
237	1	.	0	0	_

237	2	#	0	0	_
237	2	Darlage	0	0	_
237	2	recalled	1	0	Statement
237	2	one	0	0	_
237	2	day	0	0	Calendric_unit
237	2	when	0	0	_
237	2	the	0	0	_
237	2	mayor	0	0	Leadership
237	2	visited	0	0	Visiting
237	2	him	0	0	_
237	2	and	0	0	_
237	2	told	0	0	Telling
237	2	him	0	0	_
237	2	of	0	0	_

238	0	hand	0	0	Body_parts
238	0	?	0	0	_

238	1	He	0	0	_
238	1	had	0	0	Possession
238	1	a	0	0	_
238	1	right	0	0	_
238	1	hand	0	0	Body_parts
238	1	of	0	0	_
238	1	iron	0	0	Substance
238	1	made	0	0	_
238	1	for	0	0	_
238	1	him	0	0	_
238	1	and	0	0	_
238	1	going	1	0	Transition_to_a_quality
238	1	into	1	0	_
238	1	action	0	0	Intentionally_act
238	1	with	0	0	_
238	1	it	0	0	_
238	1	tied	0	0	Being_attached
238	1	to	0	0	_
238	1	his	0	0	_
238	1	arm	0	0	Body_parts
238	1	,	0	0	_
238	1	raised	1	1	_
238	1	the	0	0	_
238	1	siege	0	0	Besieging
238	1	of	0	0	_
238	1	Cremona	0	0	_
238	1	?	0	0	_

238	2	(	0	0	_
238	2	2	0	0	_

239	0	Shortly	0	0	_
239	0	after	0	0	Time_vector
239	0	the	0	0	_
239	0	blast	0	0	Fire_burning
239	0	,	0	0	_
239	0	officials	0	0	Leadership
239	0	of	0	0	_
239	0	other	0	0	Increment
239	0	cities	0	0	Political_locales
239	0	along	0	0	Locative_relation
239	0	the	0	0	_
239	0	east	0	0	Part_orientational
239	0	coast	0	0	Relational_natural_features
239	0	went	1	0	Transition_to_a_quality
239	0	into	1	0	_
239	0	action	0	0	Intentionally_act
239	0	.	0	0	_

239	1	We	0	0	_
239	1	have	1	0	Possession
239	1	Fox	0	0	_
239	1	team	0	0	Aggregate
239	1	coverage	0	0	_
239	1	.	0	0	_

239	2	Senior	0	0	Subordinates_and_superiors
239	2	correspondent	0	0	_
239	2	Eric	0	0	_
239	2	Shawn	0	0	_
239	2	in	0	0	Interior_profile_relation
239	2	New	0	0	_
239	2	York	0	0	_
239	2	tonight	0	0	Calendric_unit

240	0	seconds	0	0	Measure_duration
240	0	later	0	0	Time_vector
240	0	,	0	0	_
240	0	Grossnickle	0	0	_
240	0	felt	1	0	Opinion
240	0	as	0	0	_
240	0	if	0	0	_
240	0	God	0	0	_
240	0	were	0	0	_
240	0	telling	1	0	Telling
240	0	him	0	0	_
240	0	,	0	0	_
240	0	``	0	0	_
240	0	Go	1	0	Transition_to_a_quality
240	0	into	1	0	_
240	0	action	0	0	Intentionally_act
240	0	.	0	0	_

240	1	Go	0	0	_
240	1	do	0	0	Intentionally_act
240	1	something.	0	0	_
240	1	``	0	0	_

240	2	#	0	0	_
240	2	``	0	0	_
240	2	I	0	0	_
240	2	slid	0	0	Self_motion
240	2	down	0	0	_
240	2	the	0	0	_
240	2	face	0	0	Body_parts
240	2	of	0	0	_
240	2	the	0	0	_

241	0	by	0	0	_
241	0	me	0	0	_
241	0	to	1	0	_
241	0	any	0	0	Quantified_mass
241	0	group	0	0	Aggregate
241	0	.	0	0	_

241	1	I	0	0	_
241	1	am	0	0	_
241	1	an	0	0	_
241	1	ordinary	0	0	Typicality
241	1	citizen	0	0	People_by_jurisdiction
241	1	,	0	0	_
241	1	which	0	0	_
241	1	went	1	0	Transition_to_a_quality
241	1	into	1	0	_
241	1	action	0	0	Intentionally_act
241	1	.	0	0	_

241	2	Maybe	0	0	Likelihood
241	2	I	0	0	_
241	2	'm	0	0	_
241	2	just	0	0	_
241	2	a	0	0	_
241	2	Christian	0	0	People_by_religion
241	2	or	0	0	_
241	2	a	0	0	_
241	2	Buddhist	0	0	People_by_religion
241	2	.	0	0	_

241	3	Communist	0	0	_
241	3	or	0	0	_
241	3	an	0	0	_
241	3	atheist	0	0	_

242	0	,	0	0	_
242	0	once	0	0	_
242	0	we	0	0	_
242	0	saw	0	0	Perception_experience
242	0	it	0	0	_
242	0	go	1	0	Motion
242	0	by	0	0	_
242	0	,	0	0	_
242	0	we	0	0	_
242	0	just	0	0	_
242	0	--	0	0	_
242	0	everybody	0	0	_
242	0	just	0	0	_
242	0	went	1	0	Motion
242	0	into	1	0	_
242	0	action	0	0	Intentionally_act
242	0	and	0	0	_
242	0	there	1	0	_
242	0	we	0	0	_
242	0	went	1	0	Motion
242	0	.	0	0	_

242	1	JEFF-GLOR	0	0	_
242	1	:	0	0	_
242	1	Sandy	0	0	_
242	1	,	0	0	_
242	1	what	0	0	_
242	1	surprised	0	0	Experiencer_obj
242	1	you	0	0	_
242	1	most	0	0	_
242	1	about	1	0	_
242	1	what	0	0	_
242	1	you	0	0	_

243	0	faith	0	0	Certainty
243	0	in	1	0	_
243	0	them	0	0	_
243	0	and	0	0	_
243	0	mould	1	1	Cause_change
243	0	them	0	0	_
243	0	into	1	0	_
243	0	a	0	0	_
243	0	good	0	0	Desirability
243	0	team	0	0	Aggregate
243	0	.	0	0	_

243	1	When	0	0	Temporal_collocation
243	1	they	0	0	_
243	1	go	1	0	_
243	1	into	1	0	_
243	1	action	0	0	Intentionally_act
243	1	in	0	0	_
243	1	N.	0	0	_
243	1	Africa	0	0	_
243	1	they	0	0	_
243	1	realise	0	0	Coming_to_believe
243	1	what	0	0	_
243	1	it	0	0	_

244	0	unions	0	0	Organization
244	0	can	0	0	Capability
244	0	avoid	1	0	Avoiding
244	0	having	1	0	_
244	0	it	0	0	_
244	0	apply	1	0	_
244	0	to	1	0	_
244	0	them	0	0	_
244	0	,	0	0	_
244	0	the	0	0	_
244	0	Obamacare	0	0	_
244	0	has	0	0	_
244	0	n't	0	0	_
244	0	gone	1	0	Transition_to_a_quality
244	0	into	1	0	_
244	0	action	1	0	Intentionally_act
244	0	(	0	0	_
244	0	dysfunction	0	0	_
244	0	)	0	0	_
244	0	yet	0	0	_
244	0	but	0	0	_
244	0	will	0	0	_
244	0	be	0	0	_
244	0	collecting	1	1	Earnings_and_losses
244	0	taxes	0	0	_
244	0	for	0	0	_
244	0	it	0	0	_
244	0	for	0	0	_
244	0	a	0	0	Quantified_mass
244	0	few	0	0	Quantified_mass
244	0	years	0	0	Measure_duration

245	0	VA	0	0	_
245	0	and	0	0	_
245	0	FL	0	0	_
245	0	are	0	0	_
245	0	very	0	0	Degree
245	0	considerable	0	0	Importance
245	0	and	0	0	_
245	0	the	0	0	_
245	0	Obama	0	0	_
245	0	campaign	1	1	_
245	0	has	0	0	_
245	0	n't	0	0	_
245	0	really	0	0	_
245	0	gone	1	0	Transition_to_a_quality
245	0	into	1	0	_
245	0	action	1	0	Intentionally_act
245	0	yet	0	0	_
245	0	.	0	0	_

245	1	Against	1	0	_
245	1	this	1	0	_
245	1	background	1	1	_
245	1	a	0	0	_
245	1	platform	1	1	_
245	1	of	0	0	_
245	1	Elect	0	0	Change_of_leadership
245	1	me	0	0	_
245	1	president	0	0	Leadership
245	1	and	0	0	_
245	1	then	0	0	_
245	1	I	0	0	_
245	1	'll	0	0	_

246	0	N10	0	0	_
246	0	is	0	0	_
246	0	docked	0	0	_
246	0	or	0	0	_
246	0	on	1	0	Spatial_contact
246	0	a	0	0	_
246	0	charger	0	0	_
246	0	,	0	0	_
246	0	you	0	0	_
246	0	can	0	0	Possibility
246	0	set	1	0	_
246	0	Daydreams	0	0	_
246	0	to	0	0	_
246	0	go	1	0	Transition_to_a_quality
246	0	into	1	0	_
246	0	action	1	0	Intentionally_act
246	0	,	0	0	_
246	0	displaying	0	0	_
246	0	the	0	0	_
246	0	clock	0	0	_
246	0	,	0	0	_
246	0	photos	0	0	Physical_artworks
246	0	(	0	0	_
246	0	in	0	0	_
246	0	``	0	0	_
246	0	frame	0	0	_
246	0	``	0	0	_
246	0	or	0	0	_
246	0	``	0	0	_
246	0	table	0	0	_
246	0	``	0	0	_

247	0	,	0	0	_
247	0	and	0	0	_
247	0	they	0	0	_
247	0	take	1	0	_
247	0	a	0	0	_
247	0	recess	0	0	_
247	0	,	0	0	_
247	0	the	0	0	_
247	0	19	0	0	_
247	0	Senate	0	0	_
247	0	Republicans	0	0	_
247	0	could	0	0	Possibility
247	0	then	0	0	Temporal_collocation
247	0	go	1	0	Transition_to_a_quality
247	0	into	1	0	_
247	0	action	0	0	Intentionally_act
247	0	and	0	0	_
247	0	they	0	0	_
247	0	'd	0	0	_
247	0	have	1	0	Possession
247	0	quorum	0	0	_
247	0	because	0	0	Causation
247	0	they	0	0	_
247	0	started	0	0	Activity_start
247	0	out	1	0	Activity_start
247	0	that	1	0	_
247	0	way	1	0	Means
247	0	,	0	0	_
247	0	so	0	0	Causation
247	0	we	0	0	_
247	0	're	0	0	_

248	0	;	0	0	_
248	0	radicals	0	0	_
248	0	rebel	0	0	Change_of_leadership
248	0	.	0	0	_

248	1	Liberals	0	0	_
248	1	become	0	0	Becoming
248	1	indignant	0	0	Emotion_directed
248	1	;	0	0	_
248	1	radicals	0	0	_
248	1	become	0	0	Becoming
248	1	fighting	1	1	Hostile_encounter
248	1	mad	1	1	Experiencer_focus
248	1	and	0	0	_
248	1	go	1	0	Transition_to_a_quality
248	1	into	1	0	_
248	1	action	0	0	Intentionally_act
248	1	.	0	0	_

248	2	Liberals	0	0	_
248	2	do	0	0	_
248	2	not	0	0	_
248	2	modify	0	0	Cause_change
248	2	their	0	0	_
248	2	personal	0	0	_
248	2	lives	0	0	_
248	2	,	0	0	_
248	2	and	0	0	_
248	2	what	0	0	_
248	2	they	0	0	_
248	2	give	0	0	Giving
248	2	to	1	0	_
248	2	a	0	0	_

249	0	to	0	0	_
249	0	be	0	0	_
249	0	attacked	0	0	Attack
249	0	on	0	0	Spatial_contact
249	0	the	0	0	_
249	0	streets	0	0	Roadways
249	0	of	0	0	_
249	0	New	0	0	_
249	0	Delhi	0	0	_
249	0	.	0	0	_

249	1	The	0	0	_
249	1	Delhi	0	0	_
249	1	police	0	0	_
249	1	went	1	0	Transition_to_a_quality
249	1	into	1	0	_
249	1	action	0	0	Intentionally_act
249	1	.	0	0	_

249	2	The	0	0	_
249	2	international	0	0	Political_locales
249	2	media	0	0	_
249	2	wanted	0	0	Desiring
249	2	to	0	0	_
249	2	know	0	0	Awareness
249	2	who	0	0	_
249	2	had	0	0	_
249	2	done	0	0	Intentionally_act
249	2	the	0	0	_
249	2	attack	1	0	Attack
249	2	minutes	0	0	Calendric_unit
249	2	after	1	0	Time_vector
249	2	it	0	0	_

250	0	do	0	0	_
250	0	n't	0	0	_
250	0	work	0	0	Usefulness
250	0	.	0	0	_

250	1	It	0	0	_
250	1	's	0	0	_
250	1	obvious	0	0	Obviousness
250	1	that	0	0	_
250	1	the	0	0	_
250	1	amount	0	0	Quantified_mass
250	1	of	0	0	_
250	1	effort	0	0	Attempt
250	1	that	0	0	_
250	1	went	1	0	_
250	1	into	1	0	_
250	1	Action	0	0	Intentionally_act
250	1	52	0	0	_
250	1	was	0	0	_
250	1	almost	0	0	Proportional_quantity
250	1	nil	0	0	_
250	1	.	0	0	_

250	2	#	0	0	_
250	2	Interplay	0	0	_
250	2	tried	0	0	Attempt
250	2	to	0	0	_
250	2	cash	1	1	_
250	2	in	1	0	_
250	2	on	1	0	_
250	2	its	0	0	_
250	2	Fallout	0	0	_
250	2	franchise	0	0	Fields

251	0	into	1	0	_
251	0	practice	0	0	_
251	0	,	0	0	_
251	0	we	0	0	_
251	0	must	0	0	Required_event
251	0	weld	1	1	Building
251	0	the	0	0	_
251	0	cadres	0	0	_
251	0	together	0	0	Cause_to_amalgamate
251	0	and	0	0	_
251	0	encourage	0	0	Subjective_influence
251	0	them	0	0	_
251	0	to	0	0	_
251	0	go	1	0	_
251	0	into	1	0	_
251	0	action	0	0	Intentionally_act
251	0	;	0	0	_
251	0	this	1	0	_
251	0	comes	1	0	Arriving
251	0	into	1	0	_
251	0	the	0	0	_
251	0	category	0	0	Type
251	0	of	0	0	_
251	0	``	0	0	_
251	0	using	0	0	Using
251	0	the	0	0	_
251	0	cadres	0	0	_
251	0	well	0	0	_
251	0	``	0	0	_
251	0	.	0	0	_

251	1	#	0	0	_

252	0	,	0	0	_
252	0	nevertheless	0	0	_
252	0	,	0	0	_
252	0	decide	0	0	Deciding
252	0	to	0	0	_
252	0	form	1	0	Creating
252	0	the	0	0	_
252	0	Arab	0	0	_
252	0	Liberation	0	0	_
252	0	Army	0	0	Military
252	0	,	0	0	_
252	0	which	0	0	_
252	0	would	0	0	_
252	0	go	1	0	Transition_to_a_quality
252	0	into	1	0	_
252	0	action	0	0	Intentionally_act
252	0	in	1	0	_
252	0	the	0	0	_
252	0	following	1	0	Relative_time
252	0	weeks	0	0	Calendric_unit
252	0	.	0	0	_

252	1	On	1	0	Temporal_collocation
252	1	the	0	0	_
252	1	night	0	0	Calendric_unit
252	1	of	0	0	_
252	1	20	0	0	_
252	1	--	0	0	_
252	1	21	0	0	_
252	1	January	0	0	_
252	1	1948	0	0	_
252	1	,	0	0	_

253	0	order	0	0	Purpose
253	0	to	0	0	_
253	0	save	1	0	Protecting
253	0	the	0	0	_
253	0	baby	0	0	People_by_age
253	0	.	0	0	_

253	1	Rocio	0	0	_
253	1	had	0	0	_
253	1	been	0	0	_
253	1	deemed	0	0	Categorization
253	1	dead	0	0	Dead_or_alive
253	1	and	0	0	_
253	1	Cuesta	0	0	_
253	1	went	1	0	_
253	1	into	1	0	_
253	1	action	0	0	Intentionally_act
253	1	to	0	0	_
253	1	prevent	0	0	Preventing_or_letting
253	1	the	0	0	_
253	1	loss	0	0	Earnings_and_losses
253	1	of	0	0	_
253	1	another	0	0	Increment
253	1	life	0	0	_
253	1	.	0	0	_

253	2	The	0	0	_
253	2	baby	0	0	People_by_age
253	2	was	0	0	_
253	2	due	0	0	_
253	2	for	0	0	_
253	2	a	0	0	_
253	2	natural	0	0	_

254	0	puppies	0	0	_
254	0	,	0	0	_
254	0	is	0	0	_
254	0	horrified	0	0	Emotion_directed
254	0	by	0	0	_
254	0	the	0	0	_
254	0	violence	0	0	_
254	0	unleashed	1	1	_
254	0	as	0	0	_
254	0	a	0	0	_
254	0	result	0	0	Causation
254	0	of	0	0	_
254	0	Conan	0	0	_
254	0	going	1	0	Transition_to_a_quality
254	0	into	1	0	_
254	0	action	0	0	Intentionally_act
254	0	,	0	0	_
254	0	and	0	0	_
254	0	tries	0	0	Attempt
254	0	to	0	0	_
254	0	suppress	0	0	_
254	0	and	0	0	_
254	0	deny	0	0	Affirm_or_deny
254	0	her	0	0	_
254	0	yearning	0	0	Desiring
254	0	for	0	0	_
254	0	Conan	0	0	_
254	0	to	0	0	_
254	0	go	1	0	Transition_to_a_quality
254	0	into	1	0	_
254	0	action	0	0	Intentionally_act

255	0	action	1	0	Intentionally_act
255	0	,	0	0	_
255	0	and	0	0	_
255	0	tries	0	0	Attempt
255	0	to	0	0	_
255	0	suppress	0	0	_
255	0	and	0	0	_
255	0	deny	0	0	Affirm_or_deny
255	0	her	0	0	_
255	0	yearning	0	0	Desiring
255	0	for	0	0	_
255	0	Conan	0	0	_
255	0	to	0	0	_
255	0	go	1	0	Transition_to_a_quality
255	0	into	1	0	_
255	0	action	0	0	Intentionally_act
255	0	with	1	0	_
255	0	her	0	0	_
255	0	naked-style	0	0	_
255	0	.	0	0	_

255	1	Blit	0	0	_
255	1	,	0	0	_
255	1	conversely	0	0	_
255	1	,	0	0	_
255	1	is	0	0	_
255	1	just	0	0	_
255	1	free	1	0	_
255	1	and	0	0	_
255	1	liberated	1	1	Removing
255	1	enough	0	0	Sufficiency
255	1	to	0	0	_

256	0	turned	1	0	_
256	0	its	0	0	_
256	0	attention	1	0	Attention
256	0	to	1	0	_
256	0	the	0	0	_
256	0	urgent	0	0	Importance
256	0	problems	0	0	Predicament
256	0	of	0	0	_
256	0	logistic	0	0	_
256	0	support	1	0	Supporting
256	0	for	0	0	_
256	0	the	0	0	_
256	0	forces	1	0	Military
256	0	going	1	0	Transition_to_a_quality
256	0	into	1	0	_
256	0	action	0	0	Intentionally_act
256	0	in	0	0	Interior_profile_relation
256	0	the	0	0	_
256	0	Far	0	0	_
256	0	East	0	0	_
256	0	.	0	0	_

256	1	#	0	0	_
256	1	Ammunition	0	0	Ammunition
256	1	came	1	0	Arriving
256	1	first	0	0	Ordinal_numbers
256	1	.	0	0	_

256	2	At	0	0	Locative_relation
256	2	Yokosuka	0	0	_
256	2	,	0	0	_
256	2	under	0	0	_
256	2	the	0	0	_

257	0	and	0	0	_
257	0	can	0	0	Capability
257	0	be	0	0	_
257	0	configured	0	0	_
257	0	for	0	0	_
257	0	different	0	0	Similarity
257	0	tasks	0	0	Being_obligated
257	0	,	0	0	_
257	0	ready	0	0	Activity_ready_state
257	0	upon	1	0	_
257	0	air	0	0	_
257	0	delivery	0	0	Delivery
257	0	to	0	0	_
257	0	go	1	0	_
257	0	into	1	0	_
257	0	action	0	0	Intentionally_act
257	0	.	0	0	_

257	1	Here	0	0	Locative_relation
257	1	General	0	0	_
257	1	Gavin	0	0	_
257	1	has	0	0	Possession
257	1	an	0	0	_
257	1	arctic	0	0	_
257	1	scene	0	0	_
257	1	and	0	0	_
257	1	today	0	0	Temporal_collocation
257	1	as	0	0	_
257	1	we	0	0	_
257	1	speak	0	0	Chatting
257	1	,	0	0	_
257	1	scientists	0	0	People_by_vocation

258	0	to	0	0	_
258	0	find	0	0	Becoming_aware
258	0	out	0	0	Becoming_aware
258	0	their	0	0	_
258	0	effect	0	0	Objective_influence
258	0	in	1	0	Time_vector
258	0	advance	1	0	Time_vector
258	0	,	0	0	_
258	0	or	0	0	_
258	0	alert	0	0	_
258	0	their	0	0	_
258	0	friends	0	0	Personal_relationship
258	0	to	0	0	_
258	0	go	1	0	_
258	0	into	1	0	_
258	0	action	0	0	Intentionally_act
258	0	with	1	0	_
258	0	letter-writing	0	0	Text
258	0	and	0	0	_
258	0	phone-calling	0	0	Contacting
258	0	.	0	0	_

258	1	Congressmen	0	0	Leadership
258	1	and	0	0	_
258	1	State	0	0	Political_locales
258	1	Legislators	0	0	Leadership
258	1	who	0	0	_
258	1	have	0	0	_
258	1	been	0	0	_
258	1	elected	0	0	Change_of_leadership
258	1	by	0	0	_
258	1	liberal	0	0	_

259	0	,	0	0	_
259	0	and	0	0	_
259	0	they	0	0	_
259	0	take	1	0	_
259	0	a	0	0	_
259	0	recess	0	0	_
259	0	,	0	0	_
259	0	the	0	0	_
259	0	19	0	0	_
259	0	Senate	0	0	_
259	0	Republicans	0	0	_
259	0	could	0	0	Possibility
259	0	then	0	0	Temporal_collocation
259	0	go	1	0	Transition_to_a_quality
259	0	into	1	0	_
259	0	action	0	0	Intentionally_act
259	0	and	0	0	_
259	0	they	0	0	_
259	0	'd	0	0	_
259	0	have	1	0	Possession
259	0	quorum	0	0	_
259	0	because	0	0	Causation
259	0	it	0	0	_
259	0	's	0	0	_
259	0	turned	1	0	Turning_out
259	0	out	1	0	Turning_out
259	0	that	1	0	_
259	0	way	1	0	_
259	0	.	0	0	_

259	1	So	0	0	_
259	1	we	0	0	_

260	0	You	0	0	_
260	0	can	0	0	Capability
260	0	excavate	0	0	_
260	0	it	0	0	_
260	0	or	0	0	_
260	0	just	0	0	_
260	0	wait	0	0	Waiting
260	0	for	0	0	_
260	0	the	0	0	_
260	0	machine	0	0	Gizmo
260	0	's	0	0	_
260	0	vacuums	0	0	_
260	0	to	0	0	_
260	0	go	1	0	Transition_to_a_quality
260	0	into	1	0	_
260	0	action	1	0	Intentionally_act
260	0	,	0	0	_
260	0	storing	0	0	Storing
260	0	the	0	0	_
260	0	powder	0	0	Substance
260	0	away	0	0	_
260	0	for	0	0	_
260	0	future	0	0	Temporal_collocation
260	0	jobs	0	0	Being_employed
260	0	.	0	0	_

260	1	The	0	0	_
260	1	technology	0	0	Artifact
260	1	,	0	0	_
260	1	while	0	0	_
260	1	streamlining	0	0	_
260	1	certain	0	0	Likelihood

261	0	Hoover	0	0	_
261	0	(	0	0	_
261	0	March	0	0	Calendric_unit
261	0	3	0	0	_
261	0	,	0	0	_
261	0	1932	0	0	_
261	0	)	0	0	_
261	0	All	0	0	Quantified_mass
261	0	criminal-detection	0	0	_
261	0	agencies	0	0	Organization
261	0	of	0	0	_
261	0	the	0	0	_
261	0	government	0	0	Organization
261	0	went	1	0	Transition_to_a_quality
261	0	into	1	0	_
261	0	action	0	0	Intentionally_act
261	0	to	0	0	_
261	0	aid	0	0	Assistance
261	0	in	1	0	_
261	0	the	0	0	_
261	0	recovery	0	0	_
261	0	of	0	0	_
261	0	Lindbergh	0	0	_
261	0	's	0	0	_
261	0	son	0	0	Kinship
261	0	.	0	0	_

261	1	From	0	0	_
261	1	the	0	0	_
261	1	White	0	0	_
261	1	House	0	0	Buildings
261	1	to	0	0	_

262	0	example	0	0	Instance
262	0	Arendt	0	0	_
262	0	gives	1	0	Giving
262	0	lies	1	1	_
262	0	in	1	0	_
262	0	modern	0	0	Temporal_collocation
262	0	warfare	0	0	Hostile_encounter
262	0	.	0	0	_

262	1	In	1	0	_
262	1	these	1	0	_
262	1	cases	0	0	Instance
262	1	,	0	0	_
262	1	men	0	0	People
262	1	go	1	0	_
262	1	into	1	0	_
262	1	action	0	0	Intentionally_act
262	1	and	0	0	_
262	1	use	0	0	Using
262	1	means	1	0	Means
262	1	of	0	0	_
262	1	violence	0	0	_
262	1	in	0	0	Purpose
262	1	order	0	0	Purpose
262	1	to	0	0	_
262	1	achieve	0	0	Accomplishment
262	1	certain	0	0	Idiosyncrasy
262	1	objectives	0	0	Purpose
262	1	for	0	0	_
262	1	their	0	0	_
262	1	own	0	0	_
262	1	sake	0	0	_

263	0	was	0	0	_
263	0	time	0	0	_
263	0	.	0	0	_

263	1	All	0	0	Quantified_mass
263	1	drawers	0	0	Building_subparts
263	1	and	0	0	_
263	1	shelves	0	0	Building_subparts
263	1	were	0	0	_
263	1	removed	0	0	Removing
263	1	and	0	0	_
263	1	warm	0	0	Ambient_temperature
263	1	soapy	0	0	Substance
263	1	water	0	0	Substance
263	1	went	1	0	Transition_to_a_quality
263	1	into	1	0	_
263	1	action	1	0	Intentionally_act
263	1	.	0	0	_

263	2	With	1	0	_
263	2	all	0	0	Quantified_mass
263	2	this	1	0	_
263	2	happening	0	0	Event
263	2	it	0	0	_
263	2	meant	1	0	Evidence
263	2	tonight	0	0	Calendric_unit
263	2	was	0	0	_
263	2	another	0	0	Increment
263	2	fridge	0	0	_
263	2	clean-out	0	0	_
263	2	meal	0	0	Social_event
263	2	.	0	0	_

263	3	#	0	0	_

264	0	,	0	0	_
264	0	and	0	0	_
264	0	entertaining	0	0	Stimulus_focus
264	0	themselves	0	0	_
264	0	in	1	0	_
264	0	various	0	0	_
264	0	ways	1	0	Means
264	0	.	0	0	_

264	1	#	0	0	_
264	1	However	0	0	Concessive
264	1	,	0	0	_
264	1	when	0	0	Temporal_collocation
264	1	they	0	0	_
264	1	go	1	0	Transition_to_a_quality
264	1	into	1	0	_
264	1	action	0	0	Intentionally_act
264	1	,	0	0	_
264	1	they	0	0	_
264	1	more	0	0	_
264	1	than	0	0	_
264	1	earn	0	0	Earnings_and_losses
264	1	the	0	0	_
264	1	money	0	0	Money
264	1	they	0	0	_
264	1	were	0	0	_
264	1	paid	0	0	Commerce_pay
264	1	for	0	0	_
264	1	``	0	0	_
264	1	sitting	1	0	Posture
264	1	on	0	0	_
264	1	their	0	0	_

265	0	Benghazi	0	0	_
265	0	.	0	0	_

265	1	#	0	0	_
265	1	Our	0	0	_
265	1	sources	1	0	Source_of_getting
265	1	add	1	0	Statement
265	1	that	0	0	_
265	1	Libyan	0	0	_
265	1	army	0	0	Military
265	1	units	0	0	_
265	1	based	0	0	_
265	1	in	0	0	Interior_profile_relation
265	1	Benghazi	0	0	_
265	1	went	1	0	Transition_to_a_quality
265	1	into	1	0	_
265	1	action	0	0	Intentionally_act
265	1	ahead	1	0	Time_vector
265	1	of	0	0	_
265	1	the	0	0	_
265	1	main	0	0	Importance
265	1	body	1	1	Aggregate
265	1	's	0	0	_
265	1	arrival	0	0	Arriving
265	1	.	0	0	_

265	2	Those	1	0	_
265	2	troops	0	0	Member_of_military
265	2	were	0	0	_
265	2	caught	1	1	_
265	2	by	0	0	_
265	2	the	0	0	_
265	2	onset	0	0	Process_start

266	0	n't	0	0	_
266	0	,	0	0	_
266	0	so	0	0	_
266	0	go	1	0	Motion
266	0	for	0	0	_
266	0	it	0	0	_
266	0	and	0	0	_
266	0	watch	0	0	Perception_active
266	0	the	0	0	_
266	0	law	1	0	Law
266	0	of	0	0	_
266	0	unintended	0	0	_
266	0	consequences	0	0	_
266	0	go	1	0	Transition_to_a_quality
266	0	into	1	0	_
266	0	action	1	0	Intentionally_act
266	0	!	0	0	_

266	1	#	0	0	_
266	1	It	0	0	_
266	1	is	0	0	_
266	1	uncontested	0	0	_
266	1	that	0	0	_
266	1	GAAP	0	0	_
266	1	financials	0	0	_
266	1	overstate	1	1	_
266	1	profitablity	0	0	_
266	1	because	0	0	Causation
266	1	,	0	0	_
266	1	while	0	0	_
266	1	interest	0	0	_
266	1	costs	0	0	Expensiveness

267	0	issuing	0	0	Creating
267	0	a	0	0	_
267	0	warning	0	0	_
267	0	.	0	0	_

267	1	#	0	0	_
267	1	I	0	0	_
267	1	would	0	0	_
267	1	have	0	0	_
267	1	expected	0	0	Expectation
267	1	the	0	0	_
267	1	Human	0	0	_
267	1	Mic	0	0	_
267	1	to	0	0	_
267	1	go	1	0	Transition_to_a_quality
267	1	into	1	0	_
267	1	action	1	0	Intentionally_act
267	1	.	0	0	_

267	2	It	0	0	_
267	2	got	1	0	Getting
267	2	my	0	0	_
267	2	attention	0	0	Attention
267	2	while	0	0	_
267	2	looking	0	0	Scrutiny
267	2	to	0	0	_
267	2	see	0	0	Grasp
267	2	if	0	0	_
267	2	the	0	0	_
267	2	police	0	0	_
267	2	acted	0	0	Intentionally_act
267	2	inappropropriately	0	0	_
267	2	.	0	0	_

268	0	what	0	0	_
268	0	appeared	0	0	Give_impression
268	0	to	0	0	_
268	0	be	0	0	_
268	0	the	0	0	_
268	0	edge	0	0	Part_inner_outer
268	0	of	0	0	_
268	0	another	0	0	Increment
268	0	coffin	0	0	Containers
268	0	.	0	0	_

268	1	#	0	0	_
268	1	The	0	0	_
268	1	group	0	0	Aggregate
268	1	went	1	0	Transition_to_a_quality
268	1	into	1	0	_
268	1	action	0	0	Intentionally_act
268	1	without	1	0	_
268	1	Pelleter	0	0	_
268	1	saying	0	0	Statement
268	1	anything	0	0	_
268	1	.	0	0	_

268	2	The	0	0	_
268	2	two	0	0	Cardinal_numbers
268	2	shovels	0	0	_
268	2	were	0	0	_
268	2	brought	0	0	Bringing
268	2	over	0	0	_
268	2	,	0	0	_
268	2	and	0	0	_
268	2	the	0	0	_
268	2	farmer	0	0	People_by_vocation

269	0	in	1	0	_
269	0	a	0	0	_
269	0	windfall	1	1	_
269	0	of	0	0	_
269	0	federal	0	0	Political_locales
269	0	dollars	0	0	_
269	0	.	0	0	_

269	1	Sen.	0	0	_
269	1	Kirk	0	0	_
269	1	Watson	0	0	_
269	1	,	0	0	_
269	1	D-Austin	0	0	_
269	1	,	0	0	_
269	1	went	1	0	Transition_to_a_quality
269	1	into	1	0	_
269	1	action	0	0	Intentionally_act
269	1	.	0	0	_

269	2	This	1	0	_
269	2	is	0	0	_
269	2	personal	0	0	_
269	2	to	1	0	_
269	2	him	0	0	_
269	2	.	0	0	_

269	3	He	0	0	_
269	3	's	0	0	_
269	3	had	0	0	_
269	3	cancer	0	0	Medical_conditions
269	3	,	0	0	_
269	3	and	0	0	_
269	3	he	0	0	_
269	3	represents	0	0	_

270	0	was	0	0	_
270	0	right	0	0	Correctness
270	0	.	0	0	_

270	1	They	0	0	_
270	1	did	0	0	_
270	1	n't	0	0	_
270	1	show	0	0	Evidence
270	1	.	0	0	_

270	2	That	1	0	_
270	2	meant	1	0	Evidence
270	2	that	0	0	_
270	2	plan	1	0	Project
270	2	B	0	0	_
270	2	went	1	0	Transition_to_a_quality
270	2	into	1	0	_
270	2	action	1	0	Intentionally_act
270	2	.	0	0	_

270	3	We	0	0	_
270	3	headed	0	0	Self_motion
270	3	for	0	0	_
270	3	the	0	0	_
270	3	sea	0	0	Natural_features
270	3	,	0	0	_
270	3	and	0	0	_
270	3	ran	0	0	Self_motion
270	3	along	0	0	Locative_relation
270	3	the	0	0	_
270	3	moonlit	0	0	Weather
270	3	beach	0	0	Natural_features
270	3	to	0	0	_
270	3	pirate	0	0	_

271	0	of	0	0	Partitive
271	0	them	0	0	_
271	0	,	0	0	_
271	0	up	1	0	_
271	0	to	1	0	_
271	0	twenty	0	0	Cardinal_numbers
271	0	times	0	0	Event_instance
271	0	per	0	0	_
271	0	day	0	0	Calendric_unit
271	0	.	0	0	_

271	1	#	0	0	_
271	1	Our	0	0	_
271	1	minds	0	0	_
271	1	went	1	0	Transition_to_a_quality
271	1	into	1	0	_
271	1	action	1	0	Intentionally_act
271	1	.	0	0	_

271	2	The	0	0	_
271	2	need	0	0	Needing
271	2	for	0	0	_
271	2	sound	0	0	Desirability
271	2	research	0	0	Research
271	2	and	0	0	_
271	2	approach	0	0	Means
271	2	collided	1	1	_
271	2	with	1	0	_
271	2	an	0	0	_
271	2	immediate	0	0	_
271	2	sense	0	0	Sensation
271	2	of	0	0	_
271	2	urgency	0	0	_

272	0	to	0	0	_
272	0	cut	1	0	Cause_change_of_position_on_a_scale
272	0	their	0	0	_
272	0	bills	0	0	_
272	0	.	0	0	_

272	1	#	0	0	_
272	1	Blaming	0	0	Judgment_communication
272	1	the	0	0	_
272	1	Property	0	0	Possession
272	1	Owner	0	0	Possession
272	1	:	0	0	_
272	1	Another	0	0	Increment
272	1	plan	1	0	Project
272	1	going	1	0	Transition_to_a_quality
272	1	into	1	0	_
272	1	action	1	0	Intentionally_act
272	1	right	0	0	_
272	1	now	0	0	Temporal_collocation
272	1	will	0	0	_
272	1	be	0	0	_
272	1	causation	0	0	_
272	1	studies	0	0	Scrutiny
272	1	and	0	0	_
272	1	surveys	0	0	Scrutiny
272	1	that	0	0	_
272	1	the	0	0	_
272	1	industry	0	0	Fields
272	1	will	0	0	_
272	1	do	0	0	Intentionally_act
272	1	to	0	0	_
272	1	find	1	0	Becoming_aware

273	0	was	0	0	_
273	0	trying	0	0	Attempt
273	0	to	0	0	_
273	0	so-call	0	0	_
273	0	run	0	0	Self_motion
273	0	away	0	0	_
273	0	,	0	0	_
273	0	plot	1	1	_
273	0	my	0	0	_
273	0	escape	0	0	Escaping
273	0	,	0	0	_
273	0	before	0	0	Time_vector
273	0	it	0	0	_
273	0	went	1	0	Transition_to_a_quality
273	0	into	1	0	_
273	0	action	0	0	Intentionally_act
273	0	,	0	0	_
273	0	I	0	0	_
273	0	was	0	0	_
273	0	in	1	0	_
273	0	my	0	0	_
273	0	mind	0	0	_
273	0	going	1	0	Motion
273	0	,	0	0	_
273	0	She	0	0	_
273	0	--	0	0	_
273	0	I	0	0	_
273	0	'm	0	0	_
273	0	going	0	0	_
273	0	to	0	0	_
273	0	show	0	0	_

274	0	the	0	0	_
274	0	first	0	0	Ordinal_numbers
274	0	yell	0	0	Make_noise
274	0	,	0	0	_
274	0	the	0	0	_
274	0	first	0	0	Ordinal_numbers
274	0	scream	0	0	Make_noise
274	0	,	0	0	_
274	0	the	0	0	_
274	0	first	0	0	Ordinal_numbers
274	0	violence	0	0	_
274	0	,	0	0	_
274	0	you	0	0	_
274	0	go	1	0	Transition_to_a_quality
274	0	into	1	0	_
274	0	action	0	0	Intentionally_act
274	0	.	0	0	_

274	1	BOB-SCHIEFFER	0	0	_
274	1	:	0	0	_
274	1	You	0	0	_
274	1	were	0	0	_
274	1	operating	1	1	Operating_a_system
274	1	on	1	0	_
274	1	more	0	0	_
274	1	than	0	0	_
274	1	in	1	0	_
274	1	training	0	0	Education_teaching
274	1	--	0	0	_
274	1	JERRY-PARR	0	0	_
274	1	:	0	0	_
274	1	It	0	0	_

275	0	went	1	0	Motion
275	0	well	0	0	_
275	0	over	1	0	Locative_relation
275	0	Preacher	0	0	_
275	0	's	0	0	_
275	0	head	0	0	Body_parts
275	0	.	0	0	_

275	1	At	1	0	_
275	1	the	0	0	_
275	1	same	0	0	Identicality
275	1	time	0	0	_
275	1	,	0	0	_
275	1	Preacher	0	0	_
275	1	went	0	0	Transition_to_a_quality
275	1	into	1	0	_
275	1	action	0	0	Intentionally_act
275	1	with	1	0	_
275	1	the	0	0	_
275	1	same	0	0	Identicality
275	1	sort	0	0	Type
275	1	of	0	0	_
275	1	deadly	1	1	Killing
275	1	speed	0	0	Speed_description
275	1	.	0	0	_

275	2	He	0	0	_
275	2	lashed	0	0	Cause_harm
275	2	out	0	0	_
275	2	with	0	0	_
275	2	the	0	0	_
275	2	flintlock	0	0	_
275	2	rifle	0	0	Weapon

276	0	power	1	0	Electricity
276	0	tie	0	0	Make_cognitive_connection
276	0	and	0	0	_
276	0	hauled	1	1	Cause_motion
276	0	him	0	0	_
276	0	to	0	0	_
276	0	his	0	0	_
276	0	feet	0	0	Body_parts
276	0	.	0	0	_

276	1	Shawna	0	0	_
276	1	screamed	0	0	Make_noise
276	1	and	0	0	_
276	1	Trace	0	0	_
276	1	went	1	0	Transition_to_a_quality
276	1	into	1	0	_
276	1	action	0	0	Intentionally_act
276	1	.	0	0	_

276	2	#	0	0	_
276	2	Tossing	0	0	Removing
276	2	Lenny	0	0	_
276	2	out	0	0	_
276	2	of	0	0	_
276	2	the	0	0	_
276	2	way	0	0	_
276	2	like	0	0	_
276	2	the	0	0	_
276	2	skinny	0	0	Measurable_attributes
276	2	little	0	0	_
276	2	runt	1	1	_
276	2	he	0	0	_
276	2	was	0	0	_

277	0	of	0	0	_
277	0	city-states	0	0	Political_locales
277	0	since	0	0	Time_vector
277	0	1785	0	0	_
277	0	,	0	0	_
277	0	and	0	0	_
277	0	when	0	0	Temporal_collocation
277	0	he	0	0	_
277	0	became	0	0	Becoming
277	0	president	0	0	Leadership
277	0	in	1	0	Temporal_collocation
277	0	1801	0	0	_
277	0	he	0	0	_
277	0	went	1	0	Transition_to_a_quality
277	0	into	1	0	_
277	0	action	0	0	Intentionally_act
277	0	against	1	0	Taking_sides
277	0	them	0	0	_
277	0	without	1	0	_
277	0	asking	1	0	Request
277	0	the	0	0	_
277	0	permission	0	0	Deny_or_grant_permission
277	0	of	0	0	_
277	0	Congress	0	0	_
277	0	.	0	0	_

277	1	This	1	0	_
277	1	first	0	0	Ordinal_numbers
277	1	of	0	0	_
277	1	two	0	0	Cardinal_numbers
277	1	Barbary	0	0	_
277	1	wars	0	0	Hostile_encounter

278	0	the	0	0	_
278	0	faces	1	1	Body_parts
278	0	of	0	0	_
278	0	intolerance	0	0	_
278	0	show	1	0	_
278	0	themselves	0	0	_
278	0	,	0	0	_
278	0	the	0	0	_
278	0	forces	1	1	_
278	0	of	0	0	_
278	0	inclusiveness	0	0	_
278	0	in	0	0	Interior_profile_relation
278	0	America	0	0	_
278	0	go	1	0	Transition_to_a_quality
278	0	into	1	0	_
278	0	action	1	0	Intentionally_act
278	0	.	0	0	_

278	1	On	1	0	Temporal_collocation
278	1	Friday	0	0	Calendric_unit
278	1	afternoon	0	0	Calendric_unit
278	1	,	0	0	_
278	1	when	0	0	Temporal_collocation
278	1	I	0	0	_
278	1	came	0	0	Arriving
278	1	back	0	0	_
278	1	to	0	0	_
278	1	my	0	0	_
278	1	office	0	0	Building_subparts
278	1	after	1	0	Relative_time
278	1	Eid	0	0	_
278	1	prayers	0	0	Rite

279	0	,	0	0	_
279	0	Mike	0	0	_
279	0	's	0	0	_
279	0	voice	0	0	Body_parts
279	0	was	0	0	_
279	0	as	0	0	_
279	0	intimidating	0	0	Stimulus_focus
279	0	as	0	0	_
279	0	his	0	0	_
279	0	body	0	0	Body_parts
279	0	was	0	0	_
279	0	when	0	0	Temporal_collocation
279	0	he	0	0	_
279	0	went	1	0	Transition_to_a_quality
279	0	into	1	0	_
279	0	action.	0	0	Intentionally_act
279	0	``	0	0	_

279	1	Ever	0	0	_
279	1	hear	0	0	Hearsay
279	1	of	0	0	_
279	1	...	0	0	_
279	1	?	0	0	_
279	1	``	0	0	_

279	2	As	0	0	_
279	2	the	0	0	_
279	2	captain	0	0	Leadership
279	2	fumbled	0	0	Manipulation
279	2	in	0	0	_
279	2	his	0	0	_
279	2	shirt	0	0	Clothing

280	0	,	0	0	_
280	0	in	0	0	_
280	0	,	0	0	_
280	0	out	0	0	_
280	0	.	0	0	_

280	1	#	0	0	_
280	1	Point	1	1	_
280	1	eight	0	0	_
280	1	:	0	0	_
280	1	suicide	0	0	_
280	1	bombers	0	0	_
280	1	about	1	0	_
280	1	to	0	0	_
280	1	go	1	0	Transition_to_a_quality
280	1	into	1	0	_
280	1	action	0	0	Intentionally_act
280	1	stare	0	0	Perception_active
280	1	rigidly	1	1	_
280	1	ahead	0	0	Locative_relation
280	1	.	0	0	_

280	2	No	0	0	_
280	2	one	0	0	_
280	2	knows	0	0	Awareness
280	2	why	0	0	_
280	2	,	0	0	_
280	2	but	0	0	_
280	2	video	0	0	_
280	2	evidence	0	0	Evidence
280	2	and	0	0	_
280	2	surviving	0	0	Dead_or_alive
280	2	eyewitnesses	0	0	_

281	0	pouch	0	0	Containers
281	0	I	0	0	_
281	0	can	0	0	Capability
281	0	carry	0	0	Bringing
281	0	in	0	0	Interior_profile_relation
281	0	my	0	0	_
281	0	pocket	0	0	Building_subparts
281	0	,	0	0	_
281	0	for	0	0	_
281	0	when	0	0	Temporal_collocation
281	0	I	0	0	_
281	0	have	0	0	Required_event
281	0	to	0	0	Required_event
281	0	go	0	0	Motion
281	0	into	1	0	_
281	0	action	0	0	Intentionally_act
281	0	on	1	0	_
281	0	short	1	0	Duration_description
281	0	notice.	0	0	_
281	0	``	0	0	_

281	1	The	0	0	_
281	1	oversized	0	0	Size
281	1	weasel	0	0	_
281	1	eyes	0	0	Body_parts
281	1	rolled	1	1	Moving_in_place
281	1	,	0	0	_
281	1	but	0	0	_
281	1	the	0	0	_
281	1	demon	1	1	_
281	1	was	0	0	_

282	0	that	0	0	_
282	0	were	0	0	_
282	0	radio-controlled	0	0	_
282	0	.	0	0	_

282	1	The	0	0	_
282	1	Great	1	1	_
282	1	War	0	0	Hostile_encounter
282	1	ended	0	0	Process_end
282	1	before	0	0	Time_vector
282	1	any	0	0	Quantified_mass
282	1	of	0	0	Partitive
282	1	them	0	0	_
282	1	could	0	0	Possibility
282	1	go	1	0	Transition_to_a_quality
282	1	into	1	0	_
282	1	action	0	0	Intentionally_act
282	1	.	0	0	_

282	2	Now	0	0	Temporal_collocation
282	2	,	0	0	_
282	2	Daso	0	0	_
282	2	adds	1	0	Statement
282	2	,	0	0	_
282	2	``	0	0	_
282	2	there	0	0	Existence
282	2	are	0	0	Existence
282	2	so	0	0	_
282	2	many	0	0	Quantified_mass
282	2	UAVs	0	0	_
282	2	in	0	0	Interior_profile_relation
282	2	the	0	0	_
282	2	air	0	0	_

283	0	I	0	0	_
283	0	think	0	0	Opinion
283	0	you	0	0	_
283	0	should	0	0	Desirable_event
283	0	go	0	0	_
283	0	bring	0	0	Bringing
283	0	in	0	0	_
283	0	some	0	0	_
283	0	firewood.	0	0	_
283	0	``	0	0	_

283	1	Dad	0	0	Kinship
283	1	immediately	0	0	_
283	1	went	1	0	Transition_to_a_quality
283	1	into	1	0	_
283	1	action	0	0	Intentionally_act
283	1	.	0	0	_

283	2	He	0	0	_
283	2	got	0	0	Getting
283	2	a	0	0	_
283	2	long	0	0	Measurable_attributes
283	2	stick	0	0	_
283	2	and	0	0	_
283	2	began	0	0	Activity_start
283	2	probing	0	0	Scrutiny
283	2	the	0	0	_
283	2	mounds	1	1	Aggregate
283	2	of	0	0	_
283	2	snow	0	0	_
283	2	outside	0	0	Part_inner_outer
283	2	our	0	0	_

284	0	(	0	0	_
284	0	Voiceover	0	0	_
284	0	)	0	0	_
284	0	With	1	0	_
284	0	her	0	0	_
284	0	son	0	0	Kinship
284	0	in	1	0	_
284	0	danger	0	0	Being_at_risk
284	0	and	0	0	_
284	0	far	0	0	_
284	0	from	0	0	_
284	0	home	0	0	Foreign_or_domestic_country
284	0	,	0	0	_
284	0	a	0	0	_
284	0	mother	0	0	Kinship
284	0	goes	1	0	Transition_to_a_quality
284	0	into	1	0	_
284	0	action	0	0	Intentionally_act
284	0	when	0	0	Temporal_collocation
284	0	Murder	0	0	Killing
284	0	by	0	0	_
284	0	the	0	0	_
284	0	Sea	0	0	Natural_features
284	0	continues	0	0	Process_continue
284	0	.	0	0	_

284	1	(	0	0	_
284	1	Volz-in-crowd	0	0	_
284	1	;	0	0	_
284	1	-Mag	0	0	_
284	1	(	0	0	_
284	1	Announcements	0	0	Statement
284	1	)	0	0	_
284	1	MORRISON	0	0	_

285	0	you	0	0	_
285	0	exhaust	1	1	Used_up
285	0	all	0	0	Quantified_mass
285	0	options	0	0	Alternatives
285	0	,	0	0	_
285	0	but	0	0	Concessive
285	0	when	0	0	Temporal_collocation
285	0	you	0	0	_
285	0	go	0	0	Motion
285	0	to	0	0	_
285	0	,	0	0	_
285	0	when	0	0	Temporal_collocation
285	0	you	0	0	_
285	0	go	1	0	Motion
285	0	into	1	0	_
285	0	action	0	0	Intentionally_act
285	0	you	0	0	_
285	0	do	0	0	Intentionally_act
285	0	so	0	0	_
285	0	with	1	0	_
285	0	a	0	0	_
285	0	clear	1	0	Obviousness
285	0	exit	1	0	Departing
285	0	strategy	0	0	_
285	0	and	0	0	_
285	0	with	1	0	_
285	0	overwhelming	0	0	_
285	0	force	1	1	Military
285	0	.	0	0	_

285	1	He	0	0	_
285	1	's	0	0	_

286	0	and	0	0	_
286	0	Manni	0	0	_
286	0	,	0	0	_
286	0	both	0	0	Quantified_mass
286	0	wearing	0	0	Wearing
286	0	overcoats	0	0	Accoutrements
286	0	and	0	0	_
286	0	looking	0	0	Give_impression
286	0	startled	0	0	Experiencer_obj
286	0	.	0	0	_

286	1	Sebastian	0	0	_
286	1	and	0	0	_
286	1	Ziggy	0	0	_
286	1	went	1	0	Transition_to_a_quality
286	1	into	1	0	_
286	1	action	0	0	Intentionally_act
286	1	making	1	0	Intentionally_create
286	1	introductions	0	0	_
286	1	,	0	0	_
286	1	and	0	0	_
286	1	soon	0	0	_
286	1	everyone	0	0	_
286	1	had	0	0	_
286	1	agreed	0	0	Make_agreement_on_action
286	1	to	0	0	_
286	1	help	0	0	Assistance
286	1	the	0	0	_
286	1	Fhrer	0	0	_
286	1	in	1	0	_
286	1	any	0	0	_
286	1	way	1	0	_

287	0	on	1	0	Process_continue
287	0	in	1	0	Interior_profile_relation
287	0	your	0	0	_
287	0	head	0	0	Body_parts
287	0	.	0	0	_

287	1	Every	0	0	_
287	1	nerve	1	1	_
287	1	must	0	0	Required_event
287	1	be	0	0	_
287	1	screaming	1	1	Make_noise
287	1	for	0	0	_
287	1	you	0	0	_
287	1	to	0	0	_
287	1	go	1	0	_
287	1	into	1	0	_
287	1	action	0	0	Intentionally_act
287	1	.	0	0	_

287	2	The	0	0	_
287	2	urge	0	0	Desiring
287	2	must	0	0	Required_event
287	2	be	0	0	_
287	2	uncontrollable	0	0	_
287	2	,	0	0	_
287	2	but	0	0	Concessive
287	2	you	0	0	_
287	2	're	0	0	_
287	2	gon	0	0	_
287	2	na	0	0	_
287	2	have	0	0	Required_event
287	2	to	0	0	Required_event
287	2	damp	0	0	_

288	0	,	0	0	_
288	0	despite	0	0	Concessive
288	0	that	1	0	_
288	0	,	0	0	_
288	0	the	0	0	_
288	0	soldiers	0	0	Member_of_military
288	0	marched	0	0	Self_motion
288	0	on	0	0	_
288	0	cheerily	0	0	Experiencer_focus
288	0	,	0	0	_
288	0	as	0	0	_
288	0	always	0	0	Frequency
288	0	when	0	0	Temporal_collocation
288	0	going	1	0	Motion
288	0	into	1	0	_
288	0	action	0	0	Intentionally_act
288	0	,	0	0	_
288	0	especially	0	0	_
288	0	on	1	0	_
288	0	the	0	0	_
288	0	offensive	1	0	Attack
288	0	.	0	0	_

288	1	But	0	0	Concessive
288	1	,	0	0	_
288	1	having	0	0	_
288	1	gone	0	0	Motion
288	1	for	0	0	_
288	1	about	1	0	Proportional_quantity
288	1	an	0	0	_
288	1	hour	0	0	Measure_duration
288	1	in	0	0	_

289	0	rode	0	0	Self_motion
289	0	along	0	0	_
289	0	the	0	0	_
289	0	line	1	0	_
289	0	of	0	0	_
289	0	Bagration	0	0	_
289	0	's	0	0	_
289	0	troops	0	0	Member_of_military
289	0	,	0	0	_
289	0	who	0	0	_
289	0	had	0	0	_
289	0	not	0	0	_
289	0	yet	0	0	_
289	0	gone	1	0	Motion
289	0	into	1	0	_
289	0	action	0	0	Intentionally_act
289	0	and	0	0	_
289	0	stood	0	0	Posture
289	0	motionless	0	0	Lively_place
289	0	;	0	0	_
289	0	then	0	0	_
289	0	he	0	0	_
289	0	rode	0	0	Self_motion
289	0	into	0	0	_
289	0	the	0	0	_
289	0	space	0	0	_
289	0	occupied	0	0	Residence
289	0	by	0	0	_
289	0	Uvarov	0	0	_
289	0	's	0	0	_
289	0	cavalry	0	0	Military

290	0	line	1	0	_
290	0	,	0	0	_
290	0	penetrating	1	1	Arriving
290	0	further	0	0	Increment
290	0	and	0	0	_
290	0	further	0	0	_
290	0	into	0	0	_
290	0	the	0	0	_
290	0	area	0	0	Locale
290	0	of	0	0	_
290	0	the	0	0	_
290	0	troops	0	0	Member_of_military
290	0	already	0	0	_
290	0	going	1	0	Transition_to_a_quality
290	0	into	1	0	_
290	0	action.	0	0	Intentionally_act
290	0	``	0	0	_

290	1	How	0	0	_
290	1	it	0	0	_
290	1	's	0	0	_
290	1	going	0	0	_
290	1	to	0	0	_
290	1	be	0	0	_
290	1	,	0	0	_
290	1	I	0	0	_
290	1	do	0	0	_
290	1	n't	0	0	_
290	1	know	0	0	Awareness
290	1	,	0	0	_
290	1	but	0	0	_

291	0	next	1	0	Relative_time
291	0	part	1	0	Part_whole
291	0	of	0	0	_
291	0	the	0	0	_
291	0	line	1	1	_
291	0	(	0	0	_
291	0	this	1	0	_
291	0	was	0	0	_
291	0	the	0	0	_
291	0	guards	0	0	_
291	0	)	0	0	_
291	0	had	0	0	_
291	0	already	0	0	Time_vector
291	0	gone	1	0	Transition_to_a_quality
291	0	into	1	0	_
291	0	action.	0	0	Intentionally_act
291	0	``	0	0	_

291	1	So	0	0	Degree
291	1	much	0	0	Proportional_quantity
291	1	the	0	0	_
291	1	better	0	0	Desirability
291	1	!	0	0	_

291	2	I	0	0	_
291	2	'll	0	0	_
291	2	see	0	0	Perception_experience
291	2	it	0	0	_
291	2	close	0	0	_
291	2	up	0	0	_
291	2	,	0	0	_
291	2	``	0	0	_

292	0	,	0	0	_
292	0	realized	0	0	Coming_to_believe
292	0	that	0	0	_
292	0	they	0	0	_
292	0	were	0	0	_
292	0	in	1	0	Interior_profile_relation
292	0	the	0	0	_
292	0	front	1	0	_
292	0	line	1	0	_
292	0	and	0	0	_
292	0	had	0	0	Required_event
292	0	unexpectedly	0	0	_
292	0	to	0	0	Required_event
292	0	go	1	0	Transition_to_a_quality
292	0	into	1	0	_
292	0	action	0	0	Intentionally_act
292	0	.	0	0	_

292	1	Rostov	0	0	_
292	1	,	0	0	_
292	1	not	0	0	_
292	1	hearing	0	0	Perception_experience
292	1	Boris	0	0	_
292	1	out	0	0	_
292	1	,	0	0	_
292	1	touched	0	0	_
292	1	up	0	0	_
292	1	his	0	0	_
292	1	horse.	0	0	Vehicle
292	1	``	0	0	_

292	2	Where	0	0	Locative_relation

293	0	Dolokhov.	0	0	_
293	0	``	0	0	_

293	1	We	0	0	_
293	1	'll	0	0	_
293	1	have	0	0	Required_event
293	1	to	0	0	Required_event
293	1	go	0	0	Motion
293	1	there	0	0	Locative_relation
293	1	.	0	0	_

293	2	We	0	0	_
293	2	ca	0	0	_
293	2	n't	0	0	_
293	2	go	1	0	Transition_to_a_quality
293	2	into	1	0	_
293	2	action	0	0	Intentionally_act
293	2	without	1	0	_
293	2	knowing	0	0	Awareness
293	2	for	0	0	_
293	2	certain	0	0	Certainty
293	2	how	0	0	_
293	2	many	0	0	Quantified_mass
293	2	they	0	0	_
293	2	are	0	0	_
293	2	.	0	0	_

293	3	I	0	0	_
293	3	like	0	0	Desiring
293	3	to	0	0	_
293	3	do	0	0	Intentionally_act
293	3	things	1	0	_
293	3	neatly	0	0	_

294	0	military	0	0	Military
294	0	in	0	0	Interior_profile_relation
294	0	Ramadi	0	0	_
294	0	.	0	0	_

294	1	He	0	0	_
294	1	spent	1	0	_
294	1	last	0	0	Relative_time
294	1	night	0	0	Calendric_unit
294	1	with	0	0	_
294	1	American	0	0	Origin
294	1	forces	0	0	Military
294	1	as	0	0	Temporal_collocation
294	1	they	0	0	_
294	1	went	1	0	Transition_to_a_quality
294	1	into	1	0	_
294	1	action	0	0	Intentionally_act
294	1	.	0	0	_

294	2	He	0	0	_
294	2	sent	0	0	Sending
294	2	this	0	0	_
294	2	report	0	0	Text
294	2	.	0	0	_

294	3	PHILIP-REEVES-repo	0	0	_
294	3	:	0	0	_
294	3	Dusk	0	0	_
294	3	is	0	0	_
294	3	falling	1	0	_
294	3	over	0	0	Locative_relation
294	3	Ramadi	0	0	_
294	3	.	0	0	_

294	4	Colonel	0	0	Leadership

295	0	.	0	0	_

295	1	That	1	0	_
295	1	was	0	0	_
295	1	when	0	0	Temporal_collocation
295	1	the	0	0	_
295	1	wolf	0	0	_
295	1	,	0	0	_
295	1	with	1	0	_
295	1	a	0	0	_
295	1	shrill	0	0	Make_noise
295	1	eager	1	1	Desiring
295	1	whine	0	0	Make_noise
295	1	,	0	0	_
295	1	went	1	0	Transition_to_a_quality
295	1	into	1	0	_
295	1	action	0	0	Intentionally_act
295	1	.	0	0	_

295	2	A	0	0	_
295	2	hundred	0	0	_
295	2	and	0	0	_
295	2	ninety	0	0	_
295	2	pounds	0	0	Measure_mass
295	2	of	0	0	_
295	2	fur	0	0	_
295	2	,	0	0	_
295	2	muscle	0	0	Body_parts
295	2	,	0	0	_
295	2	and	0	0	_
295	2	preternatural	0	0	_
295	2	fury	1	1	Emotion_directed
295	2	slammed	1	1	_

296	0	her	0	0	_
296	0	purse	0	0	Containers
296	0	,	0	0	_
296	0	Jamie	0	0	_
296	0	suddenly	0	0	_
296	0	realized	0	0	Coming_to_believe
296	0	the	0	0	_
296	0	doors	0	0	Connecting_architecture
296	0	were	0	0	_
296	0	closing	0	0	Closure
296	0	,	0	0	_
296	0	and	0	0	_
296	0	she	0	0	_
296	0	went	1	0	Transition_to_a_quality
296	0	into	1	0	_
296	0	action	0	0	Intentionally_act
296	0	,	0	0	_
296	0	skidding	0	0	Self_motion
296	0	through	0	0	_
296	0	sideways	0	0	_
296	0	,	0	0	_
296	0	bracelets	0	0	Cause_to_make_noise
296	0	jangling	0	0	Moving_in_place
296	0	and	0	0	_
296	0	hair	0	0	Body_parts
296	0	bouncing	0	0	Moving_in_place
296	0	.	0	0	_

296	1	She	0	0	_
296	1	was	0	0	_
296	1	about	1	0	_
296	1	to	0	0	_

297	0	afraid	0	0	Experiencer_focus
297	0	to	0	0	_
297	0	tackle	1	1	Attack
297	0	a	0	0	_
297	0	violent	0	0	_
297	0	customer	0	0	_
297	0	like	0	0	Similarity
297	0	Mr.	0	0	_
297	0	Jorgensen	0	0	_
297	0	.	0	0	_

297	1	I	0	0	_
297	1	have	0	0	_
297	1	already	0	0	Time_vector
297	1	gone	1	0	Transition_to_a_quality
297	1	into	1	0	_
297	1	action	0	0	Intentionally_act
297	1	.	0	0	_

297	2	Immediately	0	0	_
297	2	after	1	0	Time_vector
297	2	receiving	0	0	Receiving
297	2	your	0	0	_
297	2	letter	0	0	Text
297	2	last	0	0	Relative_time
297	2	night	0	0	Calendric_unit
297	2	,	0	0	_
297	2	I	0	0	_
297	2	took	0	0	Ride_vehicle
297	2	the	0	0	_
297	2	10:30	0	0	_
297	2	p.m.	0	0	_
297	2	train	0	0	Vehicle

298	0	holidays	0	0	_
298	0	,	0	0	_
298	0	and	0	0	_
298	0	as	0	0	_
298	0	soon	0	0	_
298	0	as	0	0	_
298	0	the	0	0	_
298	0	doors	0	0	Connecting_architecture
298	0	open	0	0	Openness
298	0	,	0	0	_
298	0	the	0	0	_
298	0	automated	0	0	_
298	0	machines	0	0	Gizmo
298	0	go	1	0	Transition_to_a_quality
298	0	into	1	0	_
298	0	action	1	0	Intentionally_act
298	0	,	0	0	_
298	0	flashing	1	1	_
298	0	orders	0	0	Request
298	0	on	0	0	Spatial_contact
298	0	flat-screen	0	0	_
298	0	panels	0	0	_
298	0	.	0	0	_

298	1	Staff	0	0	Employing
298	1	members	0	0	Membership
298	1	man	0	0	Employing
298	1	various	0	0	_
298	1	stations	0	0	Locale_by_use
298	1	,	0	0	_
298	1	while	0	0	Temporal_collocation
298	1	a	0	0	_

299	0	the	0	0	_
299	0	wall	0	0	Architectural_part
299	0	.	0	0	_

299	1	Then	0	0	_
299	1	there	0	0	Existence
299	1	was	0	0	Existence
299	1	a	0	0	_
299	1	whir	0	0	Sounds
299	1	of	0	0	_
299	1	distant	0	0	Locative_relation
299	1	motors	0	0	_
299	1	and	0	0	_
299	1	Dannette	0	0	_
299	1	went	1	0	Transition_to_a_quality
299	1	into	1	0	_
299	1	action	0	0	Intentionally_act
299	1	.	0	0	_

299	2	She	0	0	_
299	2	turned	0	0	_
299	2	to	0	0	_
299	2	the	0	0	_
299	2	map	0	0	_
299	2	and	0	0	_
299	2	leaned	0	0	Body_movement
299	2	forward	0	0	_
299	2	to	0	0	_
299	2	study	0	0	Scrutiny
299	2	it	0	0	_
299	2	,	0	0	_
299	2	the	0	0	_
299	2	angle	0	0	_

300	0	s	0	0	_
300	0	crew	0	0	Aggregate
300	0	had	0	0	_
300	0	cut	0	0	Cause_change_of_position_on_a_scale
300	0	,	0	0	_
300	0	growing	0	0	Expansion
300	0	from	1	0	_
300	0	30	0	0	Cardinal_numbers
300	0	acres	0	0	Measure_area
300	0	to	1	0	_
300	0	50	0	0	Cardinal_numbers
300	0	.	0	0	_

300	1	Mackey	0	0	_
300	1	went	1	0	Transition_to_a_quality
300	1	into	1	0	_
300	1	action	0	0	Intentionally_act
300	1	against	1	0	Taking_sides
300	1	the	0	0	_
300	1	blaze.	0	0	Fire_burning
300	1	``	0	0	_

300	2	We	0	0	_
300	2	all	0	0	_
300	2	thought	0	0	Awareness
300	2	we	0	0	_
300	2	were	0	0	_
300	2	going	0	0	_
300	2	to	0	0	_
300	2	dig	0	0	Building
300	2	a	0	0	_
300	2	line	1	1	_

301	0	WEDEMAN	0	0	_
301	0	,	0	0	_
301	0	CNN	0	0	_
301	0	CORRESPONDENT	0	0	_
301	0	:	0	0	_
301	0	Yes	0	0	_
301	0	,	0	0	_
301	0	Daryn	0	0	_
301	0	.	0	0	_

301	1	Well	0	0	_
301	1	,	0	0	_
301	1	U.S.	0	0	_
301	1	forces	0	0	Military
301	1	went	1	0	Transition_to_a_quality
301	1	into	1	0	_
301	1	action	0	0	Intentionally_act
301	1	in	0	0	Interior_profile_relation
301	1	Sadr	0	0	_
301	1	City	0	0	Political_locales
301	1	,	0	0	_
301	1	a	0	0	_
301	1	stronghold	1	1	_
301	1	of	0	0	_
301	1	Shiite	0	0	_
301	1	--	0	0	_
301	1	radical	0	0	_
301	1	Shiite	0	0	_
301	1	cleric	0	0	_
301	1	Muqtada	0	0	_
301	1	Sadr	0	0	_
301	1	.	0	0	_

302	0	all	0	0	_
302	0	dressed	0	0	Wearing
302	0	alike	0	0	Similarity
302	0	in	0	0	_
302	0	work	0	0	_
302	0	boots	0	0	Accoutrements
302	0	,	0	0	_
302	0	gas	0	0	Accoutrements
302	0	masks	0	0	Accoutrements
302	0	and	0	0	_
302	0	coveralls	0	0	Accoutrements
302	0	.	0	0	_

302	1	They	0	0	_
302	1	go	1	0	Transition_to_a_quality
302	1	into	1	0	_
302	1	action	0	0	Intentionally_act
302	1	honing	1	1	_
302	1	in	1	0	_
302	1	on	1	0	_
302	1	rubble	0	0	_
302	1	with	1	0	_
302	1	SENSORS	0	0	_
302	1	and	0	0	_
302	1	COUNTERS	0	0	_
302	1	.	0	0	_

302	2	THE	0	0	_
302	2	MAN	0	0	People
302	2	IN	0	0	_
302	2	TAN	0	0	_
302	2	What	0	0	_
302	2	's	0	0	_

303	0	arguments	0	0	Reasoning
303	0	.	0	0	_

303	1	Edward	0	0	_
303	1	had	0	0	_
303	1	apparently	0	0	_
303	1	called	0	0	Contacting
303	1	Ibrahim	0	0	_
303	1	about	1	0	Topic
303	1	the	0	0	_
303	1	situation	1	1	_
303	1	,	0	0	_
303	1	and	0	0	_
303	1	Ibrahim	0	0	_
303	1	went	1	0	Transition_to_a_quality
303	1	into	1	0	_
303	1	action	0	0	Intentionally_act
303	1	.	0	0	_

303	2	In	1	0	_
303	2	the	0	0	_
303	2	end	1	0	_
303	2	,	0	0	_
303	2	it	0	0	_
303	2	was	0	0	_
303	2	not	0	0	_
303	2	necessary	0	0	Being_necessary
303	2	to	0	0	_
303	2	organize	0	0	_
303	2	the	0	0	_
303	2	suggested	0	0	Statement
303	2	session	0	0	_
303	2	.	0	0	_

304	0	time	0	0	_
304	0	.	0	0	_

304	1	RNA	0	0	_
304	1	extracted	0	0	Removing
304	1	from	0	0	_
304	1	the	0	0	_
304	1	strains	0	0	Type
304	1	provides	0	0	Supply
304	1	tell-tale	0	0	Obviousness
304	1	evidence	0	0	Evidence
304	1	of	0	0	_
304	1	genes	0	0	_
304	1	that	0	0	_
304	1	went	1	0	Transition_to_a_quality
304	1	into	1	0	_
304	1	action	0	0	Intentionally_act
304	1	.	0	0	_

304	2	The	0	0	_
304	2	work	0	0	Work
304	2	is	0	0	_
304	2	much	0	0	_
304	2	like	0	0	Similarity
304	2	that	1	0	_
304	2	of	0	0	_
304	2	police	0	0	_
304	2	detectives	0	0	People_by_vocation
304	2	who	0	0	_
304	2	analyze	0	0	Scrutiny
304	2	evidence	0	0	Evidence
304	2	to	0	0	_
304	2	reconstruct	0	0	_

305	0	hands	0	0	Body_parts
305	0	.	0	0	_

305	1	Unfortunately	0	0	_
305	1	,	0	0	_
305	1	it	0	0	_
305	1	was	0	0	_
305	1	at	1	0	Temporal_collocation
305	1	this	1	0	_
305	1	moment	0	0	_
305	1	...	0	0	_
305	1	that	0	0	_
305	1	the	0	0	_
305	1	investigators	0	0	Scrutiny
305	1	went	1	0	Transition_to_a_quality
305	1	into	1	0	_
305	1	action	0	0	Intentionally_act
305	1	.	0	0	_

305	2	-	0	0	_
305	2	There	0	0	Existence
305	2	's	0	0	Existence
305	2	the	0	0	_
305	2	kid	0	0	People_by_age
305	2	.	0	0	_

305	3	-	0	0	_
305	3	Our	0	0	_
305	3	cover	1	0	_
305	3	's	0	0	_
305	3	blown	1	1	_
305	3	.	0	0	_

305	4	Get	0	0	Transition_to_state
305	4	out	0	0	_

306	0	,	0	0	_
306	0	but	0	0	_
306	0	you	0	0	_
306	0	mentioned	0	0	Statement
306	0	that	0	0	_
306	0	the	0	0	_
306	0	101st	0	0	_
306	0	was	0	0	_
306	0	one	0	0	Cardinal_numbers
306	0	of	0	0	Partitive
306	0	the	0	0	_
306	0	first	0	0	Ordinal_numbers
306	0	to	0	0	_
306	0	go	1	0	Transition_to_a_quality
306	0	into	1	0	_
306	0	action	0	0	Intentionally_act
306	0	in	1	0	Temporal_collocation
306	0	1991	0	0	_
306	0	.	0	0	_

306	1	Anybody	0	0	_
306	1	serving	0	0	Assistance
306	1	now	0	0	Temporal_collocation
306	1	who	0	0	_
306	1	served	0	0	Assistance
306	1	back	1	0	_
306	1	then	0	0	Temporal_collocation
306	1	?	0	0	_

306	2	Have	0	0	_
306	2	they	0	0	_
306	2	been	0	0	_
306	2	able	0	0	Capability

307	0	do	0	0	_
307	0	n't	0	0	_
307	0	bother	0	0	_
307	0	to	0	0	_
307	0	tell	0	0	Telling
307	0	me	0	0	_
307	0	where	0	0	Locative_relation
307	0	it	0	0	_
307	0	's	0	0	_
307	0	stored-why	1	1	Storing
307	0	did	0	0	_
307	0	n't	0	0	_
307	0	you	0	0	_
307	0	go	1	0	Motion
307	0	into	1	0	_
307	0	action	0	0	Intentionally_act
307	0	immediately	0	0	_
307	0	and	0	0	_
307	0	stop	0	0	Preventing_or_letting
307	0	those	1	0	_
307	0	guys	0	0	People
307	0	?	0	0	_
307	0	``	0	0	_

307	1	``	0	0	_
307	1	Unfortunately	0	0	_
307	1	,	0	0	_
307	1	the	0	0	_
307	1	switch-over	0	0	_
307	1	takes	1	0	Taking_time
307	1	several	0	0	Quantified_mass
307	1	minutes	0	0	Measure_duration

308	0	of	0	0	_
308	0	the	0	0	_
308	0	ascendent	0	0	Change_position_on_a_scale
308	0	Christian	0	0	_
308	0	Socials	0	0	_
308	0	,	0	0	_
308	0	warned	1	0	Telling
308	0	that	0	0	_
308	0	``	0	0	_
308	0	fists	1	1	Body_parts
308	0	will	0	0	_
308	0	have	0	0	Required_event
308	0	to	0	0	Required_event
308	0	go	1	0	Transition_to_a_quality
308	0	into	1	0	_
308	0	action	0	0	Intentionally_act
308	0	on	1	0	Temporal_collocation
308	0	January	0	0	Calendric_unit
308	0	20	0	0	_
308	0	,	0	0	_
308	0	``	0	0	_
308	0	while	0	0	Temporal_collocation
308	0	the	0	0	_
308	0	writers	0	0	Text_creation
308	0	of	0	0	_
308	0	the	0	0	_
308	0	Young	0	0	Age
308	0	Vienna	0	0	_
308	0	movement	0	0	_
308	0	published	0	0	Text
308	0	a	0	0	_

309	0	for	0	0	_
309	0	us	0	0	_
309	0	.	0	0	_

309	1	When	0	0	Temporal_collocation
309	1	Dougherty	0	0	_
309	1	gave	1	0	Giving
309	1	the	0	0	_
309	1	operator	0	0	_
309	1	the	0	0	_
309	1	thumbs-up	0	0	_
309	1	,	0	0	_
309	1	the	0	0	_
309	1	machine	0	0	Gizmo
309	1	went	1	0	Transition_to_a_quality
309	1	into	1	0	_
309	1	action	0	0	Intentionally_act
309	1	,	0	0	_
309	1	clearing	0	0	Emptying
309	1	brush	0	0	_
309	1	and	0	0	_
309	1	saplings	0	0	_
309	1	in	1	0	_
309	1	a	0	0	_
309	1	rough	1	1	Measurable_attributes
309	1	V-shape	0	0	_
309	1	,	0	0	_
309	1	with	0	0	_
309	1	the	0	0	_
309	1	pine	0	0	_
309	1	at	1	0	Locative_relation
309	1	its	0	0	_

310	0	was	0	0	_
310	0	the	0	0	_
310	0	spare	0	0	_
310	0	,	0	0	_
310	0	the	0	0	_
310	0	guy	0	0	People
310	0	who	0	0	_
310	0	hovered	1	1	_
310	0	in	1	0	_
310	0	the	0	0	_
310	0	background	1	1	_
310	0	,	0	0	_
310	0	and	0	0	_
310	0	went	1	0	Transition_to_a_quality
310	0	into	1	0	_
310	0	action	0	0	Intentionally_act
310	0	only	0	0	_
310	0	if	0	0	_
310	0	something	0	0	_
310	0	went	1	0	Successful_action
310	0	wrong	0	0	Successful_action
310	0	with	1	0	_
310	0	one	0	0	Cardinal_numbers
310	0	of	0	0	Partitive
310	0	the	0	0	_
310	0	other	0	0	Increment
310	0	planes	0	0	_
310	0	.	0	0	_

310	1	#	0	0	_
310	1	He	0	0	_
310	1	went	0	0	Motion

311	0	was	0	0	_
311	0	an	0	0	_
311	0	irresistible	1	1	_
311	0	tonic	1	1	_
311	0	for	0	0	_
311	0	violence	0	0	_
311	0	.	0	0	_

311	1	#	0	0	_
311	1	And	0	0	_
311	1	so	0	0	_
311	1	the	0	0	_
311	1	political	0	0	_
311	1	machine	1	1	Gizmo
311	1	went	1	0	Transition_to_a_quality
311	1	into	1	0	_
311	1	action	1	0	Intentionally_act
311	1	.	0	0	_

311	2	While	0	0	_
311	2	no	0	0	_
311	2	credible	0	0	Trust
311	2	evidence	0	0	Evidence
311	2	linked	1	0	Cognitive_connection
311	2	Hussein	0	0	_
311	2	to	1	0	_
311	2	9/11	0	0	_
311	2	,	0	0	_
311	2	the	0	0	_
311	2	administration	0	0	_
311	2	fomented	1	1	_
311	2	a	0	0	_
311	2	string	1	1	_

312	0	metabolism	0	0	_
312	0	,	0	0	_
312	0	I	0	0	_
312	0	ca	0	0	_
312	0	n't	0	0	_
312	0	always	0	0	Frequency
312	0	be	0	0	_
312	0	choosy	0	0	_
312	0	.	0	0	_

312	1	Especially	0	0	_
312	1	if	0	0	_
312	1	we	0	0	_
312	1	're	0	0	_
312	1	going	1	0	Transition_to_a_quality
312	1	into	1	0	_
312	1	action	0	0	Intentionally_act
312	1	.	0	0	_

312	2	Kilowog	0	0	_
312	2	,	0	0	_
312	2	your	0	0	_
312	2	rings	0	0	Cause_to_make_noise
312	2	and	0	0	_
312	2	Lantern	0	0	_
312	2	batteries	0	0	_
312	2	Are	0	0	_
312	2	all	0	0	Quantified_mass
312	2	fed	1	0	_
312	2	from	0	0	_
312	2	a	0	0	_
312	2	much	0	0	_
312	2	larger	0	0	Size

313	0	can	0	0	Capability
313	0	retaliate	0	0	Revenge
313	0	COSTELLO	0	0	_
313	0	Yes	0	0	_
313	0	BOORTZ	0	0	_
313	0	The	0	0	_
313	0	minute	0	0	_
313	0	that	1	0	_
313	0	hand	0	0	Body_parts
313	0	goes	1	0	Transition_to_a_quality
313	0	back	0	0	_
313	0	,	0	0	_
313	0	you	0	0	_
313	0	go	1	0	Transition_to_a_quality
313	0	into	1	0	_
313	0	action	0	0	Intentionally_act
313	0	.	0	0	_

313	1	His	0	0	_
313	1	hand	0	0	Body_parts
313	1	is	0	0	_
313	1	back	1	0	_
313	1	COSTELLO	0	0	_
313	1	Well	0	0	_
313	1	,	0	0	_
313	1	that	1	0	_
313	1	's	0	0	_
313	1	an	0	0	_
313	1	argument	0	0	Reasoning
313	1	many	0	0	Quantified_mass
313	1	people	0	0	People
313	1	have	1	0	_

314	0	Pershing	0	0	_
314	0	responded	0	0	Response
314	0	by	0	0	_
314	0	ordering	0	0	Request
314	0	Liggett	0	0	_
314	0	and	0	0	_
314	0	Bullard	0	0	_
314	0	,	0	0	_
314	0	whose	0	0	_
314	0	Second	0	0	Ordinal_numbers
314	0	Army	0	0	Military
314	0	had	0	0	_
314	0	also	0	0	_
314	0	gone	1	0	Transition_to_a_quality
314	0	into	1	0	_
314	0	action	0	0	Intentionally_act
314	0	,	0	0	_
314	0	to	0	0	_
314	0	attack	0	0	Attack
314	0	without	1	0	_
314	0	respite	0	0	_
314	0	.	0	0	_

314	1	The	0	0	_
314	1	offensive	1	1	Attack
314	1	's	0	0	_
314	1	main	0	0	First_rank
314	1	goal	1	0	Purpose
314	1	soon	0	0	_
314	1	became	0	0	Becoming
314	1	the	0	0	_
314	1	city	0	0	Political_locales

315	0	always	0	0	Frequency
315	0	thought	0	0	Opinion
315	0	it	0	0	_
315	0	would	0	0	_
315	0	do	0	0	Usefulness
315	0	good	0	0	Usefulness
315	0	to	0	0	_
315	0	make	1	0	Cause_change
315	0	these	1	0	_
315	0	addresses	0	0	Statement
315	0	to	1	0	_
315	0	troops	0	0	Member_of_military
315	0	before	1	0	Time_vector
315	0	going	0	0	Transition_to_a_quality
315	0	into	1	0	_
315	0	action	0	0	Intentionally_act
315	0	,	0	0	_
315	0	to	0	0	_
315	0	rouse	1	1	Subjective_influence
315	0	their	0	0	_
315	0	enthusiasm	0	0	Emotion_directed
315	0	and	0	0	_
315	0	make	1	0	Cause_change
315	0	them	0	0	_
315	0	fight	0	0	Hostile_encounter
315	0	much	0	0	Degree
315	0	better	0	0	Desirability
315	0	.	0	0	_

315	1	Napoleon	0	0	_
315	1	used	0	0	Using
315	1	to	0	0	_

316	0	be	0	0	_
316	0	when	0	0	Temporal_collocation
316	0	he	0	0	_
316	0	stands	0	0	Posture
316	0	at	1	0	_
316	0	attention	0	0	Attention
316	0	,	0	0	_
316	0	the	0	0	_
316	0	magic	0	0	Toxic_substance
316	0	takes	1	0	_
316	0	over	1	0	Process_start
316	0	when	0	0	Temporal_collocation
316	0	he	0	0	_
316	0	goes	0	0	Transition_to_a_quality
316	0	into	1	0	_
316	0	action	0	0	Intentionally_act
316	0	.	0	0	_

316	1	#	0	0	_
316	1	Just	0	0	_
316	1	watch	0	0	Perception_active
316	1	a	0	0	_
316	1	thoroughbred	0	0	_
316	1	break	1	0	_
316	1	from	1	0	_
316	1	a	0	0	_
316	1	canter	0	0	Self_motion
316	1	into	1	0	_
316	1	a	0	0	_
316	1	trot	0	0	Self_motion
316	1	and	0	0	_
316	1	then	0	0	_

317	0	``	0	0	_
317	0	The	0	0	_
317	0	old	0	0	Age
317	0	fiReenth	0	0	_
317	0	``	0	0	_
317	0	.	0	0	_

317	1	They	0	0	_
317	1	was	0	0	_
317	1	the	0	0	_
317	1	first	0	0	Ordinal_numbers
317	1	Negro	0	0	People_by_religion
317	1	troops	0	0	Member_of_military
317	1	to	0	0	_
317	1	go	1	0	Transition_to_a_quality
317	1	into	1	0	_
317	1	action	0	0	Intentionally_act
317	1	in	0	0	_
317	1	france	0	0	_
317	1	.	0	0	_

317	2	Did	0	0	_
317	2	your	0	0	_
317	2	father	0	0	Kinship
317	2	serve	0	0	Assistance
317	2	?	0	0	_

317	3	Mm	0	0	_
317	3	.	0	0	_

317	4	My	0	0	_
317	4	father	0	0	Kinship
317	4	was	0	0	_
317	4	in	0	0	_
317	4	headquaners	0	0	_

318	0	communication	0	0	Communication
318	0	terminal	0	0	_
318	0	and	0	0	_
318	0	a	0	0	_
318	0	new	0	0	Familiarity
318	0	virus	0	0	_
318	0	created	0	0	Intentionally_create
318	0	by	0	0	_
318	0	the	0	0	_
318	0	sisters	0	0	Kinship
318	0	Reggie	0	0	_
318	0	and	0	0	_
318	0	Veggie	0	0	_
318	0	went	1	0	Transition_to_a_quality
318	0	into	1	0	_
318	0	action	1	0	Intentionally_act
318	0	.	0	0	_

318	1	This	1	0	_
318	1	virus	0	0	_
318	1	took	1	0	Conquering
318	1	over	0	0	_
318	1	the	0	0	_
318	1	computers	0	0	_
318	1	that	0	0	_
318	1	ran	1	0	Operating_a_system
318	1	the	0	0	_
318	1	stadium	0	0	Buildings
318	1	,	0	0	_
318	1	shut	0	0	Change_operational_state
318	1	down	0	0	_
318	1	the	0	0	_

319	0	to	1	0	Goal
319	0	the	0	0	_
319	0	military	0	0	Military
319	0	chiefs	0	0	Leadership
319	0	.	0	0	_

319	1	//	0	0	_
319	1	The	0	0	_
319	1	Suez	0	0	_
319	1	Capace	0	0	_
319	1	,	0	0	_
319	1	1956	0	0	_
319	1	//	0	0	_
319	1	Israel	0	0	_
319	1	went	1	0	Transition_to_a_quality
319	1	into	1	0	_
319	1	action	0	0	Intentionally_act
319	1	at	1	0	Temporal_collocation
319	1	between	1	0	_
319	1	2:15	0	0	_
319	1	and	0	0	_
319	1	2:35	0	0	_
319	1	p.m.	0	0	_
319	1	on	0	0	Temporal_collocation
319	1	October	0	0	Calendric_unit
319	1	29	0	0	_
319	1	,	0	0	_
319	1	1956	0	0	_
319	1	.	0	0	_

319	2	Two	0	0	Cardinal_numbers
319	2	pairs	0	0	Aggregate
319	2	of	0	0	_

320	0	.	0	0	_

320	1	The	0	0	_
320	1	third	0	0	Ordinal_numbers
320	1	,	0	0	_
320	1	made	0	0	_
320	1	up	0	0	_
320	1	of	0	0	_
320	1	twin-boom	0	0	_
320	1	Nord	0	0	_
320	1	Aviation	0	0	_
320	1	Noratlas	0	0	_
320	1	transports	0	0	Vehicle
320	1	,	0	0	_
320	1	went	1	0	Transition_to_a_quality
320	1	into	1	0	_
320	1	action	0	0	Intentionally_act
320	1	only	0	0	_
320	1	four	0	0	Cardinal_numbers
320	1	hours	0	0	Calendric_unit
320	1	after	1	0	Time_vector
320	1	the	0	0	_
320	1	parachute	0	0	_
320	1	landing	0	0	Arriving
320	1	at	0	0	Locative_relation
320	1	Mitla	0	0	_
320	1	Pass	0	0	Natural_features
320	1	.	0	0	_

320	2	The	0	0	_
320	2	French	0	0	Origin
320	2	aircraft	0	0	Vehicle
320	2	roared	0	0	Make_noise

321	0	The	0	0	_
321	0	potato	0	0	Food
321	0	cooks	0	0	Processing_materials
321	0	,	0	0	_
321	0	the	0	0	_
321	0	water	0	0	Substance
321	0	drains	0	0	_
321	0	out	0	0	_
321	0	,	0	0	_
321	0	and	0	0	_
321	0	then	0	0	_
321	0	the	0	0	_
321	0	beaters	0	0	_
321	0	go	1	0	Transition_to_a_quality
321	0	into	1	0	_
321	0	action	1	0	Intentionally_act
321	0	.	0	0	_

321	1	As	0	0	_
321	1	the	0	0	_
321	1	beaters	0	0	_
321	1	spin	0	0	Moving_in_place
321	1	,	0	0	_
321	1	they	0	0	_
321	1	also	0	0	_
321	1	rotate	0	0	Moving_in_place
321	1	in	1	0	_
321	1	a	0	0	_
321	1	circular	0	0	Shapes
321	1	motion	0	0	Moving_in_place
321	1	so	0	0	_
321	1	as	0	0	_

322	0	front	0	0	Part_orientational
322	0	.	0	0	_

322	1	I	0	0	_
322	1	remind	0	0	Evoking
322	1	you	0	0	_
322	1	that	0	0	_
322	1	during	0	0	_
322	1	the	0	0	_
322	1	raid	0	0	Attack
322	1	you	0	0	_
322	1	are	0	0	_
322	1	forbidden	0	0	Deny_or_grant_permission
322	1	to	0	0	_
322	1	go	0	0	_
322	1	into	1	0	_
322	1	action	0	0	Intentionally_act
322	1	against	1	0	_
322	1	the	0	0	_
322	1	enemy	0	0	_
322	1	and	0	0	_
322	1	take	0	0	Taking
322	1	captives	0	0	_
322	1	to	0	0	_
322	1	avoid	1	0	Avoiding
322	1	detection	0	0	Becoming_aware
322	1	.	0	0	_

322	2	Follow	0	0	Cotheme
322	2	me	0	0	_
322	2	.	0	0	_

322	3	Crawl	0	0	Self_motion
322	3	to	0	0	_

323	0	At	1	0	Temporal_collocation
323	0	about	1	0	_
323	0	5	0	0	_
323	0	o'clock	0	0	_
323	0	in	1	0	_
323	0	the	0	0	_
323	0	morning	0	0	Calendric_unit
323	0	of	0	0	_
323	0	December	0	0	Calendric_unit
323	0	11th	0	0	_
323	0	,	0	0	_
323	0	it	0	0	_
323	0	would	0	0	_
323	0	go	1	0	Transition_to_a_quality
323	0	into	1	0	_
323	0	action	1	0	Intentionally_act
323	0	near	0	0	Locative_relation
323	0	the	0	0	_
323	0	village	0	0	Political_locales
323	0	of	0	0	_
323	0	El	0	0	_
323	0	Mozote	0	0	_
323	0	.	0	0	_

323	1	Hundreds	0	0	Quantified_mass
323	1	of	0	0	_
323	1	civilians	0	0	_
323	1	were	0	0	_
323	1	slaughtered	0	0	Killing
323	1	.	0	0	_

323	2	The	0	0	_
323	2	US	0	0	_

324	0	Really	0	0	_
324	0	bitching	0	0	Judgment_communication
324	0	.	0	0	_

324	1	Wait	0	0	Waiting
324	1	till	0	0	_
324	1	it	0	0	_
324	1	chimes	0	0	_
324	1	the	0	0	_
324	1	hour	0	0	Calendric_unit
324	1	.	0	0	_

324	2	When	0	0	Temporal_collocation
324	2	this	1	0	_
324	2	baby	1	1	People_by_age
324	2	goes	1	0	Transition_to_a_quality
324	2	into	1	0	_
324	2	action	1	0	Intentionally_act
324	2	...	0	0	_
324	2	it	0	0	_
324	2	'll	0	0	_
324	2	take	1	0	_
324	2	your	0	0	_
324	2	breath	0	0	Breathing
324	2	away	1	0	_
324	2	.	0	0	_

324	3	I	0	0	_
324	3	guarantee	0	0	Commitment
324	3	it	0	0	_
324	3	.	0	0	_

324	4	Cool	0	0	Stimulus_focus
324	4	.	0	0	_

324	5	Now	0	0	Temporal_collocation

325	0	young	0	0	Age
325	0	Americans	0	0	People_by_origin
325	0	who	0	0	_
325	0	bore	1	1	_
325	0	World	0	0	_
325	0	War	0	0	Hostile_encounter
325	0	II	0	0	_
325	0	's	0	0	_
325	0	battle	0	0	Hostile_encounter
325	0	60	0	0	Cardinal_numbers
325	0	years	0	0	Calendric_unit
325	0	ago	0	0	Time_vector
325	0	often	0	0	Frequency
325	0	went	1	0	Transition_to_a_quality
325	0	into	1	0	_
325	0	action	0	0	Intentionally_act
325	0	after	1	0	Time_vector
325	0	giving	1	0	_
325	0	a	0	0	_
325	0	playful	1	1	_
325	0	slap	0	0	_
325	0	to	1	0	_
325	0	pin-up	0	0	_
325	0	posters	0	0	Physical_artworks
325	0	of	0	0	_
325	0	Rita	0	0	_
325	0	Hayworth	0	0	_
325	0	.	0	0	_

325	1	They	0	0	_
325	1	listened	0	0	Perception_active
325	1	to	0	0	_

326	0	to	0	0	_
326	0	set	0	0	Intentionally_create
326	0	up	0	0	Intentionally_create
326	0	a	0	0	_
326	0	protective	0	0	_
326	0	perimeter	0	0	Part_inner_outer
326	0	,	0	0	_
326	0	which	0	0	_
326	0	he	0	0	_
326	0	did	0	0	Intentionally_act
326	0	.	0	0	_

326	1	They	0	0	_
326	1	immediately	0	0	_
326	1	went	1	0	Transition_to_a_quality
326	1	into	1	0	_
326	1	action	0	0	Intentionally_act
326	1	around	0	0	Locative_relation
326	1	the	0	0	_
326	1	president	0	0	Leadership
326	1	,	0	0	_
326	1	taking	0	0	Removing
326	1	his	0	0	_
326	1	clothes	0	0	Clothing
326	1	off	0	0	Spatial_contact
326	1	,	0	0	_
326	1	measuring	0	0	_
326	1	his	0	0	_
326	1	blood	0	0	_
326	1	pressure	0	0	_
326	1	,	0	0	_
326	1	his	0	0	_

327	0	(	0	0	_
327	0	Voiceover	0	0	_
327	0	)	0	0	_
327	0	The	0	0	_
327	0	boats	0	0	Vehicle
327	0	were	0	0	_
327	0	coming	1	0	Arriving
327	0	off	0	0	_
327	0	the	0	0	_
327	0	line	1	0	_
327	0	so	0	0	Degree
327	0	fast	0	0	Speed_description
327	0	to	0	0	_
327	0	go	1	0	Motion
327	0	into	1	0	_
327	0	action	0	0	Intentionally_act
327	0	that	0	0	_
327	0	Higgins	0	0	_
327	0	'	0	0	_
327	0	employees	0	0	Employing
327	0	would	0	0	_
327	0	ride	0	0	Operate_vehicle
327	0	the	0	0	_
327	0	freight	0	0	_
327	0	trains	0	0	Vehicle
327	0	to	0	0	_
327	0	paint	0	0	Coming_up_with
327	0	them	0	0	_
327	0	.	0	0	_

327	1	Unidentified	0	0	Secrecy_status
327	1	Man	0	0	People

328	0	those	1	0	_
328	0	soldiers	0	0	Member_of_military
328	0	by	0	0	_
328	0	--	0	0	_
328	0	apparently	0	0	_
328	0	by	0	0	_
328	0	Hezbollah	0	0	_
328	0	,	0	0	_
328	0	Israel	0	0	_
328	0	says	0	0	Statement
328	0	,	0	0	_
328	0	his	0	0	_
328	0	forces	0	0	Military
328	0	went	1	0	Transition_to_a_quality
328	0	into	1	0	_
328	0	action	0	0	Intentionally_act
328	0	mainly	0	0	_
328	0	in	0	0	_
328	0	the	0	0	_
328	0	air	0	0	_
328	0	,	0	0	_
328	0	and	0	0	_
328	0	there	0	0	Existence
328	0	's	0	0	Existence
328	0	been	0	0	Existence
328	0	an	0	0	_
328	0	enormous	0	0	Size
328	0	amount	0	0	Quantified_mass
328	0	of	0	0	_
328	0	military	0	0	Military
328	0	activity	0	0	Intentionally_act

329	0	Elvis	0	0	_
329	0	grinned	0	0	Making_faces
329	0	,	0	0	_
329	0	``	0	0	_
329	0	Good	0	0	Desirability
329	0	to	0	0	_
329	0	see	0	0	Perception_experience
329	0	ya	0	0	_
329	0	,	0	0	_
329	0	son	0	0	Kinship
329	0	.	0	0	_

329	1	Ready	0	0	Activity_ready_state
329	1	to	0	0	_
329	1	go	1	0	_
329	1	into	1	0	_
329	1	action	0	0	Intentionally_act
329	1	?	0	0	_
329	1	``	0	0	_

329	2	``	0	0	_
329	2	Doing	0	0	Intentionally_act
329	2	what	0	0	_
329	2	?	0	0	_
329	2	``	0	0	_

329	3	Defoe	0	0	_
329	3	felt	1	0	Feeling
329	3	absurdly	0	0	_
329	3	foolish	0	0	Mental_property
329	3	,	0	0	_
329	3	asking	1	0	Request
329	3	advice	0	0	Attempt_suasion
329	3	from	1	0	_

330	0	Maj.	0	0	_
330	0	Gen.	0	0	_
330	0	Horatio	0	0	_
330	0	Herbert	0	0	_
330	0	Kitchener	0	0	_
330	0	,	0	0	_
330	0	as	0	0	_
330	0	his	0	0	_
330	0	deputy	0	0	_
330	0	,	0	0	_
330	0	the	0	0	_
330	0	military	0	0	Military
330	0	machine	1	1	Gizmo
330	0	went	1	0	Transition_to_a_quality
330	0	into	1	0	_
330	0	action	0	0	Intentionally_act
330	0	.	0	0	_

330	1	The	0	0	_
330	1	situation	1	0	_
330	1	remained	0	0	State_continue
330	1	serious	1	1	Importance
330	1	,	0	0	_
330	1	however	0	0	Concessive
330	1	,	0	0	_
330	1	because	0	0	Causation
330	1	the	0	0	_
330	1	resourceful	0	0	_
330	1	and	0	0	_
330	1	hardy	0	0	_
330	1	Boers	0	0	People_by_origin
330	1	were	0	0	_

331	0	airstrikes	0	0	Attack
331	0	within	1	0	Temporal_collocation
331	0	90	0	0	_
331	0	minutes	0	0	Calendric_unit
331	0	,	0	0	_
331	0	Lebanese	0	0	_
331	0	security	0	0	Being_at_risk
331	0	officials	0	0	Leadership
331	0	said	0	0	Statement
331	0	.	0	0	_

331	1	#	0	0	_
331	1	Israeli	0	0	_
331	1	warplanes	0	0	_
331	1	went	1	0	Transition_to_a_quality
331	1	into	1	0	_
331	1	action	0	0	Intentionally_act
331	1	shortly	0	0	_
331	1	after	1	0	Time_vector
331	1	the	0	0	_
331	1	midday	0	0	Calendric_unit
331	1	(	0	0	_
331	1	1000GMT	0	0	_
331	1	)	0	0	_
331	1	rocket	0	0	_
331	1	and	0	0	_
331	1	mortar	0	0	Weapon
331	1	attack	0	0	Attack
331	1	on	1	0	Spatial_contact
331	1	the	0	0	_
331	1	mountaintop	0	0	_
331	1	army	0	0	Military

332	0	worked	0	0	Work
332	0	to	0	0	_
332	0	curb	1	1	Preventing_or_letting
332	0	hostilities	0	0	Hostile_encounter
332	0	,	0	0	_
332	0	Lebanese	0	0	_
332	0	security	0	0	Being_at_risk
332	0	officials	0	0	Leadership
332	0	said	0	0	Statement
332	0	.	0	0	_

332	1	#	0	0	_
332	1	Israeli	0	0	_
332	1	warplanes	0	0	_
332	1	went	1	0	Transition_to_a_quality
332	1	into	1	0	_
332	1	action	0	0	Intentionally_act
332	1	less	0	0	_
332	1	than	0	0	_
332	1	90	0	0	_
332	1	minutes	0	0	Calendric_unit
332	1	after	1	0	Time_vector
332	1	the	0	0	_
332	1	midday	0	0	Calendric_unit
332	1	(	0	0	_
332	1	1000GMT	0	0	_
332	1	)	0	0	_
332	1	rocket	0	0	_
332	1	and	0	0	_
332	1	mortar	0	0	Weapon
332	1	attack	0	0	Attack
332	1	on	1	0	Process_continue

333	0	Teaching	0	0	Education_teaching
333	0	,	0	0	_
333	0	recognizes	0	0	Becoming_aware
333	0	SPRINGBOARD	0	0	_
333	0	fodder	1	1	_
333	0	when	0	0	Temporal_collocation
333	0	she	0	0	_
333	0	comes	1	0	Becoming_aware
333	0	upon	1	0	_
333	0	it	0	0	_
333	0	and	0	0	_
333	0	promptly	0	0	_
333	0	goes	1	0	Transition_to_a_quality
333	0	into	1	0	_
333	0	action	0	0	Intentionally_act
333	0	.	0	0	_

333	1	At	0	0	Locative_relation
333	1	the	0	0	_
333	1	landmark	0	0	_
333	1	rehabilitation	0	0	Cure
333	1	teaching	0	0	Education_teaching
333	1	conference	0	0	Discussion
333	1	last	0	0	_
333	1	July	0	0	Calendric_unit
333	1	,	0	0	_
333	1	she	0	0	_
333	1	spotted	1	0	Becoming_aware
333	1	ideas	0	0	_
333	1	presented	1	1	_
333	1	by	0	0	_

334	0	the	0	0	_
334	0	environment	0	0	_
334	0	will	0	0	_
334	0	be	0	0	_
334	0	safe	0	0	Risky_situation
334	0	enough	0	0	Sufficiency
334	0	in	0	0	Interior_profile_relation
334	0	or	0	0	_
334	0	over	0	0	Locative_relation
334	0	Kosovo	0	0	_
334	0	that	0	0	_
334	0	they	0	0	_
334	0	can	0	0	Capability
334	0	go	1	0	Transition_to_a_quality
334	0	into	1	0	_
334	0	action	0	0	Intentionally_act
334	0	?	0	0	_

334	1	Gen.	0	0	_
334	1	WESLEY	0	0	_
334	1	CLARK	0	0	_
334	1	:	0	0	_
334	1	Well	0	0	_
334	1	,	0	0	_
334	1	I	0	0	_
334	1	'm	0	0	_
334	1	not	0	0	_
334	1	going	0	0	_
334	1	to	0	0	_
334	1	give	1	0	Giving
334	1	a	0	0	_
334	1	specific	0	0	_

335	0	I	0	0	_
335	0	'm	0	0	_
335	0	not	0	0	_
335	0	going	0	0	_
335	0	to	0	0	_
335	0	give	1	0	Giving
335	0	a	0	0	_
335	0	specific	0	0	_
335	0	date	0	0	_
335	0	for	0	0	_
335	0	when	0	0	Temporal_collocation
335	0	they	0	0	_
335	0	'll	0	0	_
335	0	go	1	0	Transition_to_a_quality
335	0	into	1	0	_
335	0	action	1	0	Intentionally_act
335	0	but	0	0	_
335	0	I	0	0	_
335	0	'll	0	0	_
335	0	tell	0	0	Telling
335	0	you	0	0	_
335	0	that	0	0	_
335	0	we	0	0	_
335	0	brought	0	0	Bringing
335	0	them	0	0	_
335	0	in	0	0	_
335	0	in	0	0	_
335	0	a	0	0	_
335	0	very	0	0	_
335	0	,	0	0	_
335	0	very	0	0	_

336	0	other	0	0	Increment
336	0	athlete	0	0	_
336	0	,	0	0	_
336	0	they	0	0	_
336	0	're	0	0	_
336	0	sitting	0	0	Posture
336	0	there	0	0	_
336	0	on	0	0	Spatial_contact
336	0	the	0	0	_
336	0	bench	0	0	_
336	0	watching	0	0	Perception_active
336	0	the	0	0	_
336	0	team	0	0	Aggregate
336	0	go	1	0	Motion
336	0	into	1	0	_
336	0	action	1	0	Intentionally_act
336	0	and	0	0	_
336	0	they	0	0	_
336	0	're	0	0	_
336	0	just	0	0	_
336	0	crazy	0	0	_
336	0	to	0	0	_
336	0	go	0	0	Motion
336	0	.	0	0	_

336	1	Next	1	0	Relative_time
336	1	time	0	0	Event_instance
336	1	,	0	0	_
336	1	they	0	0	_
336	1	run	1	0	Self_motion
336	1	.	0	0	_

336	2	DIAZ-BALART	0	0	_

337	0	that	0	0	_
337	0	that	1	0	_
337	0	``	0	0	_
337	0	if	0	0	_
337	0	``	0	0	_
337	0	happened	0	0	Event
337	0	.	0	0	_

337	1	LARSON	0	0	_
337	1	:	0	0	_
337	1	(	1	0	_
337	1	Voiceover	0	0	_
337	1	)	0	0	_
337	1	Paula	0	0	_
337	1	goes	1	0	Transition_to_a_quality
337	1	into	1	0	_
337	1	action	0	0	Intentionally_act
337	1	.	0	0	_

337	2	She	0	0	_
337	2	begins	0	0	Activity_start
337	2	calling	0	0	Referring_by_name
337	2	the	0	0	_
337	2	FAA	0	0	_
337	2	,	0	0	_
337	2	the	0	0	_
337	2	Civil	0	0	_
337	2	Air	0	0	_
337	2	Patrol	0	0	_
337	2	,	0	0	_
337	2	the	0	0	_
337	2	police	0	0	_
337	2	,	0	0	_

338	0	almost	0	0	_
338	0	knocking	0	0	Cause_harm
338	0	Murphy	0	0	_
338	0	off	0	0	_
338	0	his	0	0	_
338	0	feet	0	0	Body_parts
338	0	.	0	0	_

338	1	But	0	0	Concessive
338	1	waking	0	0	Setting_fire
338	1	him	0	0	_
338	1	up	0	0	_
338	1	.	0	0	_

338	2	Murphy	0	0	_
338	2	goes	1	0	Transition_to_a_quality
338	2	into	1	0	_
338	2	action	0	0	Intentionally_act
338	2	,	0	0	_
338	2	using	0	0	Using
338	2	judo	0	0	_
338	2	,	0	0	_
338	2	akido	0	0	_
338	2	,	0	0	_
338	2	and	0	0	_
338	2	street	0	0	_
338	2	fighting	0	0	Hostile_encounter
338	2	skills	0	0	Expertise
338	2	to	0	0	_
338	2	evade	0	0	Avoiding
338	2	Delmar	0	0	_
338	2	's	0	0	_
338	2	next	1	0	Relative_time

339	0	an	0	0	_
339	0	assailant	0	0	Attack
339	0	.	0	0	_

339	1	When	0	0	Temporal_collocation
339	1	the	0	0	_
339	1	assailant	0	0	_
339	1	tries	0	0	Attempt
339	1	to	0	0	_
339	1	pin	0	0	Judgment_communication
339	1	him	0	0	_
339	1	there	0	0	_
339	1	,	0	0	_
339	1	Murphy	0	0	_
339	1	goes	0	0	Transition_to_a_quality
339	1	into	1	0	_
339	1	action	0	0	Intentionally_act
339	1	.	0	0	_

339	2	Murphy	0	0	_
339	2	twists	0	0	Cause_change
339	2	,	0	0	_
339	2	tossing	0	0	Cause_motion
339	2	the	0	0	_
339	2	assailant	0	0	_
339	2	across	0	0	_
339	2	the	0	0	_
339	2	dark	0	0	Measurable_attributes
339	2	bathroom	0	0	Building_subparts
339	2	.	0	0	_

339	3	(	0	0	_
339	3	CONTINUED	0	0	Process_continue
339	3	)	0	0	_

340	0	only	0	0	_
340	0	his	0	0	_
340	0	childhood	0	0	_
340	0	friend	0	0	Personal_relationship
340	0	,	0	0	_
340	0	the	0	0	_
340	0	shrewd	0	0	Mental_property
340	0	and	0	0	_
340	0	streetsmart	0	0	_
340	0	Al	0	0	_
340	0	Glordino	0	0	_
340	0	.	0	0	_

340	1	Pitt	0	0	_
340	1	goes	0	0	Transition_to_a_quality
340	1	into	1	0	_
340	1	action	0	0	Intentionally_act
340	1	when	0	0	Temporal_collocation
340	1	an	0	0	_
340	1	unknown	0	0	Awareness
340	1	force	1	1	Military
340	1	kills	0	0	Killing
340	1	thousands	0	0	Quantified_mass
340	1	of	0	0	_
340	1	marine	0	0	_
340	1	animals-and	0	0	Animals
340	1	sends	0	0	Sending
340	1	a	0	0	_
340	1	cruise	0	0	_
340	1	ship	0	0	Vehicle
340	1	out	0	0	_
340	1	of	0	0	_

341	0	the	0	0	_
341	0	plans	1	0	Project
341	0	of	0	0	_
341	0	the	0	0	_
341	0	reformers	0	0	Reforming_a_system
341	0	became	0	0	Becoming
341	0	public	0	0	Secrecy_status
341	0	knowledge	0	0	Awareness
341	0	,	0	0	_
341	0	the	0	0	_
341	0	opponents	0	0	Taking_sides
341	0	of	0	0	_
341	0	reform	0	0	Reforming_a_system
341	0	went	1	0	Transition_to_a_quality
341	0	into	1	0	_
341	0	action	0	0	Intentionally_act
341	0	.	0	0	_

341	1	It	0	0	_
341	1	must	0	0	_
341	1	have	0	0	_
341	1	appeared	0	0	Give_impression
341	1	to	1	0	_
341	1	the	0	0	_
341	1	members	1	0	Membership
341	1	of	0	0	_
341	1	the	0	0	_
341	1	Board	0	0	_
341	1	of	0	0	_
341	1	Trustees	0	0	_
341	1	as	0	0	_
341	1	if	0	0	_

342	0	have	0	0	_
342	0	developed	0	0	Cause_to_make_progress
342	0	to	0	0	_
342	0	serve	1	0	Assistance
342	0	the	0	0	_
342	0	adaptive	0	0	_
342	0	needs	0	0	Needing
342	0	of	0	0	_
342	0	the	0	0	_
342	0	individual	0	0	People
342	0	.	0	0	_

342	1	Cognitive	0	0	_
342	1	operations	1	1	Businesses
342	1	go	1	0	_
342	1	into	1	0	_
342	1	action	0	0	Intentionally_act
342	1	to	0	0	_
342	1	solve	0	0	Resolve_problem
342	1	problems	0	0	Predicament
342	1	presented	1	1	_
342	1	by	0	0	_
342	1	the	0	0	_
342	1	actual	0	0	_
342	1	environment	0	0	_
342	1	of	0	0	_
342	1	the	0	0	_
342	1	individual	0	0	People
342	1	.	0	0	_

342	2	Unlike	0	0	Similarity
342	2	the	0	0	_
342	2	articulated	0	0	_

343	0	.	0	0	_

343	1	Fire	0	0	_
343	1	up	0	0	_
343	1	the	0	0	_
343	1	Bad	0	0	_
343	1	Boy	0	0	_
343	1	bit	1	0	_
343	1	.	0	0	_

343	2	Chick	0	0	_
343	2	,	0	0	_
343	2	Max	0	0	_
343	2	and	0	0	_
343	2	Bear	0	0	_
343	2	go	1	0	Transition_to_a_quality
343	2	into	1	0	_
343	2	action	0	0	Intentionally_act
343	2	.	0	0	_

343	3	Max	0	0	_
343	3	screws	0	0	Cause_harm
343	3	the	0	0	_
343	3	Bad	0	0	_
343	3	Boy	0	0	_
343	3	bit	0	0	_
343	3	onto	0	0	_
343	3	the	0	0	_
343	3	first	0	0	Ordinal_numbers
343	3	drilling	0	0	_
343	3	pipe	0	0	_
343	3	.	0	0	_

343	4	Bear	0	0	_
343	4	hoists	0	0	_

344	0	said.	0	0	Statement
344	0	``	0	0	_

344	1	Please	0	0	_
344	1	stand	0	0	Posture
344	1	to	0	0	_
344	1	one	0	0	Cardinal_numbers
344	1	side	0	0	Part_orientational
344	1	at	0	0	_
344	1	once.	0	0	_
344	1	``	0	0	_

344	2	Hickok	0	0	_
344	2	went	1	0	Transition_to_a_quality
344	2	into	1	0	_
344	2	action	0	0	Intentionally_act
344	2	.	0	0	_

344	3	His	0	0	_
344	3	left	0	0	Part_orientational
344	3	hand	0	0	Body_parts
344	3	slipped	1	0	Motion
344	3	to	0	0	_
344	3	his	0	0	_
344	3	left	0	0	Part_orientational
344	3	hip	0	0	Body_parts
344	3	and	0	0	_
344	3	came	1	0	_
344	3	up	1	0	_
344	3	with	0	0	_
344	3	a	0	0	_
344	3	Colt	0	0	Weapon

345	0	great	1	0	Desirability
345	0	physical	0	0	_
345	0	shape	0	0	Shapes
345	0	,	0	0	_
345	0	too	0	0	_
345	0	.	0	0	_

345	1	When	0	0	Temporal_collocation
345	1	you	0	0	_
345	1	swim	0	0	Self_motion
345	1	,	0	0	_
345	1	big	1	0	Size
345	1	muscle	0	0	Body_parts
345	1	groups	1	1	Aggregate
345	1	go	1	0	Transition_to_a_quality
345	1	into	1	0	_
345	1	action	1	0	Intentionally_act
345	1	,	0	0	_
345	1	especially	0	0	_
345	1	in	0	0	Interior_profile_relation
345	1	your	0	0	_
345	1	arms	0	0	Body_parts
345	1	and	0	0	_
345	1	legs	0	0	Body_parts
345	1	.	0	0	_

345	2	But	0	0	Concessive
345	2	muscles	0	0	Body_parts
345	2	in	0	0	Interior_profile_relation
345	2	your	0	0	_
345	2	wrists	0	0	Body_parts
345	2	,	0	0	_
345	2	ankles	0	0	Body_parts

346	0	health	0	0	Medical_conditions
346	0	reasons	0	0	Reason
346	0	.	0	0	_

346	1	His	0	0	_
346	1	kidney	0	0	Body_parts
346	1	problems	0	0	Predicament
346	1	required	0	0	Have_as_requirement
346	1	regular	0	0	Frequency
346	1	dialysis	0	0	_
346	1	.	0	0	_

346	2	An	0	0	_
346	2	incensed	0	0	Emotion_directed
346	2	Ward	0	0	_
346	2	went	1	0	Transition_to_a_quality
346	2	into	1	0	_
346	2	action	0	0	Intentionally_act
346	2	on	1	0	_
346	2	a	0	0	_
346	2	project	0	0	Project
346	2	that	0	0	_
346	2	would	0	0	_
346	2	keep	1	0	Cause_to_continue
346	2	him	0	0	_
346	2	in	0	0	_
346	2	prison	0	0	Prison
346	2	,	0	0	_
346	2	and	0	0	_
346	2	later	0	0	Time_vector
346	2	may	0	0	Likelihood
346	2	have	0	0	_
346	2	given	0	0	Giving

347	0	AMERICAN	0	0	_
347	0	RED	0	0	_
347	0	CROSS	0	0	_
347	0	:	0	0	_
347	0	Well	0	0	_
347	0	,	0	0	_
347	0	at	1	0	Temporal_collocation
347	0	this	1	0	_
347	0	point	1	0	_
347	0	,	0	0	_
347	0	the	0	0	_
347	0	Red	0	0	_
347	0	Cross	0	0	_
347	0	went	1	0	Transition_to_a_quality
347	0	into	1	0	_
347	0	action	0	0	Intentionally_act
347	0	last	0	0	Relative_time
347	0	night	0	0	Calendric_unit
347	0	.	0	0	_

347	1	They	0	0	_
347	1	opened	0	0	_
347	1	two	0	0	Cardinal_numbers
347	1	shelters	0	0	Buildings
347	1	,	0	0	_
347	1	and	0	0	_
347	1	they	0	0	_
347	1	're	0	0	_
347	1	still	0	0	Continued_state_of_affairs
347	1	open	0	0	_
347	1	today	0	0	Temporal_collocation
347	1	and	0	0	_

348	0	,	0	0	_
348	0	Sonny	0	0	_
348	0	.	0	0	_

348	1	McKEOWN	0	0	_
348	1	:	0	0	_
348	1	(	0	0	_
348	1	Voiceover	0	0	_
348	1	)	0	0	_
348	1	Modern	0	0	Temporal_collocation
348	1	training	0	0	Education_teaching
348	1	and	0	0	_
348	1	age-old	0	0	Age
348	1	technique	0	0	Means
348	1	went	1	0	Transition_to_a_quality
348	1	into	1	0	_
348	1	action	1	0	Intentionally_act
348	1	as	0	0	Temporal_collocation
348	1	the	0	0	_
348	1	firefighters	0	0	People_by_vocation
348	1	entered	0	0	Arriving
348	1	the	0	0	_
348	1	blazing	0	0	Fire_burning
348	1	building	0	0	Buildings
348	1	.	0	0	_

348	2	(	0	0	_
348	2	Firefighters	0	0	People_by_vocation
348	2	;	0	0	_
348	2	-flam	0	0	_
348	2	Mr-WATSON	0	0	_

349	0	.	0	0	_
349	0	``	0	0	_

349	1	There	0	0	Existence
349	1	she	0	0	_
349	1	is	0	0	Existence
349	1	,	0	0	_
349	1	``	0	0	_
349	1	Enoch	0	0	_
349	1	Skaggs	0	0	_
349	1	says	0	0	Statement
349	1	quietly.	0	0	_
349	1	``	0	0	_

349	2	Go	1	0	Transition_to_a_quality
349	2	into	1	0	_
349	2	action	0	0	Intentionally_act
349	2	,	0	0	_
349	2	Dog-girl.	0	0	_
349	2	``	0	0	_

349	3	#	0	0	_
349	3	Dog-girl	0	0	_
349	3	's	0	0	_
349	3	just	0	0	_
349	3	teasing	0	0	_
349	3	,	0	0	_
349	3	Enoch	0	0	_
349	3	Skaggs	0	0	_
349	3	is	0	0	_
349	3	so	0	0	Degree
349	3	wild	1	1	_

350	0	down	0	0	Direction
350	0	the	0	0	_
350	0	virtual	0	0	_
350	0	roller	0	0	_
350	0	coaster.	0	0	_
350	0	``	0	0	_

350	1	I	0	0	_
350	1	can	0	0	Possibility
350	1	see	1	0	Grasp
350	1	how	0	0	_
350	1	the	0	0	_
350	1	numbers	0	0	_
350	1	go	1	0	Transition_to_a_quality
350	1	into	1	0	_
350	1	action.	1	0	Intentionally_act
350	1	``	0	0	_

350	2	This	1	0	_
350	2	was	0	0	_
350	2	lunch	0	0	Calendric_unit
350	2	hour	0	0	Calendric_unit
350	2	,	0	0	_
350	2	and	0	0	_
350	2	the	0	0	_
350	2	students	0	0	Education_teaching
350	2	'	0	0	_
350	2	excitement	0	0	Emotion_directed
350	2	about	1	0	_
350	2	what	0	0	_
350	2	they	0	0	_

351	0	the	0	0	_
351	0	wheel	0	0	_
351	0	,	0	0	_
351	0	Seth	0	0	_
351	0	in	0	0	_
351	0	the	0	0	_
351	0	passenger	0	0	_
351	0	seat	0	0	_
351	0	.	0	0	_

351	1	Seth	0	0	_
351	1	jumps	0	0	Self_motion
351	1	up	0	0	_
351	1	and	0	0	_
351	1	goes	0	0	Transition_to_a_quality
351	1	into	1	0	_
351	1	action	0	0	Intentionally_act
351	1	.	0	0	_

351	2	#	0	0	_
351	2	SETH	0	0	_
351	2	#	0	0	_
351	2	Okay	0	0	_
351	2	everybody	0	0	_
351	2	,	0	0	_
351	2	it	0	0	_
351	2	's	0	0	_
351	2	show	0	0	_
351	2	time	0	0	_
351	2	.	0	0	_

351	3	Richie	0	0	_
351	3	,	0	0	_
351	3	take	0	0	_

352	0	on	0	0	Spatial_contact
352	0	Mars	0	0	_
352	0	.	0	0	_

352	1	Only	0	0	_
352	1	when	0	0	Temporal_collocation
352	1	the	0	0	_
352	1	rockets	0	0	_
352	1	are	0	0	_
352	1	fired	0	0	Shoot_projectiles
352	1	does	0	0	_
352	1	the	0	0	_
352	1	straightening	0	0	_
352	1	mechanism	0	0	Gizmo
352	1	go	1	0	Transition_to_a_quality
352	1	into	1	0	_
352	1	action	0	0	Intentionally_act
352	1	.	0	0	_

352	2	FIGURE	0	0	_
352	2	3	0	0	_
352	2	#	0	0	_
352	2	PHOTO	0	0	Physical_artworks
352	2	(	0	0	_
352	2	COLOR	0	0	_
352	2	)	0	0	_
352	2	:	0	0	_
352	2	CRYOGENIC	0	0	_
352	2	INSERT	0	0	_
352	2	for	0	0	_
352	2	the	0	0	_
352	2	axion	0	0	_
352	2	search	0	0	Scrutiny

353	0	just	0	0	_
353	0	killing	0	0	Killing
353	0	people	0	0	People
353	0	,	0	0	_
353	0	I	0	0	_
353	0	think	0	0	Awareness
353	0	a	0	0	_
353	0	question	0	0	Point_of_dispute
353	0	of	0	0	_
353	0	capturing	0	0	Conquering
353	0	them	0	0	_
353	0	before	0	0	Time_vector
353	0	they	0	0	_
353	0	go	1	0	Transition_to_a_quality
353	0	into	1	0	_
353	0	action	0	0	Intentionally_act
353	0	,	0	0	_
353	0	taking	0	0	Bringing
353	0	them	0	0	_
353	0	to	0	0	Goal
353	0	court	0	0	Judicial_body
353	0	,	0	0	_
353	0	prosecuting	0	0	Trial
353	0	them	0	0	_
353	0	,	0	0	_
353	0	disarming	0	0	Removing
353	0	them	0	0	_
353	0	and	0	0	_
353	0	,	0	0	_
353	0	eventually	0	0	Time_vector
353	0	,	0	0	_

354	0	it	0	0	_
354	0	out	0	0	_
354	0	!	0	0	_

354	1	It	0	0	_
354	1	had	1	0	Have_associated
354	1	no	0	0	_
354	1	shame	0	0	Experiencer_focus
354	1	and	0	0	_
354	1	fear	0	0	Experiencer_focus
354	1	,	0	0	_
354	1	and	0	0	_
354	1	wanted	1	0	Desiring
354	1	to	0	0	_
354	1	go	1	0	_
354	1	into	1	0	_
354	1	action	0	0	Intentionally_act
354	1	even	0	0	_
354	1	in	1	0	_
354	1	the	0	0	_
354	1	face	1	0	Body_parts
354	1	of	0	0	_
354	1	danger	0	0	Risky_situation
354	1	and	0	0	_
354	1	annihilation	0	0	Destroying
354	1	.	0	0	_

354	2	He	0	0	_
354	2	got	0	0	Transition_to_state
354	2	up	0	0	_
354	2	and	0	0	_
354	2	put	0	0	Placing
354	2	on	0	0	Wearing

355	0	the	0	0	_
355	0	same	0	0	Identicality
355	0	time	0	0	_
355	0	.	0	0	_

355	1	#	0	0	_
355	1	Faced	1	0	_
355	1	with	1	0	_
355	1	a	0	0	_
355	1	dead	1	0	_
355	1	end	1	0	_
355	1	,	0	0	_
355	1	the	0	0	_
355	1	board	0	0	_
355	1	went	1	0	Transition_to_a_quality
355	1	into	1	0	_
355	1	action.	1	0	Intentionally_act
355	1	``	0	0	_

355	2	They	0	0	_
355	2	appreciated	0	0	Judgment
355	2	that	0	0	_
355	2	in	1	0	_
355	2	a	0	0	_
355	2	time	0	0	_
355	2	of	0	0	_
355	2	diminishing	0	0	Change_position_on_a_scale
355	2	public	0	0	_
355	2	resources	1	0	_
355	2	for	0	0	_
355	2	culture	0	0	_
355	2	and	0	0	_

356	0	ca	0	0	Possibility
356	0	n't	0	0	_
356	0	teach	0	0	Education_teaching
356	0	our	0	0	_
356	0	children	0	0	Kinship
356	0	positive	1	0	_
356	0	problem-solving	0	0	_
356	0	if	0	0	_
356	0	we	0	0	_
356	0	're	0	0	_
356	0	saying	0	0	Statement
356	0	,	0	0	_
356	0	'	0	0	_
356	0	Go	1	0	Transition_to_a_quality
356	0	into	1	0	_
356	0	action	0	0	Intentionally_act
356	0	,	0	0	_
356	0	'	0	0	_
356	0	automatically	0	0	_
356	0	,	0	0	_
356	0	because	0	0	Causation
356	0	then	0	0	_
356	0	we	0	0	_
356	0	're	0	0	_
356	0	saying	0	0	Statement
356	0	,	0	0	_
356	0	'	0	0	_
356	0	If	0	0	_
356	0	Jimmy	0	0	_
356	0	takes	0	0	Taking
356	0	your	0	0	_

357	0	sting	1	1	_
357	0	out	1	0	_
357	0	of	0	0	_
357	0	the	0	0	_
357	0	U.N.	0	0	_
357	0	'	0	0	_
357	0	s	0	0	_
357	0	refusal	0	0	Agree_or_refuse_to_act
357	0	to	0	0	_
357	0	let	0	0	Preventing_or_letting
357	0	NATO	0	0	_
357	0	bombers	0	0	_
357	0	go	1	0	Transition_to_a_quality
357	0	into	1	0	_
357	0	action	0	0	Intentionally_act
357	0	,	0	0	_
357	0	which	0	0	_
357	0	sources	1	0	Source_of_getting
357	0	say	1	0	Statement
357	0	ignited	1	1	Setting_fire
357	0	a	0	0	_
357	0	sharp	1	0	_
357	0	telephone	0	0	_
357	0	exchange	0	0	Exchange
357	0	between	0	0	_
357	0	NATO	0	0	_
357	0	Secretary	0	0	_
357	0	General	0	0	Leadership
357	0	Worner	0	0	_
357	0	and	0	0	_

358	0	initiative	0	0	_
358	0	.	0	0	_

358	1	Strike	1	0	Attack
358	1	deep	0	0	_
358	1	.	0	0	_

358	2	Prevent	0	0	Preventing_or_letting
358	2	the	0	0	_
358	2	enemy	0	0	_
358	2	's	0	0	_
358	2	backup	1	1	_
358	2	echelons	0	0	_
358	2	from	1	0	_
358	2	ever	0	0	_
358	2	going	1	0	Transition_to_a_quality
358	2	into	1	0	_
358	2	action	0	0	Intentionally_act
358	2	.	0	0	_

358	3	Integrate	0	0	_
358	3	air	0	0	_
358	3	,	0	0	_
358	3	land	0	0	_
358	3	,	0	0	_
358	3	and	0	0	_
358	3	sea	0	0	_
358	3	operations	0	0	Businesses
358	3	.	0	0	_

358	4	Synchronized	0	0	_
358	4	combined	0	0	_
358	4	operations	0	0	Businesses
358	4	.	0	0	_

358	5	Avoid	0	0	Avoiding

359	0	)	0	0	_
359	0	ANCHORS	0	0	_
359	0	AWAIT	0	0	_
359	0	:	0	0	_
359	0	Mike	0	0	_
359	0	Morrisey	0	0	_
359	0	(	0	0	_
359	0	above	1	0	Directional_locative_relation
359	0	,	0	0	_
359	0	left	0	0	Part_orientational
359	0	)	0	0	_
359	0	waits	0	0	Waiting
359	0	to	0	0	_
359	0	go	0	0	Transition_to_a_quality
359	0	into	1	0	_
359	0	action	0	0	Intentionally_act
359	0	with	0	0	_
359	0	a	0	0	_
359	0	hand-held	0	0	_
359	0	camera	0	0	_
359	0	in	0	0	Interior_profile_relation
359	0	the	0	0	_
359	0	studio	0	0	Locale_by_use
359	0	.	0	0	_

359	1	Co-anchors	0	0	_
359	1	Margie	0	0	_
359	1	Reedy	0	0	_
359	1	and	0	0	_
359	1	Jonathan	0	0	_
359	1	Hall	0	0	_
359	1	chat	0	0	Chatting

360	0	,	0	0	_
360	0	Pentagon	0	0	_
360	0	officials	0	0	Leadership
360	0	said	0	0	Statement
360	0	.	0	0	_

360	1	#	0	0	_
360	1	At	1	0	_
360	1	Rose	0	0	_
360	1	's	0	0	_
360	1	request	0	0	Request
360	1	,	0	0	_
360	1	NATO	0	0	_
360	1	again	0	0	_
360	1	went	1	0	Transition_to_a_quality
360	1	into	1	0	_
360	1	action	0	0	Intentionally_act
360	1	,	0	0	_
360	1	sending	0	0	Sending
360	1	two	0	0	Cardinal_numbers
360	1	F/A-18s	0	0	_
360	1	that	0	0	_
360	1	attacked	0	0	Attack
360	1	a	0	0	_
360	1	column	0	0	_
360	1	of	0	0	_
360	1	Serbian	0	0	Origin
360	1	armor	0	0	_
360	1	.	0	0	_

360	2	#	0	0	_
360	2	U.N	0	0	_
360	2	.	0	0	_

361	0	seen	0	0	Perception_experience
361	0	the	0	0	_
361	0	tears	0	0	Communication_noise
361	0	come	1	0	Arriving
361	0	.	0	0	_

361	1	Yeah	0	0	_
361	1	JARRIEL	0	0	_
361	1	voice-over	0	0	_
361	1	Americans	0	0	People_by_origin
361	1	opened	1	0	Closure
361	1	their	0	0	_
361	1	hearts	1	1	_
361	1	and	0	0	_
361	1	went	1	0	Transition_to_a_quality
361	1	into	1	0	_
361	1	action	0	0	Intentionally_act
361	1	to	0	0	_
361	1	help	0	0	Assistance
361	1	.	0	0	_

361	2	School	0	0	Locale_by_use
361	2	children	0	0	Kinship
361	2	of	0	0	_
361	2	New	0	0	_
361	2	York	0	0	_
361	2	were	0	0	_
361	2	typical	0	0	Distinctiveness
361	2	of	0	0	_
361	2	those	1	0	_
361	2	who	0	0	_
361	2	raised	1	0	_
361	2	money	0	0	Money

362	0	dangerous	0	0	Risky_situation
362	0	than	0	0	_
362	0	a	0	0	_
362	0	``	0	0	_
362	0	serial	0	0	_
362	0	killer.	0	0	Killing
362	0	``	0	0	_

362	1	Silence	0	0	_
362	1	.	0	0	_

362	2	Then	0	0	_
362	2	the	0	0	_
362	2	room	0	0	Building_subparts
362	2	goes	1	0	Transition_to_a_quality
362	2	into	1	0	_
362	2	action	1	0	Intentionally_act
362	2	.	0	0	_

362	3	C.J	0	0	_
362	3	.	0	0	_

362	4	Let	0	0	_
362	4	's	0	0	_
362	4	bring	0	0	Bringing
362	4	him	0	0	_
362	4	in	0	0	_
362	4	.	0	0	_

362	5	And	0	0	_
362	5	no	0	0	_
362	5	Police	0	0	_
362	5	!	0	0	_

362	6	SLAM	0	0	_
362	6	CUT	0	0	_
362	6	TO	0	0	_

363	0	--	0	0	_
363	0	EXT	0	0	_
363	0	.	0	0	_

363	1	RIVER	0	0	_
363	1	ISLAND	0	0	_
363	1	SITE	0	0	_
363	1	-	0	0	_
363	1	EXPLOSION	0	0	_
363	1	IN	1	0	_
363	1	VIEW	0	0	Perception_active
363	1	The	0	0	_
363	1	AIT	0	0	_
363	1	's	0	0	_
363	1	go	1	0	Transition_to_a_quality
363	1	into	1	0	_
363	1	action	0	0	Intentionally_act
363	1	.	0	0	_

363	2	They	0	0	_
363	2	're	0	0	_
363	2	not	0	0	_
363	2	waiting	0	0	Waiting
363	2	any	0	0	Temporal_collocation
363	2	longer	0	0	Temporal_collocation
363	2	.	0	0	_

363	3	Helicopter	0	0	Vehicle
363	3	engine	0	0	Artifact
363	3	whines	0	0	Sounds
363	3	up	0	0	_
363	3	--	0	0	_
363	3	RESUME	0	0	_
363	3	:	0	0	_

364	0	clothing	0	0	Clothing
364	0	.	0	0	_

364	1	#	0	0	_
364	1	When	0	0	Temporal_collocation
364	1	the	0	0	_
364	1	news	0	0	_
364	1	reached	1	0	Arriving
364	1	the	0	0	_
364	1	East	0	0	Part_orientational
364	1	Coast	0	0	Relational_natural_features
364	1	,	0	0	_
364	1	Congress	0	0	_
364	1	promptly	0	0	_
364	1	went	1	0	Transition_to_a_quality
364	1	into	1	0	_
364	1	action	1	0	Intentionally_act
364	1	.	0	0	_

364	2	It	0	0	_
364	2	passed	1	0	Sign_agreement
364	2	a	0	0	_
364	2	law	0	0	Law
364	2	in	1	0	Temporal_collocation
364	2	March	0	0	Calendric_unit
364	2	1792	0	0	_
364	2	reorganizing	0	0	_
364	2	and	0	0	_
364	2	strengthening	1	1	Cause_change_of_strength
364	2	the	0	0	_
364	2	federal	0	0	Political_locales
364	2	Army	0	0	Military
364	2	,	0	0	_

365	0	the	0	0	_
365	0	leash	0	0	Connectors
365	0	as	0	0	_
365	0	if	0	0	_
365	0	to	0	0	_
365	0	pull	0	0	Cause_motion
365	0	the	0	0	_
365	0	dog	0	0	Animals
365	0	up	0	0	_
365	0	.	0	0	_

365	1	The	0	0	_
365	1	opposition	0	0	Taking_sides
365	1	reflex	1	1	_
365	1	goes	1	0	Transition_to_a_quality
365	1	into	1	0	_
365	1	action	1	0	Intentionally_act
365	1	.	0	0	_

365	2	Now	0	0	Temporal_collocation
365	2	the	0	0	_
365	2	dog	0	0	Animals
365	2	will	0	0	_
365	2	not	0	0	_
365	2	get	0	0	Transition_to_state
365	2	up	0	0	Change_posture
365	2	.	0	0	_

365	3	After	1	0	Time_vector
365	3	practicing	0	0	Practice
365	3	that	1	0	_
365	3	,	0	0	_
365	3	Dobbs	0	0	_
365	3	walks	0	0	Self_motion

366	0	moment	0	0	Temporal_collocation
366	0	you	0	0	_
366	0	put	0	0	Placing
366	0	the	0	0	_
366	0	food	0	0	Food
366	0	in	0	0	Interior_profile_relation
366	0	your	0	0	_
366	0	mouth	0	0	Body_parts
366	0	,	0	0	_
366	0	the	0	0	_
366	0	whole	0	0	Ranked_expectation
366	0	body	0	0	Body_parts
366	0	should	0	0	Desirable_event
366	0	go	1	0	Transition_to_a_quality
366	0	into	1	0	_
366	0	action.	1	0	Intentionally_act
366	0	``	0	0	_

366	1	#	0	0	_
366	1	If	0	0	_
366	1	it	0	0	_
366	1	did	0	0	_
366	1	n't	0	0	_
366	1	,	0	0	_
366	1	it	0	0	_
366	1	was	0	0	_
366	1	n't	0	0	_
366	1	because	0	0	Causation
366	1	the	0	0	_
366	1	chefs	0	0	People_by_vocation
366	1	had	0	0	Possession

367	0	,	0	0	_
367	0	though	0	0	Concessive
367	0	,	0	0	_
367	0	none	0	0	_
367	0	of	0	0	Partitive
367	0	the	0	0	_
367	0	other	0	0	Increment
367	0	men	0	0	People
367	0	from	0	0	Origin
367	0	America	0	0	_
367	0	Will	0	0	_
367	0	Break	1	1	_
367	0	had	0	0	_
367	0	gone	1	0	Transition_to_a_quality
367	0	into	1	0	_
367	0	action	0	0	Intentionally_act
367	0	.	0	0	_

367	1	He	0	0	_
367	1	thought	0	0	Awareness
367	1	of	0	0	_
367	1	them	0	0	_
367	1	more	0	0	_
367	1	as	0	0	_
367	1	military	0	0	Military
367	1	engineers	0	0	People_by_vocation
367	1	than	0	0	_
367	1	frontline	0	0	_
367	1	troops	0	0	Member_of_military
367	1	.	0	0	_

367	2	Of	0	0	_
367	2	course	0	0	_

368	0	stood	0	0	Posture
368	0	aside	0	0	_
368	0	when	0	0	Temporal_collocation
368	0	Azeri	0	0	_
368	0	activists	0	0	_
368	0	rioted	0	0	Change_of_leadership
368	0	against	1	0	Taking_sides
368	0	Armenians	0	0	People_by_origin
368	0	in	0	0	Interior_profile_relation
368	0	the	0	0	_
368	0	capital	0	0	Relational_political_locales
368	0	,	0	0	_
368	0	but	0	0	_
368	0	went	1	0	Transition_to_a_quality
368	0	into	1	0	_
368	0	action	0	0	Intentionally_act
368	0	when	0	0	Temporal_collocation
368	0	an	0	0	_
368	0	Azeri	0	0	_
368	0	crowd	0	0	Aggregate
368	0	threatened	0	0	Commitment
368	0	to	0	0	_
368	0	burn	0	0	Fire_burning
368	0	down	0	0	_
368	0	Party	0	0	Organization
368	0	headquarters	0	0	_
368	0	.	0	0	_

368	1	Tanks	0	0	Vehicle
368	1	and	0	0	_
368	1	troops	0	0	Member_of_military
368	1	broke	0	0	_

369	0	operating	0	0	Operating_a_system
369	0	room	0	0	Building_subparts
369	0	to	0	0	_
369	0	receive	0	0	Receiving
369	0	the	0	0	_
369	0	body	0	0	Body_parts
369	0	of	0	0	_
369	0	Hatchford	0	0	_
369	0	Benjamin	0	0	_
369	0	Harrison	0	0	_
369	0	.	0	0	_

369	1	They	0	0	_
369	1	had	0	0	_
369	1	gone	1	0	Transition_to_a_quality
369	1	into	1	0	_
369	1	action	0	0	Intentionally_act
369	1	the	0	0	_
369	1	moment	0	0	Temporal_collocation
369	1	the	0	0	_
369	1	on-site	0	0	_
369	1	paramedics	0	0	Medical_professionals
369	1	in	0	0	Interior_profile_relation
369	1	the	0	0	_
369	1	San	0	0	_
369	1	Bernardino	0	0	_
369	1	Mountains	0	0	Natural_features
369	1	had	0	0	_
369	1	reported	0	0	Statement
369	1	,	0	0	_
369	1	by	0	0	_
369	1	police-band	0	0	_

370	0	!	0	0	_

370	1	Ripley	0	0	_
370	1	climbs	0	0	Self_motion
370	1	hand-over-hand	0	0	_
370	1	along	0	0	_
370	1	the	0	0	_
370	1	chain	0	0	Connectors
370	1	towards	0	0	_
370	1	the	0	0	_
370	1	gantry	0	0	_
370	1	platform	0	0	_
370	1	.	0	0	_

370	2	Morse	0	0	_
370	2	goes	0	0	Transition_to_a_quality
370	2	into	1	0	_
370	2	action	0	0	Intentionally_act
370	2	and	0	0	_
370	2	maneuvers	0	0	Cause_motion
370	2	the	0	0	_
370	2	platform	0	0	_
370	2	towards	0	0	_
370	2	her	0	0	_
370	2	.	0	0	_

370	3	202	0	0	_
370	3	THE	0	0	_
370	3	GANTRY	0	0	_
370	3	Morse	0	0	_
370	3	helps	0	0	Assistance
370	3	Ripley	0	0	_
370	3	onto	0	0	_
370	3	the	0	0	_

371	0	few	0	0	Quantified_mass
371	0	months	0	0	Measure_duration
371	0	whether	0	0	_
371	0	Operation	0	0	_
371	0	Restore	0	0	_
371	0	Hope	0	0	_
371	0	conforms	0	0	Compliance
371	0	to	1	0	_
371	0	that	1	0	_
371	0	basic	0	0	_
371	0	rule	1	0	Law
371	0	.	0	0	_

371	1	#	0	0	_
371	1	Going	1	0	Transition_to_a_quality
371	1	Into	1	0	_
371	1	Action	0	0	Intentionally_act
371	1	#	0	0	_
371	1	The	0	0	_
371	1	mission	0	0	_
371	1	is	0	0	_
371	1	humanitarian	0	0	_
371	1	,	0	0	_
371	1	but	0	0	Concessive
371	1	in	0	0	Purpose
371	1	order	0	0	Purpose
371	1	to	0	0	_
371	1	work	1	0	Work
371	1	,	0	0	_
371	1	it	0	0	_
371	1	will	0	0	_
371	1	have	1	0	Possession

372	0	of	0	0	_
372	0	new	0	0	Age
372	0	and	0	0	_
372	0	different	0	0	Similarity
372	0	or	0	0	_
372	0	improved	0	0	Cause_to_make_progress
372	0	gear	0	0	Gizmo
372	0	that	0	0	_
372	0	deserves	1	0	Deserving
372	0	attention	0	0	Attention
372	0	.	0	0	_

372	1	Some	0	0	Proportional_quantity
372	1	can	0	0	Capability
372	1	go	1	0	Transition_to_a_quality
372	1	into	1	0	_
372	1	action	0	0	Intentionally_act
372	1	right	0	0	_
372	1	now	0	0	Temporal_collocation
372	1	before	0	0	Time_vector
372	1	you	0	0	_
372	1	ever	0	0	_
372	1	go	0	0	Motion
372	1	afloat	0	0	_
372	1	.	0	0	_

372	2	Here	0	0	_
372	2	's	0	0	_
372	2	one	0	0	_
372	2	to	0	0	_
372	2	start	0	0	Process_start
372	2	with	0	0	_
372	2	at	0	0	_

373	0	California	0	0	_
373	0	Legislature	0	0	Leadership
373	0	was	0	0	_
373	0	persuaded	0	0	Subjective_influence
373	0	,	0	0	_
373	0	so	0	0	_
373	0	Muir	0	0	_
373	0	and	0	0	_
373	0	his	0	0	_
373	0	colleagues	0	0	Personal_relationship
373	0	in	1	0	_
373	0	the	0	0	_
373	0	club	1	1	Organization
373	0	went	1	0	Transition_to_a_quality
373	0	into	1	0	_
373	0	action	0	0	Intentionally_act
373	0	in	0	0	Interior_profile_relation
373	0	Sacramento	0	0	_
373	0	and	0	0	_
373	0	finally	0	0	Time_vector
373	0	triumphed	0	0	Finish_competition
373	0	in	1	0	Temporal_collocation
373	0	1905	0	0	_
373	0	.	0	0	_

373	1	The	0	0	_
373	1	valley	0	0	Natural_features
373	1	belatedly	0	0	_
373	1	became	0	0	Becoming
373	1	part	0	0	Part_whole
373	1	of	0	0	_
373	1	the	0	0	_

374	0	They	0	0	_
374	0	marched	0	0	Self_motion
374	0	briskly	0	0	Speed_description
374	0	and	0	0	_
374	0	with	1	0	_
374	0	a	0	0	_
374	0	certain	0	0	Idiosyncrasy
374	0	kind	0	0	Type
374	0	of	0	0	_
374	0	professional	0	0	People_by_vocation
374	0	swagger	0	0	Speed_description
374	0	like	0	0	Similarity
374	0	firefighters	0	0	People_by_vocation
374	0	going	1	0	Motion
374	0	into	1	0	_
374	0	action	0	0	Intentionally_act
374	0	:	0	0	_
374	0	``	0	0	_
374	0	We	0	0	_
374	0	are	0	0	_
374	0	Biafrans	0	0	_
374	0	,	0	0	_
374	0	Nigeria	0	0	_
374	0	is	0	0	_
374	0	dead	1	0	Dead_or_alive
374	0	.	0	0	_

374	1	We	0	0	_
374	1	are	0	0	_
374	1	Biafrans	0	0	_
374	1	,	0	0	_
374	1	Nigeria	0	0	_

375	0	lets	0	0	Preventing_or_letting
375	0	her	0	0	_
375	0	go	0	0	Motion
375	0	into	0	0	_
375	0	the	0	0	_
375	0	smoke	0	0	_
375	0	.	0	0	_

375	1	#	0	0	_
375	1	230B	0	0	_
375	1	ANNA	0	0	_
375	1	230A	0	0	_
375	1	#	0	0	_
375	1	Hawk	0	0	_
375	1	goes	1	0	Transition_to_a_quality
375	1	into	1	0	_
375	1	action	0	0	Intentionally_act
375	1	.	0	0	_

375	2	#	0	0	_
375	2	Darwin	0	0	_
375	2	turns	0	0	_
375	2	to	0	0	_
375	2	see	0	0	Perception_experience
375	2	this	1	0	_
375	2	and	0	0	_
375	2	raises	0	0	Cause_motion
375	2	his	0	0	_
375	2	gun	0	0	Weapon
375	2	.	0	0	_

375	3	#	0	0	_
375	3	Hawk	0	0	_
375	3	takes	1	1	Conquering

376	0	that	1	0	_
376	0	country	0	0	Political_locales
376	0	's	0	0	_
376	0	largest	1	0	Size
376	0	dollar	0	0	_
376	0	earner	0	0	Earnings_and_losses
376	0	.	0	0	_

376	1	At	1	0	_
376	1	this	1	0	_
376	1	point	1	0	_
376	1	,	0	0	_
376	1	Western	0	0	_
376	1	governments	0	0	Leadership
376	1	went	1	0	Transition_to_a_quality
376	1	into	1	0	_
376	1	action	1	0	Intentionally_act
376	1	.	0	0	_

376	2	The	0	0	_
376	2	U.S.	0	0	_
376	2	,	0	0	_
376	2	Britain	0	0	_
376	2	,	0	0	_
376	2	France	0	0	_
376	2	,	0	0	_
376	2	and	0	0	_
376	2	Canada	0	0	_
376	2	slapped	1	1	_
376	2	quotas	0	0	_
376	2	on	1	0	_
376	2	Bangladeshi	0	0	_
376	2	exports	0	0	Exporting

377	0	by	0	0	_
377	0	Tim	0	0	_
377	0	Uert	0	0	_
377	0	of	0	0	_
377	0	Independent	0	0	_
377	0	Television	0	0	_
377	0	News	0	0	_
377	0	.	0	0	_

377	1	MR-UERT	0	0	_
377	1	:	0	0	_
377	1	The	0	0	_
377	1	KGB	0	0	_
377	1	now	0	0	Temporal_collocation
377	1	goes	1	0	Transition_to_a_quality
377	1	into	1	0	_
377	1	action	1	0	Intentionally_act
377	1	against	1	0	_
377	1	new	0	0	Age
377	1	enemies	0	0	_
377	1	of	0	0	_
377	1	the	0	0	_
377	1	Soviet	0	0	_
377	1	state	0	0	Leadership
377	1	,	0	0	_
377	1	not	0	0	_
377	1	spies	0	0	_
377	1	and	0	0	_
377	1	dissidents	0	0	_
377	1	,	0	0	_
377	1	but	0	0	_
377	1	black	0	0	Color

378	0	we	0	0	_
378	0	're	0	0	_
378	0	talking	0	0	Chatting
378	0	about	1	0	_
378	0	450,000	0	0	_
378	0	U.S.	0	0	_
378	0	troops	0	0	Member_of_military
378	0	in	0	0	Interior_profile_relation
378	0	the	0	0	_
378	0	region	0	0	Locale
378	0	?	0	0	_

378	1	If	0	0	_
378	1	they	0	0	_
378	1	went	1	0	Transition_to_a_quality
378	1	into	1	0	_
378	1	action	0	0	Intentionally_act
378	1	,	0	0	_
378	1	that	1	0	_
378	1	is	0	0	_
378	1	not	0	0	_
378	1	a	0	0	_
378	1	war	0	0	Hostile_encounter
378	1	?	0	0	_

378	2	Sen.	0	0	_
378	2	LUGAR	0	0	_
378	2	:	0	0	_
378	2	That	1	0	_
378	2	would	0	0	_
378	2	be	0	0	_
378	2	a	0	0	_
378	2	war	0	0	Hostile_encounter

379	0	the	0	0	_
379	0	hall	0	0	Buildings
379	0	.	0	0	_

379	1	#	0	0	_
379	1	There	0	0	Existence
379	1	is	0	0	Existence
379	1	a	0	0	_
379	1	HISS	0	0	_
379	1	as	0	0	_
379	1	the	0	0	_
379	1	apartment	0	0	Building_subparts
379	1	's	0	0	_
379	1	hydraulics	0	0	_
379	1	go	1	0	Transition_to_a_quality
379	1	into	1	0	_
379	1	action	1	0	Intentionally_act
379	1	and	0	0	_
379	1	the	0	0	_
379	1	front	0	0	Part_orientational
379	1	door	0	0	Connecting_architecture
379	1	slides	0	0	_
379	1	open	0	0	Openness
379	1	on	0	0	_
379	1	steel	0	0	_
379	1	runners	0	0	_
379	1	to	0	0	_
379	1	reveal	1	0	Evidence
379	1	Mo	0	0	_
379	1	and	0	0	_
379	1	Shades	0	0	_
379	1	standing	0	0	Posture

380	0	TO	1	0	_
380	0	ANNIE	0	0	_
380	0	--	0	0	_
380	0	the	0	0	_
380	0	moment	0	0	Temporal_collocation
380	0	she	0	0	_
380	0	sees	0	0	Perception_experience
380	0	him	0	0	_
380	0	come	1	0	Arriving
380	0	to	1	0	_
380	0	life	0	0	_
380	0	,	0	0	_
380	0	she	0	0	_
380	0	goes	1	0	Transition_to_a_quality
380	0	into	1	0	_
380	0	action	0	0	Intentionally_act
380	0	,	0	0	_
380	0	lifting	0	0	Cause_motion
380	0	PAUL	0	0	_
380	0	in	0	0	_
380	0	a	0	0	_
380	0	fireman	0	0	People_by_vocation
380	0	's	0	0	_
380	0	carry	0	0	Bringing
380	0	,	0	0	_
380	0	starting	0	0	Activity_start
380	0	the	0	0	_
380	0	difficult	0	0	Difficulty
380	0	climb	0	0	Self_motion
380	0	back	0	0	_
380	0	up	0	0	Locative_relation

381	0	,	0	0	_
381	0	who	0	0	_
381	0	balked	0	0	_
381	0	.	0	0	_

381	1	#	0	0	_
381	1	Almost	0	0	_
381	1	immediately	0	0	_
381	1	,	0	0	_
381	1	the	0	0	_
381	1	White	0	0	_
381	1	House	0	0	_
381	1	damage-control	0	0	_
381	1	team	1	0	Aggregate
381	1	went	1	0	Transition_to_a_quality
381	1	into	1	0	_
381	1	action	1	0	Intentionally_act
381	1	.	0	0	_

381	2	A	0	0	_
381	2	top	1	0	_
381	2	Bush	0	0	_
381	2	official	0	0	Leadership
381	2	called	0	0	Contacting
381	2	Paul	0	0	_
381	2	Weyrich	0	0	_
381	2	to	0	0	_
381	2	say	0	0	Statement
381	2	the	0	0	_
381	2	invitations	0	0	Request
381	2	to	1	0	_
381	2	homosexual	0	0	_
381	2	activists	0	0	_

382	0	,	0	0	_
382	0	particularly	0	0	_
382	0	in	0	0	Interior_profile_relation
382	0	Nashville	0	0	_
382	0	.	0	0	_

382	1	I	0	0	_
382	1	'm	0	0	_
382	1	waiting	0	0	Waiting
382	1	for	0	0	_
382	1	the	0	0	_
382	1	right	0	0	Correctness
382	1	moment	0	0	_
382	1	to	0	0	_
382	1	go	1	0	Transition_to_a_quality
382	1	into	1	0	_
382	1	action	0	0	Intentionally_act
382	1	.	0	0	_

382	2	I	0	0	_
382	2	think	0	0	Opinion
382	2	the	0	0	_
382	2	timing	0	0	_
382	2	is	0	0	_
382	2	right	0	0	Correctness
382	2	:	0	0	_
382	2	It	0	0	_
382	2	should	0	0	Desirable_event
382	2	be	0	0	_
382	2	fairly	0	0	_
382	2	soon	0	0	_
382	2	because	0	0	Causation
382	2	I	0	0	_

383	0	,	0	0	_
383	0	you	0	0	_
383	0	walk	0	0	Self_motion
383	0	carefully	0	0	_
383	0	over	0	0	Locative_relation
383	0	broken	0	0	Being_operational
383	0	asphalt	0	0	Substance
383	0	,	0	0	_
383	0	avoid	0	0	Avoiding
383	0	crowds	0	0	Aggregate
383	0	,	0	0	_
383	0	do	0	0	_
383	0	n't	0	0	_
383	0	go	0	0	Motion
383	0	to	0	0	Goal
383	0	action	0	0	Intentionally_act
383	0	movies	0	0	Text
383	0	.	0	0	_

383	1	When	0	0	Temporal_collocation
383	1	someone	0	0	_
383	1	is	0	0	_
383	1	following	0	0	Cotheme
383	1	you	0	0	_
383	1	on	0	0	Spatial_contact
383	1	the	0	0	_
383	1	sidewalk	0	0	Roadways
383	1	,	0	0	_
383	1	you	0	0	_
383	1	'll	0	0	_
383	1	stop	0	0	Halt
383	1	sometimes	0	0	Frequency

384	0	.	0	0	_

384	1	If	0	0	_
384	1	it	0	0	_
384	1	does	0	0	_
384	1	n't	0	0	_
384	1	appear	0	0	Coming_to_be
384	1	right	0	0	_
384	1	away	0	0	_
384	1	,	0	0	_
384	1	try	0	0	Attempt
384	1	resetting	0	0	_
384	1	adb	0	0	_
384	1	by	0	0	Means
384	1	going	1	0	Motion
384	1	to	1	0	_
384	1	Actions	0	0	Intentionally_act
384	1	,	0	0	_
384	1	then	0	0	_
384	1	selecting	0	0	Choosing
384	1	``	0	0	_
384	1	Reset	0	0	_
384	1	adb.	0	0	_
384	1	``	0	0	_

384	2	#	0	0	_
384	2	(	0	0	_
384	2	Credit	0	0	_
384	2	:	0	0	_
384	2	Screenshot	0	0	_
384	2	by	0	0	_
384	2	Ed	0	0	_

385	0	add	1	0	_
385	0	three	0	0	Cardinal_numbers
385	0	stages	1	1	_
385	0	,	0	0	_
385	0	name	0	0	Being_named
385	0	them	0	0	_
385	0	properly	0	0	_
385	0	,	0	0	_
385	0	and	0	0	_
385	0	then	0	0	_
385	0	link	1	0	Make_cognitive_connection
385	0	them	0	0	_
385	0	using	0	0	Using
385	0	Go	0	0	_
385	0	To	0	0	_
385	0	actions	0	0	Intentionally_act
385	0	.	0	0	_

385	1	Stage	0	0	_
385	1	1	0	0	_
385	1	#	0	0	_
385	1	Name	0	0	Being_named
385	1	Stage	0	0	_
385	1	1	0	0	_
385	1	``	0	0	_
385	1	Get	1	0	Getting
385	1	eBay	0	0	_
385	1	Daily	0	0	Frequency
385	1	Deals	0	0	_
385	1	``	0	0	_
385	1	and	0	0	_

386	0	this	1	0	_
386	0	,	0	0	_
386	0	if	0	0	_
386	0	we	0	0	_
386	0	are	0	0	_
386	0	to	0	0	_
386	0	move	1	0	Motion
386	0	beyond	1	0	Locative_relation
386	0	``	0	0	_
386	0	feel	1	0	Feeling
386	0	good	0	0	Desirability
386	0	``	0	0	_
386	0	and	0	0	_
386	0	go	0	0	Motion
386	0	to	1	0	Goal
386	0	action	0	0	Intentionally_act
386	0	,	0	0	_
386	0	someone	0	0	_
386	0	needs	0	0	Required_event
386	0	to	0	0	Required_event
386	0	pick	0	0	_
386	0	up	0	0	_
386	0	the	0	0	_
386	0	ball	0	0	_
386	0	.	0	0	_

386	1	From	1	0	_
386	1	my	0	0	_
386	1	knowledge	0	0	Awareness
386	1	of	0	0	_
386	1	what	0	0	_
386	1	is	0	0	_

387	0	gone	0	0	Transition_to_a_quality
387	0	off	0	0	Successful_action
387	0	.	0	0	_

387	1	Uh-oh	0	0	_
387	1	.	0	0	_

387	2	God	0	0	_
387	2	save	0	0	_
387	2	the	0	0	_
387	2	queen	0	0	Leadership
387	2	.	0	0	_

387	3	All	0	0	Quantified_mass
387	3	units	0	0	_
387	3	,	0	0	_
387	3	go	1	0	Motion
387	3	to	1	0	_
387	3	action	0	0	Intentionally_act
387	3	zebra	0	0	_
387	3	.	0	0	_

387	4	-	0	0	_
387	4	What	0	0	_
387	4	's	0	0	_
387	4	going	1	0	Event
387	4	on	1	0	Event
387	4	?	0	0	_

387	5	-	0	0	_
387	5	Have	0	0	_
387	5	n't	0	0	_
387	5	the	0	0	_
387	5	foggiest	0	0	_
387	5	.	0	0	_

387	6	Someone	0	0	_

388	0	,	0	0	_
388	0	but	0	0	Concessive
388	0	we	0	0	_
388	0	can	0	0	Capability
388	0	stop	1	0	Preventing_or_letting
388	0	the	0	0	_
388	0	blame	0	0	Judgment
388	0	and	0	0	_
388	0	the	0	0	_
388	0	shame	0	0	Experiencer_focus
388	0	and	0	0	_
388	0	we	0	0	_
388	0	can	0	0	Capability
388	0	go	1	0	Motion
388	0	to	1	0	_
388	0	action	0	0	Intentionally_act
388	0	,	0	0	_
388	0	and	0	0	_
388	0	the	0	0	_
388	0	action	0	0	Intentionally_act
388	0	is	0	0	_
388	0	you	0	0	_
388	0	have	0	0	Required_event
388	0	to	0	0	Required_event
388	0	take	1	0	_
388	0	inventory	0	0	_
388	0	in	1	0	_
388	0	your	0	0	_
388	0	life	0	0	_
388	0	,	0	0	_
388	0	how	0	0	_

389	0	Move	0	0	Motion
389	0	in	0	0	_
389	0	on	0	0	_
389	0	Gates	0	0	_
389	0	!	0	0	_

389	1	Divers	0	0	_
389	1	are	0	0	_
389	1	a	0	0	_
389	1	go	1	0	_
389	1	.	0	0	_

389	2	-	0	0	_
389	2	Snipers	0	0	_
389	2	,	0	0	_
389	2	go	1	0	Motion
389	2	to	1	0	_
389	2	action	0	0	Intentionally_act
389	2	zebra	0	0	_
389	2	.	0	0	_

389	3	-	0	0	_
389	3	All	0	0	Quantified_mass
389	3	teams	0	0	Aggregate
389	3	,	0	0	_
389	3	move	1	0	Motion
389	3	in	1	0	_
389	3	.	0	0	_

389	4	Pursue	0	0	Cotheme
389	4	at	1	0	_
389	4	own	0	0	_
389	4	risk	0	0	Risky_situation
389	4	.	0	0	_

389	5	-	0	0	_

390	0	watch	0	0	Perception_active
390	0	his	0	0	_
390	0	movies	0	0	Text
390	0	SCOTT	0	0	_
390	0	Mostly	0	0	_
390	0	,	0	0	_
390	0	probably	0	0	Likelihood
390	0	,	0	0	_
390	0	you	0	0	_
390	0	know	0	0	Awareness
390	0	,	0	0	_
390	0	people	0	0	People
390	0	who	0	0	_
390	0	go	0	0	Motion
390	0	to	0	0	Goal
390	0	action	0	0	_
390	0	movies	0	0	Text
390	0	,	0	0	_
390	0	which	0	0	_
390	0	is	0	0	_
390	0	to	0	0	_
390	0	say	0	0	Statement
390	0	young	0	0	Age
390	0	males	0	0	People
390	0	,	0	0	_
390	0	you	0	0	_
390	0	know	0	0	Awareness
390	0	,	0	0	_
390	0	males	0	0	People
390	0	between	1	0	_
390	0	16	0	0	_

391	0	candy	0	0	Food
391	0	and	0	0	_
391	0	stale	0	0	Biological_urge
391	0	popcorn	0	0	Food
391	0	from	0	0	_
391	0	the	0	0	_
391	0	concrete	0	0	_
391	0	floor	0	0	Architectural_part
391	0	.	0	0	_

391	1	In	1	0	Temporal_collocation
391	1	the	0	0	_
391	1	beginning	0	0	Temporal_subregion
391	1	they	0	0	_
391	1	went	0	0	Transition_to_a_quality
391	1	to	1	0	_
391	1	action	0	0	_
391	1	films	0	0	Text
391	1	,	0	0	_
391	1	but	0	0	_
391	1	after	1	0	Time_vector
391	1	a	0	0	Quantified_mass
391	1	few	0	0	Quantified_mass
391	1	weeks	0	0	Measure_duration
391	1	he	0	0	_
391	1	could	0	0	Possibility
391	1	no	0	0	_
391	1	longer	0	0	Temporal_collocation
391	1	bear	0	0	Experiencer_focus
391	1	to	0	0	_
391	1	watch	0	0	Perception_active
391	1	them	0	0	_

392	0	call	0	0	Referring_by_name
392	0	me	0	0	_
392	0	a	0	0	_
392	0	NAZI	0	0	_
392	0	!	0	0	_
392	0	``	0	0	_

392	1	#	0	0	_
392	1	Because	0	0	Causation
392	1	in	1	0	Interior_profile_relation
392	1	this	1	0	_
392	1	world	1	1	Political_locales
392	1	,	0	0	_
392	1	we	0	0	_
392	1	go	1	0	Activity_ongoing
392	1	on	1	0	_
392	1	action	0	0	Intentionally_act
392	1	,	0	0	_
392	1	on	1	0	_
392	1	words	0	0	_
392	1	,	0	0	_
392	1	on	1	0	_
392	1	deeds	0	0	Intentionally_act
392	1	,	0	0	_
392	1	as	0	0	_
392	1	opposed	0	0	_
392	1	to	1	0	_
392	1	silent	1	1	_
392	1	thoughts	0	0	Cogitation
392	1	that	0	0	_
392	1	are	0	0	_
392	1	written	0	0	Text_creation

393	0	in	1	0	_
393	0	the	0	0	_
393	0	complexity	0	0	_
393	0	of	0	0	_
393	0	thought	0	0	_
393	0	,	0	0	_
393	0	with	1	0	_
393	0	every	0	0	_
393	0	ascertained	0	0	Coming_to_believe
393	0	fact	0	0	_
393	0	so	0	0	_
393	0	gained	1	1	Getting
393	0	,	0	0	_
393	0	went	1	0	Process_continue
393	0	on	1	0	Process_continue
393	0	action	0	0	Intentionally_act
393	0	and	0	0	_
393	0	reaction	1	1	Response
393	0	in	1	0	_
393	0	the	0	0	_
393	0	gray	1	1	_
393	0	matter	0	0	_
393	0	of	0	0	_
393	0	the	0	0	_
393	0	speech	0	0	_
393	0	discoverer	0	0	_
393	0	,	0	0	_
393	0	and	0	0	_
393	0	slowly	0	0	Taking_time
393	0	,	0	0	_
393	0	step	1	0	Intentionally_act

394	0	Cammarato	0	0	_
394	0	and	0	0	_
394	0	Fine	0	0	_
394	0	(	0	0	_
394	0	2008	0	0	_
394	0	)	0	0	_
394	0	,	0	0	_
394	0	for	0	0	_
394	0	example	0	0	Instance
394	0	,	0	0	_
394	0	observed	0	0	Becoming_aware
394	0	that	0	0	_
394	0	YPAR	0	0	_
394	0	goes	1	0	_
394	0	beyond	1	0	_
394	0	actions	0	0	Intentionally_act
394	0	and	0	0	_
394	0	products	0	0	_
394	0	to	0	0	_
394	0	have	0	0	_
394	0	important	0	0	Importance
394	0	implications	0	0	_
394	0	for	0	0	_
394	0	youth	0	0	People_by_age
394	0	development	0	0	Progression
394	0	.	0	0	_

394	1	In	0	0	_
394	1	YPAR	0	0	_
394	1	,	0	0	_
394	1	young	0	0	Age
394	1	people	0	0	People

395	0	for	0	0	_
395	0	a	0	0	_
395	0	pinging	0	0	Sounds
395	0	sound	0	0	Sounds
395	0	,	0	0	_
395	0	and	0	0	_
395	0	then	0	0	_
395	0	name	0	0	Being_named
395	0	the	0	0	_
395	0	property	0	0	Possession
395	0	.	0	0	_

395	1	The	0	0	_
395	1	same	0	0	_
395	1	goes	1	0	_
395	1	for	0	0	_
395	1	actions	0	0	Intentionally_act
395	1	like	0	0	_
395	1	paying	0	0	Commerce_pay
395	1	rent	0	0	_
395	1	or	0	0	_
395	1	trading	0	0	Exchange
395	1	property	0	0	Possession
395	1	with	1	0	_
395	1	another	0	0	Increment
395	1	player	0	0	_
395	1	.	0	0	_

395	2	Other	0	0	Increment
395	2	key	0	0	Importance
395	2	changes	0	0	Undergo_change
395	2	:	0	0	_
395	2	The	0	0	_

396	0	As	0	0	_
396	0	soon	0	0	_
396	0	as	0	0	_
396	0	your	0	0	_
396	0	personal	0	0	_
396	0	lever	0	0	_
396	0	is	0	0	_
396	0	definitely	0	0	Likelihood
396	0	pulled	0	0	Manipulation
396	0	,	0	0	_
396	0	your	0	0	_
396	0	RNG	0	0	_
396	0	is	0	0	_
396	0	going	1	0	_
396	0	towards	1	0	_
396	0	actions	0	0	Intentionally_act
396	0	providing	0	0	Supply
396	0	haphazard	0	0	_
396	0	preventing	0	0	Preventing_or_letting
396	0	tips	1	0	_
396	0	for	0	0	_
396	0	all	0	0	Quantified_mass
396	0	those	1	0	_
396	0	some	0	0	_
396	0	reels	0	0	Cause_to_make_noise
396	0	.	0	0	_

396	1	#	0	0	_
396	1	Your	0	0	_
396	1	RNG	0	0	_
396	1	provides	0	0	Supply
396	1	your	0	0	_

397	0	you	0	0	_
397	0	can	0	0	Capability
397	0	you	0	0	_
397	0	'll	0	0	_
397	0	pass	0	0	Traversing
397	0	with	1	0	_
397	0	flying	1	1	_
397	0	colours	0	0	_
397	0	.	0	0	_

397	1	So	0	0	_
397	1	,	0	0	_
397	1	let	0	0	_
397	1	's	0	0	_
397	1	go	1	0	_
397	1	with	1	0	_
397	1	action	0	0	Intentionally_act
397	1	.	0	0	_

397	2	-	0	0	_
397	2	No	0	0	_
397	2	,	0	0	_
397	2	no	0	0	_
397	2	,	0	0	_
397	2	no	0	0	_
397	2	.	0	0	_

397	3	No	0	0	_
397	3	,	0	0	_
397	3	Miss	0	0	_
397	3	Taylor	0	0	_
397	3	,	0	0	_
397	3	do	0	0	_
397	3	you	0	0	_

398	0	to	1	0	Goal
398	0	Rothman	0	0	_
398	0	.	0	0	_

398	1	At	1	0	_
398	1	each	0	0	_
398	1	he	0	0	_
398	1	spoke	0	0	Statement
398	1	briefly	0	0	_
398	1	,	0	0	_
398	1	announcing	0	0	Statement
398	1	that	0	0	_
398	1	he	0	0	_
398	1	had	0	0	_
398	1	gone	1	0	Motion
398	1	without	1	0	_
398	1	action	0	0	Intentionally_act
398	1	the	0	0	_
398	1	week	0	0	Calendric_unit
398	1	before	1	0	Relative_time
398	1	and	0	0	_
398	1	felt	1	0	Feeling
398	1	terrific	1	1	Desirability
398	1	about	1	0	_
398	1	it	0	0	_
398	1	but	0	0	_
398	1	knew	0	0	Awareness
398	1	he	0	0	_
398	1	still	0	0	Continued_state_of_affairs
398	1	had	1	0	Possession
398	1	a	0	0	_
398	1	long	1	0	Duration_description

399	0	As	0	0	_
399	0	the	0	0	_
399	0	convoy	0	0	Vehicle
399	0	carrying	0	0	Bringing
399	0	Pakistani	0	0	_
399	0	leader	0	0	Leadership
399	0	Pervez	0	0	_
399	0	Musharraf	0	0	_
399	0	approached	0	0	Arriving
399	0	,	0	0	_
399	0	the	0	0	_
399	0	suicide	0	0	_
399	0	drivers	0	0	_
399	0	sped	0	0	Self_motion
399	0	into	1	0	_
399	0	action	0	0	Intentionally_act
399	0	.	0	0	_

399	1	A	0	0	_
399	1	guard	0	0	_
399	1	stepped	0	0	Self_motion
399	1	into	0	0	_
399	1	the	0	0	_
399	1	path	0	0	Roadways
399	1	of	0	0	_
399	1	one	0	0	Cardinal_numbers
399	1	vehicle	0	0	Vehicle
399	1	,	0	0	_
399	1	costing	0	0	Expensiveness
399	1	him	0	0	_
399	1	his	0	0	_
399	1	life	0	0	_

400	0	an	0	0	_
400	0	edge	1	1	_
400	0	when	0	0	Temporal_collocation
400	0	Jeff	0	0	_
400	0	Immelt	0	0	_
400	0	was	0	0	_
400	0	anointed	0	0	Change_of_leadership
400	0	the	0	0	_
400	0	next	1	0	Relative_time
400	0	CEO.	0	0	Leadership
400	0	``	0	0	_

400	1	Roche	0	0	_
400	1	swept	1	1	Self_motion
400	1	into	1	0	_
400	1	action	0	0	Intentionally_act
400	1	!	0	0	_
400	1	``	0	0	_

400	2	Roche	0	0	_
400	2	says	0	0	Statement
400	2	.	0	0	_

400	3	In	1	0	_
400	3	a	0	0	_
400	3	frenzied	0	0	Lively_place
400	3	two-day	0	0	_
400	3	period	0	0	Frequency
400	3	,	0	0	_
400	3	he	0	0	_
400	3	placed	1	1	Placing
400	3	GE	0	0	_
400	3	's	0	0	_

401	0	things	1	0	Entity
401	0	?	0	0	_

401	1	I	0	0	_
401	1	may	0	0	Likelihood
401	1	have	0	0	_
401	1	said	0	0	Statement
401	1	that	1	0	_
401	1	if	0	0	_
401	1	that	1	0	_
401	1	's	0	0	_
401	1	what	0	0	_
401	1	she	0	0	_
401	1	was	0	0	_
401	1	going	0	0	_
401	1	to	0	0	_
401	1	doI	0	0	Intentionally_act
401	1	did	0	0	_
401	1	n't	0	0	_
401	1	care	0	0	Experiencer_focus
401	1	if	0	0	_
401	1	she	0	0	_
401	1	lived	0	0	Residence
401	1	or	0	0	_
401	1	died	0	0	Death
401	1	.	0	0	_

401	2	Oh	0	0	_
401	2	man	0	0	People
401	2	.	0	0	_

401	3	I	0	0	_
401	3	did	0	0	_
401	3	n't	0	0	_

402	0	I	0	0	_
402	0	have	0	0	Required_event
402	0	to	0	0	Required_event
402	0	do	0	0	Intentionally_act
402	0	,	0	0	_
402	0	then	0	0	_
402	0	that	1	0	_
402	0	?	0	0	_

402	1	s	0	0	_
402	1	what	0	0	_
402	1	I	0	0	_
402	1	?	0	0	_

402	2	m	0	0	_
402	2	going	0	0	_
402	2	to	0	0	_
402	2	do	0	0	Intentionally_act
402	2	.	0	0	_
402	2	?	0	0	_

402	3	#	0	0	_
402	3	Some	0	0	Proportional_quantity
402	3	people	0	0	People
402	3	are	0	0	_
402	3	torn	1	1	_
402	3	about	1	0	_
402	3	how	0	0	_
402	3	they	0	0	_
402	3	?	0	0	_

402	4	re	0	0	_
402	4	going	0	0	_
402	4	to	0	0	_
402	4	get	0	0	Transition_to_state
402	4	uptown	0	0	_

403	0	right	0	0	Correctness
403	0	.	0	0	_

403	1	Just	0	0	_
403	1	to	0	0	_
403	1	make	1	0	Verification
403	1	sure	0	0	Verification
403	1	that	0	0	_
403	1	everyone	0	0	_
403	1	sticks	0	0	_
403	1	around	0	0	_
403	1	,	0	0	_
403	1	heres	0	0	_
403	1	what	0	0	_
403	1	Im	0	0	_
403	1	going	0	0	_
403	1	to	0	0	_
403	1	do	0	0	Intentionally_act
403	1	.	0	0	_

403	2	Because	0	0	Causation
403	2	this	1	0	_
403	2	does	0	0	_
403	2	get	0	0	Transition_to_state
403	2	pretty	0	0	_
403	2	technical	0	0	_
403	2	.	0	0	_

403	3	So	0	0	_
403	3	Im	0	0	_
403	3	going	0	0	_
403	3	to	0	0	_
403	3	keep	0	0	Activity_ongoing
403	3	trying	0	0	Attempt
403	3	to	0	0	_
403	3	intersperse	0	0	_
403	3	into	1	0	_

404	0	the	0	0	_
404	0	baby	0	0	People_by_age
404	0	home	0	0	Buildings
404	0	to	0	0	_
404	0	live	0	0	Residence
404	0	in	0	0	Interior_profile_relation
404	0	a	0	0	_
404	0	vacuum-sealed	0	0	_
404	0	chamber	0	0	Building_subparts
404	0	or	0	0	_
404	0	whatever	0	0	_
404	0	they	0	0	_
404	0	are	0	0	_
404	0	going	0	0	_
404	0	to	0	0	_
404	0	do	0	0	Intentionally_act
404	0	.	0	0	_

404	1	CARLSON	0	0	_
404	1	:	0	0	_
404	1	There	0	0	Existence
404	1	's	0	0	Existence
404	1	no	0	0	Quantified_mass
404	1	placenta	0	0	_
404	1	eating	0	0	Ingestion
404	1	--	0	0	_
404	1	GEIST	0	0	_
404	1	:	0	0	_
404	1	Right	0	0	Correctness
404	1	,	0	0	_
404	1	the	0	0	_
404	1	end	1	0	Process_end
404	1	of	0	0	_

405	0	know	0	0	Awareness
405	0	,	0	0	_
405	0	and	0	0	_
405	0	we	0	0	_
405	0	quite	0	0	_
405	0	like	0	0	Experiencer_focus
405	0	the	0	0	_
405	0	fact	0	0	_
405	0	we	0	0	_
405	0	never	0	0	Frequency
405	0	know	0	0	Awareness
405	0	what	0	0	_
405	0	shes	0	0	_
405	0	going	0	0	_
405	0	to	0	0	_
405	0	do	0	0	Intentionally_act
405	0	.	0	0	_

405	1	COWELL	0	0	_
405	1	:	0	0	_
405	1	I	0	0	_
405	1	agree	0	0	Agree_or_refuse_to_act
405	1	.	0	0	_

405	2	I	0	0	_
405	2	love	0	0	Experiencer_focus
405	2	it	0	0	_
405	2	WARWICK	0	0	_
405	2	You	0	0	_
405	2	know	0	0	Awareness
405	2	,	0	0	_
405	2	its	0	0	_
405	2	great	1	0	Desirability
405	2	COWELL	0	0	_
405	2	I	0	0	_

406	0	have	0	0	_
406	0	been	0	0	_
406	0	helping	0	0	Assistance
406	0	us	0	0	_
406	0	through	1	0	_
406	0	this	1	0	_
406	0	breaking	1	0	_
406	0	news	0	0	_
406	0	coverage	0	0	_
406	0	.	0	0	_

406	1	Heres	0	0	_
406	1	what	0	0	_
406	1	we	0	0	_
406	1	are	0	0	_
406	1	going	0	0	_
406	1	to	0	0	_
406	1	do	0	0	Intentionally_act
406	1	.	0	0	_

406	2	We	0	0	_
406	2	are	0	0	_
406	2	going	0	0	_
406	2	to	0	0	_
406	2	follow	1	0	Cotheme
406	2	this	1	0	_
406	2	story	0	0	_
406	2	.	0	0	_

406	3	Our	0	0	_
406	3	reporting	0	0	_
406	3	team	0	0	Aggregate
406	3	is	0	0	_
406	3	on	1	0	_
406	3	the	0	0	_
406	3	story	0	0	_
406	3	.	0	0	_

406	4	They	0	0	_

407	0	,	0	0	_
407	0	I	0	0	_
407	0	mean	0	0	_
407	0	its	0	0	_
407	0	hard	1	0	Difficulty
407	0	to	0	0	_
407	0	see	1	0	Grasp
407	0	what	0	0	_
407	0	the	0	0	_
407	0	state	0	0	Political_locales
407	0	of	0	0	_
407	0	Alabama	0	0	_
407	0	is	0	0	_
407	0	going	0	0	_
407	0	to	0	0	_
407	0	do	1	0	Intentionally_act
407	0	.	0	0	_

407	1	You	0	0	_
407	1	know	0	0	Awareness
407	1	you	0	0	_
407	1	hate	0	0	Experiencer_focus
407	1	to	0	0	_
407	1	...	0	0	_
407	1	(	0	0	_
407	1	CROSSTALK	0	0	_
407	1	)	0	0	_
407	1	CARLSON	0	0	_
407	1	:	0	0	_
407	1	...	0	0	_
407	1	laugh	0	0	Make_noise
407	1	at	1	0	_
407	1	something	0	0	_

408	0	pick	0	0	Choosing
408	0	your	0	0	_
408	0	opponent	0	0	Taking_sides
408	0	and	0	0	_
408	0	you	0	0	_
408	0	ca	0	0	_
408	0	n't	0	0	_
408	0	choose	0	0	Choosing
408	0	what	0	0	_
408	0	the	0	0	_
408	0	other	0	0	Increment
408	0	side	1	1	Taking_sides
408	0	is	0	0	_
408	0	going	0	0	_
408	0	to	0	0	_
408	0	do	0	0	Intentionally_act
408	0	.	0	0	_

408	1	But	0	0	_
408	1	I	0	0	_
408	1	think	0	0	Opinion
408	1	the	0	0	_
408	1	people	0	0	People
408	1	in	0	0	_
408	1	Nebraska	0	0	_
408	1	are	0	0	_
408	1	looking	1	0	Seeking_to_achieve
408	1	for	0	0	_
408	1	somebody	0	0	_
408	1	who	0	0	_
408	1	will	0	0	_
408	1	support	1	0	Taking_sides
408	1	the	0	0	_

409	0	Bush	0	0	_
409	0	is	0	0	_
409	0	going	0	0	_
409	0	to	0	0	_
409	0	do	0	0	Intentionally_act
409	0	by	0	0	_
409	0	listening	0	0	Perception_active
409	0	to	1	0	_
409	0	what	0	0	_
409	0	he	0	0	_
409	0	says	0	0	Statement
409	0	he	0	0	_
409	0	is	0	0	_
409	0	going	0	0	_
409	0	to	0	0	_
409	0	do	0	0	Intentionally_act
409	0	.	0	0	_

409	1	And	0	0	_
409	1	a	0	0	Quantified_mass
409	1	lot	1	0	Quantified_mass
409	1	of	0	0	_
409	1	people	0	0	People
409	1	in	0	0	Interior_profile_relation
409	1	this	1	0	_
409	1	town	0	0	Political_locales
409	1	cant	0	0	_
409	1	believe	0	0	Awareness
409	1	he	0	0	_
409	1	is	0	0	_
409	1	actually	0	0	_
409	1	going	0	0	_
409	1	to	0	0	_

410	0	limits	1	0	_
410	0	,	0	0	_
410	0	saying	0	0	Statement
410	0	too	0	0	Sufficiency
410	0	much	0	0	Proportional_quantity
410	0	of	0	0	_
410	0	the	0	0	_
410	0	incentive	0	0	_
410	0	program	0	0	Project
410	0	is	0	0	_
410	0	flowing	1	1	Fluidic_motion
410	0	out-of-state	0	0	Locative_relation
410	0	and	0	0	_
410	0	going	1	0	_
410	0	to	1	0	_
410	0	actors	0	0	Performers_and_roles
410	0	.	0	0	_

410	1	#	0	0	_
410	1	The	0	0	_
410	1	Massachusetts	0	0	_
410	1	Production	0	0	Manufacturing
410	1	Coalition	0	0	_
410	1	complains	1	1	Statement
410	1	the	0	0	_
410	1	proposal	0	0	_
410	1	would	0	0	_
410	1	``	0	0	_
410	1	cripple	1	1	_
410	1	``	0	0	_
410	1	the	0	0	_
410	1	local	0	0	Political_locales

411	0	see	1	0	Perception_experience
411	0	the	0	0	_
411	0	acting	0	0	Performers_and_roles
411	0	in	1	0	_
411	0	the	0	0	_
411	0	performance	0	0	Performers_and_roles
411	0	.	0	0	_

411	1	It	0	0	_
411	1	's	0	0	_
411	1	--	0	0	_
411	1	sometimes	0	0	Frequency
411	1	the	0	0	_
411	1	words	0	0	Simple_name
411	1	go	1	0	Motion
411	1	to	1	0	_
411	1	actors	0	0	Performers_and_roles
411	1	where	0	0	Locative_relation
411	1	you	0	0	_
411	1	can	0	0	Possibility
411	1	see	1	0	Perception_experience
411	1	the	0	0	_
411	1	acting	0	0	Performers_and_roles
411	1	.	0	0	_

411	2	And	0	0	_
411	2	Cate	0	0	_
411	2	Blanchett	0	0	_
411	2	has	0	0	_
411	2	had	1	0	_
411	2	it	0	0	_
411	2	locked	1	1	Storing
411	2	up	1	0	_

412	0	also	0	0	_
412	0	auditioned	0	0	Education_teaching
412	0	to	0	0	_
412	0	play	0	0	Performers_and_roles
412	0	the	0	0	_
412	0	role	0	0	Performers_and_roles
412	0	of	0	0	_
412	0	Brad	0	0	_
412	0	,	0	0	_
412	0	a	0	0	_
412	0	part	0	0	Performers_and_roles
412	0	that	0	0	_
412	0	eventually	0	0	Time_vector
412	0	went	1	0	_
412	0	to	1	0	_
412	0	actor	0	0	People_by_vocation
412	0	Barry	0	0	_
412	0	Boswick	0	0	_
412	0	.	0	0	_

412	1	The	0	0	_
412	1	actor	0	0	People_by_vocation
412	1	the	0	0	_
412	1	crew	0	0	Aggregate
412	1	really	0	0	_
412	1	wanted	0	0	Desiring
412	1	to	0	0	_
412	1	appear	0	0	Performers_and_roles
412	1	in	1	0	_
412	1	the	0	0	_
412	1	film	0	0	_
412	1	was	0	0	_

413	0	,	0	0	_
413	0	scheduling	0	0	_
413	0	conflicts	0	0	Hostile_encounter
413	0	prevented	0	0	Preventing_or_letting
413	0	him	0	0	_
413	0	from	1	0	_
413	0	accepting	0	0	Receiving
413	0	and	0	0	_
413	0	the	0	0	_
413	0	role	0	0	Performers_and_roles
413	0	of	0	0	_
413	0	the	0	0	_
413	0	narrator	0	0	_
413	0	went	1	0	_
413	0	to	1	0	_
413	0	actor	0	0	People_by_vocation
413	0	Charles	0	0	_
413	0	Gray	0	0	_
413	0	.	0	0	_

413	1	2	0	0	_
413	1	.	0	0	_

413	2	Meatloaf	0	0	_
413	2	walked	0	0	Self_motion
413	2	out	0	0	_
413	2	of	0	0	_
413	2	the	0	0	_
413	2	American	0	0	Origin
413	2	stage	0	0	_
413	2	production	0	0	Manufacturing
413	2	when	0	0	_

414	0	had	0	0	Possession
414	0	a	0	0	_
414	0	manual	0	0	Text
414	0	that	0	0	_
414	0	told	1	0	Telling
414	0	us	0	0	_
414	0	what	0	0	_
414	0	directors	0	0	_
414	0	should	0	0	Desirable_event
414	0	do	0	0	Intentionally_act
414	0	,	0	0	_
414	0	we	0	0	_
414	0	could	0	0	Capability
414	0	go	0	0	Motion
414	0	to	0	0	_
414	0	Actors	0	0	People_by_vocation
414	0	'	0	0	_
414	0	Equity	0	0	_
414	0	and	0	0	_
414	0	hire	0	0	Hiring
414	0	six	0	0	Cardinal_numbers
414	0	or	0	0	_
414	0	eight	0	0	Cardinal_numbers
414	0	very	0	0	_
414	0	attractive	0	0	Stimulus_focus
414	0	people	0	0	People
414	0	,	0	0	_
414	0	take	0	0	Bringing
414	0	them	0	0	_
414	0	to	0	0	Goal
414	0	Brooks	0	0	_

415	0	as	0	0	_
415	0	a	0	0	_
415	0	minor	0	0	_
415	0	character	0	0	_
415	0	,	0	0	_
415	0	auditioned	0	0	Education_teaching
415	0	to	0	0	_
415	0	play	0	0	Performers_and_roles
415	0	himself	0	0	_
415	0	,	0	0	_
415	0	but	0	0	_
415	0	the	0	0	_
415	0	role	0	0	Performers_and_roles
415	0	went	1	0	_
415	0	to	1	0	_
415	0	actor	0	0	People_by_vocation
415	0	William	0	0	_
415	0	Fichtner	0	0	_
415	0	.	0	0	_

415	1	Photograph	0	0	_
415	1	``	0	0	_
415	1	We	0	0	_
415	1	should	0	0	Desirable_event
415	1	try	0	0	Attempt
415	1	to	0	0	_
415	1	touch	1	1	_
415	1	the	0	0	_
415	1	universe	0	0	_
415	1	,	0	0	_
415	1	``	0	0	_
415	1	says	0	0	Statement

416	0	mind	0	0	_
416	0	frame	1	1	_
416	0	that	0	0	_
416	0	they	0	0	_
416	0	could	0	0	Capability
416	0	,	0	0	_
416	0	and	0	0	_
416	0	would	0	0	_
416	0	,	0	0	_
416	0	and	0	0	_
416	0	actually	0	0	_
416	0	did	0	0	_
416	0	,	0	0	_
416	0	go	1	0	Motion
416	0	for	0	0	_
416	0	actors	0	0	People_by_vocation
416	0	and	0	0	_
416	0	actresses	0	0	_
416	0	with	1	0	_
416	0	such	0	0	_
416	0	diverse	0	0	Diversity
416	0	,	0	0	_
416	0	pedigreed	0	0	_
416	0	,	0	0	_
416	0	and	0	0	_
416	0	respected	0	0	Judgment
416	0	bodies	1	1	Aggregate
416	0	of	0	0	_
416	0	work	0	0	Work
416	0	.	0	0	_

416	1	Plummer	0	0	_

417	0	rug	0	0	_
417	0	with	0	0	_
417	0	nose	0	0	Body_parts
417	0	.	0	0	_

417	1	Walk	0	0	Self_motion
417	1	on	0	0	Spatial_contact
417	1	hind	0	0	_
417	1	legs	0	0	Body_parts
417	1	.	0	0	_

417	2	Look	0	0	Perception_active
417	2	at	0	0	_
417	2	actor	0	0	People_by_vocation
417	2	.	0	0	_

417	3	Go	0	0	Motion
417	3	with	0	0	_
417	3	actor	0	0	People_by_vocation
417	3	.	0	0	_

417	4	STAMBERG	0	0	_
417	4	:	0	0	_
417	4	That	1	0	_
417	4	story	0	0	_
417	4	was	0	0	_
417	4	produced	1	1	Manufacturing
417	4	by	0	0	_
417	4	Daniel	0	0	_
417	4	Hinerfeld	0	0	_
417	4	.	0	0	_

417	5	To	0	0	_
417	5	see	0	0	Perception_experience
417	5	the	0	0	_
417	5	lovely	0	0	Stimulus_focus

418	0	the	0	0	_
418	0	upper	0	0	_
418	0	atmosphere	0	0	_
418	0	are	0	0	_
418	0	represented	0	0	_
418	0	by	0	0	_
418	0	rock	0	0	_
418	0	singer	0	0	People_by_vocation
418	0	Joan	0	0	_
418	0	Jett	0	0	_
418	0	,	0	0	_
418	0	and	0	0	_
418	0	wind	0	0	_
418	0	speeds	0	0	_
418	0	by	0	0	_
418	0	actor	0	0	People_by_vocation
418	0	Don	0	0	_
418	0	Knotts	0	0	_
418	0	.	0	0	_

418	1	Smaller	0	0	Size
418	1	scales	0	0	_
418	1	of	0	0	_
418	1	atmospheric	0	0	_
418	1	circulation	0	0	_
418	1	are	0	0	_
418	1	addressed	0	0	Topic
418	1	in	1	0	_
418	1	the	0	0	_
418	1	surname	0	0	_
418	1	of	0	0	_
418	1	Mary	0	0	_

419	0	Obama	0	0	_
419	0	:	0	0	_
419	0	'	0	0	_
419	0	When	0	0	Temporal_collocation
419	0	Congress	0	0	_
419	0	Refuses	0	0	Commitment
419	0	to	0	0	_
419	0	Act	0	0	Intentionally_act
419	0	,	0	0	_
419	0	Joe	0	0	_
419	0	and	0	0	_
419	0	I	0	0	_
419	0	Are	0	0	_
419	0	Going	0	0	_
419	0	to	0	0	_
419	0	Act	0	0	Intentionally_act
419	0	'	0	0	_
419	0	#	0	0	_
419	0	President	0	0	Leadership
419	0	Barack	0	0	_
419	0	Obama	0	0	_
419	0	,	0	0	_
419	0	accompanied	0	0	Cotheme
419	0	by	0	0	_
419	0	Vice	0	0	_
419	0	President	0	0	Leadership
419	0	Joe	0	0	_
419	0	Biden	0	0	_
419	0	,	0	0	_
419	0	speaks	0	0	Statement
419	0	in	0	0	_

420	0	.	0	0	_

420	1	Nature	0	0	_
420	1	abhors	1	1	Experiencer_focus
420	1	a	0	0	_
420	1	vacuum	1	1	_
420	1	.	0	0	_

420	2	#	0	0	_
420	2	If	0	0	_
420	2	You	0	0	_
420	2	Think	0	0	Awareness
420	2	Elizabeth	0	0	_
420	2	Warren	0	0	_
420	2	Is	0	0	_
420	2	Going	0	0	_
420	2	To	0	0	_
420	2	Act	0	0	Intentionally_act
420	2	Like	0	0	_
420	2	A	0	0	_
420	2	Junior	0	0	_
420	2	Senator	0	0	Leadership
420	2	,	0	0	_
420	2	Think	0	0	Cogitation
420	2	Again	0	0	_
420	2	Neil	0	0	_
420	2	Barofsky	0	0	_
420	2	,	0	0	_
420	2	Clusterstock	0	0	_
420	2	.	0	0	_

420	3	I	0	0	_
420	3	'm	0	0	_
420	3	sure	0	0	Certainty

421	0	?	0	0	_

421	1	-	0	0	_
421	1	Yeah	0	0	_
421	1	.	0	0	_

421	2	I	0	0	_
421	2	'm	0	0	_
421	2	not	0	0	_
421	2	sorry	0	0	Experiencer_focus
421	2	I	0	0	_
421	2	woke	0	0	Cause_to_wake
421	2	you	0	0	_
421	2	.	0	0	_

421	3	I	0	0	_
421	3	went	0	0	Motion
421	3	to	0	0	Goal
421	3	Act	0	0	_
421	3	Bar	0	0	Buildings
421	3	tonight	0	0	Calendric_unit
421	3	.	0	0	_

421	4	-	0	0	_
421	4	You	0	0	_
421	4	did	0	0	Intentionally_act
421	4	?	0	0	_

421	5	-	0	0	_
421	5	Yeah	0	0	_
421	5	.	0	0	_

421	6	They	0	0	_
421	6	had	1	0	Possession
421	6	some	0	0	Proportional_quantity
421	6	wonderfully	0	0	_
421	6	loud	0	0	_

422	0	.	0	0	_

422	1	Are	0	0	_
422	1	We	0	0	_
422	1	Clear	1	1	_
422	1	?	0	0	_

422	2	Yes	0	0	_
422	2	,	0	0	_
422	2	Sir	0	0	_
422	2	.	0	0	_

422	3	Good	0	0	Desirability
422	3	.	0	0	_

422	4	We	0	0	_
422	4	Are	0	0	_
422	4	Going	0	0	_
422	4	To	0	0	_
422	4	Act	0	0	Intentionally_act
422	4	As	0	0	_
422	4	If	0	0	_
422	4	Everything	0	0	_
422	4	Is	0	0	_
422	4	Absolutely	0	0	_
422	4	Perfect	0	0	Desirability
422	4	,	0	0	_
422	4	While	0	0	_
422	4	Praying	0	0	Rite
422	4	That	0	0	_
422	4	It	0	0	_
422	4	Actually	0	0	_
422	4	Will	0	0	_
422	4	Be	0	0	_
422	4	.	0	0	_

423	0	did	0	0	_
423	0	you	0	0	_
423	0	first	0	0	First_experience
423	0	learn	0	0	Coming_to_believe
423	0	about	1	0	_
423	0	AIDS	0	0	_
423	0	?	0	0	_

423	1	SYLVANO	0	0	_
423	1	:	0	0	_
423	1	When	0	0	Temporal_collocation
423	1	my	0	0	_
423	1	mom	0	0	Kinship
423	1	started	0	0	Activity_start
423	1	going	0	0	Motion
423	1	to	0	0	_
423	1	Act	0	0	_
423	1	Up	0	0	_
423	1	meetings	0	0	Discussion
423	1	and	0	0	_
423	1	Test	0	0	Operational_testing
423	1	Positive	0	0	_
423	1	Aware	0	0	Awareness
423	1	Network	0	0	Network
423	1	,	0	0	_
423	1	I	0	0	_
423	1	would	0	0	_
423	1	go	0	0	Motion
423	1	with	0	0	Accompaniment
423	1	her	0	0	_
423	1	and	0	0	_
423	1	I	0	0	_

424	0	high	0	0	Locale_by_use
424	0	school	0	0	Locale_by_use
424	0	in	1	0	Temporal_collocation
424	0	this	1	0	_
424	0	era	0	0	Calendric_unit
424	0	,	0	0	_
424	0	and	0	0	_
424	0	the	0	0	_
424	0	kids	0	0	People_by_age
424	0	who	0	0	_
424	0	were	0	0	_
424	0	this	1	0	_
424	0	far	1	0	_
424	0	gone	1	0	_
424	0	into	1	0	_
424	0	acts	0	0	Intentionally_act
424	0	of	0	0	_
424	0	rebellion	0	0	Change_of_leadership
424	0	were	0	0	_
424	0	very	0	0	Degree
424	0	notably	0	0	_
424	0	on	1	0	Spatial_contact
424	0	the	0	0	_
424	0	fringe	1	1	Part_inner_outer
424	0	.	0	0	_

424	1	Most	0	0	_
424	1	of	0	0	Partitive
424	1	us	0	0	_
424	1	,	0	0	_
424	1	as	0	0	_
424	1	I	0	0	_

425	0	Okay	0	0	_
425	0	,	0	0	_
425	0	you	0	0	_
425	0	guys	0	0	_
425	0	,	0	0	_
425	0	um	0	0	_
425	0	--	0	0	_
425	0	Well	0	0	_
425	0	,	0	0	_
425	0	we	0	0	_
425	0	're	0	0	_
425	0	gon	0	0	_
425	0	na	0	0	_
425	0	go	1	0	Motion
425	0	into	1	0	_
425	0	Act	0	0	_
425	0	III	0	0	_
425	0	tomorrow	0	0	Calendric_unit
425	0	,	0	0	_
425	0	where	1	0	Locative_relation
425	0	we	0	0	_
425	0	are	0	0	_
425	0	introduced	1	1	_
425	0	to	1	0	_
425	0	...	0	0	_
425	0	the	0	0	_
425	0	family	0	0	Kinship
425	0	history	0	0	Individual_history
425	0	.	0	0	_

425	1	And	0	0	_
425	1	you	0	0	_

426	0	do	0	0	Intentionally_act
426	0	some	0	0	Proportional_quantity
426	0	interstitial	0	0	_
426	0	stuff	1	0	_
426	0	,	0	0	_
426	0	you	0	0	_
426	0	know	0	0	Awareness
426	0	?	0	0	_

426	1	Wan	0	0	_
426	1	na	0	0	_
426	1	keep	1	0	Activity_ongoing
426	1	the	0	0	_
426	1	vibe	1	1	Sensation
426	1	going	1	0	Process_continue
426	1	between	1	0	_
426	1	acts	0	0	_
426	1	.	0	0	_

426	2	Like	0	0	_
426	2	if	0	0	_
426	2	there	0	0	Existence
426	2	's	0	0	Existence
426	2	a	0	0	_
426	2	sad	1	0	Stimulus_focus
426	2	moment	0	0	_
426	2	,	0	0	_
426	2	I	0	0	_
426	2	could	0	0	Capability
426	2	play	0	0	Performers_and_roles
426	2	...	0	0	_
426	2	(	0	0	_
426	2	Humsmelancholytune	0	0	_

427	0	move	0	0	_
427	0	to	0	0	_
427	0	leave	1	0	Departing
427	0	the	0	0	_
427	0	stage	0	0	_
427	0	for	0	0	_
427	0	CAZ	0	0	_
427	0	and	0	0	_
427	0	BILLIBUDD	0	0	_
427	0	to	0	0	_
427	0	keep	1	0	Activity_ongoing
427	0	the	0	0	_
427	0	disco	0	0	_
427	0	going	1	0	Process_continue
427	0	between	1	0	_
427	0	acts	0	0	Aggregate
427	0	.	0	0	_

427	1	The	0	0	_
427	1	stage	0	0	_
427	1	is	0	0	_
427	1	stacked	1	1	Abounding_with
427	1	with	0	0	_
427	1	large	0	0	Size
427	1	,	0	0	_
427	1	heavy	0	0	_
427	1	speakers	0	0	_
427	1	.	0	0	_

427	2	Drum	0	0	_
427	2	kits	0	0	_
427	2	and	0	0	_
427	2	electrical	0	0	Electricity

428	0	,	0	0	_
428	0	and	0	0	_
428	0	ought	0	0	Required_event
428	0	to	0	0	_
428	0	be	0	0	_
428	0	,	0	0	_
428	0	something	0	0	_
428	0	immoderate	0	0	_
428	0	and	0	0	_
428	0	crazy	1	1	_
428	0	about	1	0	_
428	0	painting	0	0	_
428	0	that	0	0	_
428	0	goes	1	0	_
428	0	beyond	1	0	_
428	0	acts	0	0	Intentionally_act
428	0	of	0	0	_
428	0	taste	0	0	Sensation
428	0	and	0	0	_
428	0	comparison	0	0	Evaluative_comparison
428	0	.	0	0	_

428	1	Hodgkin	0	0	_
428	1	's	0	0	_
428	1	failures	0	0	Success_or_failure
428	1	may	0	0	Likelihood
428	1	be	0	0	_
428	1	the	0	0	_
428	1	outcome	0	0	Causation
428	1	of	0	0	_
428	1	too	0	0	_
428	1	much	0	0	_

429	0	property	0	0	Possession
429	0	.	0	0	_

429	1	The	0	0	_
429	1	second	0	0	Ordinal_numbers
429	1	reason	0	0	Reason
429	1	is	0	0	_
429	1	to	0	0	_
429	1	begin	0	0	Activity_start
429	1	to	0	0	_
429	1	build	1	0	Building
429	1	the	0	0	_
429	1	case	0	0	Reasoning
429	1	for	0	0	_
429	1	going	1	0	Motion
429	1	beyond	1	0	_
429	1	Acts	0	0	_
429	1	theories	0	0	_
429	1	to	1	0	_
429	1	the	0	0	_
429	1	Practice	0	0	_
429	1	theory	0	0	_
429	1	,	0	0	_
429	1	which	0	0	_
429	1	asserts	1	1	Statement
429	1	that	0	0	_
429	1	there	0	0	Existence
429	1	must	0	0	Required_event
429	1	be	0	0	Existence
429	1	within	1	0	_
429	1	classical	0	0	_
429	1	liberalism	0	0	_

430	0	jail	0	0	Prison
430	0	cell	0	0	Building_subparts
430	0	.	0	0	_

430	1	At	1	0	_
430	1	the	0	0	_
430	1	point	1	0	_
430	1	in	1	0	_
430	1	the	0	0	_
430	1	recounting	0	0	Statement
430	1	where	1	0	Locative_relation
430	1	the	0	0	_
430	1	play	0	0	Fields
430	1	had	0	0	_
430	1	gone	1	0	Motion
430	1	from	1	0	_
430	1	act	0	0	Part_ordered_segments
430	1	I	0	0	_
430	1	to	1	0	_
430	1	act	0	0	Part_ordered_segments
430	1	II	0	0	_
430	1	,	0	0	_
430	1	he	0	0	_
430	1	shouts	0	0	Make_noise
430	1	``	0	0	_
430	1	Intermission	0	0	_
430	1	!	0	0	_

430	2	``	0	0	_
430	2	,	0	0	_
430	2	the	0	0	_
430	2	stage	0	0	_
430	2	lights	0	0	_

431	0	this	1	0	_
431	0	is	0	0	_
431	0	why	0	0	Reason
431	0	I	0	0	_
431	0	was	0	0	_
431	0	so	0	0	Degree
431	0	disappointed	0	0	Emotion_directed
431	0	in	1	0	_
431	0	the	0	0	_
431	0	direction	1	1	_
431	0	that	0	0	_
431	0	the	0	0	_
431	0	story	1	0	_
431	0	goes	1	0	Transition_to_a_quality
431	0	in	1	0	_
431	0	Act	0	0	_
431	0	2	0	0	_
431	0	.	0	0	_

431	1	I	0	0	_
431	1	do	0	0	_
431	1	n't	0	0	_
431	1	want	0	0	Desiring
431	1	to	0	0	_
431	1	full	1	1	_
431	1	on	1	0	_
431	1	spoil	0	0	_
431	1	the	0	0	_
431	1	story	0	0	_
431	1	for	0	0	_
431	1	those	1	0	_
431	1	who	0	0	_

432	0	your	0	0	_
432	0	statement	0	0	Statement
432	0	that	0	0	_
432	0	a	0	0	_
432	0	forgiven	0	0	_
432	0	Catholic	0	0	People_by_religion
432	0	is	0	0	_
432	0	better	0	0	Desirability
432	0	than	0	0	_
432	0	a	0	0	_
432	0	forgiven	0	0	_
432	0	Mormon	0	0	People_by_religion
432	0	directly	1	1	_
432	0	goes	1	0	_
432	0	against	1	0	Taking_sides
432	0	Acts	0	0	_
432	0	10:34-35	0	0	_
432	0	which	0	0	_
432	0	states	1	0	Statement
432	0	that	0	0	_
432	0	``	0	0	_
432	0	God	0	0	_
432	0	is	0	0	_
432	0	no	0	0	_
432	0	respecter	0	0	_
432	0	of	0	0	_
432	0	persons.	0	0	People
432	0	``	0	0	_

432	1	So	0	0	_
432	1	a	0	0	_

433	0	the	0	0	_
433	0	Master	0	0	_
433	0	stuff	1	1	_
433	0	.	0	0	_

433	1	Let	0	0	_
433	1	's	0	0	_
433	1	do	0	0	Intentionally_act
433	1	an	0	0	_
433	1	evangelism	0	0	_
433	1	class	0	0	_
433	1	.	0	0	_

433	2	Let	0	0	_
433	2	's	0	0	_
433	2	go	0	0	Motion
433	2	through	1	0	_
433	2	Acts	0	0	Intentionally_act
433	2	together	0	0	Collaboration
433	2	.	0	0	_

433	3	Let	0	0	_
433	3	's	0	0	_
433	3	look	1	0	Perception_active
433	3	at	1	0	_
433	3	evangelism	0	0	_
433	3	in	1	0	Interior_profile_relation
433	3	the	0	0	_
433	3	Book	0	0	Part_ordered_segments
433	3	of	0	0	_
433	3	Acts	0	0	_
433	3	.	0	0	_

433	4	Let	0	0	_
433	4	's	0	0	_

434	0	appropriate	0	0	Suitability
434	0	.	0	0	_

434	1	So	0	0	_
434	1	,	0	0	_
434	1	what	0	0	_
434	1	I	0	0	_
434	1	know	0	0	Awareness
434	1	at	1	0	_
434	1	this	1	0	_
434	1	time	0	0	_
434	1	is	0	0	_
434	1	the	0	0	_
434	1	information	0	0	Information
434	1	we	0	0	_
434	1	're	0	0	_
434	1	going	1	0	_
434	1	to	1	0	_
434	1	time	0	0	_
434	1	.	0	0	_

434	2	As	0	0	_
434	2	we	0	0	_
434	2	receive	0	0	Receiving
434	2	additional	0	0	Increment
434	2	information	0	0	Information
434	2	,	0	0	_
434	2	we	0	0	_
434	2	will	0	0	_
434	2	release	0	0	Releasing
434	2	it	0	0	_
434	2	when	0	0	Temporal_collocation
434	2	it	0	0	_

435	0	cool	0	0	Stimulus_focus
435	0	,	0	0	_
435	0	now	0	0	Temporal_collocation
435	0	,	0	0	_
435	0	come	0	0	Arriving
435	0	over	0	0	Locative_relation
435	0	here	0	0	Locative_relation
435	0	and	0	0	_
435	0	put	0	0	Placing
435	0	your	0	0	_
435	0	head	0	0	Body_parts
435	0	underwater	0	0	Locative_relation
435	0	.	0	0	_

435	1	I	0	0	_
435	1	'm	0	0	_
435	1	gon	0	0	_
435	1	na	0	0	_
435	1	time	0	0	_
435	1	you	0	0	_
435	1	.	0	0	_

435	2	What	0	0	_
435	2	?	0	0	_

435	3	No	0	0	_
435	3	,	0	0	_
435	3	no	0	0	_
435	3	,	0	0	_
435	3	no	0	0	_
435	3	.	0	0	_

435	4	He	0	0	_
435	4	ca	0	0	_
435	4	n't	0	0	_

436	0	place	0	0	Event
436	0	in	1	0	Temporal_collocation
436	0	2029	0	0	_
436	0	and	0	0	_
436	0	the	0	0	_
436	0	other	0	0	Increment
436	0	X-Men	0	0	_
436	0	movies	0	0	_
436	0	are	0	0	_
436	0	in	1	0	_
436	0	the	0	0	_
436	0	past	0	0	Individual_history
436	0	.	0	0	_

436	1	Is	0	0	_
436	1	Laura	0	0	_
436	1	going	0	0	_
436	1	to	0	0	_
436	1	time	0	0	_
436	1	travel	0	0	Travel
436	1	back	1	0	_
436	1	to	1	0	_
436	1	the	0	0	_
436	1	First	0	0	_
436	1	Class	0	0	_
436	1	timeline	0	0	_
436	1	?	0	0	_

436	2	Are	0	0	_
436	2	new	0	0	Age
436	2	Wolverine	0	0	_
436	2	movies	0	0	Text
436	2	still	0	0	Continued_state_of_affairs

437	0	hard	0	0	Difficulty
437	0	.	0	0	_

437	1	And	0	0	_
437	1	hit	1	0	Impact
437	1	often	0	0	Frequency
437	1	.	0	0	_

437	2	Oh	0	0	_
437	2	,	0	0	_
437	2	what	0	0	_
437	2	's	0	0	_
437	2	going	1	0	Event
437	2	on	1	0	Event
437	2	?	0	0	_

437	3	Everyone	0	0	_
437	3	is	0	0	_
437	3	going	0	0	Motion
437	3	to	0	0	Goal
437	3	Time	0	0	_
437	3	Warp	0	0	_
437	3	square	0	0	Locale_by_use
437	3	.	0	0	_

437	4	World	0	0	Political_locales
437	4	champion	0	0	_
437	4	Big	0	0	_
437	4	Show	0	0	_
437	4	and	0	0	_
437	4	his	0	0	_
437	4	destruction	0	0	Destroying
437	4	bots	0	0	_
437	4	are	0	0	_
437	4	about	1	0	_

438	0	the	0	0	_
438	0	Star	0	0	_
438	0	Folded	0	0	_
438	0	.	0	0	_

438	1	DOWD	0	0	_
438	1	#	0	0	_
438	1	The	0	0	_
438	1	Star	0	0	_
438	1	Folded	0	0	_
438	1	.	0	0	_

438	2	AXELROD	0	0	_
438	2	#	0	0	_
438	2	Yeah	0	0	_
438	2	.	0	0	_

438	3	DWD	0	0	_
438	3	#	0	0	_
438	3	Then	0	0	_
438	3	I	0	0	_
438	3	went	0	0	Motion
438	3	to	0	0	_
438	3	Time	0	0	_
438	3	Magazine	0	0	Text
438	3	and	0	0	_
438	3	was	0	0	_
438	3	in	1	0	Interior_profile_relation
438	3	the	0	0	_
438	3	nation	0	0	Political_locales
438	3	section	1	1	Part_whole
438	3	for	0	0	_
438	3	a	0	0	_
438	3	couple	1	0	Cardinal_numbers
438	3	years	0	0	Measure_duration
438	3	in	0	0	Interior_profile_relation
438	3	New	0	0	_

439	0	``	0	0	_
439	0	the	0	0	_
439	0	bereaving	0	0	_
439	0	girlfriend	0	0	Personal_relationship
439	0	wrote.	0	0	Statement
439	0	``	0	0	_

439	1	This	1	0	_
439	1	morning	0	0	Calendric_unit
439	1	I	0	0	_
439	1	remembered	0	0	Memory
439	1	the	0	0	_
439	1	first	0	0	Ordinal_numbers
439	1	time	0	0	_
439	1	I	0	0	_
439	1	went	0	0	Motion
439	1	to	0	0	Goal
439	1	Times	0	0	_
439	1	Square	0	0	_
439	1	,	0	0	_
439	1	June	0	0	Calendric_unit
439	1	16	0	0	_
439	1	of	0	0	_
439	1	2015.	0	0	_
439	1	``	0	0	_

439	2	#	0	0	_
439	2	``	0	0	_
439	2	Griffin	0	0	_
439	2	and	0	0	_
439	2	I	0	0	_

440	0	m	0	0	_
440	0	embarrassed	0	0	Experiencer_focus
440	0	.	0	0	_

440	1	I	0	0	_
440	1	told	0	0	Telling
440	1	them	0	0	_
440	1	to	0	0	_
440	1	fix	0	0	Resolve_problem
440	1	it	0	0	_
440	1	ASAP	0	0	_
440	1	Rocky	0	0	_
440	1	because	0	0	Causation
440	1	I	0	0	_
440	1	will	0	0	_
440	1	be	0	0	_
440	1	going	0	0	Motion
440	1	to	0	0	_
440	1	Times	0	0	_
440	1	Square	0	0	_
440	1	to	0	0	_
440	1	play	0	0	_
440	1	it	0	0	_
440	1	for	0	0	_
440	1	my	0	0	_
440	1	fans	0	0	_
440	1	so	0	0	_
440	1	I	0	0	_
440	1	hope	0	0	Desiring
440	1	they	0	0	_
440	1	fix	0	0	Resolve_problem
440	1	it	0	0	_

441	0	Square	0	0	Locale_by_use
441	0	in	1	0	Temporal_collocation
441	0	June	0	0	Calendric_unit
441	0	2015	0	0	_
441	0	.	0	0	_

441	1	#	0	0	_
441	1	``	0	0	_
441	1	This	1	0	_
441	1	morning	0	0	Calendric_unit
441	1	I	0	0	_
441	1	remembered	0	0	Memory
441	1	the	0	0	_
441	1	first	0	0	Ordinal_numbers
441	1	time	0	0	_
441	1	I	0	0	_
441	1	went	0	0	Motion
441	1	to	0	0	Goal
441	1	Times	0	0	_
441	1	Square	0	0	_
441	1	,	0	0	_
441	1	June	0	0	Calendric_unit
441	1	16	0	0	_
441	1	of	0	0	_
441	1	2015	0	0	_
441	1	,	0	0	_
441	1	``	0	0	_
441	1	she	0	0	_
441	1	said	0	0	Statement
441	1	in	1	0	_
441	1	a	0	0	_
441	1	Facebook	0	0	_

442	0	,	0	0	_
442	0	I	0	0	_
442	0	might	0	0	Likelihood
442	0	just	0	0	_
442	0	end	0	0	Transition_to_state
442	0	up	0	0	Transition_to_state
442	0	walking	0	0	Self_motion
442	0	around	0	0	Locative_relation
442	0	here	0	0	Locative_relation
442	0	...	0	0	_
442	0	No	0	0	_
442	0	.	0	0	_

442	1	You	0	0	_
442	1	have	0	0	Required_event
442	1	to	0	0	Required_event
442	1	go	0	0	Motion
442	1	to	0	0	Goal
442	1	Times	0	0	_
442	1	Square	0	0	_
442	1	at	0	0	Proportional_quantity
442	1	least	0	0	Proportional_quantity
442	1	once	0	0	Event_instance
442	1	.	0	0	_

442	2	Um	0	0	_
442	2	,	0	0	_
442	2	I	0	0	_
442	2	'm	0	0	_
442	2	going	0	0	Motion
442	2	to	0	0	Goal
442	2	a	0	0	_
442	2	party	0	0	Social_event

443	0	-	0	0	_
443	0	Times	0	0	_
443	0	Square	0	0	_
443	0	was	0	0	_
443	0	still	0	0	Continued_state_of_affairs
443	0	kind	0	0	Degree
443	0	of	0	0	_
443	0	raunchy	0	0	Social_interaction_evaluation
443	0	back	1	0	Temporal_collocation
443	0	then	0	0	Temporal_collocation
443	0	.	0	0	_

443	1	You	0	0	_
443	1	did	0	0	_
443	1	n't	0	0	_
443	1	really	0	0	_
443	1	go	0	0	Motion
443	1	to	0	0	Goal
443	1	Times	0	0	_
443	1	Square	0	0	_
443	1	.	0	0	_

443	2	-	0	0	_
443	2	Prostitutes	0	0	_
443	2	everywhere	0	0	Locative_relation
443	2	,	0	0	_
443	2	wearing	0	0	Wearing
443	2	outrageous	0	0	_
443	2	outfits	0	0	Clothing
443	2	,	0	0	_
443	2	or	0	0	_
443	2	walking	0	0	Self_motion
443	2	around	0	0	_

444	0	Broadway	0	0	_
444	0	show	0	0	_
444	0	.	0	0	_

444	1	Jeannie	0	0	_
444	1	would	0	0	_
444	1	love	0	0	Desiring
444	1	that	1	0	_
444	1	...	0	0	_
444	1	but	0	0	Concessive
444	1	I	0	0	_
444	1	find	1	0	Coming_to_believe
444	1	it	0	0	_
444	1	hard	1	0	Difficulty
444	1	to	0	0	_
444	1	voluntarily	0	0	_
444	1	go	0	0	Motion
444	1	to	0	0	Goal
444	1	Times	0	0	_
444	1	Square	0	0	_
444	1	.	0	0	_

444	2	It	0	0	_
444	2	's	0	0	_
444	2	like	0	0	Similarity
444	2	a	0	0	_
444	2	refugee	0	0	_
444	2	camp	0	0	Locale_by_use
444	2	for	0	0	_
444	2	tourists	0	0	Visiting
444	2	.	0	0	_

444	3	-	0	0	_
444	3	Right	0	0	Correctness

445	0	.	0	0	_

445	1	-	0	0	_
445	1	I	0	0	_
445	1	should	0	0	Desirable_event
445	1	go	0	0	Motion
445	1	.	0	0	_

445	2	-	0	0	_
445	2	No	0	0	_
445	2	,	0	0	_
445	2	no	0	0	_
445	2	,	0	0	_
445	2	wait	0	0	Waiting
445	2	.	0	0	_

445	3	I	0	0	_
445	3	'm	0	0	_
445	3	gon	0	0	_
445	3	na	0	0	_
445	3	time	0	0	_
445	3	you	0	0	_
445	3	.	0	0	_

445	4	You	0	0	_
445	4	have	1	0	Possession
445	4	ten	0	0	Cardinal_numbers
445	4	minutes	0	0	Measure_duration
445	4	to	0	0	_
445	4	talk	0	0	Chatting
445	4	about	1	0	Topic
445	4	Duke	0	0	_
445	4	.	0	0	_

445	5	Timer	0	0	_
445	5	's	0	0	_

446	0	ask	0	0	Questioning
446	0	you	0	0	_
446	0	something	0	0	_
446	0	,	0	0	_
446	0	I	0	0	_
446	0	hate	0	0	Experiencer_focus
446	0	to	0	0	_
446	0	cut	1	0	Separating
446	0	you	0	0	_
446	0	off	1	0	_
446	0	here	0	0	Locative_relation
446	0	.	0	0	_

446	1	FEYERICK	0	0	_
446	1	#	0	0	_
446	1	When	0	0	Temporal_collocation
446	1	they	0	0	_
446	1	gone	0	0	Motion
446	1	to	0	0	Goal
446	1	Times	0	0	_
446	1	Square	0	0	_
446	1	--	0	0	_
446	1	LEMON	0	0	_
446	1	#	0	0	_
446	1	I	0	0	_
446	1	want	0	0	Desiring
446	1	to	0	0	_
446	1	ask	0	0	Questioning
446	1	you	0	0	_
446	1	something	0	0	_
446	1	.	0	0	_

446	2	FEYERICK	0	0	_
446	2	#	0	0	_
446	2	Yeah	0	0	_
446	2	,	0	0	_

447	0	Back	0	0	_
447	0	Up	0	0	_
447	0	Computer	0	0	_
447	0	.	0	0	_

447	1	On	0	0	_
447	1	a	0	0	_
447	1	Mac	0	0	_
447	1	,	0	0	_
447	1	once	0	0	Temporal_collocation
447	1	the	0	0	_
447	1	drive	0	0	_
447	1	is	0	0	_
447	1	plugged	0	0	Placing
447	1	in	1	0	_
447	1	,	0	0	_
447	1	go	1	0	Motion
447	1	to	0	0	_
447	1	Time	0	0	_
447	1	Machine	0	0	_
447	1	Preferences	0	0	_
447	1	to	0	0	_
447	1	select	0	0	Choosing
447	1	it	0	0	_
447	1	as	0	0	_
447	1	the	0	0	_
447	1	backup	0	0	_
447	1	location	0	0	Locale
447	1	.	0	0	_

447	2	Then	0	0	_
447	2	choose	0	0	Choosing
447	2	Back	1	0	_

448	0	PARTNER	0	0	Collaboration
448	0	AT	0	0	Locative_relation
448	0	BGC	0	0	_
448	0	;	0	0	_
448	0	THOMAS	0	0	_
448	0	J.	0	0	_
448	0	HOLMES	0	0	_
448	0	;	0	0	_
448	0	WORLD	0	0	Political_locales
448	0	BANK	0	0	_
448	0	#	0	0	_
448	0	FOR	0	0	_
448	0	A	0	0	_
448	0	VIDEO	0	0	_
448	0	,	0	0	_
448	0	GO	1	0	_
448	0	to	1	0	_
448	0	time	0	0	_
448	0	.	0	0	_

448	1	4140387	0	0	_
448	1	#	0	0	_

449	0	.	0	0	_

449	1	You	0	0	_
449	1	just	0	0	_
449	1	have	0	0	Required_event
449	1	to	0	0	Required_event
449	1	ask	0	0	Questioning
449	1	the	0	0	_
449	1	right	0	0	Correctness
449	1	questions	0	0	Questioning
449	1	.	0	0	_

449	2	#	0	0	_
449	2	FOR	0	0	_
449	2	EVEN	0	0	_
449	2	MORE	0	0	Increment
449	2	ANSWERS	0	0	_
449	2	,	0	0	_
449	2	GO	1	0	_
449	2	TO	1	0	_
449	2	time	0	0	_
449	2	.	0	0	_

449	3	4140632	0	0	_
449	3	#	0	0	_
449	3	THE	0	0	_
449	3	ANSWERS	0	0	_
449	3	ISSUE	0	0	_
449	3	#	0	0	_
449	3	Your	0	0	_
449	3	guide	1	0	_
449	3	to	1	0	_
449	3	everything	0	0	_
449	3	you	0	0	_
449	3	didn	0	0	_
449	3	'	0	0	_

450	0	,	0	0	_
450	0	``	0	0	_
450	0	I	0	0	_
450	0	am	0	0	_
450	0	going	0	0	_
450	0	to	0	0	_
450	0	give	1	0	Giving
450	0	you	0	0	_
450	0	a	0	0	_
450	0	story	0	0	Text
450	0	to	0	0	_
450	0	read	0	0	Reading_activity
450	0	:	0	0	_
450	0	I	0	0	_
450	0	am	0	0	_
450	0	going	0	0	_
450	0	to	0	0	_
450	0	time	0	0	_
450	0	you	0	0	_
450	0	for	0	0	_
450	0	1	0	0	Cardinal_numbers
450	0	minute	0	0	Measure_duration
450	0	to	0	0	_
450	0	see	1	0	Grasp
450	0	how	0	0	_
450	0	many	0	0	Quantified_mass
450	0	words	0	0	Simple_name
450	0	you	0	0	_
450	0	read	0	0	Reading_activity
450	0	``	0	0	_
450	0	)	0	0	_

451	0	IT	0	0	_
451	0	IN	0	0	_
451	0	YOUR	0	0	_
451	0	HAND	0	0	_
451	0	AS	0	0	_
451	0	HARD	1	1	_
451	0	AND	0	0	_
451	0	AS	0	0	_
451	0	LONG	0	0	_
451	0	AS	0	0	_
451	0	YOU	0	0	_
451	0	CAN	0	0	Possibility
451	0	.	0	0	_

451	1	I	0	0	_
451	1	'M	0	0	_
451	1	GON	0	0	_
451	1	NA	0	0	_
451	1	TIME	0	0	_
451	1	YOU	0	0	_
451	1	.	0	0	_

451	2	IT	0	0	_
451	2	'S	0	0	_
451	2	A	0	0	_
451	2	PIECE	0	0	_
451	2	Of	0	0	_
451	2	CAKE	0	0	_
451	2	.	0	0	_

451	3	OH	0	0	_
451	3	,	0	0	_
451	3	YOU	0	0	_
451	3	WO	0	0	_

452	0	how	0	0	_
452	0	much	0	0	_
452	0	power	1	1	Leadership
452	0	he	0	0	_
452	0	really	0	0	_
452	0	has	1	0	Possession
452	0	,	0	0	_
452	0	``	0	0	_
452	0	Lee	0	0	_
452	0	told	0	0	Telling
452	0	me	0	0	_
452	0	,	0	0	_
452	0	``	0	0	_
452	0	he	0	0	_
452	0	is	0	0	_
452	0	going	0	0	_
452	0	to	0	0	_
452	0	time	0	0	_
452	0	it	0	0	_
452	0	to	0	0	_
452	0	coincide	0	0	_
452	0	with	1	0	_
452	0	--	0	0	_
452	0	``	0	0	_
452	0	Lee	0	0	_
452	0	broke	1	0	_
452	0	off	1	0	_
452	0	,	0	0	_
452	0	but	0	0	Concessive
452	0	of	0	0	_
452	0	course	0	0	_

453	0	,	0	0	_
453	0	metropolitan	0	0	_
453	0	reporter	0	0	_
453	0	and	0	0	_
453	0	feature	0	0	_
453	0	writer	0	0	_
453	0	.	0	0	_

453	1	When	0	0	Temporal_collocation
453	1	the	0	0	_
453	1	Star	0	0	_
453	1	closed	0	0	_
453	1	in	1	0	Temporal_collocation
453	1	1981	0	0	_
453	1	,	0	0	_
453	1	she	0	0	_
453	1	went	0	0	Motion
453	1	to	0	0	Goal
453	1	Time	0	0	_
453	1	magazine	0	0	Text
453	1	.	0	0	_

453	2	#	0	0	_
453	2	Born	0	0	Being_born
453	2	in	0	0	Interior_profile_relation
453	2	Washington	0	0	_
453	2	D.C.	0	0	_
453	2	,	0	0	_
453	2	Ms.	0	0	_
453	2	Dowd	0	0	_
453	2	received	0	0	Receiving
453	2	a	0	0	_
453	2	B.A	0	0	_
453	2	.	0	0	_

454	0	walking	0	0	Self_motion
454	0	by	0	0	_
454	0	,	0	0	_
454	0	and	0	0	_
454	0	all	0	0	Quantified_mass
454	0	that	0	0	_
454	0	this	1	0	_
454	0	city	0	0	Political_locales
454	0	has	1	0	Possession
454	0	to	0	0	_
454	0	offer	1	0	Offering
454	0	.	0	0	_

454	1	We	0	0	_
454	1	do	0	0	_
454	1	n't	0	0	_
454	1	go	0	0	Motion
454	1	to	0	0	Goal
454	1	Times	0	0	_
454	1	Square	0	0	_
454	1	often	0	0	Frequency
454	1	,	0	0	_
454	1	but	0	0	Concessive
454	1	when	0	0	Temporal_collocation
454	1	we	0	0	_
454	1	do	0	0	_
454	1	,	0	0	_
454	1	it	0	0	_
454	1	's	0	0	_
454	1	always	0	0	Frequency
454	1	with	0	0	_
454	1	the	0	0	_

455	0	wormholes	0	0	_
455	0	or	0	0	_
455	0	pre-existing	0	0	Time_vector
455	0	advanced	0	0	Stage_of_progress
455	0	alien	0	0	Origin
455	0	civilizations	0	0	_
455	0	with	1	0	_
455	0	such	0	0	_
455	0	technology	0	0	Artifact
455	0	,	0	0	_
455	0	building	0	0	Building
455	0	a	0	0	_
455	0	time	0	0	_
455	0	machine	0	0	Gizmo
455	0	to	0	0	_
455	0	go	1	0	Motion
455	0	to	1	0	_
455	0	times	0	0	_
455	0	before	0	0	Time_vector
455	0	it	0	0	_
455	0	was	0	0	_
455	0	built	0	0	Building
455	0	is	0	0	_
455	0	a	0	0	_
455	0	tough	1	0	Difficulty
455	0	one	0	0	_
455	0	,	0	0	_
455	0	as	0	0	_
455	0	Ron	0	0	_
455	0	L	0	0	_
455	0	Mallete	0	0	_

456	0	to	0	0	_
456	0	come	0	0	Collaboration
456	0	together	0	0	Collaboration
456	0	and	0	0	_
456	0	care	0	0	_
456	0	for	0	0	_
456	0	each	0	0	_
456	0	other	0	0	_
456	0	.	0	0	_

456	1	Some	0	0	Proportional_quantity
456	1	Broadway	0	0	_
456	1	actors	0	0	People_by_vocation
456	1	were	0	0	_
456	1	going	0	0	_
456	1	to	0	0	_
456	1	go	0	0	Motion
456	1	to	0	0	Goal
456	1	Times	0	0	_
456	1	Square	0	0	_
456	1	and	0	0	_
456	1	sing	0	0	Make_noise
456	1	cheerful	0	0	_
456	1	songs	0	0	Text
456	1	in	1	0	_
456	1	one	0	0	Cardinal_numbers
456	1	article	0	0	Text
456	1	I	0	0	_
456	1	read	0	0	Reading_activity
456	1	,	0	0	_
456	1	and	0	0	_
456	1	in	1	0	_

457	0	she	0	0	_
457	0	's	0	0	_
457	0	more	0	0	Increment
457	0	,	0	0	_
457	0	she	0	0	_
457	0	's	0	0	_
457	0	more	0	0	Increment
457	0	People	0	0	_
457	0	say	0	0	Statement
457	0	she	0	0	_
457	0	's	0	0	_
457	0	only	0	0	_
457	0	in	1	0	Interior_profile_relation
457	0	my	0	0	_
457	0	head	0	0	_
457	0	Going	1	1	_
457	0	to	1	0	_
457	0	time	0	0	_
457	0	but	0	0	_
457	0	I	0	0	_
457	0	'll	0	0	_
457	0	forget	0	0	Memory
457	0	But	0	0	_
457	0	when	0	0	Temporal_collocation
457	0	she	0	0	_
457	0	's	0	0	_
457	0	in	1	0	_
457	0	every	0	0	_
457	0	minute	0	0	Measure_duration
457	0	of	0	0	_
457	0	everyday	0	0	Frequency

458	0	achievement	0	0	Accomplishment
458	0	called	1	0	Labeling
458	0	``	0	0	_
458	0	88	0	0	_
458	0	miles	0	0	_
458	0	per	0	0	_
458	0	hour	0	0	_
458	0	``	0	0	_
458	0	which	0	0	_
458	0	is	0	0	_
458	0	how	0	0	_
458	0	fast	0	0	Speed_description
458	0	you	0	0	_
458	0	have	0	0	Required_event
458	0	to	0	0	Required_event
458	0	go	0	0	Motion
458	0	to	0	0	_
458	0	time	0	0	_
458	0	travel	0	0	Travel
458	0	.	0	0	_

458	1	As	0	0	_
458	1	Sonic	0	0	_
458	1	time	0	0	_
458	1	travels	1	1	Travel
458	1	just	0	0	_
458	1	like	0	0	Similarity
458	1	in	1	0	_
458	1	Back	1	0	_
458	1	to	1	0	_
458	1	the	0	0	_
458	1	Future	0	0	_

459	0	so	0	0	Degree
459	0	bad	0	0	Desirability
459	0	--	0	0	_
459	0	it	0	0	_
459	0	's	0	0	_
459	0	the	0	0	_
459	0	huge	0	0	Size
459	0	crowds	0	0	Aggregate
459	0	that	0	0	_
459	0	panic	0	0	_
459	0	me	0	0	_
459	0	.	0	0	_

459	1	Why	0	0	_
459	1	would	0	0	_
459	1	anyone	0	0	_
459	1	go	0	0	Motion
459	1	to	0	0	Goal
459	1	Times	0	0	_
459	1	Square	0	0	_
459	1	on	1	0	Temporal_collocation
459	1	New	0	0	Calendric_unit
459	1	Year	0	0	Calendric_unit
459	1	's	0	0	_
459	1	Eve	0	0	Calendric_unit
459	1	?	0	0	_
459	1	?	0	0	_
459	1	?	0	0	_
459	1	?	0	0	_
459	1	?	0	0	_

459	2	#	0	0	_
459	2	That	0	0	_

460	0	from	0	0	_
460	0	the	0	0	_
460	0	App	0	0	_
460	0	Store	0	0	_
460	0	)	0	0	_
460	0	then	0	0	_
460	0	you	0	0	_
460	0	can	0	0	Possibility
460	0	skip	1	0	Avoiding
460	0	re-downloading	0	0	Activity_resume
460	0	the	0	0	_
460	0	4Gb	0	0	_
460	0	file	0	0	_
460	0	.	0	0	_

460	1	Just	0	0	_
460	1	go	0	0	Motion
460	1	to	0	0	_
460	1	Time	0	0	_
460	1	Machine	0	0	_
460	1	,	0	0	_
460	1	visit	0	0	Arriving
460	1	your	0	0	_
460	1	Applications	0	0	_
460	1	folder	0	0	_
460	1	,	0	0	_
460	1	find	0	0	Locating
460	1	the	0	0	_
460	1	TM	0	0	_
460	1	backup	0	0	_
460	1	with	0	0	_
460	1	the	0	0	_

461	0	,	0	0	_
461	0	white-washing	0	0	_
461	0	of	0	0	_
461	0	New	0	0	_
461	0	York	0	0	_
461	0	City	0	0	_
461	0	.	0	0	_

461	1	My	0	0	_
461	1	first	0	0	Ordinal_numbers
461	1	Thanksgiving	0	0	Calendric_unit
461	1	in	0	0	Interior_profile_relation
461	1	New	0	0	_
461	1	York	0	0	_
461	1	,	0	0	_
461	1	I	0	0	_
461	1	went	0	0	Motion
461	1	to	0	0	Goal
461	1	Times	0	0	_
461	1	Square	0	0	_
461	1	and	0	0	_
461	1	watched	0	0	Perception_active
461	1	a	0	0	_
461	1	strip	0	0	_
461	1	show	0	0	_
461	1	.	0	0	_

461	2	Now	0	0	Temporal_collocation
461	2	Times	0	0	_
461	2	Square	0	0	_
461	2	is	0	0	_
461	2	just	0	0	_
461	2	Disney	0	0	_

462	0	do	0	0	_
462	0	n't	0	0	_
462	0	understand	0	0	Grasp
462	0	.	0	0	_

462	1	#	0	0	_
462	1	DP	0	0	_
462	1	My	0	0	_
462	1	sister	0	0	Kinship
462	1	was	0	0	_
462	1	just	0	0	_
462	1	here	0	0	Locative_relation
462	1	and	0	0	_
462	1	wanted	0	0	Desiring
462	1	me	0	0	_
462	1	to	0	0	_
462	1	go	0	0	Motion
462	1	to	0	0	Goal
462	1	Times	0	0	_
462	1	Square	0	0	_
462	1	on	1	0	Temporal_collocation
462	1	a	0	0	_
462	1	Saturday	0	0	Calendric_unit
462	1	afternoon	0	0	Calendric_unit
462	1	in	1	0	Temporal_collocation
462	1	the	0	0	_
462	1	middle	1	0	Temporal_subregion
462	1	of	0	0	_
462	1	the	0	0	_
462	1	summer	0	0	Calendric_unit
462	1	,	0	0	_
462	1	and	0	0	_

463	0	``	0	0	_
463	0	news.	0	0	_
463	0	``	0	0	_

463	1	This	1	0	_
463	1	is	0	0	_
463	1	just	0	0	_
463	1	a	0	0	_
463	1	tired	1	1	Biological_urge
463	1	freak	1	1	_
463	1	show	1	0	_
463	1	of	0	0	_
463	1	a	0	0	_
463	1	well	0	0	_
463	1	they	0	0	_
463	1	go	1	0	_
463	1	to	1	0	_
463	1	time	0	0	_
463	1	and	0	0	_
463	1	again	0	0	_
463	1	with	1	0	_
463	1	any	0	0	_
463	1	real	0	0	Existence
463	1	attention	0	0	Attention
463	1	to	1	0	_
463	1	detail	0	0	_
463	1	.	0	0	_

463	2	#	0	0	_
463	2	It	0	0	_
463	2	is	0	0	_
463	2	akin	0	0	Similarity

464	0	hardly	0	0	_
464	0	shocked	1	0	Experiencer_obj
464	0	maybe	0	0	_
464	0	even	0	0	_
464	0	a	0	0	_
464	0	little	0	0	_
464	0	amused	0	0	Experiencer_obj
464	0	.	0	0	_

464	1	She	0	0	_
464	1	knew	0	0	Awareness
464	1	what	0	0	_
464	1	was	0	0	_
464	1	happening	0	0	Event
464	1	,	0	0	_
464	1	she	0	0	_
464	1	went	0	0	Motion
464	1	to	0	0	Goal
464	1	Times	0	0	_
464	1	Square	0	0	_
464	1	just	0	0	_
464	1	to	0	0	_
464	1	get	0	0	Transition_to_state
464	1	in	0	0	_
464	1	on	1	0	_
464	1	the	0	0	_
464	1	V-J	0	0	_
464	1	Day	0	0	_
464	1	celebration	0	0	Social_event
464	1	.	0	0	_

464	2	To	0	0	_
464	2	really	0	0	_

465	0	,	0	0	_
465	0	we	0	0	_
465	0	like	0	0	Experiencer_focus
465	0	going	0	0	Motion
465	0	to	0	0	Goal
465	0	antiques	0	0	_
465	0	shops	0	0	Locale_by_use
465	0	and	0	0	_
465	0	finding	0	0	Locating
465	0	old	0	0	Age
465	0	Coke	0	0	_
465	0	memorabilia	0	0	_
465	0	,	0	0	_
465	0	when	0	0	Temporal_collocation
465	0	we	0	0	_
465	0	go	0	0	Motion
465	0	to	0	0	Goal
465	0	Times	0	0	_
465	0	Square	0	0	_
465	0	we	0	0	_
465	0	want	0	0	Desiring
465	0	to	0	0	_
465	0	see	0	0	Perception_experience
465	0	the	0	0	_
465	0	flashing	0	0	Location_of_light
465	0	lights	0	0	_
465	0	and	0	0	_
465	0	30	0	0	Cardinal_numbers
465	0	foot	0	0	Measure_linear_extent
465	0	high	0	0	Dimension
465	0	Gap	0	0	_

466	0	does	0	0	_
466	0	not	0	0	_
466	0	even	0	0	_
466	0	criminalize	0	0	_
466	0	the	0	0	_
466	0	absolute	0	0	_
466	0	practice	0	0	_
466	0	of	0	0	_
466	0	Shariah	0	0	_
466	0	.	0	0	_

466	1	In	1	0	_
466	1	fact	0	0	_
466	1	,	0	0	_
466	1	you	0	0	_
466	1	could	0	0	Possibility
466	1	go	0	0	Motion
466	1	to	0	0	Goal
466	1	Times	0	0	_
466	1	Square	0	0	_
466	1	and	0	0	_
466	1	you	0	0	_
466	1	could	0	0	Capability
466	1	print	0	0	Text_creation
466	1	out	0	0	Text_creation
466	1	:	0	0	_
466	1	I	0	0	_
466	1	advocate	0	0	Taking_sides
466	1	Shariah	0	0	_
466	1	,	0	0	_
466	1	I	0	0	_
466	1	even	0	0	_

467	0	,	0	0	_
467	0	there	0	0	Existence
467	0	he	0	0	_
467	0	is	0	0	Existence
467	0	,	0	0	_
467	0	and	0	0	_
467	0	he	0	0	_
467	0	's	0	0	_
467	0	carrying	0	0	Bringing
467	0	a	0	0	_
467	0	...	0	0	_
467	0	stopwatch	0	0	_
467	0	?	0	0	_

467	1	Is	0	0	_
467	1	he	0	0	_
467	1	going	0	0	_
467	1	to	0	0	_
467	1	time	0	0	_
467	1	the	0	0	_
467	1	gaps	1	1	_
467	1	in	1	0	_
467	1	his	0	0	_
467	1	synapses	0	0	_
467	1	?	0	0	_
467	1	``	0	0	_

467	2	Dante	0	0	_
467	2	will	0	0	_
467	2	be	0	0	_
467	2	by	0	0	_
467	2	here	0	0	Locative_relation
467	2	in	0	0	_

468	0	,	0	0	_
468	0	Ishiwaka	0	0	_
468	0	says	0	0	Statement
468	0	these	1	0	_
468	0	ridiculous	0	0	Mental_property
468	0	things	1	0	_
468	0	,	0	0	_
468	0	like	0	0	Similarity
468	0	slippage	1	1	_
468	0	is	0	0	_
468	0	n't	0	0	_
468	0	to	0	0	_
468	0	stop	1	0	Preventing_or_letting
468	0	historians	0	0	People_by_vocation
468	0	from	1	0	_
468	0	going	0	0	Motion
468	0	to	0	0	_
468	0	times	0	0	_
468	0	and	0	0	_
468	0	places	0	0	Locale
468	0	where	0	0	_
468	0	they	0	0	_
468	0	'll	0	0	_
468	0	affect	0	0	Objective_influence
468	0	events	0	0	Event
468	0	at	0	0	_
468	0	all	0	0	_
468	0	.	0	0	_

468	1	He	0	0	_
468	1	says	0	0	Statement
468	1	it	0	0	_

469	0	Square	0	0	Locale_by_use
469	0	tonight	0	0	Calendric_unit
469	0	,	0	0	_
469	0	but	0	0	Concessive
469	0	he	0	0	_
469	0	's	0	0	_
469	0	all	0	0	_
469	0	tied	1	1	Make_cognitive_connection
469	0	up	1	0	_
469	0	with	1	0	_
469	0	these	1	0	_
469	0	interviews	0	0	Discussion
469	0	.	0	0	_

469	1	I	0	0	_
469	1	'm	0	0	_
469	1	going	0	0	Motion
469	1	to	0	0	Goal
469	1	Times	0	0	_
469	1	Square	0	0	_
469	1	tonight	0	0	Calendric_unit
469	1	with	0	0	Accompaniment
469	1	my	0	0	_
469	1	mom	0	0	Kinship
469	1	and	0	0	_
469	1	Malvo	0	0	_
469	1	.	0	0	_

469	2	Why	0	0	_
469	2	do	0	0	_
469	2	n't	0	0	_
469	2	you	0	0	_
469	2	come	0	0	Arriving

470	0	know	0	0	Awareness
470	0	why	0	0	_
470	0	.	0	0	_

470	1	Well	0	0	_
470	1	,	0	0	_
470	1	you	0	0	_
470	1	can	0	0	Possibility
470	1	at	0	0	_
470	1	least	0	0	_
470	1	ask	0	0	Questioning
470	1	.	0	0	_

470	2	Ma	0	0	_
470	2	!	0	0	_

470	3	Can	0	0	Capability
470	3	I	0	0	_
470	3	go	0	0	Motion
470	3	to	0	0	Goal
470	3	Times	0	0	_
470	3	Square	0	0	_
470	3	with	0	0	Accompaniment
470	3	Tasha	0	0	_
470	3	,	0	0	_
470	3	Peaches	0	0	_
470	3	and	0	0	_
470	3	Malvo	0	0	_
470	3	?	0	0	_

470	4	Hell	0	0	_
470	4	,	0	0	_
470	4	no	0	0	_
470	4	!	0	0	_

470	5	While	0	0	_

471	0	Years	0	0	Measure_duration
471	0	,	0	0	_
471	0	Peaches	0	0	_
471	0	got	0	0	_
471	0	ready	0	0	Activity_ready_state
471	0	to	0	0	_
471	0	rumble	0	0	Moving_in_place
471	0	.	0	0	_

471	1	How	0	0	_
471	1	come	0	0	Arriving
471	1	you	0	0	_
471	1	wo	0	0	_
471	1	n't	0	0	_
471	1	let	0	0	Preventing_or_letting
471	1	Chris	0	0	_
471	1	go	0	0	Motion
471	1	to	0	0	Goal
471	1	Times	0	0	_
471	1	Square	0	0	_
471	1	with	0	0	Accompaniment
471	1	me	0	0	_
471	1	?	0	0	_

471	2	Well	0	0	_
471	2	,	0	0	_
471	2	hello	0	0	_
471	2	,	0	0	_
471	2	Peaches	0	0	_
471	2	.	0	0	_

471	3	You	0	0	_
471	3	know	0	0	Awareness
471	3	what	0	0	_

472	0	do	0	0	_
472	0	n't	0	0	_
472	0	you	0	0	_
472	0	get	1	0	Getting
472	0	your	0	0	_
472	0	mother	0	0	Kinship
472	0	to	0	0	_
472	0	take	0	0	Bringing
472	0	you	0	0	_
472	0	?	0	0	_

472	1	Just	0	0	_
472	1	because	0	0	Causation
472	1	I	0	0	_
472	1	ca	0	0	_
472	1	n't	0	0	_
472	1	go	0	0	Motion
472	1	to	0	0	Goal
472	1	Times	0	0	_
472	1	Square	0	0	_
472	1	tonight	0	0	Calendric_unit
472	1	,	0	0	_
472	1	am	0	0	_
472	1	I	0	0	_
472	1	gon	0	0	_
472	1	na	0	0	_
472	1	jump	0	0	Self_motion
472	1	off	0	0	Spatial_contact
472	1	a	0	0	_
472	1	bridge	0	0	Roadways
472	1	?	0	0	_

472	2	When	0	0	Temporal_collocation

473	0	Mom	0	0	Kinship
473	0	...	0	0	_
473	0	No	0	0	_
473	0	,	0	0	_
473	0	Chris	0	0	_
473	0	.	0	0	_

473	1	But	0	0	_
473	1	I	0	0	_
473	1	made	1	0	Intentionally_create
473	1	one	0	0	Cardinal_numbers
473	1	resolution	0	0	_
473	1	and	0	0	_
473	1	that	1	0	_
473	1	was	0	0	_
473	1	to	0	0	_
473	1	go	0	0	Motion
473	1	to	0	0	Goal
473	1	Times	0	0	_
473	1	Square	0	0	_
473	1	.	0	0	_

473	2	That	1	0	_
473	2	's	0	0	_
473	2	not	0	0	_
473	2	my	0	0	_
473	2	fault	1	0	Judgment
473	2	.	0	0	_

473	3	But	0	0	_
473	3	it	0	0	_
473	3	's	0	0	_
473	3	my	0	0	_
473	3	resolution	1	1	_

474	0	why	0	0	_
474	0	not	0	0	_
474	0	.	0	0	_

474	1	All	0	0	_
474	1	I	0	0	_
474	1	got	0	0	Required_event
474	1	to	0	0	Required_event
474	1	do	0	0	Intentionally_act
474	1	is	0	0	_
474	1	ask	0	0	Request
474	1	.	0	0	_

474	2	Ma	0	0	_
474	2	,	0	0	_
474	2	can	0	0	Capability
474	2	I	0	0	_
474	2	go	0	0	Motion
474	2	to	0	0	Goal
474	2	Times	0	0	_
474	2	Square	0	0	_
474	2	to	0	0	_
474	2	watch	0	0	Perception_active
474	2	the	0	0	_
474	2	ball	0	0	_
474	2	drop	0	0	Cause_motion
474	2	?	0	0	_

474	3	No	0	0	_
474	3	.	0	0	_

474	4	Happy	0	0	Emotion_directed
474	4	New	0	0	_
474	4	Year	0	0	Calendric_unit
474	4	!	0	0	_

475	0	!	0	0	_

475	1	Well	0	0	_
475	1	,	0	0	_
475	1	obviously	0	0	_
475	1	,	0	0	_
475	1	you	0	0	_
475	1	do	0	0	Intentionally_act
475	1	.	0	0	_

475	2	That	1	0	_
475	2	's	0	0	_
475	2	what	0	0	_
475	2	happens	0	0	Eventive_affecting
475	2	to	1	0	_
475	2	people	0	0	People
475	2	who	0	0	_
475	2	go	0	0	Motion
475	2	to	0	0	Goal
475	2	Times	0	0	_
475	2	Square	0	0	_
475	2	.	0	0	_

475	3	I	0	0	_
475	3	just	0	0	_
475	3	want	0	0	Desiring
475	3	to	0	0	_
475	3	see	0	0	Perception_experience
475	3	the	0	0	_
475	3	ball	0	0	_
475	3	drop	0	0	Motion_directional
475	3	.	0	0	_

475	4	You	0	0	_
475	4	ca	0	0	_

476	0	YORK	0	0	_
476	0	CITY	0	0	_
476	0	Find	0	0	Locating
476	0	a	0	0	_
476	0	cheap	0	0	Expensiveness
476	0	hotel	0	0	Buildings
476	0	and	0	0	_
476	0	use	0	0	Using
476	0	it	0	0	_
476	0	only	0	0	_
476	0	for	0	0	_
476	0	sleep	0	0	Sleep
476	0	.	0	0	_

476	1	Do	0	0	_
476	1	not	0	0	_
476	1	go	0	0	Motion
476	1	to	0	0	Goal
476	1	Times	0	0	_
476	1	Square	0	0	_
476	1	or	0	0	_
476	1	the	0	0	_
476	1	Empire	0	0	_
476	1	State	0	0	_
476	1	Building	0	0	Buildings
476	1	.	0	0	_

476	2	Do	0	0	_
476	2	not	0	0	_
476	2	enter	0	0	Arriving
476	2	the	0	0	_
476	2	Gap	0	0	_
476	2	.	0	0	_

477	0	Chief	0	0	Leadership
477	0	Randall	0	0	_
477	0	!	0	0	_

477	1	Lock	0	0	Placing
477	1	it	0	0	_
477	1	in	0	0	Interior_profile_relation
477	1	.	0	0	_

477	2	It	0	0	_
477	2	's	0	0	_
477	2	simple	0	0	_
477	2	physics	0	0	_
477	2	.	0	0	_

477	3	We	0	0	_
477	3	're	0	0	_
477	3	just	0	0	_
477	3	gon	0	0	_
477	3	na	0	0	_
477	3	time	0	0	_
477	3	the	0	0	_
477	3	flush	0	0	_
477	3	,	0	0	_
477	3	all	0	0	_
477	3	right	0	0	Correctness
477	3	?	0	0	_

477	4	All	0	0	_
477	4	right	0	0	Correctness
477	4	.	0	0	_

477	5	You	0	0	_
477	5	call	0	0	Referring_by_name
477	5	it	0	0	_
477	5	,	0	0	_

478	0	Gon	0	0	_
478	0	na	0	0	_
478	0	make	1	0	Intentionally_create
478	0	a	0	0	_
478	0	tiny	0	0	Size
478	0	nick	0	0	_
478	0	in	0	0	Interior_profile_relation
478	0	your	0	0	_
478	0	forearm	0	0	Body_parts
478	0	,	0	0	_
478	0	okay	0	0	_
478	0	?	0	0	_

478	1	Then	0	0	_
478	1	I	0	0	_
478	1	'm	0	0	_
478	1	gon	0	0	_
478	1	na	0	0	_
478	1	time	0	0	_
478	1	how	0	0	_
478	1	long	1	0	Duration_description
478	1	it	0	0	_
478	1	takes	1	0	Taking_time
478	1	for	0	0	_
478	1	you	0	0	_
478	1	to	0	0	_
478	1	stop	0	0	Activity_stop
478	1	bleeding	0	0	Medical_conditions
478	1	.	0	0	_

478	2	This	0	0	_
478	2	is	0	0	_
478	2	gon	0	0	_

479	0	clear	1	0	Obviousness
479	0	,	0	0	_
479	0	Rove	0	0	_
479	0	is	0	0	_
479	0	going	0	0	Motion
479	0	.	0	0	_

479	1	It	0	0	_
479	1	's	0	0	_
479	1	just	0	0	_
479	1	a	0	0	_
479	1	matter	0	0	_
479	1	when	0	0	Temporal_collocation
479	1	.	0	0	_

479	2	They	0	0	_
479	2	're	0	0	_
479	2	going	0	0	_
479	2	to	0	0	_
479	2	time	0	0	_
479	2	his	0	0	_
479	2	resignation	0	0	Withdraw_from_participation
479	2	to	1	0	_
479	2	the	0	0	_
479	2	right	0	0	Correctness
479	2	moment	0	0	_
479	2	.	0	0	_

479	3	I	0	0	_
479	3	'm	0	0	_
479	3	not	0	0	_
479	3	so	0	0	_
479	3	sure	0	0	Certainty
479	3	I	0	0	_

480	0	also	0	0	_
480	0	--	0	0	_
480	0	if	0	0	_
480	0	you	0	0	_
480	0	do	0	0	_
480	0	not	0	0	_
480	0	want	0	0	Desiring
480	0	to	0	0	_
480	0	watch	0	0	Perception_active
480	0	it	0	0	_
480	0	on	1	0	_
480	0	TV	0	0	_
480	0	,	0	0	_
480	0	you	0	0	_
480	0	can	0	0	Possibility
480	0	go	0	0	Motion
480	0	to	0	0	Goal
480	0	Times	0	0	_
480	0	Square	0	0	_
480	0	.	0	0	_

480	1	Theyre	0	0	_
480	1	playing	0	0	_
480	1	it	0	0	_
480	1	tonight	0	0	Calendric_unit
480	1	at	1	0	Temporal_collocation
480	1	9:00	0	0	_
480	1	p.m.	0	0	_
480	1	on	1	0	_
480	1	Bravo	0	0	_
480	1	on	1	0	_
480	1	the	0	0	_

481	0	to	0	0	Goal
481	0	Westchester	0	0	_
481	0	.	0	0	_

481	1	On	1	0	Temporal_collocation
481	1	New	0	0	_
481	1	Year	0	0	Calendric_unit
481	1	's	0	0	_
481	1	Eve	0	0	Calendric_unit
481	1	,	0	0	_
481	1	Davis	0	0	_
481	1	recruited	0	0	Cause_motion
481	1	church	0	0	Buildings
481	1	youth	0	0	People_by_age
481	1	groups	0	0	Aggregate
481	1	to	0	0	_
481	1	go	0	0	Motion
481	1	to	0	0	Goal
481	1	Times	0	0	_
481	1	Square	0	0	_
481	1	to	0	0	_
481	1	hand	0	0	Giving
481	1	out	0	0	Giving
481	1	hot	0	0	Food
481	1	chocolate	0	0	Food
481	1	and	0	0	_
481	1	church	0	0	Buildings
481	1	literature	0	0	Text
481	1	.	0	0	_

481	2	Salem	0	0	_
481	2	's	0	0	_
481	2	DJs	0	0	_

482	0	had	1	0	Possession
482	0	movies	0	0	Text
482	0	you	0	0	_
482	0	could	0	0	Possibility
482	0	n't	0	0	_
482	0	see	0	0	Perception_experience
482	0	in	0	0	Interior_profile_relation
482	0	Baltimore	0	0	_
482	0	.	0	0	_

482	1	I	0	0	_
482	1	saw	0	0	Perception_experience
482	1	everything	0	0	_
482	1	.	0	0	_

482	2	I	0	0	_
482	2	'd	0	0	_
482	2	go	0	0	Motion
482	2	to	0	0	Goal
482	2	Times	0	0	_
482	2	Square	0	0	_
482	2	,	0	0	_
482	2	I	0	0	_
482	2	'd	0	0	_
482	2	go	0	0	Motion
482	2	to	0	0	Goal
482	2	all	0	0	Quantified_mass
482	2	the	0	0	_
482	2	art	0	0	Craft
482	2	theaters	0	0	Locale_by_use
482	2	.	0	0	_

482	3	I	0	0	_
482	3	'd	0	0	_

483	0	note	0	0	_
483	0	,	0	0	_
483	0	bring	0	0	Bringing
483	0	it	0	0	_
483	0	to	0	0	_
483	0	that	1	0	_
483	0	blonde	0	0	_
483	0	girl	0	0	People
483	0	.	0	0	_

483	1	Hurry	0	0	_
483	1	,	0	0	_
483	1	'	0	0	_
483	1	cause	0	0	Causation
483	1	I	0	0	_
483	1	'm	0	0	_
483	1	gon	0	0	_
483	1	na	0	0	_
483	1	time	0	0	_
483	1	you	0	0	_
483	1	.	0	0	_

483	2	Go	0	0	Motion
483	2	!	0	0	_

483	3	Hi	0	0	_
483	3	.	0	0	_

483	4	Who	0	0	_
483	4	gave	0	0	Giving
483	4	this	0	0	_
483	4	to	0	0	_
483	4	you	0	0	_
483	4	?	0	0	_

483	5	You	0	0	_

484	0	Is	0	0	_
484	0	it	0	0	_
484	0	right	0	0	Correctness
484	0	for	0	0	_
484	0	people	0	0	People
484	0	say	0	0	Statement
484	0	,	0	0	_
484	0	``	0	0	_
484	0	Well	0	0	_
484	0	,	0	0	_
484	0	I	0	0	_
484	0	'm	0	0	_
484	0	not	0	0	_
484	0	going	0	0	_
484	0	to	0	0	_
484	0	go	0	0	Motion
484	0	to	0	0	Goal
484	0	Times	0	0	_
484	0	Square	0	0	_
484	0	in	0	0	Interior_profile_relation
484	0	New	0	0	_
484	0	York	0	0	_
484	0	on	1	0	Temporal_collocation
484	0	New	0	0	Calendric_unit
484	0	Year	0	0	Calendric_unit
484	0	's	0	0	_
484	0	Eve	0	0	Calendric_unit
484	0	?	0	0	_
484	0	``	0	0	_

484	1	Is	0	0	_
484	1	that	1	0	_

485	0	2123975	0	0	_
485	0	``	0	0	_
485	0	Secretary	0	0	_
485	0	Ridge	0	0	_
485	0	says	0	0	Statement
485	0	just	0	0	_
485	0	do	0	0	Intentionally_act
485	0	what	0	0	_
485	0	you	0	0	_
485	0	normally	0	0	_
485	0	do	0	0	Intentionally_act
485	0	...	0	0	_

485	1	If	0	0	_
485	1	normally	0	0	_
485	1	you	0	0	_
485	1	go	0	0	Motion
485	1	to	0	0	Goal
485	1	Times	0	0	_
485	1	Square	0	0	_
485	1	,	0	0	_
485	1	I	0	0	_
485	1	would	0	0	_
485	1	n't	0	0	_
485	1	do	0	0	Intentionally_act
485	1	what	0	0	_
485	1	you	0	0	_
485	1	normally	0	0	_
485	1	do.	0	0	Intentionally_act
485	1	``	0	0	_

485	2	CHRISTOPHER	0	0	_

486	0	doing	0	0	Intentionally_act
486	0	petitioning	0	0	Attempt_suasion
486	0	and	0	0	_
486	0	churches	0	0	Buildings
486	0	and	0	0	_
486	0	things	1	0	_
486	0	.	0	0	_

486	1	But	0	0	Concessive
486	1	I	0	0	_
486	1	would	0	0	_
486	1	not	0	0	_
486	1	tell	0	0	Telling
486	1	people	0	0	People
486	1	not	0	0	_
486	1	to	0	0	_
486	1	go	0	0	Motion
486	1	to	0	0	Goal
486	1	Times	0	0	_
486	1	Square	0	0	_
486	1	.	0	0	_

486	2	I	0	0	_
486	2	think	0	0	Opinion
486	2	people	0	0	People
486	2	ought	0	0	Required_event
486	2	to	0	0	_
486	2	be	0	0	_
486	2	cautious	0	0	Risky_situation
486	2	.	0	0	_

486	3	But	0	0	_
486	3	I	0	0	_
486	3	think	0	0	Awareness

487	0	but	0	0	_
487	0	Congressman	0	0	Leadership
487	0	Christopher	0	0	_
487	0	Shays	0	0	_
487	0	,	0	0	_
487	0	a	0	0	_
487	0	Republican	0	0	_
487	0	from	0	0	Origin
487	0	Connecticut	0	0	_
487	0	,	0	0	_
487	0	has	0	0	_
487	0	said	0	0	Statement
487	0	he	0	0	_
487	0	would	0	0	_
487	0	n't	0	0	_
487	0	go	0	0	Motion
487	0	to	0	0	Goal
487	0	Times	0	0	_
487	0	Square	0	0	_
487	0	on	1	0	Temporal_collocation
487	0	New	0	0	Calendric_unit
487	0	Year	0	0	Calendric_unit
487	0	's	0	0	_
487	0	Eve	0	0	Calendric_unit
487	0	.	0	0	_

487	1	He	0	0	_
487	1	thinks	0	0	Opinion
487	1	it	0	0	_
487	1	's	0	0	_
487	1	a	0	0	_
487	1	crazy	0	0	_

488	0	preparations	0	0	Activity_prepare
488	0	in	0	0	Interior_profile_relation
488	0	New	0	0	_
488	0	York	0	0	_
488	0	and	0	0	_
488	0	nationwide	0	0	Locative_relation
488	0	,	0	0	_
488	0	Connecticut	0	0	_
488	0	Congressman	0	0	Leadership
488	0	Christopher	0	0	_
488	0	Shays	0	0	_
488	0	says	0	0	Statement
488	0	he	0	0	_
488	0	would	0	0	_
488	0	not	0	0	_
488	0	go	0	0	Motion
488	0	to	0	0	Goal
488	0	Times	0	0	_
488	0	Square-quote	0	0	_
488	0	--	0	0	_
488	0	``	0	0	_
488	0	for	0	0	_
488	0	anything.	0	0	_
488	0	``	0	0	_

488	1	In	1	0	_
488	1	Shays	0	0	_
488	1	'	0	0	_
488	1	words	0	0	Simple_name
488	1	,	0	0	_
488	1	``	0	0	_

489	0	they	0	0	_
489	0	might	0	0	Likelihood
489	0	strike	1	0	Impact
489	0	anywhere	0	0	Locative_relation
489	0	.	0	0	_

489	1	They	0	0	_
489	1	're	0	0	_
489	1	likely	0	0	Likelihood
489	1	going	0	0	_
489	1	strike	1	0	Attack
489	1	nowhere	0	0	Locative_relation
489	1	.	0	0	_

489	2	If	0	0	_
489	2	you	0	0	_
489	2	're	0	0	_
489	2	going	0	0	Motion
489	2	to	0	0	Goal
489	2	Times	0	0	_
489	2	Square	0	0	_
489	2	,	0	0	_
489	2	you	0	0	_
489	2	should	0	0	Desirable_event
489	2	dress	0	0	Wearing
489	2	for	0	0	_
489	2	the	0	0	_
489	2	weather	0	0	Weather
489	2	,	0	0	_
489	2	you	0	0	_
489	2	should	0	0	Desirable_event
489	2	worry	0	0	Emotion_directed
489	2	about	1	0	_

490	0	are	0	0	_
490	0	for	0	0	_
490	0	.	0	0	_

490	1	They	0	0	_
490	1	're	0	0	_
490	1	for	0	0	_
490	1	professionals	0	0	People_by_vocation
490	1	.	0	0	_

490	2	The	0	0	_
490	2	rest	0	0	Rest
490	2	of	0	0	Partitive
490	2	us	0	0	_
490	2	,	0	0	_
490	2	let	0	0	_
490	2	's	0	0	_
490	2	go	0	0	Motion
490	2	to	0	0	Goal
490	2	Times	0	0	_
490	2	Square	0	0	_
490	2	.	0	0	_

490	3	It	0	0	_
490	3	's	0	0	_
490	3	going	0	0	_
490	3	to	0	0	_
490	3	be	0	0	_
490	3	a	0	0	_
490	3	fantastic	0	0	Desirability
490	3	night	0	0	Calendric_unit
490	3	.	0	0	_

490	4	A	0	0	_
490	4	great	1	0	Desirability

491	0	re	0	0	_
491	0	Ready	0	0	Activity_ready_state
491	0	For	0	0	_
491	0	This	1	0	_
491	0	?	0	0	_

491	1	Yes	0	0	_
491	1	,	0	0	_
491	1	Sir	0	0	_
491	1	.	0	0	_

491	2	All	0	0	_
491	2	Right	0	0	Correctness
491	2	.	0	0	_

491	3	I	0	0	_
491	3	'm	0	0	_
491	3	Going	0	0	_
491	3	To	0	0	_
491	3	Time	0	0	_
491	3	This	1	0	_
491	3	Test	0	0	Operational_testing
491	3	.	0	0	_

491	4	So	0	0	_
491	4	,	0	0	_
491	4	When	0	0	Temporal_collocation
491	4	You	0	0	_
491	4	're	0	0	_
491	4	Ready	0	0	Activity_ready_state
491	4	,	0	0	_
491	4	Put	1	0	Placing
491	4	It	0	0	_
491	4	In	0	0	_

492	0	people	0	0	People
492	0	in	0	0	Interior_profile_relation
492	0	the	0	0	_
492	0	federation	0	0	Political_locales
492	0	--	0	0	_
492	0	they	0	0	_
492	0	told	0	0	Telling
492	0	us	0	0	_
492	0	to	0	0	_
492	0	go	0	0	_
492	0	raise	1	0	_
492	0	money	0	0	Money
492	0	.	0	0	_

492	1	We	0	0	_
492	1	should	0	0	Desirable_event
492	1	go	0	0	Motion
492	1	to	0	0	_
492	1	Times	0	0	_
492	1	Square	0	0	_
492	1	and	0	0	_
492	1	sell	0	0	Commerce_sell
492	1	bumper	0	0	_
492	1	stickers	0	0	_
492	1	so	0	0	_
492	1	that	0	0	_
492	1	we	0	0	_
492	1	could	0	0	Capability
492	1	go	0	0	_
492	1	compete	0	0	Competition
492	1	and	0	0	_
492	1	find	0	0	Locating

493	0	resting	0	0	_
493	0	on	0	0	_
493	0	your	0	0	_
493	0	shoulders	0	0	Body_parts
493	0	in	1	0	Temporal_collocation
493	0	the	0	0	_
493	0	next	1	0	_
493	0	minute	0	0	Measure_duration
493	0	or	0	0	_
493	0	so	0	0	_
493	0	.	0	0	_

493	1	JAMES	0	0	_
493	1	:	0	0	_
493	1	I	0	0	_
493	1	was	0	0	_
493	1	going	0	0	_
493	1	to	0	0	_
493	1	time	0	0	_
493	1	the	0	0	_
493	1	car	0	0	Vehicle
493	1	with	0	0	_
493	1	my	0	0	_
493	1	trusty	0	0	_
493	1	stopwatch	0	0	_
493	1	.	0	0	_

493	2	And	0	0	_
493	2	Hammond	0	0	_
493	2	's	0	0	_
493	2	bob	0	0	_
493	2	would	0	0	_
493	2	be	0	0	_

494	0	,	0	0	_
494	0	``	0	0	_
494	0	she	0	0	_
494	0	said	0	0	Statement
494	0	,	0	0	_
494	0	through	0	0	_
494	0	the	0	0	_
494	0	helmet	0	0	Accoutrements
494	0	's	0	0	_
494	0	open	0	0	Openness
494	0	visor.	0	0	Accoutrements
494	0	``	0	0	_

494	1	Who	0	0	_
494	1	's	0	0	_
494	1	gon	0	0	_
494	1	na	0	0	_
494	1	time	0	0	_
494	1	me	0	0	_
494	1	?	0	0	_
494	1	``	0	0	_

494	2	``	0	0	_
494	2	I	0	0	_
494	2	will	0	0	_
494	2	,	0	0	_
494	2	``	0	0	_
494	2	said	0	0	Statement
494	2	one	0	0	Cardinal_numbers
494	2	of	0	0	Partitive
494	2	the	0	0	_
494	2	guys	0	0	People

495	0	come	0	0	Arriving
495	0	to	0	0	Goal
495	0	Harlem	0	0	_
495	0	.	0	0	_

495	1	When	0	0	Temporal_collocation
495	1	tourists	0	0	Visiting
495	1	come	0	0	Arriving
495	1	to	0	0	Goal
495	1	New	0	0	_
495	1	York	0	0	_
495	1	City	0	0	_
495	1	,	0	0	_
495	1	they	0	0	_
495	1	want	0	0	Desiring
495	1	to	0	0	_
495	1	go	0	0	Motion
495	1	to	0	0	Goal
495	1	Times	0	0	_
495	1	Square	0	0	_
495	1	,	0	0	_
495	1	and	0	0	_
495	1	they	0	0	_
495	1	want	0	0	Desiring
495	1	to	0	0	_
495	1	go	0	0	Motion
495	1	Harlem	0	0	_
495	1	.	0	0	_

495	2	They	0	0	_
495	2	can	0	0	Capability
495	2	buy	0	0	Commerce_buy
495	2	souvenirs	0	0	_

496	0	in	0	0	Interior_profile_relation
496	0	there	0	0	_
496	0	.	0	0	_

496	1	TINA	0	0	_
496	1	:	0	0	_
496	1	Stop	1	0	Activity_stop
496	1	it	0	0	_
496	1	!	0	0	_

496	2	Both	0	0	Quantified_mass
496	2	of	0	0	_
496	2	you	0	0	_
496	2	!	0	0	_

496	3	Or	0	0	_
496	3	you	0	0	_
496	3	're	0	0	_
496	3	going	0	0	_
496	3	to	0	0	_
496	3	time	0	0	Institutionalization
496	3	out	0	0	_
496	3	.	0	0	_

496	4	I	0	0	_
496	4	'm	0	0	_
496	4	not	0	0	_
496	4	their	0	0	_
496	4	mother	0	0	Kinship
496	4	.	0	0	_

496	5	It	0	0	_
496	5	's	0	0	_
496	5	not	0	0	_
496	5	my	0	0	_
496	5	position	1	0	Being_employed

497	0	the	0	0	_
497	0	point	1	0	_
497	0	where	1	0	_
497	0	I	0	0	_
497	0	literally	0	0	_
497	0	was	0	0	_
497	0	trying	0	0	Attempt
497	0	to	0	0	_
497	0	figure	0	0	Coming_to_believe
497	0	out	0	0	Coming_to_believe
497	0	,	0	0	_
497	0	OK	0	0	_
497	0	,	0	0	_
497	0	I	0	0	_
497	0	'm	0	0	_
497	0	going	0	0	_
497	0	to	0	0	_
497	0	time	0	0	_
497	0	this	1	0	_
497	0	performance	0	0	_
497	0	so	0	0	_
497	0	that	0	0	_
497	0	I	0	0	_
497	0	can	0	0	Capability
497	0	do	0	0	Intentionally_act
497	0	one	0	0	Cardinal_numbers
497	0	layback	0	0	_
497	0	spin	0	0	_
497	0	and	0	0	_
497	0	,	0	0	_
497	0	you	0	0	_

498	0	very	0	0	Degree
498	0	intentionally	0	0	_
498	0	do	0	0	_
498	0	not	0	0	_
498	0	engage	1	1	Intentionally_act
498	0	in	1	0	_
498	0	large	1	0	Size
498	0	,	0	0	_
498	0	loud	0	0	_
498	0	parties	0	0	Aggregate
498	0	;	0	0	_
498	0	we	0	0	_
498	0	certainly	0	0	Likelihood
498	0	do	0	0	_
498	0	n't	0	0	_
498	0	go	0	0	Motion
498	0	to	0	0	Goal
498	0	Times	0	0	_
498	0	Square	0	0	_
498	0	.	0	0	_

498	1	Actually	0	0	_
498	1	,	0	0	_
498	1	I	0	0	_
498	1	've	0	0	_
498	1	always	0	0	Frequency
498	1	found	1	1	Becoming_aware
498	1	the	0	0	_
498	1	changing	0	0	Undergo_change
498	1	of	0	0	_
498	1	the	0	0	_
498	1	year	0	0	Calendric_unit

499	0	Well	0	0	_
499	0	,	0	0	_
499	0	fear	0	0	Experiencer_focus
499	0	of	0	0	_
499	0	the	0	0	_
499	0	unknown	0	0	Awareness
499	0	is	0	0	_
499	0	going	0	0	_
499	0	to	0	0	_
499	0	keep	1	0	Preventing_or_letting
499	0	Jan	0	0	_
499	0	from	0	0	_
499	0	the	0	0	_
499	0	Bronx	0	0	_
499	0	from	1	0	_
499	0	going	0	0	Motion
499	0	to	0	0	Goal
499	0	Times	0	0	_
499	0	Square	0	0	_
499	0	.	0	0	_

499	1	Jan	0	0	_
499	1	,	0	0	_
499	1	are	0	0	_
499	1	you	0	0	_
499	1	there	0	0	Locative_relation
499	1	?	0	0	_

499	2	JAN	0	0	_
499	2	:	0	0	_
499	2	Yes	0	0	_
499	2	,	0	0	_
499	2	I	0	0	_

500	0	could	0	0	Possibility
500	0	trip	0	0	_
500	0	or	0	0	_
500	0	hurt	0	0	Cause_harm
500	0	somebody	0	0	_
500	0	when	0	0	Temporal_collocation
500	0	you	0	0	_
500	0	run	0	0	Self_motion
500	0	in	0	0	_
500	0	here	0	0	_
500	0	.	0	0	_

500	1	You	0	0	_
500	1	'll	0	0	_
500	1	have	0	0	Required_event
500	1	to	0	0	Required_event
500	1	go	0	0	Motion
500	1	to	0	0	_
500	1	time	0	0	_
500	1	out	0	0	_
500	1	and	0	0	_
500	1	calm	0	0	_
500	1	down.	0	0	_
500	1	``	0	0	_

500	2	Melissa	0	0	_
500	2	is	0	0	_
500	2	installed	0	0	Installing
500	2	in	0	0	_
500	2	a	0	0	_
500	2	chair	0	0	_
500	2	in	0	0	_

501	0	Charlottetown.	0	0	_
501	0	``	0	0	_

501	1	Until	0	0	Time_vector
501	1	children	0	0	Kinship
501	1	understand	0	0	Grasp
501	1	that	0	0	_
501	1	you	0	0	_
501	1	really	0	0	_
501	1	mean	0	0	_
501	1	it	0	0	_
501	1	,	0	0	_
501	1	they	0	0	_
501	1	may	0	0	Likelihood
501	1	resist	1	1	_
501	1	going	0	0	Motion
501	1	to	1	0	_
501	1	time	0	0	_
501	1	out	0	0	_
501	1	,	0	0	_
501	1	leave	1	1	Abandonment
501	1	time	0	0	_
501	1	out	0	0	_
501	1	repeatedly	0	0	Frequency
501	1	or	0	0	_
501	1	have	1	0	_
501	1	tantrums	0	0	_
501	1	during	0	0	Temporal_collocation
501	1	time	0	0	_
501	1	out	0	0	_
501	1	.	0	0	_

502	0	on	0	0	Spatial_contact
502	0	your	0	0	_
502	0	shoulders	0	0	Body_parts
502	0	for	0	0	_
502	0	the	0	0	_
502	0	next	1	0	_
502	0	minute	0	0	Measure_duration
502	0	or	0	0	_
502	0	so	0	0	_
502	0	.	0	0	_

502	1	(	0	0	_
502	1	JAMES	0	0	_
502	1	)	0	0	_
502	1	I	0	0	_
502	1	was	0	0	_
502	1	going	0	0	_
502	1	to	0	0	_
502	1	time	0	0	_
502	1	the	0	0	_
502	1	car	0	0	Vehicle
502	1	with	0	0	_
502	1	my	0	0	_
502	1	stopwatch	0	0	_
502	1	and	0	0	_
502	1	Hammond	0	0	_
502	1	's	0	0	_
502	1	bob	0	0	_
502	1	would	0	0	_
502	1	be	0	0	_
502	1	timed	0	0	_
502	1	by	0	0	_

503	0	on	1	0	_
503	0	the	0	0	_
503	0	program	0	0	Project
503	0	(	0	0	_
503	0	call	0	0	Contacting
503	0	212-382-4020	0	0	_
503	0	for	0	0	_
503	0	a	0	0	_
503	0	free	1	0	Expensiveness
503	0	season	0	0	_
503	0	brochure	0	0	Text
503	0	)	0	0	_
503	0	.	0	0	_

503	1	IF	0	0	_
503	1	YOU	0	0	_
503	1	GO	0	0	Motion
503	1	TO	0	0	_
503	1	TIMES	0	0	_
503	1	SQUARE	0	0	_
503	1	#	0	0	_
503	1	Where	0	0	Locative_relation
503	1	to	0	0	_
503	1	eat	0	0	Ingestion
503	1	:	0	0	_
503	1	Hangouts	0	0	_
503	1	for	0	0	_
503	1	theater	0	0	Fields
503	1	types	0	0	Type
503	1	include	0	0	Inclusion
503	1	side-by-side	0	0	_
503	1	bistros	0	0	Locale_by_use

504	0	pull	0	0	Manipulation
504	0	lose	0	0	_
504	0	We	0	0	_
504	0	have	0	0	Required_event
504	0	to	0	0	Required_event
504	0	go	0	0	Motion
504	0	through	0	0	_
504	0	this	1	0	_
504	0	river	0	0	Natural_features
504	0	on	0	0	Spatial_contact
504	0	this	1	0	_
504	0	wooden	0	0	_
504	0	stroke	1	1	_
504	0	,	0	0	_
504	0	now	0	0	Temporal_collocation
504	0	go	0	0	_
504	0	to	1	0	_
504	0	time	0	0	_
504	0	Go	0	0	Motion
504	0	to	0	0	_
504	0	us	0	0	_
504	0	always	0	0	Frequency
504	0	to	0	0	_
504	0	go	0	0	Motion
504	0	home	0	0	Foreign_or_domestic_country
504	0	Appreciate	0	0	Judgment
504	0	God	0	0	_
504	0	Fei	0	0	_
504	0	metre	0	0	Measure_linear_extent
504	0	You	0	0	_
504	0	have	0	0	Possession

505	0	weekend	0	0	Calendric_unit
505	0	.	0	0	_

505	1	Right	0	0	_
505	1	now	0	0	Temporal_collocation
505	1	.	0	0	_

505	2	This	0	0	_
505	2	.	0	0	_

505	3	This	0	0	_
505	3	?	0	0	_

505	4	Oh	0	0	_
505	4	,	0	0	_
505	4	come	1	1	_
505	4	on	1	0	_
505	4	.	0	0	_

505	5	We	0	0	_
505	5	went	0	0	Motion
505	5	to	0	0	Goal
505	5	Times	0	0	_
505	5	Square	0	0	_
505	5	.	0	0	_

505	6	We	0	0	_
505	6	found	0	0	Locating
505	6	ninja	0	0	_
505	6	stars	0	0	_
505	6	.	0	0	_

505	7	I	0	0	_
505	7	almost	0	0	_
505	7	get	0	0	Transition_to_state
505	7	my	0	0	_
505	7	arm	0	0	Body_parts
505	7	broken	0	0	Being_operational

506	0	Marlon	0	0	_
506	0	,	0	0	_
506	0	get	1	0	Getting
506	0	a	0	0	_
506	0	girlfriend	0	0	Personal_relationship
506	0	.	0	0	_

506	1	You	0	0	_
506	1	know	0	0	Awareness
506	1	what	0	0	_
506	1	?	0	0	_

506	2	Here	0	0	Spatial_co-location
506	2	's	0	0	_
506	2	a	0	0	_
506	2	quarter	0	0	Part_whole
506	2	.	0	0	_

506	3	Go	0	0	Motion
506	3	to	0	0	Goal
506	3	Times	0	0	_
506	3	Square	0	0	_
506	3	,	0	0	_
506	3	you	0	0	_
506	3	could	0	0	Possibility
506	3	get	0	0	Getting
506	3	your	0	0	_
506	3	own	0	0	_
506	3	booth	0	0	_
506	3	.	0	0	_

506	4	Hey	0	0	_
506	4	!	0	0	_

506	5	You	0	0	_
506	5	know	0	0	Awareness

507	0	the	0	0	_
507	0	telephone	0	0	_
507	0	began	0	0	Process_start
507	0	to	0	0	_
507	0	ring	0	0	Cause_to_make_noise
507	0	again.	0	0	_
507	0	``	0	0	_

507	1	Come	1	0	_
507	1	on	1	0	_
507	1	!	0	0	_

507	2	The	0	0	_
507	2	whole	1	0	Ranked_expectation
507	2	world	0	0	Political_locales
507	2	is	0	0	_
507	2	going	0	0	Motion
507	2	to	0	0	Goal
507	2	Times	0	0	_
507	2	Square	0	0	_
507	2	!	0	0	_

507	3	Hurry	0	0	_
507	3	!	0	0	_

507	4	Hurry	0	0	_
507	4	!	0	0	_
507	4	``	0	0	_

507	5	From	0	0	_
507	5	the	0	0	_
507	5	hallway	0	0	Connecting_architecture
507	5	,	0	0	_
507	5	Trudy	0	0	_
507	5	could	0	0	Capability

508	0	Henson	0	0	_
508	0	Elementary	0	0	_
508	0	School	0	0	Locale_by_use
508	0	.	0	0	_

508	1	Do	0	0	_
508	1	you	0	0	_
508	1	think	0	0	Opinion
508	1	it	0	0	_
508	1	's	0	0	_
508	1	a	0	0	_
508	1	good	0	0	Desirable_event
508	1	idea	0	0	Desirable_event
508	1	to	0	0	_
508	1	make	1	0	Causation
508	1	people	0	0	People
508	1	go	0	0	Motion
508	1	to	1	0	_
508	1	time	0	0	_
508	1	out	0	0	_
508	1	?	0	0	_

508	2	EMMIT	0	0	_
508	2	WATSON	0	0	_
508	2	:	0	0	_
508	2	It	0	0	_
508	2	's	0	0	_
508	2	hard	1	0	Difficulty
508	2	,	0	0	_
508	2	but	0	0	Concessive
508	2	it	0	0	_
508	2	's	0	0	_
508	2	fair	1	0	_

509	0	:	0	0	_
509	0	Mark	0	0	_
509	0	's	0	0	_
509	0	colleagues	0	0	Personal_relationship
509	0	in	0	0	Interior_profile_relation
509	0	the	0	0	_
509	0	DA	0	0	_
509	0	's	0	0	_
509	0	office	0	0	Building_subparts
509	0	admired	0	0	Judgment
509	0	his	0	0	_
509	0	strength	0	0	_
509	0	to	0	0	_
509	0	fight	1	0	Firefighting
509	0	through	1	0	_
509	0	adversity	0	0	_
509	0	,	0	0	_
509	0	but	0	0	_
509	0	they	0	0	_
509	0	also	0	0	_
509	0	got	1	0	_
509	0	a	0	0	_
509	0	kick	1	0	Experiencer_focus
509	0	out	1	0	_
509	0	of	0	0	_
509	0	his	0	0	_
509	0	weakness	0	0	_
509	0	,	0	0	_
509	0	his	0	0	_
509	0	love	0	0	Experiencer_focus
509	0	for	0	0	_

510	0	a	0	0	_
510	0	choice	0	0	Choosing
510	0	whether	0	0	_
510	0	if	0	0	_
510	0	you	0	0	_
510	0	want	0	0	Desiring
510	0	to	0	0	_
510	0	just	0	0	_
510	0	continue	0	0	Activity_ongoing
510	0	to	0	0	_
510	0	go	1	0	Activity_ongoing
510	0	on	1	0	Activity_ongoing
510	0	and	0	0	_
510	0	fight	1	0	Hostile_encounter
510	0	through	1	0	_
510	0	adversity	0	0	_
510	0	,	0	0	_
510	0	or	0	0	_
510	0	you	0	0	_
510	0	can	0	0	Possibility
510	0	just	0	0	_
510	0	sit	0	0	Posture
510	0	there	0	0	_
510	0	and	0	0	_
510	0	let	0	0	Preventing_or_letting
510	0	it	0	0	_
510	0	take	1	0	Conquering
510	0	over	1	0	_
510	0	you	0	0	_
510	0	.	0	0	_

510	1	Most	0	0	_

511	0	.	0	0	_

511	1	He	0	0	_
511	1	taught	0	0	Education_teaching
511	1	me	0	0	_
511	1	a	0	0	_
511	1	valuable	0	0	Usefulness
511	1	lesson	0	0	Education_teaching
511	1	by	0	0	Means
511	1	allowing	0	0	Preventing_or_letting
511	1	me	0	0	_
511	1	to	0	0	_
511	1	fail	0	0	Success_or_failure
511	1	and	0	0	_
511	1	fight	1	0	Firefighting
511	1	through	1	0	_
511	1	adversity	0	0	_
511	1	.	0	0	_

511	2	#	0	0	_
511	2	Oct.	0	0	_
511	2	14	0	0	_
511	2	,	0	0	_
511	2	1984	0	0	_
511	2	:	0	0	_
511	2	Detroit	0	0	_
511	2	Tigers	0	0	_
511	2	'	0	0	_
511	2	Jack	0	0	_
511	2	Morris	0	0	_
511	2	pouring	0	0	Filling
511	2	champagne	0	0	_
511	2	on	0	0	_

512	0	.	0	0	_
512	0	``	0	0	_

512	1	He	0	0	_
512	1	's	0	0	_
512	1	a	0	0	_
512	1	warrior	1	1	_
512	1	,	0	0	_
512	1	and	0	0	_
512	1	he	0	0	_
512	1	's	0	0	_
512	1	a	0	0	_
512	1	guy	0	0	People
512	1	that	0	0	_
512	1	fights	1	0	Firefighting
512	1	through	1	0	_
512	1	adversity	0	0	_
512	1	,	0	0	_
512	1	and	0	0	_
512	1	I	0	0	_
512	1	knew	0	0	Awareness
512	1	at	1	0	_
512	1	some	0	0	_
512	1	point	1	0	_
512	1	he	0	0	_
512	1	was	0	0	_
512	1	going	0	0	_
512	1	to	0	0	_
512	1	go	0	0	_
512	1	win	0	0	Finish_competition
512	1	the	0	0	_
512	1	game	0	0	_

513	0	we	0	0	_
513	0	had	1	0	Have_associated
513	0	some	0	0	Proportional_quantity
513	0	lows	1	1	Position_on_a_scale
513	0	.	0	0	_

513	1	In	1	0	_
513	1	the	0	0	_
513	1	end	1	0	_
513	1	,	0	0	_
513	1	we	0	0	_
513	1	've	0	0	_
513	1	got	0	0	Required_event
513	1	to	0	0	Required_event
513	1	fight	1	0	Hostile_encounter
513	1	through	1	0	_
513	1	adversity	0	0	_
513	1	.	0	0	_

513	2	It	0	0	_
513	2	's	0	0	_
513	2	only	0	0	_
513	2	going	0	0	_
513	2	to	0	0	_
513	2	help	0	0	Assistance
513	2	you	0	0	_
513	2	as	0	0	_
513	2	you	0	0	_
513	2	go	1	0	Activity_ongoing
513	2	on	1	0	Activity_ongoing
513	2	.	0	0	_

513	3	Football	0	0	_
513	3	's	0	0	_

514	0	will	0	0	_
514	0	fight	0	0	Hostile_encounter
514	0	until	1	0	_
514	0	I	0	0	_
514	0	succeed	0	0	Success_or_failure
514	0	,	0	0	_
514	0	``	0	0	_
514	0	Parinella	0	0	_
514	0	said.	0	0	Statement
514	0	``	0	0	_

514	1	I	0	0	_
514	1	will	0	0	_
514	1	fight	1	0	Hostile_encounter
514	1	through	1	0	_
514	1	adversity	0	0	_
514	1	.	0	0	_

514	2	I	0	0	_
514	2	will	0	0	_
514	2	fight	1	0	Hostile_encounter
514	2	through	1	0	_
514	2	the	0	0	_
514	2	tough	1	0	Difficulty
514	2	times	0	0	_
514	2	.	0	0	_

514	3	I	0	0	_
514	3	will	0	0	_
514	3	strive	0	0	Attempt
514	3	to	0	0	_
514	3	get	0	0	Transition_to_state
514	3	where	0	0	_

515	0	relationship	0	0	Collaboration
515	0	.	0	0	_

515	1	There	0	0	Existence
515	1	will	0	0	_
515	1	be	0	0	Existence
515	1	times	0	0	Frequency
515	1	where	0	0	_
515	1	they	0	0	_
515	1	bump	1	1	_
515	1	heads	1	0	_
515	1	and	0	0	_
515	1	have	0	0	Required_event
515	1	to	0	0	Required_event
515	1	fight	1	0	Hostile_encounter
515	1	through	1	0	_
515	1	adversity	0	0	_
515	1	.	0	0	_

515	2	It	0	0	_
515	2	might	0	0	Likelihood
515	2	be	0	0	_
515	2	Monday	0	0	Calendric_unit
515	2	night.	0	0	Calendric_unit
515	2	``	0	0	_

515	3	Jon	0	0	_
515	3	told	0	0	Telling
515	3	USA	0	0	_
515	3	TODAY	0	0	_
515	3	Sports	0	0	_
515	3	if	0	0	_
515	3	he	0	0	_

516	0	impact	1	1	Objective_influence
516	0	on	1	0	_
516	0	the	0	0	_
516	0	four	0	0	Cardinal_numbers
516	0	of	0	0	Partitive
516	0	us	0	0	_
516	0	.	0	0	_

516	1	We	0	0	_
516	1	learned	0	0	Education_teaching
516	1	how	0	0	_
516	1	to	0	0	_
516	1	try	0	0	Attempt
516	1	and	0	0	_
516	1	fight	1	0	Hostile_encounter
516	1	through	1	0	_
516	1	adversity	0	0	_
516	1	.	0	0	_

516	2	Coach	0	0	_
516	2	got	1	0	Getting
516	2	all	0	0	_
516	2	in	1	0	_
516	2	us	0	0	_
516	2	and	0	0	_
516	2	made	1	0	Verification
516	2	sure	0	0	Verification
516	2	we	0	0	_
516	2	were	0	0	_
516	2	doing	0	0	Intentionally_act
516	2	the	0	0	_
516	2	right	0	0	Correctness
516	2	thing	1	0	_

517	0	,	0	0	_
517	0	the	0	0	_
517	0	Pole	0	0	_
517	0	expressed	0	0	Expressing_publicly
517	0	his	0	0	_
517	0	pleasure	0	0	Experiencer_focus
517	0	with	1	0	_
517	0	his	0	0	_
517	0	race	0	0	Type
517	0	so	0	0	Continued_state_of_affairs
517	0	far	1	0	Continued_state_of_affairs
517	0	,	0	0	_
517	0	even	0	0	_
517	0	fighting	1	0	Hostile_encounter
517	0	through	1	0	_
517	0	adversity	0	0	_
517	0	.	0	0	_

517	1	#	0	0	_
517	1	``	0	0	_
517	1	So	0	0	Continued_state_of_affairs
517	1	far	1	0	Continued_state_of_affairs
517	1	,	0	0	_
517	1	everything	0	0	_
517	1	is	0	0	_
517	1	going	1	0	Successful_action
517	1	well	0	0	_
517	1	,	0	0	_
517	1	``	0	0	_
517	1	Marczynski	0	0	_
517	1	noted	0	0	Statement
517	1	.	0	0	_

518	0	the	0	0	_
518	0	break	1	1	_
518	0	.	0	0	_

518	1	#	0	0	_
518	1	Amaker	0	0	_
518	1	was	0	0	_
518	1	pleased	0	0	Emotion_directed
518	1	with	1	0	_
518	1	his	0	0	_
518	1	team	0	0	Aggregate
518	1	's	0	0	_
518	1	ability	0	0	Capability
518	1	to	0	0	_
518	1	fight	1	0	Firefighting
518	1	through	1	0	_
518	1	adversity	0	0	_
518	1	in	1	0	_
518	1	the	0	0	_
518	1	first	0	0	Ordinal_numbers
518	1	half	0	0	_
518	1	to	0	0	_
518	1	keep	1	0	Cause_to_continue
518	1	the	0	0	_
518	1	game	0	0	_
518	1	close	1	0	Social_connection
518	1	.	0	0	_

518	2	#	0	0	_
518	2	``	0	0	_
518	2	We	0	0	_
518	2	talked	0	0	Chatting
518	2	about	1	0	_

519	0	``	0	0	_
519	0	We	0	0	_
519	0	understand	0	0	Awareness
519	0	that	0	0	_
519	0	.	0	0	_

519	1	And	0	0	_
519	1	we	0	0	_
519	1	just	0	0	_
519	1	have	0	0	Required_event
519	1	to	0	0	Required_event
519	1	be	0	0	_
519	1	able	0	0	Capability
519	1	to	0	0	_
519	1	fight	1	0	Hostile_encounter
519	1	through	1	0	_
519	1	adversity	0	0	_
519	1	and	0	0	_
519	1	keep	0	0	Activity_ongoing
519	1	moving	1	0	Motion
519	1	forward.	1	0	_
519	1	``	0	0	_

519	2	#	0	0	_
519	2	BRADSHAW	0	0	_
519	2	EXPLAINS	0	0	_
519	2	NON-START	0	0	_
519	2	Ahmad	0	0	_
519	2	Bradshaw	0	0	_
519	2	did	0	0	_
519	2	n't	0	0	_
519	2	start	0	0	Process_start

520	0	3229330	0	0	_
520	0	Wisconsin	0	0	_
520	0	Fights	1	0	Hostile_encounter
520	0	Through	1	0	_
520	0	Adversity	0	0	_
520	0	To	0	0	_
520	0	Earn	1	0	Getting
520	0	Road	0	0	Roadways
520	0	Tie	1	1	Make_cognitive_connection
520	0	At	1	0	_
520	0	Minnesota	0	0	_
520	0	#	0	0	_
520	0	MINNEAPOLIS	0	0	_
520	0	--	0	0	_
520	0	It	0	0	_
520	0	's	0	0	_
520	0	been	0	0	_
520	0	quite	0	0	_
520	0	the	0	0	_
520	0	first	0	0	Ordinal_numbers

521	0	hung	0	0	_
521	0	int	0	0	_
521	0	here	0	0	Locative_relation
521	0	and	0	0	_
521	0	they	0	0	_
521	0	are	0	0	_
521	0	hanging	0	0	_
521	0	in	0	0	_
521	0	there	0	0	_
521	0	together	0	0	_
521	0	.	0	0	_

521	1	They	0	0	_
521	1	have	0	0	_
521	1	fought	1	0	Hostile_encounter
521	1	through	1	0	_
521	1	adversity	0	0	_
521	1	since	0	0	Time_vector
521	1	a	0	0	_
521	1	spring	0	0	Calendric_unit
521	1	ago	0	0	Time_vector
521	1	.	0	0	_

521	2	It	0	0	_
521	2	's	0	0	_
521	2	almost	0	0	Proportional_quantity
521	2	a	0	0	_
521	2	year	0	0	Measure_duration
521	2	now	0	0	Temporal_collocation
521	2	.	0	0	_

521	3	They	0	0	_
521	3	're	0	0	_
521	3	going	0	0	Motion

522	0	it	0	0	_
522	0	's	0	0	_
522	0	going	0	0	_
522	0	to	0	0	_
522	0	get	0	0	Transition_to_state
522	0	better	0	0	Desirability
522	0	.	0	0	_

522	1	I	0	0	_
522	1	've	0	0	_
522	1	just	0	0	_
522	1	got	0	0	Required_event
522	1	to	0	0	Required_event
522	1	keep	0	0	Activity_ongoing
522	1	fighting	1	0	Firefighting
522	1	through	1	0	_
522	1	adversity	0	0	_
522	1	.	0	0	_

522	2	I	0	0	_
522	2	can	0	0	Capability
522	2	make	1	0	Intentionally_create
522	2	plays	0	0	_
522	2	,	0	0	_
522	2	and	0	0	_
522	2	I	0	0	_
522	2	know	0	0	Awareness
522	2	that	1	0	_
522	2	,	0	0	_
522	2	and	0	0	_
522	2	I	0	0	_
522	2	know	0	0	Awareness
522	2	my	0	0	_

523	0	#	0	0	_
523	0	Rivers	0	0	_
523	0	says	0	0	Statement
523	0	the	0	0	_
523	0	team	0	0	Aggregate
523	0	has	0	0	_
523	0	matured	1	1	Progression
523	0	,	0	0	_
523	0	developing	1	1	Cause_to_make_progress
523	0	more	0	0	Increment
523	0	week-to-week	0	0	Calendric_unit
523	0	focus	1	0	Emphasizing
523	0	in	1	0	_
523	0	fighting	1	1	Firefighting
523	0	through	1	0	_
523	0	adversity	0	0	_
523	0	.	0	0	_

523	1	He	0	0	_
523	1	pointed	0	0	Cause_to_perceive
523	1	to	0	0	_
523	1	the	0	0	_
523	1	calm	1	0	_
523	1	locker	0	0	Building_subparts
523	1	room	0	0	Building_subparts
523	1	Sunday	0	0	Calendric_unit
523	1	night	0	0	Calendric_unit
523	1	,	0	0	_
523	1	as	0	0	_
523	1	the	0	0	_
523	1	team	0	0	Aggregate
523	1	that	0	0	_

524	0	situation	1	0	_
524	0	is	0	0	_
524	0	different	0	0	Similarity
524	0	,	0	0	_
524	0	and	0	0	_
524	0	not	0	0	_
524	0	easily	0	0	_
524	0	captured	1	1	_
524	0	in	1	0	_
524	0	statistics	0	0	_
524	0	.	0	0	_

524	1	Some	0	0	Proportional_quantity
524	1	have	0	0	_
524	1	battled	1	1	Hostile_encounter
524	1	through	1	0	_
524	1	adversity	0	0	_
524	1	to	0	0	_
524	1	emerge	0	0	Coming_to_be
524	1	better	0	0	Desirability
524	1	off	0	0	_
524	1	;	0	0	_
524	1	others	0	0	Increment
524	1	are	0	0	_
524	1	still	0	0	Continued_state_of_affairs
524	1	left	0	0	Abandonment
524	1	behind	1	0	Abandonment
524	1	.	0	0	_

524	2	Five	0	0	Cardinal_numbers
524	2	years	0	0	Calendric_unit
524	2	into	1	0	_
524	2	the	0	0	_

525	0	we	0	0	_
525	0	asked	0	0	Questioning
525	0	you	0	0	_
525	0	to	0	0	_
525	0	send	0	0	Sending
525	0	us	0	0	_
525	0	your	0	0	_
525	0	stories	0	0	_
525	0	,	0	0	_
525	0	telling	0	0	Telling
525	0	us	0	0	_
525	0	how	0	0	_
525	0	you	0	0	_
525	0	battled	1	1	Hostile_encounter
525	0	through	1	0	_
525	0	adversity	0	0	_
525	0	.	0	0	_

525	1	Thousands	0	0	Quantified_mass
525	1	and	0	0	_
525	1	thousands	0	0	Quantified_mass
525	1	wrote	0	0	Text_creation
525	1	in	0	0	_
525	1	,	0	0	_
525	1	telling	0	0	Telling
525	1	us	0	0	_
525	1	how	0	0	_
525	1	as	0	0	_
525	1	,	0	0	_
525	1	in	1	0	_
525	1	the	0	0	_
525	1	words	0	0	Simple_name

526	0	shown	0	0	_
526	0	on	1	0	_
526	0	ESPN2	0	0	_
526	0	Montreal	0	0	_
526	0	coach	0	0	_
526	0	Dan	0	0	_
526	0	Hawkins	0	0	_
526	0	said	0	0	Statement
526	0	:	0	0	_
526	0	``	0	0	_
526	0	You	0	0	_
526	0	have	0	0	Required_event
526	0	to	0	0	Required_event
526	0	battle	1	1	Hostile_encounter
526	0	through	1	0	_
526	0	adversity	0	0	_
526	0	.	0	0	_

526	1	How	0	0	_
526	1	you	0	0	_
526	1	handle	1	0	Resolve_problem
526	1	that	1	0	_
526	1	determines	0	0	Contingency
526	1	a	0	0	Quantified_mass
526	1	lot	1	0	Quantified_mass
526	1	who	0	0	_
526	1	you	0	0	_
526	1	are	0	0	_
526	1	as	0	0	_
526	1	a	0	0	_
526	1	person	0	0	People
526	1	and	0	0	_

527	0	#	0	0	_
527	0	Things	1	0	_
527	0	are	0	0	_
527	0	tough	1	0	Difficulty
527	0	right	0	0	Temporal_collocation
527	0	now	0	0	Temporal_collocation
527	0	,	0	0	_
527	0	but	0	0	Concessive
527	0	great	1	0	Desirability
527	0	teams	0	0	Aggregate
527	0	are	0	0	_
527	0	made	1	0	Intentionally_create
527	0	from	1	0	_
527	0	battling	1	1	Hostile_encounter
527	0	through	1	0	_
527	0	adversity	0	0	_
527	0	.	0	0	_

527	1	For	0	0	_
527	1	UW	0	0	_
527	1	,	0	0	_
527	1	there	0	0	Existence
527	1	's	0	0	Existence
527	1	no	0	0	_
527	1	time	0	0	_
527	1	like	0	0	Similarity
527	1	the	0	0	_
527	1	present	0	0	Temporal_collocation
527	1	.	0	0	_

527	2	#	0	0	_
527	2	Wisconsin	0	0	_
527	2	heads	1	1	_

528	0	ability	0	0	Capability
528	0	to	0	0	_
528	0	be	0	0	_
528	0	patient	0	0	Waiting
528	0	,	0	0	_
528	0	to	0	0	_
528	0	not	0	0	_
528	0	let	0	0	Preventing_or_letting
528	0	mistakes	0	0	Catastrophe
528	0	bother	0	0	Experiencer_obj
528	0	him	0	0	_
528	0	,	0	0	_
528	0	to	0	0	_
528	0	battle	1	0	Hostile_encounter
528	0	through	1	0	_
528	0	adversity	0	0	_
528	0	of	0	0	_
528	0	all	0	0	Quantified_mass
528	0	kinds	0	0	Type
528	0	,	0	0	_
528	0	struck	1	0	Experiencer_obj
528	0	a	0	0	_
528	0	chord	1	1	_
528	0	.	0	0	_

528	1	And	0	0	_
528	1	so	0	0	_
528	1	,	0	0	_
528	1	when	0	0	Temporal_collocation
528	1	he	0	0	_
528	1	shot	1	0	Hit_target
528	1	74	0	0	_

529	0	found	1	0	Coming_to_believe
529	0	intractable	0	0	_
529	0	.	0	0	_

529	1	We	0	0	_
529	1	are	0	0	_
529	1	then	0	0	Temporal_collocation
529	1	introduced	1	0	_
529	1	to	1	0	_
529	1	the	0	0	_
529	1	``	0	0	_
529	1	hero	0	0	_
529	1	``	0	0	_
529	1	who	0	0	_
529	1	struggles	1	0	Hostile_encounter
529	1	against	1	0	_
529	1	adversity	0	0	_
529	1	to	0	0	_
529	1	emerge	1	1	Coming_to_be
529	1	vindicated	0	0	Evidence
529	1	.	0	0	_

529	2	Conflict	0	0	Hostile_encounter
529	2	,	0	0	_
529	2	essential	0	0	Being_necessary
529	2	to	1	0	_
529	2	all	0	0	Quantified_mass
529	2	good	0	0	Desirability
529	2	storytelling	0	0	_
529	2	,	0	0	_
529	2	is	0	0	_
529	2	introduced	1	0	_
529	2	in	1	0	_

530	0	the	0	0	_
530	0	Lost	0	0	_
530	0	Civilization	0	0	_
530	0	.	0	0	_

530	1	The	0	0	_
530	1	Vindicated	0	0	_
530	1	Thinker	0	0	Cogitation
530	1	,	0	0	_
530	1	in	1	0	_
530	1	this	1	0	_
530	1	case	0	0	Instance
530	1	Hancock	0	0	_
530	1	,	0	0	_
530	1	struggles	1	0	Hostile_encounter
530	1	against	1	0	_
530	1	adversity	0	0	_
530	1	to	0	0	_
530	1	prove	0	0	Evidence
530	1	his	0	0	_
530	1	dearly	0	0	_
530	1	held	1	0	_
530	1	notions	0	0	Awareness
530	1	.	0	0	_

530	2	The	0	0	_
530	2	locations	0	0	Locale
530	2	are	0	0	_
530	2	spectacular	0	0	Stimulus_focus
530	2	and	0	0	_
530	2	come	1	0	_
530	2	hard	1	0	_
530	2	on	1	0	_

531	0	became	0	0	Becoming
531	0	addicted	0	0	Intoxicants
531	0	.	0	0	_

531	1	But	0	0	Concessive
531	1	essentially	0	0	_
531	1	,	0	0	_
531	1	the	0	0	_
531	1	message	1	1	_
531	1	of	0	0	_
531	1	Lew	0	0	_
531	1	Puller	0	0	_
531	1	is	0	0	_
531	1	really	0	0	_
531	1	struggling	1	1	Hostile_encounter
531	1	against	1	0	_
531	1	adversity	0	0	_
531	1	.	0	0	_

531	2	CHRIS	0	0	_
531	2	BURY	0	0	_
531	2	:	0	0	_
531	2	voice-over	0	0	_
531	2	From	1	0	Time_vector
531	2	the	0	0	_
531	2	beginning	0	0	Temporal_subregion
531	2	,	0	0	_
531	2	Lewis	0	0	_
531	2	Puller	0	0	_
531	2	,	0	0	_
531	2	Junior	0	0	_
531	2	had	1	0	Possession
531	2	a	0	0	_

532	0	are	0	0	_
532	0	persistent	0	0	Duration_description
532	0	in	0	0	Interior_profile_relation
532	0	America	0	0	_
532	0	.	0	0	_

532	1	We	0	0	_
532	1	cling	1	1	_
532	1	to	1	0	_
532	1	images	1	0	Impression
532	1	of	0	0	_
532	1	the	0	0	_
532	1	farm	0	0	Locale_by_use
532	1	family	0	0	Kinship
532	1	struggling	1	1	Hostile_encounter
532	1	against	1	0	_
532	1	adversity	0	0	_
532	1	,	0	0	_
532	1	nurturing	1	1	_
532	1	life	0	0	_
532	1	from	1	0	_
532	1	the	0	0	_
532	1	land	0	0	_
532	1	;	0	0	_
532	1	to	1	0	_
532	1	ideals	0	0	_
532	1	of	0	0	_
532	1	honesty	0	0	_
532	1	and	0	0	_
532	1	hard	1	0	Difficulty
532	1	work	0	0	Work
532	1	;	0	0	_

533	0	look	0	0	Perception_active
533	0	at	0	0	_
533	0	this	0	0	_
533	0	is	0	0	_
533	0	,	0	0	_
533	0	is	0	0	Existence
533	0	there	0	0	Existence
533	0	some	0	0	Proportional_quantity
533	0	benefit	0	0	_
533	0	to	1	0	_
533	0	learning	0	0	Education_teaching
533	0	how	0	0	_
533	0	to	0	0	_
533	0	struggle	1	1	Hostile_encounter
533	0	with	1	0	_
533	0	adversity	0	0	_
533	0	?	0	0	_

533	1	We	0	0	_
533	1	're	0	0	_
533	1	not	0	0	_
533	1	convinced	0	0	Certainty
533	1	confidence	0	0	Certainty
533	1	is	0	0	_
533	1	gained	1	0	Getting
533	1	by	0	0	Means
533	1	changing	0	0	Cause_change
533	1	the	0	0	_
533	1	way	1	0	Manner
533	1	you	0	0	_
533	1	look	0	0	Give_impression
533	1	.	0	0	_

534	0	1999	0	0	_
534	0	50	0	0	_
534	0	Cent	0	0	_
534	0	was	0	0	_
534	0	one	0	0	Cardinal_numbers
534	0	of	0	0	Partitive
534	0	the	0	0	_
534	0	thousands	0	0	Quantified_mass
534	0	of	0	0	_
534	0	young	0	0	Age
534	0	MC	0	0	_
534	0	's	0	0	_
534	0	,	0	0	_
534	0	struggling	1	1	_
534	0	with	1	0	_
534	0	adversity	0	0	_
534	0	.	0	0	_

534	1	My	0	0	_
534	1	best	0	0	Personal_relationship
534	1	friend	0	0	Personal_relationship
534	1	and	0	0	_
534	1	favorite	0	0	_
534	1	rapper	0	0	_
534	1	all	0	0	Locative_relation
534	1	around	0	0	Locative_relation
534	1	the	0	0	_
534	1	world	0	0	Political_locales
534	1	.	0	0	_

534	2	Bring	0	0	Bringing
534	2	forth	1	1	_
534	2	the	0	0	_

535	0	,	0	0	_
535	0	was	0	0	_
535	0	erected	0	0	Building
535	0	in	1	0	Temporal_collocation
535	0	1848	0	0	_
535	0	.	0	0	_

535	1	The	0	0	_
535	1	German	0	0	People_by_origin
535	1	Catholics	0	0	People_by_religion
535	1	of	0	0	Origin
535	1	Albany	0	0	_
535	1	,	0	0	_
535	1	though	0	0	Concessive
535	1	struggling	1	1	Hostile_encounter
535	1	with	1	0	_
535	1	difficulties	0	0	Difficulty
535	1	,	0	0	_
535	1	were	0	0	_
535	1	soon	0	0	Temporal_collocation
535	1	rearing	1	1	_
535	1	a	0	0	_
535	1	near	0	0	_
535	1	Gothing	0	0	_
535	1	church	0	0	Buildings
535	1	on	0	0	Spatial_contact
535	1	Hamilton	0	0	_
535	1	and	0	0	_
535	1	Philip	0	0	_
535	1	Streets	0	0	Roadways
535	1	.	0	0	_

535	2	Addressing	0	0	Statement

536	0	at	0	0	_
536	0	last	0	0	_
536	0	.	0	0	_

536	1	The	0	0	_
536	1	thought	0	0	Awareness
536	1	that	0	0	_
536	1	many	0	0	Quantified_mass
536	1	eyes	0	0	Body_parts
536	1	are	0	0	_
536	1	upon	1	0	_
536	1	believers	0	0	_
536	1	,	0	0	_
536	1	when	0	0	Temporal_collocation
536	1	struggling	1	1	Hostile_encounter
536	1	with	1	0	_
536	1	difficulties	0	0	Difficulty
536	1	or	0	0	_
536	1	temptations	0	0	Subjective_influence
536	1	,	0	0	_
536	1	should	0	0	Desirable_event
536	1	encourage	0	0	Subjective_influence
536	1	constancy	0	0	_
536	1	and	0	0	_
536	1	patience	0	0	Experiencer_focus
536	1	.	0	0	_

536	2	We	0	0	_
536	2	are	0	0	_
536	2	weak	1	1	Level_of_force_exertion
536	2	,	0	0	_
536	2	but	0	0	Concessive
536	2	ye	0	0	_

537	0	at	0	0	_
537	0	last	0	0	_
537	0	.	0	0	_

537	1	The	0	0	_
537	1	thought	0	0	Awareness
537	1	that	0	0	_
537	1	many	0	0	Quantified_mass
537	1	eyes	0	0	Body_parts
537	1	are	0	0	_
537	1	upon	1	0	_
537	1	believers	0	0	_
537	1	,	0	0	_
537	1	when	0	0	Temporal_collocation
537	1	struggling	1	1	Hostile_encounter
537	1	with	1	0	_
537	1	difficulties	0	0	Difficulty
537	1	or	0	0	_
537	1	temptations	0	0	Subjective_influence
537	1	,	0	0	_
537	1	should	0	0	Desirable_event
537	1	encourage	0	0	Subjective_influence
537	1	constancy	0	0	_
537	1	and	0	0	_
537	1	patience	0	0	Experiencer_focus
537	1	.	0	0	_

537	2	We	0	0	_
537	2	are	0	0	_
537	2	weak	1	1	Level_of_force_exertion
537	2	,	0	0	_
537	2	but	0	0	Concessive
537	2	ye	0	0	_

538	0	etc	0	0	_
538	0	.	0	0	_

538	1	are	0	0	_
538	1	few	1	0	Quantified_mass
538	1	and	0	0	_
538	1	far	1	0	_
538	1	between	1	0	_
538	1	.	0	0	_

538	2	Maybe	0	0	Likelihood
538	2	non	0	0	_
538	2	existent	0	0	Existence
538	2	.	0	0	_

538	3	Families	0	0	Kinship
538	3	always	0	0	Frequency
538	3	struggle	1	1	Hostile_encounter
538	3	with	1	0	_
538	3	hardship	0	0	_
538	3	at	1	0	_
538	3	times	0	0	Frequency
538	3	and	0	0	_
538	3	often	0	0	Frequency
538	3	misunderstandings	0	0	_
538	3	and	0	0	_
538	3	hurt	1	0	Cause_harm
538	3	.	0	0	_

538	4	#	0	0	_
538	4	I	0	0	_
538	4	think	0	0	Opinion
538	4	the	0	0	_
538	4	key	1	0	Importance
538	4	is	0	0	_
538	4	to	0	0	_

539	0	consider	1	0	Cogitation
539	0	those	1	0	_
539	0	who	0	0	_
539	0	came	1	0	Arriving
539	0	before	1	0	Time_vector
539	0	us	0	0	_
539	0	,	0	0	_
539	0	you	0	0	_
539	0	realize	0	0	Coming_to_believe
539	0	that	0	0	_
539	0	every	0	0	Frequency
539	0	age	0	0	Calendric_unit
539	0	has	0	0	_
539	0	struggled	1	1	Hostile_encounter
539	0	with	1	0	_
539	0	hardship	0	0	_
539	0	and	0	0	_
539	0	uncertainty	0	0	Certainty
539	0	,	0	0	_
539	0	suffering	0	0	Catastrophe
539	0	and	0	0	_
539	0	war	0	0	Hostile_encounter
539	0	.	0	0	_

539	1	#	0	0	_
539	1	Every	0	0	_
539	1	generation	0	0	_
539	1	has	0	0	_
539	1	turned	1	0	_
539	1	to	1	0	_
539	1	God	0	0	_
539	1	in	1	0	_

540	0	Hard	1	0	Difficulty
540	0	Choices	0	0	Choosing
540	0	,	0	0	_
540	0	``	0	0	_
540	0	right	0	0	Correctness
540	0	?	0	0	_

540	1	So	0	0	_
540	1	,	0	0	_
540	1	you	0	0	_
540	1	know	0	0	Awareness
540	1	,	0	0	_
540	1	Mrs.	0	0	_
540	1	Clinton	0	0	_
540	1	grappling	1	1	_
540	1	with	1	0	_
540	1	difficulties	0	0	Difficulty
540	1	.	0	0	_

540	2	She	0	0	_
540	2	was	0	0	_
540	2	in	1	0	_
540	2	difficult	0	0	Difficulty
540	2	times	0	0	_
540	2	.	0	0	_

540	3	that	1	0	_
540	3	does	0	0	_
540	3	n't	0	0	_
540	3	have	1	0	_
540	3	much	0	0	_
540	3	consequence	0	0	_
540	3	for	0	0	_
540	3	her	0	0	_

541	0	become	0	0	Becoming
541	0	a	0	0	_
541	0	hallowed	0	0	_
541	0	memory	0	0	Memory
541	0	.	0	0	_

541	1	He	0	0	_
541	1	is	0	0	_
541	1	no	0	0	Temporal_collocation
541	1	longer	0	0	Temporal_collocation
541	1	a	0	0	_
541	1	man	0	0	People
541	1	struggling	1	1	Hostile_encounter
541	1	and	0	0	_
541	1	grappling	1	1	Hostile_encounter
541	1	with	1	0	_
541	1	difficulties	0	0	Difficulty
541	1	,	0	0	_
541	1	as	0	0	_
541	1	in	1	0	_
541	1	his	0	0	_
541	1	letters	0	0	Text
541	1	;	0	0	_
541	1	he	0	0	_
541	1	has	0	0	_
541	1	become	0	0	Becoming
541	1	a	0	0	_
541	1	heroic	0	0	_
541	1	figure	0	0	_
541	1	and	0	0	_
541	1	towers	1	1	Buildings
541	1	above	0	0	Directional_locative_relation

542	0	lesson	1	1	Education_teaching
542	0	on	1	0	Topic
542	0	world	0	0	Political_locales
542	0	religions	0	0	_
542	0	.	0	0	_

542	1	#	0	0	_
542	1	But	0	0	Concessive
542	1	in	1	0	Temporal_collocation
542	1	recent	0	0	Relative_time
542	1	years	0	0	Calendric_unit
542	1	the	0	0	_
542	1	school	0	0	Locale_by_use
542	1	has	0	0	_
542	1	wrestled	1	1	Hostile_encounter
542	1	with	1	0	_
542	1	difficulties	0	0	Difficulty
542	1	that	0	0	_
542	1	are	0	0	_
542	1	emblematic	0	0	Distinctiveness
542	1	of	0	0	_
542	1	other	0	0	Increment
542	1	small	0	0	Size
542	1	schools	0	0	Locale_by_use
542	1	'	0	0	_
542	1	struggles	1	1	Hostile_encounter
542	1	.	0	0	_

542	2	Museum	0	0	Locale_by_use
542	2	's	0	0	_
542	2	founding	0	0	_
542	2	co-directors	0	0	_
542	2	were	0	0	_

543	0	whiteboards	0	0	_
543	0	were	0	0	_
543	0	purchased	0	0	Commerce_buy
543	0	through	1	0	_
543	0	a	0	0	_
543	0	federal	0	0	Political_locales
543	0	grant	0	0	_
543	0	that	0	0	_
543	0	mandated	0	0	Deny_or_grant_permission
543	0	a	0	0	_
543	0	portion	1	0	Part_whole
543	0	of	0	0	_
543	0	the	0	0	_
543	0	funds	0	0	Money
543	0	be	0	0	_
543	0	reserved	0	0	_
543	0	for	0	0	_
543	0	training	0	0	Education_teaching
543	0	in	1	0	_
543	0	the	0	0	_
543	0	use	0	0	Using
543	0	of	0	0	_
543	0	the	0	0	_
543	0	boards	0	0	_
543	0	and	0	0	_
543	0	other	0	0	Increment
543	0	technologies	0	0	Artifact
543	0	obtained	0	0	Getting
543	0	with	1	0	_
543	0	the	0	0	_
543	0	funding	0	0	_

544	0	.	0	0	_

544	1	I	0	0	_
544	1	see	1	0	Perception_experience
544	1	.	0	0	_

544	2	So	0	0	_
544	2	,	0	0	_
544	2	now	0	0	Temporal_collocation
544	2	my	0	0	_
544	2	son	0	0	Kinship
544	2	lives	0	0	Residence
544	2	on	1	0	Process_continue
544	2	forever	0	0	_
544	2	in	0	0	Interior_profile_relation
544	2	some	0	0	Proportional_quantity
544	2	Valhalla	0	0	_
544	2	reserved	1	1	_
544	2	for	0	0	_
544	2	training	0	0	Education_teaching
544	2	accidents	0	0	Catastrophe
544	2	.	0	0	_

544	3	The	0	0	_
544	3	tragedy	0	0	Catastrophe
544	3	of	0	0	_
544	3	his	0	0	_
544	3	death	0	0	Death
544	3	does	0	0	_
544	3	n't	0	0	_
544	3	diminish	0	0	_
544	3	the	0	0	_
544	3	honour	0	0	Stimulus_focus
544	3	,	0	0	_

545	0	Projects	0	0	Project
545	0	By	0	0	_
545	0	The	0	0	_
545	0	Gorilla	0	0	_
545	0	About	1	0	Topic
545	0	GreyscaleGorilla	0	0	_
545	0	#	0	0	_
545	0	Greyscalegorilla	0	0	_
545	0	is	0	0	_
545	0	an	0	0	_
545	0	active	1	0	Being_active
545	0	community	0	0	Aggregate
545	0	and	0	0	_
545	0	resource	1	0	_
545	0	for	0	0	_
545	0	training	0	0	Education_teaching
545	0	and	0	0	_
545	0	tools	1	1	Gizmo
545	0	for	0	0	_
545	0	creative	0	0	_
545	0	types	0	0	Type
545	0	.	0	0	_

545	1	We	0	0	_
545	1	want	0	0	Desiring
545	1	to	0	0	_
545	1	make	1	0	Cause_change
545	1	learning	0	0	Education_teaching
545	1	more	0	0	_
545	1	accessible	0	0	Having_or_lacking_access

546	0	I	0	0	_
546	0	thought	0	0	Awareness
546	0	.	0	0	_

546	1	JON-WERTHEIM	0	0	_
546	1	)	0	0	_
546	1	(	0	0	_
546	1	voiceover	0	0	_
546	1	:	0	0	_
546	1	When	0	0	Temporal_collocation
546	1	a	0	0	_
546	1	rolldown	0	0	_
546	1	was	0	0	_
546	1	announced	0	0	Statement
546	1	,	0	0	_
546	1	Jerry	0	0	_
546	1	sprang	1	0	Self_motion
546	1	into	1	0	_
546	1	action	0	0	Intentionally_act
546	1	.	0	0	_

546	2	He	0	0	_
546	2	bought	0	0	Commerce_buy
546	2	thirty-six	0	0	_
546	2	hundred	0	0	_
546	2	dollars	0	0	_
546	2	in	1	0	_
546	2	Winfall	0	0	_
546	2	tickets	0	0	_
546	2	and	0	0	_
546	2	won	0	0	Earnings_and_losses
546	2	sixty-three	0	0	_
546	2	hundred	0	0	_
546	2	dollars	0	0	_
546	2	.	0	0	_

547	0	the	0	0	_
547	0	lifeless	0	0	Dead_or_alive
547	0	form	0	0	_
547	0	on	0	0	Spatial_contact
547	0	the	0	0	_
547	0	ground	0	0	_
547	0	,	0	0	_
547	0	Rhett	0	0	_
547	0	broke	1	0	_
547	0	from	1	0	_
547	0	the	0	0	_
547	0	spell	1	1	_
547	0	and	0	0	_
547	0	sprung	1	1	Self_motion
547	0	into	1	0	_
547	0	action	0	0	Intentionally_act
547	0	.	0	0	_

547	1	#	0	0	_
547	1	This	1	0	_
547	1	was	0	0	_
547	1	wrong	0	0	Correctness
547	1	,	0	0	_
547	1	so	0	0	_
547	1	incredibly	0	0	_
547	1	wrong	0	0	Correctness
547	1	.	0	0	_

547	2	He	0	0	_
547	2	was	0	0	_
547	2	n't	0	0	_
547	2	supposed	0	0	_
547	2	to	0	0	_

548	0	#	0	0	_
548	0	Carus	0	0	_
548	0	,	0	0	_
548	0	living	0	0	Residence
548	0	on	0	0	Spatial_contact
548	0	the	0	0	_
548	0	streets	0	0	Roadways
548	0	and	0	0	_
548	0	a	0	0	_
548	0	fentanyl	0	0	Intoxicants
548	0	user	0	0	Using
548	0	himself	0	0	_
548	0	,	0	0	_
548	0	sprang	1	0	Self_motion
548	0	into	1	0	_
548	0	action	0	0	Intentionally_act
548	0	.	0	0	_

548	1	He	0	0	_
548	1	prepared	0	0	Activity_prepare
548	1	a	0	0	_
548	1	shot	0	0	Hit_target
548	1	of	0	0	_
548	1	naloxone	0	0	Substance
548	1	and	0	0	_
548	1	told	0	0	Telling
548	1	a	0	0	_
548	1	bystander	0	0	_
548	1	to	0	0	_
548	1	call	0	0	Contacting
548	1	911	0	0	_
548	1	.	0	0	_

549	0	Meili	0	0	_
549	0	picked	0	0	Getting
549	0	up	0	0	_
549	0	a	0	0	_
549	0	girl	0	0	People
549	0	he	0	0	_
549	0	met	0	0	Make_acquaintance
549	0	on	1	0	_
549	0	his	0	0	_
549	0	dating	0	0	Forming_relationships
549	0	app	0	0	_
549	0	,	0	0	_
549	0	police	0	0	_
549	0	sprang	1	1	Self_motion
549	0	into	1	0	_
549	0	action	0	0	Intentionally_act
549	0	.	0	0	_

549	1	#	0	0	_
549	1	They	0	0	_
549	1	scoured	0	0	Scrutiny
549	1	the	0	0	_
549	1	nearby	0	0	Locative_relation
549	1	woods	0	0	Biological_area
549	1	and	0	0	_
549	1	knocked	0	0	_
549	1	on	0	0	_
549	1	doors	0	0	Connecting_architecture
549	1	in	0	0	Interior_profile_relation
549	1	Republic	0	0	_
549	1	,	0	0	_
549	1	Mo	0	0	_
549	1	.	0	0	_

550	0	public	0	0	Secrecy_status
550	0	outcry	0	0	Attempt_suasion
550	0	to	0	0	_
550	0	``	0	0	_
550	0	do	0	0	Intentionally_act
550	0	something	0	0	_
550	0	,	0	0	_
550	0	``	0	0	_
550	0	prompted	0	0	Cause_to_start
550	0	the	0	0	_
550	0	DeWine	0	0	_
550	0	administration	0	0	_
550	0	to	0	0	_
550	0	spring	1	0	Self_motion
550	0	into	1	0	_
550	0	action	0	0	Intentionally_act
550	0	.	0	0	_

550	1	The	0	0	_
550	1	move	1	0	Intentionally_act
550	1	drew	1	0	Cause_motion
550	1	praise	0	0	Judgment_communication
550	1	from	1	0	_
550	1	Democrats	0	0	_
550	1	across	1	0	Locative_relation
550	1	the	0	0	_
550	1	state	0	0	Political_locales
550	1	,	0	0	_
550	1	and	0	0	_
550	1	a	0	0	_
550	1	public	0	0	Secrecy_status
550	1	reaction	1	0	Response

551	0	that	0	0	_
551	0	had	0	0	_
551	0	fallen	0	0	Motion_directional
551	0	through	0	0	_
551	0	the	0	0	_
551	0	ice	0	0	_
551	0	into	0	0	Goal
551	0	a	0	0	_
551	0	pond	0	0	Natural_features
551	0	.	0	0	_

551	1	The	0	0	_
551	1	firefighters	0	0	People_by_vocation
551	1	quickly	0	0	Speed_description
551	1	spring	1	0	Self_motion
551	1	into	1	0	_
551	1	action	0	0	Intentionally_act
551	1	,	0	0	_
551	1	rushed	0	0	Self_motion
551	1	to	0	0	_
551	1	the	0	0	_
551	1	dog	0	0	Animals
551	1	's	0	0	_
551	1	location	0	0	Locale
551	1	.	0	0	_

551	2	They	0	0	_
551	2	found	0	0	Becoming_aware
551	2	him	0	0	_
551	2	struggling	0	0	Hostile_encounter
551	2	in	0	0	Interior_profile_relation
551	2	the	0	0	_
551	2	frigid	0	0	Ambient_temperature

552	0	hit	0	0	Attack
552	0	man	0	0	People
552	0	,	0	0	_
552	0	but	0	0	Concessive
552	0	Javier	0	0	_
552	0	was	0	0	_
552	0	really	0	0	_
552	0	an	0	0	_
552	0	undercover	0	0	_
552	0	cop	0	0	People_by_vocation
552	0	.	0	0	_

552	1	So	0	0	_
552	1	police	0	0	_
552	1	spring	1	0	Self_motion
552	1	into	1	0	_
552	1	action	0	0	Intentionally_act
552	1	,	0	0	_
552	1	immediately	0	0	_
552	1	reaching	1	0	_
552	1	out	1	0	_
552	1	to	1	0	_
552	1	Valerie	0	0	_
552	1	's	0	0	_
552	1	ex-husband	0	0	Personal_relationship
552	1	Mack	0	0	_
552	1	to	0	0	_
552	1	tip	0	0	_
552	1	him	0	0	_
552	1	off	0	0	_
552	1	.	0	0	_

552	2	And	0	0	_

553	0	the	0	0	_
553	0	country	0	0	Political_locales
553	0	.	0	0	_

553	1	And	0	0	_
553	1	,	0	0	_
553	1	with	1	0	_
553	1	American	0	0	Origin
553	1	jobs	0	0	Being_employed
553	1	in	1	0	_
553	1	jeopardy	0	0	Risky_situation
553	1	,	0	0	_
553	1	Trump	0	0	_
553	1	immediately	0	0	_
553	1	sprung	1	1	Self_motion
553	1	into	1	0	_
553	1	action	0	0	Intentionally_act
553	1	and	0	0	_
553	1	wrote	0	0	Text_creation
553	1	a	0	0	_
553	1	tweet	0	0	Text
553	1	about	1	0	_
553	1	how	0	0	_
553	1	that	1	0	_
553	1	hurts	1	0	Experiencer_obj
553	1	his	0	0	_
553	1	feelings	0	0	Feeling
553	1	.	0	0	_

553	2	(	0	0	_
553	2	LAUGHTER	0	0	_
553	2	SAGAL	0	0	_
553	2	)	0	0	_
553	2	:	0	0	_
553	2	It	0	0	_

554	0	was	0	0	_
554	0	Russian-	0	0	Origin
554	0	linked	1	1	Cognitive_connection
554	0	bots	0	0	_
554	0	.	0	0	_

554	1	It	0	0	_
554	1	was	0	0	_
554	1	meant	0	0	_
554	1	to	0	0	_
554	1	amplify	0	0	_
554	1	political	0	0	_
554	1	divisions	1	1	_
554	1	,	0	0	_
554	1	sprang	1	1	_
554	1	into	1	0	_
554	1	action	0	0	Intentionally_act
554	1	on	1	0	_
554	1	social	0	0	_
554	1	media	0	0	_
554	1	,	0	0	_
554	1	calling	1	0	Request
554	1	for	0	0	_
554	1	that	1	0	_
554	1	memo	0	0	Text
554	1	's	0	0	_
554	1	release	0	0	Releasing
554	1	.	0	0	_

554	2	And	0	0	_
554	2	of	0	0	_
554	2	course	0	0	_
554	2	they	0	0	_

555	0	Mrs.	0	0	_
555	0	Proulx	0	0	_
555	0	.	0	0	_

555	1	#	0	0	_
555	1	Like	0	0	Similarity
555	1	Joan	0	0	_
555	1	of	0	0	_
555	1	Arc	0	0	_
555	1	,	0	0	_
555	1	like	0	0	Similarity
555	1	Clara	0	0	_
555	1	Barton	0	0	_
555	1	,	0	0	_
555	1	Meg	0	0	_
555	1	sprang	1	0	Self_motion
555	1	into	1	0	_
555	1	action	0	0	Intentionally_act
555	1	,	0	0	_
555	1	racing	1	1	Self_motion
555	1	for	0	0	_
555	1	the	0	0	_
555	1	broom	0	0	_
555	1	closet	0	0	Building_subparts
555	1	while	0	0	Temporal_collocation
555	1	Joe	0	0	_
555	1	ran	0	0	Self_motion
555	1	through	0	0	_
555	1	the	0	0	_
555	1	glass	0	0	Substance
555	1	and	0	0	_
555	1	went	0	0	Motion
555	1	down	0	0	_

556	0	did	0	0	_
556	0	not	0	0	_
556	0	mention	1	0	Statement
556	0	Wendy	0	0	_
556	0	's	0	0	_
556	0	in	1	0	_
556	0	its	0	0	_
556	0	marketing	0	0	_
556	0	,	0	0	_
556	0	the	0	0	_
556	0	rival	0	0	Evaluative_comparison
556	0	chain	0	0	Businesses
556	0	quickly	0	0	_
556	0	sprung	1	1	_
556	0	into	1	0	_
556	0	action	1	0	Intentionally_act
556	0	to	0	0	_
556	0	respond	1	0	Response
556	0	to	1	0	_
556	0	the	0	0	_
556	0	larger	1	1	Size
556	0	chain	0	0	Businesses
556	0	encroaching	1	1	_
556	0	on	1	0	_
556	0	its	0	0	_
556	0	fresh-beef	0	0	_
556	0	territory	1	1	Political_locales
556	0	.	0	0	_

557	0	of	0	0	_
557	0	a	0	0	_
557	0	freezer	0	0	_
557	0	in	0	0	Interior_profile_relation
557	0	Atlanta	0	0	_
557	0	,	0	0	_
557	0	a	0	0	_
557	0	symbol	0	0	Sign
557	0	of	0	0	_
557	0	a	0	0	_
557	0	system	0	0	System
557	0	that	0	0	_
557	0	often	0	0	Frequency
557	0	springs	1	1	_
557	0	into	1	0	_
557	0	action	1	0	Intentionally_act
557	0	only	0	0	_
557	0	when	0	0	Temporal_collocation
557	0	a	0	0	_
557	0	pathogen	0	0	Toxic_substance
557	0	is	0	0	_
557	0	deemed	0	0	Categorization
557	0	a	0	0	_
557	0	threat	0	0	Risky_situation
557	0	to	0	0	_
557	0	Americans	0	0	People_by_origin
557	0	.	0	0	_

557	1	#	0	0	_
557	1	In	1	0	Temporal_collocation
557	1	September	0	0	Calendric_unit
557	1	2017	0	0	_

558	0	had	1	0	Possession
558	0	a	0	0	_
558	0	lead	1	0	_
558	0	to	0	0	_
558	0	take	1	0	Bringing
558	0	to	0	0	Goal
558	0	Old	0	0	_
558	0	Trafford	0	0	_
558	0	.	0	0	_

558	1	#	0	0	_
558	1	The	0	0	_
558	1	Spain	0	0	_
558	1	international	0	0	Foreign_or_domestic_country
558	1	sprung	1	1	Self_motion
558	1	into	1	0	_
558	1	action	0	0	Intentionally_act
558	1	in	1	0	Temporal_collocation
558	1	the	0	0	_
558	1	first	0	0	Ordinal_numbers
558	1	half	0	0	_
558	1	to	0	0	_
558	1	somehow	0	0	_
558	1	keep	0	0	Protecting
558	1	out	0	0	_
558	1	Luis	0	0	_
558	1	Muriel	0	0	_
558	1	's	0	0	_
558	1	bullet	0	0	Weapon
558	1	header	0	0	_
558	1	.	0	0	_

558	2	As	0	0	_

559	0	When	0	0	Temporal_collocation
559	0	Corbin	0	0	_
559	0	's	0	0	_
559	0	husband	0	0	Personal_relationship
559	0	was	0	0	_
559	0	killed	0	0	Killing
559	0	by	0	0	_
559	0	enemy	0	0	_
559	0	fire	0	0	_
559	0	,	0	0	_
559	0	the	0	0	_
559	0	young	0	0	Age
559	0	woman	0	0	People
559	0	sprang	1	1	Self_motion
559	0	into	1	0	_
559	0	action	0	0	Intentionally_act
559	0	.	0	0	_

559	1	Well-versed	0	0	Expertise
559	1	in	1	0	_
559	1	how	0	0	_
559	1	to	0	0	_
559	1	operate	0	0	Operating_a_system
559	1	a	0	0	_
559	1	cannon	0	0	Weapon
559	1	,	0	0	_
559	1	she	0	0	_
559	1	assumed	1	0	Adopt_selection
559	1	an	0	0	_
559	1	artilleryman	0	0	_
559	1	's	0	0	_
559	1	position	1	0	Posture

560	0	has	1	0	_
560	0	his	0	0	_
560	0	attention	0	0	Attention
560	0	focused	1	0	Emphasizing
560	0	on	1	0	_
560	0	the	0	0	_
560	0	field	0	0	Fields
560	0	.	0	0	_

560	1	#	0	0	_
560	1	Revolution	0	0	Change_of_leadership
560	1	keeper	0	0	People_by_vocation
560	1	Matt	0	0	_
560	1	Turner	0	0	_
560	1	sprang	1	0	Self_motion
560	1	into	1	0	_
560	1	action	0	0	Intentionally_act
560	1	,	0	0	_
560	1	though	0	0	Concessive
560	1	,	0	0	_
560	1	diving	0	0	Self_motion
560	1	to	0	0	_
560	1	his	0	0	_
560	1	left	0	0	Direction
560	1	and	0	0	_
560	1	turning	0	0	_
560	1	aside	0	0	_
560	1	Jack	0	0	_
560	1	Price	0	0	_
560	1	's	0	0	_
560	1	penalty	0	0	_
560	1	in	0	0	_

561	0	So	0	0	_
561	0	by	0	0	Means
561	0	playing	0	0	_
561	0	the	0	0	_
561	0	sound	0	0	Sensation
561	0	of	0	0	_
561	0	puppies	0	0	People_by_age
561	0	crying	0	0	Communication_noise
561	0	on	0	0	Spatial_contact
561	0	a	0	0	_
561	0	phone	0	0	_
561	0	,	0	0	_
561	0	she	0	0	_
561	0	sprung	1	1	Self_motion
561	0	into	1	0	_
561	0	action	0	0	Intentionally_act
561	0	,	0	0	_
561	0	leading	0	0	Cotheme
561	0	the	0	0	_
561	0	rescuers	0	0	Rescuing
561	0	to	0	0	_
561	0	two	0	0	Cardinal_numbers
561	0	miles	0	0	Measure_linear_extent
561	0	out	0	0	_
561	0	into	0	0	_
561	0	the	0	0	_
561	0	country	0	0	Locale_by_use
561	0	into	0	0	_
561	0	an	0	0	_
561	0	abandoned	0	0	Abandonment
561	0	farmhouse	0	0	Locale_by_use

562	0	.	0	0	_

562	1	So	0	0	_
562	1	``	0	0	_
562	1	The	0	0	_
562	1	Weekly	0	0	_
562	1	Standard	0	0	_
562	1	``	0	0	_
562	1	reports	1	0	Statement
562	1	that	0	0	_
562	1	Republican	0	0	_
562	1	Senator	0	0	_
562	1	Tom	0	0	_
562	1	Cotton	0	0	_
562	1	sprung	1	1	Self_motion
562	1	into	1	0	_
562	1	action	0	0	Intentionally_act
562	1	and	0	0	_
562	1	demanded	0	0	Request
562	1	that	0	0	_
562	1	Schumer	0	0	_
562	1	keep	1	0	Compliance
562	1	his	0	0	_
562	1	word	0	0	_
562	1	.	0	0	_

562	2	After	0	0	Time_vector
562	2	Donald	0	0	_
562	2	Trump	0	0	_
562	2	was	0	0	_
562	2	a	0	0	_
562	2	sworn	0	0	_
562	2	in	1	0	_

563	0	when	0	0	Temporal_collocation
563	0	we	0	0	_
563	0	get	0	0	Getting
563	0	it.	0	0	_
563	0	``	0	0	_

563	1	#	0	0	_
563	1	The	0	0	_
563	1	rest	0	0	Increment
563	1	of	0	0	_
563	1	the	0	0	_
563	1	watch	0	0	_
563	1	team	0	0	Aggregate
563	1	sprang	1	0	Self_motion
563	1	into	1	0	_
563	1	action	0	0	Intentionally_act
563	1	as	0	0	_
563	1	chat	0	0	Chatting
563	1	windows	0	0	Connecting_architecture
563	1	opened	0	0	Openness
563	1	and	0	0	_
563	1	questions	0	0	Questioning
563	1	-	0	0	_
563	1	but	0	0	Concessive
563	1	few	0	0	Quantified_mass
563	1	answers	0	0	Communication_response
563	1	-	0	0	_
563	1	streamed	1	1	Self_motion
563	1	back	1	0	_
563	1	and	0	0	_
563	1	forth	1	0	_

564	0	zombie	0	0	_
564	0	fungus	0	0	Medical_conditions
564	0	is	0	0	_
564	0	that	0	0	_
564	0	it	0	0	_
564	0	gets	1	0	Getting
564	0	a	0	0	_
564	0	slow-motion	0	0	_
564	0	response	1	0	Response
564	0	.	0	0	_

564	1	Instead	0	0	_
564	1	of	0	0	_
564	1	everyone	0	0	_
564	1	springing	1	1	Self_motion
564	1	into	1	0	_
564	1	action	0	0	Intentionally_act
564	1	,	0	0	_
564	1	everyone	0	0	_
564	1	writes	0	0	Text_creation
564	1	procedures	0	0	Means
564	1	on	1	0	_
564	1	how	0	0	_
564	1	to	0	0	_
564	1	deal	1	0	Resolve_problem
564	1	with	1	0	_
564	1	the	0	0	_
564	1	crisis	1	1	Catastrophe
564	1	,	0	0	_
564	1	and	0	0	_
564	1	it	0	0	_
564	1	all	0	0	_

565	0	and	0	0	_
565	0	a	0	0	_
565	0	team	0	0	Aggregate
565	0	of	0	0	_
565	0	pilots	0	0	People_by_vocation
565	0	,	0	0	_
565	0	engineers	0	0	People_by_vocation
565	0	,	0	0	_
565	0	navigators	0	0	_
565	0	,	0	0	_
565	0	technicians	0	0	People_by_vocation
565	0	and	0	0	_
565	0	scientists	0	0	People_by_vocation
565	0	spring	1	0	Self_motion
565	0	into	1	0	_
565	0	action	0	0	Intentionally_act
565	0	.	0	0	_

565	1	About	1	0	Proportional_quantity
565	1	100	0	0	Cardinal_numbers
565	1	people	0	0	People
565	1	work	0	0	Being_employed
565	1	alongside	0	0	_
565	1	her	0	0	_
565	1	at	0	0	Locative_relation
565	1	MacDill	0	0	_
565	1	,	0	0	_
565	1	where	0	0	Locative_relation
565	1	she	0	0	_
565	1	is	0	0	_
565	1	NOAA	0	0	_
565	1	's	0	0	_

566	0	4195843	0	0	_
566	0	#	0	0	_
566	0	Information	0	0	Information
566	0	technology	0	0	Artifact
566	0	professionals	0	0	Expertise
566	0	at	0	0	Locative_relation
566	0	hospitals	0	0	Buildings
566	0	across	0	0	Locative_relation
566	0	Minnesota	0	0	_
566	0	sprang	1	1	Self_motion
566	0	into	1	0	_
566	0	action	0	0	Intentionally_act
566	0	and	0	0	_
566	0	worked	0	0	Work
566	0	on	1	0	_
566	0	cybersecurity	0	0	_
566	0	preparations	0	0	Activity_prepare
566	0	throughout	1	0	_
566	0	the	0	0	Calendric_unit
566	0	weekend	0	0	Calendric_unit
566	0	to	0	0	_
566	0	avoid	0	0	Preventing_or_letting
566	0	the	0	0	_
566	0	crippling	0	0	_
566	0	``	0	0	_
566	0	ransomware	0	0	_
566	0	``	0	0	_

567	0	(	0	0	_
567	0	plane	0	0	Vehicle
567	0	crash	0	0	_
567	0	,	0	0	_
567	0	rig	0	0	_
567	0	explosion	0	0	_
567	0	,	0	0	_
567	0	insurgent	0	0	Terrorism
567	0	attack	0	0	Attack
567	0	)	0	0	_
567	0	requires	0	0	Have_as_requirement
567	0	that	0	0	_
567	0	he	0	0	_
567	0	springs	1	1	Self_motion
567	0	into	1	0	_
567	0	action	0	0	Intentionally_act
567	0	and	0	0	_
567	0	transforms	0	0	Cause_change
567	0	into	1	0	_
567	0	the	0	0	_
567	0	pillar	1	1	_
567	0	of	0	0	_
567	0	courage	0	0	_
567	0	that	0	0	_
567	0	has	0	0	_
567	0	captured	1	1	Conquering
567	0	the	0	0	_
567	0	American	0	0	Origin
567	0	imagination	0	0	_
567	0	again	0	0	_
567	0	and	0	0	_

568	0	Michigan	0	0	_
568	0	's	0	0	_
568	0	voters	0	0	_
568	0	did	0	0	Intentionally_act
568	0	in	1	0	Temporal_collocation
568	0	November	0	0	Calendric_unit
568	0	2012	0	0	_
568	0	.	0	0	_

568	1	The	0	0	_
568	1	lame	0	0	_
568	1	duck	1	1	_
568	1	legislature	0	0	Leadership
568	1	then	0	0	Temporal_collocation
568	1	sprang	1	1	Self_motion
568	1	into	1	0	_
568	1	action	0	0	Intentionally_act
568	1	,	0	0	_
568	1	passing	1	0	Sign_agreement
568	1	a	0	0	_
568	1	new	0	0	Age
568	1	emergency	0	0	_
568	1	manager	0	0	People_by_vocation
568	1	law	0	0	Law
568	1	,	0	0	_
568	1	which	0	0	_
568	1	Snyder	0	0	_
568	1	signed	0	0	Sign_agreement
568	1	just	0	0	_
568	1	after	1	0	Time_vector
568	1	Christmas	0	0	Calendric_unit
568	1	,	0	0	_

569	0	O'Donnell	0	0	_
569	0	finished	0	0	Activity_finish
569	0	his	0	0	_
569	0	rebuttal	0	0	Communication_response
569	0	interview	0	0	Discussion
569	0	of	0	0	_
569	0	Read	0	0	_
569	0	,	0	0	_
569	0	Redstone	0	0	_
569	0	's	0	0	_
569	0	attorney	0	0	People_by_vocation
569	0	Gabrielle	0	0	_
569	0	Vidal	0	0	_
569	0	sprung	1	0	Self_motion
569	0	into	1	0	_
569	0	action	0	0	Intentionally_act
569	0	and	0	0	_
569	0	revived	1	1	Cause_to_resume
569	0	their	0	0	_
569	0	motion	0	0	_
569	0	to	0	0	_
569	0	dismiss	0	0	Removing
569	0	.	0	0	_

569	1	#	0	0	_
569	1	``	0	0	_
569	1	Mr.	0	0	_
569	1	Redstone	0	0	_
569	1	testified	0	0	Statement
569	1	today	0	0	Temporal_collocation
569	1	...	0	0	_
569	1	that	1	0	_

570	0	as	0	0	_
570	0	``	0	0	_
570	0	racist	0	0	_
570	0	skinheads	0	0	_
570	0	``	0	0	_
570	0	and	0	0	_
570	0	an	0	0	_
570	0	anti-immigrant	0	0	_
570	0	group	0	0	Aggregate
570	0	.	0	0	_

570	1	Community	0	0	Aggregate
570	1	groups	0	0	Aggregate
570	1	spring	1	0	Self_motion
570	1	into	1	0	_
570	1	action	0	0	Intentionally_act
570	1	#	0	0	_
570	1	In	0	0	_
570	1	response	0	0	Response
570	1	to	1	0	_
570	1	experiences	0	0	Perception_experience
570	1	like	0	0	_
570	1	Magee-Uhlik	0	0	_
570	1	's	0	0	_
570	1	and	0	0	_
570	1	other	0	0	Increment
570	1	acts	0	0	Intentionally_act
570	1	,	0	0	_
570	1	YWCA	0	0	_
570	1	,	0	0	_
570	1	Pantsuit	0	0	Clothing

571	0	kicked	1	0	Process_start
571	0	off	0	0	Process_start
571	0	with	1	0	_
571	0	people	0	0	People
571	0	rushing	0	0	Self_motion
571	0	through	0	0	_
571	0	store	0	0	Locale_by_use
571	0	doors	0	0	Connecting_architecture
571	0	early	0	0	Relative_time
571	0	Friday	0	0	Calendric_unit
571	0	morning	0	0	Calendric_unit
571	0	.	0	0	_

571	1	Shoppers	0	0	_
571	1	sprang	1	0	Self_motion
571	1	into	1	0	_
571	1	action	0	0	Intentionally_act
571	1	at	0	0	Locative_relation
571	1	the	0	0	_
571	1	Best	0	0	_
571	1	Buy	0	0	_
571	1	in	0	0	Interior_profile_relation
571	1	Watertown	0	0	_
571	1	,	0	0	_
571	1	Massachusetts	0	0	_
571	1	at	1	0	Temporal_collocation
571	1	1	0	0	_
571	1	A.M.	0	0	_
571	1	(	1	0	_
571	1	Nov.	0	0	Calendric_unit
571	1	25	0	0	_
571	1	)	0	0	_

572	0	three	0	0	Cardinal_numbers
572	0	and	0	0	_
572	0	her	0	0	_
572	0	best	0	0	Personal_relationship
572	0	friend	0	0	Personal_relationship
572	0	,	0	0	_
572	0	Cassietta	0	0	_
572	0	Pringle	0	0	_
572	0	,	0	0	_
572	0	a	0	0	_
572	0	single	0	0	_
572	0	mom	0	0	Kinship
572	0	,	0	0	_
572	0	sprung	1	0	Self_motion
572	0	into	1	0	_
572	0	action	0	0	Intentionally_act
572	0	.	0	0	_

572	1	With	1	0	_
572	1	$	0	0	_
572	1	25,000	0	0	_
572	1	of	0	0	_
572	1	their	0	0	_
572	1	combined	0	0	_
572	1	savings	0	0	Expensiveness
572	1	,	0	0	_
572	1	the	0	0	_
572	1	women	0	0	People
572	1	launched	1	0	Launch_process
572	1	Mamatoto	0	0	_
572	1	Village	0	0	Locale_by_use
572	1	.	0	0	_

572	2	(	0	0	_

573	0	the	0	0	_
573	0	Falcons	0	0	_
573	0	'	0	0	_
573	0	coaching	0	0	_
573	0	search	1	0	Scrutiny
573	0	is	0	0	_
573	0	over	1	0	Process_completed_state
573	0	,	0	0	_
573	0	the	0	0	_
573	0	restructured	0	0	_
573	0	front	0	0	_
573	0	office	0	0	_
573	0	must	0	0	Required_event
573	0	spring	1	1	Self_motion
573	0	into	1	0	_
573	0	action	1	0	Intentionally_act
573	0	to	0	0	_
573	0	turn	1	0	Cause_change
573	0	around	1	0	_
573	0	the	0	0	_
573	0	franchise	0	0	_
573	0	's	0	0	_
573	0	fortunes.	1	1	Thriving
573	0	``	0	0	_

573	1	I	0	0	_
573	1	understand	0	0	Awareness
573	1	that	0	0	_
573	1	we	0	0	_
573	1	have	0	0	Possession
573	1	a	0	0	_

574	0	he	0	0	_
574	0	's	0	0	_
574	0	going	0	0	Motion
574	0	to	0	0	Goal
574	0	Vegas	0	0	_
574	0	with	0	0	Accompaniment
574	0	his	0	0	_
574	0	daughter	0	0	Kinship
574	0	,	0	0	_
574	0	but	0	0	Concessive
574	0	he	0	0	_
574	0	has	0	0	Required_event
574	0	to	0	0	Required_event
574	0	spring	1	1	Self_motion
574	0	into	1	0	_
574	0	action	0	0	Intentionally_act
574	0	when	0	0	Temporal_collocation
574	0	duty	0	0	Being_obligated
574	0	calls	1	0	Request
574	0	.	0	0	_

574	1	It	0	0	_
574	1	has	1	0	Have_associated
574	1	slapstick	0	0	_
574	1	and	0	0	_
574	1	sight	0	0	_
574	1	gags	1	1	_
574	1	,	0	0	_
574	1	but	0	0	_
574	1	they	0	0	_
574	1	just	0	0	_
574	1	are	0	0	_

575	0	on	1	0	_
575	0	that	1	0	_
575	0	case	0	0	Criminal_investigation
575	0	-	0	0	_
575	0	Megaro	0	0	_
575	0	,	0	0	_
575	0	and	0	0	_
575	0	St.	0	0	_
575	0	Louis	0	0	_
575	0	attorney	0	0	People_by_vocation
575	0	Samuel	0	0	_
575	0	Henderson	0	0	_
575	0	-	0	0	_
575	0	sprung	1	1	Self_motion
575	0	into	1	0	_
575	0	action	0	0	Intentionally_act
575	0	after	1	0	Relative_time
575	0	the	0	0	_
575	0	more	0	0	_
575	0	recent	0	0	Relative_time
575	0	arrest	0	0	Arrest
575	0	.	0	0	_

575	1	They	0	0	_
575	1	issued	1	0	Creating
575	1	subpoenas	0	0	_
575	1	to	1	0	_
575	1	businesses	0	0	Businesses
575	1	all	0	0	Locative_relation
575	1	around	0	0	Locative_relation
575	1	the	0	0	_
575	1	Soulard	0	0	_

576	0	,	0	0	_
576	0	Former	0	0	Time_vector
576	0	lifeguard	0	0	People_by_vocation
576	0	on	1	0	Spatial_contact
576	0	the	0	0	_
576	0	tribe	0	0	Aggregate
576	0	,	0	0	_
576	0	jenn	0	0	_
576	0	immediately	0	0	_
576	0	sprung	1	1	Self_motion
576	0	into	1	0	_
576	0	Jenn	0	0	_
576	0	immediately	0	0	_
576	0	sprung	1	1	Self_motion
576	0	into	1	0	_
576	0	action	0	0	Intentionally_act
576	0	.	0	0	_

576	1	Action	0	0	Intentionally_act
576	1	.	0	0	_

576	2	She	0	0	_
576	2	took	0	0	Removing
576	2	a	0	0	_
576	2	pot	0	0	Containers
576	2	of	0	0	_
576	2	boiling	0	0	Apply_heat
576	2	water	0	0	Substance
576	2	She	0	0	_
576	2	took	0	0	Removing
576	2	a	0	0	_
576	2	pot	0	0	Containers
576	2	of	0	0	_

577	0	thousands	0	0	Quantified_mass
577	0	of	0	0	_
577	0	people	0	0	People
577	0	from	1	0	_
577	0	their	0	0	_
577	0	jobs	0	0	Being_employed
577	0	in	1	0	_
577	0	fishing	0	0	_
577	0	or	0	0	_
577	0	tourism	0	0	Touring
577	0	,	0	0	_
577	0	the	0	0	_
577	0	community	0	0	Aggregate
577	0	sprang	1	1	_
577	0	into	1	0	_
577	0	action	0	0	Intentionally_act
577	0	and	0	0	_
577	0	was	0	0	_
577	0	on	0	0	_
577	0	the	0	0	_
577	0	front	1	0	Front_for
577	0	lines	1	0	_
577	0	of	0	0	_
577	0	the	0	0	_
577	0	massive	0	0	Size
577	0	cleanup	0	0	_
577	0	effort	0	0	Attempt
577	0	paid	0	0	Commerce_pay
577	0	for	0	0	_
577	0	by	0	0	_
577	0	BP	0	0	_

578	0	Rob	0	0	_
578	0	Huebel	0	0	_
578	0	plays	0	0	Performers_and_roles
578	0	Dr.	0	0	_
578	0	Owen	0	0	_
578	0	Maestro	0	0	_
578	0	.	0	0	_

578	1	Rob	0	0	_
578	1	:	0	0	_
578	1	And	0	0	_
578	1	so	0	0	_
578	1	I	0	0	_
578	1	sprung	1	1	Self_motion
578	1	into	1	0	_
578	1	action	0	0	Intentionally_act
578	1	,	0	0	_
578	1	you	0	0	_
578	1	know	0	0	Awareness
578	1	.	0	0	_

578	2	My	0	0	_
578	2	television-doctor	0	0	_
578	2	instincts	0	0	_
578	2	just	0	0	_
578	2	kicked	1	0	_
578	2	in	1	0	_
578	2	.	0	0	_

578	3	Clear	0	0	_
578	3	!	0	0	_

578	4	Aah	0	0	_
578	4	!	0	0	_

579	0	scores	1	1	Quantified_mass
579	0	of	0	0	_
579	0	tech-savvy	0	0	_
579	0	youth	0	0	People_by_age
579	0	in	1	0	Interior_profile_relation
579	0	Israel	0	0	_
579	0	's	0	0	_
579	0	government	0	0	Leadership
579	0	media	0	0	_
579	0	command	1	1	_
579	0	center	1	0	Locale_by_use
579	0	in	0	0	Interior_profile_relation
579	0	Jerusalem	0	0	_
579	0	sprang	1	1	_
579	0	into	1	0	_
579	0	action	0	0	Intentionally_act
579	0	.	0	0	_

579	1	#	0	0	_
579	1	They	0	0	_
579	1	began	0	0	Activity_start
579	1	flooding	1	1	Filling
579	1	social	0	0	_
579	1	media	0	0	_
579	1	with	1	0	_
579	1	updates	0	0	_
579	1	and	0	0	_
579	1	created	0	0	Intentionally_create
579	1	a	0	0	_
579	1	graphic	0	0	_
579	1	exclaiming	0	0	Statement
579	1	:	0	0	_

580	0	Dog	0	0	Animals
580	0	:	0	0	_
580	0	American	0	0	Origin
580	0	Water	0	0	_
580	0	Spaniel	0	0	_
580	0	Full	1	0	Abounding_with
580	0	of	0	0	_
580	0	life	0	0	_
580	0	,	0	0	_
580	0	and	0	0	_
580	0	always	0	0	Frequency
580	0	ready	0	0	Activity_ready_state
580	0	to	0	0	_
580	0	spring	1	1	Self_motion
580	0	into	1	0	_
580	0	action	0	0	Intentionally_act
580	0	for	0	0	_
580	0	the	0	0	_
580	0	hunt	0	0	Hunting
580	0	,	0	0	_
580	0	the	0	0	_
580	0	American	0	0	Origin
580	0	water	0	0	_
580	0	spaniel	0	0	_
580	0	won	1	0	Finish_competition
580	0	the	0	0	_
580	0	hearts	1	0	_
580	0	of	0	0	_
580	0	the	0	0	_
580	0	citizens	0	0	People_by_jurisdiction
580	0	of	0	0	_

581	0	need	0	0	Required_event
581	0	to	0	0	_
581	0	be	0	0	_
581	0	a	0	0	_
581	0	warrior	0	0	_
581	0	.	0	0	_

581	1	Focused	0	0	_
581	1	.	0	0	_

581	2	On	1	0	_
581	2	message	0	0	_
581	2	.	0	0	_

581	3	Ready	0	0	Activity_ready_state
581	3	to	0	0	_
581	3	spring	1	1	Self_motion
581	3	into	1	0	_
581	3	action	0	0	Intentionally_act
581	3	at	1	0	Temporal_collocation
581	3	the	0	0	_
581	3	right	0	0	Correctness
581	3	moment	0	0	_
581	3	.	0	0	_

581	4	Get	0	0	Transition_to_state
581	4	in	1	0	_
581	4	shape	0	0	_
581	4	.	0	0	_

581	5	You	0	0	_
581	5	'll	0	0	_
581	5	need	0	0	Needing
581	5	it	0	0	_
581	5	.	0	0	_

581	6	#	0	0	_

582	0	the	0	0	_
582	0	posterior	0	0	Part_orientational
582	0	insula	0	0	_
582	0	flashed	1	1	_
582	0	with	1	0	_
582	0	activity	0	0	Intentionally_act
582	0	.	0	0	_

582	1	(	0	0	_
582	1	The	0	0	_
582	1	posterior	0	0	Part_orientational
582	1	insula	0	0	_
582	1	is	0	0	_
582	1	what	0	0	_
582	1	springs	1	1	Self_motion
582	1	into	1	0	_
582	1	action	1	0	Intentionally_act
582	1	when	0	0	Temporal_collocation
582	1	one	0	0	_
582	1	burns	0	0	Fire_burning
582	1	her	0	0	_
582	1	hand	0	0	Body_parts
582	1	or	0	0	_
582	1	stubs	0	0	Cause_harm
582	1	her	0	0	_
582	1	toe	0	0	Body_parts
582	1	.	0	0	_
582	1	)	0	0	_

582	2	The	0	0	_
582	2	researchers	0	0	People_by_vocation
582	2	also	0	0	_
582	2	found	1	0	Becoming_aware

583	0	large	0	0	Size
583	0	,	0	0	_
583	0	jagged	0	0	_
583	0	,	0	0	_
583	0	metal	0	0	Substance
583	0	fragments	0	0	Part_piece
583	0	protruding	0	0	_
583	0	.	0	0	_

583	1	#	0	0	_
583	1	Carson	0	0	_
583	1	and	0	0	_
583	1	his	0	0	_
583	1	team	1	0	Aggregate
583	1	sprang	1	1	Self_motion
583	1	into	1	0	_
583	1	action	0	0	Intentionally_act
583	1	.	0	0	_

583	2	Two	0	0	Cardinal_numbers
583	2	nurses	0	0	Medical_professionals
583	2	replaced	0	0	Take_place_of
583	2	Ronon	0	0	_
583	2	to	0	0	_
583	2	hold	0	0	Manipulation
583	2	the	0	0	_
583	2	Colonel	0	0	_
583	2	's	0	0	_
583	2	legs	0	0	Body_parts
583	2	while	0	0	_
583	2	two	0	0	Cardinal_numbers
583	2	more	0	0	Increment
583	2	reached	0	0	Arriving

584	0	More	0	0	Increment
584	0	#	0	0	_
584	0	The	0	0	_
584	0	well-oiled	0	0	_
584	0	volunteer	0	0	_
584	0	network	1	1	Network
584	0	of	0	0	_
584	0	parents	0	0	Kinship
584	0	involved	0	0	Participation
584	0	in	1	0	_
584	0	their	0	0	_
584	0	local	0	0	Political_locales
584	0	PTAs	0	0	_
584	0	sprung	1	1	_
584	0	into	1	0	_
584	0	action	0	0	Intentionally_act
584	0	after	1	0	Time_vector
584	0	Sandy	0	0	_
584	0	to	0	0	_
584	0	put	1	0	Placing
584	0	their	0	0	_
584	0	fund-raising	0	0	_
584	0	and	0	0	_
584	0	outreach	0	0	_
584	0	expertise	0	0	Expertise
584	0	to	1	0	_
584	0	good	0	0	Usefulness
584	0	use	0	0	Using
584	0	,	0	0	_
584	0	often	0	0	Frequency
584	0	miles	0	0	Measure_linear_extent

585	0	One	0	0	Cardinal_numbers
585	0	flea	0	0	_
585	0	turns	0	0	Undergo_change
585	0	into	1	0	_
585	0	thousands	0	0	Quantified_mass
585	0	,	0	0	_
585	0	and	0	0	_
585	0	then	0	0	_
585	0	millions	0	0	Quantified_mass
585	0	.	0	0	_

585	1	#	0	0	_
585	1	So	0	0	_
585	1	I	0	0	_
585	1	sprang	1	1	Self_motion
585	1	into	1	0	_
585	1	action	0	0	Intentionally_act
585	1	.	0	0	_

585	2	I	0	0	_
585	2	furiously	0	0	_
585	2	typed	0	0	Text_creation
585	2	my	0	0	_
585	2	2000	0	0	_
585	2	words	0	0	Simple_name
585	2	for	0	0	_
585	2	NaNoWriMo	0	0	_
585	2	and	0	0	_
585	2	then	0	0	Temporal_collocation
585	2	called	0	0	Contacting
585	2	the	0	0	_
585	2	vet	0	0	Medical_professionals
585	2	.	0	0	_

586	0	,	0	0	_
586	0	about	1	0	Topic
586	0	whom	0	0	_
586	0	we	0	0	_
586	0	learn	0	0	Coming_to_believe
586	0	so	0	0	Degree
586	0	much	0	0	_
586	0	--	0	0	_
586	0	are	0	0	_
586	0	they	0	0	_
586	0	really	0	0	_
586	0	a	0	0	_
586	0	terrorist	0	0	Terrorism
586	0	sleeper	0	0	_
586	0	cell	1	1	Aggregate
586	0	sprung	1	1	_
586	0	into	1	0	_
586	0	action	1	0	Intentionally_act
586	0	?	0	0	_

586	1	The	0	0	_
586	1	story	0	0	Text
586	1	succeeds	1	0	Success_or_failure
586	1	in	1	0	_
586	1	evoking	0	0	Cause_to_start
586	1	a	0	0	_
586	1	rich	1	1	Position_on_a_scale
586	1	sense	1	1	Sensation
586	1	of	0	0	_
586	1	place	0	0	Locale
586	1	,	0	0	_
586	1	as	0	0	_
586	1	it	0	0	_
586	1	lovingly	1	1	_

587	0	important	0	0	Importance
587	0	opportunity	0	0	_
587	0	to	0	0	_
587	0	reinforce	1	1	Cause_change_of_strength
587	0	the	0	0	_
587	0	fight	1	0	Hostile_encounter
587	0	against	1	0	Taking_sides
587	0	impunity	0	0	_
587	0	in	0	0	Interior_profile_relation
587	0	West	0	0	_
587	0	Africa	0	0	_
587	0	``	0	0	_
587	0	and	0	0	_
587	0	sprung	1	1	_
587	0	into	1	0	_
587	0	action	0	0	Intentionally_act
587	0	.	0	0	_

587	1	#	0	0	_
587	1	``	0	0	_
587	1	We	0	0	_
587	1	felt	1	0	Opinion
587	1	that	0	0	_
587	1	there	0	0	Existence
587	1	was	0	0	Existence
587	1	real	0	0	Existence
587	1	interest	0	0	Emotion_directed
587	1	,	0	0	_
587	1	``	0	0	_
587	1	said	0	0	Statement
587	1	Dufka	0	0	_
587	1	.	0	0	_

588	0	power	0	0	Electricity
588	0	and	0	0	_
588	0	energy	0	0	Electricity
588	0	,	0	0	_
588	0	a	0	0	_
588	0	veritable	0	0	_
588	0	pressure	1	1	_
588	0	waiting	1	0	Waiting
588	0	to	0	0	_
588	0	be	0	0	_
588	0	released	1	0	Releasing
588	0	,	0	0	_
588	0	to	0	0	_
588	0	spring	1	1	Self_motion
588	0	into	1	0	_
588	0	action	1	0	Intentionally_act
588	0	.	0	0	_

588	1	Thus	0	0	_
588	1	,	0	0	_
588	1	the	0	0	_
588	1	Serpent	0	0	_
588	1	doesn	0	0	_
588	1	?	0	0	_

588	2	t	0	0	_
588	2	really	0	0	_
588	2	sleep	0	0	Sleep
588	2	,	0	0	_
588	2	it	0	0	_
588	2	is	0	0	_
588	2	we	0	0	_
588	2	who	0	0	_

589	0	.	0	0	_

589	1	I	0	0	_
589	1	also	0	0	_
589	1	felt	1	0	Feeling
589	1	very	0	0	Degree
589	1	safe	0	0	Risky_situation
589	1	as	0	0	Causation
589	1	there	0	0	Existence
589	1	were	0	0	Existence
589	1	several	0	0	Quantified_mass
589	1	lifeguards	0	0	People_by_vocation
589	1	ready	0	0	Activity_ready_state
589	1	to	0	0	_
589	1	spring	1	1	Self_motion
589	1	into	1	0	_
589	1	action	0	0	Intentionally_act
589	1	.	0	0	_

589	2	We	0	0	_
589	2	actually	0	0	_
589	2	had	1	0	Have_associated
589	2	an	0	0	_
589	2	instance	0	0	Instance
589	2	where	0	0	_
589	2	my	0	0	_
589	2	son	0	0	Kinship
589	2	was	0	0	_
589	2	struggling	0	0	Hostile_encounter
589	2	inthe	0	0	Interior_profile_relation
589	2	wave	0	0	_
589	2	pool	0	0	_
589	2	and	0	0	_

590	0	a	0	0	_
590	0	silver	0	0	Color
590	0	chain	0	0	Connectors
590	0	roughly	0	0	_
590	0	from	0	0	_
590	0	her	0	0	_
590	0	neck	0	0	Body_parts
590	0	.	0	0	_

590	1	Jenny	0	0	_
590	1	shrieks	0	0	Make_noise
590	1	and	0	0	_
590	1	her	0	0	_
590	1	friends	0	0	Personal_relationship
590	1	spring	1	0	Self_motion
590	1	into	1	0	_
590	1	action	0	0	Intentionally_act
590	1	.	0	0	_

590	2	Watching	0	0	Perception_active
590	2	them	0	0	_
590	2	is	0	0	_
590	2	the	0	0	_
590	2	first	0	0	Ordinal_numbers
590	2	time	0	0	_
590	2	I	0	0	_
590	2	've	0	0	_
590	2	ever	0	0	_
590	2	really	0	0	_
590	2	longed	0	0	Desiring
590	2	for	0	0	_
590	2	friends	0	0	Personal_relationship
590	2	.	0	0	_

591	0	said	0	0	Statement
591	0	.	0	0	_

591	1	#	0	0	_
591	1	Shortly	0	0	_
591	1	after	0	0	Time_vector
591	1	the	0	0	_
591	1	interview	0	0	Chatting
591	1	aired	0	0	_
591	1	,	0	0	_
591	1	the	0	0	_
591	1	Democratic	0	0	_
591	1	National	0	0	_
591	1	Committee	0	0	_
591	1	sprung	1	1	Self_motion
591	1	into	1	0	_
591	1	action	1	0	Intentionally_act
591	1	,	0	0	_
591	1	releasing	0	0	Creating
591	1	a	0	0	_
591	1	30-second	0	0	_
591	1	web	0	0	_
591	1	video	0	0	Text
591	1	with	1	0	_
591	1	Romney	0	0	_
591	1	's	0	0	_
591	1	quote	0	0	_
591	1	,	0	0	_
591	1	followed	0	0	Relative_time
591	1	by	0	0	_
591	1	foreboding	0	0	Expectation
591	1	music	0	0	Performing_arts

592	0	to	0	0	_
592	0	donate	0	0	Giving
592	0	$	0	0	_
592	0	1	0	0	_
592	0	million	0	0	Cardinal_numbers
592	0	to	1	0	_
592	0	the	0	0	_
592	0	recovery	0	0	_
592	0	efforts	0	0	Attempt
592	0	.	0	0	_

592	1	The	0	0	_
592	1	New	0	0	_
592	1	York	0	0	_
592	1	Giants	0	0	_
592	1	sprung	1	1	Self_motion
592	1	into	1	0	_
592	1	action	0	0	Intentionally_act
592	1	,	0	0	_
592	1	giving	0	0	Giving
592	1	and	0	0	_
592	1	visiting	0	0	Arriving
592	1	affected	0	0	Objective_influence
592	1	areas	0	0	Locale
592	1	.	0	0	_

592	2	So	0	0	_
592	2	did	0	0	_
592	2	the	0	0	_
592	2	Miami	0	0	_
592	2	Dolphins	0	0	_
592	2	and	0	0	_
592	2	owner	0	0	Possession
592	2	Stephen	0	0	_

593	0	to	0	0	Goal
593	0	the	0	0	_
593	0	special	0	0	_
593	0	care	0	0	_
593	0	unit	0	0	_
593	0	--	0	0	_
593	0	still	0	0	Continued_state_of_affairs
593	0	in	0	0	Interior_profile_relation
593	0	the	0	0	_
593	0	bedpan	0	0	_
593	0	.	0	0	_

593	1	The	0	0	_
593	1	staff	0	0	Employing
593	1	sprung	1	0	Self_motion
593	1	into	1	0	_
593	1	action	0	0	Intentionally_act
593	1	,	0	0	_
593	1	administering	0	0	Dispersal
593	1	oxygen	0	0	Substance
593	1	via	0	0	_
593	1	bag	0	0	Containers
593	1	and	0	0	_
593	1	mask	0	0	Accoutrements
593	1	.	0	0	_

593	2	Miraculously	0	0	_
593	2	,	0	0	_
593	2	the	0	0	_
593	2	child	0	0	People_by_age
593	2	survived	0	0	Surviving
593	2	.	0	0	_

593	3	I	0	0	_

594	0	and	0	0	_
594	0	identified	0	0	Verification
594	0	ways	1	0	Means
594	0	to	0	0	_
594	0	overcome	0	0	_
594	0	each	0	0	_
594	0	obstacle	0	0	_
594	0	.	0	0	_

594	1	This	1	0	_
594	1	is	0	0	_
594	1	where	0	0	Locative_relation
594	1	some	0	0	Proportional_quantity
594	1	leaders	0	0	Leadership
594	1	spring	1	0	Self_motion
594	1	into	1	0	_
594	1	action	0	0	Intentionally_act
594	1	while	0	0	Temporal_collocation
594	1	others	0	0	Increment
594	1	pause	0	0	Process_stop
594	1	to	0	0	_
594	1	steal	1	0	Theft
594	1	ideas	0	0	_
594	1	.	0	0	_

594	2	Yes	0	0	_
594	2	,	0	0	_
594	2	I	0	0	_
594	2	wrote	0	0	Text_creation
594	2	steal	1	1	Theft
594	2	ideas	0	0	Awareness
594	2	.	0	0	_

594	3	But	0	0	_

595	0	stream	0	0	_
595	0	media	0	0	_
595	0	.	0	0	_

595	1	But	0	0	_
595	1	it	0	0	_
595	1	was	0	0	_
595	1	noticed	0	0	Becoming_aware
595	1	by	0	0	_
595	1	the	0	0	_
595	1	Israel	0	0	_
595	1	Lobby	0	0	_
595	1	,	0	0	_
595	1	which	0	0	_
595	1	sprang	1	1	_
595	1	into	1	0	_
595	1	action	1	0	Intentionally_act
595	1	.	0	0	_

595	2	The	0	0	_
595	2	new	0	0	Age
595	2	sheriff	0	0	Leadership
595	2	must	0	0	Required_event
595	2	not	0	0	_
595	2	be	0	0	_
595	2	allowed	0	0	Preventing_or_letting
595	2	any	0	0	Quantified_mass
595	2	deviation	0	0	_
595	2	from	1	0	_
595	2	the	0	0	_
595	2	absolutist	0	0	_
595	2	Washington	0	0	_
595	2	obeisance	0	0	Compliance

596	0	observing	0	0	Compliance
596	0	World	0	0	Political_locales
596	0	Pneumonia	0	0	_
596	0	Day	0	0	Calendric_unit
596	0	on	1	0	Temporal_collocation
596	0	November	0	0	Calendric_unit
596	0	12	0	0	_
596	0	by	0	0	Means
596	0	calling	1	0	Request
596	0	on	1	0	_
596	0	country	0	0	Political_locales
596	0	leaders	0	0	Leadership
596	0	to	0	0	_
596	0	spring	1	1	Self_motion
596	0	into	1	0	_
596	0	action	0	0	Intentionally_act
596	0	to	0	0	_
596	0	reduce	1	0	Cause_change_of_position_on_a_scale
596	0	child	0	0	People_by_age
596	0	deaths	0	0	Death
596	0	from	1	0	_
596	0	pneumonia	0	0	Medical_conditions
596	0	.	0	0	_

596	1	U.N.	0	0	_
596	1	and	0	0	_
596	1	other	0	0	Increment
596	1	health	0	0	_
596	1	agencies	0	0	Organization
596	1	say	0	0	Statement
596	1	the	0	0	_

597	0	in	0	0	Interior_profile_relation
597	0	zebrafish	0	0	_
597	0	.	0	0	_

597	1	But	0	0	Concessive
597	1	they	0	0	_
597	1	did	0	0	_
597	1	n't	0	0	_
597	1	know	0	0	Awareness
597	1	what	0	0	_
597	1	prompted	1	1	Cause_to_start
597	1	these	1	0	_
597	1	cells	1	1	_
597	1	to	0	0	_
597	1	spring	1	0	Self_motion
597	1	into	1	0	_
597	1	action	1	0	Intentionally_act
597	1	.	0	0	_

597	2	Inflammation	0	0	Medical_conditions
597	2	seemed	0	0	Give_impression
597	2	a	0	0	_
597	2	good	0	0	Usefulness
597	2	candidate	0	0	_
597	2	,	0	0	_
597	2	as	0	0	_
597	2	it	0	0	_
597	2	arises	0	0	Coming_to_be
597	2	as	0	0	_
597	2	an	0	0	_
597	2	immediate	0	0	_
597	2	response	1	0	Response
597	2	to	0	0	_

598	0	police	0	0	_
598	0	will	0	0	_
598	0	be	0	0	_
598	0	rounding	0	0	Arrest
598	0	these	1	0	_
598	0	people	0	0	People
598	0	up	0	0	_
598	0	.	0	0	_

598	1	#	0	0	_
598	1	Or	0	0	_
598	1	do	0	0	_
598	1	they	0	0	_
598	1	only	0	0	_
598	1	spring	1	1	Self_motion
598	1	into	1	0	_
598	1	action	0	0	Intentionally_act
598	1	when	0	0	Temporal_collocation
598	1	otherwise	0	0	_
598	1	law-abiding	0	0	Compliance
598	1	people	0	0	People
598	1	'	0	0	_
598	1	threaten	0	0	Commitment
598	1	'	0	0	_
598	1	to	0	0	_
598	1	defend	0	0	Defending
598	1	themselves	0	0	_
598	1	?	0	0	_

598	2	#	0	0	_
598	2	Tony	0	0	_
598	2	Martin	0	0	_
598	2	,	0	0	_

599	0	is	0	0	_
599	0	greater	0	0	_
599	0	than	0	0	_
599	0	us	0	0	_
599	0	in	1	0	Experiencer_focus
599	0	love	0	0	Experiencer_focus
599	0	,	0	0	_
599	0	and	0	0	_
599	0	the	0	0	_
599	0	presence	1	1	Presence
599	0	of	0	0	_
599	0	mind	0	0	_
599	0	to	0	0	_
599	0	spring	1	1	Self_motion
599	0	into	1	0	_
599	0	action	0	0	Intentionally_act
599	0	when	0	0	Temporal_collocation
599	0	the	0	0	_
599	0	time	0	0	_
599	0	comes	1	0	Arriving
599	0	.	0	0	_

599	1	#	0	0	_
599	1	#	0	0	_
599	1	I	0	0	_
599	1	am	0	0	_
599	1	a	0	0	_
599	1	passionate	0	0	_
599	1	lover	0	0	Experiencer_focus
599	1	.	0	0	_

599	2	You	0	0	_
599	2	might	0	0	Likelihood

600	0	they	0	0	_
600	0	?	0	0	_

600	1	What	0	0	_
600	1	were	0	0	_
600	1	they	0	0	_
600	1	doing	0	0	Intentionally_act
600	1	in	0	0	Interior_profile_relation
600	1	Benghazi	0	0	_
600	1	?	0	0	_

600	2	#	0	0	_
600	2	4	0	0	_
600	2	.	0	0	_

600	3	Woods	0	0	_
600	3	sprung	1	0	Self_motion
600	3	into	1	0	_
600	3	action	0	0	Intentionally_act
600	3	to	0	0	_
600	3	try	0	0	Attempt
600	3	to	0	0	_
600	3	save	0	0	Protecting
600	3	the	0	0	_
600	3	Ambassador	0	0	_
600	3	and	0	0	_
600	3	others	0	0	Increment
600	3	despite	0	0	_
600	3	being	0	0	_
600	3	given	1	0	Giving
600	3	the	0	0	_
600	3	order	0	0	Law
600	3	to	0	0	_
600	3	``	0	0	_

601	0	good	0	0	Desirability
601	0	in	0	0	_
601	0	the	0	0	_
601	0	Lycra	0	0	_
601	0	gym	0	0	_
601	0	suit	0	0	Clothing
601	0	he	0	0	_
601	0	has	0	0	Possession
601	0	on	0	0	Wearing
601	0	underneath	0	0	Non-gradable_proximity
601	0	,	0	0	_
601	0	ready	0	0	Activity_ready_state
601	0	to	0	0	_
601	0	spring	1	1	Self_motion
601	0	into	1	0	_
601	0	action	0	0	Intentionally_act
601	0	like	0	0	Similarity
601	0	a	0	0	_
601	0	nonagenarian	0	0	Age
601	0	superhero	0	0	_
601	0	.	0	0	_

601	1	This	1	0	_
601	1	former	0	0	_
601	1	dentist	0	0	Medical_professionals
601	1	took	1	0	_
601	1	up	1	0	_
601	1	bodybuilding	0	0	_
601	1	just	0	0	_
601	1	six	0	0	_
601	1	years	0	0	Measure_duration
601	1	ago	0	0	Time_vector

602	0	dust	0	0	_
602	0	cloth	0	0	_
602	0	.	0	0	_

602	1	#	0	0	_
602	1	``	0	0	_
602	1	You	0	0	_
602	1	know	0	0	Awareness
602	1	what	0	0	_
602	1	?	0	0	_
602	1	``	0	0	_

602	2	Jayne	0	0	_
602	2	said	0	0	Statement
602	2	,	0	0	_
602	2	springing	1	1	Self_motion
602	2	into	1	0	_
602	2	action.	0	0	Intentionally_act
602	2	``	0	0	_

602	3	I	0	0	_
602	3	'll	0	0	_
602	3	bookmark	0	0	_
602	3	this	0	0	_
602	3	page	0	0	_
602	3	for	0	0	_
602	3	you	0	0	_
602	3	.	0	0	_

602	4	You	0	0	_
602	4	can	0	0	Capability
602	4	come	0	0	Arriving
602	4	back	0	0	_
602	4	to	0	0	_

603	0	offering	1	1	Offering
603	0	Arab	0	0	_
603	0	regimes	0	0	Leadership
603	0	a	0	0	_
603	0	convenient	0	0	_
603	0	scapegoat	1	1	_
603	0	.	0	0	_

603	1	Last	0	0	Relative_time
603	1	year	0	0	Calendric_unit
603	1	,	0	0	_
603	1	the	0	0	_
603	1	League	0	0	Organization
603	1	suddenly	0	0	_
603	1	sprang	1	1	_
603	1	into	1	0	_
603	1	action	1	0	Intentionally_act
603	1	over	1	0	_
603	1	Libya	0	0	_
603	1	,	0	0	_
603	1	providing	0	0	Supply
603	1	invaluable	0	0	Usefulness
603	1	diplomatic	0	0	_
603	1	cover	1	1	_
603	1	for	0	0	_
603	1	UN	0	0	_
603	1	Security	0	0	_
603	1	Council	0	0	_
603	1	Resolution	0	0	_
603	1	1973	0	0	_
603	1	of	0	0	_
603	1	March	0	0	Calendric_unit

604	0	section	1	0	Part_whole
604	0	of	0	0	_
604	0	the	0	0	_
604	0	GOP	0	0	_
604	0	itself	0	0	_
604	0	:	0	0	_
604	0	the	0	0	_
604	0	Tea	0	0	_
604	0	Party	0	0	_
604	0	.	0	0	_

604	1	#	0	0	_
604	1	Since	0	0	Time_vector
604	1	it	0	0	_
604	1	sprang	1	1	_
604	1	into	1	0	_
604	1	action	1	0	Intentionally_act
604	1	a	0	0	Quantified_mass
604	1	few	0	0	Quantified_mass
604	1	years	0	0	Calendric_unit
604	1	ago	0	0	Time_vector
604	1	,	0	0	_
604	1	the	0	0	_
604	1	Tea	0	0	_
604	1	Party	0	0	_
604	1	has	0	0	_
604	1	prided	1	1	Judgment_communication
604	1	itself	0	0	_
604	1	on	1	0	_
604	1	``	0	0	_
604	1	re-energizing	0	0	_
604	1	``	0	0	_

605	0	he	0	0	_
605	0	dangles	0	0	Cause_harm
605	0	Lockhart/Gardner	0	0	_
605	0	in	0	0	_
605	0	front	0	0	_
605	0	of	0	0	_
605	0	Burl	0	0	_
605	0	,	0	0	_
605	0	leading	1	0	Cotheme
605	0	Will	0	0	_
605	0	and	0	0	_
605	0	Diane	0	0	_
605	0	to	0	0	_
605	0	spring	1	0	Self_motion
605	0	into	1	0	_
605	0	action	0	0	Intentionally_act
605	0	and	0	0	_
605	0	give	1	0	Giving
605	0	David	0	0	_
605	0	Lee	0	0	_
605	0	some	0	0	Proportional_quantity
605	0	leverage	1	1	_
605	0	in	0	0	_
605	0	exchange	1	0	Exchange
605	0	for	0	0	_
605	0	saving	1	1	Protecting
605	0	their	0	0	_
605	0	asses	0	0	Body_parts
605	0	.	0	0	_

605	1	Too	0	0	Sufficiency
605	1	bad	0	0	Desirability

606	0	extinction	0	0	Death
606	0	.	0	0	_

606	1	#	0	0	_
606	1	I	0	0	_
606	1	am	0	0	_
606	1	more	0	0	_
606	1	than	0	0	_
606	1	prepared	0	0	Activity_ready_state
606	1	--	0	0	_
606	1	even	0	0	_
606	1	excited	0	0	Emotion_directed
606	1	--	0	0	_
606	1	to	0	0	_
606	1	spring	1	0	Self_motion
606	1	into	1	0	_
606	1	action	0	0	Intentionally_act
606	1	at	1	0	Temporal_collocation
606	1	a	0	0	_
606	1	moment	0	0	_
606	1	's	0	0	_
606	1	notice	0	0	_
606	1	to	0	0	_
606	1	save	0	0	Protecting
606	1	the	0	0	_
606	1	whale	0	0	_
606	1	not	0	0	_
606	1	only	0	0	_
606	1	from	1	0	_
606	1	Japanese	0	0	Origin
606	1	poachers	0	0	Commerce_scenario
606	1	,	0	0	_

607	0	to	0	0	_
607	0	replace	0	0	Take_place_of
607	0	him	0	0	_
607	0	and	0	0	_
607	0	a	0	0	_
607	0	media	0	0	_
607	0	campaign	1	1	_
607	0	to	0	0	_
607	0	appoint	0	0	Change_of_leadership
607	0	Redknapp	0	0	_
607	0	as	0	0	_
607	0	England	0	0	_
607	0	manager	0	0	Leadership
607	0	sprung	1	1	_
607	0	into	1	0	_
607	0	action	1	0	Intentionally_act
607	0	.	0	0	_

607	1	#	0	0	_
607	1	Of	0	0	_
607	1	course	0	0	_
607	1	,	0	0	_
607	1	Harry	0	0	_
607	1	himself	0	0	_
607	1	refused	0	0	Agree_or_refuse_to_act
607	1	to	0	0	_
607	1	commit	1	1	Commitment
607	1	himself	0	0	_
607	1	either	0	0	_
607	1	way	1	0	_
607	1	,	0	0	_
607	1	because	0	0	Causation

608	0	day	0	0	Measure_duration
608	0	of	0	0	_
608	0	real	0	0	Existence
608	0	work	0	0	Work
608	0	.	0	0	_

608	1	Professor	0	0	_
608	1	Summer	0	0	_
608	1	Rupper	0	0	_
608	1	was	0	0	_
608	1	rejuvenated	1	1	Rejuvenation
608	1	and	0	0	_
608	1	ready	0	0	Activity_ready_state
608	1	to	0	0	_
608	1	spring	1	1	Self_motion
608	1	into	1	0	_
608	1	action	0	0	Intentionally_act
608	1	on	1	0	Spatial_contact
608	1	Drukso	0	0	_
608	1	Gangri	0	0	_
608	1	.	0	0	_

608	2	After	1	0	Time_vector
608	2	organizing	0	0	_
608	2	their	0	0	_
608	2	gear	0	0	Gizmo
608	2	,	0	0	_
608	2	Summer	0	0	_
608	2	,	0	0	_
608	2	Mike	0	0	_
608	2	,	0	0	_
608	2	Josh	0	0	_
608	2	,	0	0	_

609	0	which	0	0	_
609	0	could	0	0	Capability
609	0	linger	1	1	Self_motion
609	0	out	0	0	_
609	0	of	0	0	_
609	0	sight	0	0	Range
609	0	on	0	0	Spatial_contact
609	0	less	0	0	_
609	0	used	0	0	Using
609	0	side	1	1	Part_inner_outer
609	0	streets	0	0	Roadways
609	0	,	0	0	_
609	0	then	0	0	_
609	0	spring	1	0	Self_motion
609	0	into	1	0	_
609	0	action	1	0	Intentionally_act
609	0	when	0	0	Temporal_collocation
609	0	someone	0	0	_
609	0	wanted	0	0	Desiring
609	0	a	0	0	_
609	0	ride	0	0	Operate_vehicle
609	0	from	0	0	_
609	0	a	0	0	_
609	0	specific	0	0	_
609	0	spot	0	0	Locale
609	0	to	0	0	_
609	0	a	0	0	_
609	0	specific	0	0	_
609	0	spot	0	0	Locale
609	0	on	0	0	Spatial_contact
609	0	their	0	0	_

610	0	meet	0	0	Come_together
610	0	monthly	0	0	Frequency
610	0	.	0	0	_

610	1	Crossing	1	0	Traversing
610	1	denominational	0	0	_
610	1	lines	1	0	Boundary
610	1	,	0	0	_
610	1	this	1	0	_
610	1	faithful	0	0	_
610	1	group	0	0	Aggregate
610	1	of	0	0	_
610	1	Bible-believing	0	0	_
610	1	pastors	0	0	_
610	1	sprang	1	1	Self_motion
610	1	into	1	0	_
610	1	action	0	0	Intentionally_act
610	1	on	1	0	Temporal_collocation
610	1	that	1	0	_
610	1	tragic	0	0	Catastrophe
610	1	day	0	0	Calendric_unit
610	1	.	0	0	_

610	2	Pastor	0	0	_
610	2	Greg	0	0	_
610	2	DiMeolo	0	0	_
610	2	of	0	0	_
610	2	Christ	0	0	_
610	2	Community	0	0	_
610	2	Church	0	0	_
610	2	recalls	1	1	Statement
610	2	the	0	0	_
610	2	pastors	0	0	_

611	0	and	0	0	_
611	0	started	0	0	Activity_start
611	0	causing	0	0	Causation
611	0	havoc	0	0	_
611	0	with	1	0	_
611	0	the	0	0	_
611	0	herd	0	0	Aggregate
611	0	.	0	0	_

611	1	Which	0	0	_
611	1	is	0	0	_
611	1	when	0	0	Temporal_collocation
611	1	Aishat	0	0	_
611	1	then	0	0	Temporal_collocation
611	1	sprang	1	1	Self_motion
611	1	into	1	0	_
611	1	action	0	0	Intentionally_act
611	1	.	0	0	_

611	2	#	0	0	_
611	2	Approaching	0	0	Arriving
611	2	the	0	0	_
611	2	wolf	0	0	_
611	2	with	0	0	_
611	2	an	0	0	_
611	2	axe	0	0	_
611	2	the	0	0	_
611	2	wolf	0	0	_
611	2	who	0	0	_
611	2	was	0	0	_
611	2	in	1	0	_
611	2	the	0	0	_
611	2	throes	1	1	_

612	0	policies	0	0	_
612	0	of	0	0	_
612	0	Bush	0	0	_
612	0	and	0	0	_
612	0	Obama	0	0	_
612	0	--	0	0	_
612	0	but	0	0	Concessive
612	0	maybe	0	0	Likelihood
612	0	not	0	0	_
612	0	.	0	0	_

612	1	#	0	0	_
612	1	Did	0	0	_
612	1	George	0	0	_
612	1	Bush	0	0	_
612	1	immediately	0	0	_
612	1	spring	1	1	Self_motion
612	1	into	1	0	_
612	1	action	0	0	Intentionally_act
612	1	and	0	0	_
612	1	race	0	0	Self_motion
612	1	over	0	0	_
612	1	to	0	0	_
612	1	NYC	0	0	_
612	1	upon	1	0	_
612	1	hearing	0	0	Hearsay
612	1	that	0	0	_
612	1	the	0	0	_
612	1	first	0	0	Ordinal_numbers
612	1	highjacked	0	0	_
612	1	plane	0	0	Vehicle
612	1	hit	0	0	Impact
612	1	the	0	0	_
612	1	WTC	0	0	_

613	0	genocide	0	0	_
613	0	'	0	0	_
613	0	and	0	0	_
613	0	'	0	0	_
613	0	ethnic	0	0	_
613	0	cleansing	0	0	_
613	0	'	0	0	_
613	0	,	0	0	_
613	0	and	0	0	_
613	0	the	0	0	_
613	0	usual	0	0	_
613	0	suspects	0	0	_
613	0	spring	1	0	Self_motion
613	0	into	1	0	_
613	0	action	0	0	Intentionally_act
613	0	:	0	0	_
613	0	#	0	0	_
613	0	Bodo-Muslim	0	0	_
613	0	violence	0	0	_
613	0	in	0	0	Interior_profile_relation
613	0	the	0	0	_
613	0	State	0	0	Political_locales
613	0	has	0	0	_
613	0	left	1	0	Causation
613	0	more	0	0	Increment
613	0	than	0	0	_
613	0	50	0	0	Cardinal_numbers
613	0	people	0	0	People
613	0	dead	0	0	Dead_or_alive
613	0	and	0	0	_

614	0	Be	0	0	_
614	0	silen	0	0	_
614	0	t	0	0	_
614	0	before	1	0	_
614	0	the	0	0	_
614	0	LORD	0	0	_
614	0	,	0	0	_
614	0	all	0	0	Quantified_mass
614	0	humanity	0	0	_
614	0	,	0	0	_
614	0	for	0	0	Causation
614	0	he	0	0	_
614	0	is	0	0	_
614	0	springing	1	1	Self_motion
614	0	into	1	0	_
614	0	action	0	0	Intentionally_act
614	0	from	0	0	_
614	0	his	0	0	_
614	0	holy	0	0	_
614	0	dwelling.	0	0	Buildings
614	0	``	0	0	_

614	1	Matthew	0	0	_
614	1	22:34	0	0	_
614	1	The	0	0	_
614	1	Most	0	0	_
614	1	Important	0	0	Importance
614	1	Commandment	0	0	_
614	1	But	0	0	_
614	1	when	0	0	Temporal_collocation
614	1	the	0	0	_

615	0	to	0	0	_
615	0	print	0	0	Text_creation
615	0	it	0	0	_
615	0	.	0	0	_

615	1	Be	0	0	_
615	1	on	1	0	_
615	1	the	0	0	_
615	1	lookout	1	0	Scrutiny
615	1	for	0	0	_
615	1	it	0	0	_
615	1	so	0	0	_
615	1	you	0	0	_
615	1	can	0	0	Capability
615	1	spring	1	0	Self_motion
615	1	into	1	0	_
615	1	action	0	0	Intentionally_act
615	1	and	0	0	_
615	1	start	0	0	Activity_start
615	1	writing	0	0	Text_creation
615	1	letters	0	0	Text
615	1	of	0	0	_
615	1	approval	0	0	Deny_or_grant_permission
615	1	as	0	0	_
615	1	soon	0	0	Temporal_collocation
615	1	as	0	0	_
615	1	it	0	0	_
615	1	appears	0	0	Give_impression
615	1	.	0	0	_

615	2	#	0	0	_
615	2	We	0	0	_
615	2	're	0	0	_

616	0	the	0	0	_
616	0	minute	0	0	_
616	0	you	0	0	_
616	0	need	0	0	Needing
616	0	cooperation	0	0	Collaboration
616	0	for	0	0	_
616	0	something	0	0	_
616	0	new	0	0	Age
616	0	or	0	0	_
616	0	different	0	0	Similarity
616	0	,	0	0	_
616	0	the	0	0	_
616	0	ghosts	1	1	_
616	0	spring	1	0	Self_motion
616	0	into	1	0	_
616	0	action	1	0	Intentionally_act
616	0	.	0	0	_

616	1	Old	0	0	Age
616	1	wounds	1	1	Medical_conditions
616	1	reopen	1	0	Activity_start
616	1	,	0	0	_
616	1	historic	0	0	Custom
616	1	resentments	0	0	Experiencer_focus
616	1	are	0	0	_
616	1	remembered	0	0	Memory
616	1	--	0	0	_
616	1	sometimes	0	0	Frequency
616	1	going	1	0	_
616	1	back	1	0	_
616	1	many	0	0	Quantified_mass
616	1	generations	0	0	_

617	0	drug	0	0	Intoxicants
617	0	that	0	0	_
617	0	it	0	0	_
617	0	had	0	0	_
617	0	been	0	0	_
617	0	relentlessly	0	0	_
617	0	promoting	0	0	_
617	0	to	1	0	_
617	0	governments	0	0	Leadership
617	0	everywhere	0	0	Locative_relation
617	0	,	0	0	_
617	0	Merck	0	0	_
617	0	sprang	1	0	Self_motion
617	0	into	1	0	_
617	0	action	0	0	Intentionally_act
617	0	.	0	0	_

617	1	And	0	0	_
617	1	behold	0	0	_
617	1	!	0	0	_

617	2	A	0	0	_
617	2	mere	0	0	_
617	2	three	0	0	Cardinal_numbers
617	2	nights	0	0	Calendric_unit
617	2	later	0	0	Time_vector
617	2	on	1	0	_
617	2	the	0	0	_
617	2	NBC	0	0	_
617	2	Nightly	0	0	_
617	2	News	0	0	_
617	2	,	0	0	_

618	0	take	1	0	Breathing
618	0	a	0	0	_
618	0	breath	0	0	Breathing
618	0	,	0	0	_
618	0	take	1	0	_
618	0	the	0	0	_
618	0	time	0	0	_
618	0	and	0	0	_
618	0	recognize	1	1	Becoming_aware
618	0	that	0	0	_
618	0	long	0	0	_
618	0	before	0	0	Time_vector
618	0	SONS	0	0	_
618	0	sprung	1	1	_
618	0	into	1	0	_
618	0	action	1	0	Intentionally_act
618	0	,	0	0	_
618	0	Novato	0	0	_
618	0	Unified	0	0	_
618	0	School	0	0	Locale_by_use
618	0	District	0	0	_
618	0	has	0	0	_
618	0	been	0	0	_
618	0	capable	0	0	Capability
618	0	of	0	0	_
618	0	successfully	0	0	Success_or_failure
618	0	managing	0	0	_
618	0	Novato	0	0	_
618	0	Charter	0	0	_
618	0	School	0	0	Locale_by_use
618	0	,	0	0	_

619	0	can	0	0	Capability
619	0	not	0	0	_
619	0	complete	0	0	Activity_finish
619	0	the	0	0	_
619	0	lift	0	0	Connecting_architecture
619	0	.	0	0	_

619	1	That	1	0	_
619	1	's	0	0	_
619	1	a	0	0	_
619	1	spotter	0	0	_
619	1	's	0	0	_
619	1	-cue	1	1	_
619	1	to	0	0	_
619	1	spring	1	1	Self_motion
619	1	into	1	0	_
619	1	action	0	0	Intentionally_act
619	1	!	0	0	_

619	2	1	0	0	_
619	2	,	0	0	_
619	2	2	0	0	_
619	2	,	0	0	_
619	2	3	0	0	_
619	2	Lift	0	0	Cause_motion
619	2	!	0	0	_

619	3	--	0	0	_
619	3	Your	0	0	_
619	3	Action	0	0	Intentionally_act
619	3	Plan	1	0	Project
619	3	#	0	0	_
619	3	All	0	0	_

620	0	the	0	0	_
620	0	New	0	0	Age
620	0	Carrollton	0	0	_
620	0	Metro	0	0	_
620	0	station	0	0	_
620	0	with	0	0	Accompaniment
620	0	a	0	0	_
620	0	toddler	0	0	People_by_age
620	0	and	0	0	_
620	0	a	0	0	_
620	0	2-month-old	0	0	_
620	0	,	0	0	_
620	0	she	0	0	_
620	0	sprang	1	0	Self_motion
620	0	into	1	0	_
620	0	action	0	0	Intentionally_act
620	0	.	0	0	_

620	1	#	0	0	_
620	1	Coe	0	0	_
620	1	contacted	0	0	Arriving
620	1	the	0	0	_
620	1	young	0	0	Age
620	1	woman	0	0	People
620	1	and	0	0	_
620	1	arranged	0	0	_
620	1	for	0	0	_
620	1	her	0	0	_
620	1	to	0	0	_
620	1	take	0	0	Cotheme
620	1	the	0	0	_
620	1	train	0	0	Vehicle

621	0	greatest	1	1	Desirability
621	0	number	0	0	Quantified_mass
621	0	of	0	0	_
621	0	attendees	0	0	Attending
621	0	(	0	0	_
621	0	72	0	0	_
621	0	)	0	0	_
621	0	:	0	0	_
621	0	#	0	0	_
621	0	A	0	0	_
621	0	week	0	0	Calendric_unit
621	0	ago	0	0	Time_vector
621	0	we	0	0	_
621	0	sprang	1	1	Self_motion
621	0	into	1	0	_
621	0	action	0	0	Intentionally_act
621	0	when	0	0	Temporal_collocation
621	0	we	0	0	_
621	0	heard	0	0	Hearsay
621	0	that	0	0	_
621	0	MAKE	0	0	_
621	0	magazine	0	0	Text
621	0	was	0	0	_
621	0	planning	1	0	Purpose
621	0	an	0	0	_
621	0	international	0	0	Political_locales
621	0	3D	0	0	_
621	0	printing	0	0	Manufacturing
621	0	meetup	0	0	Social_event
621	0	day	0	0	Calendric_unit
621	0	.	0	0	_

622	0	which	0	0	_
622	0	drafted	1	1	Coming_up_with
622	0	much	0	0	Proportional_quantity
622	0	of	0	0	_
622	0	the	0	0	_
622	0	law	0	0	Law
622	0	,	0	0	_
622	0	predicted	1	1	Expectation
622	0	that	0	0	_
622	0	congressional	0	0	_
622	0	Democrats	0	0	_
622	0	would	0	0	_
622	0	n't	0	0	_
622	0	spring	1	1	Self_motion
622	0	into	1	0	_
622	0	action	0	0	Intentionally_act
622	0	immediately	0	0	_
622	0	to	0	0	_
622	0	offer	0	0	Offering
622	0	bills	0	0	_
622	0	replacing	1	0	Take_place_of
622	0	the	0	0	_
622	0	ACA	0	0	_
622	0	if	0	0	_
622	0	the	0	0	_
622	0	court	0	0	Judicial_body
622	0	strikes	1	1	Destroying
622	0	down	1	0	_
622	0	parts	1	0	Part_whole
622	0	of	0	0	_
622	0	it	0	0	_

623	0	when	0	0	Temporal_collocation
623	0	``	0	0	_
623	0	you	0	0	_
623	0	can	0	0	Possibility
623	0	almost	0	0	_
623	0	feel	1	0	Perception_experience
623	0	minds	0	0	_
623	0	absorbing	1	1	_
623	0	injury	0	0	Experience_bodily_harm
623	0	,	0	0	_
623	0	cognitive	0	0	_
623	0	immune	0	0	_
623	0	systems	1	0	System
623	0	springing	1	1	Self_motion
623	0	into	1	0	_
623	0	action	0	0	Intentionally_act
623	0	and	0	0	_
623	0	one	0	0	Cardinal_numbers
623	0	of	0	0	Partitive
623	0	modern	0	0	Temporal_collocation
623	0	civilization	0	0	_
623	0	's	0	0	_
623	0	master	1	1	Subordinates_and_superiors
623	0	narratives	0	0	_
623	0	being	0	0	_
623	0	created.	0	0	Intentionally_create
623	0	``	0	0	_

623	1	#	0	0	_
623	1	And	0	0	_
623	1	then	0	0	_

624	0	3181731	0	0	_
624	0	#	0	0	_
624	0	In	1	0	Temporal_collocation
624	0	September	0	0	Calendric_unit
624	0	,	0	0	_
624	0	the	0	0	_
624	0	Native	0	0	_
624	0	community	0	0	Aggregate
624	0	sprang	1	0	Self_motion
624	0	into	1	0	_
624	0	action	0	0	Intentionally_act
624	0	voicing	0	0	Expressing_publicly
624	0	our	0	0	_
624	0	collective	0	0	_
624	0	outrage	0	0	Emotion_directed
624	0	after	0	0	Relative_time
624	0	we	0	0	_
624	0	were	0	0	_
624	0	assailed	0	0	Judgment_communication
624	0	by	0	0	_
624	0	Paul	0	0	_
624	0	Frank	0	0	_
624	0	's	0	0	_
624	0	``	0	0	_
624	0	neon	0	0	_
624	0	pow-wow	0	0	_

625	0	it	0	0	_
625	0	)	0	0	_
625	0	and	0	0	_
625	0	he	0	0	_
625	0	says	0	0	Statement
625	0	that	0	0	_
625	0	his	0	0	_
625	0	consistent	0	0	_
625	0	experience	0	0	Perception_experience
625	0	is	0	0	_
625	0	that	0	0	_
625	0	people	0	0	People
625	0	``	0	0	_
625	0	springing	1	1	Self_motion
625	0	into	1	0	_
625	0	action	0	0	Intentionally_act
625	0	``	0	0	_
625	0	is	0	0	_
625	0	very	0	0	Degree
625	0	rare	0	0	Frequency
625	0	,	0	0	_
625	0	regardless	0	0	_
625	0	of	0	0	_
625	0	the	0	0	_
625	0	race	0	0	Type
625	0	of	0	0	_
625	0	the	0	0	_
625	0	people	0	0	People
625	0	.	0	0	_

625	1	Race	0	0	_
625	1	may	0	0	_

626	0	place	1	0	Locale
626	0	,	0	0	_
626	0	the	0	0	_
626	0	networks	1	1	Network
626	0	,	0	0	_
626	0	the	0	0	_
626	0	friendships	0	0	Personal_relationship
626	0	that	0	0	_
626	0	were	0	0	_
626	0	already	0	0	Time_vector
626	0	there	1	0	Locative_relation
626	0	,	0	0	_
626	0	just	0	0	_
626	0	sprung	1	1	_
626	0	into	1	0	_
626	0	action	1	0	Intentionally_act
626	0	,	0	0	_
626	0	right	0	0	_
626	0	the	0	0	_
626	0	morning	0	0	Calendric_unit
626	0	after	1	0	Time_vector
626	0	the	0	0	_
626	0	flood	0	0	_
626	0	.	0	0	_

626	1	I	0	0	_
626	1	think	0	0	Awareness
626	1	about	1	0	_
626	1	two-thirds	0	0	_
626	1	or	0	0	_
626	1	three-quarters	0	0	_
626	1	of	0	0	_

627	0	that	0	0	_
627	0	concentration	1	1	_
627	0	.	0	0	_

627	1	That	1	0	_
627	1	steely	1	1	_
627	1	gaze	0	0	Perception_active
627	1	.	0	0	_

627	2	That	1	0	_
627	2	finely	0	0	_
627	2	toned	0	0	_
627	2	body	0	0	Body_parts
627	2	ready	0	0	Activity_ready_state
627	2	to	0	0	_
627	2	spring	1	1	Self_motion
627	2	into	1	0	_
627	2	action	0	0	Intentionally_act
627	2	like	0	0	Similarity
627	2	a	0	0	_
627	2	precision-engineered	0	0	_
627	2	machine	0	0	Gizmo
627	2	.	0	0	_

627	3	That	0	0	_
627	3	tongue	0	0	Body_parts
627	3	sticking	0	0	Fluidic_motion
627	3	out	0	0	_
627	3	of	0	0	_
627	3	his	0	0	_
627	3	mouth	0	0	Body_parts
627	3	.	0	0	_

627	4	#	0	0	_
627	4	Or	0	0	_

628	0	on	0	0	Spatial_contact
628	0	the	0	0	_
628	0	factory	0	0	Locale_by_use
628	0	wall	0	0	Architectural_part
628	0	that	0	0	_
628	0	reminds	0	0	Evoking
628	0	him	0	0	_
628	0	of	0	0	_
628	0	a	0	0	_
628	0	customer	0	0	_
628	0	email	0	0	Text
628	0	and	0	0	_
628	0	he	0	0	_
628	0	springs	1	1	Self_motion
628	0	into	1	0	_
628	0	action	0	0	Intentionally_act
628	0	.	0	0	_

628	1	#	0	0	_
628	1	One	0	0	Cardinal_numbers
628	1	last	0	0	Ordinal_numbers
628	1	personal	0	0	_
628	1	tidbit	0	0	_
628	1	about	1	0	Topic
628	1	Mr.	0	0	_
628	1	Drexler	0	0	_
628	1	.	0	0	_

628	2	When	0	0	_
628	2	The	0	0	_
628	2	New	0	0	_
628	2	York	0	0	_
628	2	Times	0	0	_

629	0	evening	0	0	Calendric_unit
629	0	Sunday	0	0	Calendric_unit
629	0	and	0	0	_
629	0	when	0	0	Temporal_collocation
629	0	he	0	0	_
629	0	left	0	0	Departing
629	0	their	0	0	_
629	0	apartment	0	0	Building_subparts
629	0	early	0	0	Relative_time
629	0	Monday	0	0	Calendric_unit
629	0	morning	0	0	Calendric_unit
629	0	,	0	0	_
629	0	she	0	0	_
629	0	sprung	1	1	Self_motion
629	0	into	1	0	_
629	0	action	0	0	Intentionally_act
629	0	.	0	0	_

629	1	After	1	0	Time_vector
629	1	getting	0	0	Getting
629	1	the	0	0	_
629	1	fire	0	0	Fire_burning
629	1	stoked	0	0	Setting_fire
629	1	she	0	0	_
629	1	went	0	0	Motion
629	1	downstairs	0	0	_
629	1	to	0	0	_
629	1	begin	0	0	Activity_start
629	1	the	0	0	_
629	1	evacuation	0	0	Removing
629	1	procedure	0	0	Means
629	1	by	0	0	_

630	0	from	0	0	_
630	0	all	0	0	Quantified_mass
630	0	of	0	0	_
630	0	you	0	0	_
630	0	.	0	0	_

630	1	No	0	0	_
630	1	rest	0	0	Stimulus_focus
630	1	for	0	0	_
630	1	the	0	0	_
630	1	weary	0	0	Biological_urge
630	1	though	0	0	_
630	1	and	0	0	_
630	1	I	0	0	_
630	1	sprang	1	1	Self_motion
630	1	into	1	0	_
630	1	action	0	0	Intentionally_act
630	1	all	0	0	_
630	1	day	0	0	Calendric_unit
630	1	and	0	0	_
630	1	night	0	0	Calendric_unit
630	1	last	0	0	Relative_time
630	1	night	0	0	Calendric_unit
630	1	catching	1	1	_
630	1	up	1	0	_
630	1	or	0	0	_
630	1	at	0	0	_
630	1	least	0	0	_
630	1	scratching	1	1	_
630	1	the	0	0	_
630	1	surface	1	1	Part_inner_outer
630	1	and	0	0	_

631	0	at	1	0	_
631	0	12	0	0	_
631	0	cents	0	0	_
631	0	.	0	0	_

631	1	#	0	0	_
631	1	Unsurprisingly	0	0	_
631	1	,	0	0	_
631	1	the	0	0	_
631	1	big	1	0	Size
631	1	banks	0	0	Businesses
631	1	'	0	0	_
631	1	lobbying	0	0	_
631	1	machinery	1	1	Gizmo
631	1	sprang	1	0	Self_motion
631	1	into	1	0	_
631	1	action	1	0	Intentionally_act
631	1	,	0	0	_
631	1	arguing	1	0	Reasoning
631	1	that	0	0	_
631	1	the	0	0	_
631	1	fee	0	0	_
631	1	cap	1	1	_
631	1	would	0	0	_
631	1	hurt	1	0	Cause_harm
631	1	small	0	0	Size
631	1	banks	0	0	Businesses
631	1	and	0	0	_
631	1	credit	0	0	_
631	1	unions	0	0	_
631	1	.	0	0	_

631	2	Senators	0	0	_

632	0	thatched	0	0	_
632	0	roofs	0	0	Architectural_part
632	0	.	0	0	_

632	1	When	0	0	Temporal_collocation
632	1	we	0	0	_
632	1	walked	0	0	Self_motion
632	1	up	1	0	_
632	1	the	0	0	_
632	1	family	0	0	Kinship
632	1	,	0	0	_
632	1	as	0	0	_
632	1	usual	0	0	_
632	1	,	0	0	_
632	1	sprung	1	0	Self_motion
632	1	into	1	0	_
632	1	action	0	0	Intentionally_act
632	1	bringing	0	0	Bringing
632	1	chairs	0	0	_
632	1	,	0	0	_
632	1	stools	0	0	_
632	1	,	0	0	_
632	1	and	0	0	_
632	1	a	0	0	_
632	1	tarp	0	0	_
632	1	on	0	0	Spatial_contact
632	1	which	0	0	_
632	1	we	0	0	_
632	1	could	0	0	Possibility
632	1	sit	0	0	Posture
632	1	.	0	0	_

632	2	I	0	0	_

633	0	sounds	0	0	Sensation
633	0	began	0	0	Process_start
633	0	when	0	0	Temporal_collocation
633	0	I	0	0	_
633	0	was	0	0	_
633	0	just	0	0	_
633	0	about	1	0	_
633	0	Charlie	0	0	_
633	0	's	0	0	_
633	0	age	0	0	Age
633	0	.	0	0	_

633	1	My	0	0	_
633	1	mother	0	0	Kinship
633	1	sprung	1	0	Self_motion
633	1	into	1	0	_
633	1	action	0	0	Intentionally_act
633	1	at	1	0	_
633	1	that	1	0	_
633	1	point	1	0	_
633	1	with	0	0	_
633	1	flash	0	0	_
633	1	cards	0	0	_
633	1	,	0	0	_
633	1	magnetic	0	0	_
633	1	letters	0	0	Text
633	1	,	0	0	_
633	1	and	0	0	_
633	1	picture	0	0	_
633	1	books	0	0	Text
633	1	.	0	0	_

633	2	Before	0	0	Time_vector

634	0	as	0	0	_
634	0	39-year-old	0	0	_
634	0	David	0	0	_
634	0	Moore	0	0	_
634	0	,	0	0	_
634	0	then	0	0	Temporal_collocation
634	0	allegedly	0	0	Unattributed_information
634	0	grasped	0	0	Manipulation
634	0	Brandons	0	0	_
634	0	arm	0	0	Body_parts
634	0	,	0	0	_
634	0	but	0	0	_
634	0	A-nari	0	0	_
634	0	sprang	1	1	Self_motion
634	0	into	1	0	_
634	0	action	0	0	Intentionally_act
634	0	,	0	0	_
634	0	punching	0	0	Cause_harm
634	0	and	0	0	_
634	0	kicking	0	0	Cause_harm
634	0	him	0	0	_
634	0	.	0	0	_

634	1	#	0	0	_
634	1	Taylor	0	0	_
634	1	said	0	0	Statement
634	1	she	0	0	_
634	1	was	0	0	_
634	1	frightened	0	0	Fear
634	1	by	0	0	_
634	1	the	0	0	_
634	1	man	0	0	People

635	0	,	0	0	_
635	0	you	0	0	_
635	0	can	0	0	Possibility
635	0	see	0	0	Perception_experience
635	0	him	0	0	_
635	0	take	1	0	Ingest_substance
635	0	one	0	0	Cardinal_numbers
635	0	last	0	0	Ordinal_numbers
635	0	deep	1	0	_
635	0	and	0	0	_
635	0	focused	1	1	_
635	0	breath	0	0	Breathing
635	0	before	0	0	Time_vector
635	0	springing	1	1	Self_motion
635	0	into	1	0	_
635	0	action	0	0	Intentionally_act
635	0	.	0	0	_

635	1	His	0	0	_
635	1	body	0	0	Body_parts
635	1	rises	0	0	Change_position_on_a_scale
635	1	,	0	0	_
635	1	seeming	0	0	Give_impression
635	1	almost	0	0	_
635	1	to	0	0	_
635	1	hover	0	0	Self_motion
635	1	in	0	0	_
635	1	the	0	0	_
635	1	air	0	0	_
635	1	before	0	0	Time_vector
635	1	gliding	0	0	Self_motion
635	1	down	0	0	_

636	0	managing	1	1	_
636	0	their	0	0	_
636	0	own	0	0	_
636	0	response	1	0	Response
636	0	to	1	0	_
636	0	the	0	0	_
636	0	situation.	1	1	_
636	0	``	0	0	_

636	1	#	0	0	_
636	1	All	0	0	Quantified_mass
636	1	thirty	0	0	Cardinal_numbers
636	1	companies	0	0	Businesses
636	1	sprung	1	1	Self_motion
636	1	into	1	0	_
636	1	action	1	0	Intentionally_act
636	1	to	0	0	_
636	1	neutralize	0	0	_
636	1	the	0	0	_
636	1	security	0	0	Being_at_risk
636	1	risk	0	0	Run_risk
636	1	and	0	0	_
636	1	prepare	1	0	Activity_prepare
636	1	their	0	0	_
636	1	respective	0	0	_
636	1	technical	0	0	_
636	1	responses	1	0	Response
636	1	.	0	0	_

636	2	Mashery	0	0	_
636	2	co-founder	0	0	_
636	2	Clay	0	0	_

637	0	believe	0	0	Certainty
637	0	it	0	0	_
637	0	will	0	0	_
637	0	work	1	0	Usefulness
637	0	--	0	0	_
637	0	including	0	0	Inclusion
637	0	the	0	0	_
637	0	one	0	0	Cardinal_numbers
637	0	skeptic	0	0	Certainty
637	0	in	1	0	_
637	0	the	0	0	_
637	0	group	0	0	Aggregate
637	0	who	0	0	_
637	0	springs	1	1	Self_motion
637	0	into	1	0	_
637	0	action	0	0	Intentionally_act
637	0	to	0	0	_
637	0	explain	0	0	Statement
637	0	their	0	0	_
637	0	mocked-up	0	0	_
637	0	storyboards	0	0	_
637	0	during	0	0	Temporal_collocation
637	0	the	0	0	_
637	0	single	0	0	Sole_instance
637	0	most	0	0	_
637	0	crucial	0	0	Importance
637	0	moment	0	0	_
637	0	of	0	0	_
637	0	their	0	0	_
637	0	interrogation	0	0	Inspecting
637	0	.	0	0	_

638	0	opposition	0	0	Taking_sides
638	0	to	1	0	_
638	0	the	0	0	_
638	0	Vietnam	0	0	_
638	0	War	0	0	Hostile_encounter
638	0	inspired	0	0	Subjective_influence
638	0	a	0	0	_
638	0	number	0	0	Quantified_mass
638	0	of	0	0	_
638	0	low	0	0	Position_on_a_scale
638	0	budget	0	0	_
638	0	filmmakers	0	0	People_by_vocation
638	0	who	0	0	_
638	0	sprang	1	1	Self_motion
638	0	into	1	0	_
638	0	action	0	0	Intentionally_act
638	0	with	1	0	_
638	0	their	0	0	_
638	0	own	0	0	_
638	0	responses	1	0	Response
638	0	.	0	0	_

638	1	The	0	0	_
638	1	result	0	0	Causation
638	1	was	0	0	_
638	1	a	0	0	_
638	1	handful	0	0	Quantified_mass
638	1	of	0	0	_
638	1	angry	1	0	Emotion_directed
638	1	and	0	0	_
638	1	nihilistic	0	0	_
638	1	pictures	0	0	Physical_artworks

639	0	Did	0	0	_
639	0	you	0	0	_
639	0	miss	0	0	_
639	0	me	0	0	_
639	0	?	0	0	_

639	1	Yes	0	0	_
639	1	,	0	0	_
639	1	still	0	0	Continued_state_of_affairs
639	1	in	1	0	_
639	1	his	0	0	_
639	1	PJs	0	0	_
639	1	,	0	0	_
639	1	he	0	0	_
639	1	sprang	1	1	Self_motion
639	1	into	1	0	_
639	1	action	0	0	Intentionally_act
639	1	and	0	0	_
639	1	took	1	0	_
639	1	on	1	0	_
639	1	the	0	0	_
639	1	evil	0	0	Morality_evaluation
639	1	leader	0	0	Leadership
639	1	of	0	0	_
639	1	the	0	0	_
639	1	Sycorax	0	0	_
639	1	.	0	0	_

639	2	I	0	0	_
639	2	fight	0	0	Hostile_encounter
639	2	an	0	0	_
639	2	alien	0	0	_
639	2	on	1	0	_

640	0	thing	0	0	Entity
640	0	.	0	0	_

640	1	Unlike	0	0	Similarity
640	1	that	1	0	_
640	1	dude	0	0	People
640	1	on	1	0	Setting_fire
640	1	fire	1	0	Fire_burning
640	1	at	1	0	Locative_relation
640	1	the	0	0	_
640	1	peace	0	0	_
640	1	rally	0	0	Social_event
640	1	,	0	0	_
640	1	we	0	0	_
640	1	sprung	1	1	Self_motion
640	1	into	1	0	_
640	1	action	0	0	Intentionally_act
640	1	to	0	0	_
640	1	revive	1	1	Cause_to_resume
640	1	the	0	0	_
640	1	Bigfoot	0	0	_
640	1	.	0	0	_

640	2	But	0	0	Concessive
640	2	it	0	0	_
640	2	was	0	0	_
640	2	too	0	0	Sufficiency
640	2	late	0	0	Relative_time
640	2	.	0	0	_

640	3	It	0	0	_
640	3	made	1	0	Causation
640	3	me	0	0	_
640	3	feel	1	0	Feeling

641	0	Now	0	0	Temporal_collocation
641	0	,	0	0	_
641	0	as	0	0	_
641	0	Steven	0	0	_
641	0	heads	0	0	Self_motion
641	0	on	0	0	Spatial_contact
641	0	stage	0	0	_
641	0	,	0	0	_
641	0	his	0	0	_
641	0	finely	0	0	_
641	0	tuned	1	1	_
641	0	vocal	0	0	_
641	0	cords	0	0	_
641	0	spring	1	0	Self_motion
641	0	into	1	0	_
641	0	action	0	0	Intentionally_act
641	0	.	0	0	_

641	1	(	0	0	_
641	1	Guitarintro	0	0	_
641	1	)	0	0	_
641	1	This	0	0	_
641	1	is	0	0	_
641	1	Steven	0	0	_
641	1	Tyler	0	0	_
641	1	outside	0	0	Part_inner_outer
641	1	...	0	0	_
641	1	Every	0	0	Frequency
641	1	time	0	0	_
641	1	that	0	0	_
641	1	I	0	0	_
641	1	look	0	0	Perception_active

642	0	I	0	0	_
642	0	was	0	0	_
642	0	on	1	0	_
642	0	the	0	0	_
642	0	phone	0	0	_
642	0	.	0	0	_

642	1	I	0	0	_
642	1	summoned	1	1	Request
642	1	the	0	0	_
642	1	paramedics	0	0	Medical_professionals
642	1	.	0	0	_

642	2	-	0	0	_
642	2	I	0	0	_
642	2	sprung	1	1	Self_motion
642	2	into	1	0	_
642	2	action	0	0	Intentionally_act
642	2	without	1	0	_
642	2	delay	0	0	Change_event_time
642	2	.	0	0	_

642	3	-	0	0	_
642	3	Bullshit	0	0	_
642	3	.	0	0	_

642	4	You	0	0	_
642	4	were	0	0	_
642	4	cleaning	0	0	_
642	4	your	0	0	_
642	4	pipe	0	0	_
642	4	.	0	0	_

642	5	I	0	0	_
642	5	was	0	0	_
642	5	wrapping	0	0	Placing

643	0	real	0	0	Existence
643	0	Angela	0	0	_
643	0	Prune	0	0	_
643	0	?	0	0	_

643	1	Objection	0	0	Purpose
643	1	!	0	0	_

643	2	Badgering	0	0	Hostile_encounter
643	2	!	0	0	_

643	3	It	0	0	_
643	3	's	0	0	_
643	3	about	1	0	_
643	3	time	0	0	_
643	3	you	0	0	_
643	3	sprang	1	1	Self_motion
643	3	into	1	0	_
643	3	action	0	0	Intentionally_act
643	3	,	0	0	_
643	3	big	1	1	Size
643	3	boy	0	0	People_by_age
643	3	!	0	0	_

643	4	I	0	0	_
643	4	'm	0	0	_
643	4	of	0	0	Inclination
643	4	an	0	0	Willingness
643	4	absolute	0	0	_
643	4	mind	0	0	Willingness
643	4	tofire	0	0	_
643	4	you	0	0	_
643	4	.	0	0	_

643	5	I	0	0	_
643	5	'll	0	0	_

644	0	Seed	0	0	_
644	0	.	0	0	_

644	1	Okay	0	0	_
644	1	,	0	0	_
644	1	better	0	0	Desirability
644	1	,	0	0	_
644	1	you	0	0	_
644	1	pretend	0	0	_
644	1	to	0	0	_
644	1	be	0	0	_
644	1	asleep	0	0	Sleep
644	1	and	0	0	_
644	1	then	0	0	Temporal_collocation
644	1	spring	1	0	Self_motion
644	1	into	1	0	_
644	1	action	0	0	Intentionally_act
644	1	to	0	0	_
644	1	save	1	0	Protecting
644	1	me	0	0	_
644	1	at	1	0	Temporal_collocation
644	1	the	0	0	_
644	1	last	0	0	Relative_time
644	1	second	0	0	_
644	1	.	0	0	_

644	2	Come	1	0	_
644	2	on	1	0	_
644	2	,	0	0	_
644	2	R.P	0	0	_
644	2	.	0	0	_

644	3	This	0	0	_
644	3	is	0	0	_

645	0	s	0	0	_
645	0	scary	0	0	Stimulus_focus
645	0	.	0	0	_

645	1	We	0	0	_
645	1	were	0	0	_
645	1	very	0	0	Degree
645	1	suspicious	0	0	Certainty
645	1	of	0	0	_
645	1	everyone	0	0	_
645	1	.	0	0	_

645	2	CHRIS-CONNELLY	0	0	_
645	2	#	0	0	_
645	2	(	0	0	_
645	2	Voiceover	0	0	_
645	2	)	0	0	_
645	2	Jerry	0	0	_
645	2	sprang	1	1	Self_motion
645	2	into	1	0	_
645	2	action	0	0	Intentionally_act
645	2	.	0	0	_

645	3	He	0	0	_
645	3	locked	0	0	Closure
645	3	the	0	0	_
645	3	mailbox	0	0	_
645	3	and	0	0	_
645	3	set	0	0	Intentionally_create
645	3	up	1	0	Intentionally_create
645	3	surveillance	0	0	Scrutiny
645	3	.	0	0	_

645	4	JERRY-RICE	0	0	_
645	4	#	0	0	_
645	4	We	0	0	_
645	4	did	0	0	_
645	4	n't	0	0	_
645	4	know	0	0	Awareness

646	0	the	0	0	_
646	0	healing	0	0	Cure
646	0	process	0	0	Process
646	0	.	0	0	_

646	1	COOPER	0	0	_
646	1	#	0	0	_
646	1	When	0	0	Temporal_collocation
646	1	you	0	0	_
646	1	heard	0	0	Hearsay
646	1	about	1	0	_
646	1	how	0	0	_
646	1	quickly	0	0	Speed_description
646	1	they	0	0	_
646	1	both	0	0	Quantified_mass
646	1	sprang	1	1	Self_motion
646	1	into	1	0	_
646	1	action	0	0	Intentionally_act
646	1	were	0	0	_
646	1	you	0	0	_
646	1	surprised	0	0	Experiencer_obj
646	1	by	0	0	_
646	1	that	1	0	_
646	1	at	0	0	_
646	1	all	0	0	_
646	1	?	0	0	_

646	2	MATURIN	0	0	_
646	2	#	0	0	_
646	2	Absolutely	0	0	_
646	2	not	0	0	_
646	2	.	0	0	_

646	3	Both	0	0	Quantified_mass
646	3	ladies	0	0	People
646	3	are	0	0	_

647	0	hat	0	0	Accoutrements
647	0	if	0	0	_
647	0	--	0	0	_
647	0	``	0	0	_
647	0	``	0	0	_
647	0	I	0	0	_
647	0	'	0	0	_
647	0	m	0	0	_
647	0	right	0	0	_
647	0	here	0	0	Locative_relation
647	0	.	0	0	_

647	1	Ready	0	0	Activity_ready_state
647	1	to	0	0	_
647	1	spring	1	1	Self_motion
647	1	into	1	0	_
647	1	action	0	0	Intentionally_act
647	1	if	0	0	_
647	1	needed.	0	0	Being_necessary
647	1	``	0	0	_

647	2	Yasir	0	0	_
647	2	stood	0	0	Change_posture
647	2	up.	0	0	Change_posture
647	2	``	0	0	_

647	3	Oh	0	0	_
647	3	wait	0	0	Waiting
647	3	,	0	0	_
647	3	almost	0	0	_
647	3	forgot	0	0	Awareness
647	3	.	0	0	_

648	0	journalists	0	0	_
648	0	would	0	0	_
648	0	file	0	0	Submitting_documents
648	0	public	0	0	_
648	0	records	0	0	Documents
648	0	requests	0	0	Request
648	0	about	1	0	Topic
648	0	the	0	0	_
648	0	accident	0	0	Catastrophe
648	0	,	0	0	_
648	0	Walker	0	0	_
648	0	's	0	0	_
648	0	campaign	1	1	_
648	0	sprang	1	1	_
648	0	into	1	0	_
648	0	action	1	0	Intentionally_act
648	0	.	0	0	_

648	1	Hours	0	0	Calendric_unit
648	1	after	1	0	Time_vector
648	1	the	0	0	_
648	1	boy	0	0	People_by_age
648	1	's	0	0	_
648	1	death	0	0	Death
648	1	,	0	0	_
648	1	Walker	0	0	_
648	1	's	0	0	_
648	1	campaign	0	0	_
648	1	manager	0	0	People_by_vocation
648	1	ordered	0	0	Request
648	1	Rindfleisch	0	0	_
648	1	to	0	0	_

649	0	Al-Azm	0	0	_
649	0	and	0	0	_
649	0	the	0	0	_
649	0	Monuments	0	0	_
649	0	Men	0	0	People
649	0	,	0	0	_
649	0	many	0	0	Quantified_mass
649	0	of	0	0	Partitive
649	0	them	0	0	_
649	0	his	0	0	_
649	0	former	0	0	Time_vector
649	0	students	0	0	Education_teaching
649	0	,	0	0	_
649	0	sprang	1	0	Self_motion
649	0	into	1	0	_
649	0	action	0	0	Intentionally_act
649	0	nearly	0	0	Proportional_quantity
649	0	two	0	0	Cardinal_numbers
649	0	years	0	0	Calendric_unit
649	0	into	1	0	_
649	0	the	0	0	_
649	0	Syrian	0	0	_
649	0	civil	0	0	_
649	0	war	0	0	Hostile_encounter
649	0	,	0	0	_
649	0	in	1	0	Temporal_collocation
649	0	late	0	0	Temporal_subregion
649	0	2012	0	0	_
649	0	,	0	0	_
649	0	to	0	0	_
649	0	protect	0	0	Protecting

650	0	MTL	0	0	_
650	0	showed	1	0	Evidence
650	0	distinct	0	0	Similarity
650	0	behavior	0	0	Conduct
650	0	,	0	0	_
650	0	becoming	0	0	Becoming
650	0	sluggish	0	0	Speed_description
650	0	just	0	0	_
650	0	before	1	0	Time_vector
650	0	rapid	0	0	Speed_description
650	0	eye	0	0	Body_parts
650	0	movements	0	0	Self_motion
650	0	and	0	0	_
650	0	springing	1	1	Self_motion
650	0	into	1	0	_
650	0	action	0	0	Intentionally_act
650	0	just	0	0	_
650	0	afterward	0	0	Time_vector
650	0	.	0	0	_

650	1	The	0	0	_
650	1	neurons	0	0	_
650	1	behaved	1	0	Conduct
650	1	similarly	0	0	Similarity
650	1	during	0	0	_
650	1	REM	0	0	_
650	1	sleep	0	0	_
650	1	,	0	0	_
650	1	a	0	0	_
650	1	stage	1	1	_
650	1	of	0	0	_
650	1	sleep	0	0	_

651	0	street	0	0	Roadways
651	0	.	0	0	_

651	1	PERINO	0	0	_
651	1	#	0	0	_
651	1	He	0	0	_
651	1	wears	0	0	Wearing
651	1	two	0	0	Cardinal_numbers
651	1	hats	0	0	Accoutrements
651	1	.	0	0	_

651	2	TANTAROS	0	0	_
651	2	#	0	0	_
651	2	He	0	0	_
651	2	also	0	0	_
651	2	did	0	0	_
651	2	n't	0	0	_
651	2	spring	1	0	Self_motion
651	2	into	1	0	_
651	2	action	0	0	Intentionally_act
651	2	immediately	0	0	_
651	2	,	0	0	_
651	2	which	0	0	_
651	2	I	0	0	_
651	2	thought	0	0	Opinion
651	2	was	0	0	_
651	2	a	0	0	Degree
651	2	little	0	0	Degree
651	2	odd	1	0	Idiosyncrasy
651	2	.	0	0	_

651	3	It	0	0	_
651	3	's	0	0	_
651	3	almost	0	0	_
651	3	like	0	0	Similarity
651	3	he	0	0	_

652	0	,	0	0	_
652	0	and	0	0	_
652	0	assorted	0	0	_
652	0	small	0	0	Size
652	0	wagons	0	0	Vehicle
652	0	cluttering	0	0	Abounding_with
652	0	up	0	0	_
652	0	the	0	0	_
652	0	barn	0	0	Buildings
652	0	,	0	0	_
652	0	so	0	0	_
652	0	I	0	0	_
652	0	could	0	0	Capability
652	0	spring	1	0	Self_motion
652	0	into	1	0	_
652	0	action	0	0	Intentionally_act
652	0	within	1	0	Temporal_collocation
652	0	a	0	0	_
652	0	day	0	0	Measure_duration
652	0	of	0	0	_
652	0	hatching	1	1	Coming_up_with
652	0	the	0	0	_
652	0	plan	0	0	Project
652	0	.	0	0	_

652	1	#	0	0	_
652	1	At	0	0	Proportional_quantity
652	1	least	0	0	Proportional_quantity
652	1	a	0	0	Quantified_mass
652	1	couple	0	0	Cardinal_numbers
652	1	of	0	0	_
652	1	different	0	0	Identicality
652	1	styles	0	0	Type

653	0	change.	0	0	Undergo_change
653	0	``	0	0	_

653	1	#	0	0	_
653	1	Despite	0	0	_
653	1	Collins	0	0	_
653	1	'	0	0	_
653	1	finding	0	0	Becoming_aware
653	1	that	0	0	_
653	1	certain	0	0	Idiosyncrasy
653	1	emergency	0	0	_
653	1	repair	0	0	_
653	1	systems	0	0	System
653	1	spring	1	0	Self_motion
653	1	into	1	0	_
653	1	action	1	0	Intentionally_act
653	1	during	0	0	_
653	1	an	0	0	_
653	1	antibiotic	0	0	_
653	1	siege	1	1	Besieging
653	1	,	0	0	_
653	1	Imlay	0	0	_
653	1	points	1	0	Statement
653	1	out	1	0	Statement
653	1	that	0	0	_
653	1	OxyR	0	0	_
653	1	,	0	0	_
653	1	a	0	0	_
653	1	hallmark	0	0	Distinctiveness
653	1	system	0	0	System
653	1	for	0	0	_

654	0	When	0	0	Temporal_collocation
654	0	snow	0	0	Precipitation
654	0	straight-jacketed	1	1	_
654	0	metro	0	0	_
654	0	Atlanta	0	0	_
654	0	in	1	0	Temporal_collocation
654	0	January	0	0	Calendric_unit
654	0	,	0	0	_
654	0	road	0	0	Roadways
654	0	crews	0	0	Team
654	0	in	0	0	Interior_profile_relation
654	0	Sandy	0	0	_
654	0	Springs	0	0	_
654	0	sprang	1	1	Self_motion
654	0	into	1	0	_
654	0	action.	0	0	Intentionally_act
654	0	``	0	0	_

654	1	We	0	0	_
654	1	cleared	0	0	Removing
654	1	off	0	0	_
654	1	Johnson	0	0	_
654	1	Ferry	0	0	_
654	1	and	0	0	_
654	1	Abernathy	0	0	_
654	1	,	0	0	_
654	1	and	0	0	_
654	1	we	0	0	_
654	1	cleared	0	0	Removing
654	1	off	0	0	_
654	1	Roswell	0	0	_

655	0	house	0	0	Buildings
655	0	helping	1	1	Assistance
655	0	with	1	0	_
655	0	some	0	0	Proportional_quantity
655	0	of	0	0	Partitive
655	0	the	0	0	_
655	0	toughest	1	1	Difficulty
655	0	cases	0	0	Instance
655	0	.	0	0	_

655	1	Socia	0	0	_
655	1	and	0	0	_
655	1	her	0	0	_
655	1	crew	0	0	Aggregate
655	1	sprang	1	0	Self_motion
655	1	into	1	0	_
655	1	action	0	0	Intentionally_act
655	1	,	0	0	_
655	1	and	0	0	_
655	1	soon	0	0	_
655	1	Mr.	0	0	_
655	1	Baty	0	0	_
655	1	and	0	0	_
655	1	four	0	0	Cardinal_numbers
655	1	of	0	0	Partitive
655	1	the	0	0	_
655	1	nine	0	0	Cardinal_numbers
655	1	men	0	0	People
655	1	living	0	0	Residence
655	1	in	0	0	Interior_profile_relation
655	1	the	0	0	_
655	1	house	0	0	Buildings

656	0	their	0	0	_
656	0	relevant	0	0	Cognitive_connection
656	0	family	0	0	Kinship
656	0	members	0	0	Membership
656	0	,	0	0	_
656	0	and	0	0	_
656	0	business	0	0	Businesses
656	0	moguls	0	0	People_by_vocation
656	0	.	0	0	_

656	1	Suddenly	0	0	_
656	1	,	0	0	_
656	1	the	0	0	_
656	1	government	0	0	Leadership
656	1	sprang	1	1	Self_motion
656	1	into	1	0	_
656	1	action	1	0	Intentionally_act
656	1	.	0	0	_

656	2	In	1	0	_
656	2	less	0	0	_
656	2	than	0	0	_
656	2	24	0	0	_
656	2	hours	0	0	Calendric_unit
656	2	a	0	0	_
656	2	warrant	0	0	Documents
656	2	was	0	0	_
656	2	issued	0	0	Creating
656	2	and	0	0	_
656	2	50	0	0	Cardinal_numbers
656	2	police	0	0	_
656	2	officers	0	0	People_by_vocation
656	2	were	0	0	_

657	0	,	0	0	_
657	0	like	0	0	Similarity
657	0	35	0	0	_
657	0	other	0	0	Increment
657	0	times	0	0	Event_instance
657	0	this	1	0	_
657	0	winter	0	0	Calendric_unit
657	0	,	0	0	_
657	0	Hence	0	0	_
657	0	Forland	0	0	_
657	0	and	0	0	_
657	0	his	0	0	_
657	0	crew	0	0	Aggregate
657	0	sprung	1	1	Self_motion
657	0	into	1	0	_
657	0	action	0	0	Intentionally_act
657	0	.	0	0	_

657	1	As	0	0	Time_vector
657	1	the	0	0	_
657	1	daytime	0	0	Calendric_unit
657	1	activities	0	0	Intentionally_act
657	1	at	0	0	Locative_relation
657	1	12th	0	0	_
657	1	and	0	0	_
657	1	Park	0	0	_
657	1	Recreation	0	0	_
657	1	Center	0	0	Locale_by_use
657	1	wound	1	1	Expansion
657	1	down	1	0	Process_end
657	1	,	0	0	_
657	1	the	0	0	_

658	0	up	0	0	_
658	0	and	0	0	_
658	0	running	0	0	Self_motion
658	0	.	0	0	_

658	1	Chiang	0	0	_
658	1	-	0	0	_
658	1	a	0	0	_
658	1	Democrat	0	0	_
658	1	with	1	0	_
658	1	a	0	0	_
658	1	populist	0	0	_
658	1	streak	1	1	_
658	1	-	0	0	_
658	1	sprang	1	0	_
658	1	into	1	0	_
658	1	action	0	0	Intentionally_act
658	1	in	1	0	Temporal_collocation
658	1	2010	0	0	_
658	1	,	0	0	_
658	1	shortly	0	0	_
658	1	after	0	0	Time_vector
658	1	our	0	0	_
658	1	colleagues	0	0	Personal_relationship
658	1	at	0	0	Locative_relation
658	1	the	0	0	_
658	1	Los	0	0	_
658	1	Angeles	0	0	_
658	1	Times	0	0	_
658	1	reported	0	0	Statement
658	1	that	0	0	_
658	1	the	0	0	_

659	0	purchased	0	0	Commerce_buy
659	0	them	0	0	_
659	0	last	0	0	Relative_time
659	0	week.	0	0	Calendric_unit
659	0	``	0	0	_

659	1	I	0	0	_
659	1	nodded	0	0	Body_movement
659	1	at	1	0	_
659	1	Sairy	0	0	_
659	1	,	0	0	_
659	1	and	0	0	_
659	1	she	0	0	_
659	1	sprang	1	0	Self_motion
659	1	into	1	0	_
659	1	action	0	0	Intentionally_act
659	1	,	0	0	_
659	1	pulling	0	0	Cause_motion
659	1	a	0	0	_
659	1	small	0	0	Size
659	1	packet	0	0	Containers
659	1	out	0	0	_
659	1	of	0	0	_
659	1	the	0	0	_
659	1	chest	0	0	_
659	1	and	0	0	_
659	1	laying	0	0	Placing
659	1	it	0	0	_
659	1	on	0	0	_
659	1	the	0	0	_
659	1	table	0	0	_

660	0	sat	0	0	Posture
660	0	like	0	0	Similarity
660	0	a	0	0	_
660	0	cat	1	0	Animals
660	0	,	0	0	_
660	0	relaxed	0	0	_
660	0	but	0	0	_
660	0	lithe	0	0	_
660	0	,	0	0	_
660	0	as	0	0	_
660	0	if	0	0	_
660	0	she	0	0	_
660	0	could	0	0	Capability
660	0	spring	1	0	Self_motion
660	0	into	1	0	_
660	0	action	0	0	Intentionally_act
660	0	at	1	0	_
660	0	a	0	0	_
660	0	touch	0	0	_
660	0	.	0	0	_

660	1	She	0	0	_
660	1	had	0	0	Possession
660	1	dark	0	0	Color
660	1	hair	0	0	Body_parts
660	1	and	0	0	_
660	1	blue	0	0	Color
660	1	eyes	0	0	Body_parts
660	1	,	0	0	_
660	1	a	0	0	_
660	1	combination	0	0	_
660	1	that	0	0	_

661	0	,	0	0	_
661	0	Mac	0	0	_
661	0	,	0	0	_
661	0	that	1	0	_
661	0	's	0	0	_
661	0	it	0	0	_
661	0	,	0	0	_
661	0	``	0	0	_
661	0	clapped	0	0	Manipulation
661	0	the	0	0	_
661	0	cuffs	0	0	Cause_to_make_noise
661	0	on	0	0	Spatial_contact
661	0	,	0	0	_
661	0	sprang	1	1	Self_motion
661	0	into	1	0	_
661	0	action	0	0	Intentionally_act
661	0	,	0	0	_
661	0	called	0	0	Referring_by_name
661	0	an	0	0	_
661	0	ambulance	0	0	Vehicle
661	0	,	0	0	_
661	0	the	0	0	_
661	0	six	0	0	_
661	0	o'clock	0	0	_
661	0	news	0	0	_
661	0	.	0	0	_

661	1	They	0	0	_
661	1	might	0	0	Likelihood
661	1	go	1	0	_
661	1	easy	1	0	_
661	1	on	1	0	_

662	0	struck	1	1	Impact
662	0	the	0	0	_
662	0	great	0	0	_
662	0	Asian	0	0	_
662	0	trading	0	0	Exchange
662	0	hub	1	1	Locale_by_use
662	0	of	0	0	_
662	0	Hong	0	0	_
662	0	Kong	0	0	_
662	0	in	1	0	Temporal_collocation
662	0	1894	0	0	_
662	0	colonial	0	0	Political_locales
662	0	authorities	0	0	Leadership
662	0	sprang	1	1	_
662	0	into	1	0	_
662	0	action	0	0	Intentionally_act
662	0	,	0	0	_
662	0	establishing	0	0	Intentionally_create
662	0	quarantine	0	0	_
662	0	areas	0	0	Locale
662	0	,	0	0	_
662	0	distributing	0	0	Dispersal
662	0	medicine	0	0	_
662	0	and	0	0	_
662	0	disinfectant	0	0	_
662	0	and	0	0	_
662	0	mobilising	0	0	_
662	0	both	0	0	_
662	0	British	0	0	_
662	0	and	0	0	_
662	0	Chinese	0	0	People_by_origin

663	0	the	0	0	_
663	0	raised	0	0	_
663	0	bank	0	0	Architectural_part
663	0	of	0	0	_
663	0	the	0	0	_
663	0	paddy	0	0	_
663	0	,	0	0	_
663	0	heron-like	0	0	_
663	0	,	0	0	_
663	0	crouched	0	0	Posture
663	0	and	0	0	_
663	0	ready	0	0	Activity_ready_state
663	0	to	0	0	_
663	0	spring	1	1	Self_motion
663	0	into	1	0	_
663	0	action	0	0	Intentionally_act
663	0	.	0	0	_

663	1	One	0	0	Cardinal_numbers
663	1	clumsy	1	1	Morality_evaluation
663	1	step	0	0	Intentionally_act
663	1	might	0	0	Likelihood
663	1	send	1	0	Causation
663	1	all	0	0	Quantified_mass
663	1	the	0	0	_
663	1	frogs	0	0	_
663	1	within	0	0	_
663	1	earshot	0	0	_
663	1	splashing	0	0	_
663	1	to	0	0	_
663	1	cover	0	0	_
663	1	,	0	0	_

664	0	the	0	0	_
664	0	Feaganes	0	0	_
664	0	family	0	0	Kinship
664	0	did	0	0	_
664	0	n't	0	0	_
664	0	find	1	0	Locating
664	0	a	0	0	_
664	0	solution	1	0	_
664	0	.	0	0	_

664	1	That	1	0	_
664	1	's	0	0	_
664	1	when	0	0	Temporal_collocation
664	1	Ickrath	0	0	_
664	1	sprung	1	1	Self_motion
664	1	into	1	0	_
664	1	action	0	0	Intentionally_act
664	1	with	1	0	_
664	1	renewed	0	0	Activity_resume
664	1	fervor	0	0	_
664	1	.	0	0	_

664	2	He	0	0	_
664	2	managed	1	1	Success_or_failure
664	2	to	0	0	_
664	2	have	1	0	_
664	2	the	0	0	_
664	2	short	1	1	_
664	2	sale	0	0	Commerce_sell
664	2	approved	0	0	Deny_or_grant_permission
664	2	on	1	0	_
664	2	Friday	0	0	Calendric_unit
664	2	after	1	0	Relative_time

665	0	.	0	0	_

665	1	His	0	0	_
665	1	voice	0	0	Make_noise
665	1	reaches	1	0	Arriving
665	1	from	0	0	_
665	1	the	0	0	_
665	1	earth	0	0	_
665	1	to	1	0	_
665	1	the	0	0	_
665	1	sky	0	0	_
665	1	,	0	0	_
665	1	from	1	0	_
665	1	his	0	0	_
665	1	springing	1	1	Self_motion
665	1	into	1	0	_
665	1	action	0	0	Intentionally_act
665	1	other	0	0	Increment
665	1	rulers	0	0	Leadership
665	1	become	0	0	Becoming
665	1	miserable	0	0	Experiencer_focus
665	1	and	0	0	_
665	1	weak	1	0	Level_of_force_exertion
665	1	,	0	0	_
665	1	and	0	0	_
665	1	are	0	0	_
665	1	surprised	1	1	Experiencer_obj
665	1	into	1	0	_
665	1	nonaction	0	0	_
665	1	.	0	0	_

665	2	His	0	0	_
665	2	back	1	0	Body_parts

666	0	She	0	0	_
666	0	says	0	0	Statement
666	0	the	0	0	_
666	0	school	0	0	Locale_by_use
666	0	reported	0	0	Reporting
666	0	the	0	0	_
666	0	allegations	0	0	Statement
666	0	,	0	0	_
666	0	and	0	0	_
666	0	the	0	0	_
666	0	prosecutor	0	0	_
666	0	's	0	0	_
666	0	office	0	0	_
666	0	sprang	1	1	_
666	0	into	1	0	_
666	0	action	0	0	Intentionally_act
666	0	.	0	0	_

666	1	She	0	0	_
666	1	says	0	0	Statement
666	1	that	1	0	_
666	1	was	0	0	_
666	1	their	0	0	_
666	1	reputation	0	0	Fame
666	1	with	1	0	_
666	1	sex	0	0	_
666	1	cases	0	0	Instance
666	1	.	0	0	_

666	2	LORI-BRASIER-1	0	0	_
666	2	``	0	0	_
666	2	DE	0	0	_
666	2	#	0	0	_
666	2	There	0	0	_

667	0	Danbury	0	0	_
667	0	Hospital	0	0	Buildings
667	0	.	0	0	_

667	1	And	0	0	_
667	1	as	0	0	_
667	1	we	0	0	_
667	1	know	0	0	Awareness
667	1	,	0	0	_
667	1	Chris	0	0	_
667	1	,	0	0	_
667	1	so	0	0	Quantified_mass
667	1	many	0	0	Quantified_mass
667	1	people	0	0	People
667	1	sprang	1	1	Self_motion
667	1	into	1	0	_
667	1	action	0	0	Intentionally_act
667	1	,	0	0	_
667	1	so	0	0	Quantified_mass
667	1	many	0	0	Quantified_mass
667	1	nurses	0	0	Medical_professionals
667	1	,	0	0	_
667	1	so	0	0	Quantified_mass
667	1	many	0	0	Quantified_mass
667	1	doctors	0	0	Medical_professionals
667	1	came	0	0	Arriving
667	1	in	0	0	_
667	1	to	0	0	_
667	1	help	0	0	Assistance
667	1	,	0	0	_
667	1	help	0	0	Assistance
667	1	the	0	0	_

668	0	gloomy	0	0	Weather
668	0	weather	0	0	Weather
668	0	would	0	0	_
668	0	only	0	0	_
668	0	encourage	1	1	Subjective_influence
668	0	Brandy	0	0	_
668	0	to	0	0	_
668	0	remain	0	0	State_continue
668	0	under	0	0	Non-gradable_proximity
668	0	the	0	0	_
668	0	covers	0	0	_
668	0	unless	0	0	_
668	0	I	0	0	_
668	0	sprang	1	1	Self_motion
668	0	into	1	0	_
668	0	action	0	0	Intentionally_act
668	0	(	0	0	_
668	0	with	1	0	_
668	0	as	0	0	_
668	0	much	0	0	_
668	0	spring	0	0	Calendric_unit
668	0	as	0	0	_
668	0	two	0	0	Cardinal_numbers
668	0	hip	0	0	Body_parts
668	0	replacements	0	0	Take_place_of
668	0	will	0	0	_
668	0	allow	1	0	Preventing_or_letting
668	0	,	0	0	_
668	0	at	1	0	_
668	0	any	0	0	_
668	0	rate	1	0	_

669	0	himself	0	0	_
669	0	,	0	0	_
669	0	the	0	0	_
669	0	way	1	0	Manner
669	0	he	0	0	_
669	0	could	0	0	Possibility
669	0	be	0	0	_
669	0	perfectly	0	0	_
669	0	still	0	0	_
669	0	yet	0	0	_
669	0	be	0	0	_
669	0	ready	0	0	Activity_ready_state
669	0	to	0	0	_
669	0	spring	1	1	Self_motion
669	0	into	1	0	_
669	0	action	0	0	Intentionally_act
669	0	at	1	0	Temporal_collocation
669	0	a	0	0	_
669	0	second	0	0	Measure_duration
669	0	's	0	0	_
669	0	notice	0	0	_
669	0	.	0	0	_

669	1	The	0	0	_
669	1	way	1	0	Means
669	1	he	0	0	_
669	1	could	0	0	Capability
669	1	scan	1	1	Scrutiny
669	1	a	0	0	_
669	1	room	0	0	Building_subparts
669	1	and	0	0	_
669	1	memorize	0	0	Grasp

670	0	felt	1	0	Feeling
670	0	good	0	0	Desirability
670	0	to	0	0	_
670	0	have	1	0	Possession
670	0	him	0	0	_
670	0	here	0	0	Locative_relation
670	0	,	0	0	_
670	0	his	0	0	_
670	0	strong	1	0	Level_of_force_exertion
670	0	presence	0	0	Presence
670	0	,	0	0	_
670	0	ready	0	0	Activity_ready_state
670	0	to	0	0	_
670	0	spring	1	0	Self_motion
670	0	into	1	0	_
670	0	action	0	0	Intentionally_act
670	0	at	1	0	_
670	0	the	0	0	_
670	0	slightest	0	0	_
670	0	threat	0	0	Risky_situation
670	0	.	0	0	_

670	1	#	0	0	_
670	1	She	0	0	_
670	1	closed	0	0	Closure
670	1	her	0	0	_
670	1	eyes	0	0	Body_parts
670	1	.	0	0	_

670	2	Jack	0	0	_
670	2	was	0	0	_
670	2	not	0	0	_
670	2	her	0	0	_

671	0	crying	0	0	Communication_noise
671	0	,	0	0	_
671	0	the	0	0	_
671	0	sound	0	0	Sensation
671	0	like	0	0	_
671	0	a	0	0	_
671	0	buzz	0	0	_
671	0	saw	0	0	_
671	0	along	0	0	Locative_relation
671	0	her	0	0	_
671	0	spine	0	0	Body_parts
671	0	as	0	0	_
671	0	Louise	0	0	_
671	0	sprang	1	0	Self_motion
671	0	into	1	0	_
671	0	action	0	0	Intentionally_act
671	0	,	0	0	_
671	0	stripping	0	0	Removing
671	0	the	0	0	_
671	0	infants	0	0	People_by_age
671	0	out	0	0	_
671	0	of	0	0	_
671	0	their	0	0	_
671	0	wet	0	0	_
671	0	diapers	0	0	Clothing
671	0	and	0	0	_
671	0	sleepers	0	0	_
671	0	and	0	0	_
671	0	drying	0	0	Emptying
671	0	them	0	0	_
671	0	and	0	0	_

672	0	demons	0	0	_
672	0	by	0	0	_
672	0	his	0	0	_
672	0	side	0	0	Taking_sides
672	0	.	0	0	_

672	1	When	0	0	Temporal_collocation
672	1	a	0	0	_
672	1	scene	1	1	_
672	1	called	1	0	Request
672	1	for	0	0	_
672	1	it	0	0	_
672	1	,	0	0	_
672	1	he	0	0	_
672	1	sprang	1	0	Self_motion
672	1	into	1	0	_
672	1	action	0	0	Intentionally_act
672	1	,	0	0	_
672	1	tormenting	0	0	Experiencer_obj
672	1	Judas	0	0	_
672	1	or	0	0	_
672	1	tempting	0	0	Subjective_influence
672	1	Jesus	0	0	_
672	1	.	0	0	_

672	2	Angels	0	0	_
672	2	countered	1	1	Thwarting
672	2	,	0	0	_
672	2	appearing	0	0	Coming_to_be
672	2	either	0	0	_
672	2	in	1	0	_
672	2	the	0	0	_
672	2	form	1	0	_

673	0	with	1	0	_
673	0	Tilly	0	0	_
673	0	's	0	0	_
673	0	stem	0	0	_
673	0	cells	0	0	_
673	0	and	0	0	_
673	0	says	0	0	Statement
673	0	that	0	0	_
673	0	she	0	0	_
673	0	thinks	0	0	Awareness
673	0	the	0	0	_
673	0	cells	0	0	_
673	0	may	0	0	Likelihood
673	0	spring	1	0	Self_motion
673	0	into	1	0	_
673	0	action	1	0	Intentionally_act
673	0	if	0	0	_
673	0	the	0	0	_
673	0	ovary	0	0	_
673	0	is	0	0	_
673	0	damaged	0	0	Damaging
673	0	,	0	0	_
673	0	but	0	0	_
673	0	otherwise	0	0	_
673	0	sit	1	0	Posture
673	0	quietly	0	0	_
673	0	.	0	0	_

673	1	#	0	0	_
673	1	While	0	0	_
673	1	the	0	0	_
673	1	scientific	0	0	_

674	0	.	0	0	_

674	1	Many	0	0	Quantified_mass
674	1	families	0	0	Kinship
674	1	lived	0	0	Residence
674	1	in	0	0	Interior_profile_relation
674	1	houses	0	0	Buildings
674	1	with	0	0	_
674	1	dirt	0	0	_
674	1	floors	0	0	Architectural_part
674	1	.	0	0	_

674	2	#	0	0	_
674	2	She	0	0	_
674	2	immediately	0	0	_
674	2	sprang	1	0	Self_motion
674	2	into	1	0	_
674	2	action	0	0	Intentionally_act
674	2	and	0	0	_
674	2	found	0	0	Locating
674	2	families	0	0	Kinship
674	2	here	0	0	Locative_relation
674	2	in	0	0	Interior_profile_relation
674	2	Hastings-on-Hudson	0	0	_
674	2	,	0	0	_
674	2	a	0	0	_
674	2	small	0	0	Size
674	2	commuter	0	0	_
674	2	village	0	0	Political_locales
674	2	just	0	0	_
674	2	19	0	0	_
674	2	miles	0	0	Measure_linear_extent
674	2	north	0	0	Locative_relation

675	0	that	0	0	_
675	0	our	0	0	_
675	0	immediate	0	0	_
675	0	reaction	1	0	Response
675	0	would	0	0	_
675	0	be	0	0	_
675	0	the	0	0	_
675	0	selfless	0	0	Social_interaction_evaluation
675	0	response	1	0	Response
675	0	,	0	0	_
675	0	would	0	0	_
675	0	be	0	0	_
675	0	to	0	0	_
675	0	spring	1	1	Self_motion
675	0	into	1	0	_
675	0	action	0	0	Intentionally_act
675	0	to	0	0	_
675	0	help	0	0	Assistance
675	0	someone	0	0	_
675	0	else	0	0	Increment
675	0	.	0	0	_

675	1	But	0	0	_
675	1	I	0	0	_
675	1	guess	0	0	Coming_to_believe
675	1	you	0	0	_
675	1	really	0	0	_
675	1	never	0	0	Frequency
675	1	know	0	0	Awareness
675	1	unless	0	0	_
675	1	you	0	0	_
675	1	're	0	0	_

676	0	Bella	0	0	_
676	0	,	0	0	_
676	0	our	0	0	_
676	0	actress	0	0	People_by_vocation
676	0	playing	0	0	Performers_and_roles
676	0	the	0	0	_
676	0	little	0	0	_
676	0	girl	0	0	People
676	0	,	0	0	_
676	0	causes	0	0	Causation
676	0	this	1	0	_
676	0	man	0	0	People
676	0	to	0	0	_
676	0	spring	1	0	Self_motion
676	0	into	1	0	_
676	0	action	0	0	Intentionally_act
676	0	.	0	0	_

676	1	MANNY-APARICIO-1C	0	0	_
676	1	#	0	0	_
676	1	There	0	0	Existence
676	1	's	0	0	Existence
676	1	a	0	0	_
676	1	time	0	0	_
676	1	and	0	0	_
676	1	a	0	0	_
676	1	place	0	0	Locale
676	1	,	0	0	_
676	1	that	0	0	_
676	1	ai	0	0	_
676	1	n't	0	0	_
676	1	it	0	0	_
676	1	.	0	0	_

677	0	refused	0	0	Agree_or_refuse_to_act
677	0	to	0	0	_
677	0	unclamp	0	0	Removing
677	0	its	0	0	_
677	0	jaws	0	0	Body_parts
677	0	.	0	0	_

677	1	#	0	0	_
677	1	That	1	0	_
677	1	's	0	0	_
677	1	when	0	0	Temporal_collocation
677	1	Dotty	0	0	_
677	1	the	0	0	_
677	1	donkey	1	1	_
677	1	sprang	1	0	Self_motion
677	1	into	1	0	_
677	1	action	0	0	Intentionally_act
677	1	.	0	0	_

677	2	She	0	0	_
677	2	charged	1	0	Self_motion
677	2	at	1	0	_
677	2	the	0	0	_
677	2	dog	0	0	Animals
677	2	,	0	0	_
677	2	bit	0	0	Cause_harm
677	2	its	0	0	_
677	2	back	1	0	Body_parts
677	2	,	0	0	_
677	2	and	0	0	_
677	2	pinned	0	0	Cause_harm
677	2	it	0	0	_
677	2	to	0	0	_

678	0	of	0	0	_
678	0	emotional	0	0	_
678	0	turmoil	1	1	_
678	0	,	0	0	_
678	0	she	0	0	_
678	0	found	1	0	Locating
678	0	clarity	0	0	_
678	0	on	1	0	_
678	0	what	0	0	_
678	0	she	0	0	_
678	0	should	0	0	Desirable_event
678	0	do	0	0	Intentionally_act
678	0	and	0	0	_
678	0	sprang	1	1	Self_motion
678	0	into	1	0	_
678	0	action	0	0	Intentionally_act
678	0	.	0	0	_

678	1	The	0	0	_
678	1	result	0	0	Causation
678	1	is	0	0	_
678	1	an	0	0	_
678	1	ambitious	0	0	_
678	1	project	0	0	Project
678	1	.	0	0	_

678	2	She	0	0	_
678	2	and	0	0	_
678	2	her	0	0	_
678	2	family	0	0	Kinship
678	2	-	0	0	_
678	2	including	0	0	Inclusion
678	2	husband	0	0	Personal_relationship

679	0	of	0	0	_
679	0	being	0	0	_
679	0	overrun	0	0	_
679	0	on	1	0	Temporal_collocation
679	0	Saturday	0	0	Calendric_unit
679	0	when	0	0	Temporal_collocation
679	0	French	0	0	_
679	0	,	0	0	_
679	0	US	0	0	_
679	0	,	0	0	_
679	0	and	0	0	_
679	0	British	0	0	_
679	0	warplanes	0	0	_
679	0	sprang	1	1	Motion
679	0	into	1	0	_
679	0	action	0	0	Intentionally_act
679	0	.	0	0	_

679	1	#	0	0	_
679	1	``	0	0	_
679	1	We	0	0	_
679	1	'd	0	0	_
679	1	lost	1	0	Earnings_and_losses
679	1	hope	0	0	Desiring
679	1	,	0	0	_
679	1	``	0	0	_
679	1	says	0	0	Statement
679	1	Ahmad	0	0	_
679	1	Dabbous	0	0	_
679	1	,	0	0	_
679	1	a	0	0	_
679	1	clothing	0	0	Clothing

680	0	so	0	0	Quantified_mass
680	0	many	0	0	Quantified_mass
680	0	people	0	0	People
680	0	.	0	0	_

680	1	Take	1	0	_
680	1	a	0	0	_
680	1	look	0	0	Perception_active
680	1	.	0	0	_

680	2	A	0	0	_
680	2	camera	0	0	_
680	2	crew	0	0	Aggregate
680	2	's	0	0	_
680	2	interpreter	0	0	_
680	2	sprang	1	0	Self_motion
680	2	into	1	0	_
680	2	action	0	0	Intentionally_act
680	2	that	0	0	_
680	2	saved	1	0	Protecting
680	2	a	0	0	_
680	2	young	0	0	Age
680	2	life	0	0	_
680	2	.	0	0	_

680	3	Look	0	0	Perception_active
680	3	.	0	0	_

680	4	(	0	0	_
680	4	BEGIN-VIDEO-CLIP	0	0	_
680	4	)	0	0	_
680	4	COOPER-1voice-ove	0	0	_
680	4	:	0	0	_
680	4	For	0	0	_
680	4	those	1	0	_
680	4	who	0	0	_
680	4	've	0	0	_

681	0	so	0	0	Quantified_mass
681	0	many	0	0	Quantified_mass
681	0	people	0	0	People
681	0	.	0	0	_

681	1	Take	1	0	_
681	1	a	0	0	_
681	1	look	0	0	Perception_active
681	1	.	0	0	_

681	2	A	0	0	_
681	2	camera	0	0	_
681	2	crew	0	0	Aggregate
681	2	's	0	0	_
681	2	interpreter	0	0	_
681	2	sprang	1	0	Self_motion
681	2	into	1	0	_
681	2	action	0	0	Intentionally_act
681	2	and	0	0	_
681	2	saved	0	0	Protecting
681	2	a	0	0	_
681	2	young	0	0	Age
681	2	life	0	0	_
681	2	,	0	0	_
681	2	look	0	0	Perception_active
681	2	.	0	0	_

681	3	(	0	0	_
681	3	BEGIN-VIDEOTAPE	0	0	_
681	3	)	0	0	_
681	3	COOPER-1voice-ove	0	0	_
681	3	:	0	0	_
681	3	For	0	0	_
681	3	those	1	0	_
681	3	who	0	0	_
681	3	have	0	0	_

682	0	pages	0	0	Part_ordered_segments
682	0	.	0	0	_

682	1	Where	0	0	Locative_relation
682	1	was	0	0	_
682	1	Elizabeth	0	0	_
682	1	now	0	0	Temporal_collocation
682	1	?	0	0	_

682	2	State	0	0	Political_locales
682	2	and	0	0	_
682	2	federal	0	0	Political_locales
682	2	law	0	0	_
682	2	enforcement	0	0	_
682	2	agencies	0	0	Organization
682	2	sprang	1	1	Self_motion
682	2	into	1	0	_
682	2	action	0	0	Intentionally_act
682	2	.	0	0	_

682	3	(	0	0	_
682	3	Photo-of-Elizabeth	0	0	_
682	3	)	0	0	_
682	3	Detective	0	0	People_by_vocation
682	3	JON	0	0	_
682	3	RICHEY	0	0	_
682	3	:	0	0	_
682	3	We	0	0	_
682	3	had	1	0	Possession
682	3	several	0	0	Quantified_mass
682	3	teams	1	0	Aggregate
682	3	chasing	1	1	Cotheme
682	3	down	1	0	_
682	3	several	0	0	Quantified_mass
682	3	leads	1	0	_
682	3	from	0	0	_

683	0	in	0	0	Interior_profile_relation
683	0	the	0	0	_
683	0	chair	0	0	_
683	0	,	0	0	_
683	0	very	0	0	Degree
683	0	still	0	0	_
683	0	but	0	0	_
683	0	taut	0	0	_
683	0	,	0	0	_
683	0	as	0	0	_
683	0	if	0	0	_
683	0	about	1	0	_
683	0	to	0	0	_
683	0	spring	1	1	Self_motion
683	0	into	1	0	_
683	0	action	0	0	Intentionally_act
683	0	.	0	0	_

683	1	She	0	0	_
683	1	tracked	1	1	Cotheme
683	1	me	0	0	_
683	1	with	0	0	_
683	1	her	0	0	_
683	1	deep	1	0	Measurable_attributes
683	1	green	0	0	Color
683	1	eyes	0	0	Body_parts
683	1	,	0	0	_
683	1	assessing	1	1	Assessing
683	1	,	0	0	_
683	1	alert	0	0	Attention
683	1	,	0	0	_
683	1	missing	1	1	Departing

684	0	missing	0	0	Avoiding
684	0	``	0	0	_
684	0	cases	0	0	Instance
684	0	.	0	0	_

684	1	You	0	0	_
684	1	might	0	0	Likelihood
684	1	think	0	0	Awareness
684	1	these	1	0	_
684	1	troubling	0	0	Stimulus_focus
684	1	stats	0	0	_
684	1	would	0	0	_
684	1	make	1	0	Causation
684	1	police	0	0	_
684	1	spring	1	0	Self_motion
684	1	into	1	0	_
684	1	action	0	0	Intentionally_act
684	1	the	0	0	_
684	1	moment	0	0	Temporal_collocation
684	1	someone	0	0	_
684	1	's	0	0	_
684	1	disappearance	0	0	Departing
684	1	is	0	0	_
684	1	reported	0	0	Statement
684	1	.	0	0	_

684	2	But	0	0	Concessive
684	2	in	1	0	_
684	2	fact	0	0	_
684	2	,	0	0	_
684	2	in	0	0	_
684	2	the	0	0	_
684	2	absence	0	0	Existence

685	0	looking	0	0	Perception_active
685	0	up	0	0	_
685	0	.	0	0	_

685	1	The	0	0	_
685	1	Dutchman's-pipe	0	0	People_by_origin
685	1	vines	0	0	_
685	1	I	0	0	_
685	1	'd	0	0	_
685	1	written	0	0	Categorization
685	1	off	0	0	_
685	1	for	0	0	_
685	1	dead	0	0	Dead_or_alive
685	1	finally	0	0	Time_vector
685	1	sprang	1	1	Self_motion
685	1	into	1	0	_
685	1	action	1	0	Intentionally_act
685	1	,	0	0	_
685	1	enveloping	0	0	Abounding_with
685	1	the	0	0	_
685	1	fence	0	0	_
685	1	in	1	0	_
685	1	heart-shaped	1	1	_
685	1	leaves	0	0	_
685	1	.	0	0	_

685	2	The	0	0	_
685	2	sweet	1	1	_
685	2	woodruff	0	0	_
685	2	that	0	0	_
685	2	's	0	0	_
685	2	supposed	0	0	_
685	2	to	0	0	_

686	0	.	0	0	_

686	1	Once	0	0	_
686	1	you	0	0	_
686	1	do	0	0	_
686	1	get	1	0	Getting
686	1	a	0	0	_
686	1	``	0	0	_
686	1	yes	0	0	_
686	1	``	0	0	_
686	1	you	0	0	_
686	1	'll	0	0	_
686	1	need	0	0	Required_event
686	1	to	0	0	_
686	1	spring	1	1	Self_motion
686	1	into	1	0	_
686	1	action	0	0	Intentionally_act
686	1	and	0	0	_
686	1	communicate	0	0	Communication
686	1	with	1	0	_
686	1	the	0	0	_
686	1	blogger	0	0	_
686	1	(	0	0	_
686	1	usually	0	0	_
686	1	via	0	0	_
686	1	e-mail	0	0	_
686	1	)	0	0	_
686	1	on	1	0	_
686	1	the	0	0	_
686	1	following	0	0	_
686	1	:	0	0	_
686	1	#	0	0	_

687	0	Hours	0	0	Calendric_unit
687	0	after	0	0	Time_vector
687	0	Tara	0	0	_
687	0	Grinstead	0	0	_
687	0	was	0	0	_
687	0	reported	0	0	Statement
687	0	missing	0	0	Departing
687	0	,	0	0	_
687	0	Irwin	0	0	_
687	0	County	0	0	_
687	0	students	0	0	Education_teaching
687	0	and	0	0	_
687	0	teachers	0	0	Education_teaching
687	0	sprang	1	1	Self_motion
687	0	into	1	0	_
687	0	action	0	0	Intentionally_act
687	0	.	0	0	_

687	1	Ms-WILDER	0	0	_
687	1	:	0	0	_
687	1	(	1	0	_
687	1	Voiceover	0	0	_
687	1	)	0	0	_
687	1	We	0	0	_
687	1	made	0	0	Intentionally_create
687	1	flyers	0	0	_
687	1	,	0	0	_
687	1	and	0	0	_
687	1	,	0	0	_
687	1	at	1	0	Temporal_collocation
687	1	11:00	0	0	_
687	1	at	1	0	Temporal_collocation
687	1	night	0	0	Calendric_unit
687	1	,	0	0	_

688	0	and	0	0	_
688	0	fell	0	0	Motion
688	0	with	1	0	_
688	0	a	0	0	_
688	0	muffled	0	0	_
688	0	plop	0	0	Self_motion
688	0	onto	0	0	_
688	0	Baldwin	0	0	_
688	0	's	0	0	_
688	0	shoulder	0	0	Body_parts
688	0	.	0	0	_

688	1	#	0	0	_
688	1	They	0	0	_
688	1	sprang	1	1	Self_motion
688	1	into	1	0	_
688	1	action	0	0	Intentionally_act
688	1	,	0	0	_
688	1	no	0	0	_
688	1	words	0	0	Simple_name
688	1	needed	0	0	Being_necessary
688	1	.	0	0	_

688	2	Baldwin	0	0	_
688	2	sprinted	0	0	Self_motion
688	2	back	0	0	_
688	2	upstairs	0	0	Building_subparts
688	2	toward	0	0	_
688	2	the	0	0	_
688	2	bathroom	0	0	Building_subparts
688	2	to	0	0	_
688	2	turn	0	0	Change_operational_state
688	2	off	0	0	Change_operational_state

689	0	3	0	0	_
689	0	:	0	0	_
689	0	Zombies	0	0	_
689	0	pour	0	0	Fluidic_motion
689	0	into	0	0	Goal
689	0	the	0	0	_
689	0	ballroom	0	0	Buildings
689	0	.	0	0	_

689	1	Mr.	0	0	_
689	1	Bennet	0	0	_
689	1	and	0	0	_
689	1	his	0	0	_
689	1	daughters	0	0	Kinship
689	1	spring	1	0	Self_motion
689	1	into	1	0	_
689	1	action	0	0	Intentionally_act
689	1	.	0	0	_

689	2	Mr.	0	0	_
689	2	Bennet	0	0	_
689	2	:	0	0	_
689	2	Girls	0	0	People
689	2	!	0	0	_

689	3	Attack	0	0	Attack
689	3	formation	1	1	_
689	3	!	0	0	_

689	4	Narr	0	0	_
689	4	1	0	0	_
689	4	:	0	0	_
689	4	As	0	0	_
689	4	the	0	0	_
689	4	guests	0	0	Visiting

690	0	at	0	0	Locative_relation
690	0	the	0	0	_
690	0	bin	0	0	Containers
690	0	,	0	0	_
690	0	then	0	0	_
690	0	leapt	0	0	Self_motion
690	0	back	0	0	_
690	0	into	1	0	_
690	0	a	0	0	_
690	0	crouch	0	0	Self_motion
690	0	,	0	0	_
690	0	ready	0	0	Activity_ready_state
690	0	to	0	0	_
690	0	spring	1	1	Self_motion
690	0	into	1	0	_
690	0	action	0	0	Intentionally_act
690	0	at	1	0	_
690	0	whatever	0	0	_
690	0	issued	1	1	_
690	0	from	0	0	_
690	0	the	0	0	_
690	0	bin	0	0	Containers
690	0	.	0	0	_

690	1	What	0	0	_
690	1	emerged	1	1	Coming_to_be
690	1	was	0	0	_
690	1	a	0	0	_
690	1	family	0	0	Kinship
690	1	of	0	0	_
690	1	purple	0	0	_
690	1	stingers	0	0	_

691	0	left	0	0	Departing
691	0	the	0	0	_
691	0	room	0	0	Building_subparts
691	0	,	0	0	_
691	0	little	0	0	_
691	0	Hannah	0	0	_
691	0	started	0	0	Activity_start
691	0	choking	0	0	Sounds
691	0	on	0	0	_
691	0	her	0	0	_
691	0	breakfast	0	0	Food
691	0	.	0	0	_

691	1	Willie	0	0	_
691	1	sprang	1	0	Self_motion
691	1	into	1	0	_
691	1	action	0	0	Intentionally_act
691	1	by	0	0	Means
691	1	flapping	0	0	Body_movement
691	1	his	0	0	_
691	1	wings	1	1	_
691	1	and	0	0	_
691	1	repeatedly	0	0	Frequency
691	1	calling	0	0	Referring_by_name
691	1	``	0	0	_
691	1	Mama	0	0	Kinship
691	1	,	0	0	_
691	1	baby.	0	0	People_by_age
691	1	``	0	0	_

691	2	When	0	0	Temporal_collocation
691	2	Howard	0	0	_

692	0	school	0	0	Locale_by_use
692	0	employees	0	0	Employing
692	0	,	0	0	_
692	0	including	0	0	Inclusion
692	0	220	0	0	_
692	0	teachers	0	0	Education_teaching
692	0	,	0	0	_
692	0	and	0	0	_
692	0	the	0	0	_
692	0	whole	1	0	Ranked_expectation
692	0	evil	0	0	Morality_evaluation
692	0	education	0	0	Education_teaching
692	0	empire	1	1	Political_locales
692	0	sprang	1	1	Motion
692	0	into	1	0	_
692	0	action	1	0	Intentionally_act
692	0	.	0	0	_

692	1	The	0	0	_
692	1	story	0	0	_
692	1	is	0	0	_
692	1	far	1	0	_
692	1	from	0	0	_
692	1	over	1	0	Process_completed_state
692	1	.	0	0	_

692	2	Rhee	0	0	_
692	2	was	0	0	_
692	2	hauled	0	0	Cause_motion
692	2	before	0	0	_
692	2	the	0	0	_
692	2	D.C.	0	0	_
692	2	City	0	0	Political_locales

693	0	only	0	0	Sole_instance
693	0	16	0	0	_
693	0	.	0	0	_

693	1	A	0	0	_
693	1	small	0	0	Size
693	1	boat	0	0	Vehicle
693	1	flipped	0	0	Moving_in_place
693	1	over	0	0	_
693	1	near	0	0	Locative_relation
693	1	the	0	0	_
693	1	lighthouse	0	0	Buildings
693	1	.	0	0	_

693	2	Ida	0	0	_
693	2	sprang	1	0	Self_motion
693	2	into	1	0	_
693	2	action	0	0	Intentionally_act
693	2	.	0	0	_

693	3	She	0	0	_
693	3	set	0	0	Motion
693	3	off	0	0	Motion
693	3	in	0	0	_
693	3	her	0	0	_
693	3	rowboat	0	0	Vehicle
693	3	.	0	0	_

693	4	She	0	0	_
693	4	paddled	0	0	Self_motion
693	4	through	0	0	_
693	4	tall	0	0	Measurable_attributes
693	4	waves	0	0	_
693	4	to	0	0	_
693	4	reach	0	0	Arriving

694	0	``	0	0	_
694	0	#	0	0	_
694	0	B	0	0	_
694	0	Liam	0	0	_
694	0	Neeson	0	0	_
694	0	stars	0	0	Performers_and_roles
694	0	as	0	0	_
694	0	a	0	0	_
694	0	a	0	0	_
694	0	retired	0	0	_
694	0	CIA	0	0	_
694	0	agent	0	0	People_by_vocation
694	0	who	0	0	_
694	0	springs	1	1	Self_motion
694	0	into	1	0	_
694	0	action	0	0	Intentionally_act
694	0	when	0	0	Temporal_collocation
694	0	his	0	0	_
694	0	daughter	0	0	Kinship
694	0	and	0	0	_
694	0	a	0	0	_
694	0	friend	0	0	Personal_relationship
694	0	are	0	0	_
694	0	kidnapped	0	0	Taking
694	0	in	0	0	Interior_profile_relation
694	0	Paris	0	0	_
694	0	.	0	0	_

694	1	Do	0	0	_
694	1	n't	0	0	_
694	1	waste	1	0	_
694	1	time	0	0	_

695	0	collapse	1	0	_
695	0	sent	1	0	Causation
695	0	the	0	0	_
695	0	world	0	0	Political_locales
695	0	economy	0	0	Economy
695	0	into	1	0	_
695	0	a	0	0	_
695	0	tailspin	1	1	_
695	0	last	0	0	Relative_time
695	0	fall	1	0	_
695	0	,	0	0	_
695	0	Bernanke	0	0	_
695	0	sprang	1	1	Self_motion
695	0	into	1	0	_
695	0	action	0	0	Intentionally_act
695	0	.	0	0	_

695	1	He	0	0	_
695	1	pushed	1	0	Cause_change_of_position_on_a_scale
695	1	the	0	0	_
695	1	rate	0	0	Proportion
695	1	that	0	0	_
695	1	banks	0	0	Businesses
695	1	charge	1	0	Commerce_pay
695	1	each	0	0	_
695	1	other	0	0	_
695	1	for	0	0	_
695	1	short-term	0	0	_
695	1	loans	0	0	_
695	1	as	0	0	_
695	1	low	1	0	Position_on_a_scale

696	0	let	0	0	Preventing_or_letting
696	0	the	0	0	_
696	0	Democrats	0	0	_
696	0	expose	1	1	Reveal_secret
696	0	more	0	0	Increment
696	0	evidence	0	0	Evidence
696	0	to	0	0	_
696	0	boost	1	1	_
696	0	their	0	0	_
696	0	campaigns	1	0	_
696	0	,	0	0	_
696	0	and	0	0	_
696	0	then	0	0	Temporal_collocation
696	0	spring	1	0	Self_motion
696	0	into	1	0	_
696	0	action	0	0	Intentionally_act
696	0	with	1	0	_
696	0	prosecutions	0	0	Notification_of_charges
696	0	.	0	0	_

696	1	#	0	0	_
696	1	Here	0	0	Spatial_co-location
696	1	's	0	0	_
696	1	what	0	0	_
696	1	's	0	0	_
696	1	wrong	0	0	_
696	1	with	1	0	_
696	1	this	0	0	_
696	1	:	0	0	_
696	1	while	0	0	Temporal_collocation
696	1	a	0	0	_
696	1	well-trained	0	0	Expertise

697	0	.	0	0	_

697	1	Chief	0	0	_
697	1	Washington	0	0	_
697	1	Correspondent	0	0	_
697	1	Jim	0	0	_
697	1	Angle	0	0	_
697	1	explains	0	0	Statement
697	1	.	0	0	_

697	2	(	0	0	_
697	2	BEGIN-VIDEOTAPE	0	0	_
697	2	)	0	0	_
697	2	JIM-ANGLE-CHIEF-W	0	0	_
697	2	:	0	0	_
697	2	Federal	0	0	Political_locales
697	2	officials	0	0	Leadership
697	2	sprang	1	1	Self_motion
697	2	into	1	0	_
697	2	action	0	0	Intentionally_act
697	2	like	0	0	Similarity
697	2	firemen	0	0	People_by_vocation
697	2	rush	0	0	Self_motion
697	2	to	0	0	_
697	2	a	0	0	_
697	2	blaze	0	0	Fire_burning
697	2	,	0	0	_
697	2	pouring	0	0	Placing
697	2	cash	0	0	Money
697	2	not	0	0	_
697	2	water	0	0	Substance
697	2	onto	0	0	_
697	2	the	0	0	_
697	2	financial	0	0	_
697	2	flames	0	0	Fire_burning

698	0	families	0	0	Kinship
698	0	who	0	0	_
698	0	lost	0	0	Earnings_and_losses
698	0	their	0	0	_
698	0	homes	0	0	Buildings
698	0	as	0	0	_
698	0	quickly	1	0	Speed_description
698	0	as	0	0	_
698	0	possible	0	0	Likelihood
698	0	.	0	0	_

698	1	The	0	0	_
698	1	neighborhood	0	0	_
698	1	council	0	0	Leadership
698	1	sprung	1	1	_
698	1	into	1	0	_
698	1	action	0	0	Intentionally_act
698	1	immediately	0	0	_
698	1	.	0	0	_

698	2	Helped	0	0	Assistance
698	2	at	0	0	_
698	2	Sylmar	0	0	_
698	2	High	0	0	_
698	2	School	0	0	Locale_by_use
698	2	to	0	0	_
698	2	open	0	0	Closure
698	2	the	0	0	_
698	2	doors	0	0	Connecting_architecture
698	2	and	0	0	_
698	2	let	0	0	_
698	2	me	0	0	_
698	2	say	0	0	Statement

699	0	in	1	0	Temporal_collocation
699	0	the	0	0	_
699	0	next	1	0	_
699	0	two	0	0	Cardinal_numbers
699	0	or	0	0	_
699	0	three	0	0	Cardinal_numbers
699	0	weeks	0	0	Calendric_unit
699	0	,	0	0	_
699	0	these	1	0	_
699	0	programs	0	0	Project
699	0	are	0	0	_
699	0	going	0	0	_
699	0	to	0	0	_
699	0	spring	1	1	_
699	0	into	1	0	_
699	0	action	1	0	Intentionally_act
699	0	.	0	0	_

699	1	And	0	0	_
699	1	if	0	0	_
699	1	we	0	0	_
699	1	continue	0	0	Activity_ongoing
699	1	to	0	0	_
699	1	see	1	0	Perception_experience
699	1	the	0	0	_
699	1	markets	1	1	_
699	1	improve	0	0	Cause_to_make_progress
699	1	,	0	0	_
699	1	interest	0	0	_
699	1	rates	0	0	Proportion
699	1	come	1	0	Change_position_on_a_scale
699	1	down	1	0	Change_position_on_a_scale

700	0	this	1	0	_
700	0	group	0	0	Aggregate
700	0	well	0	0	_
700	0	enough	0	0	Sufficiency
700	0	to	0	0	_
700	0	realize	0	0	Coming_to_believe
700	0	that	0	0	_
700	0	the	0	0	_
700	0	competitive	0	0	Competition
700	0	streak	1	1	_
700	0	in	1	0	_
700	0	them	0	0	_
700	0	would	0	0	_
700	0	spring	1	1	Self_motion
700	0	into	1	0	_
700	0	action	0	0	Intentionally_act
700	0	the	0	0	_
700	0	second	0	0	Ordinal_numbers
700	0	Todd	0	0	_
700	0	launched	0	0	Cause_motion
700	0	the	0	0	_
700	0	ball	0	0	_
700	0	of	0	0	_
700	0	lace	0	0	_
700	0	.	0	0	_

700	1	//	0	0	_
700	1	True	1	1	_
700	1	enough	0	0	Sufficiency
700	1	.	0	0	_

700	2	Todd	0	0	_
700	2	jutted	0	0	Self_motion

701	0	noticed	0	0	Becoming_aware
701	0	that	0	0	_
701	0	Rick	0	0	_
701	0	was	0	0	_
701	0	one	0	0	Cardinal_numbers
701	0	of	0	0	Partitive
701	0	only	0	0	Sole_instance
701	0	a	0	0	Quantified_mass
701	0	few	0	0	Quantified_mass
701	0	guys	0	0	People
701	0	who	0	0	_
701	0	did	0	0	_
701	0	n't	0	0	_
701	0	spring	1	1	Self_motion
701	0	into	1	0	_
701	0	action	0	0	Intentionally_act
701	0	.	0	0	_

701	1	The	0	0	_
701	1	garter	0	0	_
701	1	seemed	0	0	Give_impression
701	1	to	0	0	_
701	1	make	1	0	_
701	1	a	0	0	_
701	1	beeline	0	0	_
701	1	for	0	0	_
701	1	the	0	0	_
701	1	guy	0	0	People
701	1	with	0	0	_
701	1	the	0	0	_
701	1	goatee	0	0	Body_parts
701	1	next	0	0	_

702	0	everyone	0	0	_
702	0	says	0	0	Statement
702	0	I	0	0	_
702	0	'm	0	0	_
702	0	hilarious	0	0	Stimulus_focus
702	0	.	0	0	_

702	1	//	0	0	_
702	1	Uh-oh	0	0	_
702	1	.	0	0	_

702	2	My	0	0	_
702	2	Bad	0	0	Desirability
702	2	Job	0	0	_
702	2	Antenna	0	0	_
702	2	sprang	1	0	Self_motion
702	2	into	1	0	_
702	2	action	0	0	Intentionally_act
702	2	.	0	0	_

702	3	People	0	0	People
702	3	who	0	0	_
702	3	say	0	0	Statement
702	3	they	0	0	_
702	3	're	0	0	_
702	3	hilarious	0	0	Stimulus_focus
702	3	are	0	0	_
702	3	usually	0	0	_
702	3	about	1	0	_
702	3	as	0	0	_
702	3	funny	0	0	Stimulus_focus
702	3	as	0	0	_
702	3	leftover	0	0	_
702	3	meatloaf	0	0	Food
702	3	.	0	0	_

703	0	zipper	0	0	Cause_to_make_noise
703	0	of	0	0	_
703	0	his	0	0	_
703	0	own	0	0	_
703	0	pants	0	0	Clothing
703	0	and	0	0	_
703	0	climb	0	0	Self_motion
703	0	on	0	0	Spatial_contact
703	0	top	0	0	Non-gradable_proximity
703	0	of	0	0	_
703	0	James	0	0	_
703	0	,	0	0	_
703	0	Bones	0	0	_
703	0	sprang	1	0	Self_motion
703	0	into	1	0	_
703	0	action	0	0	Intentionally_act
703	0	.	0	0	_

703	1	He	0	0	_
703	1	swung	0	0	Manipulation
703	1	his	0	0	_
703	1	brick-filled	0	0	_
703	1	pillowcase	0	0	_
703	1	like	0	0	_
703	1	a	0	0	_
703	1	slingshot	0	0	_
703	1	and	0	0	_
703	1	the	0	0	_
703	1	load	0	0	_
703	1	landed	0	0	Arriving
703	1	in	0	0	Interior_profile_relation
703	1	the	0	0	_

704	0	you	0	0	_
704	0	've	0	0	_
704	0	got	0	0	Required_event
704	0	to	0	0	Required_event
704	0	do.	0	0	Intentionally_act
704	0	``	0	0	_

704	1	ROBIN-ROBERTS-1AB	0	0	_
704	1	#	0	0	_
704	1	(	1	0	_
704	1	Voiceover	0	0	_
704	1	)	0	0	_
704	1	Immediately	0	0	_
704	1	,	0	0	_
704	1	his	0	0	_
704	1	friends	0	0	Personal_relationship
704	1	sprung	1	1	Self_motion
704	1	into	1	0	_
704	1	action	0	0	Intentionally_act
704	1	,	0	0	_
704	1	offering	0	0	Offering
704	1	to	0	0	_
704	1	get	0	0	_
704	1	tested	0	0	Operational_testing
704	1	,	0	0	_
704	1	hoping	0	0	Desiring
704	1	to	0	0	_
704	1	be	0	0	_
704	1	a	0	0	_
704	1	match	1	0	Evaluative_comparison
704	1	.	0	0	_

704	2	But	0	0	_
704	2	there	0	0	Existence
704	2	was	0	0	Existence

705	0	make	1	0	Intentionally_create
705	0	a	0	0	Quantified_mass
705	0	little	0	0	Quantified_mass
705	0	shelter	0	0	Buildings
705	0	,	0	0	_
705	0	stay	0	0	Residence
705	0	cleverly	0	0	_
705	0	hidden	0	0	Eclipse
705	0	until	0	0	_
705	0	Jaime	0	0	_
705	0	or	0	0	_
705	0	Pam	0	0	_
705	0	could	0	0	Possibility
705	0	spring	1	0	Self_motion
705	0	into	1	0	_
705	0	action	0	0	Intentionally_act
705	0	.	0	0	_

705	1	There	0	0	Existence
705	1	were	0	0	Existence
705	1	serviceberries	0	0	_
705	1	in	0	0	Interior_profile_relation
705	1	the	0	0	_
705	1	mountains	0	0	Natural_features
705	1	this	1	0	_
705	1	time	0	0	Calendric_unit
705	1	of	0	0	_
705	1	year	0	0	Calendric_unit
705	1	,	0	0	_
705	1	and	0	0	_
705	1	plenty	0	0	Sufficiency
705	1	of	0	0	_

706	0	``	0	0	_
706	0	The	0	0	_
706	0	captain	0	0	Leadership
706	0	hesitated	0	0	Change_event_time
706	0	the	0	0	_
706	0	barest	1	1	_
706	0	fraction	0	0	_
706	0	of	0	0	_
706	0	a	0	0	_
706	0	second	0	0	Measure_duration
706	0	before	0	0	Time_vector
706	0	yelling	0	0	Make_noise
706	0	and	0	0	_
706	0	springing	1	1	Self_motion
706	0	into	1	0	_
706	0	action.	0	0	Intentionally_act
706	0	``	0	0	_

706	1	Into	0	0	_
706	1	suits	0	0	Clothing
706	1	!	0	0	_

706	2	Everyone	0	0	_
706	2	into	0	0	_
706	2	your	0	0	_
706	2	suits	0	0	Clothing
706	2	and	0	0	_
706	2	seal	0	0	Closure
706	2	them	0	0	_
706	2	!	0	0	_

706	3	Chen	0	0	_
706	3	!	0	0	_

707	0	Wrapables	0	0	Placing
707	0	's	0	0	_
707	0	Bongo	0	0	_
707	0	Buddy	0	0	_
707	0	Nest	0	0	_
707	0	from	0	0	_
707	0	a	0	0	_
707	0	closet	0	0	Building_subparts
707	0	rod	0	0	_
707	0	and	0	0	_
707	0	watch	0	0	Perception_active
707	0	your	0	0	_
707	0	child	0	0	Kinship
707	0	spring	1	0	Self_motion
707	0	into	1	0	_
707	0	action	0	0	Intentionally_act
707	0	.	0	0	_

707	1	And	0	0	_
707	1	do	0	0	_
707	1	n't	0	0	_
707	1	worry	1	0	Emotion_active
707	1	:	0	0	_
707	1	It	0	0	_
707	1	's	0	0	_
707	1	durable	0	0	_
707	1	enough	0	0	Sufficiency
707	1	to	0	0	_
707	1	withstand	1	1	_
707	1	toddler-strength	0	0	_
707	1	tugs	0	0	_
707	1	.	0	0	_

708	0	must	0	0	Required_event
708	0	be	0	0	_
708	0	used	0	0	Using
708	0	.	0	0	_

708	1	In	1	0	_
708	1	cells	0	0	_
708	1	,	0	0	_
708	1	regulation	0	0	_
708	1	controls	1	1	Being_in_control
708	1	when	0	0	Temporal_collocation
708	1	and	0	0	_
708	1	where	0	0	_
708	1	proteins	0	0	_
708	1	spring	1	0	Self_motion
708	1	into	1	0	_
708	1	action	1	0	Intentionally_act
708	1	.	0	0	_

708	2	If	0	0	_
708	2	the	0	0	_
708	2	traditional	0	0	Custom
708	2	genome	0	0	_
708	2	is	0	0	_
708	2	a	0	0	_
708	2	set	0	0	Aggregate
708	2	of	0	0	_
708	2	blueprints	1	1	_
708	2	for	0	0	_
708	2	an	0	0	_
708	2	organism	0	0	_
708	2	,	0	0	_
708	2	RNA	0	0	_

709	0	system	0	0	System
709	0	has	0	0	Required_event
709	0	to	0	0	Required_event
709	0	express	1	1	Expressing_publicly
709	0	its	0	0	_
709	0	function	0	0	_
709	0	at	1	0	_
709	0	all	0	0	Quantified_mass
709	0	times	0	0	_
709	0	.	0	0	_

709	1	Many	0	0	Quantified_mass
709	1	bodily	0	0	_
709	1	systems	1	1	System
709	1	spring	1	0	Self_motion
709	1	into	1	0	_
709	1	action	1	0	Intentionally_act
709	1	only	0	0	_
709	1	in	1	0	_
709	1	critical	0	0	Importance
709	1	situations	0	0	_
709	1	.	0	0	_

709	2	Take	0	0	Taking
709	2	sperm	0	0	_
709	2	cells	0	0	_
709	2	.	0	0	_

709	3	The	0	0	_
709	3	average	0	0	_
709	3	man	0	0	People
709	3	ejaculates	0	0	Shoot_projectiles
709	3	over	1	0	Proportional_quantity
709	3	100	0	0	_

710	0	news	0	0	Text
710	0	of	0	0	_
710	0	the	0	0	_
710	0	Black	0	0	_
710	0	Swan	0	0	_
710	0	discovery	0	0	Becoming_aware
710	0	hit	1	0	Impact
710	0	newspapers	0	0	Text
710	0	in	1	0	Temporal_collocation
710	0	mid-May	0	0	Temporal_subregion
710	0	,	0	0	_
710	0	Spanish	0	0	_
710	0	officials	0	0	Leadership
710	0	sprang	1	1	Self_motion
710	0	into	1	0	_
710	0	action	0	0	Intentionally_act
710	0	.	0	0	_

710	1	On	1	0	Temporal_collocation
710	1	May	0	0	Calendric_unit
710	1	31	0	0	_
710	1	,	0	0	_
710	1	Madrid	0	0	_
710	1	made	1	0	_
710	1	a	0	0	_
710	1	claim	0	0	Claim_ownership
710	1	in	1	0	Interior_profile_relation
710	1	U.S.	0	0	_
710	1	District	0	0	_
710	1	Court	0	0	Judicial_body
710	1	in	0	0	Interior_profile_relation
710	1	Tampa	0	0	_

711	0	#	0	0	_
711	0	Newfoundlands	0	0	_
711	0	were	0	0	_
711	0	known	0	0	Being_named
711	0	as	0	0	_
711	0	sea-rescue	0	0	_
711	0	dogs	1	1	Animals
711	0	,	0	0	_
711	0	and	0	0	_
711	0	Neptune	0	0	_
711	0	is	0	0	_
711	0	ready	0	0	Activity_ready_state
711	0	to	0	0	_
711	0	spring	1	0	Self_motion
711	0	into	1	0	_
711	0	action	0	0	Intentionally_act
711	0	,	0	0	_
711	0	a	0	0	_
711	0	lifesaver	0	0	_
711	0	on	1	0	_
711	0	patrol	0	0	_
711	0	,	0	0	_
711	0	as	0	0	_
711	0	the	0	0	_
711	0	wind	0	0	_
711	0	whips	1	1	Cause_motion
711	0	the	0	0	_
711	0	sea	0	0	Natural_features
711	0	into	1	0	_
711	0	whitecaps	0	0	Color
711	0	(	0	0	_

712	0	Frazier	0	0	_
712	0	made	1	0	_
712	0	the	0	0	_
712	0	threat	0	0	Commitment
712	0	against	1	0	_
712	0	Judge	0	0	_
712	0	Arrington	0	0	_
712	0	on	1	0	Temporal_collocation
712	0	June	0	0	Calendric_unit
712	0	5	0	0	_
712	0	,	0	0	_
712	0	the	0	0	_
712	0	team	1	0	Aggregate
712	0	sprang	1	1	Self_motion
712	0	into	1	0	_
712	0	action	0	0	Intentionally_act
712	0	.	0	0	_

712	1	#	0	0	_
712	1	According	0	0	Attributed_information
712	1	to	1	0	Attributed_information
712	1	its	0	0	_
712	1	report	0	0	Statement
712	1	,	0	0	_
712	1	Frazier	0	0	_
712	1	called	0	0	Contacting
712	1	the	0	0	_
712	1	police	0	0	_
712	1	at	1	0	Temporal_collocation
712	1	12:05	0	0	_
712	1	p.m.	0	0	_
712	1	,	0	0	_

713	0	journal	0	0	Text
713	0	linked	1	0	Make_cognitive_connection
713	0	a	0	0	_
713	0	popular	0	0	Desirability
713	0	diabetes	0	0	_
713	0	drug	0	0	_
713	0	with	1	0	_
713	0	elevated	0	0	Position_on_a_scale
713	0	heart	0	0	_
713	0	risks	0	0	Risky_situation
713	0	,	0	0	_
713	0	two	0	0	Cardinal_numbers
713	0	industries	0	0	Fields
713	0	sprang	1	1	_
713	0	into	1	0	_
713	0	action	1	0	Intentionally_act
713	0	-	0	0	_
713	0	the	0	0	_
713	0	pharmaceutical	0	0	_
713	0	business	0	0	Businesses
713	0	and	0	0	_
713	0	the	0	0	_
713	0	network	1	1	Network
713	0	of	0	0	_
713	0	lawyers	0	0	People_by_vocation
713	0	who	0	0	_
713	0	sue	0	0	Notification_of_charges
713	0	them	0	0	_
713	0	.	0	0	_

713	1	#	0	0	_
713	1	GlaxoSmithKline	0	0	_

714	0	not	0	0	_
714	0	know	0	0	Awareness
714	0	how	0	0	_
714	0	to	0	0	_
714	0	react	1	0	Response
714	0	to	1	0	_
714	0	mine	0	0	_
714	0	.	0	0	_

714	1	#	0	0	_
714	1	That	1	0	_
714	1	's	0	0	_
714	1	when	0	0	Temporal_collocation
714	1	I	0	0	_
714	1	sprang	1	1	Self_motion
714	1	into	1	0	_
714	1	action	0	0	Intentionally_act
714	1	!	0	0	_

714	2	I	0	0	_
714	2	grabbed	0	0	Taking
714	2	people	0	0	People
714	2	's	0	0	_
714	2	hands	0	0	Body_parts
714	2	and	0	0	_
714	2	said	0	0	Statement
714	2	,	0	0	_
714	2	``	0	0	_
714	2	feel	0	0	Perception_experience
714	2	this	0	0	_
714	2	!	0	0	_
714	2	``	0	0	_

714	3	as	0	0	_

715	0	John	0	0	_
715	0	street	0	0	Roadways
715	0	,	0	0	_
715	0	has	0	0	_
715	0	really	0	0	_
715	0	gotten	0	0	Transition_to_state
715	0	involved	0	0	Participation
715	0	.	0	0	_

715	1	GUPTA	0	0	_
715	1	:	0	0	_
715	1	Sixty-two-year-old	0	0	_
715	1	Mayor	0	0	Leadership
715	1	Street	0	0	_
715	1	sprang	1	1	Self_motion
715	1	into	1	0	_
715	1	action	0	0	Intentionally_act
715	1	after	0	0	Relative_time
715	1	the	0	0	_
715	1	city	0	0	Political_locales
715	1	received	1	0	Receiving
715	1	its	0	0	_
715	1	terrible	0	0	Desirability
715	1	ranking	0	0	Assessing
715	1	.	0	0	_

715	2	JOHN-STREET-MAYOR	0	0	_
715	2	:	0	0	_
715	2	We	0	0	_
715	2	're	0	0	_
715	2	probably	0	0	Likelihood
715	2	a	0	0	_
715	2	whole	0	0	Ranked_expectation

716	0	a	0	0	Quantified_mass
716	0	few	0	0	Quantified_mass
716	0	stationed	0	0	Being_employed
716	0	in	0	0	Interior_profile_relation
716	0	the	0	0	_
716	0	country	0	0	Political_locales
716	0	?	0	0	_

716	1	Would	0	0	_
716	1	there	0	0	Existence
716	1	be	0	0	Existence
716	1	troops	0	0	Member_of_military
716	1	nearby	0	0	Locative_relation
716	1	to	0	0	_
716	1	spring	1	0	Self_motion
716	1	into	1	0	_
716	1	action	0	0	Intentionally_act
716	1	quickly	0	0	_
716	1	?	0	0	_

716	2	Mr-BRZEZINSKI	0	0	_
716	2	:	0	0	_
716	2	Certainly	0	0	Likelihood
716	2	I	0	0	_
716	2	would	0	0	_
716	2	think	0	0	Opinion
716	2	it	0	0	_
716	2	would	0	0	_
716	2	make	1	0	_
716	2	sense	0	0	Usefulness
716	2	to	0	0	_
716	2	have	0	0	Possession
716	2	some	0	0	_

717	0	INT	0	0	_
717	0	.	0	0	_

717	1	ENGINE	0	0	_
717	1	ROOM	0	0	_
717	1	-	0	0	_
717	1	NIGHT	0	0	Calendric_unit
717	1	#	0	0	_
717	1	CLOSE	1	1	_
717	1	ON	1	0	_
717	1	:	0	0	_
717	1	THE	0	0	_
717	1	SHIPS	0	0	_
717	1	GAUGES	1	1	_
717	1	SPRING	1	1	_
717	1	INTO	1	0	_
717	1	ACTION	0	0	Intentionally_act
717	1	.	0	0	_

717	2	#	0	0	_
717	2	EXT	0	0	_
717	2	.	0	0	_

717	3	VENTURE	0	0	_
717	3	STERN	0	0	_
717	3	#	0	0	_
717	3	CRANE	0	0	Self_motion
717	3	DOWN	0	0	_
717	3	the	0	0	_
717	3	stern	0	0	Part_orientational
717	3	of	0	0	_
717	3	the	0	0	_
717	3	ship	0	0	Vehicle
717	3	as	0	0	_

718	0	From	1	0	Time_vector
718	0	the	0	0	_
718	0	time	0	0	_
718	0	Katrina	0	0	_
718	0	hit	1	0	Impact
718	0	,	0	0	_
718	0	local	0	0	Political_locales
718	0	Urban	0	0	_
718	0	Leagues	0	0	_
718	0	along	0	0	Locative_relation
718	0	the	0	0	_
718	0	Gulf	0	0	Natural_features
718	0	Coast	0	0	Relational_natural_features
718	0	sprang	1	1	Motion
718	0	into	1	0	_
718	0	action	0	0	Intentionally_act
718	0	,	0	0	_
718	0	helping	0	0	Assistance
718	0	victims	0	0	Catastrophe
718	0	find	1	0	Locating
718	0	housing	0	0	Buildings
718	0	,	0	0	_
718	0	jobs	0	0	Being_employed
718	0	,	0	0	_
718	0	respect	0	0	Judgment
718	0	and	0	0	_
718	0	dignity	0	0	_
718	0	at	1	0	Temporal_collocation
718	0	a	0	0	_
718	0	very	0	0	Degree
718	0	troubled	1	1	_

719	0	the	0	0	_
719	0	first	0	0	Ordinal_numbers
719	0	step	1	0	Intentionally_act
719	0	in	1	0	_
719	0	starting	0	0	Activity_start
719	0	a	0	0	_
719	0	museum	0	0	Locale_by_use
719	0	is	0	0	_
719	0	not	0	0	_
719	0	for	0	0	_
719	0	social	0	0	_
719	0	scientists	0	0	People_by_vocation
719	0	to	0	0	_
719	0	spring	1	1	Self_motion
719	0	into	1	0	_
719	0	action	0	0	Intentionally_act
719	0	but	0	0	_
719	0	always	0	0	Frequency
719	0	to	0	0	_
719	0	have	1	0	Have_associated
719	0	a	0	0	_
719	0	town	0	0	Political_locales
719	0	meeting	0	0	Discussion
719	0	.	0	0	_

719	1	At	1	0	Locative_relation
719	1	some	0	0	Proportional_quantity
719	1	of	0	0	Partitive
719	1	these	1	0	_
719	1	meetings	0	0	Discussion
719	1	,	0	0	_
719	1	it	0	0	_

720	0	to	0	0	Goal
720	0	Palm	0	0	_
720	0	Island	0	0	_
720	0	.	0	0	_

720	1	(	0	0	_
720	1	END-VIDEO-CLIP	0	0	_
720	1	)	0	0	_
720	1	HANNITY	0	0	_
720	1	:	0	0	_
720	1	He	0	0	_
720	1	got	1	0	Getting
720	1	it	0	0	_
720	1	.	0	0	_

720	2	Officer	0	0	_
720	2	Shaq	0	0	_
720	2	sprung	1	1	Self_motion
720	2	into	1	0	_
720	2	action	0	0	Intentionally_act
720	2	and	0	0	_
720	2	after	1	0	Relative_time
720	2	following	0	0	Cotheme
720	2	the	0	0	_
720	2	suspect	0	0	Being_questionable
720	2	flagged	0	0	_
720	2	down	0	0	_
720	2	a	0	0	_
720	2	Miami	0	0	_
720	2	police	0	0	_
720	2	officer	0	0	People_by_vocation
720	2	,	0	0	_
720	2	who	0	0	_
720	2	arrested	0	0	Arrest
720	2	the	0	0	_

721	0	at	0	0	Locative_relation
721	0	his	0	0	_
721	0	home	0	0	Buildings
721	0	and	0	0	_
721	0	told	0	0	Telling
721	0	him	0	0	_
721	0	what	0	0	_
721	0	the	0	0	_
721	0	writing	0	0	Text_creation
721	0	could	0	0	Possibility
721	0	mean	1	0	Evidence
721	0	.	0	0	_

721	1	Golan	0	0	_
721	1	sprung	1	1	Self_motion
721	1	into	1	0	_
721	1	action	0	0	Intentionally_act
721	1	.	0	0	_

721	2	He	0	0	_
721	2	had	0	0	_
721	2	the	0	0	_
721	2	box	0	0	Containers
721	2	scrutinized	0	0	Scrutiny
721	2	by	0	0	_
721	2	specialists	0	0	Expertise
721	2	in	1	0	_
721	2	different	0	0	Identicality
721	2	fields	1	0	Fields
721	2	.	0	0	_

721	3	They	0	0	_
721	3	were	0	0	_
721	3	impressed	0	0	Experiencer_obj

722	0	careful	0	0	_
722	0	what	0	0	_
722	0	I	0	0	_
722	0	say	0	0	Statement
722	0	in	0	0	_
722	0	front	0	0	_
722	0	of	0	0	_
722	0	you	0	0	_
722	0	.	0	0	_

722	1	WINFREY	0	0	_
722	1	:	0	0	_
722	1	So	0	0	_
722	1	we	0	0	_
722	1	sprung	1	1	Self_motion
722	1	into	1	0	_
722	1	action	0	0	Intentionally_act
722	1	.	0	0	_

722	2	Watch	0	0	Perception_active
722	2	our	0	0	_
722	2	clever	1	1	Mental_property
722	2	plot	1	0	_
722	2	unfold	1	1	Event
722	2	.	0	0	_

722	3	Mr-DENTON	0	0	_
722	3	:	0	0	_
722	3	I	0	0	_
722	3	've	0	0	_
722	3	never	0	0	Frequency
722	3	grand-marshaled	0	0	_
722	3	.	0	0	_

722	4	Unidentified	0	0	_

723	0	want	0	0	Desiring
723	0	help	0	0	Assistance
723	0	!	0	0	_

723	1	WINFREY	0	0	_
723	1	:	0	0	_
723	1	Devastated	1	1	_
723	1	by	0	0	_
723	1	what	0	0	_
723	1	we	0	0	_
723	1	saw	0	0	Perception_experience
723	1	,	0	0	_
723	1	everyday	0	0	Frequency
723	1	citizens	0	0	People_by_jurisdiction
723	1	sprung	1	1	Self_motion
723	1	into	1	0	_
723	1	action	0	0	Intentionally_act
723	1	to	0	0	_
723	1	save	1	0	Protecting
723	1	lives	0	0	People
723	1	and	0	0	_
723	1	help	0	0	Assistance
723	1	people	0	0	People
723	1	who	0	0	_
723	1	had	0	0	_
723	1	lost	1	0	Earnings_and_losses
723	1	everything	0	0	_
723	1	.	0	0	_

723	2	One	0	0	Cardinal_numbers
723	2	hundred	0	0	Cardinal_numbers
723	2	doctors	0	0	Medical_professionals
723	2	and	0	0	_

724	0	water	0	0	Substance
724	0	from	0	0	_
724	0	the	0	0	_
724	0	lawn	0	0	_
724	0	directly	0	0	_
724	0	ahead	0	0	Locative_relation
724	0	of	0	0	_
724	0	him	0	0	_
724	0	.	0	0	_

724	1	The	0	0	_
724	1	automatically	0	0	_
724	1	programmed	0	0	_
724	1	sprinklers	0	0	_
724	1	sprang	1	0	Self_motion
724	1	into	1	0	_
724	1	action	0	0	Intentionally_act
724	1	,	0	0	_
724	1	like	0	0	Similarity
724	1	children	0	0	People_by_age
724	1	jumping	0	0	Self_motion
724	1	out	0	0	_
724	1	of	0	0	_
724	1	their	0	0	_
724	1	hiding	0	0	_
724	1	place	0	0	Locale
724	1	,	0	0	_
724	1	dutifully	0	0	_
724	1	completing	0	0	Activity_finish
724	1	their	0	0	_
724	1	task	0	0	Being_obligated
724	1	,	0	0	_

725	0	writing	0	0	Text_creation
725	0	to	1	0	_
725	0	Jonathan	0	0	_
725	0	.	0	0	_

725	1	Regardless	0	0	_
725	1	who	0	0	_
725	1	it	0	0	_
725	1	was	0	0	_
725	1	,	0	0	_
725	1	he	0	0	_
725	1	would	0	0	_
725	1	have	0	0	Required_event
725	1	to	0	0	Required_event
725	1	spring	1	0	Self_motion
725	1	into	1	0	_
725	1	action	0	0	Intentionally_act
725	1	and	0	0	_
725	1	fetch	0	0	Bringing
725	1	their	0	0	_
725	1	coats	0	0	Clothing
725	1	with	1	0	_
725	1	a	0	0	_
725	1	convincing	1	1	_
725	1	smile	0	0	Facial_expression
725	1	firmly	1	1	_
725	1	in	1	0	_
725	1	place	1	0	_
725	1	.	0	0	_

725	2	Then	0	0	_
725	2	Lillian	0	0	_
725	2	would	0	0	_

726	0	re	0	0	_
726	0	selfish	0	0	_
726	0	and	0	0	_
726	0	hurtful	0	0	Stimulus_focus
726	0	and	0	0	_
726	0	better	0	0	Expertise
726	0	at	1	0	_
726	0	deceit	0	0	_
726	0	than	0	0	_
726	0	anything	0	0	_
726	0	else	0	0	_
726	0	?	0	0	_

726	1	Greg	0	0	_
726	1	sprang	1	0	Self_motion
726	1	into	1	0	_
726	1	action	0	0	Intentionally_act
726	1	when	0	0	_
726	1	the	0	0	_
726	1	flame	0	0	_
726	1	had	0	0	_
726	1	eaten	1	0	Ingestion
726	1	half	0	0	Part_whole
726	1	the	0	0	_
726	1	certificate	0	0	_
726	1	by	0	0	_
726	1	using	0	0	Using
726	1	his	0	0	_
726	1	discarded	0	0	Abandonment
726	1	undershirt	0	0	Clothing
726	1	to	0	0	_
726	1	smother	0	0	Destroying

727	0	forever	0	0	_
727	0	,	0	0	_
727	0	of	0	0	_
727	0	course	0	0	_
727	0	.	0	0	_

727	1	For	0	0	_
727	1	fifteen	0	0	Cardinal_numbers
727	1	or	0	0	_
727	1	twenty	0	0	Cardinal_numbers
727	1	seconds	0	0	Measure_duration
727	1	.	0	0	_

727	2	Then	0	0	_
727	2	I	0	0	_
727	2	sprang	1	1	Self_motion
727	2	into	1	0	_
727	2	action	0	0	Intentionally_act
727	2	,	0	0	_
727	2	slapping	0	0	Cause_motion
727	2	my	0	0	_
727	2	hand	0	0	Body_parts
727	2	down	0	0	_
727	2	on	0	0	Spatial_contact
727	2	the	0	0	_
727	2	counter	0	0	_
727	2	right	0	0	_
727	2	smack	1	1	_
727	2	on	0	0	Spatial_contact
727	2	top	1	0	Part_orientational
727	2	of	0	0	_
727	2	the	0	0	_
727	2	List	0	0	_

728	0	time	0	0	_
728	0	to	0	0	_
728	0	garden	0	0	Locale_by_use
728	0	.	0	0	_

728	1	The	0	0	_
728	1	weather	0	0	Weather
728	1	is	0	0	_
728	1	fine	1	0	Desirability
728	1	,	0	0	_
728	1	and	0	0	_
728	1	eager	1	1	Desiring
728	1	bloomers	0	0	_
728	1	are	0	0	_
728	1	springing	1	1	Self_motion
728	1	into	1	0	_
728	1	action	0	0	Intentionally_act
728	1	.	0	0	_

728	2	Photograph	0	0	_
728	2	//	0	0	_
728	2	Phoebe	0	0	_
728	2	Blackston	0	0	_
728	2	knows	0	0	Awareness
728	2	flowers	0	0	_
728	2	,	0	0	_
728	2	and	0	0	_
728	2	her	0	0	_
728	2	abundant	0	0	Abounding_with
728	2	autumn	0	0	Calendric_unit
728	2	garden	0	0	Locale_by_use
728	2	reflects	1	1	_
728	2	it	0	0	_

729	0	brains	0	0	_
729	0	have	1	0	Possession
729	0	built-in	0	0	_
729	0	stem	0	0	_
729	0	cells	0	0	_
729	0	that	0	0	_
729	0	can	0	0	Capability
729	0	make	1	0	Manufacturing
729	0	new	0	0	Familiarity
729	0	brain	0	0	_
729	0	circuits	1	1	_
729	0	.	0	0	_

729	1	These	1	0	_
729	1	spring	1	0	Self_motion
729	1	into	1	0	_
729	1	action	1	0	Intentionally_act
729	1	under	1	0	_
729	1	stimulation	0	0	_
729	1	from	1	0	_
729	1	growth	0	0	_
729	1	factors	0	0	_
729	1	produced	0	0	Creating
729	1	by	0	0	_
729	1	the	0	0	_
729	1	brain	0	0	_
729	1	's	0	0	_
729	1	healthy	0	0	_
729	1	cells	0	0	_
729	1	.	0	0	_

729	2	PS	0	0	_
729	2	supports	1	1	Taking_sides

730	0	40	0	0	_
730	0	such	0	0	_
730	0	genes	0	0	_
730	0	had	0	0	_
730	0	been	0	0	_
730	0	discovered	0	0	Becoming_aware
730	0	.	0	0	_

730	1	Normally	0	0	_
730	1	harmless	0	0	Risky_situation
730	1	,	0	0	_
730	1	``	0	0	_
730	1	they	0	0	_
730	1	would	0	0	_
730	1	spring	1	1	Self_motion
730	1	into	1	0	_
730	1	action	1	0	Intentionally_act
730	1	and	0	0	_
730	1	cause	0	0	Causation
730	1	cancer	0	0	Medical_conditions
730	1	if	0	0	_
730	1	they	0	0	_
730	1	were	0	0	_
730	1	twitched	1	1	Moving_in_place
730	1	by	0	0	_
730	1	carcinogens.	0	0	Toxic_substance
730	1	``	0	0	_

730	2	When	0	0	Temporal_collocation
730	2	mutated	0	0	Cause_change
730	2	,	0	0	_
730	2	in	0	0	_

731	0	decided	0	0	Deciding
731	0	to	0	0	_
731	0	drop	1	0	Cause_to_end
731	0	the	0	0	_
731	0	charges	0	0	Notification_of_charges
731	0	and	0	0	_
731	0	bail	0	0	Assistance
731	0	Brown	0	0	_
731	0	out	1	0	_
731	0	of	0	0	_
731	0	jail	0	0	Prison
731	0	.	0	0	_

731	1	Williams	0	0	_
731	1	sprang	1	0	Self_motion
731	1	into	1	0	_
731	1	action	0	0	Intentionally_act
731	1	again.	0	0	_
731	1	``	0	0	_

731	2	Ross	0	0	_
731	2	did	0	0	_
731	2	not	0	0	_
731	2	want	0	0	Desiring
731	2	to	0	0	_
731	2	testify	0	0	Reveal_secret
731	2	against	1	0	_
731	2	Brown	0	0	_
731	2	,	0	0	_
731	2	``	0	0	_
731	2	says	0	0	Statement
731	2	Detective	0	0	People_by_vocation

732	0	stories	0	0	Text
732	0	bolster	1	1	Cause_change_of_strength
732	0	our	0	0	_
732	0	faith	0	0	_
732	0	in	1	0	_
732	0	heroic	0	0	Social_interaction_evaluation
732	0	individuals	0	0	People
732	0	,	0	0	_
732	0	and	0	0	_
732	0	the	0	0	_
732	0	benevolent	0	0	Social_interaction_evaluation
732	0	community	0	0	Aggregate
732	0	is	0	0	_
732	0	springing	1	1	Self_motion
732	0	into	1	0	_
732	0	action	0	0	Intentionally_act
732	0	.	0	0	_

732	1	David	0	0	_
732	1	Frauenfelder	0	0	_
732	1	,	0	0	_
732	1	instructor	0	0	Education_teaching
732	1	Durham	0	0	_
732	1	,	0	0	_
732	1	N.C.	0	0	_
732	1	#	0	0	_
732	1	Survivor	0	0	_
732	1	contemplates	0	0	Cogitation
732	1	'	0	0	_
732	1	normal	0	0	_
732	1	'	0	0	_
732	1	#	0	0	_

733	0	forcing	1	1	Causation
733	0	the	0	0	_
733	0	demise	0	0	Death
733	0	of	0	0	_
733	0	gender	0	0	_
733	0	restrictions	0	0	Revenge
733	0	.	0	0	_

733	1	Seizing	1	0	_
733	1	this	1	0	_
733	1	opportunity	0	0	_
733	1	,	0	0	_
733	1	women	0	0	People
733	1	immediately	0	0	_
733	1	sprung	1	1	Self_motion
733	1	into	1	0	_
733	1	action	0	0	Intentionally_act
733	1	.	0	0	_

733	2	Dorothea	0	0	_
733	2	Dix	0	0	_
733	2	was	0	0	_
733	2	named	0	0	Name_conferral
733	2	Superintendent	0	0	Leadership
733	2	of	0	0	_
733	2	the	0	0	_
733	2	Women	0	0	People
733	2	Nurses	0	0	People_by_vocation
733	2	of	0	0	_
733	2	the	0	0	_
733	2	U.S.	0	0	_
733	2	Army	0	0	Military
733	2	by	0	0	_

734	0	for	0	0	_
734	0	the	0	0	_
734	0	long	1	0	Duration_description
734	0	trip	0	0	Travel
734	0	across	0	0	_
734	0	country	0	0	Political_locales
734	0	.	0	0	_

734	1	Meanwhile	0	0	_
734	1	,	0	0	_
734	1	our	0	0	_
734	1	San	0	0	_
734	1	Diego	0	0	_
734	1	Moms	0	0	Kinship
734	1	sprang	1	1	Self_motion
734	1	into	1	0	_
734	1	action	0	0	Intentionally_act
734	1	.	0	0	_

734	2	The	0	0	_
734	2	OPRAH	0	0	_
734	2	show	0	0	_
734	2	was	0	0	_
734	2	coming	0	0	Arriving
734	2	to	0	0	Goal
734	2	town	0	0	Political_locales
734	2	.	0	0	_

734	3	Unidentified	0	0	Secrecy_status
734	3	Woman	0	0	People
734	3	9	0	0	_
734	3	:	0	0	_
734	3	Yeah	0	0	_
734	3	,	0	0	_

735	0	dear	0	0	Stimulus_focus
735	0	?	0	0	_
735	0	``	0	0	_

735	1	#	0	0	_
735	1	``	0	0	_
735	1	There	0	0	Existence
735	1	's	0	0	Existence
735	1	no	0	0	_
735	1	deck.	0	0	_
735	1	``	0	0	_

735	2	#	0	0	_
735	2	Howard	0	0	_
735	2	sprang	1	0	Self_motion
735	2	into	1	0	_
735	2	action.	0	0	Intentionally_act
735	2	``	0	0	_

735	3	Amy	0	0	_
735	3	and	0	0	_
735	3	Dan	0	0	_
735	3	are	0	0	_
735	3	the	0	0	_
735	3	kind	0	0	Type
735	3	of	0	0	_
735	3	people	0	0	People
735	3	who	0	0	_
735	3	actually	0	0	_
735	3	use	0	0	Using
735	3	their	0	0	_
735	3	outdoor	0	0	_

736	0	then	0	0	Temporal_collocation
736	0	,	0	0	_
736	0	I	0	0	_
736	0	had	0	0	_
736	0	n't	0	0	_
736	0	been	0	0	_
736	0	surprised	0	0	Experiencer_obj
736	0	.	0	0	_

736	1	I	0	0	_
736	1	'd	0	0	_
736	1	known	0	0	Awareness
736	1	she	0	0	_
736	1	would	0	0	_
736	1	spring	1	0	Self_motion
736	1	into	1	0	_
736	1	action	0	0	Intentionally_act
736	1	as	0	0	_
736	1	soon	0	0	_
736	1	as	0	0	_
736	1	I	0	0	_
736	1	left	0	0	Departing
736	1	grad	0	0	_
736	1	school	0	0	Locale_by_use
736	1	,	0	0	_
736	1	which	0	0	_
736	1	was	0	0	_
736	1	one	0	0	Cardinal_numbers
736	1	reason	0	0	Reason
736	1	I	0	0	_
736	1	'd	0	0	_
736	1	loitered	0	0	_

737	0	.	0	0	_

737	1	#	0	0	_
737	1	HEROINE	0	0	_
737	1	#	0	0	_
737	1	Get	0	0	Arriving
737	1	to	0	0	Goal
737	1	your	0	0	_
737	1	cars	0	0	Vehicle
737	1	!	0	0	_
737	1	!	0	0	_
737	1	!	0	0	_

737	2	The	0	0	_
737	2	Beasts	0	0	_
737	2	spring	1	0	Self_motion
737	2	into	1	0	_
737	2	action	0	0	Intentionally_act
737	2	,	0	0	_
737	2	chasing	1	1	Cotheme
737	2	the	0	0	_
737	2	group	0	0	Aggregate
737	2	.	0	0	_

737	3	Bozo	0	0	_
737	3	,	0	0	_
737	3	with	0	0	Accompaniment
737	3	Para	0	0	_
737	3	on	0	0	Spatial_contact
737	3	his	0	0	_
737	3	back	1	0	Body_parts
737	3	,	0	0	_
737	3	sprints	0	0	Self_motion
737	3	for	0	0	_

738	0	work	0	0	Being_employed
738	0	and	0	0	_
738	0	then	0	0	Temporal_collocation
738	0	sexually	0	0	_
738	0	assaulted	0	0	Cause_harm
738	0	.	0	0	_

738	1	Shocked	1	0	Experiencer_obj
738	1	,	0	0	_
738	1	police	0	0	_
738	1	in	0	0	Interior_profile_relation
738	1	the	0	0	_
738	1	sleepy	1	1	_
738	1	burg	0	0	_
738	1	sprang	1	0	Self_motion
738	1	into	1	0	_
738	1	action	0	0	Intentionally_act
738	1	,	0	0	_
738	1	searching	0	0	Scrutiny
738	1	everywhere	0	0	Locative_relation
738	1	for	0	0	_
738	1	suspects	0	0	Awareness
738	1	but	0	0	_
738	1	finding	0	0	Becoming_aware
738	1	none	0	0	_
738	1	,	0	0	_
738	1	according	0	0	Attributed_information
738	1	to	0	0	Attributed_information
738	1	Scott	0	0	_
738	1	Doughman	0	0	_
738	1	,	0	0	_
738	1	one	0	0	Cardinal_numbers

739	0	Systems	0	0	Gizmo
739	0	Supported	0	0	_
739	0	by	0	0	_
739	0	GPC	0	0	_
739	0	.	0	0	_

739	1	The	0	0	_
739	1	Muscular	0	0	_
739	1	System	0	0	System
739	1	.	0	0	_

739	2	For	0	0	_
739	2	our	0	0	_
739	2	muscles	0	0	Body_parts
739	2	to	0	0	_
739	2	spring	1	0	Self_motion
739	2	into	1	0	_
739	2	action	1	0	Intentionally_act
739	2	they	0	0	_
739	2	must	0	0	Required_event
739	2	be	0	0	_
739	2	stimulated	1	1	Subjective_influence
739	2	by	0	0	_
739	2	acetylcholine	0	0	_
739	2	released	0	0	Shoot_projectiles
739	2	from	0	0	_
739	2	a	0	0	_
739	2	nerve	0	0	_
739	2	ending	0	0	Process_end
739	2	.	0	0	_

739	3	GPC	0	0	_
739	3	is	0	0	_
739	3	the	0	0	_

740	0	Hammer	0	0	_
740	0	and	0	0	_
740	0	Kimberly	0	0	_
740	0	Guilfoyle	0	0	_
740	0	Newsom	0	0	_
740	0	are	0	0	_
740	0	too	0	0	Sufficiency
740	0	busy	0	0	_
740	0	pontificating	0	0	Statement
740	0	about	1	0	Topic
740	0	Scott	0	0	_
740	0	Peterson	0	0	_
740	0	to	0	0	_
740	0	spring	1	0	Self_motion
740	0	into	1	0	_
740	0	action	0	0	Intentionally_act
740	0	.	0	0	_
740	0	)	0	0	_

740	1	#	0	0	_
740	1	Even	0	0	_
740	1	the	0	0	_
740	1	most	0	0	_
740	1	responsible	0	0	Social_interaction_evaluation
740	1	journalists	0	0	_
740	1	covering	1	0	_
740	1	the	0	0	_
740	1	Peterson	0	0	_
740	1	trial	0	0	Trial
740	1	offer	0	0	_
740	1	a	0	0	_
740	1	summary	0	0	_

741	0	one	0	0	_
741	0	saw	0	0	Perception_experience
741	0	the	0	0	_
741	0	whitewater	0	0	_
741	0	ahead	0	0	Locative_relation
741	0	.	0	0	_

741	1	The	0	0	_
741	1	Scouts	0	0	_
741	1	had	1	0	Possession
741	1	barely	0	0	_
741	1	enough	0	0	Sufficiency
741	1	time	0	0	Measure_duration
741	1	to	0	0	_
741	1	spring	1	1	Self_motion
741	1	into	1	0	_
741	1	action	0	0	Intentionally_act
741	1	before	0	0	Time_vector
741	1	they	0	0	_
741	1	were	0	0	_
741	1	shooting	0	0	Cause_motion
741	1	down	0	0	_
741	1	the	0	0	_
741	1	most	0	0	_
741	1	ferocious	1	1	_
741	1	rapids	0	0	Natural_features
741	1	of	0	0	_
741	1	the	0	0	_
741	1	trip	0	0	Travel
741	1	.	0	0	_

741	2	Canoes	0	0	Locale_by_use
741	2	dipped	1	1	Change_position_on_a_scale

742	0	do	0	0	_
742	0	birds	0	0	_
742	0	sing	0	0	Make_noise
742	0	in	1	0	Temporal_collocation
742	0	the	0	0	_
742	0	morning	0	0	Calendric_unit
742	0	?	0	0	_

742	1	Unlike	0	0	Similarity
742	1	humans	0	0	People
742	1	who	0	0	_
742	1	need	0	0	Needing
742	1	coffee	0	0	Food
742	1	to	0	0	_
742	1	spring	1	0	Self_motion
742	1	into	1	0	_
742	1	action	0	0	Intentionally_act
742	1	,	0	0	_
742	1	birds	0	0	_
742	1	are	0	0	_
742	1	motivated	1	1	Subjective_influence
742	1	by	0	0	_
742	1	sunlight.	0	0	_
742	1	``	0	0	_

742	2	Some	0	0	Proportional_quantity
742	2	species	0	0	Type
742	2	require	0	0	Have_as_requirement
742	2	very	0	0	Degree
742	2	little	0	0	_
742	2	light	0	0	Measurable_attributes
742	2	and	0	0	_

743	0	a	0	0	_
743	0	tiny	0	0	Size
743	0	country	0	0	Political_locales
743	0	,	0	0	_
743	0	Monaco	0	0	_
743	0	has	1	0	Possession
743	0	an	0	0	_
743	0	impressive	0	0	Stimulus_focus
743	0	police	0	0	_
743	0	force	1	0	Military
743	0	,	0	0	_
743	0	who	0	0	_
743	0	will	0	0	_
743	0	spring	1	0	Self_motion
743	0	into	1	0	_
743	0	action	0	0	Intentionally_act
743	0	at	1	0	_
743	0	the	0	0	_
743	0	smallest	0	0	Size
743	0	infraction	0	0	Committing_crime
743	0	.	0	0	_

743	1	!	0	0	_

743	2	MIDDLETON	0	0	_
743	2	:	0	0	_
743	2	I	0	0	_
743	2	mean	0	0	_
743	2	,	0	0	_
743	2	this	1	0	_
743	2	is	0	0	_
743	2	very	0	0	_

744	0	close	1	0	_
744	0	to	1	0	_
744	0	an	0	0	_
744	0	all-out	0	0	_
744	0	effort	0	0	Attempt
744	0	.	0	0	_

744	1	Otherwise	0	0	_
744	1	,	0	0	_
744	1	the	0	0	_
744	1	highest-threshold	0	0	_
744	1	fibers	0	0	_
744	1	would	0	0	_
744	1	never	0	0	Frequency
744	1	spring	1	0	Self_motion
744	1	into	1	0	_
744	1	action	1	0	Intentionally_act
744	1	.	0	0	_

744	2	Moreover	0	0	_
744	2	,	0	0	_
744	2	the	0	0	_
744	2	smaller	0	0	Size
744	2	fibers	0	0	_
744	2	do	0	0	_
744	2	n't	0	0	_
744	2	need	0	0	Needing
744	2	any	0	0	Quantified_mass
744	2	special	0	0	_
744	2	high-repetition	0	0	_
744	2	program	0	0	Project
744	2	of	0	0	_
744	2	their	0	0	_

745	0	other	0	0	Increment
745	0	athletes	0	0	People_by_vocation
745	0	during	0	0	_
745	0	their	0	0	_
745	0	competition	0	0	Competition
745	0	.	0	0	_

745	1	Out	0	0	_
745	1	of	0	0	_
745	1	sight	0	0	Range
745	1	,	0	0	_
745	1	but	0	0	Concessive
745	1	ready	0	0	Activity_ready_state
745	1	to	0	0	_
745	1	spring	1	1	Self_motion
745	1	into	1	0	_
745	1	action	0	0	Intentionally_act
745	1	...	0	0	_
745	1	UNIDENTIFIED-MALE	0	0	_
745	1	:	0	0	_
745	1	Check	0	0	Inspecting
745	1	your	0	0	_
745	1	ammo	0	0	Ammunition
745	1	.	0	0	_

745	2	ROBERTS	0	0	_
745	2	:	0	0	_
745	2	...	0	0	_
745	2	is	0	0	_
745	2	an	0	0	_
745	2	elite	0	0	_
745	2	FBI	0	0	_
745	2	SWAT	0	0	_
745	2	team	0	0	Aggregate

746	0	That	1	0	_
746	0	's	0	0	_
746	0	due	0	0	_
746	0	at	1	0	Temporal_collocation
746	0	the	0	0	_
746	0	end	1	0	Temporal_subregion
746	0	of	0	0	_
746	0	next	0	0	_
746	0	month	0	0	Calendric_unit
746	0	.	0	0	_

746	1	So	0	0	_
746	1	they	0	0	_
746	1	have	0	0	_
746	1	sprung	1	1	_
746	1	into	1	0	_
746	1	action	0	0	Intentionally_act
746	1	very	0	0	Degree
746	1	quickly	0	0	Speed_description
746	1	.	0	0	_

746	2	They	0	0	_
746	2	held	1	0	_
746	2	a	0	0	_
746	2	Cabinet	0	0	_
746	2	meeting	0	0	Discussion
746	2	yesterday	0	0	Calendric_unit
746	2	,	0	0	_
746	2	and	0	0	_
746	2	they	0	0	_
746	2	're	0	0	_
746	2	going	0	0	Motion
746	2	to	0	0	_

747	0	,	0	0	_
747	0	they	0	0	_
747	0	ca	0	0	Possibility
747	0	n't	0	0	_
747	0	get	1	0	Getting
747	0	insurance	0	0	_
747	0	for	0	0	_
747	0	the	0	0	_
747	0	businesses	0	0	Businesses
747	0	.	0	0	_

747	1	So	0	0	_
747	1	they	0	0	_
747	1	have	0	0	_
747	1	sprung	1	1	_
747	1	into	1	0	_
747	1	action	0	0	Intentionally_act
747	1	quite	0	0	_
747	1	quickly	0	0	Speed_description
747	1	.	0	0	_

747	2	In	0	0	Domain
747	2	terms	0	0	Domain
747	2	of	0	0	_
747	2	emergency	0	0	_
747	2	supports	1	1	Taking_sides
747	2	,	0	0	_
747	2	Austria	0	0	_
747	2	,	0	0	_
747	2	Bulgaria	0	0	_
747	2	,	0	0	_
747	2	Romania	0	0	_
747	2	,	0	0	_

748	0	settled	1	1	_
748	0	into	1	0	_
748	0	a	0	0	_
748	0	rhythm	0	0	Temporal_pattern
748	0	that	0	0	_
748	0	matched	1	0	Evaluative_comparison
748	0	the	0	0	_
748	0	flow	1	0	Fluidic_motion
748	0	of	0	0	_
748	0	the	0	0	_
748	0	river	0	0	Natural_features
748	0	:	0	0	_
748	0	They	0	0	_
748	0	sprang	1	1	Self_motion
748	0	into	1	0	_
748	0	action	0	0	Intentionally_act
748	0	and	0	0	_
748	0	paddled	0	0	Self_motion
748	0	furiously	0	0	_
748	0	through	0	0	_
748	0	its	0	0	_
748	0	rapids	0	0	Natural_features
748	0	,	0	0	_
748	0	then	0	0	_
748	0	kicked	0	0	Moving_in_place
748	0	back	0	0	_
748	0	and	0	0	_
748	0	``	0	0	_
748	0	chilled	0	0	_
748	0	``	0	0	_
748	0	through	0	0	_

749	0	residents	0	0	Residence
749	0	,	0	0	_
749	0	as	0	0	_
749	0	well	0	0	_
749	0	as	0	0	_
749	0	state	0	0	Political_locales
749	0	and	0	0	_
749	0	federal	0	0	Political_locales
749	0	wildlife	0	0	_
749	0	agency	0	0	Organization
749	0	representatives	0	0	Leadership
749	0	,	0	0	_
749	0	will	0	0	_
749	0	spring	1	1	Self_motion
749	0	into	1	0	_
749	0	action	0	0	Intentionally_act
749	0	.	0	0	_

749	1	Some	0	0	Proportional_quantity
749	1	members	1	0	Membership
749	1	,	0	0	_
749	1	such	0	0	_
749	1	as	0	0	_
749	1	the	0	0	_
749	1	Center	0	0	Locale_by_use
749	1	for	0	0	_
749	1	Biological	0	0	_
749	1	Diversity	0	0	_
749	1	,	0	0	_
749	1	want	0	0	Desiring
749	1	an	0	0	_
749	1	aggressive	1	1	_

750	0	.	0	0	_

750	1	His	0	0	_
750	1	aunt	0	0	Kinship
750	1	,	0	0	_
750	1	a	0	0	_
750	1	former	0	0	Time_vector
750	1	Army	0	0	Military
750	1	nurse	0	0	Medical_professionals
750	1	,	0	0	_
750	1	let	0	0	Make_noise
750	1	out	0	0	Make_noise
750	1	a	0	0	_
750	1	scream-then	0	0	Make_noise
750	1	sprang	1	1	Self_motion
750	1	into	1	0	_
750	1	action	0	0	Intentionally_act
750	1	.	0	0	_

750	2	She	0	0	_
750	2	bundled	0	0	Cause_motion
750	2	him	0	0	_
750	2	back	0	0	_
750	2	into	0	0	_
750	2	the	0	0	_
750	2	car	0	0	Vehicle
750	2	and	0	0	_
750	2	sped	0	0	Self_motion
750	2	off	0	0	_
750	2	to	0	0	_
750	2	a	0	0	_
750	2	local	0	0	Political_locales
750	2	clinic	0	0	Locale_by_use

751	0	only	0	0	_
751	0	does	0	0	_
751	0	your	0	0	_
751	0	breathing	0	0	Breathing
751	0	improve	0	0	Cause_to_make_progress
751	0	,	0	0	_
751	0	but	0	0	Concessive
751	0	stress	1	1	_
751	0	hormones	0	0	_
751	0	drop	1	0	Change_position_on_a_scale
751	0	and	0	0	_
751	0	immune	0	0	_
751	0	cells	0	0	_
751	0	spring	1	0	Self_motion
751	0	into	1	0	_
751	0	action	1	0	Intentionally_act
751	0	when	0	0	Temporal_collocation
751	0	you	0	0	_
751	0	giggle	0	0	Make_noise
751	0	.	0	0	_

751	1	By	0	0	Means
751	1	laughing	0	0	Make_noise
751	1	,	0	0	_
751	1	your	0	0	_
751	1	whole	1	0	Ranked_expectation
751	1	outlook	1	1	_
751	1	on	1	0	_
751	1	life	0	0	_
751	1	can	0	0	Possibility
751	1	shift	1	0	Change_position_on_a_scale
751	1	to	1	0	_

752	0	a	0	0	_
752	0	foggy	0	0	Weather
752	0	bend	1	1	Natural_features
752	0	on	0	0	Spatial_contact
752	0	I-75	0	0	_
752	0	into	1	0	_
752	0	a	0	0	_
752	0	nightmare	1	1	_
752	0	of	0	0	_
752	0	colliding	0	0	Hostile_encounter
752	0	traffic	0	0	_
752	0	,	0	0	_
752	0	they	0	0	_
752	0	sprang	1	1	Self_motion
752	0	into	1	0	_
752	0	action	0	0	Intentionally_act
752	0	.	0	0	_

752	1	#	0	0	_
752	1	They	0	0	_
752	1	are	0	0	_
752	1	still	0	0	Continued_state_of_affairs
752	1	there	1	0	Locative_relation
752	1	for	0	0	_
752	1	him	0	0	_
752	1	,	0	0	_
752	1	as	0	0	_
752	1	the	0	0	_
752	1	slight	0	0	_
752	1	,	0	0	_
752	1	sandy-haired	0	0	_
752	1	man	0	0	People

753	0	#	0	0	_
753	0	With	1	0	_
753	0	14	0	0	Cardinal_numbers
753	0	minutes	0	0	Measure_duration
753	0	left	1	0	_
753	0	in	1	0	_
753	0	the	0	0	_
753	0	UNC	0	0	_
753	0	game	0	0	_
753	0	,	0	0	_
753	0	Mike	0	0	_
753	0	Jr.	0	0	_
753	0	sprang	1	1	Self_motion
753	0	into	1	0	_
753	0	action	0	0	Intentionally_act
753	0	on	0	0	Spatial_contact
753	0	the	0	0	_
753	0	wing	0	0	Part_orientational
753	0	.	0	0	_

753	1	He	0	0	_
753	1	stole	0	0	Theft
753	1	the	0	0	_
753	1	ball	0	0	_
753	1	and	0	0	_
753	1	dribbled	0	0	Self_motion
753	1	downcourt	0	0	Locative_relation
753	1	.	0	0	_

753	2	He	0	0	_
753	2	passed	0	0	Death
753	2	to	0	0	_

754	0	or	0	0	_
754	0	easily	0	0	_
754	0	.	0	0	_

754	1	#	0	0	_
754	1	In	1	0	Temporal_collocation
754	1	the	0	0	_
754	1	weeks	0	0	Calendric_unit
754	1	immediately	0	0	_
754	1	following	1	0	Relative_time
754	1	the	0	0	_
754	1	fire	0	0	Fire_burning
754	1	,	0	0	_
754	1	she	0	0	_
754	1	sprang	1	1	Self_motion
754	1	into	1	0	_
754	1	action	0	0	Intentionally_act
754	1	,	0	0	_
754	1	adding	1	0	_
754	1	another	0	0	Increment
754	1	bull	0	0	_
754	1	,	0	0	_
754	1	branding	0	0	Name_conferral
754	1	the	0	0	_
754	1	new	0	0	Age
754	1	calves	0	0	People_by_age
754	1	with	0	0	_
754	1	the	0	0	_
754	1	ranch	0	0	Locale_by_use
754	1	's	0	0	_
754	1	time-honored	0	0	_
754	1	quarter-circle	0	0	_

755	0	first	0	0	Ordinal_numbers
755	0	.	0	0	_

755	1	I	0	0	_
755	1	was	0	0	_
755	1	so	0	0	Degree
755	1	alarmed	0	0	Emotion_directed
755	1	that	0	0	_
755	1	I	0	0	_
755	1	realized	0	0	Coming_to_believe
755	1	that	0	0	_
755	1	we	0	0	_
755	1	had	0	0	Required_event
755	1	to	0	0	Required_event
755	1	spring	1	1	Self_motion
755	1	into	1	0	_
755	1	action	0	0	Intentionally_act
755	1	to	0	0	_
755	1	make	1	0	Verification
755	1	sure	0	0	Verification
755	1	that	0	0	_
755	1	we	0	0	_
755	1	did	0	0	Intentionally_act
755	1	everything	0	0	_
755	1	we	0	0	_
755	1	could	0	0	Possibility
755	1	to	0	0	_
755	1	prevent	0	0	Preventing_or_letting
755	1	this	1	0	_
755	1	from	1	0	_
755	1	happening	0	0	Event
755	1	.	0	0	_

756	0	Although	0	0	Concessive
756	0	I	0	0	_
756	0	could	0	0	Capability
756	0	not	0	0	_
756	0	move	0	0	Motion
756	0	quickly	0	0	Speed_description
756	0	without	1	0	_
756	0	risking	0	0	Daring
756	0	permanent	0	0	_
756	0	paralysis	0	0	_
756	0	,	0	0	_
756	0	Vickie	0	0	_
756	0	immediately	0	0	_
756	0	sprang	1	1	Self_motion
756	0	into	1	0	_
756	0	action	0	0	Intentionally_act
756	0	.	0	0	_

756	1	Transcending	1	1	_
756	1	her	0	0	_
756	1	spheroid	0	0	_
756	1	body	0	0	Body_parts
756	1	,	0	0	_
756	1	she	0	0	_
756	1	charged	1	1	Self_motion
756	1	into	0	0	Goal
756	1	the	0	0	_
756	1	burning	0	0	Fire_burning
756	1	stables	0	0	Locale_by_use
756	1	and	0	0	_
756	1	set	0	0	Placing
756	1	the	0	0	_

757	0	coming	1	0	Arriving
757	0	from	0	0	_
757	0	the	0	0	_
757	0	direction	0	0	_
757	0	of	0	0	_
757	0	Draco	0	0	_
757	0	's	0	0	_
757	0	head	0	0	Body_parts
757	0	.	0	0	_

757	1	Observatories	0	0	_
757	1	around	0	0	Locative_relation
757	1	the	0	0	_
757	1	world	0	0	Political_locales
757	1	sprang	1	1	_
757	1	into	1	0	_
757	1	action	0	0	Intentionally_act
757	1	to	0	0	_
757	1	search	0	0	Scrutiny
757	1	for	0	0	_
757	1	any	0	0	Quantified_mass
757	1	optical	0	0	_
757	1	afterglow	0	0	_
757	1	left	1	0	_
757	1	by	0	0	_
757	1	the	0	0	_
757	1	burst	0	0	_
757	1	,	0	0	_
757	1	which	0	0	_
757	1	was	0	0	_
757	1	designated	0	0	Referring_by_name
757	1	GRB	0	0	_

758	0	the	0	0	_
758	0	court	0	0	Judicial_body
758	0	's	0	0	_
758	0	approval	0	0	Deny_or_grant_permission
758	0	.	0	0	_

758	1	But	0	0	Concessive
758	1	by	1	0	_
758	1	then	0	0	_
758	1	,	0	0	_
758	1	the	0	0	_
758	1	right-to-life	0	0	_
758	1	movement	1	1	_
758	1	had	0	0	_
758	1	sprung	1	1	Coming_to_be
758	1	into	1	0	_
758	1	action	1	0	Intentionally_act
758	1	.	0	0	_

758	2	Mike	0	0	_
758	2	Johnson	0	0	_
758	2	,	0	0	_
758	2	the	0	0	_
758	2	Baton	0	0	_
758	2	Rouge	0	0	_
758	2	lawyer	0	0	People_by_vocation
758	2	,	0	0	_
758	2	approached	0	0	Arriving
758	2	state	0	0	Political_locales
758	2	Rep.	0	0	_
758	2	Tony	0	0	_
758	2	Perkins	0	0	_
758	2	,	0	0	_

759	0	.	0	0	_

759	1	#	0	0	_
759	1	But	0	0	Concessive
759	1	the	0	0	_
759	1	seriousness	0	0	Importance
759	1	of	0	0	_
759	1	her	0	0	_
759	1	sister	0	0	Kinship
759	1	's	0	0	_
759	1	condition	0	0	Medical_conditions
759	1	prompted	0	0	Cause_to_start
759	1	Battaglino	0	0	_
759	1	to	0	0	_
759	1	spring	1	0	Self_motion
759	1	into	1	0	_
759	1	action	0	0	Intentionally_act
759	1	,	0	0	_
759	1	researching	0	0	Research
759	1	the	0	0	_
759	1	illness	0	0	Medical_conditions
759	1	and	0	0	_
759	1	coming	0	0	Cause_to_make_progress
759	1	up	0	0	Intentionally_create
759	1	with	0	0	_
759	1	lists	0	0	Text
759	1	of	0	0	_
759	1	pertinent	0	0	Importance
759	1	questions	0	0	Questioning
759	1	,	0	0	_
759	1	top	1	0	Occupy_rank
759	1	cancer	0	0	Medical_conditions

760	0	!	0	0	_
760	0	``	0	0	_

760	1	#	0	0	_
760	1	``	0	0	_
760	1	Right	0	0	Correctness
760	1	,	0	0	_
760	1	Boss	0	0	_
760	1	,	0	0	_
760	1	``	0	0	_
760	1	Sammy	0	0	_
760	1	said	0	0	Statement
760	1	as	0	0	_
760	1	he	0	0	_
760	1	sprang	1	1	Self_motion
760	1	into	1	0	_
760	1	action	0	0	Intentionally_act
760	1	.	0	0	_

760	2	Within	1	0	_
760	2	minutes	0	0	Measure_duration
760	2	,	0	0	_
760	2	the	0	0	_
760	2	whining	0	0	Make_noise
760	2	engines	0	0	Artifact
760	2	once	0	0	_
760	2	again	0	0	_
760	2	pulled	1	0	Cause_motion
760	2	the	0	0	_
760	2	C-5	0	0	_
760	2	skyward	0	0	_
760	2	into	0	0	_
760	2	the	0	0	_

761	0	go	0	0	Motion
761	0	out	0	0	_
761	0	!	0	0	_

761	1	This	0	0	_
761	1	is	0	0	_
761	1	disaster	0	0	Catastrophe
761	1	!	0	0	_

761	2	#	0	0	_
761	2	CHUCK	0	0	_
761	2	#	0	0	_
761	2	Shit	0	0	_
761	2	!	0	0	_

761	3	He	0	0	_
761	3	springs	1	1	Self_motion
761	3	into	1	0	_
761	3	action	0	0	Intentionally_act
761	3	.	0	0	_

761	4	Chuck	0	0	_
761	4	grabs	0	0	_
761	4	an	0	0	_
761	4	empty	0	0	Fullness
761	4	FedEx	0	0	_
761	4	box	0	0	Containers
761	4	.	0	0	_

761	5	With	0	0	_
761	5	his	0	0	_
761	5	wooden	0	0	_
761	5	shovel	0	0	_
761	5	he	0	0	_
761	5	frantically	0	0	_
761	5	SCOOPS	0	0	_

762	0	run	0	0	Self_motion
762	0	again	0	0	_
762	0	.	0	0	_

762	1	#	0	0	_
762	1	U.S	0	0	_
762	1	.	0	0	_

762	2	Term	0	0	_
762	2	Limits	0	0	_
762	2	,	0	0	_
762	2	a	0	0	_
762	2	national	0	0	Political_locales
762	2	advocacy	0	0	_
762	2	group	0	0	Aggregate
762	2	,	0	0	_
762	2	sprung	1	0	Self_motion
762	2	into	1	0	_
762	2	action	0	0	Intentionally_act
762	2	,	0	0	_
762	2	taking	1	0	Removing
762	2	out	0	0	_
762	2	a	0	0	_
762	2	billboard	0	0	_
762	2	in	0	0	Interior_profile_relation
762	2	Spokane	0	0	_
762	2	pre-emptively	0	0	_
762	2	``	0	0	_
762	2	thanking	0	0	Judgment_direct_address
762	2	``	0	0	_
762	2	Nethercutt	0	0	_
762	2	for	0	0	_
762	2	sticking	1	1	_
762	2	to	1	0	_

763	0	for	0	0	_
763	0	the	0	0	_
763	0	public	0	0	_
763	0	or	0	0	_
763	0	press	0	0	_
763	0	.	0	0	_

763	1	The	0	0	_
763	1	GOP	0	0	_
763	1	's	0	0	_
763	1	well-organized	0	0	_
763	1	``	0	0	_
763	1	observers	0	0	Perception_active
763	1	``	0	0	_
763	1	sprang	1	0	Motion
763	1	into	1	0	_
763	1	action	0	0	Intentionally_act
763	1	.	0	0	_

763	2	A	0	0	_
763	2	congressional	0	0	_
763	2	aide	0	0	People_by_vocation
763	2	,	0	0	_
763	2	Martin	0	0	_
763	2	Torrey	0	0	_
763	2	,	0	0	_
763	2	alerted	0	0	Telling
763	2	his	0	0	_
763	2	boss	0	0	Leadership
763	2	,	0	0	_
763	2	New	0	0	_
763	2	York	0	0	_
763	2	Rep	0	0	_
763	2	.	0	0	_

764	0	and	0	0	_
764	0	balding	0	0	_
764	0	,	0	0	_
764	0	a	0	0	_
764	0	cell	0	0	_
764	0	phone	0	0	_
764	0	dangling	0	0	Fluidic_motion
764	0	from	0	0	_
764	0	his	0	0	_
764	0	belt	0	0	_
764	0	,	0	0	_
764	0	waiting	1	0	Waiting
764	0	to	0	0	_
764	0	spring	1	1	Self_motion
764	0	into	1	0	_
764	0	action	0	0	Intentionally_act
764	0	as	0	0	_
764	0	a	0	0	_
764	0	live-action	0	0	_
764	0	prop	1	1	_
764	0	.	0	0	_

764	1	#	0	0	_
764	1	``	0	0	_
764	1	I	0	0	_
764	1	've	0	0	_
764	1	sat	0	0	Posture
764	1	through	0	0	_
764	1	it	0	0	_
764	1	jillions	0	0	Quantified_mass
764	1	of	0	0	_
764	1	times	0	0	Event_instance

765	0	of	0	0	_
765	0	the	0	0	_
765	0	sigidi	0	0	_
765	0	figures	0	0	_
765	0	was	0	0	_
765	0	a	0	0	_
765	0	potent	0	0	_
765	0	visual	0	0	_
765	0	reminder	0	0	Evoking
765	0	that	0	0	_
765	0	the	0	0	_
765	0	ilari	0	0	_
765	0	could	0	0	Capability
765	0	spring	1	1	Self_motion
765	0	into	1	0	_
765	0	action	0	0	Intentionally_act
765	0	and	0	0	_
765	0	protect	0	0	Protecting
765	0	the	0	0	_
765	0	king	0	0	Leadership
765	0	at	1	0	Temporal_collocation
765	0	any	0	0	_
765	0	time	0	0	_
765	0	.	0	0	_

765	1	The	0	0	_
765	1	openly	0	0	_
765	1	exhibited	0	0	_
765	1	sigidi	0	0	_
765	1	were	0	0	_
765	1	perceived	0	0	Categorization
765	1	as	0	0	_

766	0	:	0	0	_
766	0	(	0	0	_
766	0	Voiceover	0	0	_
766	0	)	0	0	_
766	0	Incredibly	0	0	_
766	0	,	0	0	_
766	0	Rob	0	0	_
766	0	says	0	0	Statement
766	0	he	0	0	_
766	0	found	1	0	Locating
766	0	no	0	0	Quantified_mass
766	0	tough	1	1	Difficulty
766	0	investigators	0	0	Scrutiny
766	0	ready	1	0	Activity_ready_state
766	0	to	0	0	_
766	0	spring	1	1	Self_motion
766	0	into	1	0	_
766	0	action	0	0	Intentionally_act
766	0	.	0	0	_

766	1	It	0	0	_
766	1	was	0	0	_
766	1	all	0	0	_
766	1	just	0	0	_
766	1	mushy	1	1	_
766	1	confusion	0	0	_
766	1	.	0	0	_

766	2	Rob	0	0	_
766	2	could	0	0	Capability
766	2	n't	0	0	_
766	2	get	1	0	Getting
766	2	anyone	0	0	_
766	2	to	0	0	_
766	2	listen	0	0	Perception_active

767	0	waited	0	0	Waiting
767	0	until	0	0	_
767	0	an	0	0	_
767	0	overnight	0	0	Calendric_unit
767	0	business	0	0	Businesses
767	0	trip	0	0	Travel
767	0	came	1	0	Arriving
767	0	along	1	0	_
767	0	(	0	0	_
767	0	his	0	0	_
767	0	)	0	0	_
767	0	,	0	0	_
767	0	then	0	0	Temporal_collocation
767	0	sprang	1	1	Self_motion
767	0	into	1	0	_
767	0	action.	0	0	Intentionally_act
767	0	``	0	0	_

767	1	Let	0	0	_
767	1	's	0	0	_
767	1	try	0	0	Attempt_means
767	1	this	0	0	_
767	1	,	0	0	_
767	1	``	0	0	_
767	1	I	0	0	_
767	1	coaxed	1	1	Cause_motion
767	1	into	1	0	_
767	1	the	0	0	_
767	1	phone	0	0	_
767	1	,	0	0	_
767	1	praying	0	0	Rite

768	0	its	0	0	_
768	0	pre-programmed	0	0	_
768	0	orders	1	1	Request
768	0	,	0	0	_
768	0	the	0	0	_
768	0	software	0	0	_
768	0	e-mailed	0	0	Text_creation
768	0	the	0	0	_
768	0	news	0	0	_
768	0	to	0	0	Goal
768	0	Cline	0	0	_
768	0	,	0	0	_
768	0	who	0	0	_
768	0	sprang	1	1	Self_motion
768	0	into	1	0	_
768	0	action	0	0	Intentionally_act
768	0	.	0	0	_

768	1	He	0	0	_
768	1	e-mailed	0	0	Text_creation
768	1	and	0	0	_
768	1	telephoned	0	0	Contacting
768	1	astronomers	0	0	People_by_vocation
768	1	who	0	0	_
768	1	operate	0	0	Operating_a_system
768	1	other	0	0	Increment
768	1	x-ray	0	0	_
768	1	satellites	0	0	_
768	1	,	0	0	_
768	1	who	0	0	_
768	1	in	1	0	_
768	1	turn	1	0	_

769	0	about	1	0	Topic
769	0	the	0	0	_
769	0	emotional	0	0	_
769	0	damage	1	0	Damaging
769	0	inflicted	0	0	_
769	0	on	1	0	_
769	0	pageant	0	0	_
769	0	kids	0	0	Kinship
769	0	,	0	0	_
769	0	Faye	0	0	_
769	0	and	0	0	_
769	0	other	0	0	Increment
769	0	mothers	0	0	Kinship
769	0	sprang	1	1	Self_motion
769	0	into	1	0	_
769	0	action.	0	0	Intentionally_act
769	0	``	0	0	_

769	1	We	0	0	_
769	1	called	0	0	Referring_by_name
769	1	psychological	0	0	_
769	1	institutes	0	0	Locale_by_use
769	1	around	0	0	Locative_relation
769	1	the	0	0	_
769	1	country	0	0	Political_locales
769	1	,	0	0	_
769	1	``	0	0	_
769	1	she	0	0	_
769	1	says	0	0	Statement
769	1	,	0	0	_
769	1	``	0	0	_

770	0	at	1	0	Temporal_collocation
770	0	5:30	0	0	_
770	0	Sunday	0	0	Calendric_unit
770	0	afternoon	0	0	Calendric_unit
770	0	.	0	0	_

770	1	The	0	0	_
770	1	assignments	0	0	_
770	1	were	0	0	_
770	1	due	0	0	_
770	1	the	0	0	_
770	1	following	1	0	Relative_time
770	1	day	0	0	Calendric_unit
770	1	.	0	0	_

770	2	Springing	1	1	Self_motion
770	2	into	1	0	_
770	2	action	0	0	Intentionally_act
770	2	,	0	0	_
770	2	my	0	0	_
770	2	husband	0	0	Personal_relationship
770	2	proclaimed	0	0	Statement
770	2	we	0	0	_
770	2	'd	0	0	_
770	2	make	0	0	Intentionally_create
770	2	a	0	0	_
770	2	papier-mche	0	0	_
770	2	star	1	1	_
770	2	!	0	0	_
770	2	``	0	0	_

770	3	Huh	0	0	_
770	3	?	0	0	_
770	3	``	0	0	_

771	0	him	0	0	_
771	0	what	0	0	_
771	0	I	0	0	_
771	0	knew	0	0	Awareness
771	0	about	1	0	Topic
771	0	the	0	0	_
771	0	theft	0	0	Theft
771	0	.	0	0	_

771	1	With	1	0	_
771	1	that	1	0	_
771	1	,	0	0	_
771	1	the	0	0	_
771	1	authorities	0	0	Leadership
771	1	sprang	1	1	Self_motion
771	1	into	1	0	_
771	1	action	0	0	Intentionally_act
771	1	.	0	0	_

771	2	The	0	0	_
771	2	next	1	0	Relative_time
771	2	thing	1	0	_
771	2	I	0	0	_
771	2	learned	0	0	Coming_to_believe
771	2	was	0	0	_
771	2	that	0	0	_
771	2	a	0	0	_
771	2	lawyer	0	0	People_by_vocation
771	2	had	0	0	_
771	2	walked	0	0	Self_motion
771	2	into	0	0	_
771	2	the	0	0	_
771	2	Polish	0	0	_

772	0	There	0	0	Existence
772	0	was	0	0	Existence
772	0	another	0	0	Increment
772	0	vacuumcleaner	0	0	_
772	0	invention	0	0	Artifact
772	0	inside	0	0	Interior_profile_relation
772	0	.	0	0	_

772	1	He	0	0	_
772	1	pushed	0	0	Manipulation
772	1	the	0	0	_
772	1	buttons	0	0	_
772	1	.	0	0	_

772	2	It	0	0	_
772	2	sprang	1	1	Self_motion
772	2	into	1	0	_
772	2	action	1	0	Intentionally_act
772	2	like	0	0	Similarity
772	2	before	1	0	Time_vector
772	2	,	0	0	_
772	2	but	0	0	Concessive
772	2	this	1	0	_
772	2	time	0	0	Event_instance
772	2	it	0	0	_
772	2	did	0	0	_
772	2	n't	0	0	_
772	2	break	1	0	_
772	2	.	0	0	_

772	3	It	0	0	_
772	3	vacuumed	0	0	_
772	3	up	0	0	_
772	3	the	0	0	_

773	0	held	1	0	_
773	0	March	0	0	Calendric_unit
773	0	17	0	0	_
773	0	,	0	0	_
773	0	pro-abortion-rights	0	0	Taking_sides
773	0	GOP	0	0	_
773	0	activists	0	0	_
773	0	predict	0	0	Expectation
773	0	the	0	0	_
773	0	Republican	0	0	_
773	0	old	0	0	Age
773	0	guard	1	1	_
773	0	will	0	0	_
773	0	spring	1	0	Self_motion
773	0	into	1	0	_
773	0	action	0	0	Intentionally_act
773	0	to	0	0	_
773	0	try	0	0	Attempt
773	0	to	0	0	_
773	0	prevent	0	0	Preventing_or_letting
773	0	the	0	0	_
773	0	pattern	1	1	Pattern
773	0	from	1	0	_
773	0	repeating	0	0	Process_continue
773	0	throughout	1	0	_
773	0	the	0	0	_
773	0	primaries.	0	0	_
773	0	``	0	0	_

773	1	He	0	0	_
773	1	's	0	0	_

774	0	.	0	0	_

774	1	#	0	0	_
774	1	When	0	0	Temporal_collocation
774	1	her	0	0	_
774	1	aunt	0	0	Kinship
774	1	took	1	0	_
774	1	breaks	1	0	_
774	1	from	1	0	_
774	1	her	0	0	_
774	1	work	0	0	Being_employed
774	1	,	0	0	_
774	1	Medina	0	0	_
774	1	would	0	0	_
774	1	spring	1	0	Self_motion
774	1	into	1	0	_
774	1	action	0	0	Intentionally_act
774	1	.	0	0	_

774	2	She	0	0	_
774	2	'd	0	0	_
774	2	undo	0	0	Cause_to_end
774	2	what	0	0	_
774	2	her	0	0	_
774	2	aunt	0	0	Kinship
774	2	had	0	0	_
774	2	done	0	0	Intentionally_act
774	2	and	0	0	_
774	2	then	0	0	_
774	2	weave	0	0	Building
774	2	it	0	0	_
774	2	again	0	0	_
774	2	.	0	0	_

775	0	the	0	0	_
775	0	depth	1	1	_
775	0	of	0	0	_
775	0	interest	0	0	Emotion_directed
775	0	among	1	0	_
775	0	the	0	0	_
775	0	local	0	0	Political_locales
775	0	populace	0	0	_
775	0	,	0	0	_
775	0	Lim	0	0	_
775	0	and	0	0	_
775	0	his	0	0	_
775	0	friends	0	0	Personal_relationship
775	0	sprang	1	1	Motion
775	0	into	1	0	_
775	0	action	0	0	Intentionally_act
775	0	.	0	0	_

775	1	They	0	0	_
775	1	took	1	0	_
775	1	hundreds	0	0	Quantified_mass
775	1	of	0	0	_
775	1	photographs	0	0	Physical_artworks
775	1	of	0	0	_
775	1	the	0	0	_
775	1	comet	0	0	_
775	1	every	0	0	Frequency
775	1	clear	1	0	_
775	1	night	0	0	Calendric_unit
775	1	and	0	0	_
775	1	compiled	0	0	Creating
775	1	an	0	0	_

776	0	.	0	0	_

776	1	But	0	0	Concessive
776	1	it	0	0	_
776	1	would	0	0	_
776	1	create	0	0	Intentionally_create
776	1	a	0	0	_
776	1	blueprint	1	1	_
776	1	for	0	0	_
776	1	such	0	0	_
776	1	tribunals	0	0	_
776	1	so	0	0	_
776	1	they	0	0	_
776	1	could	0	0	Capability
776	1	spring	1	0	Self_motion
776	1	into	1	0	_
776	1	action	0	0	Intentionally_act
776	1	when	0	0	Temporal_collocation
776	1	the	0	0	_
776	1	need	0	0	Needing
776	1	arose	1	1	Coming_to_be
776	1	,	0	0	_
776	1	thereby	0	0	_
776	1	better	0	0	Desirability
776	1	ensuring	0	0	_
776	1	that	0	0	_
776	1	justice	0	0	_
776	1	would	0	0	_
776	1	prevail	0	0	Finish_competition
776	1	.	0	0	_

776	2	#	0	0	_
776	2	For	0	0	_

777	0	hard	1	0	Difficulty
777	0	for	0	0	_
777	0	just	0	0	_
777	0	such	0	0	_
777	0	an	0	0	_
777	0	eventuality	0	0	_
777	0	,	0	0	_
777	0	as	0	0	_
777	0	you	0	0	_
777	0	were	0	0	_
777	0	saying	0	0	Statement
777	0	.	0	0	_

777	1	They	0	0	_
777	1	sprung	1	1	Self_motion
777	1	into	1	0	_
777	1	action	0	0	Intentionally_act
777	1	quite	0	0	_
777	1	quickly	0	0	Speed_description
777	1	.	0	0	_

777	2	This	1	0	_
777	2	is	0	0	_
777	2	something	0	0	_
777	2	I	0	0	_
777	2	'm	0	0	_
777	2	sure	0	0	Certainty
777	2	that	0	0	_
777	2	they	0	0	_
777	2	would	0	0	_
777	2	have	0	0	_
777	2	rather	0	0	_
777	2	just	0	0	_

778	0	files	0	0	Text
778	0	on	1	0	_
778	0	all	0	0	Quantified_mass
778	0	the	0	0	_
778	0	opponents	0	0	Taking_sides
778	0	.	0	0	_

778	1	Two	0	0	Cardinal_numbers
778	1	congressional	0	0	_
778	1	committee	0	0	_
778	1	chairmen	0	0	Leadership
778	1	are	0	0	_
778	1	already	0	0	Time_vector
778	1	to	0	0	_
778	1	spring	1	1	Self_motion
778	1	into	1	0	_
778	1	action	0	0	Intentionally_act
778	1	on	1	0	_
778	1	that	1	0	_
778	1	.	0	0	_

778	2	Scott	0	0	_
778	2	,	0	0	_
778	2	if	0	0	_
778	2	you	0	0	_
778	2	want	0	0	Desiring
778	2	to	0	0	_
778	2	believe	0	0	Certainty
778	2	the	0	0	_
778	2	word	0	0	Simple_name
778	2	of	0	0	_
778	2	a	0	0	_
778	2	sleaze	1	1	_

779	0	.	0	0	_

779	1	Moments	0	0	Measure_duration
779	1	later	0	0	Time_vector
779	1	,	0	0	_
779	1	the	0	0	_
779	1	tape	0	0	_
779	1	recorder	0	0	_
779	1	on	0	0	Spatial_contact
779	1	the	0	0	_
779	1	table	0	0	_
779	1	next	0	0	Adjacency
779	1	to	0	0	Adjacency
779	1	him	0	0	_
779	1	sprang	1	0	Self_motion
779	1	into	1	0	_
779	1	action	1	0	Intentionally_act
779	1	.	0	0	_

779	2	*	0	0	_
779	2	*	0	0	_
779	2	*	0	0	_
779	2	p56	0	0	_
779	2	``	0	0	_
779	2	You	0	0	_
779	2	've	0	0	_
779	2	reached	0	0	Arriving
779	2	the	0	0	_
779	2	home	0	0	Buildings
779	2	and	0	0	_
779	2	office	0	0	Building_subparts
779	2	of	0	0	_
779	2	Dr	0	0	_
779	2	.	0	0	_

780	0	.	0	0	_

780	1	But	0	0	Concessive
780	1	Carol	0	0	_
780	1	and	0	0	_
780	1	Hurt	0	0	_
780	1	Porter	0	0	_
780	1	heeded	0	0	Compliance
780	1	the	0	0	_
780	1	call	1	0	Contacting
780	1	in	0	0	Interior_profile_relation
780	1	north	0	0	Part_orientational
780	1	Houston	0	0	_
780	1	and	0	0	_
780	1	sprang	1	1	Self_motion
780	1	into	1	0	_
780	1	action	0	0	Intentionally_act
780	1	.	0	0	_

780	2	Now	0	0	Temporal_collocation
780	2	,	0	0	_
780	2	when	0	0	Temporal_collocation
780	2	their	0	0	_
780	2	vans	0	0	Vehicle
780	2	wade	1	1	Self_motion
780	2	into	0	0	_
780	2	one	0	0	Cardinal_numbers
780	2	of	0	0	Partitive
780	2	that	1	0	_
780	2	area	0	0	Locale
780	2	's	0	0	_
780	2	poorest	1	1	Wealthiness
780	2	neighborhoods	0	0	_

781	0	Mounted	0	0	_
781	0	Police	0	0	_
781	0	issued	0	0	Creating
781	0	an	0	0	_
781	0	alert	0	0	_
781	0	.	0	0	_

781	1	Meanwhile	0	0	_
781	1	,	0	0	_
781	1	the	0	0	_
781	1	fugitives	0	0	_
781	1	'	0	0	_
781	1	bail	0	0	_
781	1	bondsman	0	0	_
781	1	sprang	1	1	Self_motion
781	1	into	1	0	_
781	1	action.	0	0	Intentionally_act
781	1	``	0	0	_

781	2	Nobody	0	0	_
781	2	had	1	0	Have_associated
781	2	as	0	0	_
781	2	much	0	0	_
781	2	motivation	0	0	Reason
781	2	to	0	0	_
781	2	find	0	0	Locating
781	2	them	0	0	_
781	2	as	0	0	_
781	2	me	0	0	_
781	2	,	0	0	_
781	2	``	0	0	_
781	2	says	0	0	Statement

782	0	management	0	0	_
782	0	plan	0	0	Project
782	0	,	0	0	_
782	0	no	0	0	_
782	0	environmental	0	0	_
782	0	impact	0	0	Objective_influence
782	0	statement.	0	0	Statement
782	0	``	0	0	_

782	1	#	0	0	_
782	1	But	0	0	Concessive
782	1	sanctuary	0	0	_
782	1	organizers	0	0	_
782	1	sprang	1	1	_
782	1	into	1	0	_
782	1	action	0	0	Intentionally_act
782	1	.	0	0	_

782	2	By	0	0	_
782	2	the	0	0	_
782	2	winter	0	0	Calendric_unit
782	2	of	0	0	_
782	2	1995	0	0	_
782	2	,	0	0	_
782	2	a	0	0	_
782	2	draft	0	0	_
782	2	environmental	0	0	_
782	2	impact	0	0	Objective_influence
782	2	statement	0	0	Text
782	2	(	0	0	_
782	2	ELS	0	0	_
782	2	)	0	0	_

783	0	LONG	0	0	_
783	0	,	0	0	_
783	0	National	0	0	Political_locales
783	0	Right	0	0	_
783	0	to	0	0	_
783	0	Life	0	0	_
783	0	PAC	0	0	_
783	0	:	0	0	_
783	0	When	0	0	Temporal_collocation
783	0	'	0	0	_
783	0	pro-life	0	0	_
783	0	'	0	0	_
783	0	citizens	0	0	People_by_jurisdiction
783	0	spring	1	0	Self_motion
783	0	into	1	0	_
783	0	action	0	0	Intentionally_act
783	0	-	0	0	_
783	0	and	0	0	_
783	0	they	0	0	_
783	0	will	0	0	_
783	0	-	0	0	_
783	0	the	0	0	_
783	0	bubble	1	1	_
783	0	that	0	0	_
783	0	the	0	0	_
783	0	media	0	0	_
783	0	has	0	0	_
783	0	blown	1	1	_
783	0	around	1	0	_
783	0	Colin	0	0	_
783	0	Powell	0	0	_

784	0	s.	0	0	_
784	0	A	0	0	_
784	0	patrol	0	0	_
784	0	's	0	0	_
784	0	nearing	0	0	Arriving
784	0	wail	0	0	Make_noise
784	0	was	0	0	_
784	0	the	0	0	_
784	0	signal	1	0	Communication
784	0	for	0	0	_
784	0	Slater	0	0	_
784	0	to	0	0	_
784	0	spring	1	0	Self_motion
784	0	into	1	0	_
784	0	action	0	0	Intentionally_act
784	0	.	0	0	_

784	1	That	1	0	_
784	1	vehicle	0	0	Vehicle
784	1	could	0	0	Possibility
784	1	only	0	0	_
784	1	be	0	0	_
784	1	Brad	0	0	_
784	1	Johnson	0	0	_
784	1	responding	0	0	Response
784	1	.	0	0	_

784	2	Slater	0	0	_
784	2	jumped	0	0	Self_motion
784	2	out	0	0	_
784	2	,	0	0	_
784	2	his	0	0	_

785	0	from	0	0	_
785	0	behind	0	0	_
785	0	them	0	0	_
785	0	-	0	0	_
785	0	carrying	0	0	Bringing
785	0	a	0	0	_
785	0	MACHINE	0	0	_
785	0	GUN	0	0	Weapon
785	0	-	0	0	_
785	0	Jim	0	0	_
785	0	looks	0	0	Give_impression
785	0	ready	0	0	Activity_ready_state
785	0	to	0	0	_
785	0	spring	1	1	Self_motion
785	0	into	1	0	_
785	0	action	0	0	Intentionally_act
785	0	-	0	0	_
785	0	waiting	0	0	Waiting
785	0	for	0	0	_
785	0	the	0	0	_
785	0	right	0	0	Correctness
785	0	moment	0	0	_
785	0	-	0	0	_
785	0	#	0	0	_
785	0	CRAIG	0	0	_
785	0	#	0	0	_
785	0	You	0	0	_
785	0	want	0	0	Desiring
785	0	to	0	0	_
785	0	make	1	0	Cause_change
785	0	your	0	0	_

786	0	``	0	0	_
786	0	feminist	0	0	_
786	0	``	0	0	_
786	0	heroine	0	0	_
786	0	should	0	0	Desirable_event
786	0	have	0	0	_
786	0	been	0	0	_
786	0	a	0	0	_
786	0	clue	1	1	Sign
786	0	:	0	0	_
786	0	she	0	0	_
786	0	says	0	0	Statement
786	0	she	0	0	_
786	0	sprang	1	0	Self_motion
786	0	into	1	0	_
786	0	action	0	0	Intentionally_act
786	0	after	0	0	Relative_time
786	0	she	0	0	_
786	0	became	0	0	Becoming
786	0	outraged	0	0	Emotion_directed
786	0	...	0	0	_
786	0	by	0	0	_
786	0	a	0	0	_
786	0	feminist	0	0	_
786	0	colleague	0	0	Personal_relationship
786	0	's	0	0	_
786	0	joke	0	0	_
786	0	about	1	0	Topic
786	0	Dan	0	0	_

787	0	rockface	0	0	_
787	0	.	0	0	_

787	1	Picard	0	0	_
787	1	watches	0	0	Perception_active
787	1	him	0	0	_
787	1	intently	0	0	_
787	1	for	0	0	_
787	1	a	0	0	_
787	1	few	0	0	Quantified_mass
787	1	moments	0	0	Measure_duration
787	1	,	0	0	_
787	1	then	0	0	_
787	1	quickly	0	0	Speed_description
787	1	springs	1	1	Self_motion
787	1	into	1	0	_
787	1	action	0	0	Intentionally_act
787	1	.	0	0	_

787	2	122	0	0	_
787	2	INT	0	0	_
787	2	.	0	0	_

787	3	JEFFERIES	0	0	_
787	3	TUBE	0	0	_
787	3	122	0	0	_
787	3	People	0	0	People
787	3	scramble	0	0	Self_motion
787	3	through	0	0	_
787	3	the	0	0	_
787	3	tube	0	0	_
787	3	and	0	0	_
787	3	out	0	0	_
787	3	into	0	0	_

788	0	post	0	0	_
788	0	was	0	0	_
788	0	n't	0	0	_
788	0	sincere	0	0	_
788	0	and	0	0	_
788	0	every	0	0	_
788	0	reason	0	0	Reason
788	0	to	0	0	_
788	0	believe	0	0	Certainty
788	0	that	0	0	_
788	0	it	0	0	_
788	0	was	0	0	_
788	0	--	0	0	_
788	0	sprang	1	1	_
788	0	into	1	0	_
788	0	action	0	0	Intentionally_act
788	0	.	0	0	_

788	1	#	0	0	_
788	1	So	0	0	_
788	1	it	0	0	_
788	1	was	0	0	_
788	1	that	0	0	_
788	1	on	1	0	Temporal_collocation
788	1	Monday	0	0	Calendric_unit
788	1	,	0	0	_
788	1	March	0	0	Calendric_unit
788	1	14	0	0	_
788	1	,	0	0	_
788	1	a	0	0	_
788	1	spitting-mad	0	0	_
788	1	,	0	0	_

789	0	horrible	0	0	Desirability
789	0	,	0	0	_
789	0	vertical	0	0	_
789	0	crash	0	0	_
789	0	.	0	0	_

789	1	#	0	0	_
789	1	Within	1	0	Temporal_collocation
789	1	seconds	0	0	Measure_duration
789	1	,	0	0	_
789	1	a	0	0	_
789	1	corporate	0	0	_
789	1	crisis	1	1	Catastrophe
789	1	plan	1	0	Project
789	1	sprang	1	0	_
789	1	into	1	0	_
789	1	action	0	0	Intentionally_act
789	1	that	0	0	_
789	1	was	0	0	_
789	1	so	0	0	Degree
789	1	well-scripted	0	0	_
789	1	and	0	0	_
789	1	so	0	0	Degree
789	1	well-rehearsed	0	0	_
789	1	it	0	0	_
789	1	had	0	0	_
789	1	become	0	0	Becoming
789	1	virtually	0	0	_
789	1	automatic	0	0	_
789	1	.	0	0	_

789	2	#	0	0	_
789	2	Within	0	0	_

790	0	``	0	0	_
790	0	``	0	0	_
790	0	Oh	0	0	_
790	0	,	0	0	_
790	0	no	0	0	_
790	0	,	0	0	_
790	0	you	0	0	_
790	0	're	0	0	_
790	0	the	0	0	_
790	0	guest.	0	0	Visiting
790	0	``	0	0	_

790	1	Maria	0	0	_
790	1	sprang	1	0	Self_motion
790	1	into	1	0	_
790	1	action	0	0	Intentionally_act
790	1	,	0	0	_
790	1	checked	0	0	Inspecting
790	1	her	0	0	_
790	1	lipstick	0	0	Clothing
790	1	in	0	0	Interior_profile_relation
790	1	the	0	0	_
790	1	mirror	0	0	_
790	1	and	0	0	_
790	1	pulled	0	0	Manipulation
790	1	on	0	0	Wearing
790	1	her	0	0	_
790	1	sandals.	0	0	Accoutrements
790	1	``	0	0	_

790	2	The	0	0	_

791	0	it	0	0	_
791	0	anyway	0	0	_
791	0	,	0	0	_
791	0	``	0	0	_
791	0	one	0	0	Cardinal_numbers
791	0	official	0	0	Leadership
791	0	said	0	0	Statement
791	0	,	0	0	_
791	0	``	0	0	_
791	0	but	0	0	Concessive
791	0	they	0	0	_
791	0	kind	0	0	_
791	0	of	0	0	_
791	0	sprung	1	1	Self_motion
791	0	into	1	0	_
791	0	action.	0	0	Intentionally_act
791	0	``	0	0	_

791	1	#	0	0	_
791	1	The	0	0	_
791	1	message	1	0	_
791	1	was	0	0	_
791	1	clear	1	0	Obviousness
791	1	:	0	0	_
791	1	Before	1	0	Time_vector
791	1	Middle	0	0	_
791	1	America	0	0	_
791	1	suffered	1	1	Catastrophe
791	1	,	0	0	_
791	1	the	0	0	_
791	1	White	0	0	_

792	0	because	0	0	Causation
792	0	they	0	0	_
792	0	'd	0	0	_
792	0	all	0	0	_
792	0	be	0	0	_
792	0	off	1	0	_
792	0	by	0	0	_
792	0	the	0	0	_
792	0	same	0	0	Identicality
792	0	factor.	0	0	_
792	0	``	0	0	_

792	1	Verona	0	0	_
792	1	sprang	1	0	Self_motion
792	1	into	1	0	_
792	1	action	0	0	Intentionally_act
792	1	.	0	0	_

792	2	Off	1	0	_
792	2	came	1	0	_
792	2	the	0	0	_
792	2	housing	0	0	Buildings
792	2	,	0	0	_
792	2	off	1	0	_
792	2	came	1	0	_
792	2	various	0	0	Diversity
792	2	components	0	0	Ingredients
792	2	.	0	0	_

792	3	Gently	0	0	_
792	3	he	0	0	_
792	3	lifted	0	0	Cause_to_end
792	3	the	0	0	_

793	0	!	0	0	_
793	0	``	0	0	_

793	1	With	1	0	_
793	1	his	0	0	_
793	1	first	0	0	Ordinal_numbers
793	1	word	0	0	Simple_name
793	1	,	0	0	_
793	1	the	0	0	_
793	1	men	0	0	People
793	1	of	0	0	_
793	1	his	0	0	_
793	1	crew	0	0	Aggregate
793	1	sprang	1	0	Self_motion
793	1	into	1	0	_
793	1	action	0	0	Intentionally_act
793	1	,	0	0	_
793	1	seizing	0	0	Taking
793	1	the	0	0	_
793	1	long	0	0	Measurable_attributes
793	1	oars	0	0	Cause_to_make_noise
793	1	that	0	0	_
793	1	were	0	0	_
793	1	drawn	0	0	Cause_motion
793	1	into	0	0	_
793	1	the	0	0	_
793	1	vessel	0	0	Vehicle
793	1	.	0	0	_

793	2	The	0	0	_
793	2	blades	0	0	Weapon
793	2	struck	1	0	Impact

794	0	on	1	0	Process_continue
794	0	and	0	0	_
794	0	you	0	0	_
794	0	have	0	0	_
794	0	n't	0	0	_
794	0	even	0	0	_
794	0	started	0	0	Activity_start
794	0	.	0	0	_

794	1	Get	0	0	Transition_to_state
794	1	busy.	0	0	Lively_place
794	1	``	0	0	_

794	2	Laurie	0	0	_
794	2	sprang	1	0	Self_motion
794	2	into	1	0	_
794	2	action	0	0	Intentionally_act
794	2	.	0	0	_

794	3	She	0	0	_
794	3	completed	0	0	Activity_finish
794	3	her	0	0	_
794	3	external	0	0	_
794	3	examination	0	0	Scrutiny
794	3	,	0	0	_
794	3	noting	0	0	Becoming_aware
794	3	only	0	0	_
794	3	a	0	0	Quantified_mass
794	3	few	0	0	Quantified_mass
794	3	ecchymotic	0	0	_
794	3	bruises	0	0	Experience_bodily_harm
794	3	on	0	0	Spatial_contact
794	3	Duncan	0	0	_

795	0	to	0	0	_
795	0	catch	1	0	_
795	0	thieves	0	0	Theft
795	0	.	0	0	_

795	1	A	0	0	_
795	1	second	0	0	Ordinal_numbers
795	1	cop	0	0	People_by_vocation
795	1	observes	0	0	Perception_active
795	1	from	0	0	_
795	1	above	0	0	Directional_locative_relation
795	1	,	0	0	_
795	1	waiting	0	0	Waiting
795	1	to	0	0	_
795	1	spring	1	0	Self_motion
795	1	into	1	0	_
795	1	action	0	0	Intentionally_act
795	1	.	0	0	_

795	2	1st	0	0	Ordinal_numbers
795	2	POLICE	0	0	_
795	2	OFFICER	0	0	People_by_vocation
795	2	:	0	0	_
795	2	The	0	0	_
795	2	camera	0	0	_
795	2	's	0	0	_
795	2	gone	0	0	Departing
795	2	.	0	0	_

795	3	You	0	0	_
795	3	're	0	0	_
795	3	under	1	0	_
795	3	arrest	0	0	Arrest
795	3	.	0	0	_

796	0	Tyson	0	0	_
796	0	has	0	0	_
796	0	been	0	0	_
796	0	knocked	1	0	Cause_harm
796	0	out	0	0	_
796	0	!	0	0	_

796	1	DONALDSON	0	0	_
796	1	:	0	0	_
796	1	voice-over	0	0	_
796	1	A	0	0	_
796	1	furious	1	1	Emotion_directed
796	1	Don	0	0	_
796	1	King	0	0	_
796	1	sprang	1	1	Self_motion
796	1	into	1	0	_
796	1	action	0	0	Intentionally_act
796	1	.	0	0	_

796	2	Mr.	0	0	_
796	2	SUGAR	0	0	_
796	2	:	0	0	_
796	2	Almost	0	0	_
796	2	before	0	0	Time_vector
796	2	the	0	0	_
796	2	referee	0	0	_
796	2	had	0	0	_
796	2	finished	0	0	Activity_finish
796	2	his	0	0	_
796	2	toll	1	1	_
796	2	of	0	0	_
796	2	that	1	0	_
796	2	count	0	0	_

797	0	to	1	0	_
797	0	his	0	0	_
797	0	patients	0	0	_
797	0	offering	0	0	Offering
797	0	free	1	0	Expensiveness
797	0	testing	0	0	Operational_testing
797	0	and	0	0	_
797	0	counseling	0	0	Assistance
797	0	.	0	0	_

797	1	Almost	0	0	_
797	1	immediately	0	0	_
797	1	Baltimore	0	0	_
797	1	lawyers	0	0	People_by_vocation
797	1	sprang	1	0	Self_motion
797	1	into	1	0	_
797	1	action	0	0	Intentionally_act
797	1	.	0	0	_

797	2	JONATHAN-SCHOCHOR	0	0	_
797	2	,	0	0	_
797	2	:	0	0	_
797	2	The	0	0	_
797	2	right	0	0	_
797	2	of	0	0	_
797	2	privacy	0	0	_
797	2	does	0	0	_
797	2	not	0	0	Negation
797	2	extend	1	1	_
797	2	to	1	0	_
797	2	murder	0	0	Killing
797	2	.	0	0	_

797	3	MR-HOLMAN	0	0	_

798	0	in	0	0	Interior_profile_relation
798	0	Europe	0	0	_
798	0	,	0	0	_
798	0	and	0	0	_
798	0	when	0	0	Temporal_collocation
798	0	BNL	0	0	_
798	0	opened	1	0	_
798	0	the	0	0	_
798	0	credit	0	0	_
798	0	spigot	1	1	_
798	0	,	0	0	_
798	0	those	1	0	_
798	0	agents	1	1	Active_substance
798	0	sprang	1	1	Self_motion
798	0	into	1	0	_
798	0	action	0	0	Intentionally_act
798	0	.	0	0	_

798	1	Gary	0	0	_
798	1	Milhollin	0	0	_
798	1	is	0	0	_
798	1	a	0	0	_
798	1	leading	0	0	First_rank
798	1	expert	0	0	Expertise
798	1	on	1	0	_
798	1	nuclear	0	0	Weapon
798	1	missile	0	0	Weapon
798	1	proliferation	0	0	Proliferating_in_number
798	1	.	0	0	_

798	2	GARY	0	0	_
798	2	MILHOLLIN	0	0	_
798	2	:	0	0	_

799	0	Then	0	0	Temporal_collocation
799	0	he	0	0	_
799	0	keeled	0	0	Moving_in_place
799	0	over	0	0	_
799	0	flat	0	0	_
799	0	on	0	0	Spatial_contact
799	0	the	0	0	_
799	0	ground	0	0	_
799	0	,	0	0	_
799	0	unconscious	0	0	Dead_or_alive
799	0	.	0	0	_

799	1	#	0	0	_
799	1	Balsam	0	0	_
799	1	sprang	1	1	Self_motion
799	1	into	1	0	_
799	1	action.	0	0	Intentionally_act
799	1	``	0	0	_

799	2	Hank	0	0	_
799	2	,	0	0	_
799	2	Bill	0	0	_
799	2	!	0	0	_

799	3	Pick	0	0	Bringing
799	3	that	1	0	_
799	3	man	0	0	People
799	3	up	0	0	_
799	3	and	0	0	_
799	3	bring	0	0	Bringing
799	3	him	0	0	_
799	3	over	0	0	_
799	3	here	0	0	_

800	0	is	0	0	_
800	0	a	0	0	_
800	0	mess	1	0	_
800	0	.	0	0	_

800	1	Darryl	0	0	_
800	1	,	0	0	_
800	1	Hal	0	0	_
800	1	,	0	0	_
800	1	Max	0	0	_
800	1	,	0	0	_
800	1	and	0	0	_
800	1	other	0	0	Increment
800	1	cops	0	0	People_by_vocation
800	1	spring	1	0	Self_motion
800	1	into	1	0	_
800	1	action	0	0	Intentionally_act
800	1	as	0	0	_
800	1	the	0	0	_
800	1	phone	0	0	_
800	1	RINGS	0	0	_
800	1	,	0	0	_
800	1	putting	0	0	Placing
800	1	on	0	0	Wearing
800	1	headsets	0	0	_
800	1	,	0	0	_
800	1	turning	0	0	Setting_fire
800	1	on	0	0	_
800	1	tape	0	0	_
800	1	recorders	0	0	_
800	1	.	0	0	_

800	2	Darryl	0	0	_

801	0	the	0	0	_
801	0	police	0	0	Law_enforcement_agency
801	0	there	0	0	_
801	0	?	0	0	_

801	1	INT	0	0	_
801	1	.	0	0	_

801	2	THELMA	0	0	_
801	2	'S	0	0	_
801	2	HOUSE	0	0	Buildings
801	2	-	0	0	_
801	2	NIGHT	0	0	Calendric_unit
801	2	Again	0	0	_
801	2	everybody	0	0	_
801	2	springs	1	1	Self_motion
801	2	into	1	0	_
801	2	action	0	0	Intentionally_act
801	2	.	0	0	_

801	3	Darryl	0	0	_
801	3	is	0	0	_
801	3	fumbling	0	0	_
801	3	with	0	0	_
801	3	the	0	0	_
801	3	phone	0	0	_
801	3	.	0	0	_

801	4	#	0	0	_
801	4	DARRYL	0	0	_
801	4	#	0	0	_
801	4	Uh	0	0	_
801	4	,	0	0	_
801	4	no	0	0	_
801	4	!	0	0	_

802	0	arrest	0	0	Arrest
802	0	.	0	0	_

802	1	#	0	0	_
802	1	Having	1	0	Possession
802	1	no	0	0	_
802	1	idea	0	0	Awareness
802	1	why	0	0	_
802	1	this	1	0	_
802	1	had	0	0	_
802	1	happened	0	0	Event
802	1	,	0	0	_
802	1	our	0	0	_
802	1	team	0	0	Aggregate
802	1	sprang	1	1	Self_motion
802	1	into	1	0	_
802	1	action	0	0	Intentionally_act
802	1	.	0	0	_

802	2	The	0	0	_
802	2	ward	0	0	_
802	2	clerk	0	0	People_by_vocation
802	2	announced	0	0	Statement
802	2	a	0	0	_
802	2	Code	0	0	_
802	2	Blue	0	0	_
802	2	over	1	0	_
802	2	the	0	0	_
802	2	loudspeaker	0	0	_
802	2	system	0	0	System
802	2	,	0	0	_
802	2	and	0	0	_
802	2	within	0	0	_

803	0	which	0	0	_
803	0	can	0	0	Capability
803	0	handle	1	0	_
803	0	up	1	0	_
803	0	to	1	0	_
803	0	700,000	0	0	_
803	0	calls	0	0	Contacting
803	0	an	0	0	_
803	0	hour	0	0	Calendric_unit
803	0	.	0	0	_

803	1	The	0	0	_
803	1	switch	0	0	_
803	1	immediately	0	0	_
803	1	springs	1	1	_
803	1	into	1	0	_
803	1	action	0	0	Intentionally_act
803	1	.	0	0	_

803	2	It	0	0	_
803	2	scans	1	0	Scrutiny
803	2	a	0	0	_
803	2	list	0	0	Text
803	2	of	0	0	_
803	2	14	0	0	_
803	2	different	0	0	Identicality
803	2	routes	0	0	Roadways
803	2	it	0	0	_
803	2	can	0	0	Capability
803	2	use	0	0	Using
803	2	to	0	0	_
803	2	complete	0	0	Activity_finish
803	2	the	0	0	_

804	0	#	0	0	_
804	0	Notes	0	0	_
804	0	are	0	0	_
804	0	not	0	0	_
804	0	the	0	0	_
804	0	problem	0	0	Predicament
804	0	.	0	0	_

804	1	Notes	0	0	_
804	1	,	0	0	_
804	1	good	0	0	Desirability
804	1	notes	0	0	_
804	1	,	0	0	_
804	1	will	0	0	_
804	1	spring	1	1	Self_motion
804	1	into	1	0	_
804	1	action	1	0	Intentionally_act
804	1	under	1	0	_
804	1	the	0	0	_
804	1	right	0	0	Correctness
804	1	circumstances	0	0	_
804	1	.	0	0	_

804	2	Themes	0	0	_
804	2	or	0	0	_
804	2	ideas	0	0	_
804	2	are	0	0	_
804	2	not	0	0	_
804	2	the	0	0	_
804	2	problem	0	0	Predicament
804	2	.	0	0	_

804	3	Themes	0	0	_
804	3	are	0	0	_

805	0	quite	0	0	_
805	0	``	0	0	_
805	0	is	0	0	_
805	0	what	0	0	_
805	0	a	0	0	_
805	0	practical	0	0	_
805	0	gastrotaxonomist	0	0	_
805	0	says	0	0	Statement
805	0	when	0	0	Temporal_collocation
805	0	he	0	0	_
805	0	is	0	0	_
805	0	about	1	0	_
805	0	to	0	0	_
805	0	spring	1	1	Self_motion
805	0	into	1	0	_
805	0	action	0	0	Intentionally_act
805	0	.	0	0	_

805	1	I	0	0	_
805	1	am	0	0	_
805	1	certain	0	0	Certainty
805	1	that	0	0	_
805	1	Davidson	0	0	_
805	1	is	0	0	_
805	1	even	0	0	_
805	1	now	0	0	_
805	1	flipping	0	0	_
805	1	pages	0	0	_
805	1	in	1	0	_
805	1	his	0	0	_
805	1	shellfish	0	0	_
805	1	sources	1	1	Source_of_getting

806	0	hidden	1	1	Eclipse
806	0	tragedy	0	0	Catastrophe
806	0	of	0	0	_
806	0	child	0	0	People_by_age
806	0	abuse	0	0	Cause_harm
806	0	.	0	0	_

806	1	As	0	0	_
806	1	a	0	0	_
806	1	result	0	0	Causation
806	1	,	0	0	_
806	1	adolescent	0	0	People_by_age
806	1	protection	0	0	Protecting
806	1	agencies	0	0	Organization
806	1	sprung	1	1	Self_motion
806	1	into	1	0	_
806	1	action	0	0	Intentionally_act
806	1	across	0	0	Locative_relation
806	1	the	0	0	_
806	1	country	0	0	Political_locales
806	1	.	0	0	_

806	2	But	0	0	_
806	2	has	0	0	_
806	2	the	0	0	_
806	2	system	1	0	System
806	2	gone	1	0	Motion
806	2	too	0	0	Sufficiency
806	2	far	1	0	_
806	2	?	0	0	_

806	3	Victoria	0	0	_
806	3	-	0	0	_
806	3	whose	0	0	_

807	0	I	0	0	_
807	0	have	1	0	Possession
807	0	my	0	0	_
807	0	plan	1	0	Project
807	0	,	0	0	_
807	0	so	0	0	_
807	0	I	0	0	_
807	0	know	0	0	Awareness
807	0	does	0	0	_
807	0	she	0	0	_
807	0	:	0	0	_
807	0	to	0	0	_
807	0	be	0	0	_
807	0	sprung	1	1	_
807	0	into	1	0	_
807	0	action	0	0	Intentionally_act
807	0	at	1	0	Temporal_collocation
807	0	the	0	0	_
807	0	first	0	0	Ordinal_numbers
807	0	sign	1	0	Sign
807	0	of	0	0	_
807	0	what	0	0	_
807	0	she	0	0	_
807	0	deems	0	0	Categorization
807	0	craziness	0	0	_
807	0	.	0	0	_

807	1	When	0	0	Temporal_collocation
807	1	she	0	0	_
807	1	comes	0	0	Arriving
807	1	home	0	0	Foreign_or_domestic_country
807	1	from	0	0	_

808	0	by	0	0	_
808	0	Senator	0	0	_
808	0	Hollings	0	0	_
808	0	.	0	0	_

808	1	And	0	0	_
808	1	,	0	0	_
808	1	like	0	0	Similarity
808	1	clockwork	0	0	_
808	1	,	0	0	_
808	1	a	0	0	_
808	1	troika	0	0	Aggregate
808	1	of	0	0	_
808	1	filibusterers	0	0	_
808	1	sprang	1	1	Self_motion
808	1	into	1	0	_
808	1	action	0	0	Intentionally_act
808	1	:	0	0	_
808	1	Senators	0	0	_
808	1	Metzenbaum	0	0	_
808	1	,	0	0	_
808	1	Hollings	0	0	_
808	1	,	0	0	_
808	1	and	0	0	_
808	1	Joseph	0	0	_
808	1	Biden	0	0	_
808	1	(	0	0	_
808	1	D-Del	0	0	_
808	1	.	0	0	_
808	1	)	0	0	_
808	1	.	0	0	_

808	2	A	0	0	_

809	0	But	0	0	Concessive
809	0	if	0	0	_
809	0	it	0	0	_
809	0	were	0	0	_
809	0	part	1	0	Part_whole
809	0	of	0	0	_
809	0	a	0	0	_
809	0	disease-causing	0	0	Medical_conditions
809	0	agent	0	0	Active_substance
809	0	,	0	0	_
809	0	it	0	0	_
809	0	would	0	0	_
809	0	sometimes	0	0	Frequency
809	0	spring	1	1	Self_motion
809	0	into	1	0	_
809	0	action	1	0	Intentionally_act
809	0	,	0	0	_
809	0	manufacturing	1	1	Manufacturing
809	0	pieces	1	0	Part_piece
809	0	of	0	0	_
809	0	RNA	0	0	_
809	0	in	1	0	_
809	0	its	0	0	_
809	0	own	0	0	_
809	0	image	1	0	Impression
809	0	.	0	0	_

809	1	Symptoms	0	0	Sign
809	1	would	0	0	_
809	1	follow	1	0	Relative_time
809	1	.	0	0	_

809	2	#	0	0	_

810	0	``	0	0	_
810	0	so-called	0	0	Being_named
810	0	``	0	0	_
810	0	'	0	0	_
810	0	subsistence	0	0	_
810	0	users	0	0	Using
810	0	,	0	0	_
810	0	'	0	0	_
810	0	and	0	0	_
810	0	this	1	0	_
810	0	anti-subsistence	0	0	_
810	0	lobby	1	1	_
810	0	soon	0	0	Temporal_collocation
810	0	sprang	1	1	_
810	0	into	1	0	_
810	0	action	1	0	Intentionally_act
810	0	.	0	0	_

810	1	A	0	0	_
810	1	state	0	0	Political_locales
810	1	ballot	0	0	_
810	1	initiative	0	0	_
810	1	that	0	0	_
810	1	sought	1	1	Seeking_to_achieve
810	1	to	0	0	_
810	1	repeal	0	0	Cause_to_end
810	1	the	0	0	_
810	1	subsistence	0	0	_
810	1	law	0	0	Law
810	1	lost	1	0	Earnings_and_losses
810	1	by	0	0	_
810	1	a	0	0	_

811	0	as	0	0	_
811	0	hot	0	0	Ambient_temperature
811	0	coffee	0	0	Food
811	0	spilled	0	0	Fluidic_motion
811	0	on	0	0	Spatial_contact
811	0	the	0	0	_
811	0	tile	0	0	Architectural_part
811	0	.	0	0	_

811	1	Mongo	0	0	_
811	1	froze	0	0	_
811	1	.	0	0	_

811	2	#	0	0	_
811	2	Bernot	0	0	_
811	2	sprung	1	1	Self_motion
811	2	to	1	0	_
811	2	action.	0	0	Intentionally_act
811	2	``	0	0	_

811	3	Come	1	0	_
811	3	on	1	0	_
811	3	.	0	0	_

811	4	Get	0	0	Getting
811	4	a	0	0	_
811	4	towel.	0	0	_
811	4	``	0	0	_

811	5	But	0	0	_
811	5	the	0	0	_
811	5	other	0	0	Increment
811	5	man	0	0	People
811	5	remained	0	0	State_continue

812	0	of	0	0	_
812	0	Beachwood	0	0	_
812	0	,	0	0	_
812	0	an	0	0	_
812	0	ordained	0	0	_
812	0	rabbi	0	0	_
812	0	who	0	0	_
812	0	runs	1	0	Operating_a_system
812	0	the	0	0	_
812	0	travel	0	0	Travel
812	0	website	0	0	_
812	0	DansDeals.com	0	0	_
812	0	,	0	0	_
812	0	sprung	1	1	_
812	0	to	1	0	_
812	0	action	0	0	Intentionally_act
812	0	,	0	0	_
812	0	buying	0	0	Commerce_buy
812	0	food	0	0	Food
812	0	for	0	0	_
812	0	the	0	0	_
812	0	travelers	0	0	Travel
812	0	and	0	0	_
812	0	then	0	0	_
812	0	delivering	0	0	Delivery
812	0	it	0	0	_
812	0	to	0	0	Goal
812	0	the	0	0	_
812	0	airport	0	0	Buildings
812	0	.	0	0	_

812	1	#	0	0	_

813	0	,	0	0	_
813	0	a	0	0	_
813	0	small	0	0	Size
813	0	child	0	0	People_by_age
813	0	's	0	0	_
813	0	sobs	0	0	Communication_noise
813	0	,	0	0	_
813	0	piercing	1	1	Cause_to_fragment
813	0	as	0	0	_
813	0	a	0	0	_
813	0	spear	0	0	_
813	0	.	0	0	_

813	1	Carlyle	0	0	_
813	1	sprang	1	0	Self_motion
813	1	to	1	0	_
813	1	action	0	0	Intentionally_act
813	1	,	0	0	_
813	1	no	0	0	Temporal_collocation
813	1	longer	0	0	Temporal_collocation
813	1	a	0	0	_
813	1	sensayer	0	0	_
813	1	but	0	0	_
813	1	a	0	0	_
813	1	human	0	0	People
813	1	being	0	0	_
813	1	ready	0	0	Activity_ready_state
813	1	to	0	0	_
813	1	help	0	0	Assistance
813	1	another	0	0	Increment
813	1	in	1	0	_
813	1	distress	0	0	Emotion_directed

814	0	she	0	0	_
814	0	was	0	0	_
814	0	called	0	0	Request
814	0	in	1	0	_
814	0	,	0	0	_
814	0	arrested	0	0	Arrest
814	0	and	0	0	_
814	0	processed	0	0	_
814	0	for	0	0	_
814	0	deportation	0	0	Removing
814	0	.	0	0	_

814	1	Activist	0	0	_
814	1	groups	0	0	Aggregate
814	1	sprang	1	0	Self_motion
814	1	to	1	0	_
814	1	action	0	0	Intentionally_act
814	1	,	0	0	_
814	1	blockading	0	0	Thwarting
814	1	the	0	0	_
814	1	van	0	0	Vehicle
814	1	they	0	0	_
814	1	thought	0	0	Awareness
814	1	was	0	0	_
814	1	carrying	1	0	Bringing
814	1	her	0	0	_
814	1	.	0	0	_

814	2	ICE	0	0	_
814	2	eventually	0	0	Time_vector
814	2	did	0	0	_
814	2	deport	0	0	Removing
814	2	her	0	0	_

815	0	and	0	0	_
815	0	other	0	0	Increment
815	0	acts	1	1	Intentionally_act
815	0	,	0	0	_
815	0	YWCA	0	0	_
815	0	,	0	0	_
815	0	Pantsuit	0	0	_
815	0	Nation	0	0	_
815	0	and	0	0	_
815	0	other	0	0	Increment
815	0	local	0	0	Political_locales
815	0	groups	0	0	Aggregate
815	0	have	0	0	_
815	0	sprung	1	1	_
815	0	to	1	0	_
815	0	action	0	0	Intentionally_act
815	0	by	0	0	Means
815	0	hosting	0	0	Social_event
815	0	meetings	0	0	Discussion
815	0	and	0	0	_
815	0	events	0	0	_
815	0	around	0	0	Locative_relation
815	0	town	0	0	Political_locales
815	0	promoting	0	0	_
815	0	kindness	0	0	Social_interaction_evaluation
815	0	and	0	0	_
815	0	talking	0	0	Discussion
815	0	about	1	0	Topic
815	0	ways	1	0	Means
815	0	to	0	0	_
815	0	combat	1	1	Hostile_encounter

816	0	1-year-old	0	0	_
816	0	girl	0	0	People
816	0	is	0	0	_
816	0	recovering	0	0	_
816	0	thanks	0	0	_
816	0	to	1	0	_
816	0	two	0	0	Cardinal_numbers
816	0	New	0	0	_
816	0	York	0	0	_
816	0	City	0	0	_
816	0	police	0	0	_
816	0	officers	0	0	People_by_vocation
816	0	who	0	0	_
816	0	sprang	1	1	Self_motion
816	0	to	1	0	_
816	0	action	0	0	Intentionally_act
816	0	after	1	0	Relative_time
816	0	observing	0	0	Perception_active
816	0	the	0	0	_
816	0	baby	0	0	People_by_age
816	0	turning	0	0	Becoming
816	0	blue	0	0	Color
816	0	in	0	0	Interior_profile_relation
816	0	her	0	0	_
816	0	mother	0	0	Kinship
816	0	's	0	0	_
816	0	arms	0	0	Body_parts
816	0	.	0	0	_

816	1	#	0	0	_
816	1	Police	0	0	_
816	1	say	0	0	Statement

817	0	countries	0	0	Political_locales
817	0	in	0	0	Interior_profile_relation
817	0	Asia	0	0	_
817	0	and	0	0	_
817	0	elsewhere	0	0	Locative_relation
817	0	that	0	0	_
817	0	had	1	0	Possession
817	0	strong	1	0	Level_of_force_exertion
817	0	governments	0	0	Leadership
817	0	and	0	0	_
817	0	ample	0	0	Sufficiency
817	0	money	0	0	Money
817	0	to	0	0	_
817	0	spring	1	1	Self_motion
817	0	to	1	0	_
817	0	action	1	0	Intentionally_act
817	0	,	0	0	_
817	0	the	0	0	_
817	0	Ebola	0	0	_
817	0	outbreak	0	0	Medical_conditions
817	0	has	0	0	_
817	0	waylaid	1	1	_
817	0	nations	0	0	Political_locales
817	0	that	0	0	_
817	0	often	0	0	Frequency
817	0	lack	0	0	Possession
817	0	basic	0	0	Being_necessary
817	0	health	0	0	_
817	0	care	0	0	_
817	0	,	0	0	_
817	0	much	0	0	_

818	0	,	0	0	_
818	0	but	0	0	Concessive
818	0	on	1	0	Temporal_collocation
818	0	weekends	0	0	Calendric_unit
818	0	up	1	0	_
818	0	to	1	0	_
818	0	3,000	0	0	_
818	0	Army	0	0	Military
818	0	reservists	0	0	_
818	0	and	0	0	_
818	0	National	0	0	Political_locales
818	0	Guard	0	0	_
818	0	units	0	0	_
818	0	spring	1	1	Self_motion
818	0	to	1	0	_
818	0	action	0	0	Intentionally_act
818	0	for	0	0	_
818	0	training	0	0	Education_teaching
818	0	exercises	0	0	Practice
818	0	.	0	0	_

818	1	Military	0	0	Military
818	1	aircraft	0	0	Vehicle
818	1	regularly	0	0	Frequency
818	1	roar	0	0	Sounds
818	1	in	0	0	_
818	1	and	0	0	_
818	1	out	0	0	_
818	1	of	0	0	_
818	1	the	0	0	_
818	1	base	0	0	Locale_by_use
818	1	's	0	0	_

819	0	to	0	0	_
819	0	make	0	0	Manufacturing
819	0	coffee	0	0	Food
819	0	.	0	0	_

819	1	Andi	0	0	_
819	1	was	0	0	_
819	1	n't	0	0	_
819	1	acting	0	0	Conduct
819	1	put	1	1	_
819	1	out	1	0	_
819	1	.	0	0	_

819	2	She	0	0	_
819	2	had	0	0	_
819	2	sprung	1	1	Self_motion
819	2	to	1	0	_
819	2	action	0	0	Intentionally_act
819	2	instantly	0	0	_
819	2	,	0	0	_
819	2	saying	0	0	Statement
819	2	,	0	0	_
819	2	``	0	0	_
819	2	No	0	0	_
819	2	,	0	0	_
819	2	it	0	0	_
819	2	would	0	0	_
819	2	be	0	0	_
819	2	my	0	0	_
819	2	pleasure	0	0	Experiencer_focus
819	2	,	0	0	_
819	2	Leo	0	0	_
819	2	.	0	0	_

820	0	fixing	0	0	Resolve_problem
820	0	anything	0	0	_
820	0	as	0	0	_
820	0	this	1	0	_
820	0	guy	0	0	People
820	0	was	0	0	_
820	0	focused	1	0	Emphasizing
820	0	on	1	0	_
820	0	repairing	0	0	Building
820	0	our	0	0	_
820	0	flat	0	0	Building_subparts
820	0	.	0	0	_

820	1	He	0	0	_
820	1	sprang	1	0	Self_motion
820	1	to	1	0	_
820	1	action	0	0	Intentionally_act
820	1	and	0	0	_
820	1	worked	0	0	Work
820	1	as	0	0	_
820	1	if	0	0	_
820	1	he	0	0	_
820	1	could	0	0	Capability
820	1	do	0	0	Intentionally_act
820	1	this	1	0	_
820	1	sort	0	0	Type
820	1	of	0	0	_
820	1	thing	1	0	_
820	1	in	1	0	_
820	1	his	0	0	_
820	1	sleep	0	0	Sleep
820	1	.	0	0	_

821	0	,	0	0	_
821	0	a	0	0	_
821	0	Teacup	0	0	_
821	0	Persian	0	0	_
821	0	Kitten	0	0	_
821	0	called	0	0	Referring_by_name
821	0	'	0	0	_
821	0	Mercy	0	0	_
821	0	,	0	0	_
821	0	'	0	0	_
821	0	forced	1	0	Causation
821	0	Torres	0	0	_
821	0	to	0	0	_
821	0	spring	1	0	Self_motion
821	0	to	1	0	_
821	0	action	0	0	Intentionally_act
821	0	and	0	0	_
821	0	throw	1	0	Cause_motion
821	0	down	1	0	_
821	0	the	0	0	_
821	0	gauntlet	1	1	_
821	0	.	0	0	_

821	1	#	0	0	_
821	1	``	0	0	_
821	1	We	0	0	_
821	1	get	0	0	Getting
821	1	thousands	0	0	Quantified_mass
821	1	of	0	0	_
821	1	e-mails	0	0	Text
821	1	a	0	0	_
821	1	month	0	0	Calendric_unit

822	0	at	0	0	Proportional_quantity
822	0	least	0	0	Proportional_quantity
822	0	latently	0	0	_
822	0	racist	0	0	Social_interaction_evaluation
822	0	)	0	0	_
822	0	.	0	0	_

822	1	#	0	0	_
822	1	in	1	0	_
822	1	an	0	0	_
822	1	emergency	0	0	_
822	1	one	0	0	_
822	1	would	0	0	_
822	1	normally	0	0	_
822	1	spring	1	1	Self_motion
822	1	to	1	0	_
822	1	action	0	0	Intentionally_act
822	1	unless	0	0	_
822	1	ideological	0	0	_
822	1	obstructions	0	0	Hindering
822	1	to	1	0	_
822	1	that	1	0	_
822	1	action	0	0	Intentionally_act
822	1	exist	0	0	Existence
822	1	--	0	0	_
822	1	racism	0	0	_
822	1	,	0	0	_
822	1	sexism	0	0	_
822	1	,	0	0	_
822	1	homophobia	0	0	_
822	1	,	0	0	_
822	1	classism	0	0	_

823	0	Were	0	0	_
823	0	potential	0	0	Capability
823	0	warning	0	0	_
823	0	signs	1	0	Sign
823	0	missed	0	0	Success_or_failure
823	0	?	0	0	_

823	1	Plus	0	0	_
823	1	,	0	0	_
823	1	a	0	0	_
823	1	number	0	0	Quantified_mass
823	1	of	0	0	_
823	1	heroes	0	0	_
823	1	sprang	1	1	Self_motion
823	1	to	1	0	_
823	1	action	0	0	Intentionally_act
823	1	in	1	0	_
823	1	a	0	0	_
823	1	desperate	1	0	_
823	1	attempt	0	0	Attempt
823	1	to	0	0	_
823	1	subdue	0	0	Thwarting
823	1	the	0	0	_
823	1	shooting	0	0	Killing
823	1	suspect	0	0	Being_questionable
823	1	.	0	0	_

823	2	What	0	0	_
823	2	should	0	0	Desirable_event
823	2	you	0	0	_
823	2	do	0	0	Intentionally_act
823	2	if	0	0	_

824	0	code	0	0	_
824	0	blue	0	0	_
824	0	?	0	0	_

824	1	It	0	0	_
824	1	does	0	0	_
824	1	n't	0	0	_
824	1	take	1	0	Taking_time
824	1	her	0	0	_
824	1	more	0	0	Increment
824	1	than	0	0	_
824	1	a	0	0	_
824	1	minute	0	0	Measure_duration
824	1	to	0	0	_
824	1	spring	1	0	Self_motion
824	1	to	1	0	_
824	1	action	0	0	Intentionally_act
824	1	and	0	0	_
824	1	intervene	0	0	Assistance
824	1	.	0	0	_

824	2	ELENA-MOORE-1MOTH	0	0	_
824	2	#	0	0	_
824	2	Do	0	0	_
824	2	n't	0	0	_
824	2	do	0	0	Intentionally_act
824	2	it	0	0	_
824	2	if	0	0	_
824	2	you	0	0	_
824	2	do	0	0	_
824	2	n't	0	0	_
824	2	want	0	0	Desiring
824	2	to	0	0	_
824	2	.	0	0	_

825	0	weapon	0	0	Weapon
825	0	as	0	0	_
825	0	I	0	0	_
825	0	crossed	0	0	Traversing
825	0	the	0	0	_
825	0	room	0	0	Building_subparts
825	0	.	0	0	_

825	1	I	0	0	_
825	1	looked	0	0	Perception_active
825	1	up	0	0	_
825	1	just	0	0	_
825	1	as	0	0	_
825	1	he	0	0	_
825	1	sprang	1	1	Self_motion
825	1	to	1	0	_
825	1	action	0	0	Intentionally_act
825	1	,	0	0	_
825	1	landing	0	0	Impact
825	1	on	0	0	_
825	1	me	0	0	_
825	1	with	1	0	_
825	1	enough	0	0	Sufficiency
825	1	force	0	0	_
825	1	that	0	0	_
825	1	we	0	0	_
825	1	rolled	0	0	Self_motion
825	1	several	0	0	Quantified_mass
825	1	times	0	0	Event_instance
825	1	to	0	0	_
825	1	the	0	0	_
825	1	side	0	0	Part_orientational

826	0	was	0	0	_
826	0	insolent	0	0	Social_interaction_evaluation
826	0	,	0	0	_
826	0	suspicious	0	0	Awareness
826	0	the	0	0	_
826	0	caller	0	0	Contacting
826	0	was	0	0	_
826	0	just	0	0	_
826	0	another	0	0	Increment
826	0	reporter	0	0	_
826	0	,	0	0	_
826	0	but	0	0	_
826	0	he	0	0	_
826	0	sprang	1	0	Self_motion
826	0	to	1	0	_
826	0	action	0	0	Intentionally_act
826	0	when	0	0	Temporal_collocation
826	0	he	0	0	_
826	0	learned	0	0	Becoming_aware
826	0	it	0	0	_
826	0	was	0	0	_
826	0	the	0	0	_
826	0	Secretary	0	0	_
826	0	General	0	0	Leadership
826	0	.	0	0	_

826	1	The	0	0	_
826	1	distinguished-looking	0	0	_
826	1	Indian	0	0	Origin
826	1	woman	0	0	People
826	1	was	0	0	_
826	1	soon	0	0	_

827	0	strange	0	0	Idiosyncrasy
827	0	.	0	0	_

827	1	Understand	0	0	Awareness
827	1	that	0	0	_
827	1	cultural	0	0	_
827	1	variations	0	0	Similarity
827	1	may	0	0	Likelihood
827	1	account	0	0	Explaining_the_facts
827	1	for	0	0	_
827	1	diverse	0	0	Diversity
827	1	grief	0	0	Emotion_directed
827	1	reactions	1	0	Response
827	1	.	0	0	_

827	2	Springing	1	1	Self_motion
827	2	to	1	0	_
827	2	action	0	0	Intentionally_act
827	2	It	0	0	_
827	2	is	0	0	_
827	2	important	0	0	Importance
827	2	to	0	0	_
827	2	take	1	0	Intentionally_act
827	2	action	0	0	Intentionally_act
827	2	.	0	0	_

827	3	Encourage	0	0	Subjective_influence
827	3	people	0	0	People
827	3	who	0	0	_
827	3	are	0	0	_
827	3	bereaved	0	0	_
827	3	to	0	0	_
827	3	become	0	0	Becoming
827	3	active	0	0	Being_active

828	0	Mr.	0	0	_
828	0	Jorgensen	0	0	_
828	0	turned	0	0	Turning_out
828	0	out	0	0	Turning_out
828	0	to	0	0	_
828	0	be	0	0	_
828	0	the	0	0	_
828	0	kind	0	0	Type
828	0	of	0	0	_
828	0	man	0	0	People
828	0	who	0	0	_
828	0	likes	0	0	Desiring
828	0	to	0	0	_
828	0	spring	1	1	Self_motion
828	0	to	1	0	_
828	0	action	0	0	Intentionally_act
828	0	at	1	0	_
828	0	the	0	0	_
828	0	slightest	1	0	_
828	0	excuse	0	0	_
828	0	.	0	0	_

828	1	I	0	0	_
828	1	had	0	0	_
828	1	hardly	0	0	_
828	1	taken	1	0	_
828	1	my	0	0	_
828	1	position	0	0	_
828	1	when	0	0	_
828	1	I	0	0	_
828	1	inadvertently	0	0	_
828	1	shifted	0	0	_

829	0	.	0	0	_

829	1	#	0	0	_
829	1	Creswell	0	0	_
829	1	was	0	0	_
829	1	just	0	0	_
829	1	one	0	0	Cardinal_numbers
829	1	of	0	0	Partitive
829	1	hundreds	0	0	Quantified_mass
829	1	of	0	0	_
829	1	Acadian	0	0	_
829	1	Ambulance	0	0	_
829	1	employees	0	0	Employing
829	1	who	0	0	_
829	1	sprang	1	1	Self_motion
829	1	to	1	0	_
829	1	action	0	0	Intentionally_act
829	1	in	0	0	_
829	1	the	0	0	_
829	1	wake	1	0	_
829	1	of	0	0	_
829	1	the	0	0	_
829	1	worst	0	0	Desirability
829	1	natural	0	0	_
829	1	disaster	0	0	Catastrophe
829	1	in	0	0	_
829	1	U.S.	0	0	_
829	1	history	0	0	Individual_history
829	1	.	0	0	_

829	2	But	0	0	_
829	2	the	0	0	_
829	2	quick	0	0	Speed_description

830	0	the	0	0	_
830	0	hallways	0	0	Buildings
830	0	up	1	0	Locative_relation
830	0	above	0	0	Directional_locative_relation
830	0	and	0	0	_
830	0	in	0	0	Interior_profile_relation
830	0	tunnels	0	0	Roadways
830	0	below	0	0	Directional_locative_relation
830	0	the	0	0	_
830	0	stands	0	0	_
830	0	.	0	0	_

830	1	They	0	0	_
830	1	can	0	0	Capability
830	1	spring	1	1	Self_motion
830	1	to	1	0	_
830	1	action	0	0	Intentionally_act
830	1	in	1	0	_
830	1	seconds	0	0	Measure_duration
830	1	if	0	0	_
830	1	someone	0	0	_
830	1	is	0	0	_
830	1	injured.	0	0	Cause_harm
830	1	``	0	0	_

830	2	Everybody	0	0	_
830	2	's	0	0	_
830	2	being	0	0	_
830	2	watched	0	0	Perception_active
830	2	,	0	0	_
830	2	``	0	0	_
830	2	Olsen	0	0	_

831	0	contemplated	1	1	Cogitation
831	0	buying	0	0	Commerce_buy
831	0	a	0	0	_
831	0	work	0	0	Craft
831	0	by	0	0	_
831	0	the	0	0	_
831	0	Massachusetts	0	0	_
831	0	artist	0	0	Create_physical_artwork
831	0	Ben	0	0	_
831	0	Aronson	0	0	_
831	0	,	0	0	_
831	0	but	0	0	_
831	0	only	0	0	_
831	0	sprang	1	1	_
831	0	to	1	0	_
831	0	action	0	0	Intentionally_act
831	0	--	0	0	_
831	0	beating	1	0	_
831	0	out	0	0	_
831	0	12	0	0	Cardinal_numbers
831	0	other	0	0	Increment
831	0	collectors	0	0	_
831	0	--	0	0	_
831	0	when	0	0	Temporal_collocation
831	0	the	0	0	_
831	0	artist	0	0	Create_physical_artwork
831	0	produced	0	0	Creating
831	0	Rain	0	0	_
831	0	,	0	0	_
831	0	Fifth	0	0	_
831	0	Avenue	0	0	_

832	0	chest	0	0	Body_parts
832	0	.	0	0	_

832	1	Except	0	0	_
832	1	for	0	0	_
832	1	his	0	0	_
832	1	boots	0	0	Clothing
832	1	he	0	0	_
832	1	was	0	0	_
832	1	still	0	0	Continued_state_of_affairs
832	1	dressed	0	0	Wearing
832	1	,	0	0	_
832	1	ready	0	0	Activity_ready_state
832	1	to	0	0	_
832	1	spring	1	1	Self_motion
832	1	to	1	0	_
832	1	action	0	0	Intentionally_act
832	1	should	0	0	_
832	1	the	0	0	_
832	1	need	0	0	Needing
832	1	arise	1	1	Coming_to_be
832	1	.	0	0	_

832	2	Dead	0	0	Dead_or_alive
832	2	,	0	0	_
832	2	my	0	0	_
832	2	former	0	0	Time_vector
832	2	sister-in-law	0	0	Kinship
832	2	could	0	0	Possibility
832	2	only	0	0	_
832	2	be	0	0	_
832	2	grieved	0	0	Emotion_directed
832	2	.	0	0	_

833	0	a	0	0	_
833	0	man	0	0	People
833	0	of	0	0	_
833	0	prayerful	0	0	_
833	0	piety	0	0	_
833	0	,	0	0	_
833	0	Sheik	0	0	_
833	0	Zafzaf	0	0	_
833	0	recalled	1	0	Statement
833	0	how	0	0	_
833	0	quickly	0	0	Speed_description
833	0	Al	0	0	_
833	0	Azhar	0	0	_
833	0	sprang	1	1	Self_motion
833	0	to	1	0	_
833	0	action	0	0	Intentionally_act
833	0	on	1	0	_
833	0	the	0	0	_
833	0	Friday	0	0	Calendric_unit
833	0	after	1	0	Time_vector
833	0	Sept.	0	0	_
833	0	11	0	0	_
833	0	.	0	0	_

833	1	#	0	0	_
833	1	``	0	0	_
833	1	We	0	0	_
833	1	circulated	0	0	Dispersal
833	1	the	0	0	_
833	1	guidance	0	0	_
833	1	to	1	0	_
833	1	clerics	0	0	_

834	0	police	0	0	People_by_vocation
834	0	officers	0	0	People_by_vocation
834	0	for	0	0	_
834	0	generations	0	0	Kinship
834	0	.	0	0	_

834	1	Its	0	0	_
834	1	people	0	0	People
834	1	know	0	0	Awareness
834	1	what	0	0	_
834	1	to	0	0	_
834	1	do	0	0	Intentionally_act
834	1	.	0	0	_

834	2	They	0	0	_
834	2	sprang	1	1	Self_motion
834	2	to	1	0	_
834	2	action	0	0	Intentionally_act
834	2	,	0	0	_
834	2	some	0	0	Proportional_quantity
834	2	of	0	0	Partitive
834	2	them	0	0	_
834	2	trying	0	0	Attempt
834	2	to	0	0	_
834	2	use	0	0	Using
834	2	their	0	0	_
834	2	own	0	0	_
834	2	garden	0	0	Locale_by_use
834	2	hoses	0	0	Substance
834	2	.	0	0	_

834	3	#	0	0	_
834	3	Higgins	0	0	_
834	3	said	0	0	Statement

835	0	be	0	0	_
835	0	,	0	0	_
835	0	too	0	0	_
835	0	,	0	0	_
835	0	if	0	0	_
835	0	we	0	0	_
835	0	did	0	0	_
835	0	not	0	0	Negation
835	0	make	1	0	_
835	0	haste	0	0	_
835	0	.	0	0	_

835	1	All	0	0	Quantified_mass
835	1	hands	0	0	Body_parts
835	1	sprang	1	1	Self_motion
835	1	to	1	0	_
835	1	action	0	0	Intentionally_act
835	1	.	0	0	_

835	2	We	0	0	_
835	2	corralled	0	0	Cause_motion
835	2	our	0	0	_
835	2	wagons	0	0	Vehicle
835	2	and	0	0	_
835	2	took	1	0	_
835	2	our	0	0	_
835	2	places	0	0	_
835	2	inside	0	0	Interior_profile_relation
835	2	the	0	0	_
835	2	circle	0	0	Shapes
835	2	.	0	0	_

835	3	But	0	0	_
835	3	we	0	0	_

836	0	Gotchya	0	0	_
836	0	!	0	0	_

836	1	Fred	0	0	_
836	1	whips	0	0	Manipulation
836	1	araund	0	0	_
836	1	,	0	0	_
836	1	finds	0	0	Becoming_aware
836	1	Mordant	0	0	_
836	1	standing	0	0	Posture
836	1	behind	0	0	_
836	1	him	0	0	_
836	1	.	0	0	_

836	2	He	0	0	_
836	2	SPRINGS	0	0	Self_motion
836	2	TO	1	0	_
836	2	ACTION	0	0	Intentionally_act
836	2	pulling	0	0	Intentionally_act
836	2	off	0	0	Intentionally_act
836	2	a	0	0	_
836	2	lightning	1	1	_
836	2	quick	1	0	Speed_description
836	2	IRON	0	0	_
836	2	HAMMER	0	0	_
836	2	FIST	0	0	_
836	2	STRIKE	0	0	_
836	2	,	0	0	_
836	2	a	0	0	_
836	2	PALM	0	0	_
836	2	HEEL	0	0	_
836	2	BLOCK	0	0	_
836	2	,	0	0	_

837	0	several	0	0	Quantified_mass
837	0	of	0	0	_
837	0	his	0	0	_
837	0	operatives	1	1	People_by_vocation
837	0	,	0	0	_
837	0	including	0	0	Inclusion
837	0	his	0	0	_
837	0	girlfriend	0	0	Personal_relationship
837	0	Magdalena	0	0	_
837	0	Kopp	0	0	_
837	0	,	0	0	_
837	0	the	0	0	_
837	0	Jackal	0	0	_
837	0	sprang	1	1	Self_motion
837	0	to	1	0	_
837	0	action	0	0	Intentionally_act
837	0	.	0	0	_

837	1	In	1	0	Temporal_collocation
837	1	February	0	0	_
837	1	,	0	0	_
837	1	1982	0	0	_
837	1	,	0	0	_
837	1	he	0	0	_
837	1	sent	0	0	Sending
837	1	this	1	0	_
837	1	ominous	0	0	Omen
837	1	letter	0	0	Text
837	1	to	1	0	Goal
837	1	a	0	0	_
837	1	French	0	0	_
837	1	government	0	0	Leadership

838	0	continues	0	0	Activity_ongoing
838	0	to	0	0	_
838	0	stand	1	0	Posture
838	0	by	0	0	_
838	0	her	0	0	_
838	0	charge	1	1	_
838	0	's	0	0	_
838	0	side	1	0	Taking_sides
838	0	,	0	0	_
838	0	saying	0	0	Statement
838	0	nothing	0	0	_
838	0	,	0	0	_
838	0	or	0	0	_
838	0	lurches	1	1	Self_motion
838	0	into	1	0	_
838	0	action	0	0	Intentionally_act
838	0	to	0	0	_
838	0	break	0	0	Cause_to_fragment
838	0	the	0	0	_
838	0	bones	0	0	_
838	0	of	0	0	_
838	0	anyone	0	0	_
838	0	foolish	0	0	Mental_property
838	0	enough	0	0	Sufficiency
838	0	to	0	0	_
838	0	threaten	0	0	Commitment
838	0	him	0	0	_
838	0	.	0	0	_

838	1	#	0	0	_
838	1	Draiken	0	0	_
838	1	has	0	0	Possession

839	0	front	0	0	Part_orientational
839	0	of	0	0	_
839	0	her	0	0	_
839	0	,	0	0	_
839	0	Ali	0	0	_
839	0	tightened	1	1	Cause_change_of_strength
839	0	her	0	0	_
839	0	fingers	0	0	Body_parts
839	0	into	1	0	_
839	0	fists	0	0	Body_parts
839	0	as	0	0	_
839	0	the	0	0	_
839	0	crew	0	0	Aggregate
839	0	lurched	1	1	Self_motion
839	0	into	1	0	_
839	0	action	0	0	Intentionally_act
839	0	around	0	0	Locative_relation
839	0	her	0	0	_
839	0	.	0	0	_

839	1	Lights	0	0	_
839	1	blinked	0	0	Moving_in_place
839	1	,	0	0	_
839	1	hand	0	0	Body_parts
839	1	signals	0	0	Communication
839	1	waved	0	0	Moving_in_place
839	1	,	0	0	_
839	1	and	0	0	_
839	1	on	0	0	Spatial_contact
839	1	every	0	0	_
839	1	side	0	0	Part_orientational
839	1	technicians	0	0	People_by_vocation

840	0	pushing	0	0	Cause_motion
840	0	and	0	0	_
840	0	shoving	0	0	Cause_motion
840	0	it	0	0	_
840	0	into	0	0	_
840	0	an	0	0	_
840	0	overhead	0	0	_
840	0	space	0	0	_
840	0	.	0	0	_

840	1	Meanwhile	0	0	_
840	1	,	0	0	_
840	1	the	0	0	_
840	1	train	0	0	Vehicle
840	1	lurched	1	1	Self_motion
840	1	into	1	0	_
840	1	action	1	0	Intentionally_act
840	1	.	0	0	_

840	2	It	0	0	_
840	2	grumbled	1	1	Sounds
840	2	its	0	0	_
840	2	way	0	0	Self_motion
840	2	through	0	0	_
840	2	the	0	0	_
840	2	train	0	0	Vehicle
840	2	yard	0	0	Locale_by_use
840	2	,	0	0	_
840	2	out	0	0	_
840	2	of	0	0	_
840	2	the	0	0	_
840	2	station	0	0	Locale_by_use
840	2	and	0	0	_

841	0	s	0	0	_
841	0	The	0	0	_
841	0	Nature	0	0	_
841	0	of	0	0	_
841	0	the	0	0	_
841	0	Beast	0	0	_
841	0	.	0	0	_

841	1	Opener	0	0	Activity_start
841	1	``	0	0	_
841	1	All	0	0	Locative_relation
841	1	Over	0	0	Locative_relation
841	1	Town	0	0	Political_locales
841	1	``	0	0	_
841	1	lurches	1	1	Self_motion
841	1	into	1	0	_
841	1	action	1	0	Intentionally_act
841	1	on	1	0	_
841	1	a	0	0	_
841	1	lopsided	0	0	_
841	1	riff	0	0	_
841	1	before	1	0	Time_vector
841	1	finding	1	0	Locating
841	1	its	0	0	_
841	1	awesome	0	0	Desirability
841	1	groove	1	1	Temporal_pattern
841	1	,	0	0	_
841	1	--	0	0	_
841	1	a	0	0	_
841	1	groove	1	1	_
841	1	they	0	0	_
841	1	seldom	0	0	Frequency

842	0	the	0	0	_
842	0	split	1	1	_
842	0	second	0	0	Measure_duration
842	0	it	0	0	_
842	0	took	1	0	Taking_time
842	0	her	0	0	_
842	0	to	0	0	_
842	0	check	0	0	Inspecting
842	0	that	0	0	_
842	0	yes	0	0	_
842	0	,	0	0	_
842	0	Neco	0	0	_
842	0	was	0	0	_
842	0	lurching	0	0	Self_motion
842	0	into	1	0	_
842	0	action	0	0	Intentionally_act
842	0	,	0	0	_
842	0	Greyston	0	0	_
842	0	was	0	0	_
842	0	on	0	0	Spatial_contact
842	0	his	0	0	_
842	0	knees	0	0	Body_parts
842	0	with	0	0	_
842	0	his	0	0	_
842	0	head	0	0	Body_parts
842	0	forced	0	0	Cause_motion
842	0	back	0	0	_
842	0	by	0	0	_
842	0	a	0	0	_
842	0	rapier-thin	0	0	_
842	0	sword	0	0	Weapon

843	0	into	0	0	Goal
843	0	the	0	0	_
843	0	house	0	0	Buildings
843	0	.	0	0	_

843	1	The	0	0	_
843	1	mist-apes	0	0	_
843	1	looked	0	0	Perception_active
843	1	at	1	0	_
843	1	one	0	0	_
843	1	another	0	0	_
843	1	,	0	0	_
843	1	then	0	0	_
843	1	abruptly	0	0	_
843	1	lurched	1	1	Self_motion
843	1	into	1	0	_
843	1	action	0	0	Intentionally_act
843	1	,	0	0	_
843	1	filing	0	0	Self_motion
843	1	out	0	0	_
843	1	behind	0	0	_
843	1	him	0	0	_
843	1	.	0	0	_

843	2	Pog	0	0	_
843	2	heard	0	0	Perception_experience
843	2	the	0	0	_
843	2	steamwagon	0	0	_
843	2	puff	0	0	Moving_in_place
843	2	itself	0	0	_
843	2	up	0	0	_
843	2	,	0	0	_
843	2	then	0	0	_

844	0	.	0	0	_

844	1	PHILLIPS	0	0	_
844	1	:	0	0	_
844	1	Well	0	0	_
844	1	,	0	0	_
844	1	this	1	0	_
844	1	huge	1	0	Size
844	1	security	0	0	Being_at_risk
844	1	operation	0	0	Businesses
844	1	now	0	0	Temporal_collocation
844	1	--	0	0	_
844	1	has	0	0	_
844	1	now	0	0	Temporal_collocation
844	1	lurched	1	1	Self_motion
844	1	into	1	0	_
844	1	action	1	0	Intentionally_act
844	1	.	0	0	_

844	2	There	0	0	Existence
844	2	were	0	0	Existence
844	2	thousands	0	0	Quantified_mass
844	2	of	0	0	_
844	2	FBI	0	0	_
844	2	,	0	0	_
844	2	local	0	0	Political_locales
844	2	police	0	0	_
844	2	and	0	0	_
844	2	other	0	0	Increment
844	2	security	0	0	Being_at_risk
844	2	agents	0	0	People_by_vocation
844	2	who	0	0	_
844	2	were	0	0	_

845	0	top	1	0	Occupy_rank
845	0	prize	0	0	_
845	0	of	0	0	_
845	0	$	0	0	_
845	0	360,000	0	0	_
845	0	.	0	0	_
845	0	)	0	0	_

845	1	#	0	0	_
845	1	Belatedly	0	0	_
845	1	,	0	0	_
845	1	the	0	0	_
845	1	PGA	0	0	_
845	1	of	0	0	_
845	1	America	0	0	_
845	1	lurched	1	1	Self_motion
845	1	into	1	0	_
845	1	action	1	0	Intentionally_act
845	1	,	0	0	_
845	1	and	0	0	_
845	1	called	1	0	Request
845	1	a	0	0	_
845	1	truce	0	0	Be_in_agreement_on_action
845	1	by	0	0	Means
845	1	setting	1	0	Intentionally_create
845	1	up	1	0	Intentionally_create
845	1	the	0	0	_
845	1	Tournament	0	0	_
845	1	Players	0	0	_
845	1	Division	0	0	_
845	1	and	0	0	_
845	1	hiring	0	0	Hiring
845	1	former	0	0	_

846	0	Crimea	0	0	_
846	0	to	0	0	_
846	0	force	1	0	Causation
846	0	Gorbachev	0	0	_
846	0	's	0	0	_
846	0	resignation	0	0	Withdraw_from_participation
846	0	.	0	0	_

846	1	When	0	0	Temporal_collocation
846	1	he	0	0	_
846	1	defied	0	0	Compliance
846	1	them	0	0	_
846	1	,	0	0	_
846	1	they	0	0	_
846	1	lurched	1	1	Self_motion
846	1	into	1	0	_
846	1	action	0	0	Intentionally_act
846	1	.	0	0	_

846	2	Col.	0	0	_
846	2	Gen.	0	0	_
846	2	Igor	0	0	_
846	2	Maltsev	0	0	_
846	2	,	0	0	_
846	2	commander	0	0	Leadership
846	2	of	0	0	_
846	2	Soviet	0	0	_
846	2	air-defense	0	0	Weapon
846	2	forces	0	0	Military
846	2	,	0	0	_
846	2	closed	0	0	Openness
846	2	the	0	0	_
846	2	runways	0	0	_

847	0	thank	0	0	Judgment_direct_address
847	0	firefighters	0	0	People_by_vocation
847	0	and	0	0	_
847	0	local	0	0	Political_locales
847	0	police	0	0	_
847	0	and	0	0	_
847	0	of	0	0	_
847	0	course	0	0	_
847	0	the	0	0	_
847	0	Capitol	0	0	_
847	0	Police	0	0	_
847	0	,	0	0	_
847	0	who	0	0	_
847	0	sprinted	0	0	Self_motion
847	0	into	1	0	_
847	0	action	0	0	Intentionally_act
847	0	immediately	0	0	_
847	0	to	0	0	_
847	0	try	0	0	Attempt
847	0	to	0	0	_
847	0	get	1	0	Getting
847	0	the	0	0	_
847	0	situation	0	0	_
847	0	under	1	0	_
847	0	control	0	0	Being_in_control
847	0	.	0	0	_

847	1	And	0	0	_
847	1	,	0	0	_
847	1	of	0	0	_
847	1	course	0	0	_
847	1	,	0	0	_

848	0	the	0	0	_
848	0	whole	0	0	_
848	0	time	0	0	_
848	0	.	0	0	_

848	1	That	1	0	_
848	1	's	0	0	_
848	1	all	0	0	_
848	1	Ponch	0	0	_
848	1	needs	0	0	Needing
848	1	to	0	0	_
848	1	hear	0	0	Hearsay
848	1	.	0	0	_

848	2	He	0	0	_
848	2	sprints	0	0	Self_motion
848	2	into	1	0	_
848	2	action	0	0	Intentionally_act
848	2	.	0	0	_

848	3	(	0	0	_
848	3	Garcia-driving	0	0	_
848	3	;	0	0	_
848	3	-po	0	0	_
848	3	Deputy	0	0	_
848	3	GARCIA	0	0	_
848	3	:	0	0	_
848	3	(	0	0	_
848	3	Outside	0	0	Part_inner_outer
848	3	vehicle	0	0	Vehicle
848	3	)	0	0	_
848	3	It	0	0	_
848	3	's	0	0	_
848	3	--	0	0	_
848	3	oh	0	0	_
848	3	,	0	0	_

849	0	parliamentary	0	0	_
849	0	elections	0	0	Change_of_leadership
849	0	now	0	0	_
849	0	planned	1	0	_
849	0	for	0	0	_
849	0	September	0	0	_
849	0	,	0	0	_
849	0	new	0	0	Age
849	0	parties	0	0	Aggregate
849	0	are	0	0	_
849	0	springing	1	1	_
849	0	up	1	0	_
849	0	and	0	0	_
849	0	sprinting	1	1	Self_motion
849	0	into	1	0	_
849	0	action	0	0	Intentionally_act
849	0	to	0	0	_
849	0	organize	1	0	_
849	0	a	0	0	_
849	0	national	0	0	Political_locales
849	0	following	1	1	_
849	0	,	0	0	_
849	0	including	0	0	Inclusion
849	0	the	0	0	_
849	0	Egyptian	0	0	_
849	0	Social	0	0	_
849	0	Democratic	0	0	_
849	0	Party	0	0	_
849	0	,	0	0	_
849	0	a	0	0	_
849	0	collection	1	1	Aggregate

850	0	an	0	0	_
850	0	undercover	0	0	_
850	0	Baltimore	0	0	_
850	0	vice-and-narcotics	0	0	_
850	0	squad	1	1	Aggregate
850	0	that	0	0	_
850	0	had	1	0	_
850	0	the	0	0	_
850	0	dealers	0	0	_
850	0	under	1	0	_
850	0	surveillance	0	0	Scrutiny
850	0	,	0	0	_
850	0	suddenly	0	0	_
850	0	sprinted	1	1	Self_motion
850	0	into	1	0	_
850	0	action	0	0	Intentionally_act
850	0	.	0	0	_

850	1	One	0	0	Cardinal_numbers
850	1	team	1	0	Aggregate
850	1	of	0	0	_
850	1	Rangers	0	0	_
850	1	nabbed	1	1	Taking
850	1	the	0	0	_
850	1	dealers	0	0	_
850	1	;	0	0	_
850	1	another	0	0	Increment
850	1	pulled	1	0	Cause_motion
850	1	Antwan	0	0	_
850	1	off	1	0	_
850	1	the	0	0	_
850	1	swing	1	1	_

851	0	get	1	0	Getting
851	0	the	0	0	_
851	0	victims	0	0	Catastrophe
851	0	and	0	0	_
851	0	Moriss	0	0	_
851	0	,	0	0	_
851	0	Gates	0	0	_
851	0	,	0	0	_
851	0	Banfield	0	0	_
851	0	,	0	0	_
851	0	and	0	0	_
851	0	Carter	0	0	_
851	0	all	0	0	_
851	0	step	1	0	Self_motion
851	0	into	1	0	_
851	0	action	0	0	Intentionally_act
851	0	and	0	0	_
851	0	Carter	0	0	_
851	0	asks	0	0	Questioning
851	0	Greene	0	0	_
851	0	's	0	0	_
851	0	daughter	0	0	Kinship
851	0	(	0	0	_
851	0	still	0	0	Continued_state_of_affairs
851	0	there	0	0	Existence
851	0	)	0	0	_
851	0	if	0	0	_
851	0	she	0	0	_
851	0	's	0	0	_
851	0	coming	0	0	Arriving
851	0	,	0	0	_

852	0	five	0	0	Cardinal_numbers
852	0	years	0	0	Calendric_unit
852	0	ago	0	0	Time_vector
852	0	and	0	0	_
852	0	when	0	0	Temporal_collocation
852	0	rumblings	0	0	_
852	0	of	0	0	_
852	0	its	0	0	_
852	0	potential	0	0	Capability
852	0	demise	0	0	Death
852	0	surfaced	1	1	Coming_to_be
852	0	,	0	0	_
852	0	he	0	0	_
852	0	stepped	1	0	Self_motion
852	0	into	1	0	_
852	0	action	0	0	Intentionally_act
852	0	.	0	0	_

852	1	#	0	0	_
852	1	He	0	0	_
852	1	and	0	0	_
852	1	Mike	0	0	_
852	1	Leistico	0	0	_
852	1	played	0	0	Performers_and_roles
852	1	key	0	0	Importance
852	1	roles	0	0	Performers_and_roles
852	1	.	0	0	_

852	2	Plus	0	0	_
852	2	,	0	0	_
852	2	the	0	0	_
852	2	community	0	0	Aggregate
852	2	really	0	0	_

853	0	the	0	0	_
853	0	German	0	0	Origin
853	0	shepherd	0	0	People_by_vocation
853	0	at	0	0	Locative_relation
853	0	his	0	0	_
853	0	side	0	0	_
853	0	.	0	0	_

853	1	Bennie	0	0	_
853	1	,	0	0	_
853	1	a	0	0	_
853	1	bomb-seeking	0	0	Weapon
853	1	dog	0	0	_
853	1	,	0	0	_
853	1	stepped	1	0	Self_motion
853	1	into	1	0	_
853	1	action	0	0	Intentionally_act
853	1	.	0	0	_

853	2	A	0	0	_
853	2	Nose	0	0	Body_parts
853	2	for	0	0	_
853	2	Safety	0	0	Being_at_risk
853	2	Bennie	0	0	_
853	2	was	0	0	_
853	2	one	0	0	Cardinal_numbers
853	2	of	0	0	Partitive
853	2	several	0	0	Quantified_mass
853	2	canine	0	0	Animals
853	2	heroes	0	0	_
853	2	that	0	0	_
853	2	helped	0	0	Assistance
853	2	humans	0	0	People

854	0	for	0	0	_
854	0	us	0	0	_
854	0	down	1	0	_
854	0	in	0	0	Interior_profile_relation
854	0	Dallas	0	0	_
854	0	for	0	0	_
854	0	a	0	0	_
854	0	long	1	0	Duration_description
854	0	time	0	0	Measure_duration
854	0	now	0	0	Temporal_collocation
854	0	.	0	0	_

854	1	He	0	0	_
854	1	can	0	0	Capability
854	1	step	0	0	Self_motion
854	1	into	0	0	_
854	1	Action	0	0	_
854	1	's	0	0	_
854	1	place	1	0	Locale
854	1	,	0	0	_
854	1	it	0	0	_
854	1	wo	0	0	_
854	1	n't	0	0	_
854	1	be	0	0	_
854	1	like	0	0	Similarity
854	1	nobody	0	0	_
854	1	got	0	0	_
854	1	hit	1	0	Cause_harm
854	1	whatsoever	0	0	_
854	1	.	0	0	_

854	2	I	0	0	_
854	2	come	0	0	Arriving

855	0	States	0	0	Political_locales
855	0	population	0	0	Aggregate
855	0	.	0	0	_

855	1	#	0	0	_
855	1	She	0	0	_
855	1	Should	0	0	Desirable_event
855	1	Run	0	0	Leadership
855	1	implements	0	0	Execute_plan
855	1	two	0	0	Cardinal_numbers
855	1	programs	0	0	Project
855	1	,	0	0	_
855	1	She	0	0	_
855	1	Should	0	0	Desirable_event
855	1	Run	0	0	_
855	1	In	1	0	_
855	1	Action	0	0	Intentionally_act
855	1	and	0	0	_
855	1	Name	0	0	Being_named
855	1	It	0	0	_
855	1	,	0	0	_
855	1	Change	1	0	Cause_change
855	1	It	0	0	_
855	1	.	0	0	_

855	2	Through	0	0	_
855	2	an	0	0	_
855	2	online	0	0	_
855	2	tool	0	0	Gizmo
855	2	,	0	0	_
855	2	individuals	0	0	People
855	2	can	0	0	Capability
855	2	visit	0	0	Arriving

856	0	It	0	0	_
856	0	.	0	0	_

856	1	Through	1	0	_
856	1	an	0	0	_
856	1	online	0	0	_
856	1	tool	1	0	Gizmo
856	1	,	0	0	_
856	1	individuals	0	0	People
856	1	can	0	0	Capability
856	1	visit	0	0	Arriving
856	1	the	0	0	_
856	1	She	0	0	_
856	1	Should	0	0	_
856	1	Run	0	0	_
856	1	In	1	0	_
856	1	Action	0	0	Intentionally_act
856	1	site	0	0	Locale_by_use
856	1	and	0	0	_
856	1	formally	0	0	_
856	1	ask	0	0	Questioning
856	1	a	0	0	_
856	1	woman	0	0	People
856	1	they	0	0	_
856	1	believe	0	0	Certainty
856	1	would	0	0	_
856	1	be	0	0	_
856	1	an	0	0	_
856	1	outstanding	0	0	Desirability
856	1	public	0	0	_
856	1	servant	0	0	People_by_vocation
856	1	to	0	0	_

857	0	He	0	0	_
857	0	's	0	0	_
857	0	got	0	0	Required_event
857	0	to	0	0	Required_event
857	0	make	1	0	Intentionally_create
857	0	a	0	0	_
857	0	decision	0	0	Deciding
857	0	of	0	0	_
857	0	whether	0	0	_
857	0	he	0	0	_
857	0	's	0	0	_
857	0	going	0	0	_
857	0	to	0	0	_
857	0	run	1	0	Self_motion
857	0	into	1	0	_
857	0	action	0	0	Intentionally_act
857	0	and	0	0	_
857	0	maybe	0	0	Likelihood
857	0	risk	0	0	Daring
857	0	his	0	0	_
857	0	secret	0	0	Secrecy_status
857	0	identity	0	0	Identicality
857	0	or	0	0	_
857	0	not	0	0	_
857	0	.	0	0	_

857	1	And	0	0	_
857	1	of	0	0	_
857	1	course	0	0	_
857	1	,	0	0	_
857	1	he	0	0	_
857	1	's	0	0	_

858	0	``	0	0	_
858	0	Bent	0	0	_
858	0	,	0	0	_
858	0	``	0	0	_
858	0	about	1	0	Topic
858	0	the	0	0	_
858	0	persecution	0	0	_
858	0	of	0	0	_
858	0	homosexuals	0	0	_
858	0	during	0	0	_
858	0	the	0	0	_
858	0	Holocaust	0	0	_
858	0	,	0	0	_
858	0	runs	1	0	_
858	0	at	0	0	Locative_relation
858	0	Actor	0	0	_
858	0	's	0	0	_
858	0	Express	0	0	_
858	0	from	1	0	_
858	0	June	0	0	Calendric_unit
858	0	24	0	0	_
858	0	to	1	0	_
858	0	Aug.	0	0	_
858	0	14	0	0	_
858	0	.	0	0	_

858	1	Preview	0	0	_
858	1	performances	0	0	Performing_arts
858	1	,	0	0	_
858	1	June	0	0	Calendric_unit
858	1	24-26	0	0	_
858	1	,	0	0	_

859	0	,	0	0	_
859	0	who	0	0	_
859	0	was	0	0	_
859	0	a	0	0	_
859	0	rabid	1	1	_
859	0	cricket	0	0	_
859	0	player	0	0	_
859	0	in	1	0	Temporal_collocation
859	0	the	0	0	_
859	0	days	0	0	Calendric_unit
859	0	when	0	0	Temporal_collocation
859	0	Hollywood	0	0	_
859	0	was	0	0	_
859	0	run	1	0	Leadership
859	0	by	0	0	_
859	0	actors	0	0	Performers_and_roles
859	0	who	0	0	_
859	0	loved	0	0	Experiencer_focus
859	0	cricket	0	0	_
859	0	:	0	0	_
859	0	``	0	0	_
859	0	He	0	0	_
859	0	once	0	0	_
859	0	appeared	0	0	Performers_and_roles
859	0	for	0	0	_
859	0	a	0	0	_
859	0	match	0	0	_
859	0	in	1	0	_
859	0	some	0	0	_
859	0	type	0	0	Type
859	0	of	0	0	_

860	0	on	0	0	Spatial_contact
860	0	Gramercy	0	0	_
860	0	Park	0	0	Locale_by_use
860	0	every	0	0	_
860	0	bit	0	0	_
860	0	as	0	0	_
860	0	venerable	0	0	Fame
860	0	as	0	0	_
860	0	the	0	0	_
860	0	cognac	0	0	_
860	0	.	0	0	_

860	1	The	0	0	_
860	1	membership	0	0	Membership
860	1	ran	1	0	Self_motion
860	1	to	1	0	_
860	1	actors	0	0	Performers_and_roles
860	1	and	0	0	_
860	1	writers	0	0	_
860	1	,	0	0	_
860	1	men	0	0	People
860	1	in	1	0	_
860	1	or	0	0	_
860	1	on	1	0	Spatial_contact
860	1	the	0	0	_
860	1	fringes	1	1	Part_orientational
860	1	of	0	0	_
860	1	the	0	0	_
860	1	arts	0	0	Craft
860	1	,	0	0	_
860	1	but	0	0	_
860	1	there	0	0	Existence

861	0	allowed	0	0	Preventing_or_letting
861	0	to	0	0	_
861	0	run	1	0	Self_motion
861	0	amok	0	0	_
861	0	through	0	0	_
861	0	the	0	0	_
861	0	National	0	0	Political_locales
861	0	Gallery	0	0	_
861	0	all	0	0	_
861	0	night	0	0	Calendric_unit
861	0	)	0	0	_
861	0	,	0	0	_
861	0	I	0	0	_
861	0	ran	0	0	Self_motion
861	0	into	0	0	Becoming_aware
861	0	actor	0	0	People_by_vocation
861	0	Dan	0	0	_
861	0	Stevens	0	0	_
861	0	,	0	0	_
861	0	who	0	0	_
861	0	stars	0	0	Performers_and_roles
861	0	as	0	0	_
861	0	Matthew	0	0	_
861	0	Crawley	0	0	_
861	0	in	1	0	_
861	0	Downton	0	0	_
861	0	Abbey	0	0	_
861	0	,	0	0	_
861	0	the	0	0	_
861	0	latest	0	0	Relative_time
861	0	hit	1	0	Performers_and_roles

862	0	perfect	0	0	Usefulness
862	0	costume	0	0	Clothing
862	0	for	0	0	_
862	0	Minnesota	0	0	_
862	0	!	0	0	_

862	1	All	0	0	Quantified_mass
862	1	the	0	0	_
862	1	males	0	0	People
862	1	were	0	0	_
862	1	impressed	0	0	Experiencer_obj
862	1	that	0	0	_
862	1	we	0	0	_
862	1	could	0	0	Capability
862	1	run	0	0	Self_motion
862	1	around	0	0	_
862	1	act	0	0	Conduct
862	1	goofy	0	0	Mental_property
862	1	.	0	0	_

862	2	#	0	0	_
862	2	True	1	0	_
862	2	.	0	0	_

862	3	But	0	0	_
862	3	the	0	0	_
862	3	vast	1	1	_
862	3	majority	0	0	_
862	3	of	0	0	_
862	3	people	0	0	People
862	3	do	0	0	_
862	3	n't	0	0	_
862	3	have	1	0	Possession
862	3	the	0	0	_

863	0	actually	0	0	_
863	0	.	0	0	_

863	1	Put	0	0	Placing
863	1	it	0	0	_
863	1	in	0	0	_
863	1	gear	0	0	_
863	1	,	0	0	_
863	1	lamp	0	0	_
863	1	chop	0	0	_
863	1	.	0	0	_

863	2	I	0	0	_
863	2	wan	0	0	_
863	2	na	0	0	_
863	2	run	1	0	Self_motion
863	2	through	1	0	_
863	2	Act	0	0	Law
863	2	I	0	0	_
863	2	before	1	0	Time_vector
863	2	first	0	0	Ordinal_numbers
863	2	period	0	0	Frequency
863	2	.	0	0	_

863	3	Space	0	0	_
863	3	is	0	0	_
863	3	time	0	0	_
863	3	,	0	0	_
863	3	time	0	0	_
863	3	is	0	0	_
863	3	relative	0	0	_
863	3	.	0	0	_

863	4	And	0	0	_
863	4	all	0	0	_

864	0	the	0	0	_
864	0	garden	0	0	Locale_by_use
864	0	as	0	0	_
864	0	well	0	0	_
864	0	...	0	0	_
864	0	#	0	0	_
864	0	Saying	0	0	Statement
864	0	goodbye	0	0	_
864	0	to	1	0	_
864	0	Hamamatsu	0	0	_
864	0	Castle	0	0	Buildings
864	0	,	0	0	_
864	0	we	0	0	_
864	0	walked	0	0	Self_motion
864	0	towards	0	0	_
864	0	Act	0	0	_
864	0	City	0	0	Political_locales
864	0	,	0	0	_
864	0	the	0	0	_
864	0	building	0	0	Buildings
864	0	which	0	0	_
864	0	looks	0	0	Give_impression
864	0	like	0	0	Similarity
864	0	a	0	0	_
864	0	Harmonica	0	0	_
864	0	from	0	0	_
864	0	far	0	0	_
864	0	away	0	0	_
864	0	.	0	0	_

864	1	#	0	0	_
864	1	But	0	0	_

865	0	Japan	0	0	_
865	0	on	1	0	_
865	0	our	0	0	_
865	0	trip	0	0	Travel
865	0	.	0	0	_

865	1	#	0	0	_
865	1	A	0	0	_
865	1	fire	0	0	_
865	1	hydrant	0	0	_
865	1	we	0	0	_
865	1	stepped	0	0	Self_motion
865	1	on	0	0	Spatial_contact
865	1	while	0	0	Temporal_collocation
865	1	walking	0	0	Self_motion
865	1	towards	0	0	_
865	1	Act	0	0	_
865	1	City	0	0	_
865	1	...	0	0	_
865	1	#	0	0	_
865	1	A	0	0	_
865	1	typical	0	0	Distinctiveness
865	1	street	0	0	Roadways
865	1	in	0	0	Interior_profile_relation
865	1	Hamamatsu	0	0	_
865	1	...	0	0	_
865	1	notice	0	0	Becoming_aware
865	1	the	0	0	_
865	1	huge	0	0	Size
865	1	``	0	0	_
865	1	P	0	0	_
865	1	``	0	0	_

866	0	Now	0	0	Temporal_collocation
866	0	,	0	0	_
866	0	after	1	0	Time_vector
866	0	knocking	0	0	_
866	0	and	0	0	_
866	0	discovering	0	0	Becoming_aware
866	0	his	0	0	_
866	0	front	0	0	Part_orientational
866	0	door	0	0	Connecting_architecture
866	0	unlocked	0	0	_
866	0	,	0	0	_
866	0	the	0	0	_
866	0	actress	0	0	People_by_vocation
866	0	walked	0	0	Self_motion
866	0	into	0	0	Goal
866	0	Act	0	0	_
866	0	I	0	0	_
866	0	,	0	0	_
866	0	Scene	1	1	_
866	0	I	0	0	_
866	0	,	0	0	_
866	0	of	0	0	_
866	0	a	0	0	_
866	0	real-life	0	0	_
866	0	murder	0	0	Killing
866	0	mystery	0	0	_
866	0	.	0	0	_

866	1	Berry	0	0	_
866	1	later	0	0	Time_vector
866	1	told	0	0	Telling
866	1	police	0	0	_

867	0	at	0	0	Locative_relation
867	0	the	0	0	_
867	0	White	0	0	_
867	0	House	0	0	Buildings
867	0	when	0	0	Temporal_collocation
867	0	a	0	0	_
867	0	very	0	0	Degree
867	0	radiant	0	0	Stimulus_focus
867	0	Diana	0	0	_
867	0	stole	1	0	Theft
867	0	the	0	0	_
867	0	show	1	0	_
867	0	by	0	0	Means
867	0	dancing	0	0	Self_motion
867	0	with	0	0	_
867	0	actor	0	0	People_by_vocation
867	0	John	0	0	_
867	0	Travolta	0	0	_
867	0	.	0	0	_

867	1	This	1	0	_
867	1	time	0	0	Event_instance
867	1	around	1	0	_
867	1	,	0	0	_
867	1	an	0	0	_
867	1	older	0	0	Age
867	1	,	0	0	_
867	1	more	0	0	_
867	1	reserved	0	0	_
867	1	couple	0	0	Personal_relationship
867	1	appeared	0	0	Give_impression
867	1	to	0	0	_

868	0	opening	0	0	_
868	0	number	0	0	Quantified_mass
868	0	of	0	0	_
868	0	Snow	0	0	_
868	0	White	0	0	_
868	0	and	0	0	_
868	0	other	0	0	Increment
868	0	``	0	0	_
868	0	BBB	0	0	_
868	0	``	0	0	_
868	0	characters	0	0	_
868	0	singing	0	0	Make_noise
868	0	and	0	0	_
868	0	dancing	0	0	Self_motion
868	0	with	0	0	Accompaniment
868	0	actor	0	0	People_by_vocation
868	0	Rob	0	0	_
868	0	Lowe	0	0	_
868	0	began	0	0	Activity_start
868	0	to	0	0	_
868	0	flop	1	1	Moving_in_place
868	0	.	0	0	_

868	1	#	0	0	_
868	1	``	0	0	_
868	1	I	0	0	_
868	1	knew	0	0	Awareness
868	1	it	0	0	_
868	1	was	0	0	_
868	1	going	0	0	_
868	1	to	0	0	_
868	1	be	0	0	_

869	0	kinds	0	0	Type
869	0	of	0	0	_
869	0	fury	0	0	Emotion_directed
869	0	.	0	0	_

869	1	Miranda	0	0	_
869	1	and	0	0	_
869	1	Ferdinand	0	0	_
869	1	might	0	0	Likelihood
869	1	kiss	0	0	Forming_relationships
869	1	as	0	0	_
869	1	they	0	0	_
869	1	meet	0	0	Make_acquaintance
869	1	and	0	0	_
869	1	dance	0	0	Self_motion
869	1	in	1	0	_
869	1	act	0	0	Part_ordered_segments
869	1	4	0	0	_
869	1	in	1	0	_
869	1	Prospero	0	0	_
869	1	's	0	0	_
869	1	betrothal	0	0	_
869	1	masque	1	1	_
869	1	that	0	0	_
869	1	clearly	0	0	Obviousness
869	1	projects	1	1	_
869	1	this	1	0	_
869	1	possibility	0	0	Likelihood
869	1	.	0	0	_

869	2	#	0	0	_
869	2	At	0	0	Locative_relation
869	2	the	0	0	_

870	0	novels	0	0	Text
870	0	``	0	0	_
870	0	nobbles	1	1	_
870	0	,	0	0	_
870	0	``	0	0	_
870	0	reducing	1	1	Cause_change_of_position_on_a_scale
870	0	them	0	0	_
870	0	to	1	0	_
870	0	rabbit	0	0	_
870	0	food	1	0	Food
870	0	.	0	0	_

870	1	They	0	0	_
870	1	all	0	0	_
870	1	hopped	1	1	Self_motion
870	1	to	1	0	_
870	1	action	0	0	Intentionally_act
870	1	in	1	0	_
870	1	other	0	0	Increment
870	1	classes	0	0	Type
870	1	,	0	0	_
870	1	inspired	0	0	Subjective_influence
870	1	by	0	0	_
870	1	threats	0	0	Commitment
870	1	,	0	0	_
870	1	eager	0	0	Desiring
870	1	to	0	0	_
870	1	keep	1	0	Activity_ongoing
870	1	athletic	0	0	_
870	1	eligibility	0	0	_
870	1	,	0	0	_
870	1	avidly	0	0	_

871	0	British	0	0	_
871	0	,	0	0	_
871	0	American	0	0	Origin
871	0	and	0	0	_
871	0	German	0	0	_
871	0	cultures	0	0	_
871	0	but	0	0	_
871	0	not	0	0	_
871	0	the	0	0	_
871	0	Japanese	0	0	_
871	0	.	0	0	_

871	1	But	0	0	Concessive
871	1	they	0	0	_
871	1	hurtled	1	1	Self_motion
871	1	into	1	0	_
871	1	action	0	0	Intentionally_act
871	1	.	0	0	_

871	2	Geoffrey	0	0	_
871	2	Gorer	0	0	_
871	2	was	0	0	_
871	2	assigned	0	0	_
871	2	to	0	0	_
871	2	deal	1	0	Resolve_problem
871	2	with	1	0	_
871	2	the	0	0	_
871	2	Japanese	0	0	People_by_origin
871	2	and	0	0	_
871	2	,	0	0	_
871	2	sure	0	0	Certainty
871	2	enough	0	0	_
871	2	,	0	0	_

872	0	,	0	0	_
872	0	so	0	0	_
872	0	the	0	0	_
872	0	emotional	0	0	_
872	0	outpouring	0	0	_
872	0	never	0	0	Frequency
872	0	happened	0	0	Event
872	0	.	0	0	_

872	1	Has	0	0	_
872	1	President	0	0	Leadership
872	1	Spock	0	0	_
872	1	,	0	0	_
872	1	who	0	0	_
872	1	bounded	1	1	Self_motion
872	1	into	1	0	_
872	1	action	0	0	Intentionally_act
872	1	on	1	0	Spatial_contact
872	1	Sandy	0	0	_
872	1	and	0	0	_
872	1	rocked	0	0	Manipulation
872	1	a	0	0	_
872	1	New	0	0	_
872	1	Jersey	0	0	_
872	1	woman	0	0	People
872	1	in	0	0	_
872	1	his	0	0	_
872	1	arms	0	0	Body_parts
872	1	,	0	0	_
872	1	really	0	0	_
872	1	grown	1	1	Expansion
872	1	?	0	0	_

873	0	march	0	0	Self_motion
873	0	in	1	0	Interior_profile_relation
873	0	the	0	0	_
873	0	Gay	0	0	_
873	0	Pride	0	0	_
873	0	Parade	0	0	_
873	0	?	0	0	_

873	1	ROXIE	0	0	_
873	1	:	0	0	_
873	1	(	1	0	_
873	1	Voiceover	0	0	_
873	1	)	0	0	_
873	1	I	0	0	_
873	1	marched	0	0	Self_motion
873	1	with	0	0	_
873	1	ACT	0	0	_
873	1	UP	0	0	_
873	1	to	0	0	_
873	1	keep	1	0	Cause_to_continue
873	1	the	0	0	_
873	1	cause	0	0	Causation
873	1	of	0	0	_
873	1	AIDS	0	0	_
873	1	alive	1	0	Dead_or_alive
873	1	.	0	0	_

873	2	We	0	0	_
873	2	're	0	0	_
873	2	in	1	0	_
873	2	a	0	0	_
873	2	war	0	0	Hostile_encounter
873	2	that	0	0	_

874	0	and	0	0	_
874	0	Kwei	0	0	_
874	0	Lin	0	0	_
874	0	.	0	0	_

874	1	This	0	0	_
874	1	work	0	0	Work
874	1	was	0	0	_
874	1	partially	0	0	_
874	1	funded	0	0	_
874	1	by	0	0	_
874	1	the	0	0	_
874	1	Pond	0	0	_
874	1	Dynamics/Aquaculture	0	0	_
874	1	CRSP	0	0	_
874	1	,	0	0	_
874	1	supported	0	0	_
874	1	by	0	0	_
874	1	AID	0	0	_
874	1	grant	0	0	_
874	1	number	0	0	_
874	1	LAG-96-90015-00	0	0	_
874	1	,	0	0	_
874	1	and	0	0	_
874	1	by	0	0	_
874	1	contributions	0	0	Giving
874	1	from	0	0	_
874	1	the	0	0	_
874	1	University	0	0	Locale_by_use
874	1	of	0	0	_
874	1	Michigan	0	0	_
874	1	and	0	0	_

875	0	When	0	0	Temporal_collocation
875	0	activists	0	0	_
875	0	in	0	0	Interior_profile_relation
875	0	Brazil	0	0	_
875	0	work	0	0	Work
875	0	with	0	0	_
875	0	Indians	0	0	People_by_origin
875	0	to	0	0	_
875	0	protect	0	0	Protecting
875	0	the	0	0	_
875	0	rain	0	0	_
875	0	forest	0	0	Biological_area
875	0	,	0	0	_
875	0	they	0	0	_
875	0	're	0	0	_
875	0	supported	0	0	Taking_sides
875	0	by	0	0	_
875	0	AID	0	0	_
875	0	.	0	0	_

875	1	And	0	0	_
875	1	AID	0	0	_
875	1	money	0	0	Money
875	1	is	0	0	_
875	1	at	1	0	_
875	1	work	1	0	Being_employed
875	1	in	0	0	Interior_profile_relation
875	1	Indonesia	0	0	_
875	1	,	0	0	_
875	1	helping	0	0	Assistance
875	1	organize	0	0	_
875	1	democratic-style	0	0	_

876	0	expanded	0	0	Cause_expansion
876	0	its	0	0	_
876	0	wireless	0	0	_
876	0	network	0	0	Network
876	0	,	0	0	_
876	0	developed	0	0	Cause_to_make_progress
876	0	policies	0	0	Law
876	0	and	0	0	_
876	0	ensured	0	0	Causation
876	0	a	0	0	_
876	0	``	0	0	_
876	0	consistent	0	0	_
876	0	user	0	0	_
876	0	experience	0	0	Perception_experience
876	0	``	0	0	_
876	0	supported	1	0	Supporting
876	0	by	0	0	_
876	0	help	0	0	Assistance
876	0	desks	0	0	_
876	0	and	0	0	_
876	0	self-service	0	0	_
876	0	apps	0	0	_
876	0	.	0	0	_

876	1	#	0	0	_
876	1	The	0	0	_
876	1	lesson	0	0	Education_teaching
876	1	learned	0	0	Education_teaching
876	1	,	0	0	_
876	1	Henninger	0	0	_
876	1	said	0	0	Statement
876	1	,	0	0	_

877	0	that	0	0	_
877	0	thus	0	0	_
877	0	hath	0	0	_
877	0	cozen	0	0	_
877	0	'd	0	0	_
877	0	you	0	0	_
877	0	at	1	0	_
877	0	hoodman-blind	0	0	_
877	0	?	0	0	_

877	1	Eyes	0	0	Body_parts
877	1	without	1	0	_
877	1	feeling	0	0	Perception_experience
877	1	,	0	0	_
877	1	feeling	0	0	Perception_experience
877	1	without	0	0	_
877	1	sight	0	0	Body_parts
877	1	,	0	0	_
877	1	ears	0	0	Body_parts
877	1	without	0	0	_
877	1	hands	0	0	Body_parts
877	1	or	0	0	_
877	1	eyes	0	0	Body_parts
877	1	,	0	0	_
877	1	smelling	0	0	Sensation
877	1	sans	0	0	_
877	1	all	0	0	Quantified_mass
877	1	,	0	0	_
877	1	or	0	0	_
877	1	but	0	0	Concessive
877	1	a	0	0	_
877	1	sickly	0	0	_

878	0	was't	0	0	_
878	0	that	1	0	_
878	0	thus	0	0	_
878	0	hath	0	0	_
878	0	cozened	1	1	_
878	0	you	0	0	_
878	0	at	1	0	Locative_relation
878	0	hoodman-blind	0	0	_
878	0	?	0	0	_

878	1	Eyes	0	0	Body_parts
878	1	without	1	0	_
878	1	feeling	0	0	Perception_experience
878	1	,	0	0	_
878	1	feeling	0	0	Perception_experience
878	1	without	1	0	_
878	1	sight	0	0	_
878	1	ears	0	0	Body_parts
878	1	without	0	0	_
878	1	hands	0	0	Body_parts
878	1	or	0	0	_
878	1	eyes	0	0	Body_parts
878	1	,	0	0	_
878	1	smelling	0	0	Sensation
878	1	sans	0	0	_
878	1	all	0	0	Quantified_mass
878	1	or	0	0	_
878	1	but	0	0	_
878	1	a	0	0	_
878	1	sickly	1	1	_
878	1	part	1	0	Part_whole
878	1	of	0	0	_

879	0	what	0	0	_
879	0	judgment	0	0	Assessing
879	0	would	0	0	_
879	0	step	1	1	Self_motion
879	0	from	1	0	_
879	0	this	1	0	_
879	0	to	1	0	_
879	0	this	1	0	_
879	0	?	0	0	_

879	1	Eyes	0	0	Body_parts
879	1	without	1	0	_
879	1	feeling	0	0	Perception_experience
879	1	,	0	0	_
879	1	feeling	0	0	Perception_experience
879	1	without	0	0	_
879	1	sight	0	0	Range
879	1	.	0	0	_

879	2	O	0	0	_
879	2	shame	0	0	Experiencer_focus
879	2	,	0	0	_
879	2	where	0	0	Locative_relation
879	2	is	0	0	Existence
879	2	thy	0	0	_
879	2	blush	0	0	_
879	2	?	0	0	_

879	3	Speak	0	0	Statement
879	3	no	0	0	_
879	3	more	0	0	_
879	3	.	0	0	_

879	4	Thou	0	0	_
879	4	turnest	0	0	_

880	0	#	0	0	_
880	0	Associated	0	0	_
880	0	Press	0	0	_
880	0	reporters	0	0	People_by_vocation
880	0	who	0	0	_
880	0	have	0	0	_
880	0	covered	1	1	_
880	0	the	0	0	_
880	0	siege	0	0	Besieging
880	0	of	0	0	_
880	0	Sarajevo	0	0	_
880	0	have	0	0	_
880	0	been	0	0	_
880	0	touched	1	1	_
880	0	by	0	0	_
880	0	sights	0	0	Sensation
880	0	,	0	0	_
880	0	sounds	0	0	Sensation
880	0	and	0	0	_
880	0	emotions	0	0	Sensation
880	0	.	0	0	_

880	1	They	0	0	_
880	1	were	0	0	_
880	1	asked	0	0	Request
880	1	to	0	0	_
880	1	contribute	0	0	Giving
880	1	their	0	0	_
880	1	most	0	0	_
880	1	vivid	1	1	_
880	1	memories	0	0	Memory
880	1	.	0	0	_

881	0	we	0	0	_
881	0	invest	1	1	_
881	0	emotion	0	0	_
881	0	into	1	0	_
881	0	images	0	0	Physical_artworks
881	0	,	0	0	_
881	0	and	0	0	_
881	0	then	0	0	Temporal_collocation
881	0	use	0	0	Using
881	0	that	1	0	_
881	0	process	0	0	Process
881	0	to	0	0	_
881	0	pour	1	1	Cause_motion
881	0	feeling	0	0	_
881	0	into	1	0	_
881	0	visions	1	1	_
881	0	of	0	0	_
881	0	our	0	0	_
881	0	own	0	0	_
881	0	choosing	0	0	Choosing
881	0	and	0	0	_
881	0	invent	0	0	Cause_to_make_progress
881	0	better	0	0	Desirability
881	0	futures	0	0	_
881	0	.	0	0	_

881	1	#	0	0	_
881	1	Since	0	0	Time_vector
881	1	the	0	0	_
881	1	dawn	1	1	Temporal_subregion
881	1	of	0	0	_
881	1	time	0	0	_

882	0	.	0	0	_

882	1	However	0	0	Concessive
882	1	,	0	0	_
882	1	I	0	0	_
882	1	can	0	0	Possibility
882	1	see	1	0	Grasp
882	1	where	0	0	Locative_relation
882	1	you	0	0	_
882	1	are	0	0	_
882	1	coming	0	0	Arriving
882	1	from	0	0	Origin
882	1	.	0	0	_

882	2	#	0	0	_
882	2	I	0	0	_
882	2	too	0	0	_
882	2	battle	1	1	Hostile_encounter
882	2	with	1	0	_
882	2	point	1	0	_
882	2	number	0	0	_
882	2	40	0	0	_
882	2	.	0	0	_

882	3	To	1	0	_
882	3	me	0	0	_
882	3	it	0	0	_
882	3	's	0	0	_
882	3	a	0	0	_
882	3	case	0	0	Instance
882	3	of	0	0	_
882	3	my	0	0	_
882	3	preference	0	0	Choosing
882	3	for	0	0	_

883	0	they	0	0	_
883	0	have	0	0	_
883	0	learned	0	0	Coming_to_believe
883	0	here	0	0	Locative_relation
883	0	and	0	0	_
883	0	not	0	0	_
883	0	just	0	0	_
883	0	read	0	0	Reading_activity
883	0	and	0	0	_
883	0	move	1	0	Motion
883	0	on	0	0	_
883	0	.	0	0	_

883	1	#	0	0	_
883	1	I	0	0	_
883	1	too	0	0	_
883	1	battle	1	1	Hostile_encounter
883	1	with	1	0	_
883	1	point	1	0	_
883	1	number	0	0	_
883	1	40	0	0	_
883	1	.	0	0	_

883	2	To	1	0	_
883	2	me	0	0	_
883	2	it	0	0	_
883	2	's	0	0	_
883	2	a	0	0	_
883	2	case	0	0	Instance
883	2	of	0	0	_
883	2	my	0	0	_
883	2	preference	0	0	Choosing
883	2	for	0	0	_

884	0	genius	0	0	Expertise
884	0	.	0	0	_

884	1	With	1	0	_
884	1	green	0	0	Color
884	1	Greetings	0	0	_
884	1	from	0	0	Origin
884	1	Everest	0	0	_
884	1	land	0	0	_
884	1	NEpal	0	0	_
884	1	.	0	0	_

884	2	Nahendra	0	0	_
884	2	Khadka	0	0	_
884	2	#	0	0	_
884	2	I	0	0	_
884	2	too	0	0	_
884	2	battle	1	1	Hostile_encounter
884	2	with	1	0	_
884	2	point	1	0	_
884	2	number	0	0	_
884	2	40	0	0	_
884	2	.	0	0	_

884	3	To	1	0	_
884	3	me	0	0	_
884	3	it	0	0	_
884	3	's	0	0	_
884	3	a	0	0	_
884	3	case	0	0	Instance
884	3	of	0	0	_
884	3	my	0	0	_
884	3	preference	0	0	Choosing
884	3	for	0	0	_

885	0	his	0	0	_
885	0	fighter	0	0	Hostile_encounter
885	0	come	0	0	Arriving
885	0	out	0	0	_
885	0	for	0	0	_
885	0	the	0	0	_
885	0	15th	0	0	Ordinal_numbers
885	0	and	0	0	_
885	0	final	0	0	Process_end
885	0	round	0	0	_
885	0	.	0	0	_

885	1	Afterward	0	0	Time_vector
885	1	,	0	0	_
885	1	Futch	0	0	_
885	1	was	0	0	_
885	1	bombarded	1	1	_
885	1	with	1	0	_
885	1	criticism	0	0	Judgment_communication
885	1	but	0	0	_
885	1	explained	0	0	Statement
885	1	calmly	0	0	_
885	1	that	0	0	_
885	1	he	0	0	_
885	1	had	0	0	_
885	1	seen	0	0	Perception_experience
885	1	too	0	0	Sufficiency
885	1	many	0	0	Quantified_mass
885	1	men	0	0	People
885	1	die	0	0	Death
885	1	in	0	0	Interior_profile_relation
885	1	the	0	0	_

886	0	not	0	0	_
886	0	erase	1	1	Removing
886	0	the	0	0	_
886	0	Bush	0	0	_
886	0	deficit	0	0	_
886	0	,	0	0	_
886	0	like	0	0	Similarity
886	0	Clinton	0	0	_
886	0	was	0	0	_
886	0	able	0	0	Capability
886	0	to	0	0	_
886	0	previously	0	0	Time_vector
886	0	,	0	0	_
886	0	he	0	0	_
886	0	is	0	0	_
886	0	bombarded	1	1	_
886	0	with	1	0	_
886	0	criticism	0	0	Judgment_communication
886	0	.	0	0	_

886	1	Then	0	0	_
886	1	the	0	0	_
886	1	republicans	0	0	_
886	1	have	1	0	_
886	1	the	0	0	_
886	1	audacity	0	0	Daring
886	1	to	0	0	_
886	1	question	0	0	Judgment_communication
886	1	the	0	0	_
886	1	patriotism	0	0	_
886	1	of	0	0	_
886	1	the	0	0	_

887	0	#	0	0	_
887	0	Ms.	0	0	_
887	0	Almontaser	0	0	_
887	0	's	0	0	_
887	0	resignation	0	0	Withdraw_from_participation
887	0	was	0	0	_
887	0	the	0	0	_
887	0	latest	0	0	Relative_time
887	0	setback	1	1	_
887	0	for	0	0	_
887	0	a	0	0	_
887	0	school	0	0	Locale_by_use
887	0	that	0	0	_
887	0	has	0	0	_
887	0	been	0	0	_
887	0	bombarded	1	1	_
887	0	with	1	0	_
887	0	criticism	0	0	Judgment_communication
887	0	since	0	0	Time_vector
887	0	February	0	0	Calendric_unit
887	0	,	0	0	_
887	0	when	0	0	Temporal_collocation
887	0	the	0	0	_
887	0	city	0	0	Political_locales
887	0	announced	0	0	Statement
887	0	plans	1	0	Purpose
887	0	to	0	0	_
887	0	open	0	0	_
887	0	it	0	0	_
887	0	.	0	0	_

887	1	The	0	0	_

888	0	psychology	0	0	_
888	0	,	0	0	_
888	0	and	0	0	_
888	0	he	0	0	_
888	0	's	0	0	_
888	0	not	0	0	_
888	0	really	0	0	_
888	0	kidding	0	0	_
888	0	.	0	0	_

888	1	With	1	0	_
888	1	social	0	0	_
888	1	media	0	0	_
888	1	,	0	0	_
888	1	players	0	0	_
888	1	get	0	0	Transition_to_state
888	1	bombarded	1	1	_
888	1	by	0	0	_
888	1	criticism	0	0	Judgment_communication
888	1	,	0	0	_
888	1	and	0	0	_
888	1	a	0	0	_
888	1	coach	0	0	People_by_vocation
888	1	has	0	0	Required_event
888	1	to	0	0	Required_event
888	1	manage	1	0	_
888	1	it	0	0	_
888	1	.	0	0	_

888	2	#	0	0	_
888	2	In	1	0	_
888	2	that	1	0	_
888	2	regard	1	1	Topic

889	0	did	0	0	_
889	0	n't	0	0	_
889	0	want	0	0	Desiring
889	0	their	0	0	_
889	0	supporters	0	0	_
889	0	becoming	0	0	Becoming
889	0	discouraged	0	0	Subjective_influence
889	0	.	0	0	_

889	1	The	0	0	_
889	1	networks	0	0	Network
889	1	,	0	0	_
889	1	meanwhile	0	0	_
889	1	,	0	0	_
889	1	have	0	0	_
889	1	been	0	0	_
889	1	bombarded	1	1	_
889	1	by	0	0	_
889	1	criticism	0	0	Judgment_communication
889	1	in	1	0	Temporal_collocation
889	1	years	0	0	Calendric_unit
889	1	past	0	0	Relative_time
889	1	that	0	0	_
889	1	we	0	0	_
889	1	have	0	0	_
889	1	disenfranchised	0	0	_
889	1	voters	0	0	_
889	1	by	0	0	Means
889	1	predicting	0	0	Predicting
889	1	elections	0	0	Change_of_leadership
889	1	before	1	0	Time_vector
889	1	the	0	0	_

890	0	Parade	0	0	_
890	0	All-American	0	0	_
890	0	in	1	0	_
890	0	football	0	0	_
890	0	and	0	0	_
890	0	a	0	0	_
890	0	state	0	0	Political_locales
890	0	champion	0	0	_
890	0	shot-putter	0	0	_
890	0	in	1	0	_
890	0	track	0	0	_
890	0	at	0	0	Locative_relation
890	0	Wood	0	0	_
890	0	River	0	0	Natural_features
890	0	--	0	0	_
890	0	battled	1	1	Hostile_encounter
890	0	through	1	0	_
890	0	criticism	0	0	Judgment_communication
890	0	to	0	0	_
890	0	lead	1	0	Cotheme
890	0	the	0	0	_
890	0	Huskers	0	0	_
890	0	to	1	0	_
890	0	the	0	0	_
890	0	1997	0	0	_
890	0	national	0	0	Political_locales
890	0	title	0	0	Finish_competition
890	0	.	0	0	_

890	1	He	0	0	_
890	1	became	0	0	Becoming
890	1	the	0	0	_

891	0	Parade	0	0	_
891	0	All-American	0	0	_
891	0	in	1	0	_
891	0	football	0	0	_
891	0	and	0	0	_
891	0	a	0	0	_
891	0	state	0	0	Political_locales
891	0	champion	0	0	_
891	0	shot-putter	0	0	_
891	0	in	1	0	_
891	0	track	0	0	_
891	0	at	0	0	Locative_relation
891	0	Wood	0	0	_
891	0	River	0	0	Natural_features
891	0	--	0	0	_
891	0	battled	1	1	Hostile_encounter
891	0	through	1	0	_
891	0	criticism	0	0	Judgment_communication
891	0	to	0	0	_
891	0	lead	1	0	Cotheme
891	0	the	0	0	_
891	0	Huskers	0	0	_
891	0	to	1	0	_
891	0	the	0	0	_
891	0	1997	0	0	_
891	0	national	0	0	Political_locales
891	0	title	0	0	Finish_competition
891	0	.	0	0	_

891	1	He	0	0	_
891	1	became	0	0	Becoming
891	1	the	0	0	_

892	0	to	0	0	_
892	0	campaign	0	0	_
892	0	against	1	0	Taking_sides
892	0	you	0	0	_
892	0	.	0	0	_

892	1	RON	0	0	_
892	1	CLAIBORNE	0	0	_
892	1	:	0	0	_
892	1	voice-over	0	0	_
892	1	For	0	0	_
892	1	two	0	0	Cardinal_numbers
892	1	hours	0	0	Measure_duration
892	1	,	0	0	_
892	1	Cantwell	0	0	_
892	1	was	0	0	_
892	1	bombarded	1	1	_
892	1	with	1	0	_
892	1	arguments	0	0	Reasoning
892	1	for	0	0	Taking_sides
892	1	and	0	0	_
892	1	against	1	0	Taking_sides
892	1	the	0	0	_
892	1	trade	0	0	_
892	1	pact	1	1	Be_in_agreement_on_action
892	1	,	0	0	_
892	1	but	0	0	_
892	1	she	0	0	_
892	1	had	0	0	_
892	1	already	0	0	Time_vector
892	1	made	1	0	_
892	1	up	1	0	_

893	0	``	0	0	_
893	0	oil	0	0	Substance
893	0	on	0	0	_
893	0	canvas	0	0	_
893	0	.	0	0	_

893	1	/	0	0	_
893	1	Chuck	0	0	_
893	1	Close	0	0	_
893	1	51919	0	0	_
893	1	#	0	0	_
893	1	The	0	0	_
893	1	University	0	0	Locale_by_use
893	1	of	0	0	_
893	1	California	0	0	_
893	1	,	0	0	_
893	1	besieged	1	1	_
893	1	by	0	0	_
893	1	criticism	0	0	Judgment_communication
893	1	over	1	0	_
893	1	its	0	0	_
893	1	management	0	0	_
893	1	of	0	0	_
893	1	Los	0	0	_
893	1	Alamos	0	0	_
893	1	National	0	0	Political_locales
893	1	Laboratory	0	0	Locale_by_use
893	1	,	0	0	_
893	1	beat	1	0	Beat_opponent
893	1	back	1	0	_
893	1	a	0	0	_
893	1	strong	1	1	Level_of_force_exertion

894	0	local	0	0	Political_locales
894	0	and	0	0	_
894	0	government	0	0	Leadership
894	0	views.	1	0	Categorization
894	0	``	0	0	_

894	1	In	0	0	Interior_profile_relation
894	1	Colombia	0	0	_
894	1	,	0	0	_
894	1	Foster	0	0	_
894	1	Parents	0	0	Kinship
894	1	'	0	0	_
894	1	sex-education	0	0	_
894	1	efforts	0	0	Attempt
894	1	were	0	0	_
894	1	torpedoed	1	1	_
894	1	after	1	0	Relative_time
894	1	criticism	0	0	Judgment_communication
894	1	from	1	0	_
894	1	Catholic	0	0	People_by_religion
894	1	church	0	0	_
894	1	leaders	0	0	Leadership
894	1	.	0	0	_

894	2	#	0	0	_
894	2	``	0	0	_
894	2	We	0	0	_
894	2	do	0	0	_
894	2	n't	0	0	_
894	2	do	0	0	Intentionally_act
894	2	family	0	0	Kinship
894	2	planning	0	0	_

895	0	the	0	0	_
895	0	lone	0	0	Sole_instance
895	0	Oscar	0	0	_
895	0	citation	0	0	_
895	0	for	0	0	_
895	0	The	0	0	_
895	0	Hurricane	0	0	_
895	0	,	0	0	_
895	0	which	0	0	_
895	0	had	1	0	_
895	0	its	0	0	_
895	0	enthusiastic	1	1	_
895	0	,	0	0	_
895	0	pre-opening	0	0	_
895	0	buzz	1	1	_
895	0	torpedoed	1	1	_
895	0	by	0	0	_
895	0	criticism	0	0	Judgment_communication
895	0	that	0	0	_
895	0	the	0	0	_
895	0	filmmakers	0	0	People_by_vocation
895	0	took	1	0	_
895	0	too	0	0	Sufficiency
895	0	many	0	0	Quantified_mass
895	0	creative	0	0	_
895	0	liberties	1	1	_
895	0	with	1	0	_
895	0	the	0	0	_
895	0	facts	0	0	_
895	0	of	0	0	_
895	0	Carter	0	0	_

