Unnamed: 0,lemma_1,lemma_2,year,genre,source,text,clean_text,sentence_key
0,backward,time,2019,FIC,Analog,"too-forward. Maybe the only allowed way; no past travel. # Fiction features backward time travel, adventures in the past. Writers prefer that; they can't","too-forward. Maybe the only allowed way; no past travel. # Fiction features backward time travel, adventures in the past. Writers prefer that; they can't",816c5fb126b4ea37f2d347fd59cfe27e
1,backward,time,2019,ACAD,Tehnicki Vjesnik,"There are three general approaches to detecting moving objects: background extraction, forward or backward time difference, and motion vectors. Among them, background extraction is a very","There are three general approaches to detecting moving objects: background extraction, forward or backward time difference, and motion vectors. Among them, background extraction is a very",d99fd3c45f8020c8888d004f8ca5bfea
2,backward,time,2017,MAG,Nerdist,"was born to play. She's outspoken and feminist as all hell in a backward time and place. And now on the brink of premiere, the pilot positions","was born to play. She's outspoken and feminist as all hell in a backward time and place. And now on the brink of premiere, the pilot positions",4eae9e7b36c4bba60eb912768bff2fc0
3,backward,time,2012,ACAD,PhysicsToday,"are locally the regions of most strongly diverging flow. Performing the same procedure in backward time, one identifies regions with high backward-time FTLE values. Those regions of strongest","are locally the regions of most strongly diverging flow. Performing the same procedure in backward time, one identifies regions with high backward-time FTLE values. Those regions of strongest",a7eefd8fe53c8378c76cd4d89ad58f4e
4,backward,time,2012,ACAD,PhysicsToday,one identifies regions with high backward-time FTLE values. Those regions of strongest divergence in backward time are the regions of strongest local convergence in ordinary forward time. # In,one identifies regions with high backward-time FTLE values. Those regions of strongest divergence in backward time are the regions of strongest local convergence in ordinary forward time. # In,a9b7c8d7f4f9a0d6fa8f29ed3589d185
5,backward,time,2012,ACAD,PhysicsToday,"in fact, indicators of repelling LCSs in forward time and of attracting LCSs in backward time. The ridges were initially believed to be almost Lagrangian--that is, the flux","in fact, indicators of repelling LCSs in forward time and of attracting LCSs in backward time. The ridges were initially believed to be almost Lagrangian--that is, the flux",3b34e5cfd21bf7843d693fb4840cf454
6,backward,time,2012,ACAD,PhysicsToday,will be to follow the evolution of LCSs as they are advected in forward or backward time by the fluid flow. That's more than simply locating a repelling or,will be to follow the evolution of LCSs as they are advected in forward or backward time by the fluid flow. That's more than simply locating a repelling or,e0bf1030df7976f66a6f20d19b59c518
7,backward,time,2012,WEB,debate.org,"say that forward time travel has been proven possible. But no evidence shows that backward time travel is possible. # Proposed possibilities include Worm Holes, but no worm","say that forward time travel has been proven possible. But no evidence shows that backward time travel is possible. # Proposed possibilities include Worm Holes, but no worm",bdf53de7c57c509ab7809af5ecfa5a13
8,backward,time,2012,WEB,debate.org,of space is fragile and violently shaking according to M-Theory) # I argue that backward time travel either is impossible or sufficient time will pass before it is that the,of space is fragile and violently shaking according to M-Theory) # I argue that backward time travel either is impossible or sufficient time will pass before it is that the,e1143f0870b4db8563acb41b2050ca9b
9,backward,time,2012,BLOG,...dinary-gentlemen.com,managed better If you'd had it planned Now why'd you choose such a backward time And such a strange land? # If you'd come today You could,managed better If you'd had it planned Now why'd you choose such a backward time And such a strange land? # If you'd come today You could,8ef9e60308bc95ce719420014343f7ce
10,backward,time,2011,ACAD,Communications,"practice, the particle advec-tion approach allows implementa-tion of the algorithm in both forward and backward time, meaning the flow segments are the same regardless of which direction the flow","practice, the particle advec-tion approach allows implementa-tion of the algorithm in both forward and backward time, meaning the flow segments are the same regardless of which direction the flow",74265bbb271439ed65e813bd4271aa06
11,backward,time,2007,TV,The Universe,to actually transport information backward in time... or people backward in time. But backward time travel raises disturbing paradoxes. Could one actually voyage to the past and change,to actually transport information backward in time... or people backward in time. But backward time travel raises disturbing paradoxes. Could one actually voyage to the past and change,c95bba8786657d969b6f11372ed3d582
12,backward,time,2007,TV,The Universe,"... and perhaps, one day, they may come knocking on your door. Backward time travel has ignited a myriad of science fiction scenarios. If that machine can","... and perhaps, one day, they may come knocking on your door. Backward time travel has ignited a myriad of science fiction scenarios. If that machine can",0c6e8036d45ec4fe3cb1e92a372503c3
13,backward,time,2007,TV,The Universe,"changing history? One possibility is that the laws of physics... allowyou to do backward time travel... as long as it leads to a self-consistent universe... that,","changing history? One possibility is that the laws of physics... allowyou to do backward time travel... as long as it leads to a self-consistent universe... that,",80356c557d307a4be71eb5e3aa2a7e97
14,backward,time,2007,TV,The Universe,"place... for example, in the grandfather paradox. For now, forward or backward time travel... through a wormhole remains in question. And some scientists think...","place... for example, in the grandfather paradox. For now, forward or backward time travel... through a wormhole remains in question. And some scientists think...",fca9095a612839344e8b6b1475d9756f
15,backward,time,1995,FIC,ContempFic,", sammenstod (Distances, Collisions, 1979, poems), Baglaens tid (Backward Time, 1983, poems), Kragevending: landsbydigte (As the Crow Turns",", sammenstod (Distances, Collisions, 1979, poems), Baglaens tid (Backward Time, 1983, poems), Kragevending: landsbydigte (As the Crow Turns",65ecf73a0f8306e647741e71db68aa24
16,back,time,2018,FIC,Fan Fic,"the house on Castle Lake every summer, driving that same stretch to Bangor and back time after time. Shaving miles and more miles, and miles after that.","the house on Castle Lake every summer, driving that same stretch to Bangor and back time after time. Shaving miles and more miles, and miles after that.",5ffe75bcac871f2bf6148aee679a4541
17,back,time,2017,TV,Abstract: The Art of...,"bit, and instead of taking it and absorbing it, I give it right back times a thousand, and I normally yell at their face. [loudly] Amazing!","bit, and instead of taking it and absorbing it, I give it right back times a thousand, and I normally yell at their face. [loudly] Amazing!",f4e18419dc1429f66c80558eda64bda2
18,back,time,2016,FIC,World Literature Today,"ruins your life as you knew it. # But a broken foot gives you back time. Today, for instance, instead of going to a Barre Method class","ruins your life as you knew it. # But a broken foot gives you back time. Today, for instance, instead of going to a Barre Method class",503991c1e15e7c86fef12baf43552f6f
19,back,time,2007,SPOK,NPR_TellMore,"grocery store is full of things that are already done for you to buy you back time, and that's why "" Semi-Homemade "" has been so successful and is","grocery store is full of things that are already done for you to buy you back time, and that's why "" Semi-Homemade "" has been so successful and is",6950af003f27468c2caa190caa0e781f
20,back,time,2003,TV,Malcolm in the Middle,"Sure. Oble? of the Earth around the table and, like Superman and back time for a moment before as We thought fail for like. Are still being","Sure. Oble? of the Earth around the table and, like Superman and back time for a moment before as We thought fail for like. Are still being",0c2c1af98f3208b12122769f8e28c7c8
21,back,time,1996,MAG,Backpacker,"bit before hitting the trail. Then start hiking slowly to give your legs and back time to warm up. Stretch again on your first break, then gradually increase","bit before hitting the trail. Then start hiking slowly to give your legs and back time to warm up. Stretch again on your first break, then gradually increase",c52bff52c65118651c9b1fe8540532fc
22,setting,time,2012,BLOG,danariely.com,often and the other partner wishes to have intimacy more often. Can you imagine setting times for intimacy working? # My family is fairly busy -- we don't,often and the other partner wishes to have intimacy more often. Can you imagine setting times for intimacy working? # My family is fairly busy -- we don't,59582e62dc64aaf95f5dce3713390582
23,setting,time,2007,FIC,FantasySciFi,"ordinary person, remote viewing combined with precognition might seem not much more remarkable than setting time transceiver coordinates mentally while in a selfinduced state of trance. But several dozen","ordinary person, remote viewing combined with precognition might seem not much more remarkable than setting time transceiver coordinates mentally while in a selfinduced state of trance. But several dozen",847d1366b4d73194937bc3128daaa5da
24,setting,time,1999,MAG,SkyTelescope,"this table: Finally, the Moon's rapid orbital motion alters lunar rising and setting times slightly if your longitude differs from 90deg west. The Moon rises and sets","this table: Finally, the Moon's rapid orbital motion alters lunar rising and setting times slightly if your longitude differs from 90deg west. The Moon rises and sets",ef66888eb965b5456943c56de1557cd8
25,setting,time,1995,ACAD,RehabResrch,total contact cast was applied. Weightbearing was not allowed for 3 to 4 hrs setting time to assure sufficient hardening of the plaster inner shell. The subject then walked,total contact cast was applied. Weightbearing was not allowed for 3 to 4 hrs setting time to assure sufficient hardening of the plaster inner shell. The subject then walked,7288875b02d2a27ada0ef6b0220a3e5d
26,setting,time,1991,MAG,Compute,"ask for your location in longitude and latitude, not only to figure rising and setting times, but also to calculate the appearance of solar and lunar eclipses. You","ask for your location in longitude and latitude, not only to figure rising and setting times, but also to calculate the appearance of solar and lunar eclipses. You",371fa0ad133a27e12ce12eac3a65b913
27,outside,relationship,2014,ACAD,CollegeStud,"(Mietzner, 2005). An important defense against loneliness can be support from outside relationships, such as family and friends (Sadava & Matejcic, 1987).","(Mietzner, 2005). An important defense against loneliness can be support from outside relationships, such as family and friends (Sadava & Matejcic, 1987).",50818b3621b8f0ef145706a8756fc3a8
28,outside,relationship,2012,SPOK,PBS_Newshour,"intelligence agency like the CIA when someone seems to have had some sort of inappropriate outside relationship than it would be, say, if he were working for another domestic","intelligence agency like the CIA when someone seems to have had some sort of inappropriate outside relationship than it would be, say, if he were working for another domestic",42f38dd97275deebd7e20a45a19d5223
29,outside,relationship,2012,WEB,chronicle.com,"their decision, the NCAA could hurt Penn State's enrollment, recruiting, and outside relationships and partnerships, "" the source said. "" If you don't attract","their decision, the NCAA could hurt Penn State's enrollment, recruiting, and outside relationships and partnerships, "" the source said. "" If you don't attract",a6fe883e1e280e7428e3889371daea63
30,outside,relationship,2012,WEB,....clevelandclinic.org,. Cleveland Clinic strives to make scientific advances that will benefit patient care and support outside relationships that promise public benefit. In order for the discoveries of Cleveland Clinic physicians,. Cleveland Clinic strives to make scientific advances that will benefit patient care and support outside relationships that promise public benefit. In order for the discoveries of Cleveland Clinic physicians,6b768a4321a52f84e449f55f5fa4803f
31,outside,relationship,2012,BLOG,liquidhip.com,because he doubted his ability to do either. It didn't help watching several outside relationships he admired break down and fall apart. The ones who suffered the most,because he doubted his ability to do either. It didn't help watching several outside relationships he admired break down and fall apart. The ones who suffered the most,3fcb9bff03c48b4c6a6fa7cf7f483898
32,outside,relationship,2012,BLOG,polyamory.com (1),because I just wasn't that into her. He hadn't had any outside relationships until recently.. # He met a girl at a bar and started talking,because I just wasn't that into her. He hadn't had any outside relationships until recently.. # He met a girl at a bar and started talking,4cbb67fe4684d882e75a385426fb8379
33,outside,relationship,2009,SPOK,ABC_GMA,"should form a two-handed circle. And that's the way it should stay. Outside relationships, you always got to ask yourself, what good do they bring to","should form a two-handed circle. And that's the way it should stay. Outside relationships, you always got to ask yourself, what good do they bring to",2bb01cb62b664dfef7dcdd4427d0c6a3
34,outside,relationship,2004,MAG,Ebony,"very married Brother who has no intention of leaving his wife, but engages in outside relationships and leads his mistresses to believe that he will soon be ending the marriage","very married Brother who has no intention of leaving his wife, but engages in outside relationships and leads his mistresses to believe that he will soon be ending the marriage",588d5489cd8628885a5bf17f121184d5
35,outside,relationship,2004,MAG,Ebony,did it mean? There are basically two kinds of infidelity-opportunistic infidelity and a long-term outside relationship involving major investments of time and emotion. The opportunistic affair generally involves the,did it mean? There are basically two kinds of infidelity-opportunistic infidelity and a long-term outside relationship involving major investments of time and emotion. The opportunistic affair generally involves the,2dadc2fc68a590970cd3fc3c7f391d71
36,outside,relationship,2004,MAG,Ebony,"Marriages are also likely to dissolve quickly when one partner gets involved in a long-term outside relationship. In many cases, psychologist Smith says, an outside relationship may be","Marriages are also likely to dissolve quickly when one partner gets involved in a long-term outside relationship. In many cases, psychologist Smith says, an outside relationship may be",3d9f3d821ec920addea118eba06ce17d
37,outside,relationship,2004,MAG,Ebony,"in a long-term outside relationship. In many cases, psychologist Smith says, an outside relationship may be a strong indicator that the person may no longer feel emotionally connected","in a long-term outside relationship. In many cases, psychologist Smith says, an outside relationship may be a strong indicator that the person may no longer feel emotionally connected",dc8e7a9f38d4fa2b862484c201992fee
38,outside,relationship,2001,ACAD,Education,"provide financial, technical and programmatic assistance. They can facilitate interschool communication, nurture outside relationships and in many instances be the early inspiration for the project. There are","provide financial, technical and programmatic assistance. They can facilitate interschool communication, nurture outside relationships and in many instances be the early inspiration for the project. There are",ddc8e21be5bf6b36a7b70d62418edd91
39,outside,relationship,1995,MAG,Prevention,security. Appropriate boundaries that therapists must adhere to include things like not having an outside relationship with a client while she's in treatment; not counseling somebody with whom,security. Appropriate boundaries that therapists must adhere to include things like not having an outside relationship with a client while she's in treatment; not counseling somebody with whom,516b8766d141ef4125d86a0722686fd0
40,outside,relationship,1992,SPOK,CNN_Sonya,"responsible non-monogamy.' Currently, she lives with two other people and has additional outside relationships. Wow! I guess one-on-one isn't for you, a crowd is","responsible non-monogamy.' Currently, she lives with two other people and has additional outside relationships. Wow! I guess one-on-one isn't for you, a crowd is",23374ea83082b17d4bafecc4febce7d3
41,outside,relationship,1992,SPOK,CNN_Sonya,"n't disturb yourself over whatever you're doing including having the fantasies or having the outside relationships, or occasionally lusting for someone else, that's fine SONYA OK,","n't disturb yourself over whatever you're doing including having the fantasies or having the outside relationships, or occasionally lusting for someone else, that's fine SONYA OK,",5099f1b9e16a41926be932966d438e11
42,outside,relationship,1992,SPOK,CNN_Sonya,": But, I think there are some couples who are able to have the outside relationship, still maintain their love connection, not take time and affection away from",": But, I think there are some couples who are able to have the outside relationship, still maintain their love connection, not take time and affection away from",cb91f62fe5ab5731390268084d9bd378
43,outside,relationship,1992,SPOK,CNN_Sonya,", you know, the trend these days is that the figures of women having outside relationships is getting higher and I think, perhaps, because women have been able",", you know, the trend these days is that the figures of women having outside relationships is getting higher and I think, perhaps, because women have been able",4b2c530b161506d577b4ad40bd9bd752
44,outside,relationship,1992,SPOK,CNN_Sonya,"s one way of finding out. It depends on whether she's using the outside relationship as a supplement but really, firmly, is connected to her relationship or","s one way of finding out. It depends on whether she's using the outside relationship as a supplement but really, firmly, is connected to her relationship or",3d0c53d19a5f0d3ff87e10246be735ff
45,expansive,relationship,2016,MAG,Fox News,"as rivals faced expropriation and regulatory obstacles. # In 2011, Tillerson announced an expansive relationship with Russia's Rosneft that will spend years and billions of dollars developing technology","as rivals faced expropriation and regulatory obstacles. # In 2011, Tillerson announced an expansive relationship with Russia's Rosneft that will spend years and billions of dollars developing technology",3796b4a549f195d97d68510e49c510aa
46,expansive,relationship,2012,BLOG,...ywiththeleadpipe.org,potential new editor to contribute as a guest author with the hopes that a more expansive relationship might follow.  Accomplishments # In the Library with the Lead Pipe has,potential new editor to contribute as a guest author with the hopes that a more expansive relationship might follow. Accomplishments # In the Library with the Lead Pipe has,5b217de4fb93f8f49e1ae0a8420491a9
47,expansive,relationship,2011,ACAD,Education,"dynamic (Brooks &; Brooks, 1999), and framed by a trusting but expansive relationship (Meier, 2002). Just as teaching is intentional, so must","dynamic (Brooks &; Brooks, 1999), and framed by a trusting but expansive relationship (Meier, 2002). Just as teaching is intentional, so must",49557ba8afbacfbd19d02c2dcb10d2eb
48,outside,power,2019,SPOK,Fox_Baier,"to overthrow the Monroe doctrine, which for centuries has said no outside interference from outside powers in the western hemisphere. In order to really elevate this situation, I","to overthrow the Monroe doctrine, which for centuries has said no outside interference from outside powers in the western hemisphere. In order to really elevate this situation, I",e1fa246b79b7ad2247f49a8a01aa9844
49,outside,power,2019,FIC,Analog,"predates that. "" # She sneered. "" Yet it must rely on an outside power source. "" # "" And? "" # "" And isn't that","predates that. "" # She sneered. "" Yet it must rely on an outside power source. "" # "" And? "" # "" And isn't that",deb3a6720826934619c5b82361501ec5
50,outside,power,2019,NEWS,USA TODAY,"really, because of how small the rosters are and how large the influence of outside power brokers is. # This season was a confirmation of it - repeatedly.","really, because of how small the rosters are and how large the influence of outside power brokers is. # This season was a confirmation of it - repeatedly.",9fe315b6e52d9430be3b3cc914c6be06
51,outside,power,2018,MAG,The Atlantic,in order to help liberalism write a new story for our own time. # Outside powers have been central to the nuclear crisis -- but for a few peculiar weeks,in order to help liberalism write a new story for our own time. # Outside powers have been central to the nuclear crisis -- but for a few peculiar weeks,b01a8aa57c9a4442920c04f6294f4dcf
52,outside,power,2018,ACAD,Foreign Affairs,"far worse, as the Iraqis and the Libyans know only too well: when outside powers overthrow autocrats sitting atop failing states, open-ended chaos is much more likely to","far worse, as the Iraqis and the Libyans know only too well: when outside powers overthrow autocrats sitting atop failing states, open-ended chaos is much more likely to",8c0a3c7b6f6471de7798ea91429ffa9e
53,outside,power,2017,ACAD,The Middle East Journal,"forces for fear of filling enemy ranks. Local leaders promptly proceeded to play these outside powers against one another, requiring concessions in material support and local autonomy that neither","forces for fear of filling enemy ranks. Local leaders promptly proceeded to play these outside powers against one another, requiring concessions in material support and local autonomy that neither",549d59187b4a1dd09e83525bb9d4e3ca
54,outside,power,2017,ACAD,The Middle East Journal,": in the absence of integration into a stable international system, interventionist impulses by outside powers serve not to induce social change or development but only to sustain local political",": in the absence of integration into a stable international system, interventionist impulses by outside powers serve not to induce social change or development but only to sustain local political",11fc463a46b89d3e87961c8da004b81d
55,outside,power,2017,ACAD,Journal of Film and Video,"his brother's presence and what it has come to signify, ultimately thwarting the outside power interests who attempt to rewrite the town. # Although the narrative structure invites","his brother's presence and what it has come to signify, ultimately thwarting the outside power interests who attempt to rewrite the town. # Although the narrative structure invites",b249989efe35d2dcfa31d68d1ef467cd
56,outside,power,2017,TV,Africa's Great Civil...,"other. It in fact allowed The king of kongo. To connect with An outside power. It wasn't a local power, it was An outside power which","other. It in fact allowed The king of kongo. To connect with An outside power. It wasn't a local power, it was An outside power which",c8f552f7166011303ad3d0e52648e7a3
57,outside,power,2017,TV,Africa's Great Civil...,"with An outside power. It wasn't a local power, it was An outside power which, in fact, Meant that kongo became Part of what was emerging","with An outside power. It wasn't a local power, it was An outside power which, in fact, Meant that kongo became Part of what was emerging",3ac1b43f616813a5726d33403d0f3f12
58,outside,power,2016,SPOK,PBS_Newshour,But they also play a role in Iraq's efforts to emerge as the dominant outside power in Iraq and to kind of supplant the U.S. in this role. We,But they also play a role in Iraq's efforts to emerge as the dominant outside power in Iraq and to kind of supplant the U.S. in this role. We,2cfce7585146d728822327133f3b0558
59,outside,power,2016,MAG,Daily Beast,"waves of Iraqi leaders who are increasingly seen as little more than factotums of interfering outside powers, namely the United States or Iran. U.S. policy has been single-mindedly wedded","waves of Iraqi leaders who are increasingly seen as little more than factotums of interfering outside powers, namely the United States or Iran. U.S. policy has been single-mindedly wedded",3300e47cddfeec55fd5c3d6985ad4a01
60,outside,power,2015,MAG,NatGeog,"He had the tired half smile of a man who thought in millennia. "" Outside powers still fight over this area -- the Mesopotamian plain. It is the meeting","He had the tired half smile of a man who thought in millennia. "" Outside powers still fight over this area -- the Mesopotamian plain. It is the meeting",366d8ce38abc3ba18561bdd3070f1d97
61,outside,power,2015,MAG,PopMech,the weight's motion and further amplifying its damping effect. No active control or outside power source is necessary. The magnetic fip occurs because of a version of Newton,the weight's motion and further amplifying its damping effect. No active control or outside power source is necessary. The magnetic fip occurs because of a version of Newton,7cb40836f2adff77b6857d4b1bc2e629
62,outside,power,2015,MAG,PopScience,"to the treatment plant and get clean water, and you wouldn't need any outside power. "" # Daniel Bond at the University of Min- nesota is exploring the","to the treatment plant and get clean water, and you wouldn't need any outside power. "" # Daniel Bond at the University of Min- nesota is exploring the",8244168d0c28901cd04fb671aeace9e9
63,outside,power,2015,MAG,USAToday,", but we are still, I think without any question, the most influential outside power. "" # Calling the U.S. "" largely reactive, "" and a """,", but we are still, I think without any question, the most influential outside power. "" # Calling the U.S. "" largely reactive, "" and a """,2e018540d096c1f5ab6dfe205022780b
64,outside,power,2015,NEWS,NYTimes,"to come to an agreement of their own. "" He needs the help of outside powers, "" he said. "" It starts with backers of Assad. That","to come to an agreement of their own. "" He needs the help of outside powers, "" he said. "" It starts with backers of Assad. That",38e37849ed8d95c954a28066f85c8e2c
65,outside,power,2015,ACAD,WorldAffairs,"and continuing with his Munich speech in 2007, Putin has hyped the threat of outside powers. Russia's 2010 Military Doctrine cites NATO enlargement as the greatest military danger","and continuing with his Munich speech in 2007, Putin has hyped the threat of outside powers. Russia's 2010 Military Doctrine cites NATO enlargement as the greatest military danger",afe0a8bcf21a6c5494ccc33936d2b642
66,outside,power,2015,MOV,Requiem for the American Dream,"course, he puts it in terms of defense, "" defending ourselves against an outside power. "" But if you look at it, it's a call for","course, he puts it in terms of defense, "" defending ourselves against an outside power. "" But if you look at it, it's a call for",118ac7cc5185921c975f6ca680f7e011
67,outside,power,2014,SPOK,ABC: This Week,"need to support your friends. They can win your enemies by being supported by outside powers, which is the case in both Ukraine and Syria. Syria was also","need to support your friends. They can win your enemies by being supported by outside powers, which is the case in both Ukraine and Syria. Syria was also",e3551f0902f3be8a43a65768a71027e9
68,outside,power,2014,MAG,America,""" good neighbor "" policies--trade and cultural deals--seemed designed to diminish Asean's ties to outside powers, but in fact its territorial claims seem to reinforce the perception in South",""" good neighbor "" policies--trade and cultural deals--seemed designed to diminish Asean's ties to outside powers, but in fact its territorial claims seem to reinforce the perception in South",966eea90d2f377e96095161186704df7
69,outside,power,2014,ACAD,PolSciQuarterly,", the behaviors are often intertwined with the shifting self-images of Taiwan in relation to outside powers and the intense tug-of-war between domestic forces taking interest in these self-images. In",", the behaviors are often intertwined with the shifting self-images of Taiwan in relation to outside powers and the intense tug-of-war between domestic forces taking interest in these self-images. In",b6150a9da906266233f4b8410d444b7f
70,outside,power,2014,ACAD,MiddleEastQ,"? Unless he shows a hitherto-unseen competence, 14 his chances are slim. # Outside powers can help by cooperating with Sisi on immediate concerns--arms, counterterrorism, and intelligence--and","? Unless he shows a hitherto-unseen competence, 14 his chances are slim. # Outside powers can help by cooperating with Sisi on immediate concerns--arms, counterterrorism, and intelligence--and",badf515d40dc605cd726094c7236208f
71,outside,power,2013,MAG,USAToday,"Nations of the world ratified the Genocide Convention in response to the widespread belief that outside powers had stood by during the mass murder of Armenians during World War I,","Nations of the world ratified the Genocide Convention in response to the widespread belief that outside powers had stood by during the mass murder of Armenians during World War I,",8c20503040b320822307820d8504f5a8
72,outside,power,2013,ACAD,PolSciQuarterly,"the member states of the containment regime, and also the close support of an outside power like the United States. # As we have shown, however, the","the member states of the containment regime, and also the close support of an outside power like the United States. # As we have shown, however, the",2e28cc10dd6133469fde1340a1b47a64
73,outside,power,2012,NEWS,CSMonitor,"in Iraq, and Libya, to name a few. In each case, outside powers intervened at some point to stop the killing. The results - while imperfect","in Iraq, and Libya, to name a few. In each case, outside powers intervened at some point to stop the killing. The results - while imperfect",3c7693e97077b8b5cc8895e1bed4c03e
74,outside,power,2012,NEWS,CSMonitor,in Syria have merit. It is difficult. The Syrian military is strong. Outside powers such as Iran and Russia are engaged. The local politics are complicated.,in Syria have merit. It is difficult. The Syrian military is strong. Outside powers such as Iran and Russia are engaged. The local politics are complicated.,8414d3d1544870318a897a2844db3c48
75,outside,power,2012,NEWS,CSMonitor,"an "" imposed non-military solution. "" This would be a political transition driven by outside powers with broad international support. # Such a nonmilitary plan is in keeping with","an "" imposed non-military solution. "" This would be a political transition driven by outside powers with broad international support. # Such a nonmilitary plan is in keeping with",b9d8fc4a16d5145f17013167d82eec53
76,outside,power,2012,ACAD,ForeignAffairs,"a diplomatic solution. Both sides, however, share the underlying assumption that unless outside powers intervene in a dramatic fashion, it is inevitable that Iran will achieve its","a diplomatic solution. Both sides, however, share the underlying assumption that unless outside powers intervene in a dramatic fashion, it is inevitable that Iran will achieve its",08f3db214ca497e53d2e58c23e028513
77,outside,power,2012,WEB,newdeal.feri.org,of the various groups in that country and based on a hands-off policy of the outside powers. # We are still arming to the hilt. Our excessive expenses for,of the various groups in that country and based on a hands-off policy of the outside powers. # We are still arming to the hilt. Our excessive expenses for,fb2e9c4e6eb624e57b3bfa8f2d113af5
78,outside,power,2012,WEB,theatlantic.com,"that will be more potent and more lasting than any our Federal Congress or any outside power can confer. # The London Times, in a recent edition discussing affairs","that will be more potent and more lasting than any our Federal Congress or any outside power can confer. # The London Times, in a recent edition discussing affairs",d0a3f34d15a01eddb4e21c77af6b4994
79,outside,power,2012,WEB,topics.nytimes.com,", during an interview with the Russia Today television news channel, Mr. Assad warned outside powers not to intervene militarily, saying the price of an invasion would be """,", during an interview with the Russia Today television news channel, Mr. Assad warned outside powers not to intervene militarily, saying the price of an invasion would be """,8b8bf600d85b69b79e102676c55bf7e4
80,outside,power,2012,WEB,jfklibrary.org,security arrangements--and the nations of this hemisphere decided long ago against the military presence of outside powers. Our other allies around the world have also been alerted. # Sixth,security arrangements--and the nations of this hemisphere decided long ago against the military presence of outside powers. Our other allies around the world have also been alerted. # Sixth,33ccf200718afee576ae815da262bd29
81,outside,power,2012,WEB,malcolm-x.org,"come in. Now, what African head of state would have dared to invite outside powers? So they put Tshombe there, and as soon as Tshombe got there","come in. Now, what African head of state would have dared to invite outside powers? So they put Tshombe there, and as soon as Tshombe got there",921760108d0c98dcbbb5084dade0ef32
82,outside,power,2012,WEB,metafilter.com,"what happened in Rwanda? That shitstorm had a long history, was orchestrated by outside powers, and I don't have much trouble believing that there were atrocities on","what happened in Rwanda? That shitstorm had a long history, was orchestrated by outside powers, and I don't have much trouble believing that there were atrocities on",8ec61ce3dac0b009b104c30293e17cc5
83,outside,power,2012,WEB,englishhistory.net,"threat to Mary's reign finally came, it was not from one of these outside powers; indeed, it came from within her own nation. # As queen","threat to Mary's reign finally came, it was not from one of these outside powers; indeed, it came from within her own nation. # As queen",b2248185a67dfb17b709180ce027b94f
84,outside,power,2012,WEB,puritansermons.com,"of his resurrection? It may be replied, that it was not any other outside power, but he himself was the author of his own rising from the dead","of his resurrection? It may be replied, that it was not any other outside power, but he himself was the author of his own rising from the dead",c33ffaa86d43a9b55ee692710be6da71
85,outside,power,2012,WEB,...atreallyhappened.com,"Gen. Mustafa al-Sheikh, the leader of the Free Syrian Army, warned that if outside powers don't quickly back the rebel fighters trying to overthrow the regime of President","Gen. Mustafa al-Sheikh, the leader of the Free Syrian Army, warned that if outside powers don't quickly back the rebel fighters trying to overthrow the regime of President",28e5ab7d32fe7722d434b723e65d4ea8
86,outside,power,2012,WEB,gotterdammerung.org,"chance of independent survival and, curiously, their very existence needed the intervention of outside powers, the first of which resulted in the Treaty of Augsburg (1555)","chance of independent survival and, curiously, their very existence needed the intervention of outside powers, the first of which resulted in the Treaty of Augsburg (1555)",ebb0e06a91bd82ff72cc4cd21d40fd9e
87,outside,power,2012,WEB,reuters.com,"been killed, and have raised the prospect of Syria becoming a proxy battlefield for outside powers. # Assad's former prime minister, Riyad Habib, a Sunni who","been killed, and have raised the prospect of Syria becoming a proxy battlefield for outside powers. # Assad's former prime minister, Riyad Habib, a Sunni who",9dfd77661d8c4abc468fcea907e15e87
88,outside,power,2012,WEB,huffingtonpost.com,"consumer advocacy' approach, with a focus on wrestling services and resources from the outside powers that be. Few are thinking of harnessing the internal productive capacities... that","consumer advocacy' approach, with a focus on wrestling services and resources from the outside powers that be. Few are thinking of harnessing the internal productive capacities... that",776a289ddc19bc3177f64e0b1dc3d91e
89,outside,power,2012,WEB,thomhartmann.com,in various other products do not have an internal power source but reacts when an outside power source activates it and it has an antennae that picks up the external power,in various other products do not have an internal power source but reacts when an outside power source activates it and it has an antennae that picks up the external power,f0acc88d6f86956aadccf16ccc14c851
90,outside,power,2012,WEB,history.navy.mil,"what Perry had done for her, did the Hermit Kingdom accept relations with an outside power. Only with the Shufeldt treaty did she accept them with a non-Asiatic people","what Perry had done for her, did the Hermit Kingdom accept relations with an outside power. Only with the Shufeldt treaty did she accept them with a non-Asiatic people",1659e23111ba0877a9b9dbbc47f42dd4
91,outside,power,2012,WEB,...merican-interest.com,"factions among the Palestinians can count on political, economic and military support from many outside powers who want to keep this dispute on the boil for reasons of their own","factions among the Palestinians can count on political, economic and military support from many outside powers who want to keep this dispute on the boil for reasons of their own",bcff6826035285f70471ddb63299e57b
92,outside,power,2012,WEB,topics.nytimes.com,"arms against the Islamists unless they received assistance, diplomatic recognition and unspecified guarantees from outside powers. # On July 18, the government of Mali formally asked the International","arms against the Islamists unless they received assistance, diplomatic recognition and unspecified guarantees from outside powers. # On July 18, the government of Mali formally asked the International",41928e99cd0fa155e79ed9540e59f7be
93,outside,power,2012,WEB,metmuseum.org,other aspects of Egypt's ancient artistic and religious traditions in the face of threatening outside powers. # James Allen Department,other aspects of Egypt's ancient artistic and religious traditions in the face of threatening outside powers. # James Allen Department,5466ea43ed94b96b07f159144e018efc
94,outside,power,2012,WEB,tnr.com,"the U.N.' s new doctrine that is supposed to govern those instances when outside powers must step in militarily to prevent tyrants from killing their own people, the","the U.N.' s new doctrine that is supposed to govern those instances when outside powers must step in militarily to prevent tyrants from killing their own people, the",0673fa2d2034f52a465937f803dbf9a5
95,outside,power,2012,BLOG,...dreport.blogspot.com,"moving to the music, you could build a rock venue that would require no outside power. # Ghung, of course -- there's no one toolkit for everybody","moving to the music, you could build a rock venue that would require no outside power. # Ghung, of course -- there's no one toolkit for everybody",6a000f84d58536f6b25acd45b4712f02
96,outside,power,2012,BLOG,...lt.foreignpolicy.com,", Kurds, and the other components of Syria's ethnic/religious blend, with various outside powers trying to influence the outcome as well. The longer the fighting lasts and",", Kurds, and the other components of Syria's ethnic/religious blend, with various outside powers trying to influence the outcome as well. The longer the fighting lasts and",608f43171ce129c121281301cd7070f7
97,outside,power,2012,BLOG,noisyroom.net,"the federal government to hold the Union together, the President may request assistance from outside powers... "" peacekeepers. "" These "" peacekeepers "" will come from every nation","the federal government to hold the Union together, the President may request assistance from outside powers... "" peacekeepers. "" These "" peacekeepers "" will come from every nation",543efe531abaf33369434f4cc7e94ce3
98,outside,power,2012,BLOG,...rginalrevolution.com,"West Germans saw themselves as part of the same nation that was artificially separated by outside powers. I know it's difficult for cosmopolitans to comprehend, but culture is","West Germans saw themselves as part of the same nation that was artificially separated by outside powers. I know it's difficult for cosmopolitans to comprehend, but culture is",5897e2c54dc51021852a029078257231
99,outside,power,2012,BLOG,fabiusmaximus.com,"experienced some difficult times over that last 100 years. some inflicted on them by outside powers, for the monst part not the USA and some inflicted upon themselves by","experienced some difficult times over that last 100 years. some inflicted on them by outside powers, for the monst part not the USA and some inflicted upon themselves by",abe208d4911d05d8eb6e9d29c62e2a6b
100,outside,power,2012,BLOG,...nealia.wordpress.com,his Russian counterpart Mikhail Bogdanov. # His comments might reflect the growing concerns of outside powers at the relentless bloodshed but on the ground both parties to the armed conflict,his Russian counterpart Mikhail Bogdanov. # His comments might reflect the growing concerns of outside powers at the relentless bloodshed but on the ground both parties to the armed conflict,bc4f1fa3bc43e587cce02ce22536060d
101,outside,power,2012,BLOG,conflictsforum.org,"people say in Fatah meetings "". 6 # This pressure on the PA by outside powers (like Israel, the US, or the Quartet) to conform to","people say in Fatah meetings "". 6 # This pressure on the PA by outside powers (like Israel, the US, or the Quartet) to conform to",94665dddc164ade9f3e0ea107816b939
102,outside,power,2012,BLOG,metafilter.com,of the earthquake. The steam-powered backup cooling systems which mostly don't rely on outside power failed a little while back. But this GE BWR designed 50 years ago,of the earthquake. The steam-powered backup cooling systems which mostly don't rely on outside power failed a little while back. But this GE BWR designed 50 years ago,127297a30f4cbae37853005b6a323dc8
103,outside,power,2012,BLOG,dixieswanson.com,"leaders of the Arab Spring are now IN power, but know only about being OUTSIDE power. President Moursi did not act like a head of state about the attacks","leaders of the Arab Spring are now IN power, but know only about being OUTSIDE power. President Moursi did not act like a head of state about the attacks",13ba301a35042c893e5287f678d296c1
104,outside,power,2012,BLOG,...nmalik.wordpress.com,"power to make it true, to enforce its validity: # Truth isn't outside power... It induces regular effects of power. Each society has its regime of","power to make it true, to enforce its validity: # Truth isn't outside power... It induces regular effects of power. Each society has its regime of",272e3a7f5706584ffcda92617e00bf46
105,outside,power,2012,BLOG,...eulstermanreport.com,"elections. And, as WSI once said on the subject I believe, this outside power is always present for American political leadership. One has to slowly steer away","elections. And, as WSI once said on the subject I believe, this outside power is always present for American political leadership. One has to slowly steer away",a962a81a91aa4201637766caea9adb1f
106,outside,power,2011,SPOK,Fox_Susteren,"get any kind of water pumped that high without having plenty of electrical power, outside power to manage the pump, and also that it appears a portion of that","get any kind of water pumped that high without having plenty of electrical power, outside power to manage the pump, and also that it appears a portion of that",47de540abbbbc4de8490d36fcdede495
107,outside,power,2011,SPOK,CBS_NewsMorn,"when it lost power. Backup generators kicked in. The Tennessee Valley authority says outside power has been restored, but the storms did knock out power to thousands.","when it lost power. Backup generators kicked in. The Tennessee Valley authority says outside power has been restored, but the storms did knock out power to thousands.",f1b34a79b7a13612ce53fd0e2f7d5adb
108,outside,power,2011,MAG,ChristCentury,". Advocates like Thomas Friedman and Al Gore have called for students to stage sit-ins outside power plants, and I appreciate their urgency. Bui G don't think college",". Advocates like Thomas Friedman and Al Gore have called for students to stage sit-ins outside power plants, and I appreciate their urgency. Bui G don't think college",9f64a95cbf664b948205c351aab1d3fa
109,outside,power,2011,NEWS,CSMonitor,"change is about them and has little to do with the US or any other outside power. # "" There's a feeling in the Arab world that Arabs are","change is about them and has little to do with the US or any other outside power. # "" There's a feeling in the Arab world that Arabs are",2b01ee800b6446fcfa2a50c58d2e2579
110,outside,power,2011,ACAD,ForeignAffairs,"July 2010, Chinese Foreign Minister Yang Jiechi warned Southeast Asian states against coordinating with outside powers in managing territorial disputes with Beijing. Later that year, Beijing demanded an","July 2010, Chinese Foreign Minister Yang Jiechi warned Southeast Asian states against coordinating with outside powers in managing territorial disputes with Beijing. Later that year, Beijing demanded an",2e3a31f67c11b4ca2f63b9a7e80bdc35
111,outside,power,2011,ACAD,ForeignAffairs,foreign minister's harsh reaction at the conference -- warning regional actors against collaborating with outside powers in dealing with the disputes -- created tension between China and relevant ASEAN states,foreign minister's harsh reaction at the conference -- warning regional actors against collaborating with outside powers in dealing with the disputes -- created tension between China and relevant ASEAN states,85461cb73b58473cd87e9470135c3cf2
112,outside,power,2011,ACAD,ForeignAffairs,lost the right to use others as the excuse for their own failures. Various outside powers have indeed affected the region's fate. But that is true for every,lost the right to use others as the excuse for their own failures. Various outside powers have indeed affected the region's fate. But that is true for every,7af4646ff691d2a26f97f95ee20ccefb
113,outside,power,2011,ACAD,ForeignAffairs,". But they could also be highly destabilizing. If, for example, an outside power sought to curry favor with a potential client state or gain influence with a",". But they could also be highly destabilizing. If, for example, an outside power sought to curry favor with a potential client state or gain influence with a",f00213f5e9a31c3232cd564b6e3acfd4
114,outside,power,2010,SPOK,PBS_NewsHour,". Will it be able to tackle Iraqs challenges amidst rising violence at home and outside powers, like the U.S. and Iran, angling for influence? For that,",". Will it be able to tackle Iraqs challenges amidst rising violence at home and outside powers, like the U.S. and Iran, angling for influence? For that,",f17e33d7ebca26da4cf55e79cb624dec
115,outside,power,2010,MAG,ChristCentury,have been at war for 35 years. The central government is seen as an outside power. The U.S. is trying to foster and develop Afghan security forces and an,have been at war for 35 years. The central government is seen as an outside power. The U.S. is trying to foster and develop Afghan security forces and an,0d7f1842ab2129494046fea06f348938
116,outside,power,2010,ACAD,ForeignAffairs,"States today not for the traditional security and ideological concern of limiting the influence of outside powers in the region but rather for much more contemporary reasons. Massive, sustained","States today not for the traditional security and ideological concern of limiting the influence of outside powers in the region but rather for much more contemporary reasons. Massive, sustained",aee4a75706f15e3ba300517354b1543f
117,outside,power,2009,MAG,Newsweek,surely sound ridiculous to many Iranians. But not all: suspicion of meddling by outside powers is deeply ingrained among even the most Westernized citizens in Iran. The fact,surely sound ridiculous to many Iranians. But not all: suspicion of meddling by outside powers is deeply ingrained among even the most Westernized citizens in Iran. The fact,71bd7303ac7bf74f393d51be88dbd71f
118,outside,power,2009,ACAD,IntlAffairs,experiences of Pakistan and Afghanistan is highlighted by Kimberly Marten in her analysis of how outside powers have attempted to deal with tribal militias in the two states. In Afghanistan,experiences of Pakistan and Afghanistan is highlighted by Kimberly Marten in her analysis of how outside powers have attempted to deal with tribal militias in the two states. In Afghanistan,ea919c24f95838f52e27633dd4cd4591
119,outside,power,2008,ACAD,MiddleEastQ,"U.S. influence, (n35) both prefer to finesse their rhetoric not to antagonize outside powers. Mesbah-Yazdi's role as a central figure in promoting Mahdism is important because","U.S. influence, (n35) both prefer to finesse their rhetoric not to antagonize outside powers. Mesbah-Yazdi's role as a central figure in promoting Mahdism is important because",1bf6277912e951b0c34c24bf59faa5d7
120,outside,power,2008,ACAD,ForeignAffairs,"China's real purpose of becoming a country that could no longer be bullied by outside powers. Democracy ultimately foundered under all three leaders. When Sun died, in","China's real purpose of becoming a country that could no longer be bullied by outside powers. Democracy ultimately foundered under all three leaders. When Sun died, in",bd7043dc9912d0a5895252048b2d6299
121,outside,power,2008,ACAD,StudiesNovel,". Meanwhile, it also essentially changes the system by grounding it not in an outside power (such as the British Empire, "" nature, "" God, or",". Meanwhile, it also essentially changes the system by grounding it not in an outside power (such as the British Empire, "" nature, "" God, or",0cfe4014107cae372b5ec739f4484a1a
122,outside,power,2007,MAG,HarpersMag,", pashas, and sheikhs delivered their communities like Chicago ward heelers to some dominant outside power in order to gain an advantage over a shifting field of local rivals.",", pashas, and sheikhs delivered their communities like Chicago ward heelers to some dominant outside power in order to gain an advantage over a shifting field of local rivals.",73b21c1c33d670e6dce41d7d4b989ca4
123,outside,power,2007,MAG,HarpersMag,Walid's ancestors very likely would recognizeand approve of-their descendant's manipulation of local and outside powers. And they would not be surprised to see that the latest and probably,Walid's ancestors very likely would recognizeand approve of-their descendant's manipulation of local and outside powers. And they would not be surprised to see that the latest and probably,8a1959d85c303415be91b56ccad733e1
124,outside,power,2007,MAG,AmSpect,"in those lands a keen eve for the seriousness, and the will, of outside powers. The greater confidence shown by the enemies of liberty three or four years","in those lands a keen eve for the seriousness, and the will, of outside powers. The greater confidence shown by the enemies of liberty three or four years",2a41b1762900b43be08d06e2b53ebb9b
125,outside,power,2007,ACAD,ForeignAffairs,"and influence. # Finally, there is the fear of being ruled by an outside power, even a friendly one (such as the United States) or a","and influence. # Finally, there is the fear of being ruled by an outside power, even a friendly one (such as the United States) or a",669facb42ba93f746c1f966e36c30d83
126,outside,power,2007,ACAD,ForeignAffairs,"continued defiance of the United States also helps. In Cuba's national narrative, outside powers -- whether Spain in the nineteenth century or the United States in the twentieth","continued defiance of the United States also helps. In Cuba's national narrative, outside powers -- whether Spain in the nineteenth century or the United States in the twentieth",cc5c2f320911a1c6ae5f2a5eb2bcbd3c
127,outside,power,2007,ACAD,MiddleEastQ,"is difficult to persuade Tehran to cooperate with the international community. However, if outside powers can remind Iran about the pitfalls of isolation, the terms of the nuclear","is difficult to persuade Tehran to cooperate with the international community. However, if outside powers can remind Iran about the pitfalls of isolation, the terms of the nuclear",c405e3f861be8dac2e0f6daef1d68a75
128,outside,power,2007,ACAD,IntlAffairs,"a case in which there is permanent incentive to consider this option, and whatever outside powers might do to moderate it will need continual renewal in order to keep Iran","a case in which there is permanent incentive to consider this option, and whatever outside powers might do to moderate it will need continual renewal in order to keep Iran",aef9c25e45da30814be5d9cb11ce8af0
129,outside,power,2007,ACAD,IntlAffairs,"H. Bays emphasizes, is no longer a Western religion simply imposed on China by outside powers; Christianity is becoming an indigenous Chinese religion. (n24) It also has","H. Bays emphasizes, is no longer a Western religion simply imposed on China by outside powers; Christianity is becoming an indigenous Chinese religion. (n24) It also has",12117b32774f0d02a1e305fe833b0531
130,outside,power,2006,FIC,IowaRev,"# The conveyor belt moves slowly, like a department store escalator propelled by an outside power, headed this time not for Ladies Ready-to-Wear but for the lady herself.","# The conveyor belt moves slowly, like a department store escalator propelled by an outside power, headed this time not for Ladies Ready-to-Wear but for the lady herself.",39a3fae555ae5fd4f3b440eb18c748be
131,outside,power,2006,ACAD,ForeignAffairs,"the United States will continue to enjoy more influence in the region than any other outside power, but its influence will be reduced from what it once was. This","the United States will continue to enjoy more influence in the region than any other outside power, but its influence will be reduced from what it once was. This",d12161f9afd256589b55c26c14cb3548
132,outside,power,2006,ACAD,Archaeology,"engaged in a power struggle with a rival chief. By associating himself with an outside power, the RAC, Kaumuali'i was trying to bolster his own prestige during this","engaged in a power struggle with a rival chief. By associating himself with an outside power, the RAC, Kaumuali'i was trying to bolster his own prestige during this",43b37e210c56d387527603e859c50b7f
133,outside,power,2006,ACAD,ForeignAffairs,"the immediate neighborhood, India has sought primacy and a veto over the actions of outside powers. In the second, which encompasses the so-called extended neighborhood stretching across Asia","the immediate neighborhood, India has sought primacy and a veto over the actions of outside powers. In the second, which encompasses the so-called extended neighborhood stretching across Asia",baa5980b2151847553e91d192789ef62
134,outside,power,2005,NEWS,CSMonitor,"pressuring Museveni to end the war. After largely ignoring the conflict for years, outside powers now worry about the scale of the humanitarian crisis and its destabilizing effects on","pressuring Museveni to end the war. After largely ignoring the conflict for years, outside powers now worry about the scale of the humanitarian crisis and its destabilizing effects on",53c9b3a8ca29c59aac769bad993d7848
135,outside,power,2005,NEWS,SanFranChron,", building efficient combined-cycle turbines in new plants using natural gas. # All the outside power suppliers made a killing during the initial stages of deregulation, as market prices",", building efficient combined-cycle turbines in new plants using natural gas. # All the outside power suppliers made a killing during the initial stages of deregulation, as market prices",d3fbdb39f27373c0f2de0eb51b795281
136,outside,power,2004,SPOK,NPR_Daybreak,the insurgents know that. That's always part of an insurgency: cause the outside power to fight among the civilian population and then blame them for civilian casualties.,the insurgents know that. That's always part of an insurgency: cause the outside power to fight among the civilian population and then blame them for civilian casualties.,d7e63308bad9c675813c69c133a4ac59
137,outside,power,2004,ACAD,IntlAffairs,"provincial rivals within the country, that the only way to escape formal control by outside powers was to accept an identity that was an invention of just those powers.","provincial rivals within the country, that the only way to escape formal control by outside powers was to accept an identity that was an invention of just those powers.",775fa49926f7c3c21ae31ec84bd42277
138,outside,power,2003,SPOK,PBS_Newshour,"people is properly expressed in institutions that in the end they own, not any outside power or authority. And I think if we keep that vision in our minds","people is properly expressed in institutions that in the end they own, not any outside power or authority. And I think if we keep that vision in our minds",ecccba01877405e33a2ef11d0b3465d4
139,outside,power,2003,ACAD,ForeignAffairs,". When there are ingredients for internally led regime change, as in Serbia, outside powers should facilitate the transition. # The Bush administration has succeeded recently in achieving",". When there are ingredients for internally led regime change, as in Serbia, outside powers should facilitate the transition. # The Bush administration has succeeded recently in achieving",fba1a53c8abb940d3922fd2624ac8425
140,outside,power,2003,ACAD,AsianAffairs,"pressure, that humanitarian crises elsewhere in the archipelago could result in unwanted intervention from outside powers. Indonesia is opposed to interference in its affairs, and officials have expressed","pressure, that humanitarian crises elsewhere in the archipelago could result in unwanted intervention from outside powers. Indonesia is opposed to interference in its affairs, and officials have expressed",b909a9a204604a12c7f8452f5bd82945
141,outside,power,2003,ACAD,LawPublicPol,"Mexico for abusive treatment. As far as NAFTA is concerned, however, no outside power stands in the background when a Mexican national enters a dispute with his own","Mexico for abusive treatment. As far as NAFTA is concerned, however, no outside power stands in the background when a Mexican national enters a dispute with his own",660943a8e61276786d233e213c64922b
142,outside,power,2003,ACAD,LawPublicPol,"and consultations. "" (n51) By constituting adequate national institutions to deal with outside powers, the Constitution would give some office-holders a stake in preserving America's reputation","and consultations. "" (n51) By constituting adequate national institutions to deal with outside powers, the Constitution would give some office-holders a stake in preserving America's reputation",fd13e32523ee811dc10fcb4156f4ca32
143,outside,power,2002,ACAD,ForeignAffairs,"for the foreseeable future needs to be on internal Balkan realities, not manipulation by outside powers. # Preventing the recurrence of widespread violence is perhaps the only unqualified success","for the foreseeable future needs to be on internal Balkan realities, not manipulation by outside powers. # Preventing the recurrence of widespread violence is perhaps the only unqualified success",c4bb079bb78d12cc20fbf56d7eb275cd
144,outside,power,2001,ACAD,ArabStudies,"reserves, output and exports in these five countries made them a constant target of outside power machination and interference. And it is a well-known fact that the oil sectors","reserves, output and exports in these five countries made them a constant target of outside power machination and interference. And it is a well-known fact that the oil sectors",a0d07dae4c5a15167a285a3c0f4156c6
145,outside,power,1999,MOV,"...nd Fall of Fred A. Leuchter, Jr.","cable, they ran some wires over the prison wall... and tapped into the outside power line... without the consent of the power company, but there was no","cable, they ran some wires over the prison wall... and tapped into the outside power line... without the consent of the power company, but there was no",83c919f9175cfd7fa0036556bf770d83
146,outside,power,1996,TV,Power Rangers Zeo,"backup. Well, this is no ordinary medallion. It draws energy from an outside power source but I haven't been able to pinpoint that location yet. Well","backup. Well, this is no ordinary medallion. It draws energy from an outside power source but I haven't been able to pinpoint that location yet. Well",bcd212a9783ac7090f80b3ef8cef5c08
147,outside,power,1993,TV,X-Men,". TRASK: The manufacturing process is entirely self-contained. All it requires is an outside power source. HODGE: Too much power, Dr. Trask. You blacked",". TRASK: The manufacturing process is entirely self-contained. All it requires is an outside power source. HODGE: Too much power, Dr. Trask. You blacked",f5c2027155d2ef905ae189c61388ef30
148,outside,power,2001,MAG,ChristCentury,20th century many of the lands with a Muslim majority were under the control of outside powers. European colonial powers dominated prior to the rise of the two super powers,20th century many of the lands with a Muslim majority were under the control of outside powers. European colonial powers dominated prior to the rise of the two super powers,63c30f4aa616af988c87d3336cc65138
149,outside,power,2001,MAG,NatlReview,"countries for weapons of mass destruction. With America on the sidelines and no other outside power capable-as yet-of intervening, the way would be open for an unimpeded Middle Eastern","countries for weapons of mass destruction. With America on the sidelines and no other outside power capable-as yet-of intervening, the way would be open for an unimpeded Middle Eastern",7cdf843a23211057966e1656cbde3a36
150,outside,power,2001,NEWS,AssocPress,would drain the tank in four minutes. # Flames melt through the home's outside power line. A chicken coop and shed catch fire. But the house itself,would drain the tank in four minutes. # Flames melt through the home's outside power line. A chicken coop and shed catch fire. But the house itself,9ae9a502f0eae01d4199ddd2a14e4b68
151,outside,power,2001,NEWS,AssocPress,"Afghanistan is a failed state, divided on ethnic lines and vulnerable to meddling from outside powers. In the absence of a political settlement, the country will revert to","Afghanistan is a failed state, divided on ethnic lines and vulnerable to meddling from outside powers. In the absence of a political settlement, the country will revert to",d9cd27707db5bcdb41347873b41f9017
152,outside,power,2001,NEWS,Atlanta,". Shaving usage off the peaks is expected to reduce the need for the pricey outside power purchases that have crippled California. At about the same time, the Federal",". Shaving usage off the peaks is expected to reduce the need for the pricey outside power purchases that have crippled California. At about the same time, the Federal",4503838acf6494ca58d68bca6f32b1d1
153,outside,power,2001,NEWS,Denver,"a safe place to get smug for too long. # When California begs for outside power to run its baseboard heaters in January, a power plant in Denver or","a safe place to get smug for too long. # When California begs for outside power to run its baseboard heaters in January, a power plant in Denver or",d1d515d71e25bfc7b2740517149354ac
154,outside,power,2000,ACAD,ArabStudies,"and autocratic governmental institutions, combating local tribes, as well as the intrusion of outside powers. The diverse Lebanese religious groups also posed a serious challenge to the state","and autocratic governmental institutions, combating local tribes, as well as the intrusion of outside powers. The diverse Lebanese religious groups also posed a serious challenge to the state",c1752761052de0e886bdbc1943cf582f
155,outside,power,1999,SPOK,NPR_ATC,"left in the 19th century, the Balkans were carved up numerous times by various outside powers, resulting in what is now an Albanian state, but also Albanians living","left in the 19th century, the Balkans were carved up numerous times by various outside powers, resulting in what is now an Albanian state, but also Albanians living",b9720a03b1fd7f1ebe1d4a00377e5a1c
156,outside,power,1999,NEWS,NYTimes,"to Iran's national security, "" and that Iran will not be pressured by outside powers into abandoning its legal processes. Among Jews in Teheran, there have been","to Iran's national security, "" and that Iran will not be pressured by outside powers into abandoning its legal processes. Among Jews in Teheran, there have been",82ce9fe01842182c0361591762314773
157,outside,power,1999,NEWS,CSMonitor,their existence as independent states. It is also the defense they use against any outside powers getting involved in their domestic problems. So the sight of NATO deciding unilaterally,their existence as independent states. It is also the defense they use against any outside powers getting involved in their domestic problems. So the sight of NATO deciding unilaterally,0986b0965a3818f589b89252f27d76c6
158,outside,power,1999,NEWS,CSMonitor,"dispute with neighboring Pakistan, but which will brook no interference in the conflict from outside powers. The United States and Britain have both shown an interest in acting as","dispute with neighboring Pakistan, but which will brook no interference in the conflict from outside powers. The United States and Britain have both shown an interest in acting as",0fc809b1f2753cc65da64a3fbdc10ce8
159,outside,power,1999,ACAD,ForeignAffairs,"very hard to contain. # Does the cruel nature of these conflicts mean that outside powers should avoid involvement? Not at all. If possible, we must try","very hard to contain. # Does the cruel nature of these conflicts mean that outside powers should avoid involvement? Not at all. If possible, we must try",ab45084de6ffe28fe1603543a2b3ce97
160,outside,power,1999,ACAD,AsianAffairs,"themselves, then it is the obligation of enlightened Koreans to seek the help of outside powers. A problem arising from this context is that some blind, radical Korean","themselves, then it is the obligation of enlightened Koreans to seek the help of outside powers. A problem arising from this context is that some blind, radical Korean",97a7c062587f885e87685748a54b7983
161,outside,power,1999,ACAD,AsianAffairs,"more enlightened, sophisticated, and rational form of nationalism. # As for the outside powers' agreement on neutralization, there is amuch better chance for it today than","more enlightened, sophisticated, and rational form of nationalism. # As for the outside powers' agreement on neutralization, there is amuch better chance for it today than",5564f1978d3ff20fceb60602422cbb45
162,outside,power,1999,ACAD,AnthropolQ,the magistrates' rhetoric was to suggest that they were intermediaries between the village and outside powers in much the same way that the big men of the past stood between,the magistrates' rhetoric was to suggest that they were intermediaries between the village and outside powers in much the same way that the big men of the past stood between,fab6bb26c4fadb607bddf4a47bb4b64b
163,outside,power,1999,ACAD,AnthropolQ,the magistrates' rhetoric was to suggest that they were intermediaries between the village and outside powers much in the same way that the big men of the past stood between,the magistrates' rhetoric was to suggest that they were intermediaries between the village and outside powers much in the same way that the big men of the past stood between,060a11e53ded59d4da5a6d398c20f143
164,outside,power,1999,ACAD,AnthropolQ,"initiates of the past, magistrates got their power as human representatives of an invisible outside power. All of these strategies had the advantage of legitimating the magistrates' position","initiates of the past, magistrates got their power as human representatives of an invisible outside power. All of these strategies had the advantage of legitimating the magistrates' position",7f7fac254574a1ec32b55e392a117a9b
165,outside,power,1999,ACAD,AnthropolQ,"because they had knowledge that allowed success in a new, expanded world controlled by outside powers. # My examination of Kwanga village court rhetoric, then, has suggested","because they had knowledge that allowed success in a new, expanded world controlled by outside powers. # My examination of Kwanga village court rhetoric, then, has suggested",6452837ccb8fb4edc3e4af88b26af026
166,outside,power,1999,ACAD,IntlAffairs,"the last century. The leaders of the Caspian governments perceive that close ties with outside powers -- in particular, Russia, the United States and China -- are necessary","the last century. The leaders of the Caspian governments perceive that close ties with outside powers -- in particular, Russia, the United States and China -- are necessary",6b8a1251c1d67651967a87d282dbb742
167,outside,power,1998,SPOK,NPR_TalkNation,"States, Haiti has had a decidedly less fortunate 200 years after repeated attempts by outside powers to smother it in the cradle, occupy it, or one way or","States, Haiti has had a decidedly less fortunate 200 years after repeated attempts by outside powers to smother it in the cradle, occupy it, or one way or",16270e44ed5bb24e7c93cd8433a7fb53
168,outside,power,1998,MAG,AmSpect,"rhetoric of Latin American dictatorships, "" mutual respect "" means the willingness of an outside power to forego criticism of a regime's internal arrangements. # Just to make","rhetoric of Latin American dictatorships, "" mutual respect "" means the willingness of an outside power to forego criticism of a regime's internal arrangements. # Just to make",5ecfadb1b54700be2a2d7b1500f0e670
169,outside,power,1998,NEWS,CSMonitor,"condemnation. "" There is a long history of Saddam Hussein misjudging the thinking of outside powers, as he did when he invaded Kuwait in 1990, "" Said Aburish","condemnation. "" There is a long history of Saddam Hussein misjudging the thinking of outside powers, as he did when he invaded Kuwait in 1990, "" Said Aburish",69b242dfdae540afea481049ab37befd
170,outside,power,1998,NEWS,WashPost,"wants to dominate. # In the Nezavisimaya Gazeta interview, Primakov warned that no outside power can replace Russia on its periphery. "" Even when other countries are involved","wants to dominate. # In the Nezavisimaya Gazeta interview, Primakov warned that no outside power can replace Russia on its periphery. "" Even when other countries are involved",d6d64181b39c457a9159f2e72a5cb549
171,outside,power,1998,ACAD,AnthropolQ,"importance for a family's survival. # Beyond treating literacy as a symbol of outside power, I have tried to demonstrate that a group's actual experiences with writing","importance for a family's survival. # Beyond treating literacy as a symbol of outside power, I have tried to demonstrate that a group's actual experiences with writing",90a911237cfe4845a5f177935c7f5e09
172,outside,power,1998,ACAD,WorldAffairs,is that the alternative to American-led efforts generally is not action led by some other outside power or international or regional organization. Instead it is inaction. When the United,is that the alternative to American-led efforts generally is not action led by some other outside power or international or regional organization. Instead it is inaction. When the United,a803f72d607ef052394b3d5343cd9111
173,outside,power,1998,ACAD,ABAJournal,Back # The key dates in Hong Kong's history have been determined largely by outside powers: # January 1841 China cedes Hong Kong Island to Great Britain (followed,Back # The key dates in Hong Kong's history have been determined largely by outside powers: # January 1841 China cedes Hong Kong Island to Great Britain (followed,6d85e54052ff5bc023211879f9bc33c8
174,outside,power,1998,ACAD,CanadaLaw,earlier? In which of these provisions have the Parties been dictated to by an outside power about their own internal standards and regulations? The agreement does not require any,earlier? In which of these provisions have the Parties been dictated to by an outside power about their own internal standards and regulations? The agreement does not require any,125f885d73a956a97ac3a78a1527ffc1
175,outside,power,1997,NEWS,Houston,". But even though it was implanted, wires ran from the heart to an outside power source through openings in his skin that could become infected. And, he",". But even though it was implanted, wires ran from the heart to an outside power source through openings in his skin that could become infected. And, he",d057fd20c9b62a867df568da9bf05047
176,outside,power,1997,ACAD,WorldAffairs,"host government and military, but such troop commitments also restrict the leverage of the outside power to force needed reforms. Specifically, a large-scale deployment of troops puts the","host government and military, but such troop commitments also restrict the leverage of the outside power to force needed reforms. Specifically, a large-scale deployment of troops puts the",963859a4d19b3666899899e6f82c904d
177,outside,power,1997,ACAD,WorldAffairs,". Specifically, a large-scale deployment of troops puts the prestige and credibility of the outside power on the line; hence, it is not easy for that outside power",". Specifically, a large-scale deployment of troops puts the prestige and credibility of the outside power on the line; hence, it is not easy for that outside power",b6a6825c1cc5214be87a6a90f14ad828
178,outside,power,1997,ACAD,WorldAffairs,"the outside power on the line; hence, it is not easy for that outside power to withdraw. Because threats to withdraw are not credible, at least not","the outside power on the line; hence, it is not easy for that outside power to withdraw. Because threats to withdraw are not credible, at least not",106ec88616c679dd19ea96b532a0e83f
179,outside,power,1997,ACAD,WorldAffairs,"to withdraw are not credible, at least not in the near future, the outside power finds that ultimatums to "" clean up your act or we will leave ""","to withdraw are not credible, at least not in the near future, the outside power finds that ultimatums to "" clean up your act or we will leave """,b6c046263c016b71a08fe4919a2f6f78
180,outside,power,1997,ACAD,WorldAffairs,"puppet of "" imperialist and infidel Britain. "" 18 # Fourth, if an outside power such as the United States wants to have any significant impact on an internal","puppet of "" imperialist and infidel Britain. "" 18 # Fourth, if an outside power such as the United States wants to have any significant impact on an internal",31c4d4737d17f4de399f0789e4214d66
181,outside,power,1997,ACAD,WorldAffairs,"doing that the ghost of suspicion, that the African economy is being manipulated by outside powers with a view to frustrating the achievement of national and economic objectives, can","doing that the ghost of suspicion, that the African economy is being manipulated by outside powers with a view to frustrating the achievement of national and economic objectives, can",81a6664c55fedcde214bf2de9659ac30
182,outside,power,1997,ACAD,IntlAffairs,"the mujahedin in Saudi Arabia in 1988 did not resolve the issue. # Influential outside powers, including the United States, did not push hard for a settlement of","the mujahedin in Saudi Arabia in 1988 did not resolve the issue. # Influential outside powers, including the United States, did not push hard for a settlement of",ffc2e696aae5d232e02a87de29b09feb
183,outside,power,1997,ACAD,IntlAffairs,there have been dramatic changes in the composition of the factions and the role of outside powers. # The most significant of these changes was the emergence of the Taliban,there have been dramatic changes in the composition of the factions and the role of outside powers. # The most significant of these changes was the emergence of the Taliban,2f85a09f4aa02666546496071a9a81af
184,outside,power,1997,ACAD,IntlAffairs,. Another requirement for peace will be a change in the attitude of the relevant outside powers: Rather than inciting conflict they must become ready to work toward a political,. Another requirement for peace will be a change in the attitude of the relevant outside powers: Rather than inciting conflict they must become ready to work toward a political,3c2ea67b86e7b239f59f0d4d15e2ccde
185,outside,power,1996,MAG,WashMonth,"and democratic neoclassicism. In the imperial vision there is no preexisting landscape, no outside power, no mystical cosmos. There is no encompassing mystery and there is consequently","and democratic neoclassicism. In the imperial vision there is no preexisting landscape, no outside power, no mystical cosmos. There is no encompassing mystery and there is consequently",a4c2bfc086734f3352e9700dc5f32a18
186,outside,power,1996,ACAD,ArabStudies,"liberation and popular empowerment as fundamentally unfinished processes, subject not only to frustration by outside powers, but also to an infinite number of possibilities generated from within. The","liberation and popular empowerment as fundamentally unfinished processes, subject not only to frustration by outside powers, but also to an infinite number of possibilities generated from within. The",94a7fab59d03feef732186fb902fe9e3
187,outside,power,1996,ACAD,LatinAmResRev,economic practices were woven together in different ways and with various relationships to local and outside power over the course of a century. Analysis of this changing construction of local,economic practices were woven together in different ways and with various relationships to local and outside power over the course of a century. Analysis of this changing construction of local,0e9d495708770780bf9a3201792c77fa
188,outside,power,1995,MAG,USAToday,"was considered a U.S. security risk because of its potential to trigger the involvement of outside powers. Today, lack of democracy has become a matter of major concern to","was considered a U.S. security risk because of its potential to trigger the involvement of outside powers. Today, lack of democracy has become a matter of major concern to",6af4680916ea877d7cda4675736fab4c
189,outside,power,1995,MAG,USAToday,"governments that the U.S. would not violate their sovereignty. In exchange, if an outside power threatened the area's security, Latin American governments agreed to cooperate with Washington","governments that the U.S. would not violate their sovereignty. In exchange, if an outside power threatened the area's security, Latin American governments agreed to cooperate with Washington",adab55f5cf212691dd7b73ffd0572f19
190,outside,power,1995,ACAD,AsianAffairs,"Republican task force has correctly warned that as hostility between Pakistan and India increases and outside powers come into play, "" the danger of outright war becomes ever more real","Republican task force has correctly warned that as hostility between Pakistan and India increases and outside powers come into play, "" the danger of outright war becomes ever more real",121512e9d59f7bdb006fd15f5d015c44
191,outside,power,1995,ACAD,AsianAffairs,democratic administration has been helped by the state of the new international era. No outside powers threaten Thai sovereignty and no internal insurgency imperils domestic stability. Such an unprecedented,democratic administration has been helped by the state of the new international era. No outside powers threaten Thai sovereignty and no internal insurgency imperils domestic stability. Such an unprecedented,cf44653e6a16c56ee30f4b93dc66809e
192,outside,power,1995,ACAD,WorldAffairs,"the Nanking Government of China, Nitobe tried to vindicate the helping role of an outside power in the birth of Manchukuo. Why, he asked, should such action","the Nanking Government of China, Nitobe tried to vindicate the helping role of an outside power in the birth of Manchukuo. Why, he asked, should such action",838a3e4ba1f149ca4e6290f5efae8349
193,outside,power,1995,ACAD,IntlAffairs,", with the U.S. and the USSR replacing Great Britain and France as the principal outside powers after the Second World War. The historical parallel did not escape local observers",", with the U.S. and the USSR replacing Great Britain and France as the principal outside powers after the Second World War. The historical parallel did not escape local observers",be8230083f6831a03eb975801a3e980f
194,outside,power,1995,ACAD,IntlAffairs,"position to attack their non-nuclear neighbors with conventional forces, while holding other neighbors and outside powers at bay by the implied or explicit threat to use nuclear weapons against them","position to attack their non-nuclear neighbors with conventional forces, while holding other neighbors and outside powers at bay by the implied or explicit threat to use nuclear weapons against them",c8ec5ef9ed9415b897d75d90456b9b0d
195,outside,power,1994,MAG,NewRepublic,"Serbs' objective now is the unconditional surrender of the v Corps. Since no outside power seems willing to stop them, they will probably fight on until they get","Serbs' objective now is the unconditional surrender of the v Corps. Since no outside power seems willing to stop them, they will probably fight on until they get",88ce7d489d2054f31ac4c98e4c5db41e
196,outside,power,1994,ACAD,WorldAffairs,"contrast to the other four states, is more, not less, dependent upon outside powers. POLITICAL LEGITIMACY IN CENTRAL ASIA # It is in the third realm of","contrast to the other four states, is more, not less, dependent upon outside powers. POLITICAL LEGITIMACY IN CENTRAL ASIA # It is in the third realm of",91ca06e69c021e08ac2c25c284762ac0
197,outside,power,1994,ACAD,WorldAffairs,"state sovereignty has been raised against any voice suggesting a duty or a right by outside powers to intervene with force to put an end to the suffering, or to","state sovereignty has been raised against any voice suggesting a duty or a right by outside powers to intervene with force to put an end to the suffering, or to",411accc86380ebb72dca3448963a7b21
198,outside,power,1993,SPOK,ABC_Special,and a half the break- up of Yugoslavia has led to a war which no outside power has made a serious effort to stop. In June of 1991 the most,and a half the break- up of Yugoslavia has led to a war which no outside power has made a serious effort to stop. In June of 1991 the most,9c7a73225ba1a1561af31875f7ebc148
199,outside,power,1993,SPOK,NPR_Weekend,"War security architecture. For the first time in 2,000 years, there's no outside power to enforce order there. It's an historically unique situation. Mr. KENNEY","War security architecture. For the first time in 2,000 years, there's no outside power to enforce order there. It's an historically unique situation. Mr. KENNEY",146c8229e7814ce40b51f1f10f1f883a
200,outside,power,1993,MAG,NatlReview,"to the contested Aegean Sea region and the divided island of Cyprus. However, outside powers could also be drawn in. Germany, Italy, and Austria would,","to the contested Aegean Sea region and the divided island of Cyprus. However, outside powers could also be drawn in. Germany, Italy, and Austria would,",c88f90629a1c19e306a9e023a78669e2
201,outside,power,1993,NEWS,NYTimes,"In all cases, the idea is to have a utility provide transport for the outside power company, which would pay regulated fees for access to the local utility's","In all cases, the idea is to have a utility provide transport for the outside power company, which would pay regulated fees for access to the local utility's",23068c2b4a491f5ee8f1f55308c2edda
202,outside,power,1993,ACAD,ArabStudies,"Pentagon document of 1992 states, "" Our overall objective is to remain the predominant outside power in the region and preserve U.S. and Western access to the region's oil","Pentagon document of 1992 states, "" Our overall objective is to remain the predominant outside power in the region and preserve U.S. and Western access to the region's oil",8faa5bb441747d1711aa73bf8335d6b1
203,outside,power,1993,ACAD,AfricaToday,subordinated to Japan has no strong basis. Under these conditions the intervention of other outside powers would be required in order to manage the inter-Asiatic equilibrium. As the U.S.,subordinated to Japan has no strong basis. Under these conditions the intervention of other outside powers would be required in order to manage the inter-Asiatic equilibrium. As the U.S.,6150d15062560ae510c611e036d161d7
204,outside,power,1993,ACAD,AfricaToday,"of Nigerians who maintained a positive attitude throughout, as well as the support of outside powers who regarded the Nigerian "" progress "" as a worthy example in Africa?","of Nigerians who maintained a positive attitude throughout, as well as the support of outside powers who regarded the Nigerian "" progress "" as a worthy example in Africa?",8e10af9e44eba5609a5ad19418d42f9c
205,outside,power,1993,ACAD,WorldAffairs,"1992 at last approaches its messy end, the debate in the West about the outside powers' role in the war, far from abating, is becoming more and","1992 at last approaches its messy end, the debate in the West about the outside powers' role in the war, far from abating, is becoming more and",3b9d0809b50913344b1644f3039ed7cb
206,outside,power,1993,ACAD,WorldAffairs,"the extent to which their interests and policies overlapped or clashed with those of the outside powers, including the neighbors in the South-East European region. THE GATHERING STORM #","the extent to which their interests and policies overlapped or clashed with those of the outside powers, including the neighbors in the South-East European region. THE GATHERING STORM #",9a60e0350190e8f9459369235c2535a0
207,outside,power,1993,ACAD,ArmedForces,"call for fair distribution of wealth. Further, any discretionary allocation of funds by outside powers to selected countries will fall far short of addressing the underlying causes of economic","call for fair distribution of wealth. Further, any discretionary allocation of funds by outside powers to selected countries will fall far short of addressing the underlying causes of economic",4a816b36663bbf9bf647dc52b3fd70fe
208,outside,power,1992,MAG,NewRepublic,"greater force to Somalia. The conflict between warring clans is entrenched and ancient. Outside powers that in the past sought to intervene -- in this instance, Britain and","greater force to Somalia. The conflict between warring clans is entrenched and ancient. Outside powers that in the past sought to intervene -- in this instance, Britain and",1f9e5526a43aa6853c404d55b11f1311
209,outside,power,1992,NEWS,WashPost,"that recent revolutions in Eastern Europe and U.S.-Soviet reconciliation would make Iran more vulnerable to outside powers such as the United States. A few days later, the pro-government Tehran","that recent revolutions in Eastern Europe and U.S.-Soviet reconciliation would make Iran more vulnerable to outside powers such as the United States. A few days later, the pro-government Tehran",94314b909984fc435781f264cf22fe77
210,outside,power,1992,NEWS,WashPost,"by foreign governments. # But while Afghans have longed to be left alone by outside powers, they have also longed for peace, and the situation around Kabul suggests","by foreign governments. # But while Afghans have longed to be left alone by outside powers, they have also longed for peace, and the situation around Kabul suggests",250756dbda2c78c83f11066876f1188e
211,outside,power,1992,ACAD,AcademicQs,"local conflict, "" it wasn't the only, or even the first, outside power to do so. # In sum, one searches in vain for a","local conflict, "" it wasn't the only, or even the first, outside power to do so. # In sum, one searches in vain for a",4c0d6f403ef4206665e123f29cd0bb19
212,outside,power,1992,ACAD,ForeignAffairs,Seoul can not hope to ease or speed reunification through a well-placed bribe to an outside power; some future government in Beijing might well accept money for such a deal,Seoul can not hope to ease or speed reunification through a well-placed bribe to an outside power; some future government in Beijing might well accept money for such a deal,a0c20474f98479a3474af7b3063e6d66
213,outside,power,1992,ACAD,AfricaToday,". To the extent that the Cabinda talks are unsuccessful, it is possible that outside powers could support secessionist forces, particularly in light of the economic interests at stake",". To the extent that the Cabinda talks are unsuccessful, it is possible that outside powers could support secessionist forces, particularly in light of the economic interests at stake",4cc41d6e177aaf6d71b68228c20a3c99
214,outside,power,1992,ACAD,WorldAffairs,"the indigenous population rather than, as was sharply evident several decades ago, an outside power that had imposed itself on Taiwan. 6 The KMT has itself been changed in","the indigenous population rather than, as was sharply evident several decades ago, an outside power that had imposed itself on Taiwan. 6 The KMT has itself been changed in",cdd359df2c6e1c1bd7c608f15c7de7c4
215,outside,power,1992,ACAD,IntlAffairs,"and routinely were, changed by force. The map of Africa was created by outside powers in the late nineteenth century, and has remained virtually unchanged. Substantially redrawing","and routinely were, changed by force. The map of Africa was created by outside powers in the late nineteenth century, and has remained virtually unchanged. Substantially redrawing",6fbc0da8edf8aaea291fa32d0d4114b0
216,outside,power,1992,ACAD,IntlAffairs,"may reduce this competition, and sub-Saharan Africa may indeed become relatively neglected by major outside powers. This decline of external interest and involvement -- in fact, withdrawal --","may reduce this competition, and sub-Saharan Africa may indeed become relatively neglected by major outside powers. This decline of external interest and involvement -- in fact, withdrawal --",bf90b930f8eeb7c4c59b05d6c6932c62
217,outside,power,1992,ACAD,IntlAffairs,"concerning boundary maintenance. Indeed, not once did either superpower, or any other outside power, support an African effort to overturn an existing boundary. # More generally","concerning boundary maintenance. Indeed, not once did either superpower, or any other outside power, support an African effort to overturn an existing boundary. # More generally",44bc3f1ef0aa400c489181ce1e1894d7
218,outside,power,1992,ACAD,IntlAffairs,bear witness to the fierce desire of stateless peoples to defend their autonomy against any outside power that threatened to subject and exploit them. # The economic opening up of,bear witness to the fierce desire of stateless peoples to defend their autonomy against any outside power that threatened to subject and exploit them. # The economic opening up of,00201fb2b1d7d250482bc4756bb48cea
219,outside,power,1992,ACAD,IntlAffairs,"that the end of the Cold War has removed the ideological and strategic justification for outside powers to supply African clients, one could logically assume that they would reduce their","that the end of the Cold War has removed the ideological and strategic justification for outside powers to supply African clients, one could logically assume that they would reduce their",f1aed6a9e995f16f02dba2c85ac9e06b
220,outside,power,1992,ACAD,IntlAffairs,"With the end of civil wars, wars of national liberation, arms transfers from outside powers and even some of the conflicts associated with insecurity dilemmas, perhaps African leaders","With the end of civil wars, wars of national liberation, arms transfers from outside powers and even some of the conflicts associated with insecurity dilemmas, perhaps African leaders",b7d31844eb4e40b6a50a387820409bfe
221,outside,power,1991,SPOK,ABC_Brinkley,"a war in which Arab states were fighting against other Arab states in alliance with outside powers. Mr. WILL: But Professor Lewis, in that act of aggression,","a war in which Arab states were fighting against other Arab states in alliance with outside powers. Mr. WILL: But Professor Lewis, in that act of aggression,",6aab560b0d1da2c57b41ac71335bd5f0
222,outside,power,1991,SPOK,PBS_Newshour,"ask you this Mr. Stokes does the United States, the Soviet Union or any outside power have any role in this other than to be spectators? PROF-STOKES: Well","ask you this Mr. Stokes does the United States, the Soviet Union or any outside power have any role in this other than to be spectators? PROF-STOKES: Well",be985eac3a584b04053075fed9891b6e
223,outside,power,1991,SPOK,PBS_Newshour,": I don't know that full scale civil war can be stopped by any outside power at this point. I think the Balkan Peninsula, particularly the Western half",": I don't know that full scale civil war can be stopped by any outside power at this point. I think the Balkan Peninsula, particularly the Western half",ad92cb99bbed01231d2c08b0b67d54f5
224,outside,power,1991,SPOK,ABC_Nightline,. We don't want to see it become the victim of a bunch of outside powers. But we feel that with the kinds of arrangements we're discussing with,. We don't want to see it become the victim of a bunch of outside powers. But we feel that with the kinds of arrangements we're discussing with,7927b8e651e75605da56a8348a953bb6
225,outside,power,1991,SPOK,ABC_Nightline,United States. We have a strategic interest in seeing Europe not dominated by an outside power. We have a strategic interest in seeing Mexico and Central America not dominated,United States. We have a strategic interest in seeing Europe not dominated by an outside power. We have a strategic interest in seeing Mexico and Central America not dominated,34925736427acd76bfb8e55662583ecf
226,outside,power,1991,SPOK,ABC_Nightline,". We have a strategic interest in seeing Mexico and Central America not dominated by outside powers. But our interest in Africa, in terms of developing markets, is",". We have a strategic interest in seeing Mexico and Central America not dominated by outside powers. But our interest in Africa, in terms of developing markets, is",4aa20dd6701b3d8e9999178c2217fed6
227,outside,power,1991,NEWS,NYTimes,But replaying the Lebanese experience would be a nightmare of at least equal proportions. Outside powers would prey on the chaos. The next war and the next eruption of,But replaying the Lebanese experience would be a nightmare of at least equal proportions. Outside powers would prey on the chaos. The next war and the next eruption of,a4145629c141b1dc8d90b065ea7ad06b
228,outside,power,1991,ACAD,ForeignAffairs,"conditions that prevailed there in 1954, the creation of a viable nation by an outside power may have been impossible. # From beginning to end the United States also","conditions that prevailed there in 1954, the creation of a viable nation by an outside power may have been impossible. # From beginning to end the United States also",b08f20d5686e7fc290cc035769bc28b7
229,outside,power,1991,ACAD,ForeignAffairs,". First, the Middle East hosts many governments, courted and armed by an outside power, that later turn against that patron. Sadat did this to the Soviets",". First, the Middle East hosts many governments, courted and armed by an outside power, that later turn against that patron. Sadat did this to the Soviets",0607665d7d152b5ef45c20abd1af20e3
230,outside,power,1991,ACAD,ForeignAffairs,"retain maximum flexibility to pursue their interests, but their survival depends on protection by outside powers. In the past, Saudi realpolitik relied on a mix of survival insurance","retain maximum flexibility to pursue their interests, but their survival depends on protection by outside powers. In the past, Saudi realpolitik relied on a mix of survival insurance",edffcb1c4c6837bc595a954e940c3718
231,outside,power,1991,ACAD,AfricaToday,"real change in the region, a five point strategy could be implemented by the outside powers if the region's leaders prove resistant to persuasion. Firstly, an international","real change in the region, a five point strategy could be implemented by the outside powers if the region's leaders prove resistant to persuasion. Firstly, an international",e5e40482cb31b384cc4e487cb3a12b7f
232,outside,power,1991,ACAD,AfricaToday,up. 37 I would add to this list an end to military intervention by all outside powers and the closing of all foreign bases. # The intention is to apply,up. 37 I would add to this list an end to military intervention by all outside powers and the closing of all foreign bases. # The intention is to apply,6d6e9f8af3fb5b84334842e947575fab
233,outside,power,1990,SPOK,ABC_Brinkley,"it very clear that they were there in order to prevent any military action by outside power, yet we see the United States was the first to violate this resolution","it very clear that they were there in order to prevent any military action by outside power, yet we see the United States was the first to violate this resolution",0fca9879ae782347873ac03231db860b
234,outside,power,1990,MAG,NatlReview,"Gulf, in the hope of obtaining outside help in its travails. But the outside power of greatest importance to it will increasingly be Germany rather than the United States","Gulf, in the hope of obtaining outside help in its travails. But the outside power of greatest importance to it will increasingly be Germany rather than the United States",e36de93b2650f32f38d6345cc7301181
235,outside,power,1990,MAG,Newsweek,"The postwar era was a historical anomaly in which the Continent was dominated by two outside powers, whose alliances and nuclear arsenals maintained a fretful balance. German reunification creates","The postwar era was a historical anomaly in which the Continent was dominated by two outside powers, whose alliances and nuclear arsenals maintained a fretful balance. German reunification creates",103d160c9941cb9d56669a56d8780e69
236,outside,power,1990,MAG,NewRepublic,", provoked a great deal of controversy at the time. # In 1990 the outside power that only yesterday was seen as threatening to take control of the Gulf,",", provoked a great deal of controversy at the time. # In 1990 the outside power that only yesterday was seen as threatening to take control of the Gulf,",c6d9c1c51a32a21c0460da351be01c16
237,outside,power,1990,NEWS,CSMonitor,"A solution imposed from outside means the conflict will break out as soon as the outside power leaves, "" says a militia leader. Another adds: "" If the","A solution imposed from outside means the conflict will break out as soon as the outside power leaves, "" says a militia leader. Another adds: "" If the",593bbd3b54c8e5ca946d585db98c7343
238,outside,power,1990,NEWS,USAToday,"since the proclamation of the Carter doctrine in 1980, to make certain that no outside power controls the Persian Gulf. USA TODAY: Is it possible the USA might","since the proclamation of the Carter doctrine in 1980, to make certain that no outside power controls the Persian Gulf. USA TODAY: Is it possible the USA might",78b2b31c2df0a50620391b5aed5ebeaa
239,outside,power,1990,NEWS,WashPost,"South Africa, "" he said. # The South African leader later called upon outside powers to help bring about those negotiations through "" whatever supportive role can be played","South Africa, "" he said. # The South African leader later called upon outside powers to help bring about those negotiations through "" whatever supportive role can be played",a161363677794d6d4a3beb9990aa706e
240,outside,power,1990,ACAD,ForeignAffairs,"argued that those events were irrelevant to Cuba. Communism was imposed there by an outside power, he emphasized, while Cuban communism was the result of a popular revolution","argued that those events were irrelevant to Cuba. Communism was imposed there by an outside power, he emphasized, while Cuban communism was the result of a popular revolution",37c4a6a28e7c3ffc1ed35f86665ddced
241,outside,control,2013,SPOK,PBS_Newshour,"Damascus. Assad also said he's willing to hand over his chemical arsenal to outside control, under a Russian proposal, with one key condition. BASHAR-AL-ASSAD- (t#","Damascus. Assad also said he's willing to hand over his chemical arsenal to outside control, under a Russian proposal, with one key condition. BASHAR-AL-ASSAD- (t#",5d4d57877ee2333d04b83ed2dca13e6b
242,outside,control,2012,WEB,...istsview.typepad.com,them to control land that is supposed to be free? What corruption allows this outside control?) # School # Another disappointment is that they seem to understand that,them to control land that is supposed to be free? What corruption allows this outside control?) # School # Another disappointment is that they seem to understand that,43b18ea390fff96b63a01805ced277a3
243,outside,control,2012,WEB,nationofchange.org,"laws such as the 2000 Commodity Futures Modernization Act that effectively removed all oversight and outside control over the speculation in commodities, one of the major reasons food prices have","laws such as the 2000 Commodity Futures Modernization Act that effectively removed all oversight and outside control over the speculation in commodities, one of the major reasons food prices have",b74216cf5e776babf20d02f4c29df3c6
244,outside,control,2012,WEB,history.navy.mil,"the creation of a separate service whose cardinal strategic principle was that of freedom from outside control. The Navy, historically the most successful in the coordination of diverse forces","the creation of a separate service whose cardinal strategic principle was that of freedom from outside control. The Navy, historically the most successful in the coordination of diverse forces",ca1e1d7d0e09b8298477e57e37fab815
245,outside,control,2012,BLOG,truthdig.com,"laws such as the 2000 Commodity Futures Modernization Act that effectively removed all oversight and outside control over the speculation in commodities, one of the major reasons food prices have","laws such as the 2000 Commodity Futures Modernization Act that effectively removed all oversight and outside control over the speculation in commodities, one of the major reasons food prices have",b74216cf5e776babf20d02f4c29df3c6
246,outside,control,2012,BLOG,...ughran.wordpress.com,"honest, isn't this what we Indies have been fighting against? Exclusivity? Outside control of our work and distribution? I made a comment on Passive Guy's","honest, isn't this what we Indies have been fighting against? Exclusivity? Outside control of our work and distribution? I made a comment on Passive Guy's",86b9563233cdd01bbe8541dfb6110a26
247,outside,control,2010,NEWS,Houston,"Q: Could something good, in a political sense, come from de facto outside control during a period of reconstruction? # A: This also is an opportunity","Q: Could something good, in a political sense, come from de facto outside control during a period of reconstruction? # A: This also is an opportunity",8cd677311a3a29aca0136a82d7f94591
248,outside,control,2009,ACAD,GeorgiaHisQ,"of prohibition on a state or national level. Southerners tended to be suspicious of outside control over local issues, especially from federal or state governments, and did not","of prohibition on a state or national level. Southerners tended to be suspicious of outside control over local issues, especially from federal or state governments, and did not",5d8d690365e7c3c73fc652df6308a74c
249,outside,control,2004,FIC,Analog,"like you said. A few minutes ago one of the boreheads stopped responding to outside controls, melting itself deep into a vein of softee-that's a sort of water/gravel","like you said. A few minutes ago one of the boreheads stopped responding to outside controls, melting itself deep into a vein of softee-that's a sort of water/gravel",aa488e3b6d0ccfd5470eed342a7a08a3
250,outside,control,2003,ACAD,CommCollegeR,". # Rural regions with persistent poverty are characterized by a history of inequality and outside control of resources. Their economies, based primarily on extraction industries and agriculture,",". # Rural regions with persistent poverty are characterized by a history of inequality and outside control of resources. Their economies, based primarily on extraction industries and agriculture,",39468999906573a14891f1f24605b6a2
251,outside,control,2002,FIC,Inroads,is the fact that Indian people have become despondent over a century of dependency and outside control. They do not exercise control over their leadership or the bureaucracy that provides,is the fact that Indian people have become despondent over a century of dependency and outside control. They do not exercise control over their leadership or the bureaucracy that provides,b7a14950b15750d1d0b26a91bbba153a
252,outside,control,2000,NEWS,CSMonitor,", too. Hama had been a conservative bastion of Sunni Muslims renowned for rejecting outside control. One warning that may require critical understanding by Bashar today - especially after",", too. Hama had been a conservative bastion of Sunni Muslims renowned for rejecting outside control. One warning that may require critical understanding by Bashar today - especially after",727b830576f87a75441580206639279e
253,outside,control,1999,ACAD,Monist,loss of one's beliefs about value does seem compatible with the anomie case. Outside control of a culture's resources and policy-making apparatus may mean that the options and,loss of one's beliefs about value does seem compatible with the anomie case. Outside control of a culture's resources and policy-making apparatus may mean that the options and,18c9282f59a7aa460f2b84fe6b4f36f3
254,outside,control,1998,MOV,Babylon 5: Thirdspace,"m pretty tempted right now. It's not their fault. They're under outside control. You can't kill them for that! - At least, not","m pretty tempted right now. It's not their fault. They're under outside control. You can't kill them for that! - At least, not",ddc8222a7fc8365057f0802a2144d0b5
255,outside,control,1994,NEWS,Denver,Options is the way in which it was created and operates very nearly free from outside control. # Denver Options today controls the expenditure of some $ 20 million in,Options is the way in which it was created and operates very nearly free from outside control. # Denver Options today controls the expenditure of some $ 20 million in,d6ce4a37aa93a356e1d90f52242a5ac0
256,outside,control,1994,ACAD,ArabStudies,"Lebanese state began to put itself together again as an administration, the level of outside control over it reached an all-time high. While a semblance of democratic life appeared","Lebanese state began to put itself together again as an administration, the level of outside control over it reached an all-time high. While a semblance of democratic life appeared",db1cdea361bf9dd090cc0c9f7c663262
257,outside,control,1994,ACAD,CanadaLaw,"; it is autonomous, indicating that the state authority is not subject to any outside control and has complete discretion; and it is plenary, giving an independent state","; it is autonomous, indicating that the state authority is not subject to any outside control and has complete discretion; and it is plenary, giving an independent state",1092dbbaf4fffb45018aad4242400128
258,outside,control,1994,ACAD,ArtsEduc,"great lengths to protect their individual prerogatives as expressed through their powers in art. Outside control, whether derived from statutory, regulatory, or operational authority, is vigorously","great lengths to protect their individual prerogatives as expressed through their powers in art. Outside control, whether derived from statutory, regulatory, or operational authority, is vigorously",a527dbbbff3891ffb036005846d643d0
259,outside,control,1992,ACAD,AmerIndianQ,authority. Tenskwatawa sought isolation far less than he sought to free Indians from the outside control that in his view was ensnaring the Indians of the borderlands. # Both,authority. Tenskwatawa sought isolation far less than he sought to free Indians from the outside control that in his view was ensnaring the Indians of the borderlands. # Both,05394c36466ea423cea469c9aca502dd
260,outside,control,1991,ACAD,AmerIndianQ,", they shed light on an arena of private life that was relatively free from outside control. Examining the patterns i of tribal family life as revealed in census data",", they shed light on an arena of private life that was relatively free from outside control. Examining the patterns i of tribal family life as revealed in census data",730e11bb3407deac80e944cbb4dacffe
261,expansive,power,2017,MAG,Salon,"quote Adlai Stevenson on this error, where the former presidential candidate notes how "" expansive powers push at more and more doors "" until they break open, one by","quote Adlai Stevenson on this error, where the former presidential candidate notes how "" expansive powers push at more and more doors "" until they break open, one by",17f0086b67abf614600ed92f7077dc72
262,expansive,power,2017,ACAD,The Middle East Journal,"the existence of a private sphere beyond the reach of government and to check the expansive power of government. Likewise, mere skepticism without any hope for improvement renders government","the existence of a private sphere beyond the reach of government and to check the expansive power of government. Likewise, mere skepticism without any hope for improvement renders government",3ca02f23078ee922720856c8e0470d13
263,expansive,power,2015,MAG,NatlReview,"Democrat. # Almost immediately after opening the John Doe investigation, Chisholm used his expansive powers to embarrass Walker, raiding his county-executive offices within a week. As Mr.","Democrat. # Almost immediately after opening the John Doe investigation, Chisholm used his expansive powers to embarrass Walker, raiding his county-executive offices within a week. As Mr.",28ac369752429abf07fb5ad38c86a9d4
264,expansive,power,2012,WEB,arstechnica.com,"were designed to aid anti-terrorist operations, the EFF says it "" gave the NSA expansive power to spy on Americans' international e-mail and telephone calls. "" The EFF","were designed to aid anti-terrorist operations, the EFF says it "" gave the NSA expansive power to spy on Americans' international e-mail and telephone calls. "" The EFF",8e7d89cd4e4f613f99b49b89246d1503
265,expansive,power,2012,WEB,economicpopulist.org,would open a new and potentially vast domain to congressional authority. Congress already possesses expansive power to regulate what people do. Upholding the Affordable Care Act under the Commerce,would open a new and potentially vast domain to congressional authority. Congress already possesses expansive power to regulate what people do. Upholding the Affordable Care Act under the Commerce,47e42d21cc4acef645f5313629ea0a37
266,expansive,power,2012,BLOG,motherjones.com,"it's a secret "" has been an easy way to avoid even discussing the expansive powers of the post-9/11 security state in court. Americans on a "" kill list","it's a secret "" has been an easy way to avoid even discussing the expansive powers of the post-9/11 security state in court. Americans on a "" kill list",1e0d659e9a0f84f0a8788903e566d321
267,expansive,power,2012,BLOG,crooksandliars.com,"lose. It has no hope. We outnumber them, and can use our expansive powers to non-violently, but lawfully destroy this dictatorship. # We the People have","lose. It has no hope. We outnumber them, and can use our expansive powers to non-violently, but lawfully destroy this dictatorship. # We the People have",fea21a5ef6c8e1533c2741bc5372e420
268,expansive,power,2008,MAG,Time,"serve only five months, not eight years.) Most social-host laws give police expansive powers. According to data compiled by the Pacific Institute for Research and Evaluation,","serve only five months, not eight years.) Most social-host laws give police expansive powers. According to data compiled by the Pacific Institute for Research and Evaluation,",0cdeb6057c7c9519136fab2a28e952a1
269,expansive,power,1998,ACAD,MichLawReview,"jury, all of which culminated in impeachment proceedings in Congress. (n20) The expansive power that Starr has sought to vest in the independent counsel (at times with","jury, all of which culminated in impeachment proceedings in Congress. (n20) The expansive power that Starr has sought to vest in the independent counsel (at times with",a4e5cb9b53effc1b30726784036a75f0
270,expansive,power,1996,FIC,CriticalMatrix,"est atroce; nous savons cela -- are, however, always extended by the expansive power of culture: # Not all our books will perish, nor our statues","est atroce; nous savons cela -- are, however, always extended by the expansive power of culture: # Not all our books will perish, nor our statues",933add46f66a3d94a3e4c0aafaf9e9dc
271,inside,power,2016,SPOK,NPR_FreshAir,"who really is just as skilled as anyone in sort of managing the levers of inside power in Washington, and that's where Reince Priebus comes in. DAVE-DAVIES# OK,","who really is just as skilled as anyone in sort of managing the levers of inside power in Washington, and that's where Reince Priebus comes in. DAVE-DAVIES# OK,",6dc3792d6415aa8d759c1f914f06af24
272,inside,power,2009,NEWS,Denver,"Pitt vs. No. 16 East Tenn. State # 12:55 p.m.: Pitt's inside power is too much for the Bucs, though ETSU's Kevin Tiggs and Courtney","Pitt vs. No. 16 East Tenn. State # 12:55 p.m.: Pitt's inside power is too much for the Bucs, though ETSU's Kevin Tiggs and Courtney",204286c10e93d197759e583aab4916d2
273,inside,power,2004,MAG,SportsIll,"guard D.J. Strawberry. Garrison's biggest shot of the year was not an inside power move, but an 18-footer from the right wing with 18 seconds left in","guard D.J. Strawberry. Garrison's biggest shot of the year was not an inside power move, but an 18-footer from the right wing with 18 seconds left in",df25c00b46222051634cdc9fba8666d6
274,inside,power,2004,MAG,SportingNews,"// TEAM TO WATCH MEMPHIS John Calipari always frets about this team's lack of inside power. His best teams had somebody such as Lou Roe, Marcus Camby or","// TEAM TO WATCH MEMPHIS John Calipari always frets about this team's lack of inside power. His best teams had somebody such as Lou Roe, Marcus Camby or",decb7a58b1195b944c1d4d50f2dd5a92
275,inside,power,2001,SPOK,Fox_Hume,"but also to his much publicized cat, Socks. The feline evidently lost an inside power struggle with Buddy, the dog. In comments sure to enrage animal lovers","but also to his much publicized cat, Socks. The feline evidently lost an inside power struggle with Buddy, the dog. In comments sure to enrage animal lovers",22dc45593eee0acfc33f0cda9c8ad6dd
276,inside,power,2001,MAG,SportingNews,". Why they'll make the Sweet 16: There are few teams with the inside power that Kentucky offers, and fewer still with a scoring combination like Prince and",". Why they'll make the Sweet 16: There are few teams with the inside power that Kentucky offers, and fewer still with a scoring combination like Prince and",427291a6dfcd04272baebd120b76a68d
277,inside,power,2000,NEWS,Houston,". I want every woman to know how powerful they are. It's an inside power. "" # Stapleton explores another mother-daughter connection in her exhibit of black-and-white photographs",". I want every woman to know how powerful they are. It's an inside power. "" # Stapleton explores another mother-daughter connection in her exhibit of black-and-white photographs",128583f813fe80914460f24fca8593d3
278,inside,power,1992,NEWS,SanFranChron,", who perhaps is closest to Alexander's makeup in terms of outside shot and inside power. # "" Duckworth was real good, "" Nelson said, "" and",", who perhaps is closest to Alexander's makeup in terms of outside shot and inside power. # "" Duckworth was real good, "" Nelson said, "" and",67e7e8bbb1e6a847718e08cf1d803efb
279,inside,control,2012,BLOG,ramadakillerig.com,allows parents to share observations plus brainstorm inspirations to aid their youngsters feel empowered plus inside control of their lives. Your mediator may inform we of resources inside the location,allows parents to share observations plus brainstorm inspirations to aid their youngsters feel empowered plus inside control of their lives. Your mediator may inform we of resources inside the location,a18f9ecb908f1a7e310ba15b0525446f
280,inside,control,1997,TV,Star Trek: Voyager,may have opened the doors. Caution is advised. I'II try to access the inside control panel. It's kind of creepy. Marayna's attempting to re-create the,may have opened the doors. Caution is advised. I'II try to access the inside control panel. It's kind of creepy. Marayna's attempting to re-create the,4afaf39f511ef452bf839b9ff0aefd87
281,spotless,purity,2012,WEB,bible.cc,God as the God of power. The holiness of God shone in the spotless purity of Christ's life. We are to believe the revelation of God to man,God as the God of power. The holiness of God shone in the spotless purity of Christ's life. We are to believe the revelation of God to man,7afe5963cead1796b7b10e61661d638f
282,spotless,purity,2012,WEB,bible.cc (1),as the God of power. The holiness of God shone in the spotless purity of Christ's life. We are to believe the revelation of God to man,as the God of power. The holiness of God shone in the spotless purity of Christ's life. We are to believe the revelation of God to man,0291f1220f4dca7616cc74b411562478
283,hurt,feeling,2012,BLOG,freethoughtblogs.com,"group. Nobody "" runs or owns "" atheism, least of all people with hurt feelings who claim they do. Being "" more passionate "" about ideas does not","group. Nobody "" runs or owns "" atheism, least of all people with hurt feelings who claim they do. Being "" more passionate "" about ideas does not",dbada4aa2dda0c35ca99cfe7eb838238
284,hurt,feeling,2012,BLOG,politicker.com (1),"America "" may be gone, however Mr. Wolfson assured us there were no hurt feelings. # "" Daryl Hall and John Oates are pleased that the amicable dialog","America "" may be gone, however Mr. Wolfson assured us there were no hurt feelings. # "" Daryl Hall and John Oates are pleased that the amicable dialog",d5488abaac1dd4013d1d0c60e828bdeb
285,hurt,feeling,2012,BLOG,restministries.com,"support for the chronically ill, but they can also be a source of many hurt feelings. How do we prevent this? By Lisa Copen The Internet has provided","support for the chronically ill, but they can also be a source of many hurt feelings. How do we prevent this? By Lisa Copen The Internet has provided",9dd9fdb3ba47de87ff6b9879d0db02bc
286,hurt,feeling,2012,BLOG,verysmartbrothas.com (1),"on that later. As I said, the situation/issue was already obscured by hurt feelings. Rather than remain in the house, as a consistent remnant of the","on that later. As I said, the situation/issue was already obscured by hurt feelings. Rather than remain in the house, as a consistent remnant of the",37dd29bb3e4128d92f3437688f1ca06e
287,hurt,feeling,2012,BLOG,verysmartbrothas.com,"yourself) to be in the same house with her. You talk about previous hurt feelings and negativity so this could be possible. If so, this isn't","yourself) to be in the same house with her. You talk about previous hurt feelings and negativity so this could be possible. If so, this isn't",3511a1f5e5caa5b627f2e055877f885c
288,hurt,feeling,2012,BLOG,vigilantcitizen.com,care less if you're upset See it don't change the truth And your hurt feeling's no excuse To keep me in this box Psychological locks Repressin' true,care less if you're upset See it don't change the truth And your hurt feeling's no excuse To keep me in this box Psychological locks Repressin' true,d67d5196fd88beda8b7d137fe1fd67fd
289,hurt,feeling,2012,BLOG,captainawkward.com,"you. It's not about their bad experience anymore, it's about your hurt feelings that they didn't tell you sooner. It's you taking the temperature","you. It's not about their bad experience anymore, it's about your hurt feelings that they didn't tell you sooner. It's you taking the temperature",337856483dbc5eec189f641667de79d9
290,hurt,feeling,2012,BLOG,freethoughtblogs.com,he might understand that he should not be threatening people's very lives for his hurt feelings. # I agree with pretty much everything you said. I feel the,he might understand that he should not be threatening people's very lives for his hurt feelings. # I agree with pretty much everything you said. I feel the,1442e25432ec3b2d6017a4df775a28ae
291,hurt,feeling,2012,BLOG,thinksimplenow.com,these special relationships.  My Personal Story # I've had my share of hurt feelings and failed relationships. What I've learned is that we do not plan,these special relationships. My Personal Story # I've had my share of hurt feelings and failed relationships. What I've learned is that we do not plan,7b74351d109000ffeb9349da81c4aefe
292,hurt,feeling,2012,BLOG,thinksimplenow.com,"Then you can act like a team to solve the problem that inadvertantly triggered the hurt feelings. # Wow! What a great, detailed overview! Love this!","Then you can act like a team to solve the problem that inadvertantly triggered the hurt feelings. # Wow! What a great, detailed overview! Love this!",6b65051fb3fae13fa6eea12b7d02afee
293,hurt,feeling,2012,BLOG,...toopidhousewives.com,for what she has done. She is a ho. Maybe a ho with hurt feelings but a just a ho none the less. # We pretty much keep,for what she has done. She is a ho. Maybe a ho with hurt feelings but a just a ho none the less. # We pretty much keep,db1817d8ccbc6005fd9ff131fb2f3a04
294,hurt,feeling,2012,BLOG,learnvest.com,"behind because they want to help everyone they can or don't want to cause hurt feelings. But when you're short on cash, you can't effectively help","behind because they want to help everyone they can or don't want to cause hurt feelings. But when you're short on cash, you can't effectively help",6c7d88f4bc6dced667f4386e5bf2adf1
295,hurt,feeling,2012,BLOG,...remblay.blogspot.com,love does not wince nor draw back from anticipated reactions such as anger or even hurt feelings. Why? Because the long term good of the sinner (or loved,love does not wince nor draw back from anticipated reactions such as anger or even hurt feelings. Why? Because the long term good of the sinner (or loved,4447ac2e3f5f5c06ce92c512f7c7e247
296,hurt,feeling,2012,BLOG,randsinrepose.com,"it or leave it, if you want, but why all the pouting, hurt feelings, whining, accusations, contempt? # I'd imagine because most of","it or leave it, if you want, but why all the pouting, hurt feelings, whining, accusations, contempt? # I'd imagine because most of",bb252b62c91e85f582780845c1e156e9
297,hurt,feeling,2012,BLOG,loonwatch.com,"found guilty of fraud # The first amendment and free speech are more important than hurt feelings, period, end of story. # Or do we let the most","found guilty of fraud # The first amendment and free speech are more important than hurt feelings, period, end of story. # Or do we let the most",2b130845e68cb96b0c210ea6fa409da3
298,hurt,feeling,2012,BLOG,...enveroffthewagon.com,**33;2823;TOOLONG Matthew Fuerst # I'd life to see actual critical reviews of beers. Hurt feelings be damned. # http: **33;2858;TOOLONG Matthew Fuerst # Seminars with notable and,**33;2823;TOOLONG Matthew Fuerst # I'd life to see actual critical reviews of beers. Hurt feelings be damned. # http: **33;2858;TOOLONG Matthew Fuerst # Seminars with notable and,c446bbbe3c1cad52b335011bb23d1414
299,hurt,feeling,2012,BLOG,therightscoop.com,"pants. # The Black Panther Presidency. # http: **31;17343;TOOLONG Jasper Silvis # Hurt feelings just exposes insecurities. The more you let someone hurt your feelings, the","pants. # The Black Panther Presidency. # http: **31;17343;TOOLONG Jasper Silvis # Hurt feelings just exposes insecurities. The more you let someone hurt your feelings, the",1df86e7548b18271f8db7915fb7d1cd6
300,hurt,feeling,2012,BLOG,...shjocky.blogspot.com,either friends or family and I don't want to cause them any embarrassment or hurt feelings. I have friends and townfolk lurking among my readers who might figure out,either friends or family and I don't want to cause them any embarrassment or hurt feelings. I have friends and townfolk lurking among my readers who might figure out,bf09fde903686cd0d80335c9159da2f7
301,hurt,feeling,2012,BLOG,rpgcentric.com,", I found out that he had lied to me and my friends, causing hurt feelings between us all. He also borrowed money from everyone, but no one",", I found out that he had lied to me and my friends, causing hurt feelings between us all. He also borrowed money from everyone, but no one",3fac4f1edb35ce62062f39be0bbab2be
302,hurt,feeling,2012,BLOG,tcj.com,""" (Same category). # If the matter had been discussed privately, hurt feelings may been addressed directly and the matter may been able to be addressed obliquely",""" (Same category). # If the matter had been discussed privately, hurt feelings may been addressed directly and the matter may been able to be addressed obliquely",8e18d4ea9ad982b7cb0817c2777bedba
303,hurt,feeling,2012,BLOG,tcj.com,"Given that Sim himself was the first person to publish a Dave-Sim-Is-Hitler analogy, his hurt feelings over the cartoon (and revisiting it to rationalize scotching any deal seems particularly","Given that Sim himself was the first person to publish a Dave-Sim-Is-Hitler analogy, his hurt feelings over the cartoon (and revisiting it to rationalize scotching any deal seems particularly",032c644a4ab024d133485039f3eee7e0
304,hurt,feeling,2012,BLOG,streetarticles.com,are friendships that need to end. Sometimes the end is filled with acrimony and hurt feelings and sometimes the end just comes as the end of the natural course of,are friendships that need to end. Sometimes the end is filled with acrimony and hurt feelings and sometimes the end just comes as the end of the natural course of,d41933f4c5fddc387877df1871b89204
305,hurt,feeling,2012,BLOG,livingwellmag.com,"status, ability, lifestyle, or other things? If you are worried about hurt feelings, explain it to them lovingly, but don't feel guilty. It","status, ability, lifestyle, or other things? If you are worried about hurt feelings, explain it to them lovingly, but don't feel guilty. It",689aa6b6a24028c5b22a62d995b74b16
306,hurt,feeling,2012,BLOG,pvtimes.com,"action? Sure thing. What sparked all this appears to be a mixture of hurt feelings, favors to a friend and stupidity. First, the hurt feelings stem","action? Sure thing. What sparked all this appears to be a mixture of hurt feelings, favors to a friend and stupidity. First, the hurt feelings stem",ba41c3ece64a553ce636a0f7d431ca74
307,hurt,feeling,2012,BLOG,pvtimes.com,"mixture of hurt feelings, favors to a friend and stupidity. First, the hurt feelings stem from a falling out between Worrell and local funeral homes. Worrell used","mixture of hurt feelings, favors to a friend and stupidity. First, the hurt feelings stem from a falling out between Worrell and local funeral homes. Worrell used",763321826a53294858dfbc9e698c20a9
308,hurt,feeling,2012,BLOG,davidwygant.com,course he didn't -- but as I figured it out right away -- no hurt feelings on my end. (I would feel bad for the 20 something out,course he didn't -- but as I figured it out right away -- no hurt feelings on my end. (I would feel bad for the 20 something out,0293f30a1f49febfaaddcf69e0fd5d0b
309,hurt,feeling,2012,BLOG,...hebshi.wordpress.com,"because you don't look like an "" Real American. "" # Your "" hurt feelings "" are the last thing that this is supposed to be about. Shame","because you don't look like an "" Real American. "" # Your "" hurt feelings "" are the last thing that this is supposed to be about. Shame",4131299a5b7561dda49bf4c65f261b5c
310,hurt,feeling,2012,BLOG,...atalk.metafilter.com,"was around when I was a teenager. It would have saved a lot of hurt feelings, many of them not mine. I did some pretty dick-ish things because","was around when I was a teenager. It would have saved a lot of hurt feelings, many of them not mine. I did some pretty dick-ish things because",140491a365db889cdc61867383a9ac1e
311,hurt,feeling,2012,BLOG,barrowjournal.com,"country has become too politically correct, too imbued with a desire to avoid "" hurt feelings, "" and too sensitive about the smallest slight. The result is a","country has become too politically correct, too imbued with a desire to avoid "" hurt feelings, "" and too sensitive about the smallest slight. The result is a",8e7d1cd5856fb19dd283d6df4db58fd6
312,hurt,feeling,2012,BLOG,theatlanticwire.com,"point he's promoted for years -- that Obama has been overly concerned with the hurt feelings of Muslim radicals who want to kill Americans. For once thing, Obama","point he's promoted for years -- that Obama has been overly concerned with the hurt feelings of Muslim radicals who want to kill Americans. For once thing, Obama",14a8c80c2327674e27dd162c62ce65bb
313,hurt,feeling,2012,BLOG,pjmedia.com,"argumentation would be "" dry "", the conclusions convincingly devastating, all resulting in hurt feelings. In short, the consequences would be provocative, to put it mildly","argumentation would be "" dry "", the conclusions convincingly devastating, all resulting in hurt feelings. In short, the consequences would be provocative, to put it mildly",cbeba22a57de846f2ea3180038ebdabd
314,hurt,feeling,2012,BLOG,freethoughtblogs.com,cut off all strings with it. # Wow. There certainly are a lot hurt feelings over the tone of that t-shirt. Would you guys say maybe JREF has,cut off all strings with it. # Wow. There certainly are a lot hurt feelings over the tone of that t-shirt. Would you guys say maybe JREF has,9ecfaee56f5a3c04b7fcf2bd4a89ac29
315,hurt,feeling,2012,BLOG,freethoughtblogs.com,n't even believe she was working that hard to be nasty. # I understand hurt feelings. I also know how easy it is to take something personally when it,n't even believe she was working that hard to be nasty. # I understand hurt feelings. I also know how easy it is to take something personally when it,5aaf9c6743991f4b6c1872800abf6b41
316,hurt,feeling,2012,BLOG,freethoughtblogs.com,was working that hard to be nasty. # ... you... # I understand hurt feelings. # ... pretty damn... # I also know how easy it is,was working that hard to be nasty. # ... you... # I understand hurt feelings. # ... pretty damn... # I also know how easy it is,82343ddf8fcd81fcde19c1b4dd3c7106
317,hurt,feeling,2012,BLOG,freethoughtblogs.com,a critical but perfectly civil comment at him Phil makes a drama out of his hurt feelings: # I would like to single out Ophelia for her rude and condescending,a critical but perfectly civil comment at him Phil makes a drama out of his hurt feelings: # I would like to single out Ophelia for her rude and condescending,baf6b2331c293fe88abe0d5825f16260
318,hurt,feeling,2012,BLOG,...tyfile.blogs.cnn.com,", I would hope they have thought of the actual consequences and not just their hurt feelings. If you leave the US, not only do you loose any and",", I would hope they have thought of the actual consequences and not just their hurt feelings. If you leave the US, not only do you loose any and",a564583b9e5505fe7524ee7747f42e9c
319,hurt,feeling,2012,BLOG,thesimpledollar.com,"personal. # Breaking an agreement with a friend introduces a lot more issues. Hurt feelings, etc. # You are much better off to have her not respond","personal. # Breaking an agreement with a friend introduces a lot more issues. Hurt feelings, etc. # You are much better off to have her not respond",90423fcbd4feb98fff3353727e78e3b0
320,hurt,feeling,2012,BLOG,...rolsen.wordpress.com,"one offering the apology. # All games offer the occasion for poor sportsmanship, hurt feelings, and acrimony (see this year's NHL playoffs as exhibit one)","one offering the apology. # All games offer the occasion for poor sportsmanship, hurt feelings, and acrimony (see this year's NHL playoffs as exhibit one)",7964d823a635db5d8c02b85a83e2953a
321,hurt,feeling,2012,BLOG,...boxing.wordpress.com,"manage to get through it all with great joy in our hearts and nary a hurt feeling to consider, but many of us experience other emotions and have moments when","manage to get through it all with great joy in our hearts and nary a hurt feeling to consider, but many of us experience other emotions and have moments when",5b505425133ab6742effb29bd87eddd3
322,hurt,feeling,2012,BLOG,freethoughtblogs.com,"thing to do, especially for THREE DAYS. # Explaining that this resulted in hurt feelings should not be met with attack. # Saying that someone physically stronger than","thing to do, especially for THREE DAYS. # Explaining that this resulted in hurt feelings should not be met with attack. # Saying that someone physically stronger than",31ec860a5fd892707af052745d6207c8
323,hurt,feeling,2012,BLOG,freethoughtblogs.com,"security issues that completely takes agency away from the person experiencing either harassment or simply hurt feelings -- because they don't seem to understand the nuance of the phrase ""","security issues that completely takes agency away from the person experiencing either harassment or simply hurt feelings -- because they don't seem to understand the nuance of the phrase """,a29d2fde8c71e2f56223fa70c34f83b1
324,hurt,feeling,2012,BLOG,jakebelder.com,"we can safely dialogue and learn from each other without emotions, petty drama, hurt feelings or name-calling), keeping the end goal in mind (making Christ-following #1","we can safely dialogue and learn from each other without emotions, petty drama, hurt feelings or name-calling), keeping the end goal in mind (making Christ-following #1",33b1c4c6c95d531113ef5e508002072e
325,hurt,feeling,2012,BLOG,frontstretch.com,"racing at Martinsville resulted in a lot of bent sheet metal, quite a few hurt feelings, a new point leader and another grandfather clock for Denny Hamlin. Hamlin","racing at Martinsville resulted in a lot of bent sheet metal, quite a few hurt feelings, a new point leader and another grandfather clock for Denny Hamlin. Hamlin",fa82f8d06989181dafd26a5a7d8eeb3b
326,hurt,feeling,2012,BLOG,rockytoptalk.com,men's and women's athletic department over the past year has resulted in some hurt feelings and some shallower pockets thanks to a lawsuit currently being waged against the university,men's and women's athletic department over the past year has resulted in some hurt feelings and some shallower pockets thanks to a lawsuit currently being waged against the university,23461e9bb59671db76154e03eb5798ab
327,hurt,feeling,2012,BLOG,...appiness-project.com,"Ann, I feel your pain). I also have such trouble keeping my hurt feelings to myself sometimes. # kathleen # Thanks for this -- I so needed","Ann, I feel your pain). I also have such trouble keeping my hurt feelings to myself sometimes. # kathleen # Thanks for this -- I so needed",dc0d2d86f4a6b3a14a261afa07f86931
328,hurt,feeling,2012,BLOG,jjie.org,"the events and subsequent actions. We were five people in a conflict, with hurt feelings and misunderstandings, but also with a commitment to facing our conflict head on","the events and subsequent actions. We were five people in a conflict, with hurt feelings and misunderstandings, but also with a commitment to facing our conflict head on",153262f4d6160056d09223a74466de0c
329,hurt,feeling,2012,BLOG,...saverelationship.com,"acknowledge these feelings, when making them known to one another, it can cause hurt feelings and resentment toward the other. If you find that these feelings are getting","acknowledge these feelings, when making them known to one another, it can cause hurt feelings and resentment toward the other. If you find that these feelings are getting",f4378004dfc093229fd3bc7d4c9849d2
330,hurt,feeling,2012,BLOG,muslimcomment.com,", or, at the very least, such sentiments are mixed in with true hurt feelings. There's porn on the Internet about the Virgin Mary, did you",", or, at the very least, such sentiments are mixed in with true hurt feelings. There's porn on the Internet about the Virgin Mary, did you",14a47c1e5117abc373443d85e4162d80
331,hurt,feeling,2012,BLOG,roger-pearse.com,"complaining that... well, erm, what? Digging into it, I find hurt feelings on the part of the accuser: # ... you have made extreme accusations","complaining that... well, erm, what? Digging into it, I find hurt feelings on the part of the accuser: # ... you have made extreme accusations",495313492c4367fb4ec42add422f0c24
332,hurt,feeling,2012,BLOG,untilsunday.org,"you and that person may genuinely have different viewpoints, resolve any broken relationship or hurt feelings with him or her, so that God's work won't be hindered","you and that person may genuinely have different viewpoints, resolve any broken relationship or hurt feelings with him or her, so that God's work won't be hindered",48d7f4dc5c98b6fb8c6fef867db32eee
333,hurt,feeling,2012,BLOG,thehayride.com,"RTB # Regardless of who's right in this circus, it's clear the hurt feelings are real. But what else looks real is the suspicion that the Boustany","RTB # Regardless of who's right in this circus, it's clear the hurt feelings are real. But what else looks real is the suspicion that the Boustany",e9a02c3bc225f0da0819e6adaff4721f
334,hurt,feeling,2012,BLOG,...tanbuddhistaltar.org,"deal. Back off on fundraising today, it goes awry and can result in hurt feelings. An authority figure is... # The following is an excerpt from a","deal. Back off on fundraising today, it goes awry and can result in hurt feelings. An authority figure is... # The following is an excerpt from a",668a2fdfae7a9a743bdae5215d90aca5
335,hurt,feeling,2012,BLOG,nba.si.com,"to stir up many emotions, but there's no need for lingering bitterness or hurt feelings toward Presti in this one. Thunder ownership wasn't willing to meet Harden","to stir up many emotions, but there's no need for lingering bitterness or hurt feelings toward Presti in this one. Thunder ownership wasn't willing to meet Harden",1a6a3742096076d0dc80edbbef9d4adb
336,hurt,feeling,2012,BLOG,huffingtonpost.com,his/her standpoint. This will take a great deal of willingness and humility because your hurt feelings will tell you there is nothing legitimate about what happened. But no matter,his/her standpoint. This will take a great deal of willingness and humility because your hurt feelings will tell you there is nothing legitimate about what happened. But no matter,e30526512bf1df73aaf8605d7c139027
337,hurt,feeling,2012,BLOG,huffingtonpost.com,"the best parents can get so caught up in their own anxieties, insecurities and hurt feelings that they may forget that the messy back-and-forth is taking a toll on their","the best parents can get so caught up in their own anxieties, insecurities and hurt feelings that they may forget that the messy back-and-forth is taking a toll on their",1f9d2696cb743071ade51d84516a1ca2
338,hurt,feeling,2012,BLOG,...tanbuddhistaltar.org (2),". Back off on fundraising today, it goes awry and can result in hurt feelings. An authority figure is... # The following is an excerpt from a",". Back off on fundraising today, it goes awry and can result in hurt feelings. An authority figure is... # The following is an excerpt from a",3eb968c89a5b57a848229f5b03022a6f
339,hurt,feeling,2012,BLOG,usacarry.com,"your family, not the view, or hollywood.. not your party or your hurt feelings! they all "" LIE ""! and we know who's lying to","your family, not the view, or hollywood.. not your party or your hurt feelings! they all "" LIE ""! and we know who's lying to",22234f38fdd8605dfae189aeb7c7e649
340,hurt,feeling,2012,BLOG,huffingtonpost.com,"is key, so both parties may need to adjust, but you can avoid hurt feelings by talking things out.  Recognize Those Red Flags For Mr. Unavailable #","is key, so both parties may need to adjust, but you can avoid hurt feelings by talking things out. Recognize Those Red Flags For Mr. Unavailable #",f03f7b95abbf20ffb54460b6d6ec84ed
341,hurt,feeling,2012,BLOG,feministe.us,"girls or what? # No, that part I agree with. His possibly hurt feelings seem a very marginal and speculative thing, so that is not much of","girls or what? # No, that part I agree with. His possibly hurt feelings seem a very marginal and speculative thing, so that is not much of",d95099b87ec47d3ef7630beaf2187441
342,hurt,feeling,2012,BLOG,feministe.us,"off about Caperton's judgment. # It hurts their feelings Fat Steve... but hurt feelings are a small price to pay for "" hey you are acting creepy and","off about Caperton's judgment. # It hurts their feelings Fat Steve... but hurt feelings are a small price to pay for "" hey you are acting creepy and",8c6b96d75d1809967d7c2ac8020b113c
343,hurt,feeling,2012,BLOG,myobsaidwhat.com,comment that they would normally laugh at becomes something that brings on the tears and hurt feelings. So I can imagine that even if the nurse was trying to lighten,comment that they would normally laugh at becomes something that brings on the tears and hurt feelings. So I can imagine that even if the nurse was trying to lighten,2471577bb7681c0a66b870697d861575
344,hurt,feeling,2012,BLOG,...ptarts.wordpress.com,"it is better know that ASAP rather than later on, so there are no hurt feelings and misunderstandings (at least on that topic). # It may or","it is better know that ASAP rather than later on, so there are no hurt feelings and misunderstandings (at least on that topic). # It may or",2b2e3c4d099a19c6b3f141807476d0a4
345,hurt,feeling,2012,BLOG,firebrandal.com,write anything sympathetic for all the victims of Jerry Sandusky? You want to know hurt feelings? Trying being sexually victimized as a kid and having to live with the,write anything sympathetic for all the victims of Jerry Sandusky? You want to know hurt feelings? Trying being sexually victimized as a kid and having to live with the,651230fa43259890778ac29a762909af
346,hurt,feeling,2012,BLOG,checklistmommy.com,"over your defensiveness. A parent's need to keep their children safe outweighs your hurt feelings. The article clearly addresses statistical realities and not "" oh, I'm","over your defensiveness. A parent's need to keep their children safe outweighs your hurt feelings. The article clearly addresses statistical realities and not "" oh, I'm",d96cb7763a4180eaa2cf31d029028e8e
347,hurt,feeling,2012,BLOG,checklistmommy.com,"daaaare you accuse me....? "" Parents don't care about you and your hurt feelings. They care about keeping their kids safe. And statistics say that strange","daaaare you accuse me....? "" Parents don't care about you and your hurt feelings. They care about keeping their kids safe. And statistics say that strange",a8d5d6095cf3d3953b630267d0e1d987
348,hurt,feeling,2012,BLOG,huffingtonpost.com,the two sides in the conflict as equals. Lay aside all the causes for hurt feelings that Hamas has; it doesn't change the fact that they are an,the two sides in the conflict as equals. Lay aside all the causes for hurt feelings that Hamas has; it doesn't change the fact that they are an,dbfaedcd4ad8ae5e78bcc5cd9c8a34a1
349,hurt,feeling,2012,BLOG,mediaite.com,"We are all Osama! "" # And Obama sympathizes with the animals' "" hurt feelings "" about a video no one saw. This lying coward needs to go","We are all Osama! "" # And Obama sympathizes with the animals' "" hurt feelings "" about a video no one saw. This lying coward needs to go",48c9a4a8cb3f9f1eea91c1678ec52fff
350,hurt,feeling,2012,BLOG,...ationshipyouwant.com,"proverbial belt buckle..... and i would do all the things many woman do.... hurt feelings, self loathing, resentment towards myself and him... if i could just","proverbial belt buckle..... and i would do all the things many woman do.... hurt feelings, self loathing, resentment towards myself and him... if i could just",b2a56b6a2f9ed22bac189ac039f2cfd8
351,hurt,feeling,2012,BLOG,...erfamilybusiness.com,"season five Dean was shown as being hurt by that in DSOTM. Dean's hurt feelings are the main point, not that Sam wanted to be happy. Dean","season five Dean was shown as being hurt by that in DSOTM. Dean's hurt feelings are the main point, not that Sam wanted to be happy. Dean",e1f3191221c3aee55981c7b0bed821a5
352,hurt,feeling,2012,BLOG,clevescene.com,"as a handful of other Cleveland chefs. # Naturally, there were plenty of hurt feelings, from both chefs and residents hoping to take part in the momentous celebration","as a handful of other Cleveland chefs. # Naturally, there were plenty of hurt feelings, from both chefs and residents hoping to take part in the momentous celebration",a4d5863285a195b275760c8f0ca9fc65
353,hurt,feeling,2012,BLOG,ryankellymusic.com,", Broken Things is healing my widows heart, Everything I Do is healing my hurt feelings when I feel invisible and unappreciated and seeing how you are getting stronger day",", Broken Things is healing my widows heart, Everything I Do is healing my hurt feelings when I feel invisible and unappreciated and seeing how you are getting stronger day",8df6a21bce8ef0b6fef56fbcf093b5fc
354,hurt,feeling,2012,BLOG,metafilter.com,"rather than disdain for the various components of our community. Still, a "" hurt feelings "" test is impossible to comply with while maintaining the fearless pursuit of truth","rather than disdain for the various components of our community. Still, a "" hurt feelings "" test is impossible to comply with while maintaining the fearless pursuit of truth",c11c309430b1836beb9594f0fbb2a4c1
355,hurt,feeling,2012,BLOG,metafilter.com,of see where they're coming from if I tilt my head a bit. Hurt feelings wouldn't be reason enough to curtail speech. Hate speech laws are not,of see where they're coming from if I tilt my head a bit. Hurt feelings wouldn't be reason enough to curtail speech. Hate speech laws are not,4ff7f949dca856ccae55048d89c38186
356,hurt,feeling,2012,BLOG,metafilter.com,wouldn't be reason enough to curtail speech. Hate speech laws are not about hurt feelings. posted by emmtee at 11:11 PM on August 10 3 favorites # Well,wouldn't be reason enough to curtail speech. Hate speech laws are not about hurt feelings. posted by emmtee at 11:11 PM on August 10 3 favorites # Well,f7e3b4db277b42322f08cf095ad58651
357,hurt,feeling,2012,BLOG,metafilter.com,at 11:15 PM on August 10 2 favorites # Hate speech laws are not about hurt feelings. # What do you mean? Seems to me that's exactly what,at 11:15 PM on August 10 2 favorites # Hate speech laws are not about hurt feelings. # What do you mean? Seems to me that's exactly what,723c76064b4c64946d03c27861b6b461
358,hurt,feeling,2012,BLOG,metafilter.com,", but I don't think it's that common as the primary reason. Hurt feelings being the worst thing ever is for privileged people. Members of oppressed groups",", but I don't think it's that common as the primary reason. Hurt feelings being the worst thing ever is for privileged people. Members of oppressed groups",e4872ff9de09b0d6afd3b73a64956898
359,hurt,feeling,2012,BLOG,metafilter.com,of see where they're coming from if I tilt my head a bit. Hurt feelings wouldn't be reason enough to curtail speech. Hate speech laws are not,of see where they're coming from if I tilt my head a bit. Hurt feelings wouldn't be reason enough to curtail speech. Hate speech laws are not,4ff7f949dca856ccae55048d89c38186
360,hurt,feeling,2012,BLOG,metafilter.com,wouldn't be reason enough to curtail speech. Hate speech laws are not about hurt feelings. # (1) It is unlawful for a person to do an,wouldn't be reason enough to curtail speech. Hate speech laws are not about hurt feelings. # (1) It is unlawful for a person to do an,9db08110e2ec87fc3e388e17ae75355c
361,hurt,feeling,2012,BLOG,...atalk.metafilter.com,the wherewithal to ignore or glide over them and it comes at the cost of hurt feelings and upset. And whilst it's true that we as a community are,the wherewithal to ignore or glide over them and it comes at the cost of hurt feelings and upset. And whilst it's true that we as a community are,576b99b4f43dcb870c7e4e13245d50c4
362,hurt,feeling,2012,BLOG,...ilmschoolrejects.com,"co-stars give this story of love, loss, unrequited love, party shenanigans and hurt feelings a great deal of charm and verve, reminiscent of 90s ensemble comedies like","co-stars give this story of love, loss, unrequited love, party shenanigans and hurt feelings a great deal of charm and verve, reminiscent of 90s ensemble comedies like",325cd3bcda056811469bcfca3c569962
363,hurt,feeling,2012,BLOG,juancole.com,the news... Sarah Palin comes to mind when I think of the protesters with hurt feelings... she always wants to be a victim... I appreciate more than I,the news... Sarah Palin comes to mind when I think of the protesters with hurt feelings... she always wants to be a victim... I appreciate more than I,9b9dbc32eb0b55861c15b539cff3c29f
364,hurt,feeling,2012,BLOG,thehairpin.com,! what to do?! how to do???? confrontation means hurt feelings! hurt feelings mean I am a monster! avoid avoid avoid OR TMI,! what to do?! how to do???? confrontation means hurt feelings! hurt feelings mean I am a monster! avoid avoid avoid OR TMI,4ca32f64eb6f5582af0b86567e9da6cc
365,hurt,feeling,2012,BLOG,dappered.com,. No one ever felt relaxed after a whirlwind tour of desperately trying to prevent hurt feelings. If these people are getting offended because you're not killing yourself to,. No one ever felt relaxed after a whirlwind tour of desperately trying to prevent hurt feelings. If these people are getting offended because you're not killing yourself to,3f61c2757f490b9c7a49874780c7f0f8
366,hurt,feeling,2012,BLOG,...edoingit.typepad.com,"were not to purposely hurt anyone else but to make herself happy... even though hurt feelings would naturally be a byproduct of her decision. Yet in the end,","were not to purposely hurt anyone else but to make herself happy... even though hurt feelings would naturally be a byproduct of her decision. Yet in the end,",41b5aefe4471163f5e43a43596fcdf8b
367,hurt,feeling,2012,BLOG,...edoingit.typepad.com,"happy. In fact, you should do what makes you happy! Yes, hurt feelings may be a byproduct of your decision, but purposely hurting another is not","happy. In fact, you should do what makes you happy! Yes, hurt feelings may be a byproduct of your decision, but purposely hurting another is not",5379a0633cfa38abf2de921ea9d08845
368,hurt,feeling,2012,BLOG,patheos.com,"too important to hobble with arcane rules and too much of a focus on avoiding hurt feelings. Just so we're clear, this stands in marked contrast to something","too important to hobble with arcane rules and too much of a focus on avoiding hurt feelings. Just so we're clear, this stands in marked contrast to something",807148fa03161268287b658e421d2da7
369,hurt,feeling,2012,BLOG,patheos.com,". The Muhammad Cartoons are offensive, but the point they make is worth the hurt feelings since they affirm the vital freedoms of (and from) religion, speech",". The Muhammad Cartoons are offensive, but the point they make is worth the hurt feelings since they affirm the vital freedoms of (and from) religion, speech",cc4ce328c557bad4073b7ab408eeaf52
370,hurt,feeling,2012,BLOG,dropera.blogspot.com,Maybe one of the artists has chronic halitosis; maybe there've been spats and hurt feelings; maybe they just don't mesh. # But I'd put my,Maybe one of the artists has chronic halitosis; maybe there've been spats and hurt feelings; maybe they just don't mesh. # But I'd put my,460b75dd3640b429e43539567d5cc8ed
371,hurt,feeling,2012,BLOG,...endell.wordpress.com,"It is why I can work around the ingratitude, the inequity and sometimes the hurt feelings. Keep moving. Sometimes it is forward, sometimes sideways and sometimes backwards","It is why I can work around the ingratitude, the inequity and sometimes the hurt feelings. Keep moving. Sometimes it is forward, sometimes sideways and sometimes backwards",b694f721fe1db05ad3dd30b22f2bef77
372,hurt,feeling,2012,BLOG,blogs.hbr.org,"or loss. Naomi's experiments at UCLA showed that taking Tylenol actually reduced "" hurt feelings "" -- experiences of social isolation and rejection. # Feeling connected is intrinsically","or loss. Naomi's experiments at UCLA showed that taking Tylenol actually reduced "" hurt feelings "" -- experiences of social isolation and rejection. # Feeling connected is intrinsically",983801afb52c3f20e9eec6a8399c061e
373,hurt,feeling,2012,BLOG,...erfamilybusiness.com (1),"mostly to the premise this show was based upon. # Wanting normal, hurt feelings, crying tears over the losses encountered for repeatedly saving the world makes a","mostly to the premise this show was based upon. # Wanting normal, hurt feelings, crying tears over the losses encountered for repeatedly saving the world makes a",f77acd6b94b062669b3bf0cd3e7b140c
374,hurt,feeling,2012,BLOG,rookiemag.com,"directed towards a white person does not usually have any implications more serious than seriously hurt feelings. For this reason, many people have argued that racism towards white people","directed towards a white person does not usually have any implications more serious than seriously hurt feelings. For this reason, many people have argued that racism towards white people",3d1e020f9536cf576fc59addd99d4acd
375,hurt,feeling,2012,BLOG,alameda.patch.com,". There's no harmful residue and the ants themselves aren't harmed except for hurt feelings. # 2 tablespoons of Boric acid (Walgreens, hardware store etc)",". There's no harmful residue and the ants themselves aren't harmed except for hurt feelings. # 2 tablespoons of Boric acid (Walgreens, hardware store etc)",554f5c923600075b8bc49acd946e644c
376,hurt,feeling,2012,BLOG,askamanager.org,"above) -- she erred there. # My implication was not that you specifically hurt feelings with your response, I think it detailed what would be the best course","above) -- she erred there. # My implication was not that you specifically hurt feelings with your response, I think it detailed what would be the best course",29a3d18d6a55ebbd60b0fc3bf9bd464f
377,hurt,feeling,2012,BLOG,askamanager.org,I think that a lot of what the sister is responding to is really those hurt feelings. I think when the wounds heal a little she'll realize that this,I think that a lot of what the sister is responding to is really those hurt feelings. I think when the wounds heal a little she'll realize that this,87f61a69ff430ca00d3932a4f2f028dc
378,hurt,feeling,2012,WEB,deadline.com,"what you or I think because we aren't out there killing people over our hurt feelings. # Comment by gord -- Saturday September 15, 2012  8:03pm PDT","what you or I think because we aren't out there killing people over our hurt feelings. # Comment by gord -- Saturday September 15, 2012 8:03pm PDT",d49ed944778764d142238e365bba8a61
379,hurt,feeling,2012,WEB,amazon.com,"that the story delves deep into the many complications and ironies that people experience over hurt feelings and damaged relationships. However, one will still enjoy some light comedic parts","that the story delves deep into the many complications and ironies that people experience over hurt feelings and damaged relationships. However, one will still enjoy some light comedic parts",b86f4e65c95d7c3086135bd25499e522
380,hurt,feeling,2012,WEB,fourhourworkweek.com,"and impressions of people we encounter on a day-to-day basis which result in misunderstandings, hurt feelings and arguments. Whether the interaction is with our parents, siblings, spouse","and impressions of people we encounter on a day-to-day basis which result in misunderstandings, hurt feelings and arguments. Whether the interaction is with our parents, siblings, spouse",044dda91f00d15a401ef66c0f587367a
381,hurt,feeling,2012,WEB,dailycal.org,"complicated, and that it's totally possible for both parties to leave relationships with hurt feelings, or not (either can be great), and while it's","complicated, and that it's totally possible for both parties to leave relationships with hurt feelings, or not (either can be great), and while it's",1fb82bed385167a6ba1166f922054fc4
382,hurt,feeling,2012,WEB,huffingtonpost.com,"understand why people would fight about this. It isn't worth the argument or hurt feelings. There is a wise saying "" Pick your battles, wisely "" and","understand why people would fight about this. It isn't worth the argument or hurt feelings. There is a wise saying "" Pick your battles, wisely "" and",fa14441ec9ae5574dd19ab44d87d0458
383,hurt,feeling,2012,WEB,...lthouse.blogspot.com,"Poles have the right to expect a correction, spare me any sympathy for their hurt feelings. It is a LOT more than just a few people complicit with the","Poles have the right to expect a correction, spare me any sympathy for their hurt feelings. It is a LOT more than just a few people complicit with the",ed787e96caf1d4baca4a84ae23aa8a6b
384,hurt,feeling,2012,WEB,...lthouse.blogspot.com,"Poles have the right to expect a correction, spare me any sympathy for their hurt feelings. # I'm not about to try to defend the Polish or discuss","Poles have the right to expect a correction, spare me any sympathy for their hurt feelings. # I'm not about to try to defend the Polish or discuss",55cd8feedefc08cc9d535a23f043da7e
385,hurt,feeling,2012,WEB,wrongplanet.net,"you're more attracted? # I know you don't want the hassle and hurt feelings of breaking up, but in the long run, staying together with your","you're more attracted? # I know you don't want the hassle and hurt feelings of breaking up, but in the long run, staying together with your",e5ec868aff53d303dc373925e013c6ac
386,hurt,feeling,2012,WEB,whatbookisthat.com,employees were horribly murdered. This means they're going to have to confront their hurt feelings and their history and figure out whether their relationship is salvageable. Both of,employees were horribly murdered. This means they're going to have to confront their hurt feelings and their history and figure out whether their relationship is salvageable. Both of,3a2e6eabd8ea4351e4b4581f8ee953c4
387,hurt,feeling,2012,WEB,marriagebuilders.com,"couples go through as they try to adjust to each other's emotional reactions. Hurt feelings are the most common, but depression, anger, panic, paranoia and","couples go through as they try to adjust to each other's emotional reactions. Hurt feelings are the most common, but depression, anger, panic, paranoia and",e3916497191245674e6a1ac47c05b01c
388,hurt,feeling,2012,WEB,captainawkward.com,a bit. I know there's no way out of this without drama and hurt feelings and awkwardness. I just don't know what to do. Do I,a bit. I know there's no way out of this without drama and hurt feelings and awkwardness. I just don't know what to do. Do I,d1a86dffb798d794258172aa148ce9ec
389,hurt,feeling,2012,WEB,captainawkward.com,", it's your safety that's most important: not the creeper's' hurt feelings' (and when is that ever an acceptable excuse), not your",", it's your safety that's most important: not the creeper's' hurt feelings' (and when is that ever an acceptable excuse), not your",5fef376b487963af29d2d596c7787cb8
390,hurt,feeling,2012,WEB,captainawkward.com,definitely pushes some boundaries and then is offended if I get offended. Cuz his hurt feelings about his bad joke are obviously more important than my feelings that he hurt,definitely pushes some boundaries and then is offended if I get offended. Cuz his hurt feelings about his bad joke are obviously more important than my feelings that he hurt,cfc8043cabff4c9bbddfc004e1c130c6
391,hurt,feeling,2012,WEB,ask.metafilter.com,uncomfortable feelings until they go away. # And now you're responsible for his hurt feelings because you were frightened when he turned up out of the blue WITH A,uncomfortable feelings until they go away. # And now you're responsible for his hurt feelings because you were frightened when he turned up out of the blue WITH A,518690e1075677682b32ba6aea8b9023
392,hurt,feeling,2012,WEB,forbes.com,"however, especially if there are children in the mix. By setting aside the hurt feelings and working through the practical aspects of getting the divorce finalized, you can","however, especially if there are children in the mix. By setting aside the hurt feelings and working through the practical aspects of getting the divorce finalized, you can",15ca7f65bf723a91bd09b0cecfe84e5d
393,hurt,feeling,2012,WEB,askamanager.org,"and such? When I picture that scenario, there are still not as many hurt feelings as when an employee is let go, even if they know they can","and such? When I picture that scenario, there are still not as many hurt feelings as when an employee is let go, even if they know they can",dbf038b92480869a7a93b2b983939409
394,hurt,feeling,2012,WEB,askamanager.org,"lot of managers do take it personally. # I just think financial trauma trumps hurt feelings. If I were fired today I would feel hurt, betrayed, angry","lot of managers do take it personally. # I just think financial trauma trumps hurt feelings. If I were fired today I would feel hurt, betrayed, angry",c14a91bd61a1577933f21a336b6c3ea0
395,hurt,feeling,2012,WEB,copyblogger.com,"us. And if there's something we aren't sharing, there can be hurt feelings. # I was glad she stepped up and respectfully let us know.","us. And if there's something we aren't sharing, there can be hurt feelings. # I was glad she stepped up and respectfully let us know.",7addbc6572a6cd3cacaf741872a285e7
396,hurt,feeling,2012,WEB,esr.ibiblio.org,"acts in a fanatical fashion, what real harm (i.e. let's exclude "" hurt feelings "" or "" truth "") is done by that? What interests about","acts in a fanatical fashion, what real harm (i.e. let's exclude "" hurt feelings "" or "" truth "") is done by that? What interests about",7158627f094062b39976d54661efe2f8
397,hurt,feeling,2012,WEB,drlauraberman.com,"emotional consequences. While romance brings us joy, it also brings our share of hurt feelings and broken hearts -- and it can also bring diseases, some incurable.","emotional consequences. While romance brings us joy, it also brings our share of hurt feelings and broken hearts -- and it can also bring diseases, some incurable.",ba3d68842ae7c319ff2b138f69b24c14
398,hurt,feeling,2012,WEB,superherolife.com,"still let her know just how I truly felt/ feel. Perceptions, projections, hurt feelings, disappointments, frustrations, loss, truth/ heart of the matter..","still let her know just how I truly felt/ feel. Perceptions, projections, hurt feelings, disappointments, frustrations, loss, truth/ heart of the matter..",32911fe8502e3168bbae9b1071b64b77
399,hurt,feeling,2012,WEB,wikihow.com,what they say. Communication is the keyword. # 4 # Time heals. Hurt feelings can make people unable to reason well. Many people react when they are,what they say. Communication is the keyword. # 4 # Time heals. Hurt feelings can make people unable to reason well. Many people react when they are,a151f56797d090815eedb8fb4128463c
400,hurt,feeling,2012,WEB,...oducer.wordpress.com,"should be mature and handle things in an adult manner, get over my petty hurt feelings, talk to J and tell him that I'm having issue with him","should be mature and handle things in an adult manner, get over my petty hurt feelings, talk to J and tell him that I'm having issue with him",c7b9bc1c23f47d639b6644fcf1d41b0e
401,hurt,feeling,2012,WEB,deeperstory.com,was both fair and convicting in all the right places. Leaving Catholicism caused deep hurt feelings and worries amongst friends and family for me as well. And I understand,was both fair and convicting in all the right places. Leaving Catholicism caused deep hurt feelings and worries amongst friends and family for me as well. And I understand,33f2270e44831f3f3dd2c808a8bf0890
402,hurt,feeling,2012,WEB,todaysletters.com,. We try and keep short accounts with one other by sharing our disappointments and hurt feelings. This isn't always easy but it's necessary in maintaining marital oneness,. We try and keep short accounts with one other by sharing our disappointments and hurt feelings. This isn't always easy but it's necessary in maintaining marital oneness,8e69daa661b798ac599eeb28a76351d6
403,hurt,feeling,2012,WEB,patheos.com,"somebody did something wrong. Yes, this can help us let go of our hurt feelings sometimes, but forgiveness is choosing before God to let go of the offense","somebody did something wrong. Yes, this can help us let go of our hurt feelings sometimes, but forgiveness is choosing before God to let go of the offense",7ab5ff99633318d9cdb79707551fb6fb
404,hurt,feeling,2012,WEB,...utsmile.blogspot.com,", but it doesn't have to escalate into a screaming match that ends in hurt feelings and bitterness. Be respectful of others, both when addressing differences and when",", but it doesn't have to escalate into a screaming match that ends in hurt feelings and bitterness. Be respectful of others, both when addressing differences and when",caa75e6c67a7b43d485845e204b709c6
405,hurt,feeling,2012,WEB,...lltalk.nbcsports.com,"young team that is improving every week, if you discount them now over your hurt feelings, you will see for yourself soon enough. They are good, deep","young team that is improving every week, if you discount them now over your hurt feelings, you will see for yourself soon enough. They are good, deep",3ba9efcc3cafcdbf59518abbc2aca647
406,hurt,feeling,2012,WEB,waxy.org,"comes out. It could be a good move for you professionally to leave the hurt feelings aside on this one and make lemonade (or a gin and tonic,","comes out. It could be a good move for you professionally to leave the hurt feelings aside on this one and make lemonade (or a gin and tonic,",b2280ca7993f04e7967af1c38300d369
407,hurt,feeling,2012,WEB,waxy.org,Robin Hood will be released in a similar fashion (although hopefully without all the hurt feelings). # Amy Briggs Being an 11 year old boy at the time,Robin Hood will be released in a similar fashion (although hopefully without all the hurt feelings). # Amy Briggs Being an 11 year old boy at the time,97cb1653e098e0a5838cf23612cdde3d
408,hurt,feeling,2012,WEB,thestranger.com,"support anti-bullying programs in schools. Effective ones, not just ones that whine about hurt feelings and so forth... think of your own stuff! # Non-LGBT People Who","support anti-bullying programs in schools. Effective ones, not just ones that whine about hurt feelings and so forth... think of your own stuff! # Non-LGBT People Who",a97bd43e392c631afa0169384bcc0815
409,hurt,feeling,2012,WEB,...esspace.blogspot.com,out of his study all afternoon and I didn't go up. Despite my hurt feelings I still hoped Tom was catching a catnap and I didn't want to,out of his study all afternoon and I didn't go up. Despite my hurt feelings I still hoped Tom was catching a catnap and I didn't want to,239ef977738602c231dcda8d4e21c725
410,hurt,feeling,2012,WEB,arikhanson.com,"productive -- they generally don't change minds while they open the possibility of engendering hurt feelings and mistrust. # Mostly, I feel it's none of my business","productive -- they generally don't change minds while they open the possibility of engendering hurt feelings and mistrust. # Mostly, I feel it's none of my business",ff3bf00d5c49db28b625dc3fe726524d
411,hurt,feeling,2012,WEB,suntimes.com,"There was yelling from his side of the auditorium and much cowering, anger and hurt feelings on the other side. # But all he really wanted was to locate","There was yelling from his side of the auditorium and much cowering, anger and hurt feelings on the other side. # But all he really wanted was to locate",70b5790cc2bacc4fa036b15b0008ac69
412,hurt,feeling,2012,WEB,tvtropes.org,"true for healthy and communicative romantic relationships, where calmly explicit expression of one's hurt feelings is preferred to cryptic allusions or overly dramatic acts of retribution. # Some","true for healthy and communicative romantic relationships, where calmly explicit expression of one's hurt feelings is preferred to cryptic allusions or overly dramatic acts of retribution. # Some",373686ff752a0c0c646039509669dbbf
413,hurt,feeling,2012,WEB,...iewsfromthecouch.com,", then the appropriate response is to apologize and not do it again, because hurt feelings were not your intention. Whoever is being teased is not required to grow",", then the appropriate response is to apologize and not do it again, because hurt feelings were not your intention. Whoever is being teased is not required to grow",4907863fc140ff5dce26e925f2ba93f3
414,hurt,feeling,2012,WEB,wikihow.com,"you can persuade him that it's for the best rather than him leaving with hurt feelings. By persuading him round to the same opinion as you, you can","you can persuade him that it's for the best rather than him leaving with hurt feelings. By persuading him round to the same opinion as you, you can",190f39f222d46e8bd93fa6b67f833c5a
415,hurt,feeling,2012,WEB,cupidblogger.com,"#7 Don't be part of the drama # A guy with wounded pride and hurt feelings can get verbally abusive, so try to calm the situation with silence.","#7 Don't be part of the drama # A guy with wounded pride and hurt feelings can get verbally abusive, so try to calm the situation with silence.",a9506c06f0f657ebec75fb3f3712dd33
416,hurt,feeling,2012,WEB,turfshowtimes.com,criticism out of the realm of personal attack). # Those of you getting hurt feelings at the first mention of Bradford's struggles are experiencing the same thing.,criticism out of the realm of personal attack). # Those of you getting hurt feelings at the first mention of Bradford's struggles are experiencing the same thing.,c49f0337a88ab1da4da79a20826dddef
417,hurt,feeling,2012,WEB,thinksimplenow.com,okay with my timeline stayed and the ones who weren't went away. No hurt feelings and everyone wins. # Many of us have latched onto this concept of,okay with my timeline stayed and the ones who weren't went away. No hurt feelings and everyone wins. # Many of us have latched onto this concept of,a91841c012ab1806347dd38fcfd538eb
418,hurt,feeling,2012,WEB,thinksimplenow.com,"sat down with, or phoned, several of my ex-boyfriends, and apologized for hurt feelings I may have caused, and expressed and forgave them for my own hurt","sat down with, or phoned, several of my ex-boyfriends, and apologized for hurt feelings I may have caused, and expressed and forgave them for my own hurt",4df928501210966d0414f13a609bc2ed
419,hurt,feeling,2012,WEB,thinksimplenow.com,"hurt feelings I may have caused, and expressed and forgave them for my own hurt feelings from the relationship. This experience brought closure to those relationships, removed the","hurt feelings I may have caused, and expressed and forgave them for my own hurt feelings from the relationship. This experience brought closure to those relationships, removed the",564f121f1c54a64206aeeb98f5092c0a
420,hurt,feeling,2012,WEB,thepowerhour.com,"exhibit in New York because I feel my First Amendment rights should override someone's hurt feelings, "" D'Antuono told Fox News. "" We should celebrate the fact that","exhibit in New York because I feel my First Amendment rights should override someone's hurt feelings, "" D'Antuono told Fox News. "" We should celebrate the fact that",70e2b2af6ce425758d98119738a5613d
421,hurt,feeling,2012,WEB,...eartlibertarians.com,the hermeneutically suspicious stuff on another. They have to mix. (This causes hurt feelings. Then the seminar discussion goes worse. I'm sorry about that.,the hermeneutically suspicious stuff on another. They have to mix. (This causes hurt feelings. Then the seminar discussion goes worse. I'm sorry about that.,cc50fe070c2f467fae5dc0c42205a340
422,hurt,feeling,2012,WEB,...isreview.typepad.com,video and end with the United States forfeiting its Bill of Rights to appease the hurt feelings of the Muslim Brotherhood. # Be certain of this. When it comes,video and end with the United States forfeiting its Bill of Rights to appease the hurt feelings of the Muslim Brotherhood. # Be certain of this. When it comes,e0e2acf110458d8648fb09d121a6a90b
423,hurt,feeling,2012,WEB,skepchick.org,"least, is the more aggressive and vitriolic person. If I did play the hurt feelings card, I'd have a lot more ammunition than you would. #","least, is the more aggressive and vitriolic person. If I did play the hurt feelings card, I'd have a lot more ammunition than you would. #",bcb1dd0b6e33e8b62ac725387fc707d0
424,hurt,feeling,2012,WEB,mrfreestuff.com (1),. Try to make sure all children have a chance to win to avoid hurt feelings. Supplies: various obstacles # Decorate the Driveway with Dandelions Make sure you,. Try to make sure all children have a chance to win to avoid hurt feelings. Supplies: various obstacles # Decorate the Driveway with Dandelions Make sure you,4841ec6392caa95e3e621ab2b98b87c7
425,hurt,feeling,2012,WEB,baselinescenario.com,"reproof, that Judas Iscariot finally made up his mind to seek revenge for his hurt feelings. Many times had he entertained such ideas subconsciously, but now he dared","reproof, that Judas Iscariot finally made up his mind to seek revenge for his hurt feelings. Many times had he entertained such ideas subconsciously, but now he dared",748d2a48cb5af3a36f46fa3f25e9f228
426,hurt,feeling,2012,WEB,tvtropes.org,"Fortunately, Jeeves is smart enough to cleverly get rid of such visitors with no hurt feelings. # On more than one occasion, Bertie admits in his narration that","Fortunately, Jeeves is smart enough to cleverly get rid of such visitors with no hurt feelings. # On more than one occasion, Bertie admits in his narration that",273281e92217f03499aabd6015bd5c18
427,hurt,feeling,2012,WEB,lyricsmode.com,To come hold this heart of mine Promises unkept Boundaries overstepped Left alone with the hurt Feeling like my life Couldn't feel much worse CHORUS Then I saw the way,To come hold this heart of mine Promises unkept Boundaries overstepped Left alone with the hurt Feeling like my life Couldn't feel much worse CHORUS Then I saw the way,0c23b9b620cd7e9faa2fc09318b1a7fc
428,hurt,feeling,2012,WEB,abcnews.go.com,"self confidence and learning to love the real you, but that doesn't soothe hurt feelings. Confidence can only take just so much beating. My mother believed it","self confidence and learning to love the real you, but that doesn't soothe hurt feelings. Confidence can only take just so much beating. My mother believed it",da7e18bf7b154f2355e364956240e622
429,hurt,feeling,2012,WEB,whosoever.org,will guide me to communicate love to them in such a way to end their hurt feelings that caused them to hurt me. I am reminded in this phrase to,will guide me to communicate love to them in such a way to end their hurt feelings that caused them to hurt me. I am reminded in this phrase to,aa1d9aa34f1293a3d2cffe39c0f228e5
430,hurt,feeling,2012,WEB,nymag.com,"politicians, including Obama, who wanted to raise their taxes. # But besides hurt feelings and vague threats, the actual political and financial damage done to the Wall","politicians, including Obama, who wanted to raise their taxes. # But besides hurt feelings and vague threats, the actual political and financial damage done to the Wall",c7490586fbee35edde63001d1b919654
431,hurt,feeling,2012,WEB,freethoughtblogs.com,to get it the could ask or listen? Would have saved a lot of hurt feelings for all and they might genuinely learn something. # Or force them to,to get it the could ask or listen? Would have saved a lot of hurt feelings for all and they might genuinely learn something. # Or force them to,0f7cf7b2b747332c54fc9afbd7154604
432,hurt,feeling,2012,WEB,tmz.com,"evidence that the plaintiff (Steve Wynn) suffered any' shame, mortification or hurt feelings' as a result of watching the GMA interview of even that he knew","evidence that the plaintiff (Steve Wynn) suffered any' shame, mortification or hurt feelings' as a result of watching the GMA interview of even that he knew",1b01e2bfd6985b90aeeadd8ce186204d
433,hurt,feeling,2012,WEB,politics.alltop.com,Russert asked Pelosi -- in her 21st century moment of... # There are always hurt feelings after big elections. People on both sides are invested in their views and,Russert asked Pelosi -- in her 21st century moment of... # There are always hurt feelings after big elections. People on both sides are invested in their views and,272f08b02c3cd17f75758f7b36b470b8
434,hurt,feeling,2012,WEB,ilmk.wordpress.com,"a job, they got in the way and fogged things up with sex and hurt feelings and all the emotional baggage they carried around. One had to look out","a job, they got in the way and fogged things up with sex and hurt feelings and all the emotional baggage they carried around. One had to look out",e62bcee5e08f6e56a01a830b3cc13d0f
435,hurt,feeling,2012,WEB,...isworldisperfect.com,"diminishing the landscape, and those who are part of it. Cross words, hurt feelings, yesterday's "" best friend "" who for some reason today decides to","diminishing the landscape, and those who are part of it. Cross words, hurt feelings, yesterday's "" best friend "" who for some reason today decides to",26e8176b95c2ce9223da72002121c94f
436,hurt,feeling,2012,WEB,mauinow.com,"answer... deep # Fill Out The Form # They should just have some "" Hurt Feelings Reports "" available for those who think they need one. # 2)","answer... deep # Fill Out The Form # They should just have some "" Hurt Feelings Reports "" available for those who think they need one. # 2)",a31669a53c852506f5b1da52f1c1c826
437,hurt,feeling,2012,WEB,nerdfitness.com,", they're working WITH you to win that getaway rather than sabotaging you with hurt feelings, a puss n boots face, Pizza Hut, and ice cream.",", they're working WITH you to win that getaway rather than sabotaging you with hurt feelings, a puss n boots face, Pizza Hut, and ice cream.",40997202fc3dbf95221cdff3506e289c
438,hurt,feeling,2012,WEB,history.navy.mil,arguments seemed either a disagreement of experts on technical matters or a simple case of hurt feelings; it was even possible to suggest that the Navy was aggrieved merely because,arguments seemed either a disagreement of experts on technical matters or a simple case of hurt feelings; it was even possible to suggest that the Navy was aggrieved merely because,1d08c02f2cf47ef7c317c4b435fb1d73
439,hurt,feeling,2012,WEB,education-portal.com,you plan on doing over the weekend before it happens to avoid any worry or hurt feelings. Establishing this type of communication helps both people in the relationship feel included,you plan on doing over the weekend before it happens to avoid any worry or hurt feelings. Establishing this type of communication helps both people in the relationship feel included,2922ca582da1fb6f9b330c2c89f6431e
440,hurt,feeling,2012,WEB,rachellegardner.com,"if it's not always positive, I have a hard time getting over the hurt feelings (or the knee-jerk angry reaction) and moving on to actually learning from","if it's not always positive, I have a hard time getting over the hurt feelings (or the knee-jerk angry reaction) and moving on to actually learning from",196443f8a927c00cf4de3733c43e6c15
441,hurt,feeling,2012,WEB,rachellegardner.com,Rescue Remedy flower essences or a similar flower remedy formula can really help process those hurt feelings so that you can still be sensitive and yet let go of what is,Rescue Remedy flower essences or a similar flower remedy formula can really help process those hurt feelings so that you can still be sensitive and yet let go of what is,32aa5da48fead7b3ea9c8bb5a171b43d
442,hurt,feeling,2012,WEB,rachellegardner.com,I get a certain grown-up moment when I realize I really can rise above my hurt feelings and learn from the criticism. Once I reach that point shedding the replays,I get a certain grown-up moment when I realize I really can rise above my hurt feelings and learn from the criticism. Once I reach that point shedding the replays,6f91257d3dacc0b4e768f944b7c039ec
443,hurt,feeling,2012,WEB,...etoffmyinternets.net,"I the only one who finds this behavior sort of self-important and reeking of teenaged hurt feelings? Seriously this reminded me of high school, when someone would find out","I the only one who finds this behavior sort of self-important and reeking of teenaged hurt feelings? Seriously this reminded me of high school, when someone would find out",29b0f5cd8937c8f4068393137e2541cc
444,hurt,feeling,2012,WEB,sivers.org,"for the person receiving to add tone/meaning to an email that leads to misunderstandings and hurt feelings. # When on a list-serve, I generally give any negative feedback (","for the person receiving to add tone/meaning to an email that leads to misunderstandings and hurt feelings. # When on a list-serve, I generally give any negative feedback (",8aa89fac9460c5ac3ae01ddc37b3779c
445,hurt,feeling,2012,WEB,theatlantic.com,"it's swaddling an infant, precision placement of a princess Band-Aid, or soothing hurt feelings ("" Paige said she's not my friend anymore! ""),","it's swaddling an infant, precision placement of a princess Band-Aid, or soothing hurt feelings ("" Paige said she's not my friend anymore! ""),",1708f54e8c545215f622691061845664
446,hurt,feeling,2012,WEB,freethoughtblogs.com,"sexualized followed by tarring of all men as potential rapists If it soothes RW's hurt feelings, you may inform her that I couldn't bring myself to sexualize her","sexualized followed by tarring of all men as potential rapists If it soothes RW's hurt feelings, you may inform her that I couldn't bring myself to sexualize her",7214389e42e2b40df0f01cb6a79a7e4c
447,hurt,feeling,2012,WEB,freethoughtblogs.com,"sad to know that some women might worry about you being a rapist, your hurt feelings are not as important as a woman's sense of personal safety. Especially","sad to know that some women might worry about you being a rapist, your hurt feelings are not as important as a woman's sense of personal safety. Especially",5ceed01f755f7876aaabdd925fc8aaee
448,hurt,feeling,2012,WEB,freethoughtblogs.com,"sluts "", as being a rapist is far, far worse. "" your hurt feelings are not as important as a woman's sense of personal safety. ""","sluts "", as being a rapist is far, far worse. "" your hurt feelings are not as important as a woman's sense of personal safety. """,00d097bf53ee7c354eb9130651f3a959
449,hurt,feeling,2012,BLOG,...cksonheraldtoday.com,"country has become too politically correct, too imbued with a desire to avoid "" hurt feelings, "" and too sensitive about the smallest slight. The result is a","country has become too politically correct, too imbued with a desire to avoid "" hurt feelings, "" and too sensitive about the smallest slight. The result is a",8e7d1cd5856fb19dd283d6df4db58fd6
450,hurt,feeling,2012,BLOG,angrybearblog.com,"are more than willing to use violence against the other. In this clash, hurt feelings are chickenfeed. # Saletin: "" Is bigotry an American value? ""","are more than willing to use violence against the other. In this clash, hurt feelings are chickenfeed. # Saletin: "" Is bigotry an American value? """,570931cb197b7ab651283538fea29230
451,hurt,feeling,2012,BLOG,...hobbes.wordpress.com,"All the theory in the world isn't going to fill empty stomachs, mend hurt feelings, solve arguements or provide a safe place for those students who need it","All the theory in the world isn't going to fill empty stomachs, mend hurt feelings, solve arguements or provide a safe place for those students who need it",0102f0a526fd6ef4a0c2ed18b508488a
452,hurt,feeling,2012,BLOG,biglizards.net,"implementing some form of sharia law in Great Britain, in order to sooth the hurt feelings of British Moslems suffering under liberty and democracy. But his paralogical argument evinces","implementing some form of sharia law in Great Britain, in order to sooth the hurt feelings of British Moslems suffering under liberty and democracy. But his paralogical argument evinces",9fab247808c5f997b5988bd4a7fdb7f2
453,hurt,feeling,2012,BLOG,babysittingjobs.com,"of dishonesty. And don't forget the power of natural consequences. Sometimes the hurt feelings of the "" lied to "" that occur when a lie surfaces is enough","of dishonesty. And don't forget the power of natural consequences. Sometimes the hurt feelings of the "" lied to "" that occur when a lie surfaces is enough",23061f3b8094bd6feabb500a20ff53e9
454,hurt,feeling,2012,BLOG,reason.com,"you, but rarely say so to avoid anything from discrimination to a believer's hurt feelings. # Looking for some bisexual to share your fantasies with? Welcome to---datebi.c/0/m---the","you, but rarely say so to avoid anything from discrimination to a believer's hurt feelings. # Looking for some bisexual to share your fantasies with? Welcome to---datebi.c/0/m---the",cd836c8b0e04ce909e766038d33c3564
455,hurt,feeling,2012,BLOG,metafilter.com,"angle and that this deception or lack of transparency drives a lot of the justifiably hurt feelings and anger, but I feel like there was also this notion of ""","angle and that this deception or lack of transparency drives a lot of the justifiably hurt feelings and anger, but I feel like there was also this notion of """,3839bfa0c31008c2579aedfdf9d59c3e
456,hurt,feeling,2012,BLOG,scienceblogs.com,", I think public debate and transparency are a much better answer than allowing "" hurt feelings "" to trump reason. For every jerk-with-an-agenda who might logically "" prove """,", I think public debate and transparency are a much better answer than allowing "" hurt feelings "" to trump reason. For every jerk-with-an-agenda who might logically "" prove """,0392c3606401b64cfa0b995f5a881be5
457,hurt,feeling,2012,BLOG,...ionals.wordpress.com,its citizens will be treated -- including those of faith. # There will be hurt feelings today. There will many who call other names. Friendships will be weakened,its citizens will be treated -- including those of faith. # There will be hurt feelings today. There will many who call other names. Friendships will be weakened,2580a688b60c85912d4ef0f386dcd8f1
458,hurt,feeling,2012,BLOG,baylorsays.com,"? Haven't been reading them either. Honesty (and hoping there are no hurt feelings here): Other than a very very select few, they're all","? Haven't been reading them either. Honesty (and hoping there are no hurt feelings here): Other than a very very select few, they're all",6cbe3caf2b7cc879d46e3d4611dcb176
459,hurt,feeling,2012,BLOG,restministries.com,"support for the chronically ill, but they can also be a source of many hurt feelings. How do we prevent this? By Lisa Copen The Internet has provided","support for the chronically ill, but they can also be a source of many hurt feelings. How do we prevent this? By Lisa Copen The Internet has provided",9dd9fdb3ba47de87ff6b9879d0db02bc
460,hurt,feeling,2012,BLOG,freethoughtblogs.com,"his heart of hearts, but still spouting misogynist bullshit. He justifies prioritizing his hurt feelings over any woman's sense of safety by fabricating a "" desire to mace","his heart of hearts, but still spouting misogynist bullshit. He justifies prioritizing his hurt feelings over any woman's sense of safety by fabricating a "" desire to mace",303a2637130fbe96b429e666f45468e2
461,hurt,feeling,2012,BLOG,freethoughtblogs.com,"mace, "" which is an outright lie about SR. # Prioritizing mens' hurt feelings over women's actual physical safety and the measures they take to ensure it","mace, "" which is an outright lie about SR. # Prioritizing mens' hurt feelings over women's actual physical safety and the measures they take to ensure it",c4a73c4b7c1dba17541d8c13729babee
462,hurt,feeling,2012,BLOG,shakesville.com,"? # me:... # Predictably, the thread is littered with arguments and hurt feelings, most of which stem from a failure to understand the original post.","? # me:... # Predictably, the thread is littered with arguments and hurt feelings, most of which stem from a failure to understand the original post.",f0ed2a557279d44ee4a0f5595cae1432
463,hurt,feeling,2012,BLOG,shakesville.com,"Finally, if you find that your comment boils down to "" I've got hurt feelings "", please refrain from posting it, and enjoy instead this lovely video","Finally, if you find that your comment boils down to "" I've got hurt feelings "", please refrain from posting it, and enjoy instead this lovely video",759571ea98430edb5f82b0f2f1ca0ed4
464,hurt,feeling,2012,BLOG,shakesville.com,"? # me:... # Predictably, the thread is littered with arguments and hurt feelings, most of which stem from a failure to understand the original post.","? # me:... # Predictably, the thread is littered with arguments and hurt feelings, most of which stem from a failure to understand the original post.",f0ed2a557279d44ee4a0f5595cae1432
465,hurt,feeling,2012,BLOG,shakesville.com,"Finally, if you find that your comment boils down to "" I've got hurt feelings "", please refrain from posting it,","Finally, if you find that your comment boils down to "" I've got hurt feelings "", please refrain from posting it,",4c5fad1491cbda632dec70510bd5f159
466,hurt,feeling,2012,BLOG,...jules13.blogspot.com,s best i stay single and free--i'm happy and comfortable that way..... NO hurt feelings and NO court costs!.... lol i have to have my freedom..,s best i stay single and free--i'm happy and comfortable that way..... NO hurt feelings and NO court costs!.... lol i have to have my freedom..,63f76e56414b29e221cf69e857c18b3b
467,hurt,feeling,2012,BLOG,...legirl.wordpress.com,me when I approach him with disrespect -- and he won't care about my hurt feelings if I am treating him with contempt! # If I want to be,me when I approach him with disrespect -- and he won't care about my hurt feelings if I am treating him with contempt! # If I want to be,527a40b3530e38d0b5ec32728f977163
468,hurt,feeling,2012,BLOG,...sewives.blogspot.com,"my life where I am holding onto some level of resentment. I store up hurt feelings, slights, and annoyances. Some real, some may just be in","my life where I am holding onto some level of resentment. I store up hurt feelings, slights, and annoyances. Some real, some may just be in",05e76fd683de72cb4e65abe13b0807be
469,hurt,feeling,2012,BLOG,autostraddle.com,"term "" female-bodied "" without examining what it means is asking for a lot of hurt feelings and alienated readers. # OK so I'm back, and I do","term "" female-bodied "" without examining what it means is asking for a lot of hurt feelings and alienated readers. # OK so I'm back, and I do",07ea38165365a9035fc1bf0a5cea9728
470,hurt,feeling,2012,BLOG,blogs.babble.com,me to believe their religious intolerance and enslave me to their morality choices.... over hurt feelings. If it's removed then I want the posts removed about how the,me to believe their religious intolerance and enslave me to their morality choices.... over hurt feelings. If it's removed then I want the posts removed about how the,5eec336a9ad5e4c609cfb740c1d047f2
471,hurt,feeling,2012,BLOG,dailykos.com,"sides do it "" nonsense. And Mika rushes in to soothe little Reince's hurt feelings... god! Can't stand any of them (Matthews did do well","sides do it "" nonsense. And Mika rushes in to soothe little Reince's hurt feelings... god! Can't stand any of them (Matthews did do well",7128345c78e00bedbd6a723a770f13ed
472,hurt,feeling,2012,BLOG,...nymous.wordpress.com,"personally hurtful, but hurtful to the community. # And I'm not talking hurt feelings. I'm talking about real harm to both the community, and to","personally hurtful, but hurtful to the community. # And I'm not talking hurt feelings. I'm talking about real harm to both the community, and to",e89434ebced4c4e31e7b70ed7ea7668d
473,hurt,feeling,2012,BLOG,restministries.com,"support for the chronically ill, but they can also be a source of many hurt feelings. How do we prevent this? By Lisa Copen The Internet has provided","support for the chronically ill, but they can also be a source of many hurt feelings. How do we prevent this? By Lisa Copen The Internet has provided",9dd9fdb3ba47de87ff6b9879d0db02bc
474,hurt,feeling,2012,BLOG,gofatherhood.com,see you leave and start a life with someone knew. This could cause some hurt feelings or feelings of hate towards you -- kids are not stupid. Its so,see you leave and start a life with someone knew. This could cause some hurt feelings or feelings of hate towards you -- kids are not stupid. Its so,877afd8fe193e4fb75fd368b6fe3b678
475,hurt,feeling,2012,BLOG,cs.bloodhorse.com,"being rude is fashionable. A healthy discussion about two great horses shouldn't involve hurt feelings, foul language, personal attacks, or belittling one mare to make the","being rude is fashionable. A healthy discussion about two great horses shouldn't involve hurt feelings, foul language, personal attacks, or belittling one mare to make the",a7397d7b8edd3cfb9449a17b8e76e172
476,hurt,feeling,2012,BLOG,momgotblog.com,""" # She tried to ease his pain. Tried to erase the space where hurt feelings hung heavy in the air. It was killing her slowly too, but",""" # She tried to ease his pain. Tried to erase the space where hurt feelings hung heavy in the air. It was killing her slowly too, but",e39551e069ed396b12c8189067cf60c3
477,hurt,feeling,2019,SPOK,NPR_FreshAir,"say, no hard feelings? LIPPMAN) : I don't remember saying, no hurt feelings; I remember being desperate for the conversation to end. I was in","say, no hard feelings? LIPPMAN) : I don't remember saying, no hurt feelings; I remember being desperate for the conversation to end. I was in",e59a56ea5d4f56354a61ba3dc53f7e76
478,hurt,feeling,2019,SPOK,NBC_Dateline,". I'm a mother. I fix stuff. A skinned knee, a hurt feeling. I can not fix this. I can't bring him back.",". I'm a mother. I fix stuff. A skinned knee, a hurt feeling. I can not fix this. I can't bring him back.",c81ab0c7b0da5b54bae5be817c66ad12
479,hurt,feeling,2019,FIC,MassachRev,". # The food on Thor ’ s plate looked like a Jell-O mold with hurt feelings. There was no sign of their appetizer. # At the next table,",". # The food on Thor ' s plate looked like a Jell-O mold with hurt feelings. There was no sign of their appetizer. # At the next table,",c1d6dce4e5d29e035e38b5ee34adf2fe
480,hurt,feeling,2019,FIC,Analog,""" Yup. Plenty. Nobody my parents ever considered marriage material. Lots of hurt feelings, over the years. So I gave up on dating. "" #",""" Yup. Plenty. Nobody my parents ever considered marriage material. Lots of hurt feelings, over the years. So I gave up on dating. "" #",a8208b44b3472424a6688c4003acb7b0
481,hurt,feeling,2019,FIC,Fan Fic,hanging around the Beldens or the Wheelers without creating bad blood between them and spreading hurt feelings and spurring questions about it all around. # Regan bit back a curse,hanging around the Beldens or the Wheelers without creating bad blood between them and spreading hurt feelings and spurring questions about it all around. # Regan bit back a curse,31776bd4f6bf24b60c60f632bd50ca0a
482,hurt,feeling,2019,NEWS,Washington Times,line between offensiveness and historical accuracy -- between remembering the past and obliterating what causes hurt feelings? # What exactly are we allowed to publicly display these days? #,line between offensiveness and historical accuracy -- between remembering the past and obliterating what causes hurt feelings? # What exactly are we allowed to publicly display these days? #,19360c1e111173fcfeedb4b0c10480e2
483,hurt,feeling,2019,MOV,Wine Country,"not trying to hurt anyone's feelings. My God, they were born with hurt feelings. Why do you not blast your feelings all over your best friend,","not trying to hurt anyone's feelings. My God, they were born with hurt feelings. Why do you not blast your feelings all over your best friend,",c8654a9df7197058b50ce835980fae52
484,hurt,feeling,2019,MOV,An Interview with God,", maybe some of it was from, like, the body blow, the hurt feelings. But the worst part of it for me was... was this crushing",", maybe some of it was from, like, the body blow, the hurt feelings. But the worst part of it for me was... was this crushing",72b7facc0b6c220d02a00a87a7c1ab51
485,hurt,feeling,2019,TV,The Good Fight,good good.. And And you you're're letting letting your your hurt hurt feelings feelings get get in in the the way way.. Hello Hello.,good good.. And And you you're're letting letting your your hurt hurt feelings feelings get get in in the the way way.. Hello Hello.,7f09d8c7d9285b83c9e01245d3eef9f2
486,hurt,feeling,2018,SPOK,CBS_Morning,": All right. You could call it British humor or you could call it hurt feelings. ANTHONY-MASON) : Yes, exactly. NORAH-O'DONNELL) : I know. Roll down",": All right. You could call it British humor or you could call it hurt feelings. ANTHONY-MASON) : Yes, exactly. NORAH-O'DONNELL) : I know. Roll down",3e0106b02415ab76ed629542e8504ed3
487,hurt,feeling,2018,NEWS,cleveland.com,of unity. It was an impressive display that worked to soothe some of the hurt feelings and sparked numerous conversations. # From Haslam's phone call came another idea,of unity. It was an impressive display that worked to soothe some of the hurt feelings and sparked numerous conversations. # From Haslam's phone call came another idea,30bc0ad30a19451ee4c3dc12b4413591
488,hurt,feeling,2018,NEWS,USA TODAY,"do. Actually doing it, however, would have led to tough conversations and hurt feelings. It might also have angered each of his four children (two in","do. Actually doing it, however, would have led to tough conversations and hurt feelings. It might also have angered each of his four children (two in",084afefd9206464f2c5b837440c67948
489,hurt,feeling,2018,NEWS,Chicago Tribune,her son's next interaction with suspicious neighbors could result in something much worse than hurt feelings. # She decided that Uriah's first day as a paperboy in Upper,her son's next interaction with suspicious neighbors could result in something much worse than hurt feelings. # She decided that Uriah's first day as a paperboy in Upper,df2f9a4132108a3067e295e460c91ba0
490,hurt,feeling,2017,FIC,Bk:ChokedUp,"? "" Flynn said. "" You don't write? "" # Aww. Hurt feelings on top of everything. "" I didn't want you to get your","? "" Flynn said. "" You don't write? "" # Aww. Hurt feelings on top of everything. "" I didn't want you to get your",c1b27244fe6399f082a40261f203fbab
491,hurt,feeling,2017,FIC,Bk:UnbrokenHeart,"kidding, "" others would tell her. She accepted their excuses. Hid her hurt feelings. And never admitted there was nothing funny about being the butt of the","kidding, "" others would tell her. She accepted their excuses. Hid her hurt feelings. And never admitted there was nothing funny about being the butt of the",f4a97ed5afdb7b66d121b7d67acf0faf
492,hurt,feeling,2017,FIC,Analog,. # Kimberly waited alone at the curb. She let her pain and her hurt feelings subside a little while on their own before using the stimulator. It worked,. # Kimberly waited alone at the curb. She let her pain and her hurt feelings subside a little while on their own before using the stimulator. It worked,062309ffd3be60b14a193aa6c0d05f46
493,hurt,feeling,2017,FIC,Analog,"and start the colony. "" # Yareli nodded, but her eyes betrayed her hurt feelings. "" Got ya. I'll be in the lounge if you need","and start the colony. "" # Yareli nodded, but her eyes betrayed her hurt feelings. "" Got ya. I'll be in the lounge if you need",bac238ff083e13a4072767fdfcc48b0d
494,hurt,feeling,2017,MAG,Vanity Fair,and Schwartz and Savage's show know full well that clashes between ordinary teens with hurt feelings can be even scarier than the most outlandish monsters. # For those TV,and Schwartz and Savage's show know full well that clashes between ordinary teens with hurt feelings can be even scarier than the most outlandish monsters. # For those TV,1c831d100cea55d062f7f046c8e862d9
495,hurt,feeling,2017,MAG,Ars Technica,", the city was forced to pay $125,000 to settle the case. # "" Hurt feelings do not free government from the responsibility of respecting Mr. Daniel's freedom of",", the city was forced to pay $125,000 to settle the case. # "" Hurt feelings do not free government from the responsibility of respecting Mr. Daniel's freedom of",c1172a27f782f0ebd91795d79dc4b660
496,hurt,feeling,2017,NEWS,The Detroit News,"And then they're not. # In an attempt to avoid parental melees, hurt feelings and even potential injury, several Metro Detroit parks and recreation departments and event","And then they're not. # In an attempt to avoid parental melees, hurt feelings and even potential injury, several Metro Detroit parks and recreation departments and event",be1f15302a2ab1b86292d0d71e4c0aa9
497,hurt,feeling,2017,MOV,Justice League Dark,forgetting when you made your friend despise you? This is too bloody important for hurt feelings. - Constantine. - Bollocks. You've arrived in time to witness,forgetting when you made your friend despise you? This is too bloody important for hurt feelings. - Constantine. - Bollocks. You've arrived in time to witness,4757e47d1164893196ba4620b806e825
498,hurt,feeling,2017,MOV,Quincy Jones: Burning the Light,"I have to convince her, I have to, like, ease her gently hurt feelings. I have to make her feel better. I have to tell her","I have to convince her, I have to, like, ease her gently hurt feelings. I have to make her feel better. I have to tell her",b89880d10387107185fdb99fc9ae87b2
499,hurt,feeling,2016,FIC,Analog,"months since Anth's loss. And I suspected that beneath the bruised ego and hurt feelings, Seri felt similarly. Though Seri lacked the composure to admit it.","months since Anth's loss. And I suspected that beneath the bruised ego and hurt feelings, Seri felt similarly. Though Seri lacked the composure to admit it.",e0aff625d4b3d1e4a7f9323b237abae8
500,hurt,feeling,2016,MAG,A.V. Club,"dubbed "" The Fog. "" But in 2005, Barlow and Mascis overcame whatever hurt feelings they'd been fostering, and reunited with Murph for a series of tours","dubbed "" The Fog. "" But in 2005, Barlow and Mascis overcame whatever hurt feelings they'd been fostering, and reunited with Murph for a series of tours",59333cb93512ccaec46c24aecbf8ad3a
501,hurt,feeling,2016,MAG,A.V. Club,"The discomfort and tension wouldn't be this pronounced if there weren't some genuine hurt feelings between the two. Cori's the only one with some taste, here","The discomfort and tension wouldn't be this pronounced if there weren't some genuine hurt feelings between the two. Cori's the only one with some taste, here",b685c91684fffa7bd65f6a676658c56e
502,hurt,feeling,2016,NEWS,Dallas Morning News,"College Station campus, "" Young said. "" I deeply regret the pain and hurt feelings this incident caused these young students. Be assured that we take such allegations","College Station campus, "" Young said. "" I deeply regret the pain and hurt feelings this incident caused these young students. Be assured that we take such allegations",d7ac317aa2660da83159d3004124d01b
503,hurt,feeling,2016,NEWS,Colorado Springs Gazette,", inviting them into his chambers for coffee and doughnuts as a way of salving hurt feelings, speakers recalled. # Suthers said Iuppa went out of his way to",", inviting them into his chambers for coffee and doughnuts as a way of salving hurt feelings, speakers recalled. # Suthers said Iuppa went out of his way to",fc29395f8ef57392828142b010469c45
504,hurt,feeling,2016,NEWS,cleveland.com,"then we're looking at five games. That's a lot of minutes for hurt feelings to boil over. # "" There hasn't been one dirty play in","then we're looking at five games. That's a lot of minutes for hurt feelings to boil over. # "" There hasn't been one dirty play in",a5f8dfa8ba30f8e82151862c9cdf7c2e
505,hurt,feeling,2015,FIC,Bk:AllureDeceit,"to stay sharp, assessing attitudes and the nuances of need, excess, and hurt feelings. # Such attention to detail did not prevent the wrong people from making","to stay sharp, assessing attitudes and the nuances of need, excess, and hurt feelings. # Such attention to detail did not prevent the wrong people from making",9a6b39a018e6a3804ccd9027d29449ab
506,hurt,feeling,2015,FIC,FantasySciFi,". "" This reaction is no surprise, but it still makes Meg twitch with hurt feelings. Chloe is a Sensitivity Tester. All day, she sits at a",". "" This reaction is no surprise, but it still makes Meg twitch with hurt feelings. Chloe is a Sensitivity Tester. All day, she sits at a",f7e820fd295740c672fa3b8ea999a4dc
507,hurt,feeling,2015,FIC,Ploughshares,"n't call that night. She is still young, self-important, and takes her hurt feelings seriously. Even though she knows, at least should know, that I","n't call that night. She is still young, self-important, and takes her hurt feelings seriously. Even though she knows, at least should know, that I",a1d3816354bbf80495a863c21de68955
508,hurt,feeling,2015,FIC,Ploughshares,loves me and thus will be able to an ticipate my indignation and put my hurt feelings before her own. Those are some of the concessions made. There will,loves me and thus will be able to an ticipate my indignation and put my hurt feelings before her own. Those are some of the concessions made. There will,d9ab3404754e186568f2e089db5ba769
509,hurt,feeling,2015,FIC,AfricanAmerRev,"know? "" I caught my tongue before "" It seems cheap "" spilled out hurt feelings. "" Kevin, you know why. How else would I keep Hearts","know? "" I caught my tongue before "" It seems cheap "" spilled out hurt feelings. "" Kevin, you know why. How else would I keep Hearts",16b30f21c6f41f102e9d9e1f81acd4bf
510,hurt,feeling,2015,MAG,NatlReview,"its possible meanings. The larger problem, of course, is that misunderstandings and hurt feelings are all but inevitable when you rush into the most intimate of situations with","its possible meanings. The larger problem, of course, is that misunderstandings and hurt feelings are all but inevitable when you rush into the most intimate of situations with",d3f36a2f2e3949949e33268768dee38e
511,hurt,feeling,2015,MAG,NatlReview,"rules that allow angry students to file charges on the basis of nothing more than hurt feelings or ideological anger. A classic recent example occurred at Northwestern University, where","rules that allow angry students to file charges on the basis of nothing more than hurt feelings or ideological anger. A classic recent example occurred at Northwestern University, where",6de3831ea1690c7675dcbc854dbab7ea
512,hurt,feeling,2015,NEWS,USAToday,hero Cassie already believes him to be. That kind of family dynamic and the hurt feelings that cut to a parent's core haven't been seen a lot in,hero Cassie already believes him to be. That kind of family dynamic and the hurt feelings that cut to a parent's core haven't been seen a lot in,4a94d160e0a898cc6bc5a8c2ed4fa21a
513,hurt,feeling,2015,NEWS,Denver,chairmen's races this year are yet another example of Colorado's political peculiarities. Hurt feelings and an us versus the establishment mentality can outweigh the celebrations on election night,chairmen's races this year are yet another example of Colorado's political peculiarities. Hurt feelings and an us versus the establishment mentality can outweigh the celebrations on election night,b47efb8d737fc3631eeffe49347dcb65
514,hurt,feeling,2015,TV,Arrow,cut it Oliver. Not this time. But we have bigger problems. It hurt feeling and broken trust. Laurel needs to contact her father. Ray needs to,cut it Oliver. Not this time. But we have bigger problems. It hurt feeling and broken trust. Laurel needs to contact her father. Ray needs to,bec81f1bf39eab831ffdd83a61624f3a
515,hurt,feeling,2015,TV,Sex & Drugs & Rock &...,"na let me play ukulele live onstage, and you want to talk about your hurt feelings and your resentments. Oh, boo-hoo. Ava, I think that --","na let me play ukulele live onstage, and you want to talk about your hurt feelings and your resentments. Oh, boo-hoo. Ava, I think that --",7bb652b64a6d18f2d91edd8b5b5d60c0
516,hurt,feeling,2014,FIC,Bk:DemonSummerMax,"least, the tryouts had not gone well, becoming an occasion for umbrage, hurt feelings, and the occasional stifled sniffle. Max knew he had no one to","least, the tryouts had not gone well, becoming an occasion for umbrage, hurt feelings, and the occasional stifled sniffle. Max knew he had no one to",dcb6e5a99f89d31d7ab471df5f1da9d1
517,hurt,feeling,2014,FIC,Bk:BeachQuilt,"weird, but some girls seemed to live for the next round of rumors and hurt feelings and imagined betrayals. Not Cordelia. One of her father's favorite authors","weird, but some girls seemed to live for the next round of rumors and hurt feelings and imagined betrayals. Not Cordelia. One of her father's favorite authors",2bb6188748d536b3d5582b92b591d81b
518,hurt,feeling,2014,FIC,Ploughshares,time. As though he should have entered into a gay relationship just to spare hurt feelings! Was there anyone else on the planet quite like Fen? This precarious,time. As though he should have entered into a gay relationship just to spare hurt feelings! Was there anyone else on the planet quite like Fen? This precarious,630ae7edf81955cc0e4db9aac36f2c00
519,hurt,feeling,2014,FIC,ParisRev,"where all the hurt and disappointed ladies form a line -- a chorus line of hurt feelings -- and one by one give you your pedigree, over and over,","where all the hurt and disappointed ladies form a line -- a chorus line of hurt feelings -- and one by one give you your pedigree, over and over,",fed75d76c3680f8f515d29e2580ef697
520,hurt,feeling,2014,MAG,USCatholic,"ones have strong finances, all bets are off. # In order to avoid hurt feelings and lawsuits over planned gifts to charity, communication is key, says Silecchia","ones have strong finances, all bets are off. # In order to avoid hurt feelings and lawsuits over planned gifts to charity, communication is key, says Silecchia",2754ae8d416917fabc5ece94211475ae
521,hurt,feeling,2014,NEWS,CSMonitor,"the Establishment Clause. "" It is perhaps the job of school officials to prevent hurt feelings at school events. But that is decidedly not the job of the Constitution","the Establishment Clause. "" It is perhaps the job of school officials to prevent hurt feelings at school events. But that is decidedly not the job of the Constitution",fbeba61b9b0b7d222bfde6f94912c642
522,hurt,feeling,2014,NEWS,OrangeCR,"After the fact, they're likely to back out of the invitation, causing hurt feelings and confusion. Like attorneys in court, those extending the invitations should know","After the fact, they're likely to back out of the invitation, causing hurt feelings and confusion. Like attorneys in court, those extending the invitations should know",16f14ab8e500994840c746a67119aef8
523,hurt,feeling,2014,MOV,The Deviants,"want my baby! Hey, kids. How you doing? Scoop, no hurt feelings? Oh, by the way, you left this inside. Keep it","want my baby! Hey, kids. How you doing? Scoop, no hurt feelings? Oh, by the way, you left this inside. Keep it",f7d1e7759c7897a1976c111f7a64f4ec
524,hurt,feeling,2014,TV,Defiance,"up to my ass in death-stink, and you're concerned about Amanda Rosewater's hurt feelings? Ooh! Let the dead stay buried. No. Stocking up,","up to my ass in death-stink, and you're concerned about Amanda Rosewater's hurt feelings? Ooh! Let the dead stay buried. No. Stocking up,",c972dc9dca7d06ddc9a1e8398a94460f
525,hurt,feeling,2014,TV,Mike & Molly,"buddy. I know... Uh, if you like, I can discuss your hurt feelings tonight when she takes me out to dinner. She's taking you to","buddy. I know... Uh, if you like, I can discuss your hurt feelings tonight when she takes me out to dinner. She's taking you to",154595799435aa0a8e15ddcef0ea69f5
526,hurt,feeling,2014,TV,Web Therapy,"you did do. - Right. You know, that came out of my hurt feelings. You know, so I just... of course I want to be","you did do. - Right. You know, that came out of my hurt feelings. You know, so I just... of course I want to be",67f28251660ac6e2b66d4eef110cb34b
527,hurt,feeling,2013,MOV,Alpha Girls,it all away over what? A boy? What? A boy? Some hurt feelings? A boy? Some hurt feelings? A bad reputation? Some hurt,it all away over what? A boy? What? A boy? Some hurt feelings? A boy? Some hurt feelings? A bad reputation? Some hurt,7f6febef5f3881c271dfc4d8fb621276
528,hurt,feeling,2013,MOV,Alpha Girls,boy? What? A boy? Some hurt feelings? A boy? Some hurt feelings? A bad reputation? Some hurt feelings? A bad reputation? We,boy? What? A boy? Some hurt feelings? A boy? Some hurt feelings? A bad reputation? Some hurt feelings? A bad reputation? We,84db162678589b1c04915254e5f79e4f
529,hurt,feeling,2013,MOV,Alpha Girls,hurt feelings? A boy? Some hurt feelings? A bad reputation? Some hurt feelings? A bad reputation? We're dealing with something a bad reputation?,hurt feelings? A boy? Some hurt feelings? A bad reputation? Some hurt feelings? A bad reputation? We're dealing with something a bad reputation?,4453a39d2aa1871831220aa946c82f66
530,hurt,feeling,2013,TV,The Michael J. Fox Show,"Okay, enough. - Oh, come on, man. Listen, my hurt feelings aside, you're contractually obligated, so anchor up. Mike, no","Okay, enough. - Oh, come on, man. Listen, my hurt feelings aside, you're contractually obligated, so anchor up. Mike, no",3c3f88f5844abd42e36c6e7e3b49350c
531,hurt,feeling,2012,TV,Together,"friend. Two beers. Excuse me. And you know, I can hear hurt feelings on the phone. She gets all quiet. I'm just saying,","friend. Two beers. Excuse me. And you know, I can hear hurt feelings on the phone. She gets all quiet. I'm just saying,",c44d8503dcaa3708d3ace88c0a9632dd
532,hurt,feeling,2012,WEB,freethoughtblogs.com,"personal safety. "" Out of interest, would you say that a woman's hurt feelings are not as important as a man's sense of personal safety? Presumably","personal safety. "" Out of interest, would you say that a woman's hurt feelings are not as important as a man's sense of personal safety? Presumably",59855200722899c7dcf777d67142a1e8
533,hurt,feeling,2012,WEB,freethoughtblogs.com,"citizens, even though it would be easy to do so. # "" your hurt feelings are not as important as a woman's sense of personal safety. ""","citizens, even though it would be easy to do so. # "" your hurt feelings are not as important as a woman's sense of personal safety. """,2968996f7a5abbf4ccc985b969b3bc59
534,hurt,feeling,2012,WEB,freethoughtblogs.com,"personal safety. "" Out of interest, would you say that a woman's hurt feelings are not as important as a man's sense of personal safety? Presumably","personal safety. "" Out of interest, would you say that a woman's hurt feelings are not as important as a man's sense of personal safety? Presumably",59855200722899c7dcf777d67142a1e8
535,hurt,feeling,2012,WEB,freethoughtblogs.com,"grown women "" girls "" is uncool. Jason Cooperrider, my safety trumps the hurt feelings of some strange man who might be "" socially awkward "" but might also","grown women "" girls "" is uncool. Jason Cooperrider, my safety trumps the hurt feelings of some strange man who might be "" socially awkward "" but might also",fa70b46e9ba84d99cf8c4ce659efa8dc
536,hurt,feeling,2012,WEB,therumpus.net,"someone at once -- it was the execution of it, which caused drama and hurt feelings on all sides.) # The advice in this column frankly is true","someone at once -- it was the execution of it, which caused drama and hurt feelings on all sides.) # The advice in this column frankly is true",63c1b4698b5c243f202a65f4c3d14849
537,hurt,feeling,2012,WEB,amazon.com,mom I love her and to ask her to please forgive me for all the hurt feelings. I told her to ask mom if it was OK for me to,mom I love her and to ask her to please forgive me for all the hurt feelings. I told her to ask mom if it was OK for me to,9ce9a43c463218756afc830d485f8efc
538,hurt,feeling,2012,WEB,amandapalmer.net,"amazing set of words that can convey your thoughts with a minimum of rudeness and hurt feelings. "" no, thank you "". or even better, say nothing","amazing set of words that can convey your thoughts with a minimum of rudeness and hurt feelings. "" no, thank you "". or even better, say nothing",c95b2c6b9e20bb3e12614d85c1375986
539,hurt,feeling,2012,WEB,pjmedia.com,"what you're saying, really. # This is absolutley not about someone's hurt feelings of being raped. it is about equality before the law, and too","what you're saying, really. # This is absolutley not about someone's hurt feelings of being raped. it is about equality before the law, and too",457d82424860656a5c45d525de7779b3
540,hurt,feeling,2012,WEB,...eaders.wordpress.com,"feelings with terms also used to describe physical pain, such as suffering from' hurt feelings' or a' broken heart'. "" Our research has shown that","feelings with terms also used to describe physical pain, such as suffering from' hurt feelings' or a' broken heart'. "" Our research has shown that",a27c5c5ef7afb60927e8154936ede848
541,hurt,feeling,2012,WEB,...g.libraryjournal.com,to answer is just how AL's criticism actually harms him (aside from any hurt feelings that come from her satirical style). In my opinion the one point,to answer is just how AL's criticism actually harms him (aside from any hurt feelings that come from her satirical style). In my opinion the one point,bc2d19b0f11ad52e77706c493e6681f4
542,hurt,feeling,2012,WEB,huffingtonpost.com,"some have shifted to more niche, anonymous social venues to escape the arguments, hurt feelings, and gossip that play out on Facebook. Passing notes in class has","some have shifted to more niche, anonymous social venues to escape the arguments, hurt feelings, and gossip that play out on Facebook. Passing notes in class has",7a6971e9d16dc6f2da810acb9a0cfdd9
543,hurt,feeling,2012,WEB,...ientificamerican.com,"happens when it is abruptly cut off. Many languages have expressions such as "" hurt feelings "" that compare the pain of such social rejection to the pain of physical","happens when it is abruptly cut off. Many languages have expressions such as "" hurt feelings "" that compare the pain of such social rejection to the pain of physical",cf97e76bd6ac9af2012ea74f25ceac87
544,hurt,feeling,2012,WEB,amazon.com,the problems in this world. Whether I should be ashamed or concerned about your hurt feelings is - irrelevant to the argument. Whether I believed in god at some,the problems in this world. Whether I should be ashamed or concerned about your hurt feelings is - irrelevant to the argument. Whether I believed in god at some,f89b7eaa6c2e6090b66e516061c77c75
545,hurt,feeling,2012,WEB,huffingtonpost.com,"ready to play, hoping every time that it won't devolve into intimidation and hurt feelings as it so often does. # So what do you call a sunny","ready to play, hoping every time that it won't devolve into intimidation and hurt feelings as it so often does. # So what do you call a sunny",f7f4ecf166327ba63ae790d2e132d57f
546,hurt,feeling,2012,WEB,marcandangel.com,always our duty to put out their fires!! There gon na be some hurt feelings because we've had enough. # lol. I love this list because,always our duty to put out their fires!! There gon na be some hurt feelings because we've had enough. # lol. I love this list because,f8e298545c128c672b1401b15d926b88
547,hurt,feeling,2012,WEB,...thursday.typepad.com,"to again even though I have forgiven them, but I don't call that hurt feelings, I just call it healthy boundaries. # I went somewhere slightly over","to again even though I have forgiven them, but I don't call that hurt feelings, I just call it healthy boundaries. # I went somewhere slightly over",3090f5e9fde2ff11299a8d8c670e835e
548,hurt,feeling,2012,WEB,firstwivesworld.com (1),another. The kiss of death to a marriage comes when we harbor those hurt feelings and do nothing about them. When you don't voice your feelings in,another. The kiss of death to a marriage comes when we harbor those hurt feelings and do nothing about them. When you don't voice your feelings in,27195987a892daf571a3ef5882e709d1
549,hurt,feeling,2012,WEB,blog.adw.org,5. Your further objection about love and compassion is once more an objection from hurt feelings rather than from reason. The ability to have emotions is a limitation of,5. Your further objection about love and compassion is once more an objection from hurt feelings rather than from reason. The ability to have emotions is a limitation of,d9a9cb990150b4a13dd29d9c31ae4d47
550,hurt,feeling,2012,WEB,emmiebee.com,"and seem content doing your own thing. Though you are quick to cry over hurt feelings, you rarely cry from physical bumps or bruises. Your sensitivity astounds me","and seem content doing your own thing. Though you are quick to cry over hurt feelings, you rarely cry from physical bumps or bruises. Your sensitivity astounds me",2ea0bbbe6c8340ed06dba5035c5c7d84
551,hurt,feeling,2012,WEB,freethoughtblogs.com,"And before anybody says, "" Oh boo hoo, poor privileged you with your hurt feelings, "" that's a problem because it is a less effective approach,","And before anybody says, "" Oh boo hoo, poor privileged you with your hurt feelings, "" that's a problem because it is a less effective approach,",2890dd8f27cd32726a01f499708253c3
552,hurt,feeling,2012,WEB,freethoughtblogs.com,"a problem because it is a less effective approach, not because of anybody's hurt feelings. # But how do you fix that, when there are just so","a problem because it is a less effective approach, not because of anybody's hurt feelings. # But how do you fix that, when there are just so",e49904bbf8ed29718c14458da839bfe9
553,hurt,feeling,2011,TV,Survivor,"could not have come at a better time. We were coming off lots of hurt feelings and lots of drama, so winning was the best feeling. Sandwiches galore","could not have come at a better time. We were coming off lots of hurt feelings and lots of drama, so winning was the best feeling. Sandwiches galore",90cc720db0a1d1bf9016b37cb47e4ff8
554,hurt,feeling,2009,MOV,Hatching Pete,Out On That Court And Let's Just Say Some Feelings Were Hurt. And Hurt Feelings... Stink. (Whimpering) (Crying) (school_bell_rings) (Applauding,Out On That Court And Let's Just Say Some Feelings Were Hurt. And Hurt Feelings... Stink. (Whimpering) (Crying) (school_bell_rings) (Applauding,cc6d2e07b267bbd14a30ab60cf5a7653
555,hurt,feeling,2009,MOV,It's Complicated,"Sorry. Forgiveness is... (SOFTCHUCKLE) (CHUCKLES) In spite of your hurt feelings, prove to her that you are... (GIGGLES) (LAUGHS)","Sorry. Forgiveness is... (SOFTCHUCKLE) (CHUCKLES) In spite of your hurt feelings, prove to her that you are... (GIGGLES) (LAUGHS)",802cb1942d9e7fa60700bff9b054a7b0
556,hurt,feeling,2009,TV,House M.D.,pretending bad things aren't happening. You really think this is just about my hurt feelings? I don't remember demoting you. I brought you something. The,pretending bad things aren't happening. You really think this is just about my hurt feelings? I don't remember demoting you. I brought you something. The,baca431db11ed84ac047f5af36eea3ea
557,hurt,feeling,2009,TV,Drop Dead Diva,"is enough. Thank you, Donna Summer, but you can't sue for hurt feelings. Seriously, Jane, you're a smart lawyer, but I think","is enough. Thank you, Donna Summer, but you can't sue for hurt feelings. Seriously, Jane, you're a smart lawyer, but I think",d0e6c1f76ae9b20dfacc6dfd8e9a9d80
558,hurt,feeling,2007,TV,Moonlight,"my reputation. So what, this is just about money? There's no hurt feelings about being stood up? No, of course not. No, of","my reputation. So what, this is just about money? There's no hurt feelings about being stood up? No, of course not. No, of",9c57cb4c7a623241ec488e70d30dd8f7
559,hurt,feeling,2005,TV,Boston Legal,"and I was hoping they maybe had a way to solve the problem without any hurt feelings. So, what happens now? FIFE: We actually call it ""","and I was hoping they maybe had a way to solve the problem without any hurt feelings. So, what happens now? FIFE: We actually call it """,e3c180e2739c1a16694329e3cee0f87f
560,hurt,feeling,2004,MOV,Surviving Christmas,"a big way and you shouldn't be put down and mocked, and made hurt feelings. When you love somebody, you don't have to show it in","a big way and you shouldn't be put down and mocked, and made hurt feelings. When you love somebody, you don't have to show it in",4b53698593b4ab52a98117f5d96bcd67
561,hurt,feeling,2002,MOV,Analyze That,"the car up your ass and wait there. [MUMBLING] LOPRESTl: Get over your hurt feelings, okay? Tell me. Was she angry? Am I in danger","the car up your ass and wait there. [MUMBLING] LOPRESTl: Get over your hurt feelings, okay? Tell me. Was she angry? Am I in danger",93c83eb005fdc7257b9f3f4c7a22e5f4
562,hurt,feeling,2001,TV,Everybody Loves Raymond,me. And you and me. I apologize to both of you for any hurt feelings that I may have caused. But I hope you believe me when I,me. And you and me. I apologize to both of you for any hurt feelings that I may have caused. But I hope you believe me when I,8fe45e2fd6da5307f3760384498fc38c
563,hurt,feeling,2000,TV,Frasier,"us in Seattle? Ex-wives and ex-fianc?, a tangled mess of bitterness and hurt feelings. Yes, but an excellent symphony and world-class dining. Then there's","us in Seattle? Ex-wives and ex-fianc?, a tangled mess of bitterness and hurt feelings. Yes, but an excellent symphony and world-class dining. Then there's",fe3463eefb94e1e5109b70b6f17fbf08
564,hurt,feeling,2000,TV,Dawson's Creek,to stand by her in a very Duckie-like fashion or are you gon na let hurt feelings prevent you from being the friend you so innocently purport yourself to be?,to stand by her in a very Duckie-like fashion or are you gon na let hurt feelings prevent you from being the friend you so innocently purport yourself to be?,09b65bd10fdf3cb65f849f14a6faedde
565,hurt,feeling,1999,TV,ER,- IKind of like signing autographs? - Yeah. I don't want any hurt feelings. IKeep everybody happy. - Even if you're not happy? -,- IKind of like signing autographs? - Yeah. I don't want any hurt feelings. IKeep everybody happy. - Even if you're not happy? -,96350ff161e27f2f91a2721a33c83c91
566,hurt,feeling,1998,MOV,The Last Days of Disco,", You have to make the most ridiculous excuses to: The nice one's get hurt feelings and hate you; The jerks inevitably corner you Into going out anyway.",", You have to make the most ridiculous excuses to: The nice one's get hurt feelings and hate you; The jerks inevitably corner you Into going out anyway.",d5af1e06d7a0eff2e8eb0d4a64199b63
567,hurt,feeling,1998,TV,Ally McBeal,"behavior, we can and we should. Is it understandable that Hannah Puck suffered hurt feelings? Of course. Is it acceptable behavior for her to assault Laura Payne","behavior, we can and we should. Is it understandable that Hannah Puck suffered hurt feelings? Of course. Is it acceptable behavior for her to assault Laura Payne",7e7df6e7af95ef2e055426fbe3259fe7
568,hurt,feeling,1997,TV,3rd Rock from the Sun,". It's just that there's so many. Choosing one could result in hurt feelings. Ironically, I might end up losing friends over this. Maybe we",". It's just that there's so many. Choosing one could result in hurt feelings. Ironically, I might end up losing friends over this. Maybe we",5e1bdffc6fc988d0b74d2bf7cbcab5ee
569,hurt,feeling,1996,TV,Star Trek: Deep Spac...,"s disgusting. Personally, I think it was admirable... no recriminations, no hurt feelings. I don't think I've ever felt this good about the end","s disgusting. Personally, I think it was admirable... no recriminations, no hurt feelings. I don't think I've ever felt this good about the end",da7589521f6885aa90e26a5ba337f18d
570,hurt,feeling,1996,TV,Boy Meets World,"na come to me. No, no, no, Cory. Regardless of hurt feelings, it's always advisable to keep the lines of communication open. Okay","na come to me. No, no, no, Cory. Regardless of hurt feelings, it's always advisable to keep the lines of communication open. Okay",afc320a8dd176c325564192a20be0233
571,hurt,feeling,1995,TV,Frasier,", you haven't changed your mind. You're just letting masculine vanity and hurt feelings keep you from something that other men can only dream of in their oxblood",", you haven't changed your mind. You're just letting masculine vanity and hurt feelings keep you from something that other men can only dream of in their oxblood",61d1e88559bb6b99776180e7934396af
572,hurt,feeling,1995,TV,Seinfeld,"that haven't worked out ambitions that were unfulfilled hopes dashed some property damage, hurt feelings... I know one guy got deported. Physical injury and... All right","that haven't worked out ambitions that were unfulfilled hopes dashed some property damage, hurt feelings... I know one guy got deported. Physical injury and... All right",ab841f31fb6c428e78b0ba4bf7ecc056
573,hurt,feeling,1994,TV,The Simpsons,"do. And just like your love stories, it's tragic and filled with hurt feelings and scars that will never heal. It started, appropriately enough, with","do. And just like your love stories, it's tragic and filled with hurt feelings and scars that will never heal. It started, appropriately enough, with",dd3acf5d0d144521cf12352e7b1e5cf0
574,hurt,feeling,1992,MOV,Laws of Gravity,"you talked to Catherine, but just in case you didn't... lot of hurt feelings, so in case you talk to Nick... I'd rather hear it","you talked to Catherine, but just in case you didn't... lot of hurt feelings, so in case you talk to Nick... I'd rather hear it",28688e16279614ca55246857c3989418
575,hurt,feeling,1990,TV,The Golden Girls,"n't hurt his feelings. Well, there are worse things in this world than hurt feelings, Dorothy. That's true, Pussycat. As we say back in","n't hurt his feelings. Well, there are worse things in this world than hurt feelings, Dorothy. That's true, Pussycat. As we say back in",d1919ddc50420c266a5debf1317f3faf
576,hurt,feeling,2014,SPOK,CNN_Newsroom,"something offensive. Once the conversation started, people said things that were inappropriate and hurt feelings. She acknowledged it this week and she apologized. And there's absolutely","something offensive. Once the conversation started, people said things that were inappropriate and hurt feelings. She acknowledged it this week and she apologized. And there's absolutely",f2f3d6112483d9fff9044d5d513a0d05
577,hurt,feeling,2014,FIC,NewEnglandRev,"case, the axe had to fall. She and whichever administrator would talk about hurt feelings in the building, not about her teaching. If it was Mark,","case, the axe had to fall. She and whichever administrator would talk about hurt feelings in the building, not about her teaching. If it was Mark,",63595df1e8db2eb3f02324fec7d10f68
578,hurt,feeling,2013,FIC,Bk:CutsThroughBone,"seemed to possess her faith in the suspect. # "" We're smoothing over hurt feelings? "" Vasquez demanded. # Guthrie shrugged. "" Maybe. The Ds","seemed to possess her faith in the suspect. # "" We're smoothing over hurt feelings? "" Vasquez demanded. # Guthrie shrugged. "" Maybe. The Ds",65f8ce938c010bf071476c82ddabc0bf
579,hurt,feeling,2013,FIC,IowaRev,"seriously. "" I can't believe I've just said this -- out of hurt feelings! -- to a subordinate, and begin thinking up my defense, different","seriously. "" I can't believe I've just said this -- out of hurt feelings! -- to a subordinate, and begin thinking up my defense, different",967185ee10b43a6ae440b0635e5f9df3
580,hurt,feeling,2013,MAG,America,"still recalls how an early attempt at a cross-cultural exchange at one parish ended with hurt feelings on both sides. "" Some of my mistakes in my ministry really were","still recalls how an early attempt at a cross-cultural exchange at one parish ended with hurt feelings on both sides. "" Some of my mistakes in my ministry really were",eb34d8db7cc8cfd9b3481c99e971cdaa
581,hurt,feeling,2013,MAG,Essence,", the star asking for approval and the producer telling her that despite the apparently hurt feelings of her companion, she did the right thing. Herein lies one of",", the star asking for approval and the producer telling her that despite the apparently hurt feelings of her companion, she did the right thing. Herein lies one of",d26d0900a2280682e821a16673e0f614
582,hurt,feeling,2013,MAG,PopMech,usemame. Mute your friend and your timeline will be rid of him without any hurt feelings. PopMech # De-Tweeting # What happens when you black someone on Twitter?,usemame. Mute your friend and your timeline will be rid of him without any hurt feelings. PopMech # De-Tweeting # What happens when you black someone on Twitter?,bb74e4943a35671213baf496c69fc2ca
583,hurt,feeling,2013,MAG,Prevention,"a little girl "" while preparing deliciously unhealthy food "" to soothe the schoolgirl's hurt feelings or celebrate a milestone. "" It was a place of extreme comfort,","a little girl "" while preparing deliciously unhealthy food "" to soothe the schoolgirl's hurt feelings or celebrate a milestone. "" It was a place of extreme comfort,",93a71685555edde98dfbca8501516eb5
584,hurt,feeling,2013,ACAD,JPopularCulture,"Court, 2001. Print. # Gerard, Jeremy. "" Bad Language, Hurt Feelings and Success, "" New York Times 21 Feb. 1990: C18. Print","Court, 2001. Print. # Gerard, Jeremy. "" Bad Language, Hurt Feelings and Success, "" New York Times 21 Feb. 1990: C18. Print",cded2e8d96456facc8f80fc5f0e5dc43
585,hurt,feeling,2012,SPOK,CNN_DrDrew,"to me, to back away from that confrontation because of fear of your own hurt feelings, you're not caring enough about that person. GRACE: She wasn't","to me, to back away from that confrontation because of fear of your own hurt feelings, you're not caring enough about that person. GRACE: She wasn't",c3ca75911ed213216c2eeb067d2cb0eb
586,hurt,feeling,2012,SPOK,CBS: News Sunday Morning,": It's complete now. ELLEN-DEGENERES: Yeah. MO ROCCA: DeGeneres knows hurt feelings. And she has a knack for spinning pain into comedy gold, beginning",": It's complete now. ELLEN-DEGENERES: Yeah. MO ROCCA: DeGeneres knows hurt feelings. And she has a knack for spinning pain into comedy gold, beginning",99e9b79b3a7b43d6ebca368ab1cfa11b
587,hurt,feeling,2012,FIC,Analog,". # "" I didn't, "" said Erin. I could see the hurt feelings in her eyes and felt like a heel. # Denise punched me again",". # "" I didn't, "" said Erin. I could see the hurt feelings in her eyes and felt like a heel. # Denise punched me again",6fb07b35258316d898f4943415089adf
588,hurt,feeling,2012,MAG,RollingStone,P. Sturzl # Via the Internet # Sabrina Rubin Erdely responds: Superintendent Carlson's hurt feelings don't change the facts: The school district enacted a policy that created,P. Sturzl # Via the Internet # Sabrina Rubin Erdely responds: Superintendent Carlson's hurt feelings don't change the facts: The school district enacted a policy that created,4b26e7e7b64ad6089f1d60c10ee4bf54
589,hurt,feeling,2012,MAG,America,"a job, they get in the way and fog things up with sex and hurt feelings and all the emotional baggage they carry around. One has to look out","a job, they get in the way and fog things up with sex and hurt feelings and all the emotional baggage they carry around. One has to look out",af750cea895fcee747b6df37f5780be6
590,hurt,feeling,2012,MAG,Essence,"are the things they told us about in sex ed. The bruised egos and hurt feelings are something we're learning about the hard way, on our own.","are the things they told us about in sex ed. The bruised egos and hurt feelings are something we're learning about the hard way, on our own.",6e3076a88a6a39ca1e69578a81600ca4
591,hurt,feeling,2012,NEWS,WashPost,"Yong, a flight-attendant coordinator. # Yong's variance passed with some opposition and hurt feelings. She says she now realizes those opposing wanted to ensure the community was","Yong, a flight-attendant coordinator. # Yong's variance passed with some opposition and hurt feelings. She says she now realizes those opposing wanted to ensure the community was",834c8efca9587bbb8bc198fd31ccb0f4
592,hurt,feeling,2012,NEWS,Denver,"transferred them from one failing school to another. # What resulted were teachers with hurt feelings, in some cases forced to move to schools where they didn't want","transferred them from one failing school to another. # What resulted were teachers with hurt feelings, in some cases forced to move to schools where they didn't want",849a242257a194107f5e61de10aec269
593,hurt,feeling,2012,NEWS,CSMonitor,"against our interests. "" The Foreign Ministry could not be reached for comment. Hurt feelings Some have characterized the dispute as the result of hurt feelings on both sides","against our interests. "" The Foreign Ministry could not be reached for comment. Hurt feelings Some have characterized the dispute as the result of hurt feelings on both sides",21ef3b072c65c084f7488bedf909b195
594,hurt,feeling,2012,NEWS,CSMonitor,"reached for comment. Hurt feelings Some have characterized the dispute as the result of hurt feelings on both sides. European officials, who have shown more sympathy to Israel","reached for comment. Hurt feelings Some have characterized the dispute as the result of hurt feelings on both sides. European officials, who have shown more sympathy to Israel",904759712cb121e66932a62f705b0f62
595,hurt,feeling,2012,NEWS,STLouis,the positive history will eventually rekindle the warm feelings. We will never forget the hurt feelings that set in a year ago when Pujols headed to Anaheim. But there,the positive history will eventually rekindle the warm feelings. We will never forget the hurt feelings that set in a year ago when Pujols headed to Anaheim. But there,4a264d5536ae3279934ce6e9aba14731
596,hurt,feeling,2011,FIC,Bk:AfterDarkWithScoundrel,"chivalrous knight for any lady. "" "" Even me? "" Instead of feigning hurt feelings, Regan had tossed the words at him like a taunt. The question","chivalrous knight for any lady. "" "" Even me? "" Instead of feigning hurt feelings, Regan had tossed the words at him like a taunt. The question",73ebcb3783bc4019654045b05d3f24bf
597,hurt,feeling,2011,MAG,GoodHousekeeping,"like a child getting yelled at. I had to stop indulging in my own hurt feelings and to remind myself,' You're the adult here.' Once","like a child getting yelled at. I had to stop indulging in my own hurt feelings and to remind myself,' You're the adult here.' Once",785959c6de8410f4e918e5f10075b7b1
598,hurt,feeling,2011,MAG,Shape,"way, if you decide you want to go back, there won't be hurt feelings. # FRIENDS AND FAMILY # Lauren Ing # HOW TO END THINGS WITH","way, if you decide you want to go back, there won't be hurt feelings. # FRIENDS AND FAMILY # Lauren Ing # HOW TO END THINGS WITH",04629b25aee0be0da7dcf2a034e3ca22
599,hurt,feeling,2011,ACAD,ScholasticScope,". "" # Reaching Across Walls So does this mean that Facebook is all about hurt feelings and wounded egos? # Not at all. The online world has powerful",". "" # Reaching Across Walls So does this mean that Facebook is all about hurt feelings and wounded egos? # Not at all. The online world has powerful",4b829e00dfc23b5d0a33b68a016bcc63
600,hurt,feeling,2010,FIC,Bk:ThirdTimesCharm,"to send a scowl toward Tori, but Joan's laugh held no trace of hurt feelings. "" Oh, I can't do that. "" You could if","to send a scowl toward Tori, but Joan's laugh held no trace of hurt feelings. "" Oh, I can't do that. "" You could if",f22b664cb8183f386e5662522e0bcd87
601,hurt,feeling,2010,MAG,GoodHousekeeping,n't your style and asked whether she'd mind if you exchanged it. Avoiding hurt feelings is the goal. WHAT WOULD YOU DO? Should you flip over a,n't your style and asked whether she'd mind if you exchanged it. Avoiding hurt feelings is the goal. WHAT WOULD YOU DO? Should you flip over a,071ab19900fad1532e67d0f714544cf2
602,hurt,feeling,2010,MAG,HarpersBazaar,", at minimum. "" Presumably a big fat monetary settlement would also help assuage hurt feelings, but Allred insists that the important thing is the principle. "" I",", at minimum. "" Presumably a big fat monetary settlement would also help assuage hurt feelings, but Allred insists that the important thing is the principle. "" I",ed412b647f6de073e2e5b6d07e74a7a2
603,hurt,feeling,2010,MAG,Essence,Embrace childhood values to stay grounded. Aries March 21 to April 19 LOVE: Hurt feelings don't bode well in the boudoir. WORK: A major venture may,Embrace childhood values to stay grounded. Aries March 21 to April 19 LOVE: Hurt feelings don't bode well in the boudoir. WORK: A major venture may,09b80a464b36911375c7a9bfb6c27f3d
604,hurt,feeling,2010,MAG,Essence,: Your effervescent spirit attracts others. CAPRICORN December 22 to January 19 LOVE: Hurt feelings can be healed. The real work lies beneath the surface. WORK:,: Your effervescent spirit attracts others. CAPRICORN December 22 to January 19 LOVE: Hurt feelings can be healed. The real work lies beneath the surface. WORK:,18eff2a51f8801bcaf4f307850add2ec
605,hurt,feeling,2010,MAG,Essence,"or meditation can strengthen you physically. CANCER June 21 to July 22 LOVE: Hurt feelings aside, being direct saves time and energy. WORK: After a layoff","or meditation can strengthen you physically. CANCER June 21 to July 22 LOVE: Hurt feelings aside, being direct saves time and energy. WORK: After a layoff",46342dcd93191776844dae47589f9843
606,hurt,feeling,2010,NEWS,Denver,"are still emotionally fused. But they disagree. # "" There are no more hurt feelings. We tried it, and it just didn't work, "" says","are still emotionally fused. But they disagree. # "" There are no more hurt feelings. We tried it, and it just didn't work, "" says",dc10f22a7585d2e88b5f5261942ea7cf
607,hurt,feeling,2010,NEWS,USAToday,says. # Moms can often defuse a tense situation -- and let go of hurt feelings -- by considering what motivated someone to criticize them. Someone who condemns the,says. # Moms can often defuse a tense situation -- and let go of hurt feelings -- by considering what motivated someone to criticize them. Someone who condemns the,3cf84305c9e48e3ebb85a065dbda07e8
608,hurt,feeling,2010,NEWS,NYTimes,"including Sue Lowden, a former chairwoman in the state Republican Party. # The hurt feelings created by her audacity have not eased. Mr. Raggio, who is among","including Sue Lowden, a former chairwoman in the state Republican Party. # The hurt feelings created by her audacity have not eased. Mr. Raggio, who is among",0ee5b0786cc4cca181989bed98d36f31
609,hurt,feeling,2010,NEWS,WashPost,"more subtle ones that will be developed down the road, are needed to avoid hurt feelings ("" You dropped me? Dropped? "") and are essentially no","more subtle ones that will be developed down the road, are needed to avoid hurt feelings ("" You dropped me? Dropped? "") and are essentially no",66ce8fdda612b563352544260138af05
610,hurt,feeling,2010,NEWS,USAToday,"get in the way. Doubles is not immune to communication breakdowns, misunderstandings and hurt feelings. # Sometimes even the best partnerships can't survive, as when Liezel","get in the way. Doubles is not immune to communication breakdowns, misunderstandings and hurt feelings. # Sometimes even the best partnerships can't survive, as when Liezel",84b5858ed15f31d1124a7bc1cc1e4ea3
611,hurt,feeling,2009,FIC,Bk:LawsHarmony,"left him in his office and went to bed, tending the embers of my hurt feelings and resentment. I heard him come out of his office, walk into","left him in his office and went to bed, tending the embers of my hurt feelings and resentment. I heard him come out of his office, walk into",58a37a25c56e80614595b639416509bf
612,hurt,feeling,2009,FIC,Bk:HigherHope,"jury that malicious words cost dollars. When that happens, the case moves beyond hurt feelings and creates an opportunity for a significant money judgment against her. "" #","jury that malicious words cost dollars. When that happens, the case moves beyond hurt feelings and creates an opportunity for a significant money judgment against her. "" #",36accd4e37772aa2b6a5f000c0180130
613,hurt,feeling,2009,FIC,Bk:SpellGames,"operation could use some charm and diplomacy to go along with the scorched earth and hurt feelings. # B let go of her, but kept beaming. "" How","operation could use some charm and diplomacy to go along with the scorched earth and hurt feelings. # B let go of her, but kept beaming. "" How",dfb81d6c659f7850068ad9c51eddd2ee
614,hurt,feeling,2009,FIC,Commentary,"not show up at all. But even then, she feared not her own hurt feelings, but the harm that might have come to Johnny. She thought of","not show up at all. But even then, she feared not her own hurt feelings, but the harm that might have come to Johnny. She thought of",2512e98c2a4e729d0855fe9a18210bfe
615,hurt,feeling,2009,FIC,JackJill,"five kids from your class, if s best to invite them all to prevent hurt feelings. You've invited all the girls in your class. "" "" I","five kids from your class, if s best to invite them all to prevent hurt feelings. You've invited all the girls in your class. "" "" I",ae6dbd811fab2c4082cf15a5b7af97a3
616,hurt,feeling,2009,MAG,Essence,"your accolades, believe in yourself. LEO July 23 to August 22 Love: Hurt feelings put distance between you and your man. Strive for more intimacy. Work","your accolades, believe in yourself. LEO July 23 to August 22 Love: Hurt feelings put distance between you and your man. Strive for more intimacy. Work",924f1746710ddc47cc611b06d4752d01
617,hurt,feeling,2009,MAG,PsychToday,interaction. The Takeaway: Accept that friendships erode but then sometimes rebuild. Communicate hurt feelings. Appreciate chums who aren't like you. Wouldn't a life filled,interaction. The Takeaway: Accept that friendships erode but then sometimes rebuild. Communicate hurt feelings. Appreciate chums who aren't like you. Wouldn't a life filled,766eba885a6ece8ec31f829ce4719e01
618,hurt,feeling,2009,MAG,Cosmopolitan,"hang out with you, however, they suddenly find themselves negotiating taboo topics, hurt feelings, and potential misunderstandings. So what do they do when they're not","hang out with you, however, they suddenly find themselves negotiating taboo topics, hurt feelings, and potential misunderstandings. So what do they do when they're not",5002aee50cca1a35d38dca6392fcbcb3
619,hurt,feeling,2009,MAG,GoodHousekeeping,"whom you usually give individual gifts, do so separately and in private to avoid hurt feelings. Q: Is it appropriate to buy a holiday gift for my boss","whom you usually give individual gifts, do so separately and in private to avoid hurt feelings. Q: Is it appropriate to buy a holiday gift for my boss",439549fd9a15a1e3a559f6ea3fac84de
620,hurt,feeling,2009,MAG,GoodHousekeeping,"right direction 1 Allow yourself to feel anger Before trying to let go of your hurt feelings, consider how bad you feel and how you can protect yourself from future","right direction 1 Allow yourself to feel anger Before trying to let go of your hurt feelings, consider how bad you feel and how you can protect yourself from future",076bd3d7c4d411f2c75c1d8bb57dfd63
621,hurt,feeling,2009,NEWS,Atlanta,"governor. # Perdue spokesman Bert Brantley said he hopes for cooperation. # "" Hurt feelings and that kind of stuff, we really don't have time to let","governor. # Perdue spokesman Bert Brantley said he hopes for cooperation. # "" Hurt feelings and that kind of stuff, we really don't have time to let",72153a1c4266aeba8c3fba974e8e2d9e
622,hurt,feeling,2009,NEWS,SanFranChron,"issues. "" # But while "" party activists may have long memories... and hurt feelings "" regarding Brown's past decision to leave the party in disgust, she","issues. "" # But while "" party activists may have long memories... and hurt feelings "" regarding Brown's past decision to leave the party in disgust, she",3ef5625e62dc2db3a42b768b7754c706
623,hurt,feeling,2008,SPOK,Fox_Live,". And, now, I think the American people are less interested in our hurt feelings during the course of the campaign than addressing the issues that matter to them",". And, now, I think the American people are less interested in our hurt feelings during the course of the campaign than addressing the issues that matter to them",305853d717e418d47e826abbecf05f05
624,hurt,feeling,2008,MAG,People,"I don't think we were sent here to be unhappy or hold on to hurt feelings "" "" They could change my name, change the way I look...","I don't think we were sent here to be unhappy or hold on to hurt feelings "" "" They could change my name, change the way I look...",132258e27d00a0fbca7a339f10404f5b
625,hurt,feeling,2008,MAG,ChristCentury,"to engage the world out there. In the end, under duress and amid hurt feelings, the church moved its witness out into the neighborhood-with great results. Nobody","to engage the world out there. In the end, under duress and amid hurt feelings, the church moved its witness out into the neighborhood-with great results. Nobody",a8693b5ad0e471871bccd91ab5f41e0d
626,hurt,feeling,2008,MAG,GoodHousekeeping,"other moms don't realize I actually work, "" says Cohen. She avoids hurt feelings by mentioning that she's working and suggesting another time that fits her schedule","other moms don't realize I actually work, "" says Cohen. She avoids hurt feelings by mentioning that she's working and suggesting another time that fits her schedule",fdeb0891b5a6a5fd94762ac6e0e01ba6
627,hurt,feeling,2008,MAG,MilitaryHist,of such negative attitudes; she had neither the time nor the patience for their hurt feelings. She was anxious only to engage the enemy. At their first meeting,of such negative attitudes; she had neither the time nor the patience for their hurt feelings. She was anxious only to engage the enemy. At their first meeting,dac75fecdef1193af124a624f955b846
628,hurt,feeling,2008,MAG,Redbook,"that pops into her mind -- just like a 2-year-old -- with no regard for hurt feelings or consequences. "" Or she's provocative just for effect, hoping to","that pops into her mind -- just like a 2-year-old -- with no regard for hurt feelings or consequences. "" Or she's provocative just for effect, hoping to",582e34e6531645733454da9fcbbec169
629,hurt,feeling,2008,NEWS,Denver,just comes with the job. But the problem can be much more serious than hurt feelings and bruised egos. Witness protection is a case in point. The Post,just comes with the job. But the problem can be much more serious than hurt feelings and bruised egos. Witness protection is a case in point. The Post,06b65e170afe23f59d117fbc72f1d29c
630,hurt,feeling,2008,NEWS,Houston,"does know is that time has begun to heal some of the wounded confidence and hurt feelings. # "" I know I'm a good husband, "" Wilson said","does know is that time has begun to heal some of the wounded confidence and hurt feelings. # "" I know I'm a good husband, "" Wilson said",2e44178b410e32b7c72c45d238c84074
631,hurt,feeling,2007,SPOK,PBS_Newshour,"ever, and he took it out on his staff. Lady Bird patched up hurt feelings. Sometimes she confronted her husband. One friend observed that the only thing","ever, and he took it out on his staff. Lady Bird patched up hurt feelings. Sometimes she confronted her husband. One friend observed that the only thing",c102e8e901d18aa928479a1c7c604ab0
632,hurt,feeling,2007,FIC,Analog,"say was inflammatory or insulting. Because we valued clear communication over the risk of hurt feelings, the answer was always the same. "" Granted. "" "" You","say was inflammatory or insulting. Because we valued clear communication over the risk of hurt feelings, the answer was always the same. "" Granted. "" "" You",2e70977b5a1093e043666624c598602c
633,hurt,feeling,2007,FIC,FantasySciFi,"He understood. All the pain borne of his fifty-odd years, the misunderstandings, hurt feelings, slights, griefs, disappointments, the little agonies of living, fell","He understood. All the pain borne of his fifty-odd years, the misunderstandings, hurt feelings, slights, griefs, disappointments, the little agonies of living, fell",bfb3a89014f09fcea5903b8cbebbf58b
634,hurt,feeling,2007,MAG,Cosmopolitan,"a kid. "" Just say it calmly. "" She'll get over her hurt feelings faster if you don't blow it out of proportion, "" savs Krasnow","a kid. "" Just say it calmly. "" She'll get over her hurt feelings faster if you don't blow it out of proportion, "" savs Krasnow",62dfd78473326824d993d9b74f60c5f3
635,hurt,feeling,2007,NEWS,SanFranChron,"amused. "" # Not all online missteps have happy endings. Some end in hurt feelings, fisticuffs and ignominy. Ten years ago, for example, a certain","amused. "" # Not all online missteps have happy endings. Some end in hurt feelings, fisticuffs and ignominy. Ten years ago, for example, a certain",b0fc09643e45593b1317bfc59b45fa44
636,hurt,feeling,2007,NEWS,Atlanta,"# Experts say managing household chores doesn't have to escalate into fights or cause hurt feelings. # First, couples need to take ownership on some tasks, they","# Experts say managing household chores doesn't have to escalate into fights or cause hurt feelings. # First, couples need to take ownership on some tasks, they",f84094601c643189c6995f5135126bc2
637,hurt,feeling,2006,FIC,Bk:LastWhite,""" Another smile. This one was soft, with just the perfect touch of hurt feelings. "" No one is more in favor of family neighborhoods than I am",""" Another smile. This one was soft, with just the perfect touch of hurt feelings. "" No one is more in favor of family neighborhoods than I am",27ad8624d7709489fbfa703df583d0d5
638,hurt,feeling,2006,MAG,PsychToday,""" she says. "" My parents try to be affectionate, and they get hurt feelings sometimes because I don't like to hug them. "" Kiriana gets rushes",""" she says. "" My parents try to be affectionate, and they get hurt feelings sometimes because I don't like to hug them. "" Kiriana gets rushes",c7e1507c17aedf8e6527c2b6832cd46f
639,hurt,feeling,2006,NEWS,USAToday,"and effective if we focused on such people. Let's see -- a few hurt feelings and inconvenience, or thousands of innocent people blown up in the air?","and effective if we focused on such people. Let's see -- a few hurt feelings and inconvenience, or thousands of innocent people blown up in the air?",da080df54202993ca90ab783ea8c7434
640,hurt,feeling,2006,ACAD,NAJPsychology,", anger (Twenge, Baumeister, Tice, &; Strucke, 2001), hurt feelings (Leary, Springer, Negal, Ansell, &; Evans, 1998)",", anger (Twenge, Baumeister, Tice, &; Strucke, 2001), hurt feelings (Leary, Springer, Negal, Ansell, &; Evans, 1998)",679c40518f5a76c236c3a6f6a75f78db
641,hurt,feeling,2005,FIC,Analog,"had fled. Others might shout "" collaborator! "" -but diamonds can help overcome hurt feelings. And no one could legally stop it. Or at least, nobody","had fled. Others might shout "" collaborator! "" -but diamonds can help overcome hurt feelings. And no one could legally stop it. Or at least, nobody",3944c53d9de752ddd54c472305c54845
642,hurt,feeling,2005,FIC,Esquire,"when he looks so much like just another overgrown kid, all scraped knees and hurt feelings -- it's sometimes hard to see the man he's aiming to become","when he looks so much like just another overgrown kid, all scraped knees and hurt feelings -- it's sometimes hard to see the man he's aiming to become",6999bd11f085d2e02b75c5f82b1cc2a2
643,hurt,feeling,2005,MAG,PsychToday,"dynamics are much the same: The porn user needs to understand his partner's hurt feelings, and she needs to find a way to forgive him. Many women","dynamics are much the same: The porn user needs to understand his partner's hurt feelings, and she needs to find a way to forgive him. Many women",09dd7a13d1e3ce18c0d7971b567b87b4
644,hurt,feeling,2005,MAG,RollingStone,". Dash no longer wears his Roc-A-Fella chain and doesn't try to hide his hurt feelings. Dash says, "" I don't even know that guy anymore.",". Dash no longer wears his Roc-A-Fella chain and doesn't try to hide his hurt feelings. Dash says, "" I don't even know that guy anymore.",a1ffb3fa7446cb70af084a31fbe37973
645,hurt,feeling,2005,ACAD,SchoolCounsel,"by a variety of events (e.g., relationship problems, difficulty with schoolwork, hurt feelings), so children who threaten suicide need to be closely monitored. #","by a variety of events (e.g., relationship problems, difficulty with schoolwork, hurt feelings), so children who threaten suicide need to be closely monitored. #",96f2cfc8871067fdbf35fb7dcd48c318
646,hurt,feeling,2004,FIC,MichiganQRev,"people, such as a former wife, understand and do not enjoy-the smile of hurt feelings. # She peered into his face. She didn't want his feelings","people, such as a former wife, understand and do not enjoy-the smile of hurt feelings. # She peered into his face. She didn't want his feelings",420cfca63e031d9daa05756222113465
647,hurt,feeling,2004,MAG,Cosmopolitan,"two years off your list. Relatives are touchier. "" One way to avoid hurt feelings: Invite family members over 21 only, "" says AIi Phillips, owner","two years off your list. Relatives are touchier. "" One way to avoid hurt feelings: Invite family members over 21 only, "" says AIi Phillips, owner",8d16fc4087d8219b13f76fdef190cd55
648,hurt,feeling,2004,MAG,Shape,"or untrustworthy, "" Witvliet explains. "" The key is to honestly acknowledge your hurt feelings, then let go of any bitterness or vengeance toward that person. ""","or untrustworthy, "" Witvliet explains. "" The key is to honestly acknowledge your hurt feelings, then let go of any bitterness or vengeance toward that person. """,fc03744adb70c7f7005d13e203b0a6ed
649,hurt,feeling,2004,MAG,HarpersMag,"sport, true, but with an earnest, conservative face. There are deeply hurt feelings (the men scowl and shake their heads, the women weep) when","sport, true, but with an earnest, conservative face. There are deeply hurt feelings (the men scowl and shake their heads, the women weep) when",b71dd31ddab01eecdf5f4306d481c88d
650,hurt,feeling,2004,MAG,AmSpect,"are now in eclipse. Oh, well. Not a good night to remember hurt feelings. We had our delicious meal of fish and steak. Gina Kimmel told","are now in eclipse. Oh, well. Not a good night to remember hurt feelings. We had our delicious meal of fish and steak. Gina Kimmel told",4f2a337779512cb50e669d0e49427161
651,hurt,feeling,2004,MAG,TIME,"slam dunk. "" Instead they found they had the same kind of miscues and hurt feelings that they had faced with their husbands. "" Just because we're the","slam dunk. "" Instead they found they had the same kind of miscues and hurt feelings that they had faced with their husbands. "" Just because we're the",3db1f0ac0f79f9acf11c97e69bad6f8e
652,hurt,feeling,2004,NEWS,Denver,"three, four or five hours of deliberation, there are likely to be some hurt feelings. # ' The way I look at it is like this,'","three, four or five hours of deliberation, there are likely to be some hurt feelings. # ' The way I look at it is like this,'",f6d71478635466bd1736efc2a5965e25
653,hurt,feeling,2004,NEWS,Denver,"the 1993 Family and Medical Leave Act. # This mix of factors can cause hurt feelings, stress, productivity loss and sometimes lawsuits. # Fifty-five percent of women","the 1993 Family and Medical Leave Act. # This mix of factors can cause hurt feelings, stress, productivity loss and sometimes lawsuits. # Fifty-five percent of women",879e50fd011e47621856aed0c359d130
654,hurt,feeling,2004,ACAD,ABAJournal,"s always up against them. And all the neighbors are invited, thus alleviating hurt feelings or complaints about parking or shuttle buses from satellite lots. # Oh,","s always up against them. And all the neighbors are invited, thus alleviating hurt feelings or complaints about parking or shuttle buses from satellite lots. # Oh,",31c111dfa9b75ac9e5eee60f39d5b756
655,hurt,feeling,2003,FIC,HarpersMag,"not cooperating with either of us, and I tried to concentrate and disregard my hurt feelings. My first clarinet lesson was not going the way I'd anticipated.","not cooperating with either of us, and I tried to concentrate and disregard my hurt feelings. My first clarinet lesson was not going the way I'd anticipated.",31bbff8ac3ea1dbd0930e08518f48580
656,hurt,feeling,2003,FIC,Bk:HerShoes,"Maggie in residence meant mess and confusion, dramatic scenes, tears and fights and hurt feelings. It meant the end of any peace and quiet she might have been","Maggie in residence meant mess and confusion, dramatic scenes, tears and fights and hurt feelings. It meant the end of any peace and quiet she might have been",1033eb89e106f5b0c96da1c25b7d5e5f
657,hurt,feeling,2003,MAG,Parenting,"didn't vent his own disappointment. "" If you're responding from your own hurt feelings, it's hard to be helpful, "" says Judith Wagner, Ph.D.","didn't vent his own disappointment. "" If you're responding from your own hurt feelings, it's hard to be helpful, "" says Judith Wagner, Ph.D.",13ce82dedaee94119ee5c1b5980c0130
658,hurt,feeling,2003,MAG,Newsweek,"of their children, increasingly sue not only for physical injuries, but for "" hurt feelings "" when they don't make a team, says John Sadler of Columbia","of their children, increasingly sue not only for physical injuries, but for "" hurt feelings "" when they don't make a team, says John Sadler of Columbia",aa3d750dfc110c1c1b42a594a95c2bac
659,hurt,feeling,2003,MAG,PsychToday,"when talking about their vulnerabilities, they're able to assure each other and soothe hurt feelings. This becomes the most emotional part of the therapeutic process as couples like","when talking about their vulnerabilities, they're able to assure each other and soothe hurt feelings. This becomes the most emotional part of the therapeutic process as couples like",0e38e542b00bbd934ec110104059eb49
660,hurt,feeling,2003,NEWS,USAToday,"Twins and Montreal Expos. Various legal actions, countless late-night jokes and plenty of hurt feelings followed. The owners and players eventually agreed to table contraction, but the","Twins and Montreal Expos. Various legal actions, countless late-night jokes and plenty of hurt feelings followed. The owners and players eventually agreed to table contraction, but the",8c67747ebc883f1425598cf0caa5c41d
661,hurt,feeling,2003,ACAD,AcademicQs,", alternative, intuitive science; cultural relativism; moral equivalence; victimology; "" hurt feeling "" movement; multiculturalism. # In a psychology course on PC, some",", alternative, intuitive science; cultural relativism; moral equivalence; victimology; "" hurt feeling "" movement; multiculturalism. # In a psychology course on PC, some",413987adcf5986bdc11bfe38cc34e972
662,hurt,feeling,2002,SPOK,NPR_Sunday,"the American presence reflects changing Saudi strategic interests. Saudi analysts say it simply reflects hurt feelings. Many here feel that since September 11th, Saudi Arabia has been the","the American presence reflects changing Saudi strategic interests. Saudi analysts say it simply reflects hurt feelings. Many here feel that since September 11th, Saudi Arabia has been the",0c53cfdccc94d247929ecfa15e828ec2
663,hurt,feeling,2002,FIC,ChicagoRev,". # ... Was it so difficult, you'll ask me, and slightly hurt feelings hover around the question because I never told you about it. And what",". # ... Was it so difficult, you'll ask me, and slightly hurt feelings hover around the question because I never told you about it. And what",9ab8e3bbaf74cc13a53c67d6d73fd492
664,hurt,feeling,2002,FIC,MassachRev,"Catholic chicken and potatoes dinner, carefully timed to his arrival, and waited with hurt feelings as it cooled. At last he came in hurriedly with hunched shoulders and","Catholic chicken and potatoes dinner, carefully timed to his arrival, and waited with hurt feelings as it cooled. At last he came in hurriedly with hunched shoulders and",8c71c9bc40c987424b08a7da0a340fa2
665,hurt,feeling,2002,FIC,Reason,"because you exist there. Anyway, I'll ignore your unworthy accusation despite my hurt feelings. Besides, if I wanted to cheat you, why wouldn't I","because you exist there. Anyway, I'll ignore your unworthy accusation despite my hurt feelings. Besides, if I wanted to cheat you, why wouldn't I",b37ec284988a97cb356bc31b432a7310
666,hurt,feeling,2002,MAG,Bicycling,even get into it because it'll take days and you'll go home with hurt feelings. I'll make it simple: There's just one masterwork worth downloading,even get into it because it'll take days and you'll go home with hurt feelings. I'll make it simple: There's just one masterwork worth downloading,cc0bea233d43afe1241f4beed9bce9c6
667,hurt,feeling,2002,NEWS,Houston,"book resonates in particular: Word gets out about a slumber party, resulting in hurt feelings for girls who weren't invited. # "" I learned you should never","book resonates in particular: Word gets out about a slumber party, resulting in hurt feelings for girls who weren't invited. # "" I learned you should never",b9b3a31319b35be255b1bdbafca2347d
668,hurt,feeling,2002,NEWS,Chicago,"therefore humbly offer a very simple solution to quell the angry voices and soothe the hurt feelings. # If these empowered, successful, female executives and avid golfers sincerely","therefore humbly offer a very simple solution to quell the angry voices and soothe the hurt feelings. # If these empowered, successful, female executives and avid golfers sincerely",e91eabb2f8bf488aae4461e464006b6e
669,hurt,feeling,2002,NEWS,Denver,he says. # Lopez says that most employers can find ways to deal with hurt feelings and talking behind backs without a language ban. # It was Jennifer's,he says. # Lopez says that most employers can find ways to deal with hurt feelings and talking behind backs without a language ban. # It was Jennifer's,b4bf86f706146e0cfaef8b3d07c19038
670,hurt,feeling,2001,FIC,Atlantic,"a corner by himself for the rest of the evening. She was hurt. Hurt feelings run in the family. Daddy is hurt about how we waste electricity,","a corner by himself for the rest of the evening. She was hurt. Hurt feelings run in the family. Daddy is hurt about how we waste electricity,",bb0c36e7c70afeddbb55c96745d3e784
671,hurt,feeling,2001,NEWS,NYTimes,"as a coach with executive power at Vancouver, leaving behind him a trail of hurt feelings and losing records. # Until Harry Sinden hired him in Boston, Keenan","as a coach with executive power at Vancouver, leaving behind him a trail of hurt feelings and losing records. # Until Harry Sinden hired him in Boston, Keenan",3bac86d6546064c92cf10474541ee4e2
672,hurt,feeling,2001,NEWS,USAToday,"for him as a broadcaster. It's also a topic that brings up some hurt feelings. # "" I'd had some valuable relationships with media personalities for years","for him as a broadcaster. It's also a topic that brings up some hurt feelings. # "" I'd had some valuable relationships with media personalities for years",e7ab6cfdf99564ca0ffdf1cc76979320
673,hurt,feeling,2001,NEWS,WashPost,"ensuing years, his headstrong methods have more often resulted in an unhappy brew of hurt feelings and poor results. # Most recently, the person caught in the mix","ensuing years, his headstrong methods have more often resulted in an unhappy brew of hurt feelings and poor results. # Most recently, the person caught in the mix",044be015b8d5fc14e16d36f4c4f92cd0
674,hurt,feeling,2001,NEWS,Houston,the middle of the playoff run. But he also artfully diffused Sam Cassell's hurt feelings. # Karl merely pointed out something that has been clear since Cassell was,the middle of the playoff run. But he also artfully diffused Sam Cassell's hurt feelings. # Karl merely pointed out something that has been clear since Cassell was,4e0c3abaf713d23eeb25c6ed9814632c
675,hurt,feeling,2001,ACAD,MichLawReview,the sentiments of a committee that was dominated by Southern senators who had been nursing hurt feelings over the school desegregation decision of 1954 and who wanted to take it out,the sentiments of a committee that was dominated by Southern senators who had been nursing hurt feelings over the school desegregation decision of 1954 and who wanted to take it out,62ed772c09c6215eeafa6e5dfb7f1c5d
676,hurt,feeling,2001,SPOK,CBS_Morning,"either, which leaves quite a bit of room in between for honest disagreement, hurt feelings and sometimes worse. Our cover story is reported now by Rita Braver.","either, which leaves quite a bit of room in between for honest disagreement, hurt feelings and sometimes worse. Our cover story is reported now by Rita Braver.",cf92104f1ea2a83705913d5a1326d236
677,hurt,feeling,2001,SPOK,CNN_KingWknd,"important people; that way you don't forget anyone, and there are no hurt feelings. Oh, and don't be afraid to add a name here and","important people; that way you don't forget anyone, and there are no hurt feelings. Oh, and don't be afraid to add a name here and",54775ab766910901fc83238182a79a8b
678,hurt,feeling,2001,FIC,Bk:VoidMoon,". Then people can look where they want, say what they want. No hurt feelings. You know, people's tastes are different. One person will think",". Then people can look where they want, say what they want. No hurt feelings. You know, people's tastes are different. One person will think",1f4a8a221e46256577c47c6acd1aabc4
679,hurt,feeling,2001,FIC,Bk:MrPerfect,"chosen over her. Jaine agreed with her, but that didn't soothe the hurt feelings. No, what really topped it off was that David, who was","chosen over her. Jaine agreed with her, but that didn't soothe the hurt feelings. No, what really topped it off was that David, who was",5d68f297af9dabe569dd34f35c764c09
680,hurt,feeling,2000,MAG,Ms,on the empowerment that comes from being critiqued once you get over the fear of hurt feelings (I perked up momentarily-I sure as hell knew about hurt feelings).,on the empowerment that comes from being critiqued once you get over the fear of hurt feelings (I perked up momentarily-I sure as hell knew about hurt feelings).,14fe3482da2bdbcc79137414cc709f8a
681,hurt,feeling,2000,MAG,Ms,the fear of hurt feelings (I perked up momentarily-I sure as hell knew about hurt feelings). Not only did the likelihood of my ever being published seem negligible,the fear of hurt feelings (I perked up momentarily-I sure as hell knew about hurt feelings). Not only did the likelihood of my ever being published seem negligible,0bca236e2aaf83612ed05ec64284e57f
682,hurt,feeling,2000,MAG,Essence,"them. Take a deep breath, calm down and begin to write all your hurt feelings on paper. Try to remember the name of the person associated with the","them. Take a deep breath, calm down and begin to write all your hurt feelings on paper. Try to remember the name of the person associated with the",084568fc62afec456510ada7f0c661b2
683,hurt,feeling,2000,MAG,Essence,our heart that makes it difficult to give and receive love. Let go of hurt feelings by deciding to forgive the person who wronged you. Begin by forgiving yourself,our heart that makes it difficult to give and receive love. Let go of hurt feelings by deciding to forgive the person who wronged you. Begin by forgiving yourself,9e10c5931a063150fd6d726c68a75bd9
684,hurt,feeling,2000,MAG,Newsweek,the co-chief operating officers of the new company) convened several meetings to calm the hurt feelings. # Part of the problem is that very different personality types inhabit the,the co-chief operating officers of the new company) convened several meetings to calm the hurt feelings. # Part of the problem is that very different personality types inhabit the,8000bbc3e695d058068de53df86922a7
685,hurt,feeling,2000,NEWS,AssocPress,"the Franklin, Tenn., town square. # There is no constitutional protection against hurt feelings, the judge ruled. # "" Evidence of discriminatory impact alone is not","the Franklin, Tenn., town square. # There is no constitutional protection against hurt feelings, the judge ruled. # "" Evidence of discriminatory impact alone is not",c927640be47e5f58b7f9215038aa53da
686,hurt,feeling,2000,NEWS,Houston,"Center on Aging. "" Unfortunately, that leads to a lot of ambiguity and hurt feelings, because there hasn't been that previous planning. "" # The numbers","Center on Aging. "" Unfortunately, that leads to a lot of ambiguity and hurt feelings, because there hasn't been that previous planning. "" # The numbers",63a55c60d2cbabc32c8eb417dc049cd2
687,hurt,feeling,2000,ACAD,Education,a high task orientation and are highly competitive may help you avoid confrontational incidents or hurt feelings when dealing with co-workers who have trouble dealing with competition or who have strong,a high task orientation and are highly competitive may help you avoid confrontational incidents or hurt feelings when dealing with co-workers who have trouble dealing with competition or who have strong,3ba5a02d0ce9654620fc1c047b5743c7
688,hurt,feeling,1999,FIC,Ploughshares,my finest childhood memories. My feelings were hurt; I claimed my daughter's hurt feelings along with my own since she was too small to suffer them. How,my finest childhood memories. My feelings were hurt; I claimed my daughter's hurt feelings along with my own since she was too small to suffer them. How,f2c61c6ded057fd800534fa3f0c81d41
689,hurt,feeling,1999,FIC,Bk:NewSong,"word out early, "" he said, feeling foolish. "" Cuts down on hurt feelings when.. Sam nodded sympathetically. "" Oh, we understand, Father","word out early, "" he said, feeling foolish. "" Cuts down on hurt feelings when.. Sam nodded sympathetically. "" Oh, we understand, Father",d02e94f210634ad371ce81b78492bc30
690,hurt,feeling,1999,MAG,Cosmopolitan,news? It takes just a little understanding of these gender discourse differences to avoid hurt feelings and snagged plans with your man-and make him not only listen but coax him,news? It takes just a little understanding of these gender discourse differences to avoid hurt feelings and snagged plans with your man-and make him not only listen but coax him,df5de530bc9ec2e4765e144ce05b7cfb
691,hurt,feeling,1999,MAG,Parenting,"3-year-old, but you can start teaching her that even telling the truth can cause hurt feelings. One day, when Ellie was 2, she and Madeline (then","3-year-old, but you can start teaching her that even telling the truth can cause hurt feelings. One day, when Ellie was 2, she and Madeline (then",aa6ef74a03fe37aab4ed9a1d4ff469b0
692,hurt,feeling,1999,MAG,PsychToday,"of indecency to deny therapy to those who might succeed in order to save the hurt feelings of those who might not. Greg Caffrey Helena, Montana "" Thou shalt","of indecency to deny therapy to those who might succeed in order to save the hurt feelings of those who might not. Greg Caffrey Helena, Montana "" Thou shalt",8b1466665d7f4177e0a6b3283ef982ac
693,hurt,feeling,1999,MAG,Prevention,"another topic to hash out. With each step, you come closer to resolving hurt feelings. Accept. "" This doesn't mean forgive and forget, "" says","another topic to hash out. With each step, you come closer to resolving hurt feelings. Accept. "" This doesn't mean forgive and forget, "" says",29338991c2bb192e756dab5e65dafe4b
694,hurt,feeling,1999,ACAD,ABAJournal,"We end up separating people and making them fight with each other. "" # Hurt feelings, often at the heart of a plaintiffs motivation to sue, may never","We end up separating people and making them fight with each other. "" # Hurt feelings, often at the heart of a plaintiffs motivation to sue, may never",8e477ddb73fcbe4da99226fe9deb6396
695,hurt,feeling,1999,ACAD,ScandinavStud,"entry doses with a poem entitled "" Silkkiliina "" The Silk Scarf which epitomizes her hurt feelings. # After Herman's formal visit, Aino asks Ilona to deliver a","entry doses with a poem entitled "" Silkkiliina "" The Silk Scarf which epitomizes her hurt feelings. # After Herman's formal visit, Aino asks Ilona to deliver a",593faec172f694ff292a9aee21639d16
696,hurt,feeling,1998,SPOK,ABC_20/20,"it hurts grandma's feelings, that's fine. Grandma can get over her hurt feelings, too. Grandma is a person. JOHN STOSSEL: But you've","it hurts grandma's feelings, that's fine. Grandma can get over her hurt feelings, too. Grandma is a person. JOHN STOSSEL: But you've",6de4282bf8c2b55977df3ffdeb2c1f23
697,hurt,feeling,1998,SPOK,CBS_SatMorn,"mean, I think there was a lot of bad feelings, a lot of hurt feelings. But there was no disaster. But I kept wondering,' Well","mean, I think there was a lot of bad feelings, a lot of hurt feelings. But there was no disaster. But I kept wondering,' Well",65982b70dec8dbbe112a4caa143024ce
698,hurt,feeling,1998,FIC,WorldLitToday,"I'm sick of you calling me that, and his eyes open wide in hurt feelings and he says, but it was you who started with those names,","I'm sick of you calling me that, and his eyes open wide in hurt feelings and he says, but it was you who started with those names,",ee0cf1cf71fe526159312e5a3e1fbccb
699,hurt,feeling,1998,MAG,TodaysParent,"her own angry feelings toward him. And that's fair. If there are hurt feelings involved, I'd almost be suspicious if the apology came too quickly.","her own angry feelings toward him. And that's fair. If there are hurt feelings involved, I'd almost be suspicious if the apology came too quickly.",5558cb4eedd44a591c281af5108c9258
700,hurt,feeling,1998,MAG,Parenting,by a guidance counselor; it helped him be more aware of his angry or hurt feelings and encouraged him to express those feelings in nonphysical ways. Schmidt found help,by a guidance counselor; it helped him be more aware of his angry or hurt feelings and encouraged him to express those feelings in nonphysical ways. Schmidt found help,aa4ef82a6e54693fbb58d4145d8d6d32
701,hurt,feeling,1998,MAG,HarpersMag,"think any competent teacher would and should have been able to cope with any "" hurt feelings "" that might arise in or out of the classroom. (If there","think any competent teacher would and should have been able to cope with any "" hurt feelings "" that might arise in or out of the classroom. (If there",47e7abe6fe007703081b6df16f982844
702,hurt,feeling,1998,NEWS,Houston,"wait until you play again. "" # Kansas and Iowa State must have similar hurt feelings. Kansas ended the season losing five of six, beating only Iowa State","wait until you play again. "" # Kansas and Iowa State must have similar hurt feelings. Kansas ended the season losing five of six, beating only Iowa State",2ad6ea04981ce50241eb78eab94f75c5
703,hurt,feeling,1998,ACAD,AmerScholar,"them to move because they were there first. "" The difference between irritation and hurt feelings. Making sense of people. "" Grasping the general significance of situations.","them to move because they were there first. "" The difference between irritation and hurt feelings. Making sense of people. "" Grasping the general significance of situations.",35edb522b162a70d86060978a2b5d494
704,hurt,feeling,1997,FIC,ParisRev,"also perhaps why you haven't called her either. Which obviates the chance of hurt feelings and is therefore, I submit, good, though I can well im","also perhaps why you haven't called her either. Which obviates the chance of hurt feelings and is therefore, I submit, good, though I can well im",4df1000b01ba97124dd6182724ab0761
705,hurt,feeling,1997,FIC,KenyonRev,"to work, women who don't have time to moan and groan over their hurt feelings, you can't know how Connie and I worked on that farm,","to work, women who don't have time to moan and groan over their hurt feelings, you can't know how Connie and I worked on that farm,",a832723b8d038bb8815dd3300a072f2c
706,hurt,feeling,1997,FIC,Triquarterly,"I imagine, if there were no such fallout as guilt or social disapproval or hurt feelings or anything of that sort, so that it wouldn't even be thought","I imagine, if there were no such fallout as guilt or social disapproval or hurt feelings or anything of that sort, so that it wouldn't even be thought",43b82a2d87da7c0ea31495b296d324f2
707,hurt,feeling,1997,FIC,Triquarterly,"all: "" No blame or anger or anything like that- "" # "" No hurt feelings, "" Fred teased, "" no guilt, no repercussions...","all: "" No blame or anger or anything like that- "" # "" No hurt feelings, "" Fred teased, "" no guilt, no repercussions...",1ff68952f46d2f327ee2c508a1c0a0c0
708,hurt,feeling,1997,MAG,Cosmopolitan," I'm sorry,' but it's easier when you know where the hurt feelings are coming from. "" HE'S PASSIONATE ABOUT SOMETHING "" I never thought","I'm sorry,' but it's easier when you know where the hurt feelings are coming from. "" HE'S PASSIONATE ABOUT SOMETHING "" I never thought",0385e3c53861173bad555c55e624cc93
709,hurt,feeling,1997,MAG,SatEvenPost,"person's reaction, and it just doesn't seem worth the horrible fight or hurt feelings that will surely follow? Has this become so automatic that you have a","person's reaction, and it just doesn't seem worth the horrible fight or hurt feelings that will surely follow? Has this become so automatic that you have a",f03b1d11f8121e103399f1070e79c14c
710,hurt,feeling,1997,NEWS,USAToday,"some of its biggest stars are hurt, coming back from a hurt or nursing hurt feelings as training camps head into their second week. # Two powers, defending","some of its biggest stars are hurt, coming back from a hurt or nursing hurt feelings as training camps head into their second week. # Two powers, defending",5f578d56ef5b5ef9183102466fb75677
711,hurt,feeling,1997,NEWS,Houston,"his accent. # Sabarillo, who is Filipino and speaks Tagalog, knows the hurt feelings first-hand. His job is to troubleshoot problems when people don't make their","his accent. # Sabarillo, who is Filipino and speaks Tagalog, knows the hurt feelings first-hand. His job is to troubleshoot problems when people don't make their",25815eae2487d1bdd2a807eef1607f61
712,hurt,feeling,1996,MAG,AmHeritage,"back and have a drink with the delegates? It will ease a lot of hurt feelings. "" Reagan eventually did so, but his advisers were aghast. Nothing","back and have a drink with the delegates? It will ease a lot of hurt feelings. "" Reagan eventually did so, but his advisers were aghast. Nothing",50e5ed2f8d74a3c52e4e769bc73126ec
713,hurt,feeling,1996,MAG,AmSpect,"# But the fate of VWIL was not the issue. And if there were hurt feelings at VWIL, then for the supporters of VMI the ruling was, in","# But the fate of VWIL was not the issue. And if there were hurt feelings at VWIL, then for the supporters of VMI the ruling was, in",d19c8863b357d08a204ca7df2f61e781
714,hurt,feeling,1996,NEWS,Houston,"- remain in the West Texas town of Hereford. # Along with them are hurt feelings and disillusionment, fueled by the feeling that the 20-year-old organization's old guard","- remain in the West Texas town of Hereford. # Along with them are hurt feelings and disillusionment, fueled by the feeling that the 20-year-old organization's old guard",74c26becdb92eb1bb16349f43fa96405
715,hurt,feeling,1996,ACAD,WorldAffairs,"18 This creates a relatively stable structure for society. Any jealousy and its accompanying hurt feelings are directed to some social abstract or scapegoat. In Russia, the situation","18 This creates a relatively stable structure for society. Any jealousy and its accompanying hurt feelings are directed to some social abstract or scapegoat. In Russia, the situation",ab1a22973193272a754f8b448081a58e
716,hurt,feeling,1996,ACAD,InstrPsych,"family members (Aiken, 1995; Bee, 1996). The tension and hurt feelings that flow from this situation might be overcome by an orientation to the activities","family members (Aiken, 1995; Bee, 1996). The tension and hurt feelings that flow from this situation might be overcome by an orientation to the activities",33e8a5ba7d0526a90119f16fccdb331a
717,hurt,feeling,1995,SPOK,CBS_EyeToEye,"lot of admiration, commitment, and then I also see, you know, hurt feelings. You know, you can take the best relationship in the world and","lot of admiration, commitment, and then I also see, you know, hurt feelings. You know, you can take the best relationship in the world and",973d955ee75d166dce11707509d25244
718,hurt,feeling,1995,SPOK,CNN_TalkBack,", if you slam a movie, you know, there is a lot of hurt feelings. Have you had to confront stars afterwards and has anybody told you quit",", if you slam a movie, you know, there is a lot of hurt feelings. Have you had to confront stars afterwards and has anybody told you quit",9940d9ff63e7d3f085ae32c35ad3e07e
719,hurt,feeling,1995,FIC,HarpersMag,"other passion is cooking for Maizie. They're probably surprised to know you got hurt feelings! "" # She finished off her glass of wine and felt it warm","other passion is cooking for Maizie. They're probably surprised to know you got hurt feelings! "" # She finished off her glass of wine and felt it warm",58d724ec7c3b1b64818fdf8ea0dace2c
720,hurt,feeling,1995,FIC,Ploughshares,"bad luck with girls, in his opinion at least, there was always some hurt feelings and misunderstandings and he was damned if he caught on why. Driving in","bad luck with girls, in his opinion at least, there was always some hurt feelings and misunderstandings and he was damned if he caught on why. Driving in",3c8b8fdd9e5178cd0158906f186b2195
721,hurt,feeling,1995,FIC,Bk:FallDenver,"gotten along for years, to be honest, and there are a lot of hurt feelings. On both sides. I don't want it to get any worse","gotten along for years, to be honest, and there are a lot of hurt feelings. On both sides. I don't want it to get any worse",037b12084b012a4dc863bdf5cee94541
722,hurt,feeling,1995,MAG,TodaysParent,""" How To Go With The Flow Whether it's over a skinned knee, hurt feelings, or your perfectly reasonable "" No, "" remind yourself when tears appear",""" How To Go With The Flow Whether it's over a skinned knee, hurt feelings, or your perfectly reasonable "" No, "" remind yourself when tears appear",305bc44597618a5d0cd7ca10f7a359f1
723,hurt,feeling,1995,NEWS,AssocPress,"the press before anyone else had access to it. 4833 # An avalanche of hurt feelings, vicious accusations and threats of reprisal engulfed the O.J. Simpson trial today after","the press before anyone else had access to it. 4833 # An avalanche of hurt feelings, vicious accusations and threats of reprisal engulfed the O.J. Simpson trial today after",2b7253ef865d2ad81b96ea2413e90128
724,hurt,feeling,1995,NEWS,Houston,"of her T-shirt. At 19 she is awash in a sea of pain and hurt feelings. She has a broad, open face with high cheekbones and pretty,","of her T-shirt. At 19 she is awash in a sea of pain and hurt feelings. She has a broad, open face with high cheekbones and pretty,",9dd0a9ebb7ba7ca9aba9e0e2319a97e9
725,hurt,feeling,1994,SPOK,ABC_Nightline,"mean, has a logjam been broken now, or are there just so many hurt feelings that it's going to get worse when you come back after the break","mean, has a logjam been broken now, or are there just so many hurt feelings that it's going to get worse when you come back after the break",3b7afd1ca83258f276379a4f814d2a0a
726,hurt,feeling,1994,FIC,Bk:RockingBabies,kind of people make me tired. I can't be worrying about somebody's hurt feelings all the time. I got to say what's on my mind and,kind of people make me tired. I can't be worrying about somebody's hurt feelings all the time. I got to say what's on my mind and,2e500146fb3e580c7141ef84addd0440
727,hurt,feeling,1994,FIC,Bk:FashionablyLate,"have to learn to program the machine, "" she joked, to cover her hurt feelings. She guessed it was stupid to care who she watched the program with","have to learn to program the machine, "" she joked, to cover her hurt feelings. She guessed it was stupid to care who she watched the program with",dad3c2e6564d00b33e1fdf4327b7c8f6
728,hurt,feeling,1994,MAG,AmHeritage,"When the Secretary of Defense designate Bobby Ray Inman recently cut and ran because of hurt feelings over a sharply etched Safire column, it amounted to a public service.","When the Secretary of Defense designate Bobby Ray Inman recently cut and ran because of hurt feelings over a sharply etched Safire column, it amounted to a public service.",871a57a1519fa3d22f5ec272afea5cf9
729,hurt,feeling,1994,NEWS,WashPost,"become ambassador. They had been told that Solarz, if appointed, would calm hurt feelings but would not ignore human rights and proliferation issues, which continue to be","become ambassador. They had been told that Solarz, if appointed, would calm hurt feelings but would not ignore human rights and proliferation issues, which continue to be",14f77845e25768c5fe77068209e8e99c
730,hurt,feeling,1993,MAG,SatEvenPost,you think. But what you need is the cause and a remedy. Countering Hurt Feelings # Dear Dr. SerVaas: My name is Csilla. It is a Hungarian,you think. But what you need is the cause and a remedy. Countering Hurt Feelings # Dear Dr. SerVaas: My name is Csilla. It is a Hungarian,d9589aef1ae6156f10a76774f92edb6f
731,hurt,feeling,1993,NEWS,USAToday,". "" There's a few winners, a few losers, a lot of hurt feelings and anger. There's definitely a reduction in pesticides, but there's",". "" There's a few winners, a few losers, a lot of hurt feelings and anger. There's definitely a reduction in pesticides, but there's",b853f2a87ccc8851e212be9dc4eaca5d
732,hurt,feeling,1993,NEWS,Houston,"moonlight moments together and feeling 10 feet tall, with anger, loud disagreements, hurt feelings and a fear of losing each other mixed in. # Loving seems to","moonlight moments together and feeling 10 feet tall, with anger, loud disagreements, hurt feelings and a fear of losing each other mixed in. # Loving seems to",f58f53ec15459f080426274cd1d1b29b
733,hurt,feeling,1993,ACAD,AnthropolQ,"need to be taken seriously, not as mistakes of perception to ha corrected or hurt feelings to be assuaged, but as constituting elements of the analysis and write-up.","need to be taken seriously, not as mistakes of perception to ha corrected or hurt feelings to be assuaged, but as constituting elements of the analysis and write-up.",7217553bf72d1d013888a2e2d53c8281
734,hurt,feeling,1992,SPOK,Ind_Geraldo,"take two quick questions. Yes? Unidentified Woman 9: OK. I understand hurt feelings, and that's what it feels like. Sandy's hurt. He","take two quick questions. Yes? Unidentified Woman 9: OK. I understand hurt feelings, and that's what it feels like. Sandy's hurt. He",18347204eed06f4e0c2751caad96fdcc
735,hurt,feeling,1992,FIC,KenyonRev,"mother's face that generally foreshadowed familial disharmony, an explosion of bad temper, hurt feelings, misunderstandings, and she did what she could to forestall it. While","mother's face that generally foreshadowed familial disharmony, an explosion of bad temper, hurt feelings, misunderstandings, and she did what she could to forestall it. While",9141a96d126b791567efd820410cbe90
736,hurt,feeling,1992,MAG,Newsweek,". That would be the first such slowdown in more than a decade. # Hurt feelings: The slump can only intensify the Verteilungskampf- "" distribution battle "" -between former",". That would be the first such slowdown in more than a decade. # Hurt feelings: The slump can only intensify the Verteilungskampf- "" distribution battle "" -between former",c038ba32e3d5ade6d380ffb4adf639c3
737,hurt,feeling,1992,MAG,Newsweek,"settled into a constitutionally mandated display of togetherness riven by mutual resentment, suspicion and hurt feelings. This awkward state of affairs could continue indefinitely, if the views of","settled into a constitutionally mandated display of togetherness riven by mutual resentment, suspicion and hurt feelings. This awkward state of affairs could continue indefinitely, if the views of",3b77a253143eec85c4eafdcfb5c3c7db
738,hurt,feeling,1992,ACAD,AnthropolQ,"s social being -- where one can be idiosyncratically' oneself' (without "" hurt feelings "" on either side) and safe (especially from bad "" talk,","s social being -- where one can be idiosyncratically' oneself' (without "" hurt feelings "" on either side) and safe (especially from bad "" talk,",d4686713b634e0304da74648941d96be
739,hurt,feeling,1991,SPOK,PBS_Newshour,the right foot. And I hope this 50th anniversary commemoration does not bring back hurt feelings. BOB-KINZLER-Pearl: We tried to give them the story of December 7th and,the right foot. And I hope this 50th anniversary commemoration does not bring back hurt feelings. BOB-KINZLER-Pearl: We tried to give them the story of December 7th and,0d309f6e207e6d48554b983b161e08ba
740,hurt,feeling,1991,MAG,AmHeritage,"Sherman to hate the press, but his detestation of the media went deeper than hurt feelings over personal attacks. In 1855, when he was a partner in a","Sherman to hate the press, but his detestation of the media went deeper than hurt feelings over personal attacks. In 1855, when he was a partner in a",91b01d4569639fcfe041bc4fd79904ae
741,hurt,feeling,1991,MAG,RollingStone,"to family and friends. Foreigner feels ingratitude: The Thai doesn't understand the hurt feelings since he has done the foreigner a favor by taking his money, since","to family and friends. Foreigner feels ingratitude: The Thai doesn't understand the hurt feelings since he has done the foreigner a favor by taking his money, since",6d3bea7d70e712fea375ef38af3dac49
742,hurt,feeling,1991,MAG,AccentLiving,"perfect but he does care. "" # "" Comments by Jerry might create some hurt feelings but they do not destroy the objective. "" -- Achilles H. Natividad,","perfect but he does care. "" # "" Comments by Jerry might create some hurt feelings but they do not destroy the objective. "" -- Achilles H. Natividad,",2bbdcf4d8d2a43ffcd8a6803a81a6cc8
743,hurt,feeling,1991,MAG,Americas,". But when the Ballet Argentino performed last summer, the Catalans put aside their hurt feelings and crowded the open air theater. Bocca danced first the traditional Walpurgisnacht and",". But when the Ballet Argentino performed last summer, the Catalans put aside their hurt feelings and crowded the open air theater. Bocca danced first the traditional Walpurgisnacht and",ca1006dd21464ba351028aec82f35e3e
744,hurt,feeling,1991,NEWS,WashPost,"s portrayal of the hooker is diamond-bright. # Landon had a compassionate eye for hurt feelings and human failings, and an appreciation for the redeemability of seemingly lost souls","s portrayal of the hooker is diamond-bright. # Landon had a compassionate eye for hurt feelings and human failings, and an appreciation for the redeemability of seemingly lost souls",518632139d59bb63c2b3ff91927b8b8d
745,hurt,feeling,1991,ACAD,Education,"than students' personality or character. This should lead to less defensiveness and fewer hurt feelings which should improve the chances of maintaining good teacher-student relationships (Gordon, 1974","than students' personality or character. This should lead to less defensiveness and fewer hurt feelings which should improve the chances of maintaining good teacher-student relationships (Gordon, 1974",8e6e396cd0cb94d3ce8bede96ac8750e
746,hurt,feeling,1990,FIC,Bk:StainlessSteel,"for that loose mouth, Netta. Even a murdering scoundrel like me can get hurt feelings. "" And he asked if she was packed, ready to go.","for that loose mouth, Netta. Even a murdering scoundrel like me can get hurt feelings. "" And he asked if she was packed, ready to go.",8200e27a5a3c635a18aba44416c37ccb
747,hurt,feeling,1990,FIC,Bk:Snow,"the others, you really must invite Vicki and Gretchen. Or you will cause hurt feelings. "" He turned to Mrs. Shevvington. "" It's an uphill battle","the others, you really must invite Vicki and Gretchen. Or you will cause hurt feelings. "" He turned to Mrs. Shevvington. "" It's an uphill battle",6a0743c26af746d2c51c909b176c25e2
748,hurt,feeling,1990,FIC,Bk:BurnMarks,. That sounded as though someone had slipped him a few bucks to soothe his hurt feelings. I shrugged. If it had happened that way it wasn't savory,. That sounded as though someone had slipped him a few bucks to soothe his hurt feelings. I shrugged. If it had happened that way it wasn't savory,5b115356353f9e8ded487edcecdbf8c0
749,hurt,feeling,1990,FIC,Bk:September,"Henry his father's message. Experiencing a twinge of guilt, she gathered her hurt feelings about her. It's his own fault. Let him brood. Perhaps","Henry his father's message. Experiencing a twinge of guilt, she gathered her hurt feelings about her. It's his own fault. Let him brood. Perhaps",bec228db3ef6c73a29083b2392313171
750,hurt,feeling,1990,MAG,Money,may be at the mercy of family size. Sometimes you will have to risk hurt feelings to keep things in line. Inevitably some single people will ask whether they,may be at the mercy of family size. Sometimes you will have to risk hurt feelings to keep things in line. Inevitably some single people will ask whether they,5fb3d6739f14503e46e16e498138a32b
751,hurt,feeling,1990,MAG,Inc.,"care so much about the money. "" And on it goes, disappointments and hurt feelings -- did anybody really expect hard numbers? -- leading the way. Lending","care so much about the money. "" And on it goes, disappointments and hurt feelings -- did anybody really expect hard numbers? -- leading the way. Lending",7ae7ca16aa1fcd6bf2b1e2b86efaa81e
752,hurt,feeling,1990,MAG,Newsweek,"prime minister; under Thatcher, the Tories had trailed by 15 points. # Hurt feelings: The sudden turn against Thatcher also had a personal element. She was","prime minister; under Thatcher, the Tories had trailed by 15 points. # Hurt feelings: The sudden turn against Thatcher also had a personal element. She was",e5033b7ea902ec8613f9d14a1112e38b
753,hurt,feeling,1990,MAG,Newsweek,"only three survived her first decade in office. The sackings were legendary, the hurt feelings legion. "" I am not a butcher, "" Thatcher said, ""","only three survived her first decade in office. The sackings were legendary, the hurt feelings legion. "" I am not a butcher, "" Thatcher said, """,80e96bed13e3397aac810d1b1c2666ec
754,hurt,feeling,1990,MAG,WashMonth,"them totally unrelated to legislative work. Through trial and error, and a few hurt feelings, I learned polite ways to move on. # There were moments of","them totally unrelated to legislative work. Through trial and error, and a few hurt feelings, I learned polite ways to move on. # There were moments of",5effe97a9a92c1d365bccfd502b62d0a
755,hurt,feeling,1990,NEWS,SanFranChron,"green-eyed 17-year-old, died in the accident. "" There's always this anger and hurt feeling. I don't think it will ever go away. "" 73308 #","green-eyed 17-year-old, died in the accident. "" There's always this anger and hurt feeling. I don't think it will ever go away. "" 73308 #",dad9cc0a629c2bdd83e28bfd379805c5
756,hurt,feeling,1990,ACAD,InstrPsych,"passive acquiescence to the unchanging order, the adults' tendency is to respond with hurt feelings without trying to understand the motivations of their children's concerns. # For","passive acquiescence to the unchanging order, the adults' tendency is to respond with hurt feelings without trying to understand the motivations of their children's concerns. # For",81bb68f5dbeacd9cb9e3201faa75987e
757,hurt,feeling,1990,ACAD,Style,"a job, they got in the way and fogged things up with sex and hurt feelings and all the emotional baggage they carried around. one had to look out","a job, they got in the way and fogged things up with sex and hurt feelings and all the emotional baggage they carried around. one had to look out",7cc0411dba0c7be2420cda9275fd01b3
758,painful,feeling,2018,NEWS,USA TODAY,"felt very alive. "" # Yet, a friendship breakup can invoke as many painful feelings as a romantic one. Debunked rumors about a relationship with fellow rising pop","felt very alive. "" # Yet, a friendship breakup can invoke as many painful feelings as a romantic one. Debunked rumors about a relationship with fellow rising pop",4de3216c5fe248b3088fe043c8ce9751
759,painful,feeling,2017,SPOK,NPR_FreshAir,do through 20 minutes a day. But you can get better at dealing with painful feelings and emotions. And a number of people use meditation to handle things like,do through 20 minutes a day. But you can get better at dealing with painful feelings and emotions. And a number of people use meditation to handle things like,d97e5166d6627de07cd861d95f34e585
760,painful,feeling,2017,SPOK,NPR_FreshAir,"levers, to no longer respond to the fundamental incentive structure of trying to avoid painful feelings and trying to always seek the thing that promises to be gratifying. That","levers, to no longer respond to the fundamental incentive structure of trying to avoid painful feelings and trying to always seek the thing that promises to be gratifying. That",a4ec8926f5017b16b50bb15e0510d6e2
761,painful,feeling,2017,FIC,Bk:AfterDark,"d known one another for much less than a year. # A tight, painful feeling expanded in my chest. # "" So w-why were you "" -I cleared","d known one another for much less than a year. # A tight, painful feeling expanded in my chest. # "" So w-why were you "" -I cleared",67d2e9b4a4001b0e62bea091cd06c0cb
762,painful,feeling,2015,ACAD,JournalAmerican,"individual perfectability and actual life, with its messy atavisms. The scripts validated the painful feeling voiced by T. S. Eliot: "" When you're alone in the middle","individual perfectability and actual life, with its messy atavisms. The scripts validated the painful feeling voiced by T. S. Eliot: "" When you're alone in the middle",7ac98377fd27ea324d95ed78540dddf2
763,painful,feeling,2013,MAG,ScienceNews,"association's DSM-5 task force. The new manual makes clear that in grief, painful feelings come in waves and self-esteem is preserved; in depression, dark moods endure","association's DSM-5 task force. The new manual makes clear that in grief, painful feelings come in waves and self-esteem is preserved; in depression, dark moods endure",9b56ede435d4ae752088e30732ce1dae
764,painful,feeling,2012,WEB,goodreads.com,"painfully familiar. Shame is a very lonely feeling. It is the "" intensely painful feeling or experience of believing we are flawed "". # However, I do","painfully familiar. Shame is a very lonely feeling. It is the "" intensely painful feeling or experience of believing we are flawed "". # However, I do",f8a462de87bffef4f09886b171c253c6
765,painful,feeling,2012,WEB,goodreads.com (1),"to develop shame resilience. # The book describes shame as the "" intensely painful feeling or experience of believing we are fla... more A very good book.","to develop shame resilience. # The book describes shame as the "" intensely painful feeling or experience of believing we are fla... more A very good book.",10929e361138c1e64d4e447f5ff8fe13
766,painful,feeling,2012,WEB,accesstoinsight.org (1),"no conceivable beginning. Therefore, be heedful! "" Those ladies meditated on painful feeling and so gained the Noble Paths and Fruits. # Two thousand years after","no conceivable beginning. Therefore, be heedful! "" Those ladies meditated on painful feeling and so gained the Noble Paths and Fruits. # Two thousand years after",d9109c20b11d6ccfb3921e4163388374
767,painful,feeling,2012,WEB,orthodoxinfo.com,will naturally become distressed and will regret your many words and deeds? and these painful feelings and the desire for repentance will become your inner cross. If you continue,will naturally become distressed and will regret your many words and deeds? and these painful feelings and the desire for repentance will become your inner cross. If you continue,7bb9cacdd9b84e4ed15521b0c8a7964d
768,painful,feeling,2012,WEB,wikihow.com,"Once the grieving period has had some time to process, don't dwell on painful feelings or memories. There are probably things that are pushing your buttons without your","Once the grieving period has had some time to process, don't dwell on painful feelings or memories. There are probably things that are pushing your buttons without your",727bc08da47958e909e85df8fecb0fe7
769,painful,feeling,2012,WEB,tnhaudio.org,don't only use our intellect. Buddhism is practical. How to handle a painful feeling? A strong emotion? # There is an insight on Interbeing. Non-self,don't only use our intellect. Buddhism is practical. How to handle a painful feeling? A strong emotion? # There is an insight on Interbeing. Non-self,2c96a028db968f7930186e98c7547435
770,painful,feeling,2012,WEB,huffingtonpost.com,"feel sad and betrayed so badly, I don't remebber when I had that painful feeling in the past. # I would have been yelling, "" No,","feel sad and betrayed so badly, I don't remebber when I had that painful feeling in the past. # I would have been yelling, "" No,",aa3cff487179814e570e2c130c99750a
771,painful,feeling,2012,WEB,...isharoom.typepad.com,", no marriage having proved possible, in 1582, Elizabeth had very mixed and painful feelings - and, at almost 50, must have felt her marriage prospects -",", no marriage having proved possible, in 1582, Elizabeth had very mixed and painful feelings - and, at almost 50, must have felt her marriage prospects -",cf43c2d94222a7c8e580ba157516d7e4
772,painful,feeling,2012,WEB,...hristianwritings.com,"as our armour and defender? Thee, the deliverer from fear and from every painful feeling? Thee, who hast also fashioned the archetypal forms of our instruction while","as our armour and defender? Thee, the deliverer from fear and from every painful feeling? Thee, who hast also fashioned the archetypal forms of our instruction while",3004d242929c2c4bf426a2aaf790e3d5
773,painful,feeling,2012,WEB,answers.com,"of loss were closely associated with the damage wreaked in fantasy by aggressive impulses, painful feelings were accompanied by feelings of conscious or unconscious guilt. This guilt generally tended","of loss were closely associated with the damage wreaked in fantasy by aggressive impulses, painful feelings were accompanied by feelings of conscious or unconscious guilt. This guilt generally tended",91bf788f6a64475dc0b8d7b65b84304b
774,painful,feeling,2012,WEB,answers.com,"psychotic, manic, or depressive) defenses, which also made it difficult for painful feelings to gain access to consciousness. On the other hand, the more real","psychotic, manic, or depressive) defenses, which also made it difficult for painful feelings to gain access to consciousness. On the other hand, the more real",bab44929a551264a7e261a5dc75096a4
775,painful,feeling,2012,WEB,huffingtonpost.com,"direct conflict to weight loss. # What they want more is to avoid their painful feelings of emptiness, anxiety, depression and aloneness -- which come from self-abandonment --","direct conflict to weight loss. # What they want more is to avoid their painful feelings of emptiness, anxiety, depression and aloneness -- which come from self-abandonment --",10de5b4c70c6a261aa7e3c3cd35e9ee1
776,painful,feeling,2012,WEB,huffingtonpost.com,"drug and every new diet, but if you don't learn to manage your painful feelings in ways that don't cause even more pain, you will not lose","drug and every new diet, but if you don't learn to manage your painful feelings in ways that don't cause even more pain, you will not lose",809ba954ebcc9decb528cf47e5b36873
777,painful,feeling,2012,WEB,huffingtonpost.com,"keep weight off. # There is no doubt that food works to temporarily numb painful feelings, as do many other addictions, but addictions ultimately bring about more pain","keep weight off. # There is no doubt that food works to temporarily numb painful feelings, as do many other addictions, but addictions ultimately bring about more pain",77dc4e545276248f7ccf36c7191ac0c5
778,painful,feeling,2012,WEB,huffingtonpost.com,"and alone. # Using food to numb pain is a self-abandoning way of managing painful feelings. Until you learn a self-loving way of managing pain, you will likely","and alone. # Using food to numb pain is a self-abandoning way of managing painful feelings. Until you learn a self-loving way of managing pain, you will likely",31fa955d7170cfbc0fe4c47a791473d3
779,painful,feeling,2012,WEB,huffingtonpost.com,"For the last 28 years, since I discovered the secret to lovingly managing my painful feelings, I have not had a weight problem. If you really want to","For the last 28 years, since I discovered the secret to lovingly managing my painful feelings, I have not had a weight problem. If you really want to",51688b0a4c1343d92cf1790037c6d949
780,painful,feeling,2012,WEB,huffingtonpost.com,". You make the choice to be mindful of all your feelings, including your painful feelings, rather than protect against them with any substance or process addictions. You",". You make the choice to be mindful of all your feelings, including your painful feelings, rather than protect against them with any substance or process addictions. You",f3d44212d3572f9f6684319773616292
781,painful,feeling,2012,WEB,huffingtonpost.com,", and that you want responsibility for learning how to lovingly manage and nurture the painful feelings of life -- the loneliness, heartbreak, grief and helplessness over others and",", and that you want responsibility for learning how to lovingly manage and nurture the painful feelings of life -- the loneliness, heartbreak, grief and helplessness over others and",ae35d909465686987942bf1dd0c71908
782,painful,feeling,2012,WEB,huffingtonpost.com,"explore what may be happening with a person or event that is causing the core painful feelings of loneliness, heartache, heartbreak, helplessness or grief. You explore your","explore what may be happening with a person or event that is causing the core painful feelings of loneliness, heartache, heartbreak, helplessness or grief. You explore your",dd75eef21db97d9f8d2397d4c8196a68
783,painful,feeling,2012,WEB,accesstoinsight.org,"be of three kinds, yielding three principal types of feeling: pleasant feeling, painful feeling, and neutral feeling. The Buddha teaches that feeling is an inseparable concomitant","be of three kinds, yielding three principal types of feeling: pleasant feeling, painful feeling, and neutral feeling. The Buddha teaches that feeling is an inseparable concomitant",290eba2a4699a953548f94daae033f2f
784,painful,feeling,2012,WEB,accesstoinsight.org,"fall under the influence of the defilement greed and cling to it. When a painful feeling occurs, we respond with displeasure, hate, and fear, which are","fall under the influence of the defilement greed and cling to it. When a painful feeling occurs, we respond with displeasure, hate, and fear, which are",ac75bf9154d28b5f4aedf5cd39212fa9
785,painful,feeling,2012,WEB,accesstoinsight.org,"conditioned by a particular kind of feeling: greed by pleasant feeling, aversion by painful feeling, delusion by neutral feeling. # But the link between feelings and the","conditioned by a particular kind of feeling: greed by pleasant feeling, aversion by painful feeling, delusion by neutral feeling. # But the link between feelings and the",72b39329482916aa160beebf3eb4ae29
786,painful,feeling,2012,WEB,accesstoinsight.org,"three unwholesome roots. There is no greed for pleasant feelings, no aversion for painful feelings, no delusion over neutral feelings. All are seen as merely fleeting and","three unwholesome roots. There is no greed for pleasant feelings, no aversion for painful feelings, no delusion over neutral feelings. All are seen as merely fleeting and",573471bc593daf10494ca81dd6b8e3aa
787,painful,feeling,2012,BLOG,workingwithact.com,"be key on this. I paraphrase: # Shame is a very contageous and painful feeling, sopainful that the person who witnesses somebody else experiencing shame often looks away","be key on this. I paraphrase: # Shame is a very contageous and painful feeling, sopainful that the person who witnesses somebody else experiencing shame often looks away",4b6e514bdf2645d0e901457f0ffb70de
788,painful,feeling,2012,BLOG,fastcompany.com,"awareness, and understanding, turning back is almost impossible. # Shame-- the intensely painful feeling or experience of believing that we are flawed and therefore unworthy of love and","awareness, and understanding, turning back is almost impossible. # Shame-- the intensely painful feeling or experience of believing that we are flawed and therefore unworthy of love and",a7018f2a2b258de48721796ec138c726
789,painful,feeling,2012,BLOG,...ationshipyouwant.com,"and compassion for himself. He learned that he could manage and release these past painful feelings, as well as current painful feelings. He also learned that his feelings","and compassion for himself. He learned that he could manage and release these past painful feelings, as well as current painful feelings. He also learned that his feelings",6c9f1adf34f2bffe5165ba3e8d7db3d0
790,painful,feeling,2012,BLOG,...ationshipyouwant.com,"that he could manage and release these past painful feelings, as well as current painful feelings. He also learned that his feelings held much important information for him regarding","that he could manage and release these past painful feelings, as well as current painful feelings. He also learned that his feelings held much important information for him regarding",ff181056d638628dbb8dffccdb13a8bc
791,painful,feeling,2012,BLOG,...ecoffeewillwrite.com,problems of global warming and economic recession. But we need to begin with the painful feelings we carry inside us. We have to deal with these things first.,problems of global warming and economic recession. But we need to begin with the painful feelings we carry inside us. We have to deal with these things first.,e9c524dd45f75c33a2f954ec1403012b
792,painful,feeling,2012,BLOG,blogs.hbr.org,"regions that respond to physical pain also respond to "" social pain "" -- the painful feelings associated with social rejection or loss. Naomi's experiments at UCLA showed that","regions that respond to physical pain also respond to "" social pain "" -- the painful feelings associated with social rejection or loss. Naomi's experiments at UCLA showed that",c77d965e193fbdbdd662527b6a41140b
793,painful,feeling,2012,BLOG,opednews.com (1),"earlier girlfriends. Despite his years of psychotherapy, during which he traced the painful feelings back to a separation from his hospitalized mother when he was four, the","earlier girlfriends. Despite his years of psychotherapy, during which he traced the painful feelings back to a separation from his hospitalized mother when he was four, the",23f215e50d257f0c9c9d031a2ba9430e
794,painful,feeling,2012,BLOG,opednews.com,side. # We have to expose our unconscious willingness to relive and recycle old painful feelings in the context of our present life. Good therapy breaks through the resistance,side. # We have to expose our unconscious willingness to relive and recycle old painful feelings in the context of our present life. Good therapy breaks through the resistance,79eb318cd487d60f17932879c953fb11
795,painful,feeling,2012,BLOG,...arwithoutmirrors.com,interesting for me to realize that someone who looks like you could still struggle with painful feelings of self-doubt about physical appearance and body image. Women have had their self-worth,interesting for me to realize that someone who looks like you could still struggle with painful feelings of self-doubt about physical appearance and body image. Women have had their self-worth,2b4c5da9f5a0b8a2576a075e7874c379
796,painful,feeling,2012,BLOG,opednews.com,"the fetus as a "" person "" who isn't wanted or valued. These painful feelings correspond with unresolved hurt in their own psyche, giving them a highly subjective","the fetus as a "" person "" who isn't wanted or valued. These painful feelings correspond with unresolved hurt in their own psyche, giving them a highly subjective",63c79e7caa38b307d44a7d050031a2c9
797,painful,feeling,2012,BLOG,...snthatwitholivia.com,"with the wrong people for the wrong reasons. We hold on to negative and painful feelings, "" says Lindon. "" Think about all of the unnecessary things we","with the wrong people for the wrong reasons. We hold on to negative and painful feelings, "" says Lindon. "" Think about all of the unnecessary things we",83170994ff5630d8e0095b45ed2e1e80
798,painful,feeling,2011,MAG,TodaysParent,"Try to stay focused on your son's well-being; if you find you have painful feelings, process them elsewhere, with a trusted friend or a therapist. Bear","Try to stay focused on your son's well-being; if you find you have painful feelings, process them elsewhere, with a trusted friend or a therapist. Bear",09929e6bb3a88fa46d3386296332ddc7
799,painful,feeling,2011,NEWS,USAToday,"as James aunt Neung Sun Chang, of West Hills, Calif., it rekindled painful feelings. # "" When the whole bin Laden thing happened it was very hard","as James aunt Neung Sun Chang, of West Hills, Calif., it rekindled painful feelings. # "" When the whole bin Laden thing happened it was very hard",63dd08c737343fdcf02d96d90c8c6f4f
800,painful,feeling,2010,ACAD,SportBehavior,"i.e., denial), and attempts to distract the self and others from the painful feeling. Cognitions include little awareness of shame or one's shameful actions, faults","i.e., denial), and attempts to distract the self and others from the painful feeling. Cognitions include little awareness of shame or one's shameful actions, faults",3072d948a4e5caf053759d69f0b02828
801,painful,feeling,2010,ACAD,SportBehavior,"is a coping mechanism in which individuals deny the existence of shame and avoid the painful feeling through distraction (Nathanson, 1992). Furthermore, Avoidance has been found","is a coping mechanism in which individuals deny the existence of shame and avoid the painful feeling through distraction (Nathanson, 1992). Furthermore, Avoidance has been found",50dc0e8a5c06ac998849fdf590b877cb
802,painful,feeling,2009,NEWS,SanFranChron,"she writes. # "" In this manner, he gained some distance from his painful feelings and perceptions. "" Yet, she also notes that "" only a handful","she writes. # "" In this manner, he gained some distance from his painful feelings and perceptions. "" Yet, she also notes that "" only a handful",cdc2701ba908bd8f2b7240d394d21d9e
803,painful,feeling,2009,NEWS,Houston,"account, Annise Parker was a shy, brainy little girl who struggled to overcome painful feelings of isolation by forcing herself to reach out to other people. # Today","account, Annise Parker was a shy, brainy little girl who struggled to overcome painful feelings of isolation by forcing herself to reach out to other people. # Today",12a1170dda70d7a60598b9ea5b8aacbd
804,painful,feeling,2006,MAG,TownCountry,"explore how women use food, eating and weight to express (or suppress) painful feelings about their lives, relationships and gender roles. In a support group centered","explore how women use food, eating and weight to express (or suppress) painful feelings about their lives, relationships and gender roles. In a support group centered",82e1222a7521940f93dcaa776529b74b
805,painful,feeling,2004,NEWS,NYTimes,"her family. Tugboat was gone. He opened the door to an empty, painful feeling. # Hamilton is known for coping with pain. A year after leaving","her family. Tugboat was gone. He opened the door to an empty, painful feeling. # Hamilton is known for coping with pain. A year after leaving",b4844905558e688d8bdcdff4f7c99e52
806,painful,feeling,2003,MAG,Redbook,"contain the spermicide nonoxynol-9; they can irritate your vagina, causing a dry, painful feeling, explains Hilda Hutcherson, M.D. and author of What Your Mother Never Told","contain the spermicide nonoxynol-9; they can irritate your vagina, causing a dry, painful feeling, explains Hilda Hutcherson, M.D. and author of What Your Mother Never Told",022a94b67403247d2aec77a5ebfc6bdb
807,painful,feeling,2001,ACAD,AmerScholar,"phase has passed away and another has taken its place. But it is a painful feeling. # At last we find our cranes, not on the ground but","phase has passed away and another has taken its place. But it is a painful feeling. # At last we find our cranes, not on the ground but",731e97ea2e11032eb9799f3b4eea3875
808,painful,feeling,2001,ACAD,Style,"waggish spokesman for licentiousness. "" I think thou dost, and indeed with most painful feeling of thy speech, "" Lucio replies, completing the crossover (1.2.32-34)","waggish spokesman for licentiousness. "" I think thou dost, and indeed with most painful feeling of thy speech, "" Lucio replies, completing the crossover (1.2.32-34)",a67e390ada01da28f4cfcac947252472
809,painful,feeling,1997,FIC,AfricanAmerRev,"had African sleeping sickness, the thing perhaps taking the edge off, numbing the painful feelings like an epidural. To Girl, the seeds of labor -- the burdens","had African sleeping sickness, the thing perhaps taking the edge off, numbing the painful feelings like an epidural. To Girl, the seeds of labor -- the burdens",50f102617c399f0c56151efd163244f7
810,painful,feeling,1997,FIC,LiteraryRev,"I remained silent as heroically as Winnetou. I was bound fast: a wonderfully painful feeling of martyrdom. But after awhile the ropes began to chafe, someone made","I remained silent as heroically as Winnetou. I was bound fast: a wonderfully painful feeling of martyrdom. But after awhile the ropes began to chafe, someone made",a0443ccbe8b2d4aac06e146e47ea1b02
811,painful,feeling,1996,ACAD,CurrentPsych,"because they are unable to take steps to act upon, and thereby alleviate, painful feelings of guilt. # There is no marked difference in the eating and exercise","because they are unable to take steps to act upon, and thereby alleviate, painful feelings of guilt. # There is no marked difference in the eating and exercise",bf0e78424a431c04a8b9811faa8a332e
812,painful,feeling,1995,FIC,AntiochRev,"features -- nothing too long, too short, or too wide. My most painful feelings came from children's torment of the striking. # Later we are only","features -- nothing too long, too short, or too wide. My most painful feelings came from children's torment of the striking. # Later we are only",b57abc411073fd24f90f533419f665f7
813,painful,feeling,1995,MAG,ChildrenToday,"than done. Sharing the care of young children evokes deep, often conflicting and painful feelings of the adults involved that can get in the way of their working together","than done. Sharing the care of young children evokes deep, often conflicting and painful feelings of the adults involved that can get in the way of their working together",91e34a5d14127569c7b6d69122c3db1c
814,painful,feeling,1995,TV,Frasier,"disapproved. Well, since you've asked. I think in divorce we have painful feelings which are never the less healthy feelings. We start to date too quickly","disapproved. Well, since you've asked. I think in divorce we have painful feelings which are never the less healthy feelings. We start to date too quickly",b0b90f4a92a9800e3cdaaff57f79b837
815,painful,feeling,1994,SPOK,CBS_48Hours,"she cared more about her husband than her kid. (Footage-of-Stacy-a) RATHER: (Voiceover) Putting painful feelings aside one day, Stacy asks Ted Smith if she can see her brother","she cared more about her husband than her kid. (Footage-of-Stacy-a) RATHER: (Voiceover) Putting painful feelings aside one day, Stacy asks Ted Smith if she can see her brother",6ceab62396140a2ee7b67e2a884ad294
816,painful,feeling,1994,MAG,TodaysParent,"recognizable stages in the recovery from loss. The more you try to deny your painful feelings, the more troubling they are likely to become. Paradoxically, by allowing","recognizable stages in the recovery from loss. The more you try to deny your painful feelings, the more troubling they are likely to become. Paradoxically, by allowing",204c21ef82c97985f8ab68ef1fcd866a
817,painful,feeling,1994,MAG,TodaysParent,"feelings, the more troubling they are likely to become. Paradoxically, by allowing painful feelings to surface, the emotional wound heals as you work through the stages of","feelings, the more troubling they are likely to become. Paradoxically, by allowing painful feelings to surface, the emotional wound heals as you work through the stages of",4140825062ddc02c0bf919671e1bf813
818,painful,feeling,1994,MAG,TodaysParent,and Bloomfield advise stepparents to create a safe atmosphere for children to talk about these painful feelings. Even young children can be guided through such discussions. Something else that,and Bloomfield advise stepparents to create a safe atmosphere for children to talk about these painful feelings. Even young children can be guided through such discussions. Something else that,c0df91a5a6deb821f083a9f7b88f56cd
819,painful,feeling,1994,MAG,Americas,"five years before remarrying. Mariana remarried despite a "" torn heart "" and "" painful feelings that burden my soul, "" as she wrote to General Jose Maria Obando","five years before remarrying. Mariana remarried despite a "" torn heart "" and "" painful feelings that burden my soul, "" as she wrote to General Jose Maria Obando",98abd0fb6fd5edca410bc20b56b0e4f1
820,painful,feeling,1993,FIC,Bk:FarriersLane,". She made up her mind. "" I do. Guilt is a most painful feeling, especially so when it is too late to make amends. "" He",". She made up her mind. "" I do. Guilt is a most painful feeling, especially so when it is too late to make amends. "" He",7897cbbfc2e88ced4a40c84812c47d5e
821,painful,feeling,1993,FIC,Bk:BonetoBone,"did not recognize the national rights of his people. These words gave rise to painful feelings in me, as if he were accusing me of being a traitor to","did not recognize the national rights of his people. These words gave rise to painful feelings in me, as if he were accusing me of being a traitor to",07d0a9cbf5135bdcc49882a84306008b
822,painful,feeling,1993,NEWS,Houston,"The Fountain of Age and Old Friends would be a depressing experience, dredging up painful feelings about my parents' aging and the telltale signs of age in myself.","The Fountain of Age and Old Friends would be a depressing experience, dredging up painful feelings about my parents' aging and the telltale signs of age in myself.",b7c5e0a4e313565c5d79de025fdef694
823,painful,feeling,1993,ACAD,ArtBulletin,"had let themselves go like that. "" 63 To shake free of the "" painful feeling of collapse "" that his colleagues' paintings gave him, Van Gogh went","had let themselves go like that. "" 63 To shake free of the "" painful feeling of collapse "" that his colleagues' paintings gave him, Van Gogh went",63098f55cf0bfdaa914956917d6d1f36
824,painful,feeling,1992,ACAD,Symposium,"the capacity to devise one's own means to limit, minimize, and soothe painful feelings; sixth, "" continuity of self, "" that is, the recognition","the capacity to devise one's own means to limit, minimize, and soothe painful feelings; sixth, "" continuity of self, "" that is, the recognition",5572f0dd240ed891bfd1cec131aa8d1e
825,painful,feeling,1991,MAG,Prevention,". Persistent abdominal discomfort. An unusual narrowing of the stool. An urgent, painful feeling that you need to defecate. A feeling of incomplete emptying after a bowel",". Persistent abdominal discomfort. An unusual narrowing of the stool. An urgent, painful feeling that you need to defecate. A feeling of incomplete emptying after a bowel",ec8f79b38fb5d86ef2427aad1413cf0a
826,painful,feeling,1990,MAG,RollingStone,was more to the brothers' quest than a mere attraction for music that took painful feelings and turned them into a joyful release. The Allmans -- Duane in particular,was more to the brothers' quest than a mere attraction for music that took painful feelings and turned them into a joyful release. The Allmans -- Duane in particular,f830b9cd5f32312a4861ff188a27d49c
827,painful,feeling,1990,ACAD,ReVision,"in the early part of the training, the SCC or ecstasy, may contain painful feelings and have a pathological aspect that exists side by side with positive feelings.","in the early part of the training, the SCC or ecstasy, may contain painful feelings and have a pathological aspect that exists side by side with positive feelings.",26403df82384d6fa70189d15bcad5ec5
828,painful,feeling,1990,ACAD,ReVision,"to be fully experienced, is probably achieved through the initial expression of emotion and painful feeling, for it is thus that we are able to recognize the significance of","to be fully experienced, is probably achieved through the initial expression of emotion and painful feeling, for it is thus that we are able to recognize the significance of",3f59cb27cca867edf4d5ced5752e48c4
829,painful,emotion,2018,MAG,Nerdist,"episodes, a stronger set of themes emerge around trauma, vulnerability and empathizing with painful emotions. The cool which with Michael Colter's Cage moved through Harlem's intersected","episodes, a stronger set of themes emerge around trauma, vulnerability and empathizing with painful emotions. The cool which with Michael Colter's Cage moved through Harlem's intersected",2c4aa3a352aca0718878094c5e0f3ba0
830,painful,emotion,2018,TV,Chicago Med,"around. Mr. Lee, this stage in your life can bring a lot of painful emotions and memories up. I can help to talk about what you're feeling","around. Mr. Lee, this stage in your life can bring a lot of painful emotions and memories up. I can help to talk about what you're feeling",7125967515c69fc738a4b07b5090f7f1
831,painful,emotion,2017,MAG,Salon,"you're ready can be dangerous. If you force yourself to bypass processing your painful emotions, it will only cause further resentment down the road as well as repressed","you're ready can be dangerous. If you force yourself to bypass processing your painful emotions, it will only cause further resentment down the road as well as repressed",9e923da70551f02b68f05c33539a95f0
832,painful,emotion,2016,MAG,RollingStone.com,"& roll's coming of age: a sui generis album of healing songs about painful emotions, informed by jazz, hymns, Spectorian pop, classical music and exotica","& roll's coming of age: a sui generis album of healing songs about painful emotions, informed by jazz, hymns, Spectorian pop, classical music and exotica",7c27c5b0b20e39319d3d95441941489f
833,painful,emotion,2012,WEB,wikihow.com,"love. One crush will help carry you to the next. Each day the painful emotions associated with your breakup will subside a little more, and you will no","love. One crush will help carry you to the next. Each day the painful emotions associated with your breakup will subside a little more, and you will no",1eb07731e2a7c25226d8e620128f711c
834,painful,emotion,2012,WEB,...rcesupport.about.com,someone else for bad behavior than to admit they need help and to face those painful emotions head on. # I don't believe that abuse of any sort should,someone else for bad behavior than to admit they need help and to face those painful emotions head on. # I don't believe that abuse of any sort should,c5c2ce0415350fa40bb2655177bd67f8
835,painful,emotion,2012,WEB,helpguide.org,Life Into Balance Toolkit can help you develop the skills to manage overwhelming stress and painful emotions during the grieving process so you can heal and move on.  Resources,Life Into Balance Toolkit can help you develop the skills to manage overwhelming stress and painful emotions during the grieving process so you can heal and move on. Resources,7417e425a3ae1a6d70b4f9d5c76df0d6
836,painful,emotion,2012,WEB,...ll.blogs.nytimes.com,"mood; it changes your physiology and brain function. # Political defeat unleashes similar painful emotions, and there is some preliminary evidence that it has biological consequences as well","mood; it changes your physiology and brain function. # Political defeat unleashes similar painful emotions, and there is some preliminary evidence that it has biological consequences as well",44ce83770ca61471342b97f0446b3039
837,painful,emotion,2012,WEB,ssr1.uchicago.edu,"satisfy and support the heart without any auxiliary pleasure. However, the bitter and painful emotions of grief and resentment more strongly require the healing consolation of sympathy. When","satisfy and support the heart without any auxiliary pleasure. However, the bitter and painful emotions of grief and resentment more strongly require the healing consolation of sympathy. When",20e407cc0016e2bc93ab88e07b69552e
838,painful,emotion,2012,WEB,psychologytoday.com,"getting their marriages back on track. Re-establishing trust and finding ways to manage overwhelming painful emotions are key to the healing process. "" # The risk and ways to","getting their marriages back on track. Re-establishing trust and finding ways to manage overwhelming painful emotions are key to the healing process. "" # The risk and ways to",d2628aae0b5be98b1e01b2f21813f7ea
839,painful,emotion,2012,WEB,kidshealth.org,first step toward feeling better. # Many teens who have experienced abuse find that painful emotions may linger even after the abuse stops. Working with a therapist is one,first step toward feeling better. # Many teens who have experienced abuse find that painful emotions may linger even after the abuse stops. Working with a therapist is one,00fa644a3d34fb93ae551db7395201ec
840,painful,emotion,2012,WEB,amazon.com,"themselves up # develop the skills that enable them to let go of negative and painful emotions more quickly # transform difficult circumstances so they can live with gratitude, joy","themselves up # develop the skills that enable them to let go of negative and painful emotions more quickly # transform difficult circumstances so they can live with gratitude, joy",48aa2ca076f817ff0f54798e87fa2bc0
841,painful,emotion,2012,WEB,rockyourday.com (1),answers. You'll need that written note to look back on when the painful emotion you're moving away from resurfaces. Have a written library of answers to,answers. You'll need that written note to look back on when the painful emotion you're moving away from resurfaces. Have a written library of answers to,45c696a49a3890c5de2e6dddafb818f4
842,painful,emotion,2012,BLOG,...affair.wordpress.com,"is how to be vulnerable. # "" Intimacy requires feeling your insecurities and the painful emotions they elicit. All painful emotions are based in fear. The fear of","is how to be vulnerable. # "" Intimacy requires feeling your insecurities and the painful emotions they elicit. All painful emotions are based in fear. The fear of",31f6a01ef3fffd26088af7a7bd6dd232
843,painful,emotion,2012,BLOG,...affair.wordpress.com,"# "" Intimacy requires feeling your insecurities and the painful emotions they elicit. All painful emotions are based in fear. The fear of getting hurt or humiliated can sometimes","# "" Intimacy requires feeling your insecurities and the painful emotions they elicit. All painful emotions are based in fear. The fear of getting hurt or humiliated can sometimes",c8bb06716d8d8641f46516c69e6ac60c
844,painful,emotion,2012,BLOG,workingwithact.com,suggests responding to those feelings with empathy and compassion instead of trying to reject these painful emotions. What does that look like? # Shame comes up quite often for,suggests responding to those feelings with empathy and compassion instead of trying to reject these painful emotions. What does that look like? # Shame comes up quite often for,388f3b1892c37f87e36fc6b1a20bfc73
845,painful,emotion,2012,BLOG,ptsdawayout.com,"developmental time periods of the past. They often hold trauma memories, distressing, painful emotions or sensations, but sometimes also have positive memories. They typically are unresolved","developmental time periods of the past. They often hold trauma memories, distressing, painful emotions or sensations, but sometimes also have positive memories. They typically are unresolved",372c587c66713aba0aca3023d88bc042
846,painful,emotion,2012,BLOG,...eyshalo.blogspot.com,"I can handle more and as time slowly passes I also feel those raw, painful emotions creeping to the surface little by little. It kind of reminds me of","I can handle more and as time slowly passes I also feel those raw, painful emotions creeping to the surface little by little. It kind of reminds me of",ee962aae214fc60e8838b0a0ab559e61
847,painful,emotion,2012,BLOG,dailykos.com,"isn't always productive. It's the cover, I find, for more painful emotions like grief and fear, which though more threatening are also more important to","isn't always productive. It's the cover, I find, for more painful emotions like grief and fear, which though more threatening are also more important to",807ab42838d489225d66885f62324c70
848,painful,emotion,2012,BLOG,blogs.babble.com,"feel certain they have nowhere to turn, that they should keep their feelings &; painful emotions to themselves. We should not be doing that to each other, as","feel certain they have nowhere to turn, that they should keep their feelings &; painful emotions to themselves. We should not be doing that to each other, as",4456b9772210572f084ec9f6b317ad5a
849,painful,emotion,2012,BLOG,yorkblog.com (1),"KJ was baptized and buried. "" I had never felt such raw and painful emotions. "" # While the nurses "" treated me like a mother who just","KJ was baptized and buried. "" I had never felt such raw and painful emotions. "" # While the nurses "" treated me like a mother who just",da4921038850aa002eca69562ca7ad03
850,painful,emotion,2012,BLOG,kateharding.net,"be hoardes of them (us). # The program is embarrasingly overwrought with painful emotions but I think for anyone who's not fat watching it, for those","be hoardes of them (us). # The program is embarrasingly overwrought with painful emotions but I think for anyone who's not fat watching it, for those",81d5b6616780ae26999e6c617c955b98
851,painful,emotion,2012,BLOG,sott.net,"creative solution. This required controlling the natural, moralizing reflexes of revulsion and other painful emotions this phenomenon provokes in any normal person when it deprives him of his joy","creative solution. This required controlling the natural, moralizing reflexes of revulsion and other painful emotions this phenomenon provokes in any normal person when it deprives him of his joy",496fa6b87d6aad71fb784af21697abcf
852,painful,emotion,2011,MAG,NationalGeographic,up a single one of travel's sweet moments fills me with an even more painful emotion: regret. # Temptation wins. I choose sweetness. I let my,up a single one of travel's sweet moments fills me with an even more painful emotion: regret. # Temptation wins. I choose sweetness. I let my,cb1041df15d9fcdb7575e242e438916f
853,painful,emotion,2010,MAG,GoodHousekeeping,"trouble hits, Hyde says, parents need to let their children know that whatever painful emotion they're feeling is legitimate -- but also reassure them that they'll bounce","trouble hits, Hyde says, parents need to let their children know that whatever painful emotion they're feeling is legitimate -- but also reassure them that they'll bounce",7cabf7a5ab7375753934cca5ccdc8e2e
854,painful,emotion,2010,MOV,I Am,"return to surgery. - Thank you. You are immersed in life's most painful emotion. Regret. I got ta tell you this, but your kid is","return to surgery. - Thank you. You are immersed in life's most painful emotion. Regret. I got ta tell you this, but your kid is",899f965dc239cdbb785beaac67758369
855,painful,emotion,2009,ACAD,TheologStud,"then the proper response to witnessing such suffering is pity. n27 Pity is "" a painful emotion directed towards another person's pain or suffering "" felt when we believe the","then the proper response to witnessing such suffering is pity. n27 Pity is "" a painful emotion directed towards another person's pain or suffering "" felt when we believe the",a5e90c9a7d05a39c5f94b0a3dc924860
856,painful,emotion,2008,SPOK,ABC_GMA,"character. Dealing with his tragedy, I realize that I have a block on painful emotions. So, for me to be able to dive in and to really","character. Dealing with his tragedy, I realize that I have a block on painful emotions. So, for me to be able to dive in and to really",ae336c7e19195bbd45618450fb8662e2
857,painful,emotion,2007,NEWS,WashPost,"found a measure of comfort in the company of a family that was wrestling with painful emotions that have never gone away. # Talking in his study, where a","found a measure of comfort in the company of a family that was wrestling with painful emotions that have never gone away. # Talking in his study, where a",47752518f513f2c2f4d44c2ab9a1857c
858,painful,emotion,2007,ACAD,HealthSocialW,"of human response to significant change, many traditions reflect a common appreciation for the painful emotions inherent in human existence, view adversity as a pathway to understanding, and","of human response to significant change, many traditions reflect a common appreciation for the painful emotions inherent in human existence, view adversity as a pathway to understanding, and",74cfc0a771c1499bd9ea11a6c8324eed
859,painful,emotion,2006,MAG,PsychToday,"wondrous events more ordinary. For some people, reminiscing about good times can trigger painful emotions. Recalling a career triumph can make you feel like a has-been, and","wondrous events more ordinary. For some people, reminiscing about good times can trigger painful emotions. Recalling a career triumph can make you feel like a has-been, and",b9144223dc77bb65ffdd783e4c165aee
860,painful,emotion,2006,MAG,PsychToday,"Sapolsky's studies, pioneering cognitive psychologist Albert Ellis put forth the then-radical idea that painful emotions spring more from people's beliefs than from reality itself: Thoughts alone could","Sapolsky's studies, pioneering cognitive psychologist Albert Ellis put forth the then-radical idea that painful emotions spring more from people's beliefs than from reality itself: Thoughts alone could",9abecb0fbaeeef30a42e32daf3c55ddf
861,painful,emotion,2006,ACAD,FeministStud,"anxiety at separation and my awkward attempts at distancing myself. I was imprisoned by painful emotions that I could not share with anyone. # Since then, I have","anxiety at separation and my awkward attempts at distancing myself. I was imprisoned by painful emotions that I could not share with anyone. # Since then, I have",2d68d4d3fdcd256bd11d7e5e6823e6f2
862,painful,emotion,2004,ACAD,ArtBulletin,"takes this visual medicine is rewarded with the moderate pleasure accompanying the salutary release of painful emotions. # Jean Delumeau has observed that in the art of Western Europe,","takes this visual medicine is rewarded with the moderate pleasure accompanying the salutary release of painful emotions. # Jean Delumeau has observed that in the art of Western Europe,",693547f3801a46f79b58736bdb75299f
863,painful,emotion,2000,ACAD,SocialPsych,"For instance, some parents commit child abuse as a means to ward off the painful emotions they experienced during the abuse they suffered in their own childhoods (Teyber,","For instance, some parents commit child abuse as a means to ward off the painful emotions they experienced during the abuse they suffered in their own childhoods (Teyber,",be2399abe547dfb1a33606ec547be582
864,painful,emotion,1998,ACAD,InstrPsych,"angry behavior. The student who misbehaved experiences severe rejection from classmates, a very painful emotion for children. Further, the child experiences isolation from the group, an","angry behavior. The student who misbehaved experiences severe rejection from classmates, a very painful emotion for children. Further, the child experiences isolation from the group, an",ecf637f237837fd89259b2196b503b49
865,painful,emotion,1996,MAG,ChristCentury,"must be one of the most analytical characters in fiction, examining and dissecting her painful emotions and keeping them carefully in check. The book is a philosophical exploration of","must be one of the most analytical characters in fiction, examining and dissecting her painful emotions and keeping them carefully in check. The book is a philosophical exploration of",65a2b00158068bc41f69fb8f735e4e34
866,painful,emotion,1993,ACAD,HealthSocialW,"to avoid their feelings of grief and rage and helping them confront and label these painful emotions. Throughout the course of the group, most members agreed that striking a","to avoid their feelings of grief and rage and helping them confront and label these painful emotions. Throughout the course of the group, most members agreed that striking a",d7ca29d5e7abe7e7d489b1df70c512c7
867,painful,emotion,1991,SPOK,ABC_Nightline,". For a lot of us, it's a very difficult thing MARASH voice-over Painful emotions swept across all the teams and arenas of the NBA tonight. PAT RILEY",". For a lot of us, it's a very difficult thing MARASH voice-over Painful emotions swept across all the teams and arenas of the NBA tonight. PAT RILEY",d5abbac0db5c4acf01dc90c92d56f641
868,aching,feeling,2019,FIC,Broken Pencil,"turned and walked off between the trees and vanished, leaving Little with a vast aching feeling. In that moment, they realized that a quieter version of this ache","turned and walked off between the trees and vanished, leaving Little with a vast aching feeling. In that moment, they realized that a quieter version of this ache",dc2304510714458ca740ce4c75f4e948
869,aching,feeling,2018,FIC,Analog,"the Numen. You know what we need, Cassie. "" # The sinking, aching feeling of not enough intellectual stimulation was suffocating. Not enough air. # ""","the Numen. You know what we need, Cassie. "" # The sinking, aching feeling of not enough intellectual stimulation was suffocating. Not enough air. # """,43a4c44209dfbae7d66e64ff180b8491
870,aching,feeling,2017,TV,The Originals,"inevitably, you wake up with that pit in your stomach, that dull, aching feeling of missing the only people who know you. Until that very ache threatens","inevitably, you wake up with that pit in your stomach, that dull, aching feeling of missing the only people who know you. Until that very ache threatens",ac7a69d2a5f64df24355ce8ba55f6e23
871,aching,feeling,2012,WEB,fanfiction.net,"screwed up Linds. You don't need to tell me. The empty, aching feeling I got going on in my chest reminds me every minute of every day","screwed up Linds. You don't need to tell me. The empty, aching feeling I got going on in my chest reminds me every minute of every day",d35a95d72beb27763ab808ef45796e8b
872,aching,feeling,2008,FIC,Bk:SeducedBySin,"filled her with a fierce yearning, making her more aware than ever of the aching feeling of emptiness that seemed to have become her constant companion of late. //","filled her with a fierce yearning, making her more aware than ever of the aching feeling of emptiness that seemed to have become her constant companion of late. //",4042819663f30afc1a1a0ae80d851352
873,aching,feeling,2005,MOV,Odd Girl Out,- and probably marry Breanna here. But soon you start drinking to numb this aching feeling you have inside. Fast forward a few years and you're a drunk,- and probably marry Breanna here. But soon you start drinking to numb this aching feeling you have inside. Fast forward a few years and you're a drunk,7f0bb15858f7607646588f8f940d4a7f
874,aching,feeling,2004,MOV,The Scare Hole,"lambs to the way of the flesh, and only a woman knows that warm aching feeling deep inside. - Am I right? - No. And she'll","lambs to the way of the flesh, and only a woman knows that warm aching feeling deep inside. - Am I right? - No. And she'll",271dca1b316b7c1ff6217ac75ad16a59
875,aching,feeling,2002,MAG,TodaysParent,"pregnancy seem to "" waddle "" when they walk. Sometimes these changes cause an aching feeling in your hips or at the pubic bone. Braxton Hicks contractions: In","pregnancy seem to "" waddle "" when they walk. Sometimes these changes cause an aching feeling in your hips or at the pubic bone. Braxton Hicks contractions: In",cf977af9b9bd4e8288b2f2be7db13ab5
876,aching,feeling,1993,FIC,FeministStud,"The next, you've got a sore throat. Then you get a slight aching feeling all over, and your stomach starts churning... well that's","The next, you've got a sore throat. Then you get a slight aching feeling all over, and your stomach starts churning... well that's",24b98e0b41a373ea724f609d88140bfb
877,achy,feeling,2019,SPOK,NBC_Today,". AL-ROKER) : Oh. HODA-KOTB) : All right. Then, you know that achy feeling in your back or maybe your shoulders -- CARSON-DALY) : Yep. HODA-KOTB) :",". AL-ROKER) : Oh. HODA-KOTB) : All right. Then, you know that achy feeling in your back or maybe your shoulders -- CARSON-DALY) : Yep. HODA-KOTB) :",1790fc85f09ca2d24e2c5c851e17b722
878,achy,feeling,2019,TV,The Goldbergs,"JTP. JTP. - JTP. - JTP. I just don't know when the achy feeling in my heart place is gon na go away. Soon enough, pal","JTP. JTP. - JTP. - JTP. I just don't know when the achy feeling in my heart place is gon na go away. Soon enough, pal",0377a8421cce015ec87a4003eb7e2a77
879,achy,feeling,2012,WEB,zocdoc.com,have appendicitis for a long period of time? # I? ve had an achy feeling in my abdomen for around two weeks. It won? t go away,have appendicitis for a long period of time? # I? ve had an achy feeling in my abdomen for around two weeks. It won? t go away,bbd551513b19e06b36e561d28736f705
880,achy,feeling,2012,WEB,fanfiction.net,"around her nipple before suckling it into his mouth and drawing deep, making the achy feeling between Elena's thighs pulse with each and every soft tug of his lips","around her nipple before suckling it into his mouth and drawing deep, making the achy feeling between Elena's thighs pulse with each and every soft tug of his lips",07bb27a35d9770b376b41b141bde4206
881,achy,feeling,2004,FIC,LiteraryRev,"kindness of something given, he dares close his eyes like others. # The achy feeling in his head is now soothed, his eyes rested, and he asks","kindness of something given, he dares close his eyes like others. # The achy feeling in his head is now soothed, his eyes rested, and he asks",0869d2a2e014e93770ec6fd5c1c06dbc
882,achy,feeling,2001,TV,Gilmore Girls,Same here. - It's like a vicious circle. - It's an achy feeling. - Like withdrawal pains. Totally distracting. And completely wonderful. I,Same here. - It's like a vicious circle. - It's an achy feeling. - Like withdrawal pains. Totally distracting. And completely wonderful. I,8a641ac571c443abf9c24e3ee1c52f39
883,achy,feeling,2000,MAG,TIME,"when he plops down between the woman and her husband, I start getting that achy feeling in my joints and back. I especially love his sneering crack about soup","when he plops down between the woman and her husband, I start getting that achy feeling in my joints and back. I especially love his sneering crack about soup",d6fef8f600210af1208243aeb4c5e60b
884,achy,feeling,1990,FIC,Bk:WorldlyWidow,"in love with her husband, she was totally confused by the lush sensations and achy feelings Dalmar could evoke so effortlessly with one word, one soft look, an","in love with her husband, she was totally confused by the lush sensations and achy feelings Dalmar could evoke so effortlessly with one word, one soft look, an",a3639c22b15532378343f625da8b4556
885,agonizing,feeling,2014,FIC,NewEnglandRev,"love accurately, and it's hardly possible to describe this tender, joyous, agonizing feeling, and no one who has ever experienced it would want to try to","love accurately, and it's hardly possible to describe this tender, joyous, agonizing feeling, and no one who has ever experienced it would want to try to",83886f94390bdbd321cb7519672a187c
886,agonizing,feeling,2013,ACAD,CanadianLiterature,"to write in the period. These poems articulate, often quite frankly, the agonizing feeling of creative impasse: "" My mind rustles the pages of books / for","to write in the period. These poems articulate, often quite frankly, the agonizing feeling of creative impasse: "" My mind rustles the pages of books / for",96e73af3dc49919714836a6be6e61588
887,agonizing,feeling,2000,FIC,CanadianFict,". I remembered walking into the clubs myself, long ago, remembered that sudden agonizing feeling when I realized that I still had not connected. Everyone else in the",". I remembered walking into the clubs myself, long ago, remembered that sudden agonizing feeling when I realized that I still had not connected. Everyone else in the",1f300294aea4bd417217901325a16cd5
888,agonizing,feeling,1992,MOV,Bram Stoker's Dracula,"Sleepwalking. My soul... It seemed to leave my body. There was this agonizing feeling. - I started shaking. - It's all right, you're","Sleepwalking. My soul... It seemed to leave my body. There was this agonizing feeling. - I started shaking. - It's all right, you're",ff690793c50a9ce3c9e41b3acacc3ee8
889,powerful,effect,2019,SPOK,PBS_Newshour,"believed? EMILY-BAZELON) : Right. I mean, I think that still has a powerful effect. Soraya is right about this new language that we have and the way","believed? EMILY-BAZELON) : Right. I mean, I think that still has a powerful effect. Soraya is right about this new language that we have and the way",8e1478ff882251d2dcc83360f9031893
890,powerful,effect,2019,MAG,The Atlantic,"is diluted with fillers, which induces some users to seek out the much more powerful effects of fentanyl, says Kristen Marshall, the manager of the DOPE Project.","is diluted with fillers, which induces some users to seek out the much more powerful effects of fentanyl, says Kristen Marshall, the manager of the DOPE Project.",e14021979e8f88254a9379dee64b4a3f
891,powerful,effect,2019,NEWS,Baltimore Sun,"-- performed "" America the Beautiful "" as a duet, merging their voices to powerful effect at the close.       70480588 # WASHINGTON --","-- performed "" America the Beautiful "" as a duet, merging their voices to powerful effect at the close. 70480588 # WASHINGTON --",fdb845fa69f6b6662cfeb7d02361f074
892,powerful,effect,2019,ACAD,Journal of Illustration,"ornamental use of these textures goes largely unnoticed and unquestioned in contemporary illustration despite its powerful effects. However, through this initial written and illustrated interrogation of this practice,","ornamental use of these textures goes largely unnoticed and unquestioned in contemporary illustration despite its powerful effects. However, through this initial written and illustrated interrogation of this practice,",4d3c7d84b02d95edcdf5cf05aa1080b8
893,powerful,effect,2018,SPOK,PBS_Newshour,"and who were continually promoted in spite of that. And that does have a powerful effect on corporate culture. We talk to, in this story, multiple experts","and who were continually promoted in spite of that. And that does have a powerful effect on corporate culture. We talk to, in this story, multiple experts",b4694771c385d4d109da2c83ac2f5c9e
894,powerful,effect,2018,FIC,The Literary Review,"the answer I'd expect from a homo-loving queer. # My taunt had a powerful effect on Lester. Not only did he have a shitty name, but his","the answer I'd expect from a homo-loving queer. # My taunt had a powerful effect on Lester. Not only did he have a shitty name, but his",bd9c4f50e3944ce41422c92077f4e215
895,powerful,effect,2018,ACAD,"... Feminism, Theory, Technoscience",to legitimate power relations in the social sphere. Combining feminist STS research on the powerful effects of images with a feminist materialist perspective opens up a space for critically assessing,to legitimate power relations in the social sphere. Combining feminist STS research on the powerful effects of images with a feminist materialist perspective opens up a space for critically assessing,ba8af6aaa9a3a931e48a45f195b20f12
896,powerful,effect,2018,ACAD,Church History,"bloodline of Israel who converted to Mormonism, there would “ be more of a powerful effect upon the body ” and an effect “ visible to the eye. ”","bloodline of Israel who converted to Mormonism, there would "" be more of a powerful effect upon the body "" and an effect "" visible to the eye. """,19723a21c5cb8f319ee3aaaa5a2eb6b1
897,powerful,effect,2018,ACAD,Arab Studies Quarterly,"they acquired from the West for social engineering in Turkey, the academicians had a powerful effect on Islamist thought because of their attitude toward the public as the ignorant to","they acquired from the West for social engineering in Turkey, the academicians had a powerful effect on Islamist thought because of their attitude toward the public as the ignorant to",2f3ddc03264dc4bc131c74ca6d735a0e
898,powerful,effect,2017,FIC,Highlights for Children,"Bill had eaten nothing but prickly pears his whole life, that biscuit had a powerful effect on him. A slow smile started to grow on his face, and","Bill had eaten nothing but prickly pears his whole life, that biscuit had a powerful effect on him. A slow smile started to grow on his face, and",c0b792d97b4149d96f42750cade30c7f
899,powerful,effect,2017,MAG,Scientific American,"body, without any delving into the life history of the patient, ECT's powerful effects raise questions about what mental illness is, and what kind of psychiatry is","body, without any delving into the life history of the patient, ECT's powerful effects raise questions about what mental illness is, and what kind of psychiatry is",e47546306514e453b0bdfc22ed113071
900,powerful,effect,2017,NEWS,New York Times,"how to avoid such discriminatory policies. Beyond that, the data has had a powerful effect on researchers wo have begun looking into the roots of this serious problem.","how to avoid such discriminatory policies. Beyond that, the data has had a powerful effect on researchers wo have begun looking into the roots of this serious problem.",78fe66e749fe2a9941d98fe7fee2ca2d
901,powerful,effect,2017,ACAD,Film History,"echoing Gregory's "" coincidence ""), this "" custom "" has a tremendously powerful effect on the viewer: "" we use a rectangular form because, being conventional","echoing Gregory's "" coincidence ""), this "" custom "" has a tremendously powerful effect on the viewer: "" we use a rectangular form because, being conventional",71fe10ccf26c7dd1131f2fa5230fdce1
902,powerful,effect,2016,SPOK,NPR_FreshAir,"signs something, just simply indicating something or saying something off hand can have a powerful effect. the best example of that based on the research for this piece was","signs something, just simply indicating something or saying something off hand can have a powerful effect. the best example of that based on the research for this piece was",d3fdf32cc564247a8ede7b0df5ceb89e
903,powerful,effect,2016,SPOK,NPR: Hidden Brain,"of sports, and that makes sense. But winning and losing can also have powerful effects in many other domains of life. Lamar Pierce at Washington University in St.","of sports, and that makes sense. But winning and losing can also have powerful effects in many other domains of life. Lamar Pierce at Washington University in St.",8b0935c88a54fa51dfd28a87790f1b01
904,powerful,effect,2016,ACAD,Iowa Law Review,"a mock "" jury "" decision. # Our study confirmed that anchoring has a powerful effect on damages, and a small negative effect on liability determinations. However,","a mock "" jury "" decision. # Our study confirmed that anchoring has a powerful effect on damages, and a small negative effect on liability determinations. However,",5bb299539d685897b3cb6a712bcda740
905,powerful,effect,2016,ACAD,Iowa Law Review,"IMPLICATIONS # Like previous studies, our study found that anchoring effects had an extremely powerful effect on juries. The plaintiff was able to dramatically increase its potential recovery by","IMPLICATIONS # Like previous studies, our study found that anchoring effects had an extremely powerful effect on juries. The plaintiff was able to dramatically increase its potential recovery by",72586ad126451505e134d8bcf21cb43b
906,powerful,effect,2016,ACAD,Columbia Law Review,"with the Columbia Law Review) ("" Taken together, these rulings have a powerful effect. They mean that the officer who shot Michael Brown and the City of","with the Columbia Law Review) ("" Taken together, these rulings have a powerful effect. They mean that the officer who shot Michael Brown and the City of",41ff177cb7556fec3ee11d5cfd096265
907,powerful,effect,2016,ACAD,Political Research Q,suggest that gender's effect on the general scale is driven primarily by gender's powerful effect on support for a higher minimum wage. # Discussion and Conclusion # In,suggest that gender's effect on the general scale is driven primarily by gender's powerful effect on support for a higher minimum wage. # Discussion and Conclusion # In,ffa0065a3319b0c79dc727a2837d2d1a
908,powerful,effect,2016,ACAD,Asian Music,"extreme duration of the performance, and the gradual tempo increase contributed to producing a powerful effect on the audience. This performance was unlike other melas and mahotsavs that I","extreme duration of the performance, and the gradual tempo increase contributed to producing a powerful effect on the audience. This performance was unlike other melas and mahotsavs that I",b07501f3fdd5f6ab9552ab5d2f542746
909,powerful,effect,2016,ACAD,The Lancet,"did not contain enough active ingredient. # Introduction # Medicines are complex products with powerful effects, which can be enormously helpful or disastrously harmful. Likewise, medicine safety","did not contain enough active ingredient. # Introduction # Medicines are complex products with powerful effects, which can be enormously helpful or disastrously harmful. Likewise, medicine safety",6360af6f7a6e02993167ba8f7de42da0
910,powerful,effect,2016,MOV,...s 9/11 Flag: Rise from the Ashes,""" Star of America. ""?? - Seeing that flag clearly had a powerful effect on Monica, and her eyewitness testimony is invaluable, but we want to",""" Star of America. ""?? - Seeing that flag clearly had a powerful effect on Monica, and her eyewitness testimony is invaluable, but we want to",7f536fb35eb1769ae983754ee0c63d91
911,powerful,effect,2015,NEWS,Denver,"deduction with a new refundable credit, around $2,000. And that has a pretty powerful effect on helping low income people in particular. So it's very progressive in","deduction with a new refundable credit, around $2,000. And that has a pretty powerful effect on helping low income people in particular. So it's very progressive in",bb70a6a4cc4d069c5b5fc06c9fd32041
912,powerful,effect,2012,WEB,edge.org,". Parental values such as generosity, ambition, materialism, anti-materialism, etc have powerful effects on children. True, children may react against their parents' values.",". Parental values such as generosity, ambition, materialism, anti-materialism, etc have powerful effects on children. True, children may react against their parents' values.",cf81c3988f9b87fa997516be7bb323f2
913,powerful,effect,2012,WEB,space.com,"after visible signs of the storm started to fade, infrared measurements continued to reveal powerful effects at work in Saturn's stratosphere. CREDIT: NASA/JPL-Caltech/Space Science Institute # Saturn","after visible signs of the storm started to fade, infrared measurements continued to reveal powerful effects at work in Saturn's stratosphere. CREDIT: NASA/JPL-Caltech/Space Science Institute # Saturn",c651ec2d4536fb47812d1096dc9bf92c
914,powerful,effect,2012,WEB,jihadwatch.org,"Qur'an, the Hadith, the Sira really does exist, really does have a powerful effect, an amazing effect, on the minds of the vast majority of Muslims","Qur'an, the Hadith, the Sira really does exist, really does have a powerful effect, an amazing effect, on the minds of the vast majority of Muslims",9127f7c98e14b227f0c6c4c73eec3070
915,powerful,effect,2012,WEB,...icanconservative.com (1),it's a mistake to think this is not going to have a fairly powerful effect in stimulating economic activity. It's a huge amount of money. If,it's a mistake to think this is not going to have a fairly powerful effect in stimulating economic activity. It's a huge amount of money. If,18fc161d0efbad5e5b0d1ea3028a0fb2
916,powerful,effect,2012,WEB,blogs.suntimes.com (1),"used music for power, pauses: it used a lot of things for powerful effect. # And I didn't really get to watch "" The Secret in","used music for power, pauses: it used a lot of things for powerful effect. # And I didn't really get to watch "" The Secret in",e72556b3e09ac4113af478fa4dc3277f
917,powerful,effect,2012,WEB,blogs.suntimes.com,"where clinical depression is fast becoming the most significant illness afflicting humanity that is a powerful effect indeed. # Mr Ebert, I kinda wish you'd format your list","where clinical depression is fast becoming the most significant illness afflicting humanity that is a powerful effect indeed. # Mr Ebert, I kinda wish you'd format your list",8b2abb1c63570e9055673f963f77df52
918,powerful,effect,2012,WEB,...hristina.typepad.com,"say that the soul is utterly ineffable, and still say that it has a powerful effect on our minds and consciousness and our most basic selves. (And you","say that the soul is utterly ineffable, and still say that it has a powerful effect on our minds and consciousness and our most basic selves. (And you",ab9551e0d5e4a362fa2b80d349cfb950
919,powerful,effect,2012,WEB,starwars.wikia.com,"entirely trust any member of the Executor' s crew, but he knew the powerful effect of motivation by fear. 36 # The Executor functioned with a crew of","entirely trust any member of the Executor' s crew, but he knew the powerful effect of motivation by fear. 36 # The Executor functioned with a crew of",1af77270f92480bcd99eb0db2b2d0cae
920,powerful,effect,2012,WEB,...brary.thinkquest.org,widely studied and have been influential in many circles. His ideas have had a powerful effect on the opinions of Americans at large and have convinced many to work for,widely studied and have been influential in many circles. His ideas have had a powerful effect on the opinions of Americans at large and have convinced many to work for,ecac567ffcd06083b55b00734d158d5c
921,powerful,effect,2012,WEB,ebonmusings.org,"argument from mind-brain unity predicts, chemicals which alter brain chemistry can have fundamental and powerful effects on consciousness. How can this be squared with the theist claim that our","argument from mind-brain unity predicts, chemicals which alter brain chemistry can have fundamental and powerful effects on consciousness. How can this be squared with the theist claim that our",d5290600fd7ddf16365e3a63b0155307
922,powerful,effect,2012,WEB,...ychology.cornell.edu,up to major savings in calories. # What can we do to combat this powerful effect? Simply educating consumers to be aware of the effects of the Delboeuf illusion,up to major savings in calories. # What can we do to combat this powerful effect? Simply educating consumers to be aware of the effects of the Delboeuf illusion,a4fc68be98943684c379f83855f8de95
923,powerful,effect,2012,WEB,forentrepreneurs.com,in a different way.  The importance of Footprint or Market Share # Another powerful effect of using the free strategy is that it usually results in a far larger,in a different way. The importance of Footprint or Market Share # Another powerful effect of using the free strategy is that it usually results in a far larger,7827a7abd0989ac1a3505c7d16860f63
924,powerful,effect,2012,WEB,...ntoine.frostburg.edu,"that the nerve cell can go back to work. # Drugs that have a powerful effect on the central nervous system often mimic natural molecular keys. For example,","that the nerve cell can go back to work. # Drugs that have a powerful effect on the central nervous system often mimic natural molecular keys. For example,",022e36cf382d9869b0d5e8e63a0f458c
925,powerful,effect,2012,WEB,amazon.com,"a natural, efficient way of storing and processing information, and one that has powerful effects on both emotional states and physiology. And while imagery is not a substitute","a natural, efficient way of storing and processing information, and one that has powerful effects on both emotional states and physiology. And while imagery is not a substitute",1b791f8d349cde6643f54a9e1abe55e7
926,powerful,effect,2012,WEB,massagetherapy.com (1),"points and Mu (Bo, in Japanese) points have an immediate, powerful effect on their related organs. They are frequently tender, spontaneously or on palpation","points and Mu (Bo, in Japanese) points have an immediate, powerful effect on their related organs. They are frequently tender, spontaneously or on palpation",6973840c299462bcc0cce552ee3cb33c
927,powerful,effect,2012,WEB,constitution.org,"extensive field of decision, and one which, irregularly exercised, would have a powerful effect on the proceedings and determinations of the House. The President must feel weightily","extensive field of decision, and one which, irregularly exercised, would have a powerful effect on the proceedings and determinations of the House. The President must feel weightily",ddd4f3739201a20522450e6b22638ea9
928,powerful,effect,2012,WEB,businessinsider.com,"about money, despite the amount society focuses on it. # It's a powerful effect, to the point where people that perform positive actions get more","about money, despite the amount society focuses on it. # It's a powerful effect, to the point where people that perform positive actions get more",0b901b1bb4c9492b69097e94b7aba127
929,powerful,effect,2012,WEB,imdb.com,", D.C., vibrant soul music and exploding social consciousness were combining to unique and powerful effect. It was the place and time for Petey to fully express himself -",", D.C., vibrant soul music and exploding social consciousness were combining to unique and powerful effect. It was the place and time for Petey to fully express himself -",c981e8aa5a848506e4ac0adf810f712b
930,powerful,effect,2012,WEB,wingspress.com,"the Guatemalan torturer, Jos, for example. # To varying degrees and with powerful effect, Castillo gives shape to plays that blur lines between the real and unreal","the Guatemalan torturer, Jos, for example. # To varying degrees and with powerful effect, Castillo gives shape to plays that blur lines between the real and unreal",29b8840a1422e5f7924b01c372a9c9a5
931,powerful,effect,2012,WEB,r-mew.blogspot.com,"linked to an academic study by Roosevelt University documenting Reuters use of propaganda and its powerful effect on readers.  Thursday, April 5, 2012 # Reuters correspondent Andrew","linked to an academic study by Roosevelt University documenting Reuters use of propaganda and its powerful effect on readers. Thursday, April 5, 2012 # Reuters correspondent Andrew",50d19f2ea58723d2bfc494c17a9188d1
932,powerful,effect,2012,WEB,dailywritingtips.com,"8, 2011 5:42 pm # Bite: # True, but for has a powerful effect in literary writing ("" For God so loved the world...","8, 2011 5:42 pm # Bite: # True, but for has a powerful effect in literary writing ("" For God so loved the world...",b9c9ba410d566f8977ef832fe451811b
933,powerful,effect,2012,WEB,theasc.com,"appreciates Anderson's combination of experimentation and old-school filmmaking principles, qualities that blend to powerful effect in There Will Be Blood. On the technical side, "" Paul knew","appreciates Anderson's combination of experimentation and old-school filmmaking principles, qualities that blend to powerful effect in There Will Be Blood. On the technical side, "" Paul knew",d345bc5825142d2653ef6124b99dbee4
934,powerful,effect,2012,WEB,therightscoop.com,words but because he so patently strives to live his faith that he has this powerful effect on all who watch him. # ConservativeHippie # Well said AbC sister!,words but because he so patently strives to live his faith that he has this powerful effect on all who watch him. # ConservativeHippie # Well said AbC sister!,a941604bb82a4bcea1ce00ae8ac00bca
935,powerful,effect,2012,WEB,...rtunity.blogspot.com,they copied was shadows and highlight in the buttons. Something as simple had the powerful effect of adding space to it(depth). # For me buttons of Metro is going,they copied was shadows and highlight in the buttons. Something as simple had the powerful effect of adding space to it(depth). # For me buttons of Metro is going,87432b4de27250c69d8ad109412332b8
936,powerful,effect,2012,WEB,combatreform.org,"Desert Storm hit numerous targets with great accuracy after flying hundreds of miles. The powerful effects of cruise missiles are not lost on Third World governments, and many are","Desert Storm hit numerous targets with great accuracy after flying hundreds of miles. The powerful effects of cruise missiles are not lost on Third World governments, and many are",21c6bcd2396db67267b391bea1e713d4
937,powerful,effect,2012,WEB,nasa.gov,"National Hurricane Center. Because Sandy is thousands of miles wide, the storm's powerful effects will be felt all the way to Maine and include strong winds and flooding","National Hurricane Center. Because Sandy is thousands of miles wide, the storm's powerful effects will be felt all the way to Maine and include strong winds and flooding",4bd8c52c0ad1fddd9162d8a4308cbf86
938,powerful,effect,2012,WEB,bahai-library.com,MUST be old but it can't be! Its inner mystery consists in dhe powerful effect which it has on sensitives of all kinds. The glimpses of the life,MUST be old but it can't be! Its inner mystery consists in dhe powerful effect which it has on sensitives of all kinds. The glimpses of the life,c867ff0197ad10a94a27676c21c19072
939,powerful,effect,2012,WEB,...annabisconsumers.org,". # Explain that marijuana is a drug, like alcohol or cigarettes, with powerful effects. As such, it is for adults only and should be treated with",". # Explain that marijuana is a drug, like alcohol or cigarettes, with powerful effects. As such, it is for adults only and should be treated with",a316fa87c2f20578bcf024af7fa184b5
940,powerful,effect,2012,WEB,goodreads.com,"the "" slowing "" wasn't happening in the real world... and for that powerful effect I have to give it five stars. I did feel, however,","the "" slowing "" wasn't happening in the real world... and for that powerful effect I have to give it five stars. I did feel, however,",11802ddceb780da598697b3cbcf75c4e
941,powerful,effect,2012,WEB,...ockportinstitute.com (1),is very important to notice is that your definite decisions have a much more powerful effect on putting together the pieces of the puzzle than do your preferences. For,is very important to notice is that your definite decisions have a much more powerful effect on putting together the pieces of the puzzle than do your preferences. For,bdf48efd9b7da0a4e3b9102d59c4f510
942,powerful,effect,2012,BLOG,forum.tcgplayer.com,"to the Wind-Up engine, all those cards mentioned above rely on each other for powerful effects, as well as some of them being quite useful on their own.","to the Wind-Up engine, all those cards mentioned above rely on each other for powerful effects, as well as some of them being quite useful on their own.",09f7c553a6bdf8f3f74c38e442192cb9
943,powerful,effect,2012,BLOG,qz.com,"enormous military presence in South Korea -- some 30,000 -- and this has had a powerful effect on South Korean music tastes. Several generations of South Koreans grew up hearing","enormous military presence in South Korea -- some 30,000 -- and this has had a powerful effect on South Korean music tastes. Several generations of South Koreans grew up hearing",b875c67186f4212333f22b725a8aa3aa
944,powerful,effect,2012,BLOG,realitysandwich.com,"increasing essential device in promotion these days as the digital globe begins to have a powerful effect on the way of life of community, here","increasing essential device in promotion these days as the digital globe begins to have a powerful effect on the way of life of community, here",82ba2172fcc19ac0f19dd13c2e5db35f
945,powerful,effect,2012,BLOG,...ns.blogs.nytimes.com,one's navel. # This is a fundamental change that must be having a powerful effect on how people view the kind of images exhibited this week in Perpignan.,one's navel. # This is a fundamental change that must be having a powerful effect on how people view the kind of images exhibited this week in Perpignan.,ee38eee16482405fe0879dab619b2026
946,powerful,effect,2012,BLOG,phys.org,or her own reflection within a reflection of the past. It is quite a powerful effect and one that we hope will have applications across a range of site-based heritage,or her own reflection within a reflection of the past. It is quite a powerful effect and one that we hope will have applications across a range of site-based heritage,356a8c3796031189aa3216112718059b
947,powerful,effect,2012,BLOG,itsallyogababy.com,can have greater effects than we might credit. # I've also seen the powerful effect of even the simplest mindfulness practices. I've seen soldiers and police officers,can have greater effects than we might credit. # I've also seen the powerful effect of even the simplest mindfulness practices. I've seen soldiers and police officers,78d03019f208ad95cad40aabc0752ebc
948,powerful,effect,2012,BLOG,patheos.com,"for historical or current drug policy, when more proximate causes have had far more powerful effects over the status of the policies. # http: **30;5090;TOOLONG? id=5...","for historical or current drug policy, when more proximate causes have had far more powerful effects over the status of the policies. # http: **30;5090;TOOLONG? id=5...",b5cf9d0527621317c0ccc9b6ac83be04
949,powerful,effect,2012,BLOG,nbcnews.com,"the surrounding desert terrain. And we found that color contrast was repeatedly used to powerful effect. "" Rising Water, "" taken by fonurlu, captures the powerful Niagara","the surrounding desert terrain. And we found that color contrast was repeatedly used to powerful effect. "" Rising Water, "" taken by fonurlu, captures the powerful Niagara",ab17a876da97c99224aa620ad498c8e4
950,powerful,effect,2012,BLOG,dailykos.com,to be up there (considered entirely before nomination/election). # Suggestion has a powerful effect. Look at your Computer/phone/ car. Why didn't you go with the,to be up there (considered entirely before nomination/election). # Suggestion has a powerful effect. Look at your Computer/phone/ car. Why didn't you go with the,3b524ca977600bef486ca50ff901b6c8
951,powerful,effect,2012,BLOG,...lepatuxentreview.org,"here http: //2012. **28;6369;TOOLONG... You're right that these paintings have an incredibly powerful effect -- just what the Duke intended, no doubt! Thanks for your article","here http: //2012. **28;6369;TOOLONG... You're right that these paintings have an incredibly powerful effect -- just what the Duke intended, no doubt! Thanks for your article",9c1381477f48cbd91cc5a8ddb4c50d14
952,powerful,effect,2012,BLOG,fabiusmaximus.com,"place. "" # That strikes me as unlikely. Social laws and customs have powerful effects. Women's options in the US &; UK were limited by cultural rules","place. "" # That strikes me as unlikely. Social laws and customs have powerful effects. Women's options in the US &; UK were limited by cultural rules",f2583c1a4e380b534d9a8e505ecd2a55
953,powerful,effect,2012,BLOG,livewritethrive.com,"how she feels in that moment, you may find ways of expressing this very powerful effect. A great book that spectacularly masters the nuances of time and how it","how she feels in that moment, you may find ways of expressing this very powerful effect. A great book that spectacularly masters the nuances of time and how it",8af40ade0826d317e76ce684863ac606
954,powerful,effect,2012,BLOG,comicsalliance.com,n't more strongly disagree. Lots of books have told stories that involve rape to powerful effect. (Early Hellblazer comes to mind) And such a policy would prevent,n't more strongly disagree. Lots of books have told stories that involve rape to powerful effect. (Early Hellblazer comes to mind) And such a policy would prevent,edfcea8c93c0e46b213dc1a7a77d86be
955,powerful,effect,2012,BLOG,...oolscam.blogspot.com,"much hope for them.; -) # Since language can have such a powerful effect on how subjects are viewed and discussed, have you thought of coming up","much hope for them.; -) # Since language can have such a powerful effect on how subjects are viewed and discussed, have you thought of coming up",3c6e6ccdb3e32237ad69921bb37cd502
956,powerful,effect,2012,BLOG,...havedon.blogspot.com,"to those who lost their homes and neighborhoods. We will no doubt remember the powerful effects of this storm for a long time to come. "" -- Elise Swain","to those who lost their homes and neighborhoods. We will no doubt remember the powerful effects of this storm for a long time to come. "" -- Elise Swain",391c3884952ebc7c299139b841bafd24
957,powerful,effect,2012,BLOG,blogs.reuters.com,"with his various identities, a psychological state that may help him use them to powerful effect -- as in the election campaign, when he rallied pretty much all Americans","with his various identities, a psychological state that may help him use them to powerful effect -- as in the election campaign, when he rallied pretty much all Americans",299d9178b90015d67f1148ba50901d69
958,powerful,effect,2012,BLOG,...istsview.typepad.com,"find a job, so unemployment durations go up. And that's a fairly powerful effect. A 10% increase in unemployment benefits, in various countries, has been","find a job, so unemployment durations go up. And that's a fairly powerful effect. A 10% increase in unemployment benefits, in various countries, has been",126d7350403e45b1a501aa9b8fd6db78
959,powerful,effect,2012,BLOG,ecowatch.org (1),blow from. It would naturally be 5.5 to 6.0. This has a powerful effect on the whole countryside around here and everything living on it. Many lakes,blow from. It would naturally be 5.5 to 6.0. This has a powerful effect on the whole countryside around here and everything living on it. Many lakes,fd753f5ad20223e98b212360bb72d5c7
960,powerful,effect,2012,BLOG,eyelashroaming.com,"about that side of my work. But most people recognise that music can have powerful effects on mood/energy levels etc., so from there it doesn't take too much","about that side of my work. But most people recognise that music can have powerful effects on mood/energy levels etc., so from there it doesn't take too much",27a40bc0b569750e0fe2e074c6d3dfd4
961,powerful,effect,2012,BLOG,...obydick.blogspot.com,"n't listen to them all the time, their music seems to have a very powerful effect on me, but I believe they are one of the only bands in","n't listen to them all the time, their music seems to have a very powerful effect on me, but I believe they are one of the only bands in",0207a00f9f0ac9c36839fbbca9b91302
962,powerful,effect,2012,BLOG,sott.net,all of you enough for the fine things you have said to me about the powerful effect this condensed version of Romeo's Bleeding has had on all of you.,all of you enough for the fine things you have said to me about the powerful effect this condensed version of Romeo's Bleeding has had on all of you.,b993409d33e6958de9e032d2c5ef8192
963,powerful,effect,2012,BLOG,...sperer.wordpress.com,by any means. They are just some techniques that I have seen used to powerful effect. I'm hoping that you can suggest others. # About Jonathan O'Donnell,by any means. They are just some techniques that I have seen used to powerful effect. I'm hoping that you can suggest others. # About Jonathan O'Donnell,61c9908a2edcd426dfb49c5c8d0eca38
964,powerful,effect,2012,BLOG,cornellsun.com,"decisions are made based on knowing consequences of behavior. "" # Drugs have a powerful effect on the brain, because it changes the brain's biochemistry and treatment for","decisions are made based on knowing consequences of behavior. "" # Drugs have a powerful effect on the brain, because it changes the brain's biochemistry and treatment for",97006e7a7bf350861abf3c8afd4711d0
965,powerful,effect,2012,BLOG,tucker.patch.com,"to merchandise their product aggressively is a multi-billion dollar return which has a far more powerful effect to increase substance abuse than any enforcement program can possibly do to, constrain","to merchandise their product aggressively is a multi-billion dollar return which has a far more powerful effect to increase substance abuse than any enforcement program can possibly do to, constrain",45c21422f06cf57277515d9d93ce0388
966,powerful,effect,2012,BLOG,...cairney.blogspot.com,"as the adult. # Raymond Briggs uses a comic or graphic novel format to powerful effect in this challenging book. Like many of the books Briggs writes, it","as the adult. # Raymond Briggs uses a comic or graphic novel format to powerful effect in this challenging book. Like many of the books Briggs writes, it",dad66ef26888f922d9588d0c88becd88
967,powerful,effect,2012,BLOG,crfb.org,the total benefit that an individual can receive from tax expenditures would have a very powerful effect. It would not limit the amount of deductions and exclusions to 2% of,the total benefit that an individual can receive from tax expenditures would have a very powerful effect. It would not limit the amount of deductions and exclusions to 2% of,44a89a71c6dd1c11c0309fcd4fb2e590
968,powerful,effect,2012,BLOG,freethoughtblogs.com,"lie that race, class, sex, sexual orientation, and physical capabilities have powerful effects on a given person's quality of life. # You misunderstood what I","lie that race, class, sex, sexual orientation, and physical capabilities have powerful effects on a given person's quality of life. # You misunderstood what I",5182ec553704f49b7739358c29b26bfc
969,powerful,effect,2012,BLOG,blog.hubspot.com,resulting in each additional marketing $ going further while tracking that against investments. Another powerful effect of marketing automation is to bring sales and marketing together in a way that,resulting in each additional marketing $ going further while tracking that against investments. Another powerful effect of marketing automation is to bring sales and marketing together in a way that,efe6db00314e9cf455cc310d8f535179
970,powerful,effect,2012,BLOG,...igionandpolitics.org,"or millennium) on earth. # The rapture and the apocalypse have had a powerful effect on the nation's imagination and identity since the country's inception, as","or millennium) on earth. # The rapture and the apocalypse have had a powerful effect on the nation's imagination and identity since the country's inception, as",5635db2f6c7e4965155db65e89c8c1b5
971,powerful,effect,2012,BLOG,...g.snappingturtle.net,"the Fiscal and Econonic Update, are "" back-end loaded "", with the most powerful effects coming in 3-5 years. The corporate income tax rate, for example,","the Fiscal and Econonic Update, are "" back-end loaded "", with the most powerful effects coming in 3-5 years. The corporate income tax rate, for example,",c1fa68fcfdb0ccf9b60d19a38f836611
972,powerful,effect,2012,BLOG,...banlegends.about.com,it is because the nature of prayer is so personal and can have such a powerful effect on a community that the government may not use its authority to try to,it is because the nature of prayer is so personal and can have such a powerful effect on a community that the government may not use its authority to try to,ea08197b373f22e7ac9fd6e3ff7bfdf6
973,powerful,effect,2012,BLOG,motherjones.com,", method for extracting useful information from prisoners. # Where it has had a powerful effect is on those ordering and delivering it. With their egos inflated beyond imagining",", method for extracting useful information from prisoners. # Where it has had a powerful effect is on those ordering and delivering it. With their egos inflated beyond imagining",daec5142faac9be5f9a5a873da486e08
974,powerful,effect,2012,BLOG,psychcentral.com,"self-worth in the face of our shortcomings. # Self-affirmation has been shown to have powerful effects -- research suggests that it can minimize the anxiety, stress, and defensiveness","self-worth in the face of our shortcomings. # Self-affirmation has been shown to have powerful effects -- research suggests that it can minimize the anxiety, stress, and defensiveness",3b12bc23b0b26855f6b7ca4f95bed8ab
975,powerful,effect,2009,MOV,Van Diemen's Land,"found, in my time, that rubbing the flesh above the hole has a powerful effect on all women and brings a strong wetness like an ocean. What did","found, in my time, that rubbing the flesh above the hole has a powerful effect on all women and brings a strong wetness like an ocean. What did",6a025d42e4cc9e194995c3c0077fe180
976,powerful,effect,2009,MOV,...ealing with Dr. Esther Sternberg,would be a very powerful drug. So the placebo effect really is a very powerful effect. And what it is is the brain's own healing mechanism. It,would be a very powerful drug. So the placebo effect really is a very powerful effect. And what it is is the brain's own healing mechanism. It,b5fcf63338ff672b4e62cf3901b39218
977,powerful,effect,2005,MOV,Syriana,. Producer nations continue to look toward developing markets in Asia which is having a powerful effect on crude prices. There's at least 10 to 12 dollars of instability,. Producer nations continue to look toward developing markets in Asia which is having a powerful effect on crude prices. There's at least 10 to 12 dollars of instability,95fb92b0a164889ab160e1b0e66687c7
978,powerful,effect,2005,MOV,Leonard Cohen: I'm Your Man,"OBJECT OR A SITUATION OR A LANDSCAPE, YOU KNOW. THAT HAD A VERY POWERFUL EFFECT ON ME, AS IT DOES ON EVERYONE, AND I PRAYED TO HAVE","OBJECT OR A SITUATION OR A LANDSCAPE, YOU KNOW. THAT HAD A VERY POWERFUL EFFECT ON ME, AS IT DOES ON EVERYONE, AND I PRAYED TO HAVE",79e7f4aa9cd76439775aa099e4a22352
979,powerful,effect,2004,MOV,Never Die Alone,"like a game of dominoes. How one man's life can have such a powerful effect, however inadvertent, on the lives of so many others. How it","like a game of dominoes. How one man's life can have such a powerful effect, however inadvertent, on the lives of so many others. How it",bdc4c2f455135b2f4827aabb09ac205a
980,powerful,effect,2002,TV,The Lost World,It all seemed so real. The poison on those darts did have a very powerful effect. As did those events you went through six long years ago. So,It all seemed so real. The poison on those darts did have a very powerful effect. As did those events you went through six long years ago. So,888281c69f663a3f504c07799cbc1356
981,powerful,effect,2001,MOV,Crazy/Beautiful,OK. I think I know what's going on here. I know the powerful effect Nicole can have on people. She's absolutely fabulous... at taking a,OK. I think I know what's going on here. I know the powerful effect Nicole can have on people. She's absolutely fabulous... at taking a,5c90e9023779e6dc0e37ab865a359544
982,powerful,effect,1995,MOV,A Little Princess,"wants to have an effect on the world. How true. And what a powerful effect you have, Frances. Where have you been? I've been chilled","wants to have an effect on the world. How true. And what a powerful effect you have, Frances. Where have you been? I've been chilled",c2b986d18a722829765854ec02c5dace
983,powerful,effect,1991,MOV,Paradise,"ATTRACTION, BUT THEY ARE MY FAMILY. I KNOW I CA N'T CHANGE THE POWERFUL EFFECT I HAVE ON MEN. [SALLY] THAT'D BE LIKE ASKING THE SUN TO","ATTRACTION, BUT THEY ARE MY FAMILY. I KNOW I CA N'T CHANGE THE POWERFUL EFFECT I HAVE ON MEN. [SALLY] THAT'D BE LIKE ASKING THE SUN TO",9a87fc06de29f41d311be76222e9bafb
984,powerful,effect,2015,FIC,FantasySciFi,"was holding, unsure why this woman he'd never met could have such a powerful effect on him. With a sudden violent twist Alice broke fully from her mannequin","was holding, unsure why this woman he'd never met could have such a powerful effect on him. With a sudden violent twist Alice broke fully from her mannequin",cbb0e679dd0845cea552defc7c58e1c5
985,powerful,effect,2015,FIC,FantasySciFi,"growth -- it contained the substance you call tetrahydrocannabinol. And it had a very powerful effect on my crew. "" "" Only a chemist would call anything by --","growth -- it contained the substance you call tetrahydrocannabinol. And it had a very powerful effect on my crew. "" "" Only a chemist would call anything by --",ea0b44e5a3009428958b7c6648147a85
986,powerful,effect,2015,FIC,ParisRev,"because she actually found me appealing, it worked, though with a much more powerful effect on me than I' d bargained for. I was half in love","because she actually found me appealing, it worked, though with a much more powerful effect on me than I' d bargained for. I was half in love",66da32ba5c613683eb56c640667b0fec
987,powerful,effect,2015,NEWS,Denver,would be the same rate as his corporate rate. And this has a pretty powerful effect on lowering tax rates on those types of businesses. And so when you,would be the same rate as his corporate rate. And this has a pretty powerful effect on lowering tax rates on those types of businesses. And so when you,f6be5c0f043bf7efa3216da34194036e
988,powerful,effect,2014,SPOK,CNN_Newsroom,"one hand praising in a sense this political figure who is a woman for her powerful effect in the political world is a good thing. On the other hand,","one hand praising in a sense this political figure who is a woman for her powerful effect in the political world is a good thing. On the other hand,",d0c8fd78c61d578193f185ffbf7eaf8b
989,powerful,effect,2014,FIC,ParisRev,"being negated at the same time as I was exposed, had had a particularly powerful effect on me, I said. It had seemed to encapsulate something that did","being negated at the same time as I was exposed, had had a particularly powerful effect on me, I said. It had seemed to encapsulate something that did",7ee15d30c033b050a7ab4470e4381ca8
990,powerful,effect,2014,MAG,Prevention,": 85 calories -- plus, you'll torch another 65 in afterburn METabato's Powerful Effect on Metabolism # Your metabolism spends most of its time idling at a slow",": 85 calories -- plus, you'll torch another 65 in afterburn METabato's Powerful Effect on Metabolism # Your metabolism spends most of its time idling at a slow",59970ab8bbbd0f2d93adf4b2f641d0e8
991,powerful,effect,2014,MAG,Prevention,"on your skeleton, which can improve bone density. # GRAPH: METabato's Powerful Effect on Metabolism #","on your skeleton, which can improve bone density. # GRAPH: METabato's Powerful Effect on Metabolism #",b1e138efd4f761d66f2dbdfd3387a3b0
992,powerful,effect,2014,ACAD,CollegeStud,"an ability to console one another during times of increased loneliness. Jena illustrated the powerful effect of shared experiences described by most participants in this regard: "" I have","an ability to console one another during times of increased loneliness. Jena illustrated the powerful effect of shared experiences described by most participants in this regard: "" I have",a91c49b437cfaf2f17963831350545a0
993,powerful,effect,2014,ACAD,Ref&UserServQ,"Tyler says, "" Inferences about the trustworthiness of the motives of authorities had a powerful effect on whether people voluntarily deferred to third-party decisions and to group rules? if","Tyler says, "" Inferences about the trustworthiness of the motives of authorities had a powerful effect on whether people voluntarily deferred to third-party decisions and to group rules? if",e69100eb2f60d12b5e26eb3e6c1bd70f
994,powerful,effect,2014,ACAD,StudiesInEducation,"number of ANT analyses of recent reforms in the English ALN field which explore the powerful effects between policy and practice in a diffuse, heterogeneous and value-laden field. Hamilton","number of ANT analyses of recent reforms in the English ALN field which explore the powerful effects between policy and practice in a diffuse, heterogeneous and value-laden field. Hamilton",e8cd0b1d261f49dbe0f2c522ba7191d8
995,powerful,effect,2014,ACAD,MusicEduc,"This seems to be a widely held notion. However, I have seen the powerful effects that this type of music-making, combined with relevant pedagogies, has on students--especially","This seems to be a widely held notion. However, I have seen the powerful effects that this type of music-making, combined with relevant pedagogies, has on students--especially",8e9f494c908b55a375d35f25dca407c1
996,powerful,effect,2014,ACAD,QuartRevDistanceEd,"them be successful more quickly. Guide Students Through Contradicting Examples. One of the powerful effects of the MANIC strategy is when one student's "" Agree "" quote is","them be successful more quickly. Guide Students Through Contradicting Examples. One of the powerful effects of the MANIC strategy is when one student's "" Agree "" quote is",40f66dc9e4d5eb6d578807d7b5ebb30b
997,powerful,effect,2013,FIC,Bk:LoverBeMine,s insipid crop of debutantes. And why the devil did she have such a powerful effect on his senses? He'd known a number of striking beauties in his,s insipid crop of debutantes. And why the devil did she have such a powerful effect on his senses? He'd known a number of striking beauties in his,676664429a7042d793576ac13d240599
998,powerful,effect,2013,ACAD,SchoolPsych,to which test accuracies are influenced by the pretest probability of failure and the potentially powerful effect of actions taken in between assessment occasions to change the pretest probability of risk,to which test accuracies are influenced by the pretest probability of failure and the potentially powerful effect of actions taken in between assessment occasions to change the pretest probability of risk,ebf399a4396dbdbbcd6924d40f0ed2c0
999,powerful,effect,2013,ACAD,CollegeStud,"depression and anxiety (Thachil, Mohan & Bhugra, 2007). The seemingly powerful effects of meditation are intriguing, and the potential health benefits have aroused particular interest","depression and anxiety (Thachil, Mohan & Bhugra, 2007). The seemingly powerful effects of meditation are intriguing, and the potential health benefits have aroused particular interest",eb4697cefc2c8418174c65464e62fe4e
1000,powerful,effect,2013,ACAD,CollegeStud,"the treatment of common psychiatric disorders, such as depression and anxiety. The seemingly powerful effects of meditation are intriguing, and the potential health benefits have aroused particular interest","the treatment of common psychiatric disorders, such as depression and anxiety. The seemingly powerful effects of meditation are intriguing, and the potential health benefits have aroused particular interest",ec19daf1ba9d925fb284c656298f656d
1001,powerful,effect,2013,ACAD,MusicEduc,and physical benefits. Aristotle would be quick to remind us to never underestimate the powerful effect of evidence that is paired with a moving aesthetic experience (pathos).,and physical benefits. Aristotle would be quick to remind us to never underestimate the powerful effect of evidence that is paired with a moving aesthetic experience (pathos).,2e579ccc0eea030f1de55eb125f8bee6
1002,powerful,effect,2012,MAG,Prevention,way to work out. Practicing these ancient disciplines can reduce stress and have a powerful effect on metabolic syndrome -- a cluster of five conditions that ups your risk of,way to work out. Practicing these ancient disciplines can reduce stress and have a powerful effect on metabolic syndrome -- a cluster of five conditions that ups your risk of,be224ebda4899d79650b788b6813f96e
1003,powerful,effect,2012,MAG,America,that is difficult to picture but one that public health research is finding has a powerful effect on our individual and social health. # Imagine our society as a ladder,that is difficult to picture but one that public health research is finding has a powerful effect on our individual and social health. # Imagine our society as a ladder,f8d9d7e99af2c5b3a26bb57c6340d08d
1004,powerful,effect,2012,ACAD,Futurist,"illustrate the consequences of failure to change where change is needed, can have a powerful effect by building the relevant political will within the community in question. # We","illustrate the consequences of failure to change where change is needed, can have a powerful effect by building the relevant political will within the community in question. # We",4d95e26d5e2e3f418fd8893b23125e2e
1005,powerful,effect,2011,MAG,NatlParks,"as a CO who worked to preserve the beauty of our national parks had a powerful effect on me, one of his seven children. # With my dad's","as a CO who worked to preserve the beauty of our national parks had a powerful effect on me, one of his seven children. # With my dad's",2e7bb31298d2edeb9af3decbfa50348b
1006,powerful,effect,2011,ACAD,AmerScholar,the person who read the book the first time. # Plasticity also exerts a powerful effect on our memories. We do not so much forget the events of our,the person who read the book the first time. # Plasticity also exerts a powerful effect on our memories. We do not so much forget the events of our,2426375bec1976cc4a32506be9b5357f
1007,powerful,effect,2011,ACAD,SocialWork,"of professional intervention (Kreuger &; Neuman, 2006). Professional journals have a powerful effect on professions; they have been described as "" footprints "" by which the","of professional intervention (Kreuger &; Neuman, 2006). Professional journals have a powerful effect on professions; they have been described as "" footprints "" by which the",9d3e6b88efb2b8cdb1bb316a3aaae545
1008,powerful,effect,2011,ACAD,SocialWork,One could assume that the very presence and touch from another person could have a powerful effect on a person with end-stage dementia. # The findings of this study clearly,One could assume that the very presence and touch from another person could have a powerful effect on a person with end-stage dementia. # The findings of this study clearly,7df689f1144384b5af3e2042457d0f55
1009,powerful,effect,2011,ACAD,LearningDisability,"approach was present. Dudley-Marling (2004), in his research, illustrates the powerful effect teachers' positioning of students and whether they identify them positively or in relation","approach was present. Dudley-Marling (2004), in his research, illustrates the powerful effect teachers' positioning of students and whether they identify them positively or in relation",83fcdaf99c8df23cb4d8e204f195e754
1010,powerful,effect,2010,SPOK,ABC_20/20,"what is that confusion? PRESIDENT-BARACK-O# Well, you know, the Internet has a powerful effect these days. And so, the way rumors can take on a life","what is that confusion? PRESIDENT-BARACK-O# Well, you know, the Internet has a powerful effect these days. And so, the way rumors can take on a life",466254896c915ffe45a62325a945eb9f
1011,powerful,effect,2010,MAG,Cosmopolitan,RE THINKING HOW HIS HEIGHT SHAPES HIM THERE'S SOLID EVIDENCE THAT HEIGHT HAS A POWERFUL EFFECT ON A MAN'S PERSONALITY AND STATUS. WE INVESTIGATED. Tall dudes are,RE THINKING HOW HIS HEIGHT SHAPES HIM THERE'S SOLID EVIDENCE THAT HEIGHT HAS A POWERFUL EFFECT ON A MAN'S PERSONALITY AND STATUS. WE INVESTIGATED. Tall dudes are,bcdcd6c04d92034833b00972904e6853
1012,powerful,effect,2010,NEWS,SanFranChron,MRI technology to scan the test subjects brains and examine the neuroscience behind love's powerful effects. # The researchers selected 15 students with the highest scores on the Passionate,MRI technology to scan the test subjects brains and examine the neuroscience behind love's powerful effects. # The researchers selected 15 students with the highest scores on the Passionate,461c2aba2917e179ad14f4f5e1bdc894
1013,powerful,effect,2009,SPOK,CBS_Early,was going on in the household. And we know that stress does have a powerful effect on our immune system. It can actually suppress the immune system and it,was going on in the household. And we know that stress does have a powerful effect on our immune system. It can actually suppress the immune system and it,8ddd5bbe2000316cbe7865eecb5a0129
1014,powerful,effect,2009,MAG,Time,"can't do anything to change your genome, but your environment and experiences have powerful effects on the way those genes are expressed. A susceptibility to cancer may remain","can't do anything to change your genome, but your environment and experiences have powerful effects on the way those genes are expressed. A susceptibility to cancer may remain",e98eecc6ae4e2f1c15608c6be823d460
1015,powerful,effect,2009,ACAD,Humanist,"who in his 1998 book, Children of Prometheus, defiantly pronounced that "" the powerful effects of our culture have, if anything, accelerated our biological evolution. ""","who in his 1998 book, Children of Prometheus, defiantly pronounced that "" the powerful effects of our culture have, if anything, accelerated our biological evolution. """,921e5f7c0e0af4f73e456ea19a797478
1016,powerful,effect,2009,ACAD,Style,way that has never been done by fictional filmmakers either. Particularly noteworthy is the powerful effect of that moment when the camera returns to the front and Julianne Moore reappears,way that has never been done by fictional filmmakers either. Particularly noteworthy is the powerful effect of that moment when the camera returns to the front and Julianne Moore reappears,f0f78e671221b55a9f110a2121622bf5
1017,powerful,effect,2009,ACAD,Education,is important. It acts as an incentive for study. And it has a powerful effect on what students do and how they do it. Assessment also communicates to,is important. It acts as an incentive for study. And it has a powerful effect on what students do and how they do it. Assessment also communicates to,d896bd0ea3b417ec4b084f2101b3dc0e
1018,powerful,effect,2009,ACAD,Education,"of as the least important of the three faculty responsibilities, it can have a powerful effect on faculty satisfaction. And Rosser's study suggests that "" those faculty members","of as the least important of the three faculty responsibilities, it can have a powerful effect on faculty satisfaction. And Rosser's study suggests that "" those faculty members",506e09bb0424b93caa548b0fc4234375
1019,powerful,effect,2008,NEWS,SanFranChron,"as evidence that TV and movies can sway opinion. But he says the most powerful effect is in the aggregate collection of pop culture portrayals. # "" If I","as evidence that TV and movies can sway opinion. But he says the most powerful effect is in the aggregate collection of pop culture portrayals. # "" If I",2cccb7390681418947098baffc1ce6e4
1020,powerful,effect,2008,ACAD,ForeignAffairs,more deeply integrated into the global economy. Its dramatic expansion is therefore having a powerful effect on the rest of the world. (China is often paired with India,more deeply integrated into the global economy. Its dramatic expansion is therefore having a powerful effect on the rest of the world. (China is often paired with India,94d422329fc98c1a90e961cb31d044c9
1021,powerful,effect,2008,ACAD,MusicEduc,arrangements of classical pieces (usually to a calypso beat) during Carnival. The powerful effect of performing complicated works by Handel or Mozart on the streets of Port of,arrangements of classical pieces (usually to a calypso beat) during Carnival. The powerful effect of performing complicated works by Handel or Mozart on the streets of Port of,e93d2bb1bacfbde51b55ad9579f84100
1022,powerful,effect,2008,ACAD,SportBehavior,"This study provides evidence that a helping professional's attractiveness may not only have a powerful effect on a client's impression, but also on the development of rapport.","This study provides evidence that a helping professional's attractiveness may not only have a powerful effect on a client's impression, but also on the development of rapport.",19c63890e6316ee5eaa9531670c3e1be
1023,powerful,effect,2008,ACAD,DrugIssues,"revered (Santisteban et al., 2002). This orientation can have a very powerful effect in two areas. First, Hispanic families characterized by this orientation often favor","revered (Santisteban et al., 2002). This orientation can have a very powerful effect in two areas. First, Hispanic families characterized by this orientation often favor",af839edfc552fde0274bd1c46371e4d4
1024,powerful,effect,2007,MAG,ScienceNews,"new research is bolstering that contention. BREAKDOWN Without a doubt, life has a powerful effect on the landscape. The chemicals that microbes produce as they colonize rock surfaces","new research is bolstering that contention. BREAKDOWN Without a doubt, life has a powerful effect on the landscape. The chemicals that microbes produce as they colonize rock surfaces",943e8faca5c6b4458f8df05457bd2111
1025,powerful,effect,2007,MAG,ChristCentury,"massively on the interpenetrating and resonating features of sound, and it exploits them to powerful effect. Simultaneously sounding notes, and the music arising from them, can witness","massively on the interpenetrating and resonating features of sound, and it exploits them to powerful effect. Simultaneously sounding notes, and the music arising from them, can witness",21ce7f76c905adfda3abd3aac6319cc9
1026,powerful,effect,2007,ACAD,ChurchHistory,"the Holy Ghost. In such a case, there may be more of a powerful effect upon the body, and visible to the eye, than upon an Israelite.","the Holy Ghost. In such a case, there may be more of a powerful effect upon the body, and visible to the eye, than upon an Israelite.",b72650e1c733e4b8ce64047ee32f81ec
1027,powerful,effect,2007,ACAD,TeachLibrar,expectations and peer recommendations and influence. The expectations you hold for children have a powerful effect on children's behavior and achievement in school. Your expectations for literary experiences,expectations and peer recommendations and influence. The expectations you hold for children have a powerful effect on children's behavior and achievement in school. Your expectations for literary experiences,eb9f20736e08389019706148fafaaf68
1028,powerful,effect,2007,ACAD,SportBehavior,than one or two sessions. # It is not surprising that money can have powerful effects on behavior. The contribution of this experiment was to show how money might,than one or two sessions. # It is not surprising that money can have powerful effects on behavior. The contribution of this experiment was to show how money might,93f9f57867bf34d35cb03b517d2687a7
1029,powerful,effect,2007,ACAD,ArtBulletin,"in the nineteenth century. "" (n19) What I suggest here about the powerful effect of nineteenth-century music chimes in with White's desire to resuscitate the powerful tropes","in the nineteenth century. "" (n19) What I suggest here about the powerful effect of nineteenth-century music chimes in with White's desire to resuscitate the powerful tropes",20fbbc80bc7fed96cd7149d3c85b97e0
1030,powerful,effect,2007,ACAD,DrugIssues,"family, church, and the economy are likely to exert the most enduring and powerful effects in shaping individuals' behaviors. # In the present study, it is","family, church, and the economy are likely to exert the most enduring and powerful effects in shaping individuals' behaviors. # In the present study, it is",0812f4ab9d9e9f0295600ae664c390bf
1031,powerful,effect,2006,ACAD,ForeignAffairs,"be driven home? There is historical evidence that seeing nuclear weapons tested had a powerful effect on many people in the United States and the Soviet Union. Thus,","be driven home? There is historical evidence that seeing nuclear weapons tested had a powerful effect on many people in the United States and the Soviet Union. Thus,",2ce0b25884c04f81df409705f17a3d71
1032,powerful,effect,2006,ACAD,RoeperReview,", how well we reason depends on how much we know. Language has particularly powerful effects on the development of thought, from the acquisition of simple perceptual concepts to",", how well we reason depends on how much we know. Language has particularly powerful effects on the development of thought, from the acquisition of simple perceptual concepts to",7a3d74b0e33469361b46a3b2e3335cf5
1033,powerful,effect,2006,ACAD,NaturalHist,"out of the body also vary with size, and those variations can have a powerful effect on shape. Diffusion is the random movement of molecules from regions of high","out of the body also vary with size, and those variations can have a powerful effect on shape. Diffusion is the random movement of molecules from regions of high",636861a206898a3e0a6c197099832ca9
1034,powerful,effect,2006,ACAD,EnvironHealth,in values. Localism? # A culturewide trend towards atomization may have a particularly powerful effect in environmental health because the profession is still struggling to define an overarching national,in values. Localism? # A culturewide trend towards atomization may have a particularly powerful effect in environmental health because the profession is still struggling to define an overarching national,d574788ca9643d8c41377d318cadc316
1035,powerful,effect,2006,ACAD,SocialWork,"supporting unions (Ehrenreich, 1985; Walkowitz, 1999). Age had a powerful effect on union attitudes, with older social workers much more likely than their younger","supporting unions (Ehrenreich, 1985; Walkowitz, 1999). Age had a powerful effect on union attitudes, with older social workers much more likely than their younger",8e59602a24d1a324314abff934ee8342
1036,powerful,effect,2005,SPOK,NPR_ATCW,"inevitably he knows that he will be immolated, and that night is conveyed with powerful effect. ELLIOTT: Well, if Jesus is to Hamlet for you, Yahweh","inevitably he knows that he will be immolated, and that night is conveyed with powerful effect. ELLIOTT: Well, if Jesus is to Hamlet for you, Yahweh",8ac5f15c33f30284aca095bf98b12728
1037,powerful,effect,2005,MAG,PsychToday,"with rats suggests that rectal pressure in both sexes has a similar, but less powerful effect, possibly because both vagina and rectum use the same sensory nerve. Komisaruk","with rats suggests that rectal pressure in both sexes has a similar, but less powerful effect, possibly because both vagina and rectum use the same sensory nerve. Komisaruk",fa56d0db6d3aaee9833ce4c96ecc6db4
1038,powerful,effect,2005,MAG,PsychToday,"of attention and moment-by-moment experiences in happiness, Kahneman has identified factors mat have a powerful effect in determining immediate mood. When asked how they feel "" in the moment","of attention and moment-by-moment experiences in happiness, Kahneman has identified factors mat have a powerful effect in determining immediate mood. When asked how they feel "" in the moment",ffc528095ea8890bc21b6bd788349e00
1039,powerful,effect,2005,ACAD,PhysicalEduc,possible sport activity area. # Investigations into teacher development suggest that biography has a powerful effect on preservice teachers' beliefs and perceptions of teaching. School-related experiences prior to,possible sport activity area. # Investigations into teacher development suggest that biography has a powerful effect on preservice teachers' beliefs and perceptions of teaching. School-related experiences prior to,c42bdc190f24e79b939606fea06470fc
1040,powerful,effect,2005,ACAD,InstrPsych,"a few words or phrases can be beneficial for rapport building and may have a powerful effect on the relationship between the therapist and child (Altarriba &; Bauer, 1998","a few words or phrases can be beneficial for rapport building and may have a powerful effect on the relationship between the therapist and child (Altarriba &; Bauer, 1998",6d5450f8b96dfc17a6ea03cae7c3b8bb
1041,powerful,effect,2005,ACAD,TeachLibrar,", due to a particularly good read. Similarly, most of us know the powerful effect that oral reading of a good book has on a particularly energetic class.",", due to a particularly good read. Similarly, most of us know the powerful effect that oral reading of a good book has on a particularly energetic class.",1257692eacc06c6741d068b8b234c281
1042,powerful,effect,2005,ACAD,AfricanHist,had their hands on the levers of power. 33 # Cocoa farming also had a powerful effect on the development of the capital market. Farmers could now borrow on the,had their hands on the levers of power. 33 # Cocoa farming also had a powerful effect on the development of the capital market. Farmers could now borrow on the,3ecdceda53035e8fd8421678b29aceab
1043,powerful,effect,2005,ACAD,Change,"is important for graduates entering the workplace. The pressure from business has had a powerful effect on certain disciplines such as engineering, leading to transformed curricula on the majority","is important for graduates entering the workplace. The pressure from business has had a powerful effect on certain disciplines such as engineering, leading to transformed curricula on the majority",47827883f51e67fc30ef1a947808fc74
1044,powerful,effect,2005,ACAD,ArtBulletin,"Giambattista Bregno in the de Rossi Chapel in the Treviso Duomo of 1501-3. Its powerful effect on Fra Bartolommeo, who visited Venice in 1508, can be seen in","Giambattista Bregno in the de Rossi Chapel in the Treviso Duomo of 1501-3. Its powerful effect on Fra Bartolommeo, who visited Venice in 1508, can be seen in",54962fc1a62d03059ca169ad59cd69ed
1045,powerful,effect,2005,ACAD,SportBehavior,"efficacy in general (Bandura, 1977, 1997). Previous experience has a powerful effect on efficacy beliefs. # The predictive qualities of gender are also consistent with","efficacy in general (Bandura, 1977, 1997). Previous experience has a powerful effect on efficacy beliefs. # The predictive qualities of gender are also consistent with",538ca9b5f870248ed60b9cdc881b5dc5
1046,powerful,effect,2004,FIC,Bk:Rape,"conduct, valor in service, eye-for-an-eye, tooth-for-a-tooth. The U.S. flag had a powerful effect on him sometimes. Not if the damn thing hung down limp but if","conduct, valor in service, eye-for-an-eye, tooth-for-a-tooth. The U.S. flag had a powerful effect on him sometimes. Not if the damn thing hung down limp but if",3b13ac94b893a5d64fa7ee5ecc482525
1047,powerful,effect,2004,MAG,TotalHealth,"now being led entirely by our local psychiatrist and psychologist colleagues) is having a powerful effect on decreasing levels of stress, anxiety and anger and improving mood in the","now being led entirely by our local psychiatrist and psychologist colleagues) is having a powerful effect on decreasing levels of stress, anxiety and anger and improving mood in the",0e2a046ab985ac7088e5a65a36280a9c
1048,powerful,effect,2004,MAG,TotalHealth,called free testosterone and it is only in this form that testosterone can exert its powerful effects on all of the body's cells. An increase of SHBG occurs in,called free testosterone and it is only in this form that testosterone can exert its powerful effects on all of the body's cells. An increase of SHBG occurs in,f9771f08c1c3c856c0ae887627073426
1049,powerful,effect,2004,MAG,PsychToday,"to Scott South, a demographer at SUNY-Albany, proximity to potential partners has a powerful effect on relationships. South and his colleagues found higher divorce rates among people living","to Scott South, a demographer at SUNY-Albany, proximity to potential partners has a powerful effect on relationships. South and his colleagues found higher divorce rates among people living",f7cababd6d4966e8a26cbbd0c0026426
1050,powerful,effect,2004,NEWS,NYTimes,"stuff and it's all good, "" he said. "" It has a powerful effect on me. "" # With "" Garden State "" as a calling card","stuff and it's all good, "" he said. "" It has a powerful effect on me. "" # With "" Garden State "" as a calling card",919f8c2f491f8a2c0613468c7fb7fb3d
1051,powerful,effect,2004,ACAD,AmerIndianQ,", resulting in some adjustments to Cardinal's original design, but not eliminating the powerful effect of his ideas on the processes and most of the design solutions carried out",", resulting in some adjustments to Cardinal's original design, but not eliminating the powerful effect of his ideas on the processes and most of the design solutions carried out",efb48099ed04b26a5a2d67788ef7485e
1052,powerful,effect,2004,ACAD,SportBehavior,"into music research because subject bias towards or against a particular style may have a powerful effect on responses to music. Again, such bias is likely to compromise the","into music research because subject bias towards or against a particular style may have a powerful effect on responses to music. Again, such bias is likely to compromise the",4aa3ceb5eb427b4326d5c1257ce31e63
1053,powerful,effect,2004,ACAD,LawPublicPol,"contrast, insofar as each effect is translated into public law, it has a powerful effect on the environment. A. The Wealth Effect # First, consider the ""","contrast, insofar as each effect is translated into public law, it has a powerful effect on the environment. A. The Wealth Effect # First, consider the """,cddc60cefbf2731d9306e04d8855226f
1054,powerful,effect,2004,ACAD,AfricanHist,have constituted a small but growing fraction of the musseques population but they had a powerful effect on the cultural scene thanks to their organizational ambitions and their small disposable incomes.,have constituted a small but growing fraction of the musseques population but they had a powerful effect on the cultural scene thanks to their organizational ambitions and their small disposable incomes.,70407052f5ffd44fa7ed46450d3b68c0
1055,powerful,effect,2003,SPOK,CNN_SatMorn,"CNN ANCHOR: Since the 1950s, the music of Elvis Presley has had a powerful effect on the development of rock and roll. Tonight at Graceland, Presley's","CNN ANCHOR: Since the 1950s, the music of Elvis Presley has had a powerful effect on the development of rock and roll. Tonight at Graceland, Presley's",20c1d5a5d3dcd5442441208cd54df912
1056,powerful,effect,2003,MAG,Futurist,""" Author Rheingold looks at the characteristics of this new generation and the innovative and powerful effects they will have on the future. Management The Forward-Focused Organization by Stephen C.",""" Author Rheingold looks at the characteristics of this new generation and the innovative and powerful effects they will have on the future. Management The Forward-Focused Organization by Stephen C.",ea6d2d67be641be6ee7c7c9e16027baa
1057,powerful,effect,2003,NEWS,CSMonitor,"might enjoy reading about some inspiring young environmentalists. Not only did they realize the powerful effects of a little perseverance and passion, but they also proved to the government","might enjoy reading about some inspiring young environmentalists. Not only did they realize the powerful effects of a little perseverance and passion, but they also proved to the government",c785471219b5989c5515a0780202bcc5
1058,powerful,effect,2003,ACAD,SchoolPsych,"of these services to a vast majority of families in these communities, and the powerful effect of the focus on engaging families in PALS services. # The KOL study","of these services to a vast majority of families in these communities, and the powerful effect of the focus on engaging families in PALS services. # The KOL study",107c54e5dda917c7d188865d445dc424
1059,powerful,effect,2003,ACAD,Environment,"or some other natural location selling the exact same product? These images have a powerful effect on how people view themselves, and they continue to perpetuate certain myths.","or some other natural location selling the exact same product? These images have a powerful effect on how people view themselves, and they continue to perpetuate certain myths.",f87888c99f3c47107404afd4a735986a
1060,powerful,effect,2002,SPOK,CBS_SixtyII,"part of that fog of war, a false alarm. But it had a powerful effect at the time. Many in the public wondered, with the president out","part of that fog of war, a false alarm. But it had a powerful effect at the time. Many in the public wondered, with the president out",593ffffe42d7a60bb8747ae4fa0ca48c
1061,powerful,effect,2002,MAG,PsychToday,"to try to expose the external social forces that, though subtle, have surprisingly powerful effects on our behavior. Milgram's research, like Freud's, did lead","to try to expose the external social forces that, though subtle, have surprisingly powerful effects on our behavior. Milgram's research, like Freud's, did lead",fb345470258cb745805b3606abeedc8c
1062,powerful,effect,2002,MAG,GoodHousekeeping,". Feeling as though you can influence your daily activities and relationships can have a powerful effect. Research by Robin West, Ph.D., director of the Center for Gerontological",". Feeling as though you can influence your daily activities and relationships can have a powerful effect. Research by Robin West, Ph.D., director of the Center for Gerontological",dc9bd7213b2dd823130114b1534005fa
1063,powerful,effect,2002,NEWS,NYTimes,"In breaking into the race, it appears that Mr. Le Pen will have a powerful effect on the political scene whether he wins or not. # The message seems","In breaking into the race, it appears that Mr. Le Pen will have a powerful effect on the political scene whether he wins or not. # The message seems",5c245ce495191f79197932ff52bc5dce
1064,powerful,effect,2002,ACAD,CurrentPsych,"any case, the important point is that in vivid imagers stress had quite a powerful effect on false memory creation. The false memory rate in these subjects when they","any case, the important point is that in vivid imagers stress had quite a powerful effect on false memory creation. The false memory rate in these subjects when they",9332586e2b402065dcab6823f849c292
1065,powerful,effect,2002,ACAD,ForeignAffairs,"kind of state that makes them possible, the American and Western example exercises a powerful effect. But in bringing these ends about, American foreign policy is of little","kind of state that makes them possible, the American and Western example exercises a powerful effect. But in bringing these ends about, American foreign policy is of little",e15f235cc0f1a29b6c0d39abdb6ac2b5
1066,powerful,effect,2002,ACAD,PublicInterest,", minimum wages, taxation, and executive stock options appear to have a more powerful effect in shaping income distributions than other economic influences such as new technologies and globalization",", minimum wages, taxation, and executive stock options appear to have a more powerful effect in shaping income distributions than other economic influences such as new technologies and globalization",3e7852939f642425496561f0b69b6c01
1067,powerful,effect,2002,ACAD,October,"1984, which brought to the attention of an international audience his ideas about the powerful effects of class and other distinctions in contemporary societies. In the last decade of","1984, which brought to the attention of an international audience his ideas about the powerful effects of class and other distinctions in contemporary societies. In the last decade of",98a328d4241cc79b7c84d5845fabb2f0
1068,powerful,effect,2002,ACAD,Style,"adds that the arts, inspired by the aesthetics of the sublime and looking for powerful effects, can and must neglect imitation of beautiful models and should devote themselves to","adds that the arts, inspired by the aesthetics of the sublime and looking for powerful effects, can and must neglect imitation of beautiful models and should devote themselves to",2d01cba0117d92afc04c0f70a151ef3c
1069,powerful,effect,2001,ACAD,EnvirAffairs,"Anne Tate made a presentation at the Massachusetts State House about urban planning and the powerful effect of physical form on community life. Somerville State Representative Pat Jehlen, impressed","Anne Tate made a presentation at the Massachusetts State House about urban planning and the powerful effect of physical form on community life. Somerville State Representative Pat Jehlen, impressed",0f87dad099759d51cad27574828ffec6
1070,powerful,effect,2001,ACAD,SchoolPsych,a manner that was representative of naturally occurring contingencies in the environment and demonstrated the powerful effects that teacher and peer attention have on problem behavior. # In addition to,a manner that was representative of naturally occurring contingencies in the environment and demonstrated the powerful effects that teacher and peer attention have on problem behavior. # In addition to,354b423c0611f2e80f76605030338e29
1071,powerful,effect,2000,FIC,Mov:FamilyMan,"tonight... Kate kisses him... when their lips separate, we can see the powerful effect it has on him. Jack looks deep into her eyes, stroking her","tonight... Kate kisses him... when their lips separate, we can see the powerful effect it has on him. Jack looks deep into her eyes, stroking her",6060d2f47d1c54d4b9ee86a30b5584ca
1072,powerful,effect,2000,MAG,TotalHealth,"alternative to the dieting roller coaster, Marney learned about balanced vegetarian nutrition and the powerful effects of dietary choices en long-term health. She read many books on nutrition written","alternative to the dieting roller coaster, Marney learned about balanced vegetarian nutrition and the powerful effects of dietary choices en long-term health. She read many books on nutrition written",ca7581ea938c650b091b4f51d9509626
1073,powerful,effect,2000,MAG,ScienceNews,". For it, the forces that have thwarted micromachines will have an even more powerful effect. # Veterans of the microelectronics industry started to make simple, prototype micromachines",". For it, the forces that have thwarted micromachines will have an even more powerful effect. # Veterans of the microelectronics industry started to make simple, prototype micromachines",d32a1ab68d46ec9591b1fe1df635b2d5
1074,powerful,effect,2000,NEWS,Chicago,", a man of indeterminate sexuality whose teenage encounter with the aged actress exerted a powerful effect. # If the showiest moment of the production comes when both he and",", a man of indeterminate sexuality whose teenage encounter with the aged actress exerted a powerful effect. # If the showiest moment of the production comes when both he and",ca75949ab9e63d4e1c831e4f8f1bd092
1075,powerful,effect,2000,ACAD,AcademicQs,", to ask whether his conclusions are true or not. Many have and to powerful effect, only to run up against relativist defenses such as, "" You are",", to ask whether his conclusions are true or not. Many have and to powerful effect, only to run up against relativist defenses such as, "" You are",43e2f809d46fe89748e60672457948a9
1076,powerful,effect,2000,ACAD,WorldAffairs,"negotiation are least prominent when cultural factors are strong, and culture exerts its most powerful effects when structural factors are in remission. "" (n9) Similar to Janosik","negotiation are least prominent when cultural factors are strong, and culture exerts its most powerful effects when structural factors are in remission. "" (n9) Similar to Janosik",f1f52e1311686dfe6f17382076131eb3
1077,powerful,effect,2000,ACAD,EmotBehavDis,"the Good Behavior Game or even child problem-solving and social skills training have their most powerful effects on a given social milieu as a whole, which in turn has effects","the Good Behavior Game or even child problem-solving and social skills training have their most powerful effects on a given social milieu as a whole, which in turn has effects",841d8e6c5ca81584be3ba9a85a449728
1078,powerful,effect,1999,ACAD,AmerIndianQ,", but of whom he is one. The narrator's adult voice emphasizes the powerful effect of white versions of Indianness on the child Apess, who fears and hates",", but of whom he is one. The narrator's adult voice emphasizes the powerful effect of white versions of Indianness on the child Apess, who fears and hates",5b16c176dbe327ee969125b1bbb00518
1079,powerful,effect,1999,ACAD,SexResearch,nonviolent forms of coercion. These results suggest that violent coercion has more pervasive and powerful effects on women's psychosocial adjustment than coercion that does not involve violence or the,nonviolent forms of coercion. These results suggest that violent coercion has more pervasive and powerful effects on women's psychosocial adjustment than coercion that does not involve violence or the,4a47a34446f480e2689ec7558d629308
1080,powerful,effect,1999,ACAD,ScandinavStud,is reason to think that Hamsun recognized a kind of modernity in American advertising's powerful effects of subliminal suggestion and in its deceptive referentiality. As much as Hamsun criticized,is reason to think that Hamsun recognized a kind of modernity in American advertising's powerful effects of subliminal suggestion and in its deceptive referentiality. As much as Hamsun criticized,29f4c1e7c00975b58bb6cc8353f71254
1081,powerful,effect,1999,ACAD,EnvironEd,": Does extensive ecological restoration field work in conjunction with in-class instruction have a more powerful effect than in-class instruction with limited field experience on attitudinal precursors of ecological behavior,",": Does extensive ecological restoration field work in conjunction with in-class instruction have a more powerful effect than in-class instruction with limited field experience on attitudinal precursors of ecological behavior,",cb97214a515caf0537c718c969d579bb
1082,powerful,effect,1999,ACAD,EnvironEd,"know if ecological restoration field work in conjunction with in-class instruction would have a more powerful effect than in-class instruction with limited field experience on attitudinal precursors of ecological behavior,","know if ecological restoration field work in conjunction with in-class instruction would have a more powerful effect than in-class instruction with limited field experience on attitudinal precursors of ecological behavior,",74bee877d60916d7e659f6d58236c5e7
1083,powerful,effect,1999,ACAD,EnvironEd,Ecological restoration field work in conjunction with in-class instruction did in fact have a more powerful effect than in-class instruction with limited field experience on General Ecological Behavior and one of,Ecological restoration field work in conjunction with in-class instruction did in fact have a more powerful effect than in-class instruction with limited field experience on General Ecological Behavior and one of,684dba953f8899f002b7b5561d0e3e26
1084,powerful,effect,1999,SPOK,CBS_Sixty,"and traditional treatments such as surgery, chemotherapy or radiation appears to have a more powerful effect on cancer than any of these treatments alone. For now, it's","and traditional treatments such as surgery, chemotherapy or radiation appears to have a more powerful effect on cancer than any of these treatments alone. For now, it's",b99b201ea0ff004a4b0ba324c5329df7
1085,powerful,effect,1999,SPOK,CBS_SunMorn,": You have written about, quote, these are your words, "" the powerful effect of females on my soul. "" Does this mean you're a ladies",": You have written about, quote, these are your words, "" the powerful effect of females on my soul. "" Does this mean you're a ladies",9b01502af0210362a67188ceae81ebdf
1086,powerful,effect,1998,FIC,ChicagoRev,"her war with my great friend, Oe. I had warned him about her powerful effect on men. Most either loved or despised her, depending on how high","her war with my great friend, Oe. I had warned him about her powerful effect on men. Most either loved or despised her, depending on how high",ae87f3ba8fc9c3901b2dae5b28281a86
1087,powerful,effect,1998,NEWS,Houston,"horror fans would remember it, "" he said. "" It still has a powerful effect. A lot of people are still scared of me. "" # To","horror fans would remember it, "" he said. "" It still has a powerful effect. A lot of people are still scared of me. "" # To",2d7288c6f59d92e4fa9125a8c6659f8d
1088,powerful,effect,1998,ACAD,AmerIndianQ,"however, and unsolicited dreams, often associated with times of liminality, could have powerful effects on Plains peoples. Women were often the recipients of these unsought visions at","however, and unsolicited dreams, often associated with times of liminality, could have powerful effects on Plains peoples. Women were often the recipients of these unsought visions at",79f09f7b25dfd0eb081126204d205473
1089,powerful,effect,1998,ACAD,Ethnology,"means uniform; the divisions within them ran deep, and in some cases had powerful effects on the course of the rescue. While the great majority of the Danes","means uniform; the divisions within them ran deep, and in some cases had powerful effects on the course of the rescue. While the great majority of the Danes",7eda2ee8df801fe8fe82a49dd4f1f2f5
1090,powerful,effect,1998,ACAD,MusicEduc,"that can be altered to fit the changing harmonies in sequence. Students often create powerful effects, such as separately voiced tutti rhythms, unison arpeggios, or parallel thirds","that can be altered to fit the changing harmonies in sequence. Students often create powerful effects, such as separately voiced tutti rhythms, unison arpeggios, or parallel thirds",2d7d18b1a7666fca55d606a1d2907389
1091,powerful,effect,1998,ACAD,ArtBulletin,the viewer's sense of sight. Silva was not alone in suggesting that the powerful effect of visual art resulted from the indelible impact of sensory data on human perception,the viewer's sense of sight. Silva was not alone in suggesting that the powerful effect of visual art resulted from the indelible impact of sensory data on human perception,594d2c0ad49f7e1555c4d9078ff5ff93
1092,powerful,effect,1998,ACAD,ScandinavStud,wildest dreams I have not imagined anything so awsome. Sometimes it had such a powerful effect on me that I started to cry. -- But to sit here and,wildest dreams I have not imagined anything so awsome. Sometimes it had such a powerful effect on me that I started to cry. -- But to sit here and,b5ea57a65099fe0efd347fb00485a439
1093,powerful,effect,1998,ACAD,ScandinavStud,"of her dress parallels her degradation, which ICad wants in order to reduce the powerful effects of her sexual desirability. When he supplies her with good clothing, the","of her dress parallels her degradation, which ICad wants in order to reduce the powerful effects of her sexual desirability. When he supplies her with good clothing, the",720a7fbbdb4007876c89d7f7afa6b42b
1094,powerful,effect,1998,ACAD,EmotBehavDis,"forms of behavior have become entrenched in cognitive and performance patterns, would have less powerful effects than interventions offered earlier in the developmental progression (Walker &; Bullis, 1995","forms of behavior have become entrenched in cognitive and performance patterns, would have less powerful effects than interventions offered earlier in the developmental progression (Walker &; Bullis, 1995",f1ae7be9a527fea9bb32c48277623636
1095,powerful,effect,1997,MAG,USCatholic,"It is the cry of a people who suffer. "" The most popular and powerful effect of the document issued from that meeting has been the impact of a simple","It is the cry of a people who suffer. "" The most popular and powerful effect of the document issued from that meeting has been the impact of a simple",da01957c1a0d5f26043539ebf14d7baf
1096,powerful,effect,1997,MAG,TIME,"crime -- touches children. But the initiative that will have the most particular and powerful effect on them is welfare reform. If, as some predict, the incomes","crime -- touches children. But the initiative that will have the most particular and powerful effect on them is welfare reform. If, as some predict, the incomes",5fec62c9838c257eba0d1016c8e31463
1097,powerful,effect,1997,ACAD,Raritan,"or its transformation into acceptable, but diametrically opposite identity. This has a remarkably powerful effect on our understanding and writing of history in which the past is not (","or its transformation into acceptable, but diametrically opposite identity. This has a remarkably powerful effect on our understanding and writing of history in which the past is not (",e327e75b9cf3765d636f38b655925904
1098,powerful,effect,1997,ACAD,ArabStudies,What was most striking and most piqued my interest in al-Nawwab was seeing the uniquely powerful effect his poetry recitation had on his audience. Much of the evening consisted of,What was most striking and most piqued my interest in al-Nawwab was seeing the uniquely powerful effect his poetry recitation had on his audience. Much of the evening consisted of,de2ad36d9423755140783feb80f2fd94
1099,powerful,effect,1997,ACAD,PerspPolSci,"and its complete dependency on general and rationally knowable laws, "" has had the powerful effect of binding together "" all human societies, submitting them to a common destiny","and its complete dependency on general and rationally knowable laws, "" has had the powerful effect of binding together "" all human societies, submitting them to a common destiny",71daa2bf8dded29879a82a9a5057374b
1100,powerful,effect,1997,ACAD,PerspPolSci,". It could neither explain away nor suppress personal experiences, and so its most powerful effect was to make human beings feel more uncertain and homeless than ever before.",". It could neither explain away nor suppress personal experiences, and so its most powerful effect was to make human beings feel more uncertain and homeless than ever before.",08339ecc7d20859641613a57c7f31cfc
1101,powerful,effect,1997,ACAD,Education,", multifarious variety. Because culture and education are interwoven phenomena, culture has a powerful effect on education. According to Tiddy (1987:49) human resources in education """,", multifarious variety. Because culture and education are interwoven phenomena, culture has a powerful effect on education. According to Tiddy (1987:49) human resources in education """,ddc65728de3101075dc9e1f6a7b7bed1
1102,powerful,effect,1997,ACAD,Lancet,multiplicative effect of the various factors and how in certain circumstances they can have a powerful effect on the predicted outcome. Discussion # The HFEA database has permitted a detailed,multiplicative effect of the various factors and how in certain circumstances they can have a powerful effect on the predicted outcome. Discussion # The HFEA database has permitted a detailed,dd0e649e37020de4824c6a5f87598f98
1103,powerful,effect,1997,ACAD,EnvironHealth,"will be introduced to the concepts and principles of pollution prevention. This has a powerful effect on the numbers of future scientists, engineers, environmental managers and citizens knowledgeable","will be introduced to the concepts and principles of pollution prevention. This has a powerful effect on the numbers of future scientists, engineers, environmental managers and citizens knowledgeable",9b09d3088edb253ef0a3dfd632e9caa7
1104,powerful,effect,1996,SPOK,CNN_News,may have developed these vocal techniques to do just that - to create a very powerful effect to show that there is something else in their body that's coming out,may have developed these vocal techniques to do just that - to create a very powerful effect to show that there is something else in their body that's coming out,6a255997f0a37bfb83c24937ed6b5bb6
1105,powerful,effect,1996,SPOK,ABC_Primetime,"Morris, the nation's largest cigarette maker. DeNoble did pioneering work on the powerful effects of nicotine. We first began to hear about him a year and a","Morris, the nation's largest cigarette maker. DeNoble did pioneering work on the powerful effects of nicotine. We first began to hear about him a year and a",9923d17fda3169d90bf259c987c0c553
1106,powerful,effect,1996,MAG,Inc.,"it. # How THEY DO IT. THE FACT is, powerful cultures have powerful effects on how a company's people work together. Look at Southwest. Its","it. # How THEY DO IT. THE FACT is, powerful cultures have powerful effects on how a company's people work together. Look at Southwest. Its",47fc3019552780b04a4729a68d33d08d
1107,powerful,effect,1996,NEWS,NYTimes,"minimum wage proposed by President Clinton, the increase to $5.15 an hour will have powerful effects on the New York region: a mixed bag of consequences reaching far beyond","minimum wage proposed by President Clinton, the increase to $5.15 an hour will have powerful effects on the New York region: a mixed bag of consequences reaching far beyond",6ef8c1d04159c1e1d4320c9684923518
1108,powerful,effect,1996,ACAD,AfricanArts,"they delivered their talks (Yates 1966). # In a discussion of the powerful effects that architectural spaces can have for vivid recall, Gaston Bachelard (1969)","they delivered their talks (Yates 1966). # In a discussion of the powerful effects that architectural spaces can have for vivid recall, Gaston Bachelard (1969)",5118084b199b84908181f913aa11b273
1109,powerful,effect,1995,MAG,AmericanCraft,"as told by his work, one of the most important themes is clearly the powerful effect of chance, both in life and art. The playing cards, dice","as told by his work, one of the most important themes is clearly the powerful effect of chance, both in life and art. The playing cards, dice",b52ecdce07e3e13d2094a3ca1ff23a1a
1110,powerful,effect,1995,ACAD,ReVision,"focus to produce paranormal effects for a small group of experimenters, think of the powerful effects likely to be produced by belief in the God of the biblical tradition.","focus to produce paranormal effects for a small group of experimenters, think of the powerful effects likely to be produced by belief in the God of the biblical tradition.",7ba66a50e3c1f958c07d5cb66e4e5af9
1111,powerful,effect,1995,ACAD,SocialHistory,"the "" 700 Club ""), the Christian Coalition employed the obscenity issue to powerful effect. As Reed, the Washington Times, Helms and Buchanan reiterated endlessly (","the "" 700 Club ""), the Christian Coalition employed the obscenity issue to powerful effect. As Reed, the Washington Times, Helms and Buchanan reiterated endlessly (",a004c5c9cebab7841763b4e32ef8aa82
1112,powerful,effect,1994,SPOK,CBS_Sixty,of not returning to these temples because of lack of campaign funds can have a powerful effect. But there's nothing like a call from the president. Cong-GUTIERREZ:,of not returning to these temples because of lack of campaign funds can have a powerful effect. But there's nothing like a call from the president. Cong-GUTIERREZ:,0f480f978a99b98cf625a433646bd1bc
1113,powerful,effect,1994,MAG,OutdoorLife,"of Ennis and get started fishing. "" I hope you told them about my powerful effect on fish, "" I said. "" Good gosh, I forgot about","of Ennis and get started fishing. "" I hope you told them about my powerful effect on fish, "" I said. "" Good gosh, I forgot about",071dad2ad5fd6b9751c6277666adcee3
1114,powerful,effect,1994,MAG,OutdoorLife,"and our guide is the best on the river. Just keep quiet about your powerful effect on fish. "" We met the TV crew at the Sportsman Cafe in","and our guide is the best on the river. Just keep quiet about your powerful effect on fish. "" We met the TV crew at the Sportsman Cafe in",62b45c4e416fa8d268a28e7ab331c923
1115,powerful,effect,1994,MAG,AmHeritage,"favorably about it, but being a man, I also have to consider the powerful effect these changes have had on American males. I grew up believing that boys","favorably about it, but being a man, I also have to consider the powerful effect these changes have had on American males. I grew up believing that boys",7f298f3c9776c9e4f1ba11ddba6e2bb5
1116,powerful,effect,1994,MAG,ConsumResrch,"that UV-A is so much more prevalent than UV-B, which has a relatively more powerful effect on the skin. # Nevertheless, UV-A's role as a causative agent","that UV-A is so much more prevalent than UV-B, which has a relatively more powerful effect on the skin. # Nevertheless, UV-A's role as a causative agent",1999b283610e15ea412e162706a2dc22
1117,powerful,effect,1994,MAG,Prevention,"had some symptoms post-treatment. "" Despite that, studies seem to suggest a tremendously powerful effect using bibliotherapy for panic disorders, "" says Dr. Clum. "" By treatment","had some symptoms post-treatment. "" Despite that, studies seem to suggest a tremendously powerful effect using bibliotherapy for panic disorders, "" says Dr. Clum. "" By treatment",0811aba1798022394af2f1fd8286c7ef
1118,powerful,effect,1994,MAG,ScienceNews,"drive even quite large animals to distraction, water, too, may exert a powerful effect in its environment. # In fact, water molecules don't flit aimlessly","drive even quite large animals to distraction, water, too, may exert a powerful effect in its environment. # In fact, water molecules don't flit aimlessly",5a16586a9ffe83d16ef8926177883ae0
1119,powerful,effect,1994,NEWS,CSMonitor,", "" because the sea and the wind and power that moves them still have powerful effects. It is these influences I find totally fascinating. But not only that",", "" because the sea and the wind and power that moves them still have powerful effects. It is these influences I find totally fascinating. But not only that",8b1845bdcf938e48ac8dac9d3351527e
1120,powerful,effect,1994,ACAD,Psychology,"truth and message of salvation may also exaggerate the emotions. Because emotions have a powerful effect on behavior patterns, the Malaysian Muslims may have formed less favorable impressions of","truth and message of salvation may also exaggerate the emotions. Because emotions have a powerful effect on behavior patterns, the Malaysian Muslims may have formed less favorable impressions of",4c8e330bfb4433b5e3f5fd63c4f14b0d
1121,powerful,effect,1994,ACAD,RoeperReview,". While these systems are the most removed from a child, they can have powerful effects on a child's life. # Each of these systems has an influence",". While these systems are the most removed from a child, they can have powerful effects on a child's life. # Each of these systems has an influence",fb59df1dd892cb4c9670efa90e254043
1122,powerful,effect,1994,ACAD,ArtsEduc,"strength, each acting and being acted upon by another. Even control that has powerful effects is not unambiguously direct. There are always countervailing considerations that shape the form","strength, each acting and being acted upon by another. Even control that has powerful effects is not unambiguously direct. There are always countervailing considerations that shape the form",950901090f2a7000b24a586f8ef78a60
1123,powerful,effect,1993,SPOK,Ind_Geraldo,"Transformed by the Light,' which he wrote along with Paul Perry. The Powerful Effect of Near-Death Experiences on People's Lives'  (Photo-of-Dr. -Morse RIVERA","Transformed by the Light,' which he wrote along with Paul Perry. The Powerful Effect of Near-Death Experiences on People's Lives' (Photo-of-Dr. -Morse RIVERA",2f8569c7602baba40d82a1e0366618eb
1124,powerful,effect,1993,SPOK,Ind_Geraldo, and then we have Dr. Morse's book -- Melvin Morse's book The Powerful Effect of Near-Death Experiences on People's Lives. Transformed by the Light.',and then we have Dr. Morse's book -- Melvin Morse's book The Powerful Effect of Near-Death Experiences on People's Lives. Transformed by the Light.',8ad412d608dc2a96d216953a4bea4039
1125,powerful,effect,1993,MAG,Skiing,if you have an easier side. Please note: These movements can have a powerful effect; be careful not to overdo it. CHECK FOR CHANGES After doing any,if you have an easier side. Please note: These movements can have a powerful effect; be careful not to overdo it. CHECK FOR CHANGES After doing any,03a90cdddf611833ec22520162473048
1126,powerful,effect,1993,MAG,Skiing,in relation to a particular movement of another part of our bodies has a very powerful effect on our nervous systems. This is one of the easiest and quickest ways,in relation to a particular movement of another part of our bodies has a very powerful effect on our nervous systems. This is one of the easiest and quickest ways,840a006ce03b01592ae982fa019017ec
1127,powerful,effect,1993,NEWS,NYTimes,"this debt are flattening out at $199 billion a year. That shows you the powerful effect the lower interest rates are having on a major Government outlay. "" #","this debt are flattening out at $199 billion a year. That shows you the powerful effect the lower interest rates are having on a major Government outlay. "" #",e3c833d02af02734422d1620571b6b0f
1128,powerful,effect,1993,ACAD,InstrPsych,"peers. Some of these recommendations involve logistics of group interaction, which have a powerful effect on communication. Other suggestions are procedural and depend on accountability by the participants","peers. Some of these recommendations involve logistics of group interaction, which have a powerful effect on communication. Other suggestions are procedural and depend on accountability by the participants",928246b5c2ac300fae609e61b18f52df
1129,powerful,effect,1992,SPOK,PBS_Newshour,"leaders of Western allies had done so. The Russian President used the platform to powerful effect, warning that the enemies of his reform program are flourishing as Russia's","leaders of Western allies had done so. The Russian President used the platform to powerful effect, warning that the enemies of his reform program are flourishing as Russia's",d05346ec603b83562340d3003c7b4b26
1130,powerful,effect,1992,MAG,USNWR,"departments of energy and education, and not much happened. Ronald Reagan had a powerful effect without new bureaucracies. What's likely to count in the end is focus","departments of energy and education, and not much happened. Ronald Reagan had a powerful effect without new bureaucracies. What's likely to count in the end is focus",bbb55cd2ea2ae730d56a42c1b9e64924
1131,powerful,effect,1992,NEWS,SanFranChron,"-- by working in the landscape, or with mundane, untransfigured materials -- had powerful effects and implications. # By the time Winsor came on the scene, the","-- by working in the landscape, or with mundane, untransfigured materials -- had powerful effects and implications. # By the time Winsor came on the scene, the",8a704c6e2e17f6b669aaad41e3f1703f
1132,powerful,effect,1992,ACAD,PerspPolSci,"and protections for its potential victims. # Because Cover's reminder has had a powerful effect on the shaping of my own scholarship and teaching, it is, in","and protections for its potential victims. # Because Cover's reminder has had a powerful effect on the shaping of my own scholarship and teaching, it is, in",5d0bd4ab6db382e2652eca6ce8ffaca6
1133,powerful,effect,1992,ACAD,ArtBulletin,"in classical composition, are subtle but assured, the full entablature being used to powerful effect. The detail contributes to the overall composition, most notably in the tablet","in classical composition, are subtle but assured, the full entablature being used to powerful effect. The detail contributes to the overall composition, most notably in the tablet",94497a204d63d4462242d67a7f5ae19a
1134,powerful,effect,1992,ACAD,HispanicRev,"society - particularly with regard to the encounter between oral and literate cultures, the powerful effects of residual orality, and the persistent association between sound and sense of community","society - particularly with regard to the encounter between oral and literate cultures, the powerful effects of residual orality, and the persistent association between sound and sense of community",ef51654b6ee25c953b14cca989defd9b
1135,powerful,effect,1991,FIC,KenyonRev,"wine called "" Lacrima Christi. "" The wine had a delicate taste but a powerful effect; our hearts beat double-time as we climbed back up the cliff from the","wine called "" Lacrima Christi. "" The wine had a delicate taste but a powerful effect; our hearts beat double-time as we climbed back up the cliff from the",806bad74c36ddb1e8f0b24f8f2d5ac4d
1136,powerful,effect,1991,MAG,ChildrenToday,". In their "" Pygmalion "" study, R. Rosenthal and L. Jacobson highlight the powerful effect of teacher expectations in molding children's self-concepts and influencing their ability to achieve",". In their "" Pygmalion "" study, R. Rosenthal and L. Jacobson highlight the powerful effect of teacher expectations in molding children's self-concepts and influencing their ability to achieve",92599e02307dc0aa803f6e6b28e7c65d
1137,powerful,effect,1991,NEWS,CSMonitor,"after 25 years of Stalinist rule, "" he recalls, "" this had a powerful effect on the Romanians, who saw everything on Bulgarian TV. (They said","after 25 years of Stalinist rule, "" he recalls, "" this had a powerful effect on the Romanians, who saw everything on Bulgarian TV. (They said",bd2953da7c035f5465a331165ee769ba
1138,powerful,effect,1991,ACAD,CurrentPsych,and his behavior as more altruistic and praiseworthy than did men. # The most powerful effects were found for the factor of Intentionality. The biker whose cross-state trip was,and his behavior as more altruistic and praiseworthy than did men. # The most powerful effects were found for the factor of Intentionality. The biker whose cross-state trip was,f2030e6add873396692676d25ecca246
1139,powerful,effect,1991,ACAD,ReVision,"eco-anthropology, to underscore the importance of going beyond the individual psyche to examine the powerful effects of cultural conditioning, as well as exploring the relationships in other cultures between","eco-anthropology, to underscore the importance of going beyond the individual psyche to examine the powerful effects of cultural conditioning, as well as exploring the relationships in other cultures between",ef6fa581ec547f22fac3b446d67f6737
1140,powerful,effect,1991,ACAD,InstrPsych,", therefore, facilitated self-monitoring. Or, could other techniques have had a more powerful effect if implemented differently? It might be that subject homework Passes on a daily",", therefore, facilitated self-monitoring. Or, could other techniques have had a more powerful effect if implemented differently? It might be that subject homework Passes on a daily",7f86ac82e2d6f3ccf86362654a4de39c
1141,powerful,effect,1991,ACAD,CommCollegeR,"of human potential, these leaders will also communicate that belief to their followers with powerful effect. The most eloquent message issued by these leaders will not be what they","of human potential, these leaders will also communicate that belief to their followers with powerful effect. The most eloquent message issued by these leaders will not be what they",de27bbfe6deec3fa595d38a5898414bf
1142,powerful,effect,1990,SPOK,PBS_Newshour,"housing, durable goods, the items that have on the way up the most powerful effect on the economy and also unfortunately on the way down. MR-MacNeil: Alfred","housing, durable goods, the items that have on the way up the most powerful effect on the economy and also unfortunately on the way down. MR-MacNeil: Alfred",002a23f5e6d0c09a099b232089620cc3
1143,powerful,effect,1990,FIC,Bk:PeopleWolf,"fear you. "" But he did. Once too often he'd seen the powerful effects of the old man's magic. Silently, he prayed to Wolf for","fear you. "" But he did. Once too often he'd seen the powerful effects of the old man's magic. Silently, he prayed to Wolf for",caaac17e566133d353d362291e24ded1
1144,powerful,effect,1990,MAG,MotherJones,and sales for a large corporation. # Cleve Jones still draws inspiration from the powerful effect that gay San Francisco supervisor Harvey Milk had on gay youth two decades ago,and sales for a large corporation. # Cleve Jones still draws inspiration from the powerful effect that gay San Francisco supervisor Harvey Milk had on gay youth two decades ago,29833fb957fa38071d2a2b6c14272e95
1145,powerful,effect,1990,MAG,Prevention,"NOT AN AT-HOME REMEDY # But keep in mind that in order to have its powerful effect on blood fats, niacin has to be taken at such high doses that","NOT AN AT-HOME REMEDY # But keep in mind that in order to have its powerful effect on blood fats, niacin has to be taken at such high doses that",37728debc6dcdd73cf622822b01461f7
1146,powerful,effect,1990,NEWS,WashPost,", the father symbolizes lack of commitment and lack of reliability. It has a powerful effect on the value systems of those kids. "" # Why have so many",", the father symbolizes lack of commitment and lack of reliability. It has a powerful effect on the value systems of those kids. "" # Why have so many",519a366eff09d2ebfdfc074d3ca37288
1147,powerful,effect,1990,ACAD,ReVision,"that ultrasound can stimulate the germination of grain and that weak electromagnetic fields have a powerful effect in healing. In what way, if at all, do the ultrasonic","that ultrasound can stimulate the germination of grain and that weak electromagnetic fields have a powerful effect in healing. In what way, if at all, do the ultrasonic",9643c5c3e9a78ed77303f43cb8efb3a5
1148,powerful,effect,1990,ACAD,AfricaToday,"bodies. 8 Detentions crippled national and regional executives of the UDF, and had a powerful effect on Azanian People's Organization (AZAPO) affiliated groups, and other organizations","bodies. 8 Detentions crippled national and regional executives of the UDF, and had a powerful effect on Azanian People's Organization (AZAPO) affiliated groups, and other organizations",2f3691653ce877340fdb7c7a64c40a4a
1149,powerful,effect,1990,ACAD,InterAmStud,"possessed a broad organizational structure with deep indigenous roots which enabled it to exert a powerful effect upon popular opinion, strengths which the government could not easily ignore. Indeed","possessed a broad organizational structure with deep indigenous roots which enabled it to exert a powerful effect upon popular opinion, strengths which the government could not easily ignore. Indeed",58215e23a4464edb90575e3c8fc0395b
1150,powerful,effect,1990,ACAD,SocialResrch,"was made in 1933, it is highly unlikely that he was referring to the powerful effect that the recently immigrated psychoanalytic leaders from Europe were beginning to make in the","was made in 1933, it is highly unlikely that he was referring to the powerful effect that the recently immigrated psychoanalytic leaders from Europe were beginning to make in the",5812f7fb0ac4dbcd5048df78e16bfab8
1151,powerful,effect,1990,ACAD,EnergyJournal,"of 1975 and rulemakings of the Department of Transportation, appear to have had a powerful effect on the product planning decisions of the manufacturers constrained by them. This includes","of 1975 and rulemakings of the Department of Transportation, appear to have had a powerful effect on the product planning decisions of the manufacturers constrained by them. This includes",bae1d653f5876580b386e0881f56df89
1152,powerful,effect,1990,ACAD,SexResearch,"patriarchial authority and justifies women's inferior status as God-given. In light of the powerful effect that the rate of Southern Baptists has on maintaining gender equality, it certainly","patriarchial authority and justifies women's inferior status as God-given. In light of the powerful effect that the rate of Southern Baptists has on maintaining gender equality, it certainly",7294be100121011391453d9ca8c9eda2
1153,powerful,effect,1990,ACAD,NaturalHist,"animals are likely to have been especially important past influences, since large animals have powerful effects on the distribution and abundance of other species. I'm not talking here","animals are likely to have been especially important past influences, since large animals have powerful effects on the distribution and abundance of other species. I'm not talking here",3dd930010b313701c729b9c611ca15f4
1154,powerful,cause,2014,ACAD,CanadianLiterature,"). Elsewhere, Simondon explained this argument in greater detail: # The most powerful cause of alienation in the world of today is based on misunderstanding of the machine","). Elsewhere, Simondon explained this argument in greater detail: # The most powerful cause of alienation in the world of today is based on misunderstanding of the machine",d51eb2219dc14f404fcf899e1c77c185
1155,powerful,cause,2012,WEB,blogs.wsj.com,"feel less committed to their marriage relationship. Thus, the very state of being powerful causes individuals to feel less connected to others, even to one's own spouse","feel less committed to their marriage relationship. Thus, the very state of being powerful causes individuals to feel less connected to others, even to one's own spouse",d0c36a4a846acfef036c44cf5cb77709
1156,powerful,cause,2012,BLOG,...hmaster.blogspot.com,"says: ""... The practical expression of Christian love was probably among the most powerful causes of Christian success. Tertullian tells us the pagans remarked:' See how","says: ""... The practical expression of Christian love was probably among the most powerful causes of Christian success. Tertullian tells us the pagans remarked:' See how",5ff130e639a8df26a0aef6eeade4e49a
1157,powerful,cause,2012,BLOG,blogs.suntimes.com,being able to breathe. Bacon wrote: # Again there is another great and powerful cause why the sciences have made but little progress up to now; which is,being able to breathe. Bacon wrote: # Again there is another great and powerful cause why the sciences have made but little progress up to now; which is,f4a7195f048908621f990e2dbaf1a62a
1158,powerful,cause,2009,MAG,AmericanSpectator,""" It was time for them "" to begin control of one of the most powerful causes of war- overpopulation. "" Note: the population of Russia by 2000 was",""" It was time for them "" to begin control of one of the most powerful causes of war- overpopulation. "" Note: the population of Russia by 2000 was",4153b9e6c77edbf0c808cc74306f2c1d
1159,powerful,cause,1993,MAG,MotherJones,I assume you will remain an advocate for children's rights. That's a powerful cause because it acts as an umbrella for a whole rubric of concerns: minorities,I assume you will remain an advocate for children's rights. That's a powerful cause because it acts as an umbrella for a whole rubric of concerns: minorities,d810991bd8c7b0fc5d8695f6ee884854
1160,powerful,cause,1991,ACAD,ArmedForces,"such as waste, fraud and abuse in the Pentagon -- are transformed into politically powerful causes and movements. As Rep. Les Aspin (D.-Wisc.) argued in the 1970s","such as waste, fraud and abuse in the Pentagon -- are transformed into politically powerful causes and movements. As Rep. Les Aspin (D.-Wisc.) argued in the 1970s",ab87f7385a36dc2e8dd8a07e60779ec8
1161,hungry,craving,2013,NEWS,Denver,"at Martha Stewart Living, and wrote four cookbooks. The latest is "" Mad Hungry Cravings, "" a follow-up to her popular "" Mad Hungry: Feeding Men and","at Martha Stewart Living, and wrote four cookbooks. The latest is "" Mad Hungry Cravings, "" a follow-up to her popular "" Mad Hungry: Feeding Men and",010bacd007d5be4300e47562449f42b0
1162,hungry,craving,2013,NEWS,Denver,"s what she's hoping to promote as she travels the country promoting "" Mad Hungry Cravings "" -- not guilt, but the pride and pleasure that comes from cooking","s what she's hoping to promote as she travels the country promoting "" Mad Hungry Cravings "" -- not guilt, but the pride and pleasure that comes from cooking",47a1a1421e2e8443e996983afcc13121
1163,hungry,craving,2013,NEWS,Denver,"an assembly line to make them--it's a great family activity. From "" Mad Hungry Cravings, "" makes 12 rolls. Ingredients 24 medium shrimp (about 1 pound","an assembly line to make them--it's a great family activity. From "" Mad Hungry Cravings, "" makes 12 rolls. Ingredients 24 medium shrimp (about 1 pound",1ee5d931521994e1a93175de576092cf
1164,hungry,craving,2013,NEWS,Denver,"only a crispy baguette to sop up all the delicious juices. From "" Mad Hungry Cravings, "" serves 4. Ingredients 2 tablespoons safflower oil 2 garlic cloves,","only a crispy baguette to sop up all the delicious juices. From "" Mad Hungry Cravings, "" serves 4. Ingredients 2 tablespoons safflower oil 2 garlic cloves,",5f0a4795aa5e79e5d44d3661edabfbdc
1165,hungry,craving,2013,NEWS,Denver,". The dip can be refrigerated for up to 3 days. From "" Mad Hungry Cravings, "" makes 2 cups. Ingredients 1/4 cup extra virgin olive oil 3",". The dip can be refrigerated for up to 3 days. From "" Mad Hungry Cravings, "" makes 2 cups. Ingredients 1/4 cup extra virgin olive oil 3",0a9387cde2369817c41a5e4c604c002e
1166,hungry,craving,2013,NEWS,Denver,"those with gluten intolerances--simply substitute wheat-free tamari for the soy sauce. From "" Mad Hungry Cravings, "" serves 6. Ingredients 3 tablespoons safflower or peanut oil 1 large","those with gluten intolerances--simply substitute wheat-free tamari for the soy sauce. From "" Mad Hungry Cravings, "" serves 6. Ingredients 3 tablespoons safflower or peanut oil 1 large",4186c51935486ae5d9951621f49a2a2e
1167,hungry,craving,2013,NEWS,Denver,"know what you want before you step up to the counter. From "" Mad Hungry Cravings, "" makes 2 sandwiches. Ingredients One 1-pound boneless beef top round steak","know what you want before you step up to the counter. From "" Mad Hungry Cravings, "" makes 2 sandwiches. Ingredients One 1-pound boneless beef top round steak",a4bd27c368f57c7f9b3e859e52af07c4
1168,hungry,craving,2013,NEWS,Denver,", in a saucepan over low heat when ready to use. From "" Mad Hungry Cravings, "" makes 2 cups. Ingredients One 12-ounce can evaporated milk 1 scant",", in a saucepan over low heat when ready to use. From "" Mad Hungry Cravings, "" makes 2 cups. Ingredients One 12-ounce can evaporated milk 1 scant",841068a169c472dda5915b29a3ccd57d
1169,hungry,craving,2013,NEWS,Denver,"sandwiches and salads. The recipe can be halved if desired. From "" Mad Hungry Cravings, "" makes 2 quarts. Ingredients 2 1/2 cups white wine vinegar 1","sandwiches and salads. The recipe can be halved if desired. From "" Mad Hungry Cravings, "" makes 2 quarts. Ingredients 2 1/2 cups white wine vinegar 1",dc17d2802a940c2e3dee2d52d691b836
1170,ravenous,desire,2012,ACAD,LibraryResources,certain types of information about objects themselves and the circumstances of their creation in a ravenous desire for quick and easy access to the content they contain. # Large-scale digitization,certain types of information about objects themselves and the circumstances of their creation in a ravenous desire for quick and easy access to the content they contain. # Large-scale digitization,9deca8c8a37960352bb83b3b80690614
1171,ravenous,desire,2012,BLOG,aintitcool.com,"they do have fond memories. But on the other hand, there's this ravenous desire on the part of the true believers to have more and more and more","they do have fond memories. But on the other hand, there's this ravenous desire on the part of the true believers to have more and more and more",f17d4696f50374f005f06304c434741b
1172,ravenous,desire,2003,SPOK,CNN_Cooper (3),box with no food for a dozen days now. Why? Perhaps a ravenous desire for publicity. He's certainly getting a lot of attention. And he,box with no food for a dozen days now. Why? Perhaps a ravenous desire for publicity. He's certainly getting a lot of attention. And he,c753bc90d4767893a9e2b0059d75ff16
1173,ravenous,desire,1990,MAG,AmSpect,"brackets, and the threshold dividing them is indexed to inflation. # In its ravenous desire to spend more and more of the people's money, Washington already enjoys","brackets, and the threshold dividing them is indexed to inflation. # In its ravenous desire to spend more and more of the people's money, Washington already enjoys",8e999d7701de0d5f21baf633a2cfac7d
1174,hungry,desire,2012,ACAD,LibraryResources,certain types of information about objects themselves and the circumstances of their creation in a ravenous desire for quick and easy access to the content they contain. # Large-scale digitization,certain types of information about objects themselves and the circumstances of their creation in a ravenous desire for quick and easy access to the content they contain. # Large-scale digitization,9deca8c8a37960352bb83b3b80690614
1175,hungry,desire,2012,BLOG,aintitcool.com,"they do have fond memories. But on the other hand, there's this ravenous desire on the part of the true believers to have more and more and more","they do have fond memories. But on the other hand, there's this ravenous desire on the part of the true believers to have more and more and more",f17d4696f50374f005f06304c434741b
1176,hungry,desire,2003,SPOK,CNN_Cooper (3),box with no food for a dozen days now. Why? Perhaps a ravenous desire for publicity. He's certainly getting a lot of attention. And he,box with no food for a dozen days now. Why? Perhaps a ravenous desire for publicity. He's certainly getting a lot of attention. And he,c753bc90d4767893a9e2b0059d75ff16
1177,hungry,desire,1990,MAG,AmSpect,"brackets, and the threshold dividing them is indexed to inflation. # In its ravenous desire to spend more and more of the people's money, Washington already enjoys","brackets, and the threshold dividing them is indexed to inflation. # In its ravenous desire to spend more and more of the people's money, Washington already enjoys",8e999d7701de0d5f21baf633a2cfac7d
1178,hungry,longing,1990,FIC,Bk:BonfireVanities,"and statuesque beside them, and for a moment all four men could barely resist hungry longings. There was an odd silence as she looked at them, well aware","and statuesque beside them, and for a moment all four men could barely resist hungry longings. There was an odd silence as she looked at them, well aware",00bbf44b3b4eddd7bb507aacf2691c9e
1179,hungry,want,2008,FIC,Bk:HouseCards,"scent of him was delicious-of cool, moonlit earth. Tightness banded her chest, hungry want born from time apart and feeding on the last vestiges of fear from the","scent of him was delicious-of cool, moonlit earth. Tightness banded her chest, hungry want born from time apart and feeding on the last vestiges of fear from the",4a974e8f871f4a3906f0c46c2093102e
1180,hungry,yearning,1990,FIC,Bk:FamilyPictures,"some acrobatic position they had wound up in, and he would be filled with hungry yearning for a wilder passion. But he loved Lainey, and so he adjusted","some acrobatic position they had wound up in, and he would be filled with hungry yearning for a wilder passion. But he loved Lainey, and so he adjusted",3097ff8ddc9e3a16db2ee8a9b0411cac
1181,ravenous,craving,2012,WEB,eatocracy.cnn.com,meat for those individuals whose bodies need them. Ever been pregnant and had a ravenous craving for raw hamburger -- Need Iron. Craving for oranges -- Need Vitamin C.,meat for those individuals whose bodies need them. Ever been pregnant and had a ravenous craving for raw hamburger -- Need Iron. Craving for oranges -- Need Vitamin C.,3a3d329015eae3eaa9d6606007575369
1182,sunny,joy,2009,MAG,CountryLiving,"ground floor, meanwhile, turned the formerly cramped kitchen into a roomy, sunny joy. That was good news to Pierce, because he's the cook in the","ground floor, meanwhile, turned the formerly cramped kitchen into a roomy, sunny joy. That was good news to Pierce, because he's the cook in the",e4d46aea5c758364d4ac46b261b99198
1183,sunny,joy,2000,NEWS,Chicago,"role in Boston, appears in Chicago along with Gail Dubinbaum as Nefertiti and Sunny Joy Langton as Queen Tye, Akhnaten's mother. # Christopher Donahue, who played","role in Boston, appears in Chicago along with Gail Dubinbaum as Nefertiti and Sunny Joy Langton as Queen Tye, Akhnaten's mother. # Christopher Donahue, who played",a1a65c019c98f1212805dce1e6d6ef1d
1184,bright,elation,1996,MOV,Scream,"Burning with the hope of insight There the books, the colours of a bright elation Stolen in the sight of love We are, we are, we are We","Burning with the hope of insight There the books, the colours of a bright elation Stolen in the sight of love We are, we are, we are We",0be3d6a420a857e879fd442edfd1c8b0
1185,bright,glee,1999,FIC,Bk:InnerHarbor,"art supplies. Her focus was so narrowed, she didn't note the bright glee in the clerk's eyes as she began to pile up her choices. It","art supplies. Her focus was so narrowed, she didn't note the bright glee in the clerk's eyes as she began to pile up her choices. It",bcf919f0559ce38d607a4db41f3dfc26
1186,bright,joy,2012,BLOG,dustpanalley.com,"life, in the midst of pain we leap like a salmon for the bright joy. Though            3684395","life, in the midst of pain we leap like a salmon for the bright joy. Though 3684395",5df64f82f0031990302343e9a2f73e21
1187,liquid,asset,2019,ACAD,Frontiers of Economics in China,in which a household is said to become liquidity constrained when the value of its liquid asset is less than half of its family income. The following results are based,in which a household is said to become liquidity constrained when the value of its liquid asset is less than half of its family income. The following results are based,6cb9663e3a777130e04fdef5141d6d60
1188,liquid,asset,2018,ACAD,Cato Journal,", once the initial investment in plant had been made, kept substantial balances of liquid assets to meet the need for new investment and to protect the business against downturns",", once the initial investment in plant had been made, kept substantial balances of liquid assets to meet the need for new investment and to protect the business against downturns",53c67352381b683100bd0cb13c94ca76
1189,liquid,asset,2018,ACAD,The Journal of Corporation Law,"the purpose of investing in securities ""). # (36.) See Liquid Asset, Investopedia, http: **46;1076;TOOLONG (last visited Nov. 2, 2017)","the purpose of investing in securities ""). # (36.) See Liquid Asset, Investopedia, http: **46;1076;TOOLONG (last visited Nov. 2, 2017)",a80cfaeeeeb094ce79c937f4cfb5659d
1190,liquid,asset,2018,ACAD,The Journal of Corporation Law,", http: **46;1076;TOOLONG (last visited Nov. 2, 2017) (defining "" liquid asset "" as "" an asset that can be converted into cash quickly, with",", http: **46;1076;TOOLONG (last visited Nov. 2, 2017) (defining "" liquid asset "" as "" an asset that can be converted into cash quickly, with",d8988eac08582712bcfdc3324ae73feb
1191,liquid,asset,2018,ACAD,Acad Account Fin Studies J,s future Risk weighted assets Social influence to bank's or company's future Total liquid asset to assets ratio Discussion on future industry trend Financial statistics for more Human and,s future Risk weighted assets Social influence to bank's or company's future Total liquid asset to assets ratio Discussion on future industry trend Financial statistics for more Human and,976e521d16519d088e4defbef22e178f
1192,liquid,asset,2018,ACAD,Romanian Econ Bus Rev,"terms solvency of the company. As per pecking order theory, companies having high liquid assets will prefer internal funding thereby showing negative, the relationship between liquidity and leverage","terms solvency of the company. As per pecking order theory, companies having high liquid assets will prefer internal funding thereby showing negative, the relationship between liquidity and leverage",8a523fd1e56dc69250be0a4562f2ab3b
1193,liquid,asset,2017,SPOK,CBS: Face The Nation,"immediately of 10 percent on our plan, 5 percent if it's not a liquid asset, so as to bring those resources home, so that we can create","immediately of 10 percent on our plan, 5 percent if it's not a liquid asset, so as to bring those resources home, so that we can create",6a34fa9dba561addcfa68cb8c5268b0a
1194,liquid,asset,2017,FIC,Bk:ColdwaterWarmHeartsClub,"their high-end design clients and running off to Central America with all the firm's liquid assets. And Ramona, their stiletto-wearing, hair-flipping, sure-to-rock-a-bikini assistant. # ""","their high-end design clients and running off to Central America with all the firm's liquid assets. And Ramona, their stiletto-wearing, hair-flipping, sure-to-rock-a-bikini assistant. # """,c951b6cf0ba454d9dab3c946a3e33f44
1195,liquid,asset,2017,FIC,Bk:MexicanFlyboy,night for security. It was the cook's bank - where he kept his liquid assets. # On the last day of every month for the last twenty-some years,night for security. It was the cook's bank - where he kept his liquid assets. # On the last day of every month for the last twenty-some years,f5080daa1fef7f4153d9527c4bacd643
1196,liquid,asset,2017,MAG,MarketWatch,"see themselves through a period of joblessness. Some 37% of those households are "" liquid asset poor, "" based on the latest U.S. Census Bureau data, meaning they","see themselves through a period of joblessness. Some 37% of those households are "" liquid asset poor, "" based on the latest U.S. Census Bureau data, meaning they",d0c59c0116e0848ad90f0b665de00564
1197,liquid,asset,2017,MAG,MarketWatch,", including the Federal Deposit Insurance Corporation and the U.S. Census Bureau. The "" liquid asset poor "" figure is supported by previous research of all income groups. (",", including the Federal Deposit Insurance Corporation and the U.S. Census Bureau. The "" liquid asset poor "" figure is supported by previous research of all income groups. (",e757b437df853eb77d2613afeec1c9dd
1198,liquid,asset,2017,ACAD,Am Bankruptcy Law J,"it has no property right protection in the opportunity. It also has no available liquid assets to invest. Suppose also that at the moment, Cl can not finance","it has no property right protection in the opportunity. It also has no available liquid assets to invest. Suppose also that at the moment, Cl can not finance",0992f683d94fe254ca50626ac4f8ec47
1199,liquid,asset,2017,ACAD,Cato Journal,reserve accounts at the Federal Reserve but nonetheless have reasons to hold low-risk and highly liquid assets denominated in U.S. dollars. Such lenders/investors may be willing to accept yields below,reserve accounts at the Federal Reserve but nonetheless have reasons to hold low-risk and highly liquid assets denominated in U.S. dollars. Such lenders/investors may be willing to accept yields below,31dec38c8204b9e94289aad40ac3d08f
1200,liquid,asset,2017,ACAD,Cato Journal,"extent that financial supervisors around the world require that large global banking companies hold highly liquid assets denominated in U.S. dollars in order to meet various contingencies, there must be","extent that financial supervisors around the world require that large global banking companies hold highly liquid assets denominated in U.S. dollars in order to meet various contingencies, there must be",6cab6fd0dc832f282c2ce2863ae386bd
1201,liquid,asset,2017,ACAD,Cato Journal,"in a macro liquidity crisis. Typically, liquidity is a micro concept-the holder of liquid assets contemplates selling such assets to a counterparty in order to acquire dollar balances to","in a macro liquidity crisis. Typically, liquidity is a micro concept-the holder of liquid assets contemplates selling such assets to a counterparty in order to acquire dollar balances to",b287b8f1e07544ce189af729fb5c9ffc
1202,liquid,asset,2017,ACAD,Stanford Law Review,"cash-based bail system as exists in Harris County is that individuals with money or other liquid assets will be most able to make bail, skewing the system in favor of","cash-based bail system as exists in Harris County is that individuals with money or other liquid assets will be most able to make bail, skewing the system in favor of",00ad09818d4f136e47858033d61f83a3
1203,liquid,asset,2016,ACAD,Journal of Insurance Issues,"for claims payments to exceed predicted amounts, require that insurers maintain a level of liquid assets that will allow the firm to meet these potentially unexpected financial obligations. We","for claims payments to exceed predicted amounts, require that insurers maintain a level of liquid assets that will allow the firm to meet these potentially unexpected financial obligations. We",06fea424186c9be1b19a0bc942544597
1204,liquid,asset,2016,FIC,Bk:DeathPines,"feel like hanging around Atlanta, so I made arrangements, gave most of my liquid assets to a community for abused kids in New Hampshire, and bought a cabin","feel like hanging around Atlanta, so I made arrangements, gave most of my liquid assets to a community for abused kids in New Hampshire, and bought a cabin",0d42d5b02d2f64c988b7662f2c56c10d
1205,liquid,asset,2012,MOV,Arbitrage,- You were a friend of mine - - -... to convert half your liquid assets into a fucking copper mine? What did I tell you? Are we,- You were a friend of mine - - -... to convert half your liquid assets into a fucking copper mine? What did I tell you? Are we,5ab1a89af6d072b65a1735030399b185
1206,liquid,asset,2012,WEB,amazon.com,", and yet China's did not, has not; and possesses the largest liquid assets on the planet, of which they have invested heavily in U.S. Treasury bonds",", and yet China's did not, has not; and possesses the largest liquid assets on the planet, of which they have invested heavily in U.S. Treasury bonds",7900f9e867059747dc7aa3a7fc137bf2
1207,liquid,asset,2012,WEB,eldercarematters.com,made several months ago. My concern is that my father now has very limited liquid assets &; is in need of 24/7 care. He has partial interest in a,made several months ago. My concern is that my father now has very limited liquid assets &; is in need of 24/7 care. He has partial interest in a,5b0f9553b0ea61d66348a0aecc706990
1208,liquid,asset,2012,WEB,eldercarematters.com,"he really can not afford. He has not yet spent down to $2,000 in liquid assets, but he will be down to that level very soon. The problem","he really can not afford. He has not yet spent down to $2,000 in liquid assets, but he will be down to that level very soon. The problem",4150be49bd0b4b7e5af907a16defc0e7
1209,liquid,asset,2012,WEB,...istsview.typepad.com,"August 27, 2009 # David Andolfatto explains why a worldwide shortage of safe, liquid assets may help the U.S. to avoid the inflationary consequences of high debt levels:","August 27, 2009 # David Andolfatto explains why a worldwide shortage of safe, liquid assets may help the U.S. to avoid the inflationary consequences of high debt levels:",325a40a7add693b17993018d6bced57e
1210,liquid,asset,2012,WEB,theglobalecon.com,"economic players would love to hold this asset which is also called as the most liquid asset. Well, why? There certainly are economic reasons behind that. Like","economic players would love to hold this asset which is also called as the most liquid asset. Well, why? There certainly are economic reasons behind that. Like",16c0f5411cf96557d5420bab39bed83b
1211,liquid,asset,2012,WEB,crooksandliars.com,"are unrelated but they are. # US Treasury securities are some of the most liquid assets you can hold. There's a high volume, ready market for them","are unrelated but they are. # US Treasury securities are some of the most liquid assets you can hold. There's a high volume, ready market for them",2da02e69937527f175a197370f24174b
1212,liquid,asset,2012,WEB,cpn.org,"its standards without compromising their integrity. For example, as real estate developers without liquid assets, CDCs could not meet United Way's requirement that member agencies not have","its standards without compromising their integrity. For example, as real estate developers without liquid assets, CDCs could not meet United Way's requirement that member agencies not have",a4ede3bb24a9807d0f4cf2b9a5322228
1213,liquid,asset,2012,WEB,...energycollective.com,"Your advice, but since my Business Bank collapsed and have taken all my "" Liquid Assets "" down the drain, and at same time made insolvent my clients who","Your advice, but since my Business Bank collapsed and have taken all my "" Liquid Assets "" down the drain, and at same time made insolvent my clients who",3a7a77ebdfd0b9974f7abeea136ac35f
1214,liquid,asset,2012,WEB,ted.com,between re-investing your money or paying an increased tax rate.They can choose to reduce their liquid assets by: - investing in new businesses and infrastructure (creating jobs) -,between re-investing your money or paying an increased tax rate.They can choose to reduce their liquid assets by: - investing in new businesses and infrastructure (creating jobs) -,d337afdde2007a4c2dabdd5630a8b22a
1215,liquid,asset,2012,WEB,investopedia.com,"as well, as these instruments grow tax-deferred. If parents have $100,000 in taxable liquid assets that they do not want to have to declare, moving the money into","as well, as these instruments grow tax-deferred. If parents have $100,000 in taxable liquid assets that they do not want to have to declare, moving the money into",fac3b3a798b9647d71192015134885f8
1216,liquid,asset,2012,WEB,dallasnews.com,"cash. The Fed says nonfinancial companies hold about $1.7 trillion in cash and other liquid assets. # Companies have cut back spending on machinery, tools, software and","cash. The Fed says nonfinancial companies hold about $1.7 trillion in cash and other liquid assets. # Companies have cut back spending on machinery, tools, software and",c456c83ec96b746840d9eeaf97f1364b
1217,liquid,asset,2012,WEB,realestate.aol.com,? # 3. Do you have at least 24 months of living expenses in liquid assets? # 4. Do you currently owe more on your mortgage than your,? # 3. Do you have at least 24 months of living expenses in liquid assets? # 4. Do you currently owe more on your mortgage than your,9566199e4446839fee71590328cff93d
1218,liquid,asset,2012,WEB,freeenterprise.com,"were only $4.5 billion in 2008, down from nearly $100 billion in 2007. Liquid assets (cash and securities) were $3.1 trillion (22.3% of total assets)","were only $4.5 billion in 2008, down from nearly $100 billion in 2007. Liquid assets (cash and securities) were $3.1 trillion (22.3% of total assets)",3cfd5a373b16752e5cd718ee2afb4853
1219,liquid,asset,2012,WEB,freeenterprise.com,"the first half of 2012 to $69 billion, in line with historical averages. Liquid assets have increased to $4.3 trillion (30.6% of total assets), and banks","the first half of 2012 to $69 billion, in line with historical averages. Liquid assets have increased to $4.3 trillion (30.6% of total assets), and banks",082923922f186207882a4335a77bdd0e
1220,liquid,asset,2012,WEB,askmen.com,"much you have in your account to back it up, because that's a liquid asset that could disappear (along with you) tomorrow. And if you do","much you have in your account to back it up, because that's a liquid asset that could disappear (along with you) tomorrow. And if you do",3ee35b970e63d4a439d5acd462bf8b0f
1221,liquid,asset,2012,WEB,imf.org,"risks. A blunter tool, requiring banks to hold a minimum quantity of high-quality liquid assets, might also be considered. # Plugging information gaps # One of the","risks. A blunter tool, requiring banks to hold a minimum quantity of high-quality liquid assets, might also be considered. # Plugging information gaps # One of the",7aa5231d5530e29221c257ff872bfc9a
1222,liquid,asset,2012,WEB,...icearth.blogspot.com,"situation is different. # Some are young and some are old Some have many liquid assets, some are broke Some are in debt, some not Some have houses","situation is different. # Some are young and some are old Some have many liquid assets, some are broke Some are in debt, some not Some have houses",b1a920e32c0fa26b04322b26837c710c
1223,liquid,asset,2012,WEB,...icearth.blogspot.com,use those excess reserves to meet estimates. The GE Capital division would also sell liquid assets at the end of a quarter to guarantee smooth sailing. This earnings management,use those excess reserves to meet estimates. The GE Capital division would also sell liquid assets at the end of a quarter to guarantee smooth sailing. This earnings management,3b0182cff22176e422169f86b5ffa055
1224,liquid,asset,2012,WEB,forbes.com,"The insurer sets rates in a way that generates a certain "" pad "" of liquid asset, and this liquidity is used to generate income like any other financial institution","The insurer sets rates in a way that generates a certain "" pad "" of liquid asset, and this liquidity is used to generate income like any other financial institution",c8f5b5158df9628c966d03e559fbe930
1225,liquid,asset,2012,WEB,forbes.com,"insurer may not use more than 15% of income from premiums to increase it's liquid asset. "" # As these corporations grow, income from premiums becomes insignificant relative","insurer may not use more than 15% of income from premiums to increase it's liquid asset. "" # As these corporations grow, income from premiums becomes insignificant relative",821b904ce869c460718f99659ce720ad
1226,liquid,asset,2012,WEB,...musings.blogspot.com,"# Currently, investors around the world have their portfolios inordinately weighted toward safe, liquid assets. This is because of the ongoing economic uncertainty caused by the Eurozone crisis","# Currently, investors around the world have their portfolios inordinately weighted toward safe, liquid assets. This is because of the ongoing economic uncertainty caused by the Eurozone crisis",a1a5d78d190ae86bbfeb286c1e82ab43
1227,liquid,asset,2012,WEB,...musings.blogspot.com,"inflation. The rise in expected inflation should reduce the intense demand for safe, liquid assets and also raise expectations of future nominal income. Given economic slack and sticky","inflation. The rise in expected inflation should reduce the intense demand for safe, liquid assets and also raise expectations of future nominal income. Given economic slack and sticky",f9db1e68df517c2ca06adbfcf6c012e3
1228,liquid,asset,2012,WEB,...musings.blogspot.com,"for safe assets remains elevated (i.e. portfolios remain overly weighted to low yielding, liquid assets). A treasury sell off would change that and start a recovery,","for safe assets remains elevated (i.e. portfolios remain overly weighted to low yielding, liquid assets). A treasury sell off would change that and start a recovery,",cd183286e4c5d3e765154a8cd630972c
1229,liquid,asset,2012,WEB,forbes.com,you writing such an article when GM currently has about $40 billion in cash and liquid assets in the bank and is projected to earn about $4.00 per share next year,you writing such an article when GM currently has about $40 billion in cash and liquid assets in the bank and is projected to earn about $4.00 per share next year,8ce5fef591b79cf4b718971dc93d6b56
1230,liquid,asset,2012,WEB,forbes.com,profit to add to it. GM currently has enough cash in the bank and liquid assets on hand to buy back ALL of it's shares at the current market,profit to add to it. GM currently has enough cash in the bank and liquid assets on hand to buy back ALL of it's shares at the current market,4d419bb308e2eac7ca0ebe392b2e760c
1231,liquid,asset,2012,WEB,forbes.com (1),before the November elections using a portion of the $40 billion in cash and liquid assets they have accumulated that is significantly more than their current market cap. GM,before the November elections using a portion of the $40 billion in cash and liquid assets they have accumulated that is significantly more than their current market cap. GM,75eceb24dbb6350921692346d69e26bd
1232,liquid,asset,2012,WEB,forbes.com,"question: 1.) "" GM currently has enough cash in the bank and liquid assets on hand to buy back ALL of it's shares at the current market","question: 1.) "" GM currently has enough cash in the bank and liquid assets on hand to buy back ALL of it's shares at the current market",37a009e99b6de4801b94d7b4fe303369
1233,liquid,asset,2012,WEB,forbes.com,Obama after the bailout and returned to the private sector if they have all those liquid assets you lying Communist swine! # Agreed 1000%. I'll never buy a,Obama after the bailout and returned to the private sector if they have all those liquid assets you lying Communist swine! # Agreed 1000%. I'll never buy a,be530de873e7d56158b23fa980b3fb89
1234,liquid,asset,2012,WEB,forbes.com,". # You say, "" GM currently has enough cash in the bank and liquid assets on hand to buy back ALL of it's shares at the current market",". # You say, "" GM currently has enough cash in the bank and liquid assets on hand to buy back ALL of it's shares at the current market",a46a73cd212673c13796296d7c870637
1235,liquid,asset,2012,WEB,interfluidity.com (1),stable numeraire (commodity) anywhere... we are thrown back on diversification among liquid asset classes to ride this monetary plasma into the foreseeable future... trying feverishly to,stable numeraire (commodity) anywhere... we are thrown back on diversification among liquid asset classes to ride this monetary plasma into the foreseeable future... trying feverishly to,1f2866829d56e04979b0f4ad598153e7
1236,liquid,asset,2012,WEB,pbs.org,"to show bank statements, picture ID, proof of household income, proof of liquid assets, and proof of residency. While applying, I was sitting next to","to show bank statements, picture ID, proof of household income, proof of liquid assets, and proof of residency. While applying, I was sitting next to",d6957343354132f67d4e056053088cf5
1237,liquid,asset,2012,WEB,bis.org,"standard, in particular by looking at the following aspects: the pool of high-quality liquid assets that should be available for use in times of stress; the calibration of","standard, in particular by looking at the following aspects: the pool of high-quality liquid assets that should be available for use in times of stress; the calibration of",cbd10d1c8cf43ed3e70051ece64b608e
1238,liquid,asset,2012,WEB,bis.org,that banks have a stable funding structure and maintain the minimum required stock of high-quality liquid assets in normal times - assets that can be drawn down to meet new liquidity,that banks have a stable funding structure and maintain the minimum required stock of high-quality liquid assets in normal times - assets that can be drawn down to meet new liquidity,7e867d8c812ab051affcde2b918a8424
1239,liquid,asset,2012,WEB,huffingtonpost.com,"day-care system # Sad part is..... Big Business is sitting on $5 trillion in liquid assets, banks are hoarding $2 trillion in reserves, the 1% have squirrelled away","day-care system # Sad part is..... Big Business is sitting on $5 trillion in liquid assets, banks are hoarding $2 trillion in reserves, the 1% have squirrelled away",7e287c426b6ac4598d1a94b18251a084
1240,liquid,asset,2012,WEB,...ailrealestatelaw.com,"out, are leases for tenants with substantial tangible net worth (and even substantial liquid assets) calling for such tenants to carry a piddling amount of CGL coverage.","out, are leases for tenants with substantial tangible net worth (and even substantial liquid assets) calling for such tenants to carry a piddling amount of CGL coverage.",f77637de9154350f795e4c9edebaf0bb
1241,liquid,asset,2012,BLOG,pjmedia.com,"b) lose your mortgaged residence, autos, etc. c) lose any other liquid assets, retirement accounts, etc. d) lose the ability to purchase food,","b) lose your mortgaged residence, autos, etc. c) lose any other liquid assets, retirement accounts, etc. d) lose the ability to purchase food,",e3570b4555fe8ab6ecc63636de3a612a
1242,liquid,asset,2012,BLOG,...icearth.blogspot.com,"of also think it is a good idea to have a significant portion of your liquid assets in gold and silver. # According to the legend, the five yellow","of also think it is a good idea to have a significant portion of your liquid assets in gold and silver. # According to the legend, the five yellow",e57c63245b9c90c335068d87e4817a86
1243,liquid,asset,2012,BLOG,astrology.about.com,"about survival now.' Can't sell his houses, doesn't have any liquid assets... as you say, in a real pickle. Lots of people hitting","about survival now.' Can't sell his houses, doesn't have any liquid assets... as you say, in a real pickle. Lots of people hitting",07d985a86215dc0be202fd38396551d0
1244,liquid,asset,2012,BLOG,...othersrestaurant.net,"an actual Presidential Election going on. # Beforehand, we stopped in at The Liquid Assets Wine Bar and enjoyed Lobster Mac N Cheese with Panko Crumbs, French Onion","an actual Presidential Election going on. # Beforehand, we stopped in at The Liquid Assets Wine Bar and enjoyed Lobster Mac N Cheese with Panko Crumbs, French Onion",0822f5db927e3e0d9f22ee42f372b2f3
1245,liquid,asset,2012,BLOG,budgetsaresexy.com,made in this article. We don't have an emergency-specific fund because we have liquid assets and a line of credit that we could use in the event of an,made in this article. We don't have an emergency-specific fund because we have liquid assets and a line of credit that we could use in the event of an,b1a6fd4207b3a2575f032ef0932da9a6
1246,liquid,asset,2012,BLOG,blogs.reuters.com,", globally, U.S. nonfinancial companies hold at least three times more cash and other liquid assets than the Federal Reserve reports, idle money that could be creating jobs,",", globally, U.S. nonfinancial companies hold at least three times more cash and other liquid assets than the Federal Reserve reports, idle money that could be creating jobs,",6499816ec124716da33ebe1b9bdae0c9
1247,liquid,asset,2012,BLOG,blogs.reuters.com,s latest Flow of Funds report showed that U.S. nonfinancial companies held $1.7 trillion in liquid assets at the end of March. But newly released IRS figures show that in,s latest Flow of Funds report showed that U.S. nonfinancial companies held $1.7 trillion in liquid assets at the end of March. But newly released IRS figures show that in,77ac90c0a12252c6a32d1d999e0b05eb
1248,liquid,asset,2012,BLOG,blogs.reuters.com,"But newly released IRS figures show that in 2009 these companies held $4.8 trillion in liquid assets, which equals $5.1 trillion in today's dollars, triple the Fed figure","But newly released IRS figures show that in 2009 these companies held $4.8 trillion in liquid assets, which equals $5.1 trillion in today's dollars, triple the Fed figure",dd70c663ab569660f89cd91c4694a71d
1249,liquid,asset,2012,BLOG,blogs.reuters.com,profit motive? # You need to keep in mind that part of companies' liquid assets are the commercial paper and bonds they buy from each other. These are,profit motive? # You need to keep in mind that part of companies' liquid assets are the commercial paper and bonds they buy from each other. These are,9be3afcfec85558ff80834604c5d7074
1250,liquid,asset,2012,BLOG,seekingalpha.com,"other financial highlights, we ended the quarter with approximately $20 million in cash and liquid assets. With the completion of the rights offering during the first week of December","other financial highlights, we ended the quarter with approximately $20 million in cash and liquid assets. With the completion of the rights offering during the first week of December",629ef318454ec395fed788907e66a222
1251,liquid,asset,2012,BLOG,...ncopious.typepad.com,"five of seven criteria, which include an average net worth of $5 million, liquid assets of $1 million, a house worth $1.5 million and other such stuff.","five of seven criteria, which include an average net worth of $5 million, liquid assets of $1 million, a house worth $1.5 million and other such stuff.",caee69859f6b76d76354eefb270625c0
1252,liquid,asset,2012,BLOG,economonitor.com,"s jump into the evidence. First, household portfolios are still inordinately weighted toward liquid assets. Take a look at the figure below. It comes from the flow","s jump into the evidence. First, household portfolios are still inordinately weighted toward liquid assets. Take a look at the figure below. It comes from the flow",436b0b2778fdd4cf6f98a7e29979292c
1253,liquid,asset,2012,BLOG,economonitor.com,this series would show a sustained decline. Households would rebalance their portfolios away from liquid assets to higher yielding risker assets. The fact that it has not happened indicates,this series would show a sustained decline. Households would rebalance their portfolios away from liquid assets to higher yielding risker assets. The fact that it has not happened indicates,d3e84c2036480c5ea190f4f2e15aa1a8
1254,liquid,asset,2012,BLOG,economonitor.com,". (Yes, there seems to a be structural change in household preferences for liquid assets over the 1990s, but this doesn't change the cyclical story being told",". (Yes, there seems to a be structural change in household preferences for liquid assets over the 1990s, but this doesn't change the cyclical story being told",04b7c97c37639b5f77c1b9a6def622d4
1255,liquid,asset,2012,BLOG,economonitor.com,here. It only reinforces it) # Most of the growth in household's liquid assets comes from growth in saving and time deposits. As seen in this figure,here. It only reinforces it) # Most of the growth in household's liquid assets comes from growth in saving and time deposits. As seen in this figure,a16d4e744bf6073b410b91aa5a4e3017
1256,liquid,asset,2012,BLOG,pjmedia.com,"Diane Feinstein will always have cash to buy it from you need to access some liquid assets. # This is all very interesting, even though some of it is","Diane Feinstein will always have cash to buy it from you need to access some liquid assets. # This is all very interesting, even though some of it is",7d59940b076cd2af4a33246a1f251129
1257,liquid,asset,2012,BLOG,pjmedia.com,"Diane Feinstein will always have cash to buy it from you need to access some liquid assets. # Say, Mark, how many moons are there on that planet","Diane Feinstein will always have cash to buy it from you need to access some liquid assets. # Say, Mark, how many moons are there on that planet",1fea71142a3317a5f9eb92db4bc7a581
1258,liquid,asset,2012,BLOG,monetaryrealism.com,"system, the full amount of liabilities are held in reserve as cash or highly liquid assets. The benefit of this kind of system is that it limits the number","system, the full amount of liabilities are held in reserve as cash or highly liquid assets. The benefit of this kind of system is that it limits the number",e3cc9f5f049f5f171c8815a4b49a66c5
1259,liquid,asset,2012,BLOG,monetaryrealism.com,"this and start to pull deposits, then the bank has to sell good and liquid assets to meet deposits. This is ALSO true in a fully reserved system.","this and start to pull deposits, then the bank has to sell good and liquid assets to meet deposits. This is ALSO true in a fully reserved system.",bf8baab6b2c91f129fd523a893907df6
1260,liquid,asset,2012,BLOG,monetaryrealism.com,"more writedowns. # If a bank sells assets into a panic/bank run, other liquid assets of the same type on the bank's balance sheet will decline in value","more writedowns. # If a bank sells assets into a panic/bank run, other liquid assets of the same type on the bank's balance sheet will decline in value",9448b96161220c952e0a9dd161816e3a
1261,liquid,asset,2012,BLOG,monetaryrealism.com,mere fact that the bank has to be fully reserved dictates that a firesale/panic in liquid assets will indeed create contagion into other asset classes because the bank must sell these,mere fact that the bank has to be fully reserved dictates that a firesale/panic in liquid assets will indeed create contagion into other asset classes because the bank must sell these,14166f4a16349fc3bf556ceac288031f
1262,liquid,asset,2012,BLOG,monetaryrealism.com,"fact, the fully reserved nature of the system guarantees contagion if a panic in liquid assets were to occur. # The inherent assumption in a 100 per cent reserve","fact, the fully reserved nature of the system guarantees contagion if a panic in liquid assets were to occur. # The inherent assumption in a 100 per cent reserve",9d409189f701e3444291f70c80418605
1263,liquid,asset,2012,BLOG,monetaryrealism.com,"of each depositor's funds are kept in reserve, as cash or other highly liquid assets. In other words, funds deposited are not lent out by the bank","of each depositor's funds are kept in reserve, as cash or other highly liquid assets. In other words, funds deposited are not lent out by the bank",4ddf08677bf8f5b09203d0ac149f3244
1264,liquid,asset,2012,BLOG,...ix.blogs.nytimes.com,"that money -- or other monies brought in -- be available in cash-on-hand or other liquid asset form to repay? # Instead, shareholders get a dilutive offering propped up","that money -- or other monies brought in -- be available in cash-on-hand or other liquid asset form to repay? # Instead, shareholders get a dilutive offering propped up",a94a094261d68236aa8e3a72be920d2d
1265,liquid,asset,2012,BLOG,...attletransitblog.com,up the mortgage payments after they lost their long standing jobs and had depleted their liquid assets trying to stay afloat were foreclosed on because the system of selling and repackaging,up the mortgage payments after they lost their long standing jobs and had depleted their liquid assets trying to stay afloat were foreclosed on because the system of selling and repackaging,be5ed2eb8764477aff7c6728fda2ed2c
1266,liquid,asset,2012,BLOG,...attletransitblog.com,"The US treasury now has "" more money "". *But the T-Bill is a liquid asset which can also be used as money*. Whoa, suddenly there's more","The US treasury now has "" more money "". *But the T-Bill is a liquid asset which can also be used as money*. Whoa, suddenly there's more",0642223a037b11f0c642c285b27f73d7
1267,liquid,asset,2012,BLOG,silive.com,. # Liquidity ratios measure the firm's ability to meet short-term commitments from its liquid assets. The current ratio (current assets/current liabilities) is a simple measure of,. # Liquidity ratios measure the firm's ability to meet short-term commitments from its liquid assets. The current ratio (current assets/current liabilities) is a simple measure of,dda6dcfc12e908e8cc92a07f15230ac2
1268,liquid,asset,2012,BLOG,silive.com,assets-inventory/current liabilities) measures the firm's ability to meet short-term obligations from its most liquid assets. The ideal average for both varies from one industry to another. #,assets-inventory/current liabilities) measures the firm's ability to meet short-term obligations from its most liquid assets. The ideal average for both varies from one industry to another. #,99c391b781beb8e6fd53a827a7b83860
1269,liquid,asset,2012,BLOG,freethoughtblogs.com,"in charge of the current bankruptcy. If granted, the pension fund and other liquid assets will be used to pay off outstanding debts, factories, trucks and other","in charge of the current bankruptcy. If granted, the pension fund and other liquid assets will be used to pay off outstanding debts, factories, trucks and other",7d84b4a6cfda1ee5b36169e38802e29e
1270,liquid,asset,2012,BLOG,...ionblog.blogspot.com (1),") - a financial crisis, followed by a general flight to safe and liquid assets, a collapse in bank lending, and a rise in unemployment. This",") - a financial crisis, followed by a general flight to safe and liquid assets, a collapse in bank lending, and a rise in unemployment. This",2c0612bae8084699f4b79696bc60832d
1271,liquid,asset,2012,BLOG,westernfreepress.com,and says he's prepared to pour a large chunk of his $270 million in liquid assets into a presidential bid. (Mr. Trump values the Trump brand alone at,and says he's prepared to pour a large chunk of his $270 million in liquid assets into a presidential bid. (Mr. Trump values the Trump brand alone at,163b78f9990d9c7388bfa74582798e8c
1272,liquid,asset,2012,BLOG,anz.theoildrum.com,"long run but short term you have a very large one-time payment that exceeds your liquid assets that is due. In both examples, you need credit to bridge the","long run but short term you have a very large one-time payment that exceeds your liquid assets that is due. In both examples, you need credit to bridge the",f767f0556e78ea929c4417e0aa6282b0
1273,liquid,asset,2012,BLOG,angrybearblog.com,". Claims are resolved with delay. The very valuable winning bet is not a liquid asset. It can be that, by the time you get what you can",". Claims are resolved with delay. The very valuable winning bet is not a liquid asset. It can be that, by the time you get what you can",7ec09b06243bfe844a154410f8bc563b
1274,liquid,asset,2012,BLOG,...icearth.blogspot.com,"known as liquidity tests. # These tests are detailed examinations of a bank's liquid assets, which are the reserves of readily available assets and cash that can be","known as liquidity tests. # These tests are detailed examinations of a bank's liquid assets, which are the reserves of readily available assets and cash that can be",1f450151227f93c79aab40621858874c
1275,liquid,asset,2005,TV,CSI: Crime Scene Inv...,gift giver. - Maybe we're looking for a cash cow. - With liquid assets. I had the distinct pleasure of testing all the modes of ingestion from,gift giver. - Maybe we're looking for a cash cow. - With liquid assets. I had the distinct pleasure of testing all the modes of ingestion from,5cd7c4379f709774a6ac0d092a35d382
1276,liquid,asset,2002,MOV,The Pianist,". - It's 3,003 too much. - Look. "" Further restrictions regarding liquid assets. Jews will be allowed to keep a maximum of 2,000 zlotys at home",". - It's 3,003 too much. - Look. "" Further restrictions regarding liquid assets. Jews will be allowed to keep a maximum of 2,000 zlotys at home",0ebaf5bef5f8a2dfaa0597ae8952b46b
1277,liquid,asset,2002,TV,The Wire,did a two-month assets investigation. The man has a couple hundred thousand more in liquid assets... than any police lieutenant should ever have. Maybe he goes to Atlantic,did a two-month assets investigation. The man has a couple hundred thousand more in liquid assets... than any police lieutenant should ever have. Maybe he goes to Atlantic,65528d6586cf0239474dd4aed3403c0b
1278,liquid,asset,2001,TV,The King of Queens,"the wedding? Well, I must admit, I'm a little short on liquid assets right now. How much do you need? All of it. Hmm","the wedding? Well, I must admit, I'm a little short on liquid assets right now. How much do you need? All of it. Hmm",9fea17d5ea0c07c101d9a672e2a92c0d
1279,liquid,asset,2000,TV,Will & Grace,and then. after a dozen Cosmos and a private dick's review of his liquid assets. wham. you're married. Then. as quickly as it came,and then. after a dozen Cosmos and a private dick's review of his liquid assets. wham. you're married. Then. as quickly as it came,794ca4562c529ba8785bb7366224d5d8
1280,liquid,asset,1996,MOV,Citizen Ruth,"Larry Jarvik system. MAN: Welcome back. We've discussed the difference between liquid assets, frozen assets, and what I like to call captive assets. And","Larry Jarvik system. MAN: Welcome back. We've discussed the difference between liquid assets, frozen assets, and what I like to call captive assets. And",5d6e906fd0640764b9644647dc3e13c9
1281,liquid,asset,1991,MOV,Scanners III: The Takeover,"s financial records, an earnings report, a list of our assets, particularly liquid assets. I want it complete, and... I want it in an hour","s financial records, an earnings report, a list of our assets, particularly liquid assets. I want it complete, and... I want it in an hour",56f20ec6ddd0bc2c7b610a58b75d02a5
1282,liquid,asset,1990,MOV,Two Evil Eyes,"around with in cash, Mrs. Valdemar. Now, we do offer a liquid asset account that would allow you to withdraw any amount-I'll be wanting to talk","around with in cash, Mrs. Valdemar. Now, we do offer a liquid asset account that would allow you to withdraw any amount-I'll be wanting to talk",4b9b1f8d43961831fb790cbe9be39ce7
1283,liquid,asset,1990,MOV,Two Evil Eyes,"a way, doesn't it? All taken care of. 400,000 in a liquid asset account. There's your checkbook. And... another 100,000 for you here","a way, doesn't it? All taken care of. 400,000 in a liquid asset account. There's your checkbook. And... another 100,000 for you here",5212d5bfd37d44f12db3354d4111f011
1284,liquid,asset,2016,ACAD,J Business Studies Q,"respectively by 20.31%, 17.34% and 15.42%, indicator of potential liquidity disruptions and weak liquid assets, notwithstanding the decrease in the average management quality ratio (MGMT) successively","respectively by 20.31%, 17.34% and 15.42%, indicator of potential liquidity disruptions and weak liquid assets, notwithstanding the decrease in the average management quality ratio (MGMT) successively",c267e2e621dada75260f0b42706c6bbb
1285,liquid,asset,2015,SPOK,Fox: Fox Hannity,money. I don't want any money. HANNITY# You have $345 million in liquid assets. Are you prepared to spend that much money or more? TRUMP# Sure,money. I don't want any money. HANNITY# You have $345 million in liquid assets. Are you prepared to spend that much money or more? TRUMP# Sure,1162ae3266f5fe68984f5be677d39585
1286,liquid,asset,2015,MAG,Money,"collapse, as they did just after World War II, wine is literally a liquid asset. So you can always drink your portfolio. # 54 # BE PATIENT","collapse, as they did just after World War II, wine is literally a liquid asset. So you can always drink your portfolio. # 54 # BE PATIENT",3b54b997690e9d6994ec6bda398580eb
1287,liquid,asset,2015,MAG,NatGeog,"and a retired top executive of the multinational Cargill, says he has spent his liquid assets to buy with Scott Ord, his Australian partner, 150 homes to refurbish","and a retired top executive of the multinational Cargill, says he has spent his liquid assets to buy with Scott Ord, his Australian partner, 150 homes to refurbish",968d9f1bb2fe7b21ce74fb2ef2670176
1288,liquid,asset,2013,SPOK,ABC: 20/20,". CHESTER-THOMAS# When Shirley married this man, she had half a million dollars in liquid assets plus a home and 15 acres of land. JIM-AVILA# (Off-camera) And what happened",". CHESTER-THOMAS# When Shirley married this man, she had half a million dollars in liquid assets plus a home and 15 acres of land. JIM-AVILA# (Off-camera) And what happened",9181efe1c8bb689ff7c4ee8995ac9c11
1289,liquid,asset,2013,MAG,Money,"stocks, fixed-income securities, and other investments. We have no rainy-day fund of liquid assets. Because my book and speech income are so variable, over the past","stocks, fixed-income securities, and other investments. We have no rainy-day fund of liquid assets. Because my book and speech income are so variable, over the past",c07d34686b9c7828053f866be9a4845b
1290,liquid,asset,2013,MAG,MotherJones,"733-mile chain of microwave towers to hurtle data in 8.5 milliseconds round-trip. # Liquidity A liquid asset can be easily bought or sold without changing in value -- cash, for","733-mile chain of microwave towers to hurtle data in 8.5 milliseconds round-trip. # Liquidity A liquid asset can be easily bought or sold without changing in value -- cash, for",a2f2b6156523b8f6b627d8ee8f3feda4
1291,liquid,asset,2013,MAG,NewStatesman,"Hedge funds, by contrast, are flightier and can flip in and out of liquid assets at high speed if necessary: stocks, bonds, dangerous derivatives, commodities","Hedge funds, by contrast, are flightier and can flip in and out of liquid assets at high speed if necessary: stocks, bonds, dangerous derivatives, commodities",e373aa5d61f7de5fe57ea177721db65d
1292,liquid,asset,2013,NEWS,STLouis,", but the ones in this movie have thing in common - a commitment to liquid assets, which have never been more culturally valued. The festival-tested film, which",", but the ones in this movie have thing in common - a commitment to liquid assets, which have never been more culturally valued. The festival-tested film, which",1371a7661eca1a65587b4b3035d637f4
1293,liquid,asset,2012,MAG,SatEvenPost,it becomes clear that the country needs banking reform to provide a ready reserve of liquid assets and allow currency and credit to expand and contract as needed. After an,it becomes clear that the country needs banking reform to provide a ready reserve of liquid assets and allow currency and credit to expand and contract as needed. After an,e24c7b590a0cb9524e7afcb51ac6dac2
1294,liquid,asset,2012,MAG,TownCountry,"Now you think it's worth $60 million. "" But since all sorts of liquid assets took hits during the recession, "" maybe you can value it at $45","Now you think it's worth $60 million. "" But since all sorts of liquid assets took hits during the recession, "" maybe you can value it at $45",7be1419287f31344e68da353ca9a134f
1295,liquid,asset,2012,NEWS,SanFranChron,""" 40 percent equity, 59 percent government bonds, and 1 percent money market liquid assets, "" she says. # Haver paid a one-time commission of 4 percent",""" 40 percent equity, 59 percent government bonds, and 1 percent money market liquid assets, "" she says. # Haver paid a one-time commission of 4 percent",1412e064e93423220a0c9ab803c78240
1296,liquid,asset,2012,ACAD,ForeignAffairs,and prompted questions of whether it would be an adequate source for the safe and liquid assets required by an expanding world economy. Policymakers responded by deciding to create a,and prompted questions of whether it would be an adequate source for the safe and liquid assets required by an expanding world economy. Policymakers responded by deciding to create a,ae47220a8fb3facefe88595046b85c5f
1297,liquid,asset,2011,MAG,MilitaryHist,"force would land paratroopers and marines west of the canal, ostensibly to protect their liquid asset. The pincers would trap and annihilate the Egyptian army. The excuse for","force would land paratroopers and marines west of the canal, ostensibly to protect their liquid asset. The pincers would trap and annihilate the Egyptian army. The excuse for",6a2cc049eecf56a40614e9c7beef8c5a
1298,liquid,asset,2011,ACAD,AmJPubHealth,services Current ratio Current (short-term) assets Determine divided by current availability of liabilities liquid assets to cover short-term liabilities Debt to equity Total long-term debt Measure amount of divided,services Current ratio Current (short-term) assets Determine divided by current availability of liabilities liquid assets to cover short-term liabilities Debt to equity Total long-term debt Measure amount of divided,310c7de79e613b08b4eebe70c974f53f
1299,liquid,asset,2010,FIC,Commentary,"chairs, an enormous corkscrew contraption. Tom was gaping at its four walls of liquid assets when Elayna walked in. "" Bruce wants cigars, "" she said,","chairs, an enormous corkscrew contraption. Tom was gaping at its four walls of liquid assets when Elayna walked in. "" Bruce wants cigars, "" she said,",da944bcef98e46462a01df5044629e05
1300,liquid,asset,2009,SPOK,PBS_NewsHour,"even companies with LBOs. What happened in the last couple of years is, liquid assets, including mortgages, became illiquid. The whole system started to fail because","even companies with LBOs. What happened in the last couple of years is, liquid assets, including mortgages, became illiquid. The whole system started to fail because",7ff5d4ef99e8978fa42378bfbbcaad8a
1301,liquid,asset,2009,NEWS,NYTimes,"Classical American Homes trust, for example, operates six houses with $9 million in liquid assets. #'' There's a pact between nonprofits and the people because","Classical American Homes trust, for example, operates six houses with $9 million in liquid assets. #'' There's a pact between nonprofits and the people because",19421b3ec8e55af6ff40d1ce202cad58
1302,liquid,asset,2008,SPOK,CNN_Dobbs,"program. HENRY PAULSON, TREASURY SECRETARY: When we went to Congress, the liquid assets looked like the way to go. As the situation worsened, the facts","program. HENRY PAULSON, TREASURY SECRETARY: When we went to Congress, the liquid assets looked like the way to go. As the situation worsened, the facts",e570d9e5825c019c9e803b09e5969906
1303,liquid,asset,2008,MAG,MotherJones,"transformed Russia from a pauper state into one that sits atop nearly $500 billion in liquid assets, while Iran, with the world's third-largest supply of crude, now","transformed Russia from a pauper state into one that sits atop nearly $500 billion in liquid assets, while Iran, with the world's third-largest supply of crude, now",56f16948e0a2a291c0ee29f7cc6c537d
1304,liquid,asset,2008,ACAD,IntlAffairs,"biodiversity, which preserves resilience and options for the future Source: Sandra Poster, Liquid Assets: The Critical Need to Safeguard Freshwater Ecosystems (Washington, D.C.: Worldwatch","biodiversity, which preserves resilience and options for the future Source: Sandra Poster, Liquid Assets: The Critical Need to Safeguard Freshwater Ecosystems (Washington, D.C.: Worldwatch",3b645297579c76f8899f6388a950736b
1305,liquid,asset,2008,ACAD,IntlAffairs,for Life: Managing Water for People and Nature (2003) and author of Liquid Assets: The Critical Need to Safeguard Freshwater Ecosystems (2005). Postel is,for Life: Managing Water for People and Nature (2003) and author of Liquid Assets: The Critical Need to Safeguard Freshwater Ecosystems (2005). Postel is,c2ab49890f2b29be727ebd48b644bd62
1306,liquid,asset,2008,ACAD,IntlAffairs,(n45) They mark a departure from the trend to invest foreign reserves in liquid assets such as short-term U.S. Treasury bills and government securities issued by other developed countries,(n45) They mark a departure from the trend to invest foreign reserves in liquid assets such as short-term U.S. Treasury bills and government securities issued by other developed countries,60fe83c51d8434c00f14dd237dad6447
1307,liquid,asset,2008,ACAD,IntlAffairs,"adopt a long time horizon and build factories and facilities that do not translate into liquid assets easily. The latter attribute is almost self-evident, for direct investment flows out","adopt a long time horizon and build factories and facilities that do not translate into liquid assets easily. The latter attribute is almost self-evident, for direct investment flows out",20a8e7a3cc1ef4811bce2993b021b534
1308,liquid,asset,2007,NEWS,Chicago,", OR, 97213. # Next week: Beer isn't Oregon's only liquid asset. Next week, we visit the state's wine country on a tour",", OR, 97213. # Next week: Beer isn't Oregon's only liquid asset. Next week, we visit the state's wine country on a tour",c48025e344e85292cd197c70d41de2ba
1309,liquid,asset,2007,NEWS,Chicago,"for our use. Still, it's important to treat our water as a liquid asset. # For example, Chicago uses close to 3 million gallons a day","for our use. Still, it's important to treat our water as a liquid asset. # For example, Chicago uses close to 3 million gallons a day",7a354c9d1b091b765b9c8521749cf3b6
1310,liquid,asset,2006,ACAD,Environment,20118 This article draws heavily on the research reported in far more detail in Liquid Assets: An Economic Approach for Water Management and Conflict Resolution in the Middle East,20118 This article draws heavily on the research reported in far more detail in Liquid Assets: An Economic Approach for Water Management and Conflict Resolution in the Middle East,df17171b510e2f3c4b5c7b5b38f89c38
1311,liquid,asset,2006,ACAD,Environment,"Hamati, A.M. Jarrar, A.F. Jayyouse, U. Shamire, and H. Wesseling, Liquid Assets: An Economic Approach for Water Management and Conflict Resolution in the Middle East","Hamati, A.M. Jarrar, A.F. Jayyouse, U. Shamire, and H. Wesseling, Liquid Assets: An Economic Approach for Water Management and Conflict Resolution in the Middle East",6b4c191fa6cf00e2ce077f25617ead0d
1312,liquid,asset,2006,ACAD,Environment,"and H. Wesseling (with special contributions by A.Z. Salman and E.K. Al-Karablieh), Liquid Assets: An Economic approach for Water Management and Conflict Resolution in the Middle East","and H. Wesseling (with special contributions by A.Z. Salman and E.K. Al-Karablieh), Liquid Assets: An Economic approach for Water Management and Conflict Resolution in the Middle East",971a2450daa1b1985571433566c79cc1
1313,liquid,asset,2006,ACAD,Environment,"the chair of the Water Economics Project and the senior author of its book, Liquid Assets: An Economic Approach for Water Management and Conflict Resolution in the Middle East","the chair of the Water Economics Project and the senior author of its book, Liquid Assets: An Economic Approach for Water Management and Conflict Resolution in the Middle East",939207ed4b5d311d86e54ec37f01af05
1314,liquid,asset,2006,ACAD,Environment,", value of water more effectively in planning. She is the principal coauthor of Liquid Assets: An Economic Approach for Water Management and Conflict Resolution in the Middle East",", value of water more effectively in planning. She is the principal coauthor of Liquid Assets: An Economic Approach for Water Management and Conflict Resolution in the Middle East",8070b2b9acad6c5b1028d7532ae8f9dd
1315,liquid,asset,2006,ACAD,Environment,"than is possible here) can be found in F.M. Fisher et al., Liquid Assets: An Economic Approach for Water Management and Conflict Resolution in the middle East","than is possible here) can be found in F.M. Fisher et al., Liquid Assets: An Economic Approach for Water Management and Conflict Resolution in the middle East",725fca40bc09e36a5ddbef4e36b1f524
1316,liquid,asset,2005,MAG,USNWR,"low income # Seniors with incomes below 150 percent of the poverty level and few liquid assets should definitely sign up for a plan, say consumer advocates. That's","low income # Seniors with incomes below 150 percent of the poverty level and few liquid assets should definitely sign up for a plan, say consumer advocates. That's",f8888932a90b3fa659ac3ca10ae6b8c4
1317,liquid,asset,2005,MAG,USNWR,"both the extra help and Part D plan choice. A portion of income and liquid assets like a home are excluded from the government cap, so even if your","both the extra help and Part D plan choice. A portion of income and liquid assets like a home are excluded from the government cap, so even if your",c23f17f21a85d9576c949de9f816f1c4
1318,liquid,asset,2005,ACAD,InfoSystems,"sheet, the table is expected to start with assets, more precisely the most liquid assets (cash and cash equivalents). The income statement is expected to start","sheet, the table is expected to start with assets, more precisely the most liquid assets (cash and cash equivalents). The income statement is expected to start",edfe9b6c7f3ed396c558b6d039350283
1319,liquid,asset,2005,ACAD,Environment,"on their efforts. # # -- This article is adapted from S. Postel, Liquid Assets: The Critical Need to Safeguard Freshwater Ecosystems (Washington, DC: Worldwatch","on their efforts. # # -- This article is adapted from S. Postel, Liquid Assets: The Critical Need to Safeguard Freshwater Ecosystems (Washington, DC: Worldwatch",f44177ab32b4403996e005b2a4d6ae10
1320,liquid,asset,2004,SPOK,MSNBC_Scarb,"Jr. and Paul Crouchs sister. Its a $4 billion operation with $583 million in liquid assets, and theyre still begging for money. BURKMAN: Well, does that make","Jr. and Paul Crouchs sister. Its a $4 billion operation with $583 million in liquid assets, and theyre still begging for money. BURKMAN: Well, does that make",7ce5edf1e43c2bf2d57e4c8a77ea9707
1321,liquid,asset,2003,SPOK,Fox_Gibson,"there living... ! NAPOLITANO: Correct, correct, meaning he had liquid assets or he had assets there. We don't know of Michael's assets","there living... ! NAPOLITANO: Correct, correct, meaning he had liquid assets or he had assets there. We don't know of Michael's assets",eabd8a9d7bfc5b6ea321ef4f544246df
1322,liquid,asset,2003,MAG,TownCountry,"to the children, you may not have enough to live on. Consider the liquid assets you may need. Lawyers also caution against using children as a weapon in","to the children, you may not have enough to live on. Consider the liquid assets you may need. Lawyers also caution against using children as a weapon in",2205ec7c0c124fe964a0771e6f6bb126
1323,liquid,asset,2003,MAG,Backpacker,"peaks of the Ruby Range to the east. Mother Nature wasn't stingy with liquid assets, either. The Raggeds are cleaved by rowdy Anthracite Creek, which has","peaks of the Ruby Range to the east. Mother Nature wasn't stingy with liquid assets, either. The Raggeds are cleaved by rowdy Anthracite Creek, which has",7a99ab5ea7601087ad4739267e28fcdc
1324,liquid,asset,2003,MAG,ConsumResrch,""" In such cases charities with high "" working capital ratios "" (i.e. enough liquid assets to last several years) are wasteful. # Institutional Self-Preservation. Many nonprofit",""" In such cases charities with high "" working capital ratios "" (i.e. enough liquid assets to last several years) are wasteful. # Institutional Self-Preservation. Many nonprofit",6424f159d12753e110e2cf8608b4ed52
1325,liquid,asset,2003,NEWS,CSMonitor,"a second home, for instance, will you still have the right proportion of liquid assets in case of emergency? # Also, when shopping for a house or","a second home, for instance, will you still have the right proportion of liquid assets in case of emergency? # Also, when shopping for a house or",d39bb97ae96ee069af1a26434bdeea98
1326,liquid,asset,2003,NEWS,WashPost,security. They are called appreciating assets. They include the following: # * Liquid assets. Cash or other financial assets that can easily and quickly be converted into,security. They are called appreciating assets. They include the following: # * Liquid assets. Cash or other financial assets that can easily and quickly be converted into,2efc35c27be10650c06c565538ad6a58
1327,liquid,asset,2003,NEWS,WashPost,"easily and quickly be converted into cash with little or no loss in value. Liquid assets include checking, savings and money-market accounts and certificates of deposit. # *","easily and quickly be converted into cash with little or no loss in value. Liquid assets include checking, savings and money-market accounts and certificates of deposit. # *",c69bfce5fb9f5e2553656a47df5cc288
1328,liquid,asset,2003,ACAD,ForeignAffairs,"the Russians are acting little better than thugs. They have wiped out all the liquid assets. No food cards are issued to Germans, who are forced to travel","the Russians are acting little better than thugs. They have wiped out all the liquid assets. No food cards are issued to Germans, who are forced to travel",f38e0cea01d93ea1cfb199ace67890f1
1329,liquid,asset,2002,ACAD,RoeperReview,"and statistics of landing on certain board spaces, the importance of a player's liquid assets, and the risks and benefits of mortgages and interest. Perhaps the child","and statistics of landing on certain board spaces, the importance of a player's liquid assets, and the risks and benefits of mortgages and interest. Perhaps the child",128daeb1ec76e1db38d22fa5f9c789cf
1330,liquid,asset,2001,SPOK,CBS_Morning,54486 LIQUID ASSETS CHARLES-OSGOOD-ho: To turn used tin cans into Liquid Assets and dreams into reality,54486 LIQUID ASSETS CHARLES-OSGOOD-ho: To turn used tin cans into Liquid Assets and dreams into reality,1d56456a8b394913ebd2db28d15dbbe6
1331,liquid,asset,2001,SPOK,CBS_Morning,54486 LIQUID ASSETS CHARLES-OSGOOD-ho: To turn used tin cans into Liquid Assets and dreams into reality isn't easy. But it can be done and,54486 LIQUID ASSETS CHARLES-OSGOOD-ho: To turn used tin cans into Liquid Assets and dreams into reality isn't easy. But it can be done and,5896bdac2a3d3916a51c3d8b91c19cae
1332,liquid,asset,2001,SPOK,CBS_Morning,"or three years later, about passion. OSGOOD: How old tin cans became Liquid Assets is the story Bob McNamara has to tell. It's all about a","or three years later, about passion. OSGOOD: How old tin cans became Liquid Assets is the story Bob McNamara has to tell. It's all about a",dd65a941616740f0615f05d553aa1c07
1333,liquid,asset,2001,MAG,Money,"such companies would agree to the job.) Also, land is not a liquid asset, which could complicate making the required minimum withdrawals on schedule. Q. I","such companies would agree to the job.) Also, land is not a liquid asset, which could complicate making the required minimum withdrawals on schedule. Q. I",31ec2cd10285dbc7777b8239f985f9f6
1334,liquid,asset,2001,MAG,Backpacker,only enough to get you to the next source Here's how to manage your liquid assets. Check maps and guidebooks and consult rangers about water availability. Drink half,only enough to get you to the next source Here's how to manage your liquid assets. Check maps and guidebooks and consult rangers about water availability. Drink half,420e64d521c5c94fc0f4ab9a08846502
1335,liquid,asset,2001,MAG,Forbes,"says Thomas Baird, 49. But his parents also put about $4 million in liquid assets into the partnership. Later, Thomas and his two brothers each kicked in","says Thomas Baird, 49. But his parents also put about $4 million in liquid assets into the partnership. Later, Thomas and his two brothers each kicked in",9b272a27cd25041d392f795e0e598187
1336,liquid,asset,2001,MAG,ScienceNews,"for the replenishment of their water, many are seeking ways to squirrel away their liquid assets during years of plenty. # Some communities are moving surplus water to replenish","for the replenishment of their water, many are seeking ways to squirrel away their liquid assets during years of plenty. # Some communities are moving surplus water to replenish",03f064422cf24cc56aa23ff16f4cbbc0
1337,liquid,asset,2000,MAG,TodaysParent,fat levels as the child grows older (d) when they're fully grown Liquid Assets 16. Juice is a terrific way for kids with poor appetites to boost,fat levels as the child grows older (d) when they're fully grown Liquid Assets 16. Juice is a terrific way for kids with poor appetites to boost,40716e46cd6d0e24dcad237403c9e08e
1338,liquid,asset,2000,MAG,People,"millionaire next door, "" says Fleiss. (FOX says he has $750,000 in liquid assets and a net worth just more than $2 million.) Rockwell himself told","millionaire next door, "" says Fleiss. (FOX says he has $750,000 in liquid assets and a net worth just more than $2 million.) Rockwell himself told",ec10716fb5c79e44da7f2d06a88f1890
1339,liquid,asset,2000,NEWS,Atlanta,"six bars at issue have a restaurant license: Cobalt, the Orchestra Pit, Liquid Assets, Paradox and Tongue &; Groove. All but Paradox are closing on Sunday","six bars at issue have a restaurant license: Cobalt, the Orchestra Pit, Liquid Assets, Paradox and Tongue &; Groove. All but Paradox are closing on Sunday",c23c383ce1fec18d4195f64ebad2efd5
1340,liquid,asset,2000,NEWS,Atlanta,"the Sunday night theme, and it took wing. # Other Buckhead bars -- Liquid Assets, Paradox, Plush -- saw urban nights as a way to pack in","the Sunday night theme, and it took wing. # Other Buckhead bars -- Liquid Assets, Paradox, Plush -- saw urban nights as a way to pack in",41ce01ff2febe0e8bb5059a216ebe7e1
1341,liquid,asset,1999,FIC,Bk:WalkThroughFire,""" "" Yes? "" "" Elson had appropriated large amounts from the family's liquid assets. He was afraid Celia would come after him and take legal action.",""" "" Yes? "" "" Elson had appropriated large amounts from the family's liquid assets. He was afraid Celia would come after him and take legal action.",c7e5c346574c5d0231e2bc0777dfe3f1
1342,liquid,asset,1999,MAG,MotherEarth,will perform a credit check. Your lenders will want to see that you have liquid assets -- enough to provide a down payment and cover closing costs (usually 2%,will perform a credit check. Your lenders will want to see that you have liquid assets -- enough to provide a down payment and cover closing costs (usually 2%,5345f94eef131785f4bed651dfb02109
1343,liquid,asset,1999,MAG,NatlReview,"had their money in real estate by the 1970s, when younger earners with more liquid assets (and older ones with fixed incomes) were hammered by inflation. After","had their money in real estate by the 1970s, when younger earners with more liquid assets (and older ones with fixed incomes) were hammered by inflation. After",0fbec34683ad4a615e8b13d0dedf7f98
1344,liquid,asset,1999,NEWS,AssocPress,"standards of the royal table. # The American laureate is heir to no such liquid assets. However, Pinsky happily reports, when he was appointed, the American","standards of the royal table. # The American laureate is heir to no such liquid assets. However, Pinsky happily reports, when he was appointed, the American",f100bd514a668d287f72d2520ac22759
1345,liquid,asset,1999,ACAD,ForeignAffairs,commercial bank -- one with assets that exceed its liabilities -- does not have enough liquid assets to pay depositors if they were all to demand their funds at once.,commercial bank -- one with assets that exceed its liabilities -- does not have enough liquid assets to pay depositors if they were all to demand their funds at once.,eb488836ed56501c6c1750b2087fa219
1346,liquid,asset,1999,ACAD,ForeignAffairs,A country could substantially lower the net cost of holding reserves by investing them in liquid assets with higher yields than short-term U.S. Treasury bills. U.S. corporate stocks had a,A country could substantially lower the net cost of holding reserves by investing them in liquid assets with higher yields than short-term U.S. Treasury bills. U.S. corporate stocks had a,e50a63b6c86b14da7679bb574ced1d46
1347,liquid,asset,1999,ACAD,ArabStudies,international banks. After the first oil shock in 1974 came an explosion of available liquid assets that banks were eager to lend and the amount borrowed rapidly increased (see,international banks. After the first oil shock in 1974 came an explosion of available liquid assets that banks were eager to lend and the amount borrowed rapidly increased (see,6426531722c7a71be7a03308556642d9
1348,liquid,asset,1998,SPOK,Ind_NewsForum,"20 points behind? Councilman VALLONE: Anyone that doesn't have $ 100 million liquid assets or anyone who doesn't have Al D'Amato as a benefactor, since he","20 points behind? Councilman VALLONE: Anyone that doesn't have $ 100 million liquid assets or anyone who doesn't have Al D'Amato as a benefactor, since he",24fde3cd33d6b28b3a9fcbf88be2f38e
1349,liquid,asset,1997,SPOK,CNN_Burden,". They see what assets she has, what her earning capacity is, her liquid assets, what would be the -- you know, the sale value if one",". They see what assets she has, what her earning capacity is, her liquid assets, what would be the -- you know, the sale value if one",7e3953c73d20f19ee2d37411f968817b
1350,liquid,asset,1997,MAG,ConsumRep,"state, as shown in the table. Most states let you keep $2000 of liquid assets, some a little more and some a little less. And you may","state, as shown in the table. Most states let you keep $2000 of liquid assets, some a little more and some a little less. And you may",3deb70e3c39c9b7351a0f2a966125f05
1351,liquid,asset,1997,NEWS,WashPost,"bank has criticized CITIC, saying it has too many long-term investments and not enough liquid assets. The central bank, the Finance Ministry and a state economic reform commission","bank has criticized CITIC, saying it has too many long-term investments and not enough liquid assets. The central bank, the Finance Ministry and a state economic reform commission",e78cebf3402f1f2ffd11e5b11387d73b
1352,liquid,asset,1997,NEWS,WashPost,"coffee plantations in Brazil and the Ivory Coast. # The extent of Mobutu's liquid assets, however, is open to question. Some experts believe he exhausted much","coffee plantations in Brazil and the Ivory Coast. # The extent of Mobutu's liquid assets, however, is open to question. Some experts believe he exhausted much",e3e19aa248b4038a19d3f5805c1d403f
1353,liquid,asset,1997,ACAD,VisualImpair,"in the U.S. with disabilities who have a monthly income of less than $2,000 and liquid assets of less than $10,000. For more information, contact: Jim Fruchterman or","in the U.S. with disabilities who have a monthly income of less than $2,000 and liquid assets of less than $10,000. For more information, contact: Jim Fruchterman or",fbe99445fd4ff2682759bc59c6895036
1354,liquid,asset,1996,MAG,Money,", say financial planners. What's more, the couple's roughly $1,500 in liquid assets (checking and savings accounts) represents only 15% or so of the three",", say financial planners. What's more, the couple's roughly $1,500 in liquid assets (checking and savings accounts) represents only 15% or so of the three",8804860f9a75cbc46165fa73c6e302ab
1355,liquid,asset,1996,MAG,Fortune,"market funds, now at some $650 billion. Add in savings accounts and other liquid assets and the amount goes to $3.3 trillion, according to Edward Yardeni, chief","market funds, now at some $650 billion. Add in savings accounts and other liquid assets and the amount goes to $3.3 trillion, according to Edward Yardeni, chief",97474e667d9b9b29f9cf81bdbcf35dec
1356,liquid,asset,1996,NEWS,SanFranChron,to lure the 1 million Americans who have more than $ 1 million each in liquid assets (excluding the value of their homes). About one-sixth of this population,to lure the 1 million Americans who have more than $ 1 million each in liquid assets (excluding the value of their homes). About one-sixth of this population,2258ace239f748b8c0747b388bec914c
1357,liquid,asset,1995,MAG,NaturalHist,"start to be marked by negotiation and compromise, although negotiations sometimes break down. Liquid Assets: A Brief History of Wet Nursing A Sumerian lullaby from the third millennium","start to be marked by negotiation and compromise, although negotiations sometimes break down. Liquid Assets: A Brief History of Wet Nursing A Sumerian lullaby from the third millennium",7568d978444f1070cbee0d833556198f
1358,liquid,asset,1995,NEWS,NYTimes,"other family members, who were lobbying the trust committee to turn it into more liquid assets. "" It pained him to see the family so willing to abandon it","other family members, who were lobbying the trust committee to turn it into more liquid assets. "" It pained him to see the family so willing to abandon it",77f63e1c65e6502d4eacf1796b94b937
1359,liquid,asset,1995,NEWS,SanFranChron,"new law, a person can lose their home, paycheck, vehicle and total liquid assets before being convicted of failure to pay child support. # Some time ago","new law, a person can lose their home, paycheck, vehicle and total liquid assets before being convicted of failure to pay child support. # Some time ago",f241379ea49253b8e6366732ccece01f
1360,liquid,asset,1994,MAG,Money,"that ended in a 1988 divorce. All told, he has amassed $431,000 in liquid assets, including $187,500 in his 401(k), $42,000 in an Individual Retirement Account,","that ended in a 1988 divorce. All told, he has amassed $431,000 in liquid assets, including $187,500 in his 401(k), $42,000 in an Individual Retirement Account,",bbb90f19861c75a0dd929ec509e93496
1361,liquid,asset,1994,MAG,Backpacker,"summer. It provides midday shade, and makes a handy windbreak. MIND YOUR LIQUID ASSETS * Drink plenty of water -- a minimum of one gallon per person per","summer. It provides midday shade, and makes a handy windbreak. MIND YOUR LIQUID ASSETS * Drink plenty of water -- a minimum of one gallon per person per",bad8806852a3717ecfb332b6ba3da7cd
1362,liquid,asset,1994,MAG,Fortune,"even larger. The Overseas Chinese are conservatively estimated to control some $2 trillion in liquid assets. If these enterprising souls lived in one country, its gross national product","even larger. The Overseas Chinese are conservatively estimated to control some $2 trillion in liquid assets. If these enterprising souls lived in one country, its gross national product",badf1c0f69097cdd275992e80121443f
1363,liquid,asset,1994,MAG,ConsumResrch,market at the wrong time can seriously hurt your long-term strategy. So keep enough liquid assets available for the inevitable emergencies with which life confronts us. Setting Your Objectives,market at the wrong time can seriously hurt your long-term strategy. So keep enough liquid assets available for the inevitable emergencies with which life confronts us. Setting Your Objectives,4f33dcaabebce32670249cc115b03940
1364,liquid,asset,1993,MAG,NatlReview,"Federal Reserve Bulletin, minority applicants on average' have weaker credit histories, fewer liquid assets, and lower net worths and incomes than white applicants.' This alone","Federal Reserve Bulletin, minority applicants on average' have weaker credit histories, fewer liquid assets, and lower net worths and incomes than white applicants.' This alone",5022494eca615b83dcaa29d3827bea4b
1365,liquid,asset,1993,NEWS,WashPost,"of the gains, would in two years produce more than the country's entire liquid assets in circulation. # Paying these immense obligations is clearly impossible, yet Caritas","of the gains, would in two years produce more than the country's entire liquid assets in circulation. # Paying these immense obligations is clearly impossible, yet Caritas",d87802839bae2b5af89f5f4faf50547b
1366,liquid,asset,1993,ACAD,CompIntlDev,"than production and commercialization of goods and services. Wealthy individual savers and firms with liquid assets have powerful incentives not to cooperate. In fact, many large manufacturing firms","than production and commercialization of goods and services. Wealthy individual savers and firms with liquid assets have powerful incentives not to cooperate. In fact, many large manufacturing firms",4891cd10377bbf6f6e6e0f0362a40c62
1367,liquid,asset,1992,FIC,Tradeswomen,"# Brokers discuss # flooding the market, # taking a bath, # and liquid assets. # Bankers ponder # laundering money, # floating a loan, #","# Brokers discuss # flooding the market, # taking a bath, # and liquid assets. # Bankers ponder # laundering money, # floating a loan, #",c36a0c452b2af576b5b365c632f767d3
1368,liquid,asset,1992,MAG,BlackEnterp,"creditors and the debtor. At the same time, he examines the firm's liquid assets to see what resources are there to pay pressing obligations. # Preserving cash","creditors and the debtor. At the same time, he examines the firm's liquid assets to see what resources are there to pay pressing obligations. # Preserving cash",3ec52c993c0c8ed312223ba7c02d4e7c
1369,liquid,asset,1992,MAG,BlackEnterp,", he has amassed a fortune of nearly $1 billion, including $700 million in liquid assets. In addition to producing films such as Beetle juice and The Last Boy",", he has amassed a fortune of nearly $1 billion, including $700 million in liquid assets. In addition to producing films such as Beetle juice and The Last Boy",7dbe27b9db5670198236ed478fc837a4
1370,liquid,asset,1992,MAG,BlackEnterp,"# Meanwhile, Hardees' three-year-old Franchise Associates Program reduced capital requirements to $50,000 in liquid assets, compared with $500,000 in net worth and $150,000 in liquid assets that it","# Meanwhile, Hardees' three-year-old Franchise Associates Program reduced capital requirements to $50,000 in liquid assets, compared with $500,000 in net worth and $150,000 in liquid assets that it",165e3117863b6fbd927ce707628feff2
1371,liquid,asset,1992,MAG,BlackEnterp,"to $50,000 in liquid assets, compared with $500,000 in net worth and $150,000 in liquid assets that it requires in its conventional program. During the associates program, Hardees","to $50,000 in liquid assets, compared with $500,000 in net worth and $150,000 in liquid assets that it requires in its conventional program. During the associates program, Hardees",d3d56a19318adcc2c4d047ebd0ab090d
1372,liquid,asset,1992,NEWS,SanFranChron,"holdings will be divided among various heirs, some of whom are more interested in liquid assets than traditional, agrarian lifestyles, he says. # "" The old timers","holdings will be divided among various heirs, some of whom are more interested in liquid assets than traditional, agrarian lifestyles, he says. # "" The old timers",6c08ff7e580f4b38b17b76bab9c38e15
1373,liquid,asset,1992,NEWS,Chicago,". In Illinois, that means a senior citizen may have only $ 2,000 in liquid assets, $ 1,500 in a prepaid funeral expense policy, and $ 1,500 in",". In Illinois, that means a senior citizen may have only $ 2,000 in liquid assets, $ 1,500 in a prepaid funeral expense policy, and $ 1,500 in",0197866b48507cf40a5c1cb2ee590dd7
1374,liquid,asset,1992,NEWS,Chicago,"# And in Illinois, the remaining spouse may keep up to $ 68,700 in liquid assets belonging to the couple. And the remaining spouse may keep up to $","# And in Illinois, the remaining spouse may keep up to $ 68,700 in liquid assets belonging to the couple. And the remaining spouse may keep up to $",627177a7e9c09dc0edce83e00480d6ac
1375,liquid,asset,1991,MAG,Forbes,"; Roy refunded $7.8 million of the $25.5 million CPC paid for Huffington's net liquid assets. Currently ambassador to Austria. After capital gains tax, worth at least","; Roy refunded $7.8 million of the $25.5 million CPC paid for Huffington's net liquid assets. Currently ambassador to Austria. After capital gains tax, worth at least",d6c574f4c1595dab8f5907af1e77cfa8
1376,liquid,asset,1991,MAG,Forbes,"the S &P; 500 to American folk art through the' 80s. Surely "" liquid assets "" figured in the title of the piece. # Hard-core wine types,","the S &P; 500 to American folk art through the' 80s. Surely "" liquid assets "" figured in the title of the piece. # Hard-core wine types,",752634245ae2a8bbd68dcb7fc778bab8
1377,liquid,asset,1991,MAG,NatlReview,"because increased confidence in a currency raises domestic and foreign demand for that country's liquid assets. # In the U.S., the biggest embarrassment for monetarists is that M2","because increased confidence in a currency raises domestic and foreign demand for that country's liquid assets. # In the U.S., the biggest embarrassment for monetarists is that M2",9a7bcf3de09ebf9081db7aa05a3781eb
1378,liquid,asset,1991,ACAD,InterAmStud,"), all "" savers "" -- both local and foreign, and holders of liquid assets in particular -- acquire tremendous veto power over macroeconomic policies. Some of the","), all "" savers "" -- both local and foreign, and holders of liquid assets in particular -- acquire tremendous veto power over macroeconomic policies. Some of the",667d5e80b8f7084792446270ffea930b
1379,liquid,asset,1990,MAG,Money,"Bill's drive and ability, the Cawthons find themselves caught short financially. Their liquid assets consist of only $1,800 in a bank checking account and $20,000 in certificates of","Bill's drive and ability, the Cawthons find themselves caught short financially. Their liquid assets consist of only $1,800 in a bank checking account and $20,000 in certificates of",3d5b86eb9c7918964e5cdf68889bb9d6
1380,liquid,asset,1990,MAG,Forbes,": In 1985, before selling the ships, Orion could show $500 million in liquid assets. # The Goulandris family is now dipping a toenail into Greece. Early",": In 1985, before selling the ships, Orion could show $500 million in liquid assets. # The Goulandris family is now dipping a toenail into Greece. Early",aa4d05435433c40cb79e33e1b4ffc0b6
1381,liquid,asset,1990,NEWS,AssocPress,"the Ogallala Aquifer, fruited the High Plains of America. # Will this underground liquid asset, like the oil fields it cohabits with, eventually run dry? Should","the Ogallala Aquifer, fruited the High Plains of America. # Will this underground liquid asset, like the oil fields it cohabits with, eventually run dry? Should",77d21ba93f55added2724228705f387c
1382,liquid,asset,1990,ACAD,ArabStudies,set aside this income from Palestinian lands and property taken over by Israel in transferable liquid assets against the day when compensation must be paid. Official tables of Israel's,set aside this income from Palestinian lands and property taken over by Israel in transferable liquid assets against the day when compensation must be paid. Official tables of Israel's,1f4394e8cd7aa1251c8cf144e53cc8f7
1383,liquid,asset,1990,ACAD,Generations,". # In 1990, individuals generally do not qualify for Medicaid if they have liquid assets of more than $2,000, excluding the value of the home. To qualify",". # In 1990, individuals generally do not qualify for Medicaid if they have liquid assets of more than $2,000, excluding the value of the home. To qualify",7b493ab830eef6b26fac74a3fd19d9ce
1384,liquid,asset,1990,SPOK,PBS_Newshour,a decision in selling some of these assets. We have sold some of the liquid assets. We have not really sold the tough assets yet. And the fact,a decision in selling some of these assets. We have sold some of the liquid assets. We have not really sold the tough assets yet. And the fact,e56cb821aafabf5152bbce836f6f8fac
1385,liquid,asset,1990,SPOK,PBS_Newshour,more than he owes on it? MR-WALLACH: Real estate is not a very liquid asset and our feeling about liquidation flows from the fact that in this kind of,more than he owes on it? MR-WALLACH: Real estate is not a very liquid asset and our feeling about liquidation flows from the fact that in this kind of,8b229430990ec069a882ab7fc1096b80
1386,liquid,asset,1990,MAG,Forbes,"until you have retired and moved to a low-tax state. Third, for your liquid assets, use a Treasury only fund or a tax-free money market that buys local","until you have retired and moved to a low-tax state. Third, for your liquid assets, use a Treasury only fund or a tax-free money market that buys local",52b1f095b1e74b8b74358b3b4e3ad6bb
1387,liquid,asset,1990,MAG,WashMonth,"households today (let alone 10 years ago!) have less than $10,000 in liquid assets. This is how SI(X), 000 coverage in a program originally intended to","households today (let alone 10 years ago!) have less than $10,000 in liquid assets. This is how SI(X), 000 coverage in a program originally intended to",ed1bdfe047b024191dd2f65448dcaff6
1388,liquid,capital,2018,ACAD,Cato Journal,"(from 1817) to 75 percent (from 1815) of GDP of new liquid capital in the early 1820s economy. In the early 1820s, this new money","(from 1817) to 75 percent (from 1815) of GDP of new liquid capital in the early 1820s economy. In the early 1820s, this new money",06094a391f134d8167fd90cfd32f60e7
1389,liquid,capital,2012,MAG,NewStatesman,"banks had become -- according to Fraser -- "" controllers of the major flows of liquid capital in the country, able to control whole industries, block innovation if it","banks had become -- according to Fraser -- "" controllers of the major flows of liquid capital in the country, able to control whole industries, block innovation if it",60b5adf2f174086d51e22140b6d8db4a
1390,liquid,capital,2012,WEB,goodreads.com,of industry and implored them to do what the federal government could not: put liquid capital back into the economy and bolster confidence in American markets. Corporate leaders did,of industry and implored them to do what the federal government could not: put liquid capital back into the economy and bolster confidence in American markets. Corporate leaders did,ad28626ea3c4e985265e6ec9d4afd596
1391,liquid,capital,2012,WEB,ted.com,"Those who control a lot of the money would be encouraged to spend their overabundant liquid capital. If your taxes show you having over "" x amount "" of ""","Those who control a lot of the money would be encouraged to spend their overabundant liquid capital. If your taxes show you having over "" x amount "" of """,f7d2b150d0fc357375c6318a7a1f1619
1392,liquid,capital,2012,BLOG,huffingtonpost.com,""" >Dimon was quoted by CNBC</a>, "" The United States has... the most liquid capital markets in the world. If you lose liquidity because you lose market making",""" >Dimon was quoted by CNBC</a>, "" The United States has... the most liquid capital markets in the world. If you lose liquidity because you lose market making",6a7b494f7adb06f6f48e8a2b65632f66
1393,liquid,capital,2012,BLOG,blogs.ajc.com,", Freddie and Fannie) all of which would be insolvent if required to maintain liquid capital surplus similar to licensed insurers. # I'm going through this with my",", Freddie and Fannie) all of which would be insolvent if required to maintain liquid capital surplus similar to licensed insurers. # I'm going through this with my",280bb663019ea6f85b5a77b74322e259
1394,liquid,capital,2011,ACAD,GeorgiaHisQ,", of those same landowners to sell improved properties. They knew that those with liquid capital and a willingness to move could easily obtain inexpensive -- if less developed --",", of those same landowners to sell improved properties. They knew that those with liquid capital and a willingness to move could easily obtain inexpensive -- if less developed --",46c78990bd5a8d39bf569bcf1bbab37f
1395,liquid,capital,2009,NEWS,SanFranChron,". It was designed to buy toxic mortgage assets from banks, giving them enough liquid capital to unfreeze the credit markets and prevent a financial meltdown. # The act creating",". It was designed to buy toxic mortgage assets from banks, giving them enough liquid capital to unfreeze the credit markets and prevent a financial meltdown. # The act creating",30062bc4c101e1ebbb0dd78f99707d95
1396,liquid,capital,2008,MAG,Newsweek,"hollow today. Many critics in Asia and the Middle East, where pools of liquid capital dwarf the IMF's own, are wondering why they should turn over their","hollow today. Many critics in Asia and the Middle East, where pools of liquid capital dwarf the IMF's own, are wondering why they should turn over their",026d725911dc95056bfdb3efe7d478c5
1397,liquid,capital,2002,ACAD,LatinAmResRev,"of it of marginal value in 1898 because it was uncultivated, was converted into liquid capital to the advantage of those elite families who could then invest in other economic","of it of marginal value in 1898 because it was uncultivated, was converted into liquid capital to the advantage of those elite families who could then invest in other economic",a1e183040ff32d223050c5a90e361960
1398,liquid,capital,1993,MAG,Ebony,", it soon became apparent that she was dangerously overextended and in great need of liquid capital. Finally, after a complicated series of legal moves, she was declared",", it soon became apparent that she was dangerously overextended and in great need of liquid capital. Finally, after a complicated series of legal moves, she was declared",b03716d05b03d8d14c33b544eabb98fa
1399,liquid,capital,1991,MAG,AmHeritage,"banking system worked very well in the Northeast, but the defeated South, its liquid capital destroyed, had fewer than a hundred national banks, and none in Mississippi","banking system worked very well in the Northeast, but the defeated South, its liquid capital destroyed, had fewer than a hundred national banks, and none in Mississippi",1626f5d866edf71261e055f71d42131d
1400,liquid,capital,1991,NEWS,WashPost,"all of Metro's tunnels are below the water line. # D.C. is a liquid capital, thanks to once-plenteous springs and runoff from the hills. At the beginning","all of Metro's tunnels are below the water line. # D.C. is a liquid capital, thanks to once-plenteous springs and runoff from the hills. At the beginning",bef0f6317bf6f314b51c8149f01d4e02
1401,liquid,resource,2012,BLOG,kansascity.com,"fuel commodity, Beattie thinks of the crops as a water export because of the liquid resource that goes into the production. Our virtual water benefits parts of the globe","fuel commodity, Beattie thinks of the crops as a water export because of the liquid resource that goes into the production. Our virtual water benefits parts of the globe",3023007cb213d35bc8347252f260cde9
1402,liquid,resource,2012,BLOG,wwltv.com (1),"currently live; - Monthly income for each household member; and - All liquid resources for each household member (cash on hand, checking, savings).","currently live; - Monthly income for each household member; and - All liquid resources for each household member (cash on hand, checking, savings).",8ada187f00b3294f05ef1346dad80328
1403,liquid,resource,2012,BLOG,wwltv.com,"for DSNAP. # The formula adds together monthly household income, as well as liquid resources like checking and savings accounts. It then subtracts unreimbursed disaster-related expenses to arrive","for DSNAP. # The formula adds together monthly household income, as well as liquid resources like checking and savings accounts. It then subtracts unreimbursed disaster-related expenses to arrive",c82df82dcca989249cf3897ee57527c9
1404,liquid,resource,2012,BLOG,ritholtz.com,The purpose of the LCR is to ensure that such a bank will have sufficient liquid resources so if it were to encounter business difficulties and temporarily lose access to market,The purpose of the LCR is to ensure that such a bank will have sufficient liquid resources so if it were to encounter business difficulties and temporarily lose access to market,1288f373a918870f29139992d15834eb
1405,liquid,resource,1990,MOV,RoboCop 2,"think it's worse than that, sir. We shifted 80 percent of our liquid resources to the urban pacification plan. If we can't foreclose, public confidence","think it's worse than that, sir. We shifted 80 percent of our liquid resources to the urban pacification plan. If we can't foreclose, public confidence",25e195b5c95d3eeb0fb0edcdee4a4372
1406,liquid,reserve,2012,WEB,theatlantic.com,"country's central bank) also buys government bonds -- this is how it provides liquid reserves to commercial banks and cash to households. Similarly, Japan's private pension","country's central bank) also buys government bonds -- this is how it provides liquid reserves to commercial banks and cash to households. Similarly, Japan's private pension",e91810329ada57a19ea07540b9fdaaf8
1407,liquid,reserve,1999,ACAD,ForeignAffairs,"by taking the right measures to boost liquidity: reducing short-term foreign debt, accumulating liquid reserves, and organizing a collateralized credit facility. Each of these measures carries a","by taking the right measures to boost liquidity: reducing short-term foreign debt, accumulating liquid reserves, and organizing a collateralized credit facility. Each of these measures carries a",49a35c8d9b8eacad58327ba2ac88fe8b
1408,mobile,action,2018,ACAD,...l Technology in Higher Education,"Table 4, once again, there are generally greater numbers of high-readiness users for mobile actions within each cohort. Only for I16 (searching or downloading movies) do","Table 4, once again, there are generally greater numbers of high-readiness users for mobile actions within each cohort. Only for I16 (searching or downloading movies) do",911a7ed377e41c9f8f54d917420269b5
1409,mobile,actor,1994,FIC,ArkansasRev,"gathered her talents -- her agile mind and clever fingers, her glib tongue and mobile actor's features -- and placed them at the altar of her language teaching.","gathered her talents -- her agile mind and clever fingers, her glib tongue and mobile actor's features -- and placed them at the altar of her language teaching.",462b106e6e0eeb050db362ee86ed77d4
1410,still,tranquility,2012,BLOG,corawen.com,"of Earth and Late Summer. # Late Summer is Earth, balancing in still tranquility and represented by the Stomach and Spleen as the organs that allow us to be","of Earth and Late Summer. # Late Summer is Earth, balancing in still tranquility and represented by the Stomach and Spleen as the organs that allow us to be",1c3654017accb0afc083b899a5f81938
1411,reserve,study,2019,ACAD,Cato Journal,"(2012, 2014) and Yellen (2012, 2015). That Federal Reserve study indicated that a $600 billion asset purchase program would reduce the term premium by","(2012, 2014) and Yellen (2012, 2015). That Federal Reserve study indicated that a $600 billion asset purchase program would reduce the term premium by",e119f390c996f3ef03e4c80567f11b58
1412,reserve,study,2018,MAG,Phys.Org,"# In their analysis of the algal samples collected during the 10-week E.S. George Reserve study, researchers compared the ability of monocultures and polycultures to do several jobs at","# In their analysis of the algal samples collected during the 10-week E.S. George Reserve study, researchers compared the ability of monocultures and polycultures to do several jobs at",aa5f0e022656cf4161fab0ce5ecd496a
1413,reserve,study,2018,NEWS,Virginian-Pilot,guidelines to follow in the managing of maintenance of the community. That is why reserve studies are so important. They provide associations with a direction to follow. #,guidelines to follow in the managing of maintenance of the community. That is why reserve studies are so important. They provide associations with a direction to follow. #,769c1e4027930bb602136734d8b37186
1414,reserve,study,2017,MAG,MarketWatch,"three months of expenses, only 47% said they did, a separate U.S. Federal Reserve study found.) # The financial situation was far worse for people of color","three months of expenses, only 47% said they did, a separate U.S. Federal Reserve study found.) # The financial situation was far worse for people of color",cdc286ddfa17eada4bece8665bbc12cc
1415,reserve,study,2016,MAG,Business Insider,"Rusin said in a statement. # The results confirm the findings of a Federal Reserve study published last year, in which 46 percent of adults said they either would","Rusin said in a statement. # The results confirm the findings of a Federal Reserve study published last year, in which 46 percent of adults said they either would",9bccff5dc85572837cfa06532a10b265
1416,reserve,study,2014,NEWS,WashPost,"Almost 20 percent of people near retirement age have no retirement savings, the Federal Reserve study said. Overall, 31 percent of people said they have zero money saved","Almost 20 percent of people near retirement age have no retirement savings, the Federal Reserve study said. Overall, 31 percent of people said they have zero money saved",0ec7a45c8f6c25d7553f8691f6e6be55
1417,reserve,study,2012,WEB,spectator.org,"act "" requirement that banks loan n% locally, was triggered by a Boston Federal Reserve study that showed that minorities were denied loans disproportionally. AT THE TIME I asked","act "" requirement that banks loan n% locally, was triggered by a Boston Federal Reserve study that showed that minorities were denied loans disproportionally. AT THE TIME I asked",2f5d9cc148575fa04692c68229d6d7f8
1418,reserve,study,2012,WEB,zerohedge.com,(and wouldn't require the IRS for enforcement). Data from the Federal Reserve studies is available at: # And for an added kicker the HFT bots which,(and wouldn't require the IRS for enforcement). Data from the Federal Reserve studies is available at: # And for an added kicker the HFT bots which,6ede854a7e840687f63cfa4c60a02042
1419,reserve,study,2012,BLOG,...ance.fortune.cnn.com,"membership rolls of the 1% club are always in flux. According to a Federal Reserve study, between 1996 and 2005 some 57% of the 1% fell out of the","membership rolls of the 1% club are always in flux. According to a Federal Reserve study, between 1996 and 2005 some 57% of the 1% fell out of the",f3097f32c853be18566802ac4133dbaa
1420,reserve,study,2012,BLOG,dcfpi.org,"the stock market, "" according to a Wall Street Journal summary of a Federal Reserve study. # If cutting the tax on investment income has no effect for the","the stock market, "" according to a Wall Street Journal summary of a Federal Reserve study. # If cutting the tax on investment income has no effect for the",2d3a7aca0e0f5016d54d38e0bc8e795c
1421,reserve,study,2012,BLOG,reservestudy.com,"of 0 until the following year, and how that should be communicated in the Reserve Study. Deferring a project can be done, but it is a decision made","of 0 until the following year, and how that should be communicated in the Reserve Study. Deferring a project can be done, but it is a decision made",e46c324b182539bd058538605fc25763
1422,reserve,study,2012,BLOG,reservestudy.com,"by the Board, and something the Board communicates in a document separate from the Reserve Study. The Reserve Study is where the association communicates to the members the status","by the Board, and something the Board communicates in a document separate from the Reserve Study. The Reserve Study is where the association communicates to the members the status",c7837e22bf52859b0db100f64378d615
1423,reserve,study,2012,BLOG,reservestudy.com,and something the Board communicates in a document separate from the Reserve Study. The Reserve Study is where the association communicates to the members the status of the physical components,and something the Board communicates in a document separate from the Reserve Study. The Reserve Study is where the association communicates to the members the status of the physical components,72bafdcdc6a005181813a4b1cf409009
1424,reserve,study,2012,BLOG,reservestudy.com,"We have a responsibility to report the truth of the situation to readers of the Reserve Study. # So just because a RUL shows zero, the Board is not","We have a responsibility to report the truth of the situation to readers of the Reserve Study. # So just because a RUL shows zero, the Board is not",2e2934ed76efbb73f85c6a5005cbd314
1425,reserve,study,2012,BLOG,reservestudy.com,"RUL shows zero, the Board is not required to accomplish that project. The Reserve Study should be a document that truthfully shows that the life of that asset has","RUL shows zero, the Board is not required to accomplish that project. The Reserve Study should be a document that truthfully shows that the life of that asset has",37a493f56885bd9328fcca5abbc0c96d
1426,reserve,study,2012,BLOG,reservestudy.com,the basis of the actual needs of the association. This is all so the Reserve Study will stand as an accurate disclosure of the physical and financial status of the,the basis of the actual needs of the association. This is all so the Reserve Study will stand as an accurate disclosure of the physical and financial status of the,c22a5361baeaea10557f89ee8fe3540e
1427,reserve,study,2012,BLOG,reservestudy.com,"The Board of course may choose to defer some projects, but every year the Reserve Study provides a benchmark providing its readers a realistic assessment of the condition of the","The Board of course may choose to defer some projects, but every year the Reserve Study provides a benchmark providing its readers a realistic assessment of the condition of the",73d252a655d2b71d33ba7adccdf6ff33
1428,reserve,study,2012,BLOG,reservestudy.com,"handle those projects. # Mr. Miller -- we encourage two purposes of a completed Reserve Study -- budget planning and disclosure. We create our Reserve Study with a ""","handle those projects. # Mr. Miller -- we encourage two purposes of a completed Reserve Study -- budget planning and disclosure. We create our Reserve Study with a """,c3601626984da30a692dc5ed0a2f626a
1429,reserve,study,2012,BLOG,reservestudy.com,"purposes of a completed Reserve Study -- budget planning and disclosure. We create our Reserve Study with a "" 3-Minute Executive Summary "" near the front, giving our clients","purposes of a completed Reserve Study -- budget planning and disclosure. We create our Reserve Study with a "" 3-Minute Executive Summary "" near the front, giving our clients",e6a08c7f5494bbeb7b8548b0469d7264
1430,reserve,study,2012,BLOG,reservestudy.com,"being transparent. # Dan -- we are very interested in having homeowners understand their Reserve Study. If that is facilitated by distributing the entire Reserve Study, great!","being transparent. # Dan -- we are very interested in having homeowners understand their Reserve Study. If that is facilitated by distributing the entire Reserve Study, great!",acc9583a66f998c315805a5b2ce8aeed
1431,reserve,study,2012,BLOG,reservestudy.com,"having homeowners understand their Reserve Study. If that is facilitated by distributing the entire Reserve Study, great! That is one of the reasons we provide the Reserve Study","having homeowners understand their Reserve Study. If that is facilitated by distributing the entire Reserve Study, great! That is one of the reasons we provide the Reserve Study",c273115c4de91b8301932e34a00ad4d8
1432,reserve,study,2012,BLOG,reservestudy.com,"entire Reserve Study, great! That is one of the reasons we provide the Reserve Study electronically, to aid in potential distribution. Another option is to","entire Reserve Study, great! That is one of the reasons we provide the Reserve Study electronically, to aid in potential distribution. Another option is to",92bb6271284958a89ccaaf173007dbf0
1433,reserve,study,2007,NEWS,CSMonitor,The increase in automatic payments mirrors the rise in electronic banking overall: A Federal Reserve Study found that the number of electronic payments made with credit or debit cards exceeded,The increase in automatic payments mirrors the rise in electronic banking overall: A Federal Reserve Study found that the number of electronic payments made with credit or debit cards exceeded,d9d2650a80ef4657cbe954226c9a2414
1434,reserve,study,2007,NEWS,CSMonitor,"were growing faster, than those for less than $100,000, according to a Federal Reserve study published last fall. # * Many subprime borrowers fell into trouble because their","were growing faster, than those for less than $100,000, according to a Federal Reserve study published last fall. # * Many subprime borrowers fell into trouble because their",679be243098bcdba584f66db8feb97bf
1435,reserve,study,2005,MAG,Money,"your credit rating? Your credit rating being wrecked by accident. A 2003 Federal Reserve study of 250,000 credit reports found that 70% contained mistakes. A 2004 U.S. Public","your credit rating? Your credit rating being wrecked by accident. A 2003 Federal Reserve study of 250,000 credit reports found that 70% contained mistakes. A 2004 U.S. Public",835d529eff162cbd0b3b32d9cc131f52
1436,reserve,study,2001,ACAD,ABAJournal,who pay off their cards in full every month. # -- Recommend a Federal Reserve study into the relationship between credit card debt amassed in college and bankruptcy. #,who pay off their cards in full every month. # -- Recommend a Federal Reserve study into the relationship between credit card debt amassed in college and bankruptcy. #,0c7b91e3eedcec9a74f76763f2540b3c
1437,reserve,study,1997,ACAD,SocialWork,p. 33). # LaCouer-Little (1996) pointed out that the Boston Federal Reserve study undertaken in 1992 on the basis of 1990 HMDA data substantiated discriminatory lending.,p. 33). # LaCouer-Little (1996) pointed out that the Boston Federal Reserve study undertaken in 1992 on the basis of 1990 HMDA data substantiated discriminatory lending.,3b69293abdf76cbacbda591c90709fb2
1438,reserve,study,1997,ACAD,SocialWork,with slightly over 10 percent for white applicants. The authors of the Boston Federal Reserve study concluded the following: # The results of this study indicate that race does,with slightly over 10 percent for white applicants. The authors of the Boston Federal Reserve study concluded the following: # The results of this study indicate that race does,84424580106d6a6f730fe4dbb53b32b8
1439,reserve,study,1994,MAG,NatlReview,"this crusade. They didn't matter last year either, when the Boston Federal Reserve study that claimed to prove the exis tence of mortgage discrimination was blown out of","this crusade. They didn't matter last year either, when the Boston Federal Reserve study that claimed to prove the exis tence of mortgage discrimination was blown out of",d8ba44237dd31667c7c8ee836ce9b994
1440,reserve,study,1993,MAG,NatlReview,"authors compare black and white default rates. Writing in Forbes about a Boston Federal Reserve study, Peter Brimelow and Leslie Spencer showed that the default rate on loans by","authors compare black and white default rates. Writing in Forbes about a Boston Federal Reserve study, Peter Brimelow and Leslie Spencer showed that the default rate on loans by",67144d7547b337efaf320caf87102e22
1441,reserve,study,1992,NEWS,Chicago,"evidence of "" rampant "" discrimination and red-lining. # As with a similar Federal Reserve study released earlier in the year, the Woodstock study ignored the credit histories of","evidence of "" rampant "" discrimination and red-lining. # As with a similar Federal Reserve study released earlier in the year, the Woodstock study ignored the credit histories of",f2232460f2cf39c59df5a76a6f408e22
1442,reserve,study,1992,ACAD,CATOJournal,at 8.4 percent of the total for 1991 IV. The results of a Federal Reserve study (Mahoney 1988) indicate that most of these zero interest deposits are held,at 8.4 percent of the total for 1991 IV. The results of a Federal Reserve study (Mahoney 1988) indicate that most of these zero interest deposits are held,14cff93ecc25909acc05da875b668d90
1443,reserve,study,1990,MAG,USNWR,"lines of credit, which homeowners have tapped increasingly of late: A recent Federal Reserve study shows that home-equity loans generally replace existing debt, not add to it.","lines of credit, which homeowners have tapped increasingly of late: A recent Federal Reserve study shows that home-equity loans generally replace existing debt, not add to it.",1275c537f0f4df13fccff2551db481f7
1444,reserve,training,2016,NEWS,Arizona Daily Star,"Mediterranean and Gulf of Mexico, among other exotic locales as part of her Naval Reserve training duty. # "" I liked being onboard a ship and traveling, ""","Mediterranean and Gulf of Mexico, among other exotic locales as part of her Naval Reserve training duty. # "" I liked being onboard a ship and traveling, """,3b32fd118a44722be56eedb9ed0a4329
1445,reserve,training,2015,MAG,MilitaryHist,"58). Moved to Belfast in 1924, the ship was a Royal Naval Reserve training vessel and headquarters until its 2011 decommissioning. # PHOTO (BLACK & WHITE","58). Moved to Belfast in 1924, the ship was a Royal Naval Reserve training vessel and headquarters until its 2011 decommissioning. # PHOTO (BLACK & WHITE",6dbb9e6a90f2b17a4e011a440fff9001
1446,reserve,training,2008,SPOK,CBS_48Hours,"as well, a new boyfriend, Ralph Sepulveda, a former Army Ranger and Reserve training instructor. Ms-ABEL: She thought, you know, he's a really","as well, a new boyfriend, Ralph Sepulveda, a former Army Ranger and Reserve training instructor. Ms-ABEL: She thought, you know, he's a really",f8313f0efd7852cb02661a60e258f2c8
1447,reserve,training,2005,TV,The West Wing,"of a letter from the Marine Reserve command. You've been called up for reserve training in Fort Worth, Texas, for two days. - The Tuesday after","of a letter from the Marine Reserve command. You've been called up for reserve training in Fort Worth, Texas, for two days. - The Tuesday after",b01633cd3acc06ecafc2e540535294ad
1448,reserve,training,2005,TV,The West Wing,should. So I moved it around a bit. At least I did real reserve training with the big guns every year. Almost. It'll look like a,should. So I moved it around a bit. At least I did real reserve training with the big guns every year. Almost. It'll look like a,b3cdac544732bf814028d0aebc115445
1449,reserve,training,2002,SPOK,NPR_ATC,. LISA-NURNBERGER-re: Members of an Army reserve unit packed into a classroom at a reserve training center outside of Washington. About 50 men and women dressed in camouflage sat,. LISA-NURNBERGER-re: Members of an Army reserve unit packed into a classroom at a reserve training center outside of Washington. About 50 men and women dressed in camouflage sat,6be8f3244b8d3e6498fa194fc8a0807f
1450,reserve,training,2000,NEWS,Atlanta,. The change of command ceremony is 2 p.m. Tuesday at the Navy/Marine Corps Reserve Training Center across from Dobbins Air Reserve Base. # Grozinski was the director of,. The change of command ceremony is 2 p.m. Tuesday at the Navy/Marine Corps Reserve Training Center across from Dobbins Air Reserve Base. # Grozinski was the director of,2eabde08997ba04b404d4619511cb887
1451,reserve,training,1996,ACAD,ArmedForces,"of conscripts while maintaining the key administrative functions of the organization, such as orchestrating reserve training or equipment acquisition and support. Conscripts in their last 18 months of service","of conscripts while maintaining the key administrative functions of the organization, such as orchestrating reserve training or equipment acquisition and support. Conscripts in their last 18 months of service",4a47153e0baf33d8782fc58272ddd92e
1452,reserve,training,1994,SPOK,ABC_Brinkley,"the United States Navy announced that it does not have enough money for it's reserve training for the rest of it's month, canceling training of the reserves.","the United States Navy announced that it does not have enough money for it's reserve training for the rest of it's month, canceling training of the reserves.",dd7187bbea94298d7cc674baebb412f0
1453,reserve,training,1991,NEWS,WashPost,"Navy. When he retired in 1970, he was commanding officer of the Naval Reserve Training Center in Wheeling, W.Va. # Cmdr. Wolf later lived on his farm","Navy. When he retired in 1970, he was commanding officer of the Naval Reserve Training Center in Wheeling, W.Va. # Cmdr. Wolf later lived on his farm",c381f14aeeae53e5dc26670cf0bc3879
1454,reserve,training,1990,NEWS,WashPost,"light cruiser Brooklyn, on which he served as navigation officer. A former Naval Reserve training officer at Yale University, he also had served in the fleet training division","light cruiser Brooklyn, on which he served as navigation officer. A former Naval Reserve training officer at Yale University, he also had served in the fleet training division",04176a80ac1a109706b245bcc9b06ab4
1455,supporting,aid,2011,SPOK,PBS_NewsHour,"cut off its direct government funding, and, since then, has only been supporting aid groups. ANI-SHAKARISHVILI,: Indeed, the suspension of the grant was related","cut off its direct government funding, and, since then, has only been supporting aid groups. ANI-SHAKARISHVILI,: Indeed, the suspension of the grant was related",f56aafa71d59b4a30d702f9c2d2a2384
1456,supporting,aid,1994,ACAD,PerspPolSci,"He believes in selective engagement, having voted against the Persian Gulf War while vocally supporting aid to the former Soviet Union. He is also a leading advocate of ""","He believes in selective engagement, having voted against the Persian Gulf War while vocally supporting aid to the former Soviet Union. He is also a leading advocate of """,ef3721b7244a764554da0c553b2e5194
1457,supporting,assistance,2012,WEB,still4hill.com,"investment in Burma, as well as the export of U.S. financial services, and supporting assistance from the international financial institutions. # And let me say that Australia has","investment in Burma, as well as the export of U.S. financial services, and supporting assistance from the international financial institutions. # And let me say that Australia has",f48ea3f4777447e98863462a3c58be69
1458,supporting,assistance,1991,ACAD,ForeignAffairs,"was central, but the United States could not have done it alone; strong supporting assistance was needed. Five circumstances made for success in the gulf crisis: U.S.","was central, but the United States could not have done it alone; strong supporting assistance was needed. Five circumstances made for success in the gulf crisis: U.S.",b527de5d6a27d2aa9ef616cdf41e6f62
1459,supporting,help,2012,WEB,metacritic.com,"some sociopath. But it contains a good performance by Slater, who gets nice supporting help from Elisha Cuthbert (as Vanessa), an actress","some sociopath. But it contains a good performance by Slater, who gets nice supporting help from Elisha Cuthbert (as Vanessa), an actress",cb22e939549c2eca3cf341f866685c5f
1460,supporting,help,2012,BLOG,criminalelement.com,"the past. Bronson is an interesting case study, a man who had been supporting help in movies for a long time (do not miss his turn as the","the past. Bronson is an interesting case study, a man who had been supporting help in movies for a long time (do not miss his turn as the",8817a526eb6c63c2be5570063406f381
1461,supportive,assistance,2008,ACAD,InstrPsych,"1978) theory suggests that by interacting with more knowledgeable and responsive people who provide supportive assistance, students are able to perform tasks at a higher level than they could","1978) theory suggests that by interacting with more knowledgeable and responsive people who provide supportive assistance, students are able to perform tasks at a higher level than they could",43d7644696c91029f16f1c2c9294f1c2
1462,supportive,assistance,1997,ACAD,VisualImpair,"included overcoming scheduling, transportation, and financial difficulties, finding capable interns and other supportive assistance, locating a gallery and a permanent site, and overseeing the construction and","included overcoming scheduling, transportation, and financial difficulties, finding capable interns and other supportive assistance, locating a gallery and a permanent site, and overseeing the construction and",d2cd659a868e703b3f3bca5d7da63a04
1463,supportive,help,1992,ACAD,ClearingHouse,generation of teachers as a precious legacy.... It is a way to be a supportive help to someone who's going to be responsible for our future leaders' education,generation of teachers as a precious legacy.... It is a way to be a supportive help to someone who's going to be responsible for our future leaders' education,62179703864432b425ff2c649e5240a9
1464,tactile,vision,2007,ACAD,VisualImpair,"about the location and distance of objects, whereas visuotactile systems, such as the Tactile Vision Substitution System (TVSS), enable access to more complex optical-like information.","about the location and distance of objects, whereas visuotactile systems, such as the Tactile Vision Substitution System (TVSS), enable access to more complex optical-like information.",bac4f9f9bae96ef042e2ee4fff9c25dd
1465,tactile,vision,2007,ACAD,VisualImpair,from a grant N 3 AM 077 from CNAMTS-INSERM (France). The first Tactile Vision Stimulation System (TVSS) that was especially designed for infants who are blind,from a grant N 3 AM 077 from CNAMTS-INSERM (France). The first Tactile Vision Stimulation System (TVSS) that was especially designed for infants who are blind,54ca70f07594a378f3ddc0944470afb2
1466,vertical,health,2019,ACAD,BMC Health Services Research,"the higher demands for their health services and, ultimately, promoting the realization of vertical health equity. # Socio-economic factors were found to play the most important role in","the higher demands for their health services and, ultimately, promoting the realization of vertical health equity. # Socio-economic factors were found to play the most important role in",d0f0e829f31ef1098967d431803fb509
1467,vertical,control,2014,ACAD,PolSciQuarterly,". But many empirical studies have documented the difficulties involved in the exercise of tight vertical control -- especially in very large, multi-tiered organizations (and states) possessing several",". But many empirical studies have documented the difficulties involved in the exercise of tight vertical control -- especially in very large, multi-tiered organizations (and states) possessing several",49e448a253d52b8fb901f65db0d823f1
1468,vertical,control,2013,NEWS,Pittsburgh,"She is in harrowing scenes in which the plane loses its hydraulics, pitch and vertical control and enters an uncontrolled descent. "" They put the cabin and cockpit of","She is in harrowing scenes in which the plane loses its hydraulics, pitch and vertical control and enters an uncontrolled descent. "" They put the cabin and cockpit of",71614630f6357476ea51db0938fa3846
1469,vertical,control,2012,MAG,PopMech,"RAPTOR # F-35 LIGHTNING II # PROS # The flying wing shape, with no vertical control surface, lowers the long-range B-2's radar cross section dramatically. The engine","RAPTOR # F-35 LIGHTNING II # PROS # The flying wing shape, with no vertical control surface, lowers the long-range B-2's radar cross section dramatically. The engine",32d01f3d3a2177b3f1fe779f9f16b659
1470,vertical,control,2012,BLOG,...logs.defensenews.com,the submarine's nuclear reactor plant was reported to be undamaged. # But the vertical control fin of the MONTPELIER was damaged -- either bent severely or sheered off --,the submarine's nuclear reactor plant was reported to be undamaged. # But the vertical control fin of the MONTPELIER was damaged -- either bent severely or sheered off --,5fe04a523dd1d5d52cc12e3db5a1eff9
1471,vertical,control,2012,BLOG,...logs.defensenews.com,"after her collision with the cruiser SAN JACINTO. There is no sign of the vertical control fin, normally seen projecting from the water at the aft end of the","after her collision with the cruiser SAN JACINTO. There is no sign of the vertical control fin, normally seen projecting from the water at the aft end of the",f0ca13eaf9acdff91d374041b75eb513
1472,vertical,control,2010,MOV,Video Games Live,", when I ****, moves my paddle left or right. There's a vertical control which moves my paddle up and down. Right here there's an English",", when I ****, moves my paddle left or right. There's a vertical control which moves my paddle up and down. Right here there's an English",b832d64d550c93242fd58b901ab30b4e
1473,vertical,control,2006,ACAD,AnthropolQ,"ethnohistorical work that identified the Andean region as socially and economically organized through the "" vertical control of multiple ecological levels "" (1975). Murra might be viewed as","ethnohistorical work that identified the Andean region as socially and economically organized through the "" vertical control of multiple ecological levels "" (1975). Murra might be viewed as",95c92908135a88b5dc49e712b0bc1f74
1474,vertical,control,2006,ACAD,AnthropolQ,"(see Appadurai 1986: 359) that established Andean studies' gatekeeping concepts of vertical control, reciprocity and redistribution (see Ticona Alejo 1994). According to Marisol","(see Appadurai 1986: 359) that established Andean studies' gatekeeping concepts of vertical control, reciprocity and redistribution (see Ticona Alejo 1994). According to Marisol",95722e26781ffdc08add1ec1f6fa6e10
1475,vertical,control,2002,MAG,PopScience,"in flight, while large and relatively slow, is mesmerizing. The lack of vertical control surfaces makes it inherently unstable and near impossible to fly by hand -- the","in flight, while large and relatively slow, is mesmerizing. The lack of vertical control surfaces makes it inherently unstable and near impossible to fly by hand -- the",ab59706a9fd654267ecd8554ddd10a26
1476,vertical,control,2000,SPOK,CNN_SatMorn,"BEGIN VIDEO CLIP) JOHN HAMMERSCHMIDT, NTSB: After recovery from this loss of vertical control, a flight attendant advised the crew that she had heard a loud noise","BEGIN VIDEO CLIP) JOHN HAMMERSCHMIDT, NTSB: After recovery from this loss of vertical control, a flight attendant advised the crew that she had heard a loud noise",970c430f884c2d5a51ff5e2955825f0d
1477,vertical,control,1994,MAG,Compute,", these resemble steering wheels, but you can also push and pull them for vertical control. # CH Products' sturdy Virtual Pilot yoke would look right at home",", these resemble steering wheels, but you can also push and pull them for vertical control. # CH Products' sturdy Virtual Pilot yoke would look right at home",0f3c3c7b117ce8f73e4556ed8d5a4a6c
1478,vertical,power,2018,MAG,Daily Beast,"the order, which must have been coming from the very top of Russia's vertical power structure: they did not fatally poison former GRU colonel Sergei Skripal. ""","the order, which must have been coming from the very top of Russia's vertical power structure: they did not fatally poison former GRU colonel Sergei Skripal. """,b03eb3fbaa0d98fc61a4114c958c851c
1479,vertical,power,2012,BLOG,ourfiniteworld.com,) for our current fossil fuelled global economy. Giving up totally means accepting a vertical power dive straight into the ground. For those of you know aviation there is,) for our current fossil fuelled global economy. Giving up totally means accepting a vertical power dive straight into the ground. For those of you know aviation there is,43580f2bc5a921b23f9dcc50da76ac8e
1480,vertical,power,2012,BLOG,ourfiniteworld.com,"know aviation there is still a considerable difference between a controlled crash landing and a vertical power dive. # Most people are not throwing up their hands and saying ""","know aviation there is still a considerable difference between a controlled crash landing and a vertical power dive. # Most people are not throwing up their hands and saying """,e911e28fc39c03de11a7410a013b3322
1481,vertical,power,2008,ACAD,AmerScholar,"the illiberal networks has been shoring up the weakened Russian state (creating a "" vertical power "" structure), which has been used effectively in rolling back the liberal","the illiberal networks has been shoring up the weakened Russian state (creating a "" vertical power "" structure), which has been used effectively in rolling back the liberal",15637c463630942b98400c2c18cc7064
1482,vertical,power,2007,ACAD,THEJournal,"industries. Earlier this year, the company introduced its new PowerMount system for mounting vertical power strips. The system is designed specifically for easy installation and repositioning of power","industries. Earlier this year, the company introduced its new PowerMount system for mounting vertical power strips. The system is designed specifically for easy installation and repositioning of power",e3a34b618050322c15355570a4c51b97
1483,vertical,power,2000,NEWS,CSMonitor,". He describes how the change from hunter-gatherer societies to farming led from horizontal to vertical power structures, to tension over fixed resources, and thence to organized violence.",". He describes how the change from hunter-gatherer societies to farming led from horizontal to vertical power structures, to tension over fixed resources, and thence to organized violence.",411611050a9156d906a87677f37626cd
1484,vertical,power,1999,ACAD,IBMR&D,"shared layers of metal are available. Dataflow wiring, wire shifts, and lower-level vertical power striping must be defined. Macro cell size is usually the controlling factor for","shared layers of metal are available. Dataflow wiring, wire shifts, and lower-level vertical power striping must be defined. Macro cell size is usually the controlling factor for",739dca643df372c925fc65648ab6b4e9
1485,vertical,power,1996,ACAD,WorldAffairs,"close aide in the early years of Yeltsin's presidency. "" Real power. Vertical power. Power that is in charge. The alternative is to have a country","close aide in the early years of Yeltsin's presidency. "" Real power. Vertical power. Power that is in charge. The alternative is to have a country",f34f03dd4a7af33fdc57f56bf59eb972
1486,vertical,addition,2018,ACAD,...tional Journal of STEM Education,"practice may begin in a similar matter, advancing from number recognition, counting, vertical addition with one column and two rows, to 7th grade operations with negative numbers","practice may begin in a similar matter, advancing from number recognition, counting, vertical addition with one column and two rows, to 7th grade operations with negative numbers",7a879cb03a762007bf91ef211fce97bf
1487,warm,embrace,2019,SPOK,ABC_Nightline,"is alive once more. Those who come here each weekday can feel the warm embrace of the sweetly familiar, happier times. CAREGIVER-FEMALE) : You are quite entertaining.","is alive once more. Those who come here each weekday can feel the warm embrace of the sweetly familiar, happier times. CAREGIVER-FEMALE) : You are quite entertaining.",2c3c423bf731d9373a07d144fb3b6144
1488,warm,embrace,2019,SPOK,PBS_Newshour,": Given that, what impact does Viktor Orban sitting there and getting this warm embrace from President Donald Trump actually mean for our bond and the E.U.? CHARLES-KUPCHAN) :",": Given that, what impact does Viktor Orban sitting there and getting this warm embrace from President Donald Trump actually mean for our bond and the E.U.? CHARLES-KUPCHAN) :",e2d65b3203815fdca1454789fa6f99ba
1489,warm,embrace,2019,FIC,Analog,"grade, you mean, "" Thea sighed as she left the chair's warm embrace. She looked down at her boss, not fer-six foot six every way around","grade, you mean, "" Thea sighed as she left the chair's warm embrace. She looked down at her boss, not fer-six foot six every way around",f4fdd6dc626e19c2529aad4d1a5330f4
1490,warm,embrace,2019,MAG,rollingstone.com,"Masterpiece and 2017's Capacity -- on which sweet-n-sad folk-rock wrapped you in a warm embrace, UFOF sends a shiver down your spine in its simplicity. The album is","Masterpiece and 2017's Capacity -- on which sweet-n-sad folk-rock wrapped you in a warm embrace, UFOF sends a shiver down your spine in its simplicity. The album is",220a247d8ee61926c043bd42e0fc7f22
1491,warm,embrace,2019,MAG,Slate Magazine,"to use the census to gather the data. # This explanation received a warm embrace from justices in the Supreme Court's conservative majority. "" The CVAP... is","to use the census to gather the data. # This explanation received a warm embrace from justices in the Supreme Court's conservative majority. "" The CVAP... is",ba5386c106b21027ddaef900445ac5d7
1492,warm,embrace,2019,MAG,Jezebel,"which is my preferred time to read, I will optimistically settle into the warm embrace of the sofa with two books and thenplay Candy Crush on my phone for hours","which is my preferred time to read, I will optimistically settle into the warm embrace of the sofa with two books and thenplay Candy Crush on my phone for hours",9a2229d08a5c0032ce8a7b08a8c743a4
1493,warm,embrace,2019,NEWS,Omaha World-Herald,"pictures with Santa Cow, new pillows, sandwiches, hot chocolate and a warm embrace by volunteers and superheroes. # It was a night that reflected the very essence","pictures with Santa Cow, new pillows, sandwiches, hot chocolate and a warm embrace by volunteers and superheroes. # It was a night that reflected the very essence",796fb50905fe92f1aa649f9d948f16db
1494,warm,embrace,2019,NEWS,New York Post,"friends, two peas in the Patriots pod, locked in a long, warm embrace on the field. # "" He just played the best game he has all","friends, two peas in the Patriots pod, locked in a long, warm embrace on the field. # "" He just played the best game he has all",f415e9af517f88cbdd017c257831a435
1495,warm,embrace,2019,TV,Station 19,"But, Bishop, you made Lieutenant. Savor it. Fall into the warm embrace of these mashed potatoes. Mm-hmm. I made Lieutenant at Station 23. The","But, Bishop, you made Lieutenant. Savor it. Fall into the warm embrace of these mashed potatoes. Mm-hmm. I made Lieutenant at Station 23. The",945e314fa6989fbe9c366a19b9cf3906
1496,warm,embrace,2019,TV,Counterpart,"in the cold prison of my world, and to flee it for the warm embrace of his. How could I have been so foolish... to assume it was","in the cold prison of my world, and to flee it for the warm embrace of his. How could I have been so foolish... to assume it was",28df0a6385f90534ae966b3b31e7cc16
1497,warm,embrace,2018,SPOK,NBC_Today,"by what they feel is not only a community, but a nation's warm embrace. (Begin-VT KERRY-SANDERS) : This morning, as students and staff return to class,","by what they feel is not only a community, but a nation's warm embrace. (Begin-VT KERRY-SANDERS) : This morning, as students and staff return to class,",b419b37d32d943aa0dc437760335bab5
1498,warm,embrace,2018,FIC,Analog,"what you could contribute to me. "" He then pulled David into a warm embrace and a very serious kiss... which David eagerly returned a moment later. #","what you could contribute to me. "" He then pulled David into a warm embrace and a very serious kiss... which David eagerly returned a moment later. #",1e3ca50cf67011c7d58fd778399376ad
1499,warm,embrace,2018,FIC,Fan Fic,"on the dock she is occupying, and we embrace. It is a warm embrace, that which a friend would give another friend. I can tell she has","on the dock she is occupying, and we embrace. It is a warm embrace, that which a friend would give another friend. I can tell she has",6808ee6f919807efea591858a824128c
1500,warm,embrace,2018,FIC,Fan Fic,. I snuggled up closer to her and she slowly pulled me into her warm embrace. I loved the way my mother smelled. The rich scent of fresh roses,. I snuggled up closer to her and she slowly pulled me into her warm embrace. I loved the way my mother smelled. The rich scent of fresh roses,8a29af953a1f04166369dc9dfb6084c3
1501,warm,embrace,2018,FIC,Fan Fic,nothing comparing with Emma's coldness towards him. He had been expecting her warm embrace and kisses all the past two days. # Finally he decided to take a,nothing comparing with Emma's coldness towards him. He had been expecting her warm embrace and kisses all the past two days. # Finally he decided to take a,d94f1ec11ce35ff029a30264d59ce438
1502,warm,embrace,2018,MAG,TechCrunch,moving its annual event out of the cold confines of January and into the warm embrace of June starting in 2020. The move aims to reverse an exodus of automakers,moving its annual event out of the cold confines of January and into the warm embrace of June starting in 2020. The move aims to reverse an exodus of automakers,35a78d461477e486fe70ad058791fd8f
1503,warm,embrace,2017,FIC,Analog,"them, and immersing himself in their presence felt almost like experiencing Susan's warm embrace. # He loved the way Susan had furnished the place, especially the precious","them, and immersing himself in their presence felt almost like experiencing Susan's warm embrace. # He loved the way Susan had furnished the place, especially the precious",aeb8bf763fbe50349fa0457b098c70e7
1504,warm,embrace,2017,NEWS,The Seattle Times,"25-year-old recent engineering grad. He said yes and the woman gave him a warm embrace. # Earlier, as Bilal walked to Westlake, a different woman who noticed","25-year-old recent engineering grad. He said yes and the woman gave him a warm embrace. # Earlier, as Bilal walked to Westlake, a different woman who noticed",c41450a41bdd3e33c6765adc54e6f1fc
1505,warm,embrace,2016,SPOK,PBS_Newshour,with presidents. Barack Obama does not have closest or cordial in the most warm embrace of Democratic Members of Congress. WOODRUFF# Yes. He has campaigned for some...,with presidents. Barack Obama does not have closest or cordial in the most warm embrace of Democratic Members of Congress. WOODRUFF# Yes. He has campaigned for some...,3fdb15e3b4f5603dfcc7e60a3b5133cf
1506,warm,embrace,2016,SPOK,PBS_Newshour,"He has campaigned and he raised money. IFILL# And he does have a warmer embrace with his vice president. SHIELDS# Yes. But, I would question the number","He has campaigned and he raised money. IFILL# And he does have a warmer embrace with his vice president. SHIELDS# Yes. But, I would question the number",fb549b88a027682f78e290358d82bc2a
1507,warm,embrace,2016,FIC,Bk:PottersLady,"of time, Rose. "" Ewan stepped inside and wrapped her in a warm embrace. "" I didn't realize you were so eager to leave. "" #","of time, Rose. "" Ewan stepped inside and wrapped her in a warm embrace. "" I didn't realize you were so eager to leave. "" #",bb8d1aa00e7f33cd528ff4d64c8d7b8e
1508,warm,embrace,2016,NEWS,The Boston Globe,"scheduled to perform. # The 23-minute piano suite aims to capture both the warm embrace of his hometown, and the chaos and unrest that followed Brown's death.","scheduled to perform. # The 23-minute piano suite aims to capture both the warm embrace of his hometown, and the chaos and unrest that followed Brown's death.",6ccd4a24b106a19c1c0b2f1aadf500ad
1509,warm,embrace,2015,SPOK,CBS: 48 Hours,": Count one, criminal homicide murder--guilty. SUSAN-SPENCER- (voi# On one side, warm embraces and tears of joy; on the other, shock and disbelief. For Johnny",": Count one, criminal homicide murder--guilty. SUSAN-SPENCER- (voi# On one side, warm embraces and tears of joy; on the other, shock and disbelief. For Johnny",7ed72c87e06cd8bf9eeb1d9e68c542a6
1510,warm,embrace,2015,FIC,Bk:MasqueMurderer,"kind and loving. Extending her arms, Lucy found herself caught in a warm embrace. As they hugged, Lucy could feel Sarah's slight frame beneath her wraps.","kind and loving. Extending her arms, Lucy found herself caught in a warm embrace. As they hugged, Lucy could feel Sarah's slight frame beneath her wraps.",88fb9585deee7727c8fe9dc4e9bec4e2
1511,warm,embrace,2015,FIC,ParisRev,"ditch. The vet, in his late forties, greeted Eleonora with a warm embrace; she ruffled his hair, he tweaked her nose, and I understood at","ditch. The vet, in his late forties, greeted Eleonora with a warm embrace; she ruffled his hair, he tweaked her nose, and I understood at",623acca47bbee024a57aa4a727c73e0b
1512,warm,embrace,2015,FIC,FantasySciFi,"feeding me some platitude, he simply held me. The steadiness of his warm embrace, without expectation, without demand, was how I knew that he understood.","feeding me some platitude, he simply held me. The steadiness of his warm embrace, without expectation, without demand, was how I knew that he understood.",9cc5e2854150e1dc77a5adbaec77fe47
1513,warm,embrace,2015,FIC,FantasySciFi,"of geothermal steam seeped through the soft rock powder, held him in their warm embrace, fondled his wet face, jilted him for the hot, humid air.","of geothermal steam seeped through the soft rock powder, held him in their warm embrace, fondled his wet face, jilted him for the hot, humid air.",0667e95c20eeee9a18c675b3eb00c7b2
1514,warm,embrace,2015,MAG,Essence,"ll accomplish on the stage and in deed. # Our good-bye is a warm embrace followed by a quick chat about when we'll see each other next, to","ll accomplish on the stage and in deed. # Our good-bye is a warm embrace followed by a quick chat about when we'll see each other next, to",c20462b57ca84a90f16978b904b33c8e
1515,warm,embrace,2015,MAG,Smithsonian,"a split second the sheer illogic of a man and a lion in a warm embrace rattled around in my head. Richardson cradled Gabby for a moment, saying,","a split second the sheer illogic of a man and a lion in a warm embrace rattled around in my head. Richardson cradled Gabby for a moment, saying,",6d68df3c157a2771c16407e9349c52d9
1516,warm,embrace,2015,MAG,USAToday,"a better world? unbelievable! "" # I was desperate and needed a warm embrace, a handshake, something warm, something loving -- now -- to take me","a better world? unbelievable! "" # I was desperate and needed a warm embrace, a handshake, something warm, something loving -- now -- to take me",d76a6f13432bb83dc8f737a73ca940cb
1517,warm,embrace,2015,MOV,... Delivered: From Paris with Love,Don't kiss her. Don't kiss her.? Never missed a warm embrace? till april in paris.? Who can I run to?? What,Don't kiss her. Don't kiss her.? Never missed a warm embrace? till april in paris.? Who can I run to?? What,f3de9e6fdecabf821dac7629d2e9c2f4
1518,warm,embrace,2015,MOV,What Lola Wants,"purpose is to return Lola, here, safe and whole to her parents warm embrace. I'm sure you understand that's difficult for me to believe. Truth","purpose is to return Lola, here, safe and whole to her parents warm embrace. I'm sure you understand that's difficult for me to believe. Truth",e49af46d89f72096d49946f3dad0a6f6
1519,warm,embrace,2015,TV,The Last Man on Earth,".? Sun, dry my tears away?? How I need your warm embrace?? To shine upon my crying face?? Sun, shine on me",".? Sun, dry my tears away?? How I need your warm embrace?? To shine upon my crying face?? Sun, shine on me",64afb1655d0491f0bf2322b76a9f863e
1520,warm,embrace,2014,MAG,Skiing,"Versatility is this midlayer's calling card. On the slopes, enjoy the warm embrace of PrimaLoft insulation. While at aprs, take advantage of the classic down-sweater styling","Versatility is this midlayer's calling card. On the slopes, enjoy the warm embrace of PrimaLoft insulation. While at aprs, take advantage of the classic down-sweater styling",2133151847d99db4ea0041ca05b2db8b
1521,warm,embrace,2014,NEWS,NYTimes,"Modi first visited Bhutan and is soon headed to Sri Lanka. "" The warm embrace Modi has received in Nepal raises the question of whether China is really the threat","Modi first visited Bhutan and is soon headed to Sri Lanka. "" The warm embrace Modi has received in Nepal raises the question of whether China is really the threat",d6354cbc8a2f490a555cade5314add89
1522,warm,embrace,2014,NEWS,Austin,"delicacy of a bear doing a second line dance and wraps you in its warm embrace, from a file gumbo studded with rabbit and andouille sausage to a cochon du","delicacy of a bear doing a second line dance and wraps you in its warm embrace, from a file gumbo studded with rabbit and andouille sausage to a cochon du",14954bdd53ffe1267c9b7d40bbf765de
1523,warm,embrace,2014,TV,The Middle,", kissing you. Well, in my mind, I am enjoying your warm embrace, but I am fighting you off because I don't want to be held",", kissing you. Well, in my mind, I am enjoying your warm embrace, but I am fighting you off because I don't want to be held",f627a1d6b9e90d416116db5838d1843e
1524,warm,embrace,2013,MOV,I'm in Love with a Church Girl,"? Oh, till we see You face-to-face?? Let us feel Your warm embrace?? Rain Your love on us again?? Oh?? Rain Your","? Oh, till we see You face-to-face?? Let us feel Your warm embrace?? Rain Your love on us again?? Oh?? Rain Your",b1a2b7bd565016cd294a128a3fd9407c
1525,warm,embrace,2013,MOV,Medeas,"was just sittin' here thinkin'?? Of your kiss and your warm embrace, yeah??? When the reflection in the glass that I held to","was just sittin' here thinkin'?? Of your kiss and your warm embrace, yeah??? When the reflection in the glass that I held to",90f8c0586fe53f7d478644cd4cf7386f
1526,warm,embrace,2013,MOV,Medeas, here thinkin'? (wingsflapping)? Of your kiss and your warm embrace? (clicking) (baby_cooing) (floorboardscreaking) Look at me. You,here thinkin'? (wingsflapping)? Of your kiss and your warm embrace? (clicking) (baby_cooing) (floorboardscreaking) Look at me. You,c110a21af7e0366af9548799d99eb050
1527,warm,embrace,2013,TV,Justified,"never be as great as yours, for I sleep in the lord's warm embrace and will never know true cold or hunger. Yes. So, from this","never be as great as yours, for I sleep in the lord's warm embrace and will never know true cold or hunger. Yes. So, from this",1a0117176c4444d040ffc94d288e9903
1528,warm,embrace,2012,FIC,Bk:LadysRevenge,starving caged beast. All she wanted to do was run headlong into its warm embrace. # (Continues...) #,starving caged beast. All she wanted to do was run headlong into its warm embrace. # (Continues...) #,07cf13113b74731a7651ed8877547a0c
1529,warm,embrace,2012,MOV,Raising Izzie,"? HERE WE ARE?? FACE TO FACE?? TRAPPED INSIDE A WARM EMBRACE? SHE'S GOOD. YEAH, SHE IS. THIS IS NICE, HONEY","? HERE WE ARE?? FACE TO FACE?? TRAPPED INSIDE A WARM EMBRACE? SHE'S GOOD. YEAH, SHE IS. THIS IS NICE, HONEY",d79f90ccf4aa65878ad590fc5da31b5e
1530,warm,embrace,2012,TV,Modern Family,"me a liar... instead of a trusting widow Who fell asleep in the warm embrace of a man who promised to make breakfast. Okay, here it is.","me a liar... instead of a trusting widow Who fell asleep in the warm embrace of a man who promised to make breakfast. Okay, here it is.",0ba70e4f87a83f14e757b0bf7e249531
1531,warm,embrace,2012,WEB,bluehighwayband.com,it all began I saw your face I touched your lips I felt your warm embrace Then I woke up alone and you were still gone and the loneliness lay in,it all began I saw your face I touched your lips I felt your warm embrace Then I woke up alone and you were still gone and the loneliness lay in,dd461b3ed31492bece7ac0de69562ba0
1532,warm,embrace,2012,WEB,brooklynvegan.com,"collective tour dates below... # Chicago artist Stephen Eichhorn' new exhibit, Warm Embrace, opens at The Soccer Club tonight. Om, who play the Bottle on","collective tour dates below... # Chicago artist Stephen Eichhorn' new exhibit, Warm Embrace, opens at The Soccer Club tonight. Om, who play the Bottle on",7e2d4269c8c5b74859b6af0b05ff2b08
1533,warm,embrace,2012,WEB,angelfire.com,"sighed. # "" Right here. "" # He jumped, but a warm embrace slipped around him and kept him from getting to his feet. To his amazement","sighed. # "" Right here. "" # He jumped, but a warm embrace slipped around him and kept him from getting to his feet. To his amazement",392ffee0c6bb5571041337bc25fae0fa
1534,warm,embrace,2012,WEB,...aafricarealstory.com,. United States officials have repeatedly warned Africans to be wary of China's warm embrace. But might China's way of engaging in countries like Rwanda and Ethiopia provide,. United States officials have repeatedly warned Africans to be wary of China's warm embrace. But might China's way of engaging in countries like Rwanda and Ethiopia provide,72cc3cb28605f46a71919a63ec903a40
1535,warm,embrace,2012,WEB,...cs.blogs.foxnews.com,thank him for his work on the president' re-election campaign. # The warm embrace between the two presidents is a far cry from four years ago; when Clinton,thank him for his work on the president' re-election campaign. # The warm embrace between the two presidents is a far cry from four years ago; when Clinton,a7fa34588d8ca552e42358838e208f94
1536,warm,embrace,2012,WEB,metrolyrics.com,feet To hear him say welcome home to me I can almost feel his warm embrace And His nail scarred hands as they wipe my tears away! CHORUS: Do,feet To hear him say welcome home to me I can almost feel his warm embrace And His nail scarred hands as they wipe my tears away! CHORUS: Do,a9a49210954c6fecb506a835db95d25f
1537,warm,embrace,2012,WEB,...hefreedictionary.com,"ones who gave life to this place, and held me then in a warm embrace The roadman who walked his well-trodden way, has now succumbed to the call of","ones who gave life to this place, and held me then in a warm embrace The roadman who walked his well-trodden way, has now succumbed to the call of",4fa504f5eb37a2fd70cda5e9c084f79d
1538,warm,embrace,2012,WEB,johnziegler.com,"Scarbourgh, Kathleen Parker) "" Republicans. "" RINOs can instantly feel the warm embrace of mainstream credibility by simply criticizing other Republicans in a way that the media can","Scarbourgh, Kathleen Parker) "" Republicans. "" RINOs can instantly feel the warm embrace of mainstream credibility by simply criticizing other Republicans in a way that the media can",30a79bec10f1388d00ae409d3aba6234
1539,warm,embrace,2012,WEB,israpundit.com,"s recommendations. # Before the polls open, Netanyahu is returning to the warm embrace of the Right. He kind of distanced himself from the Right over the past","s recommendations. # Before the polls open, Netanyahu is returning to the warm embrace of the Right. He kind of distanced himself from the Right over the past",82a926974e12ba1645deffdc4940685e
1540,warm,embrace,2012,WEB,fanfiction.net,"now at his side, three of his fingers having succumbed to death's warm embrace. # "" What do you want, Albus? Have you finally found it","now at his side, three of his fingers having succumbed to death's warm embrace. # "" What do you want, Albus? Have you finally found it",e88392b20d5d3d4a499062c1a3ea76e6
1541,warm,embrace,2012,WEB,mmo-champion.com,"He channeled a renewing spell at the young human, bolstering him with the warm embrace of holy light and helped him stand up. # Now they were at an","He channeled a renewing spell at the young human, bolstering him with the warm embrace of holy light and helped him stand up. # Now they were at an",c51e1754cbab26082319b0bb762dbd68
1542,warm,embrace,2012,WEB,ldolphin.org,"been given the kind of hug that I longed for: a long, warm embrace that I could fully internalize as affirmation from another man. # I had just","been given the kind of hug that I longed for: a long, warm embrace that I could fully internalize as affirmation from another man. # I had just",63ffccb0c5d5c98ef579e92d039a028c
1543,warm,embrace,2012,WEB,allprodad.com,"secure place in this fast-paced world. They find it most often in the warm embrace of a parent. As children grow, so does their need for acceptance and","secure place in this fast-paced world. They find it most often in the warm embrace of a parent. As children grow, so does their need for acceptance and",3770edb01ce9691e953f999c59fc8e48
1544,warm,embrace,2012,WEB,econstories.tv,are wrong. A couple turned Republican but most folded right back into the warm embrace of the Democratic Party. Under Eisenhower with Republican support the CRA was filibustered by,are wrong. A couple turned Republican but most folded right back into the warm embrace of the Democratic Party. Under Eisenhower with Republican support the CRA was filibustered by,9b159bba14ccfd2d3659459297a090bc
1545,warm,embrace,2012,WEB,freerepublic.com,"across Egypt. President Morsi, basking in the after-glow of Clinton? s warm embrace, has been quick to assume autocratic powers and to shut down the last vestiges","across Egypt. President Morsi, basking in the after-glow of Clinton? s warm embrace, has been quick to assume autocratic powers and to shut down the last vestiges",3f546eaed9bbaf53e4f3af70abaa480e
1546,warm,embrace,2012,BLOG,...myourlife.gather.com,"us has something we can give. A smile, a prayer, and warm embrace can often mean just as much, if not more than most monetary gifts when","us has something we can give. A smile, a prayer, and warm embrace can often mean just as much, if not more than most monetary gifts when",130ad0611b3dcdae0f7def6a4e2b8ee1
1547,warm,embrace,2012,BLOG,pjmedia.com,will reveal if a majority of citizens are afraid of life and seek the warm embrace of a false narrative. Nature is brutal. # Good summary. No pity,will reveal if a majority of citizens are afraid of life and seek the warm embrace of a false narrative. Nature is brutal. # Good summary. No pity,bfec1c68984259b1160a67197eb3728e
1548,warm,embrace,2012,BLOG,twitchfilm.com,", families together. And I am thankful to the Morbido family for their warm embrace on what was only the first night. I think Pablo was looking at my",", families together. And I am thankful to the Morbido family for their warm embrace on what was only the first night. I think Pablo was looking at my",14d1900a80c1af1f05cb1dd6930cb193
1549,warm,embrace,2012,BLOG,stateofformation.org,"and shake their hands with a firm grip, or hug them with a warm embrace, but within my heart conceal a sentiment that I am "" righter "" than","and shake their hands with a firm grip, or hug them with a warm embrace, but within my heart conceal a sentiment that I am "" righter "" than",6cff265c8b0afd6e6c7ca92599cac728
1550,warm,embrace,2012,BLOG,vanityfair.com,"felt abandoned by the New York social and fashion worlds that were extending ever warmer embraces to Tory, their golden girl. The divorce proceedings took about two years --","felt abandoned by the New York social and fashion worlds that were extending ever warmer embraces to Tory, their golden girl. The divorce proceedings took about two years --",9de720c0a820c4f5f02a9970caab3445
1551,warm,embrace,2012,BLOG,...perialvalleynews.com,"of the Bay Area, the sight of the Golden Gate, and the warm embrace of his family. But his family gave him not only roots but wings.","of the Bay Area, the sight of the Golden Gate, and the warm embrace of his family. But his family gave him not only roots but wings.",449618a16ee52a38443f115b3775ffdb
1552,warm,embrace,2012,BLOG,...allman.wordpress.com,"state of cosmic mass pure, clean and perfect, flawless: RATIONAL. WARM EMBRACE! # "" waiting so patiently ""?? not at all, if anything","state of cosmic mass pure, clean and perfect, flawless: RATIONAL. WARM EMBRACE! # "" waiting so patiently ""?? not at all, if anything",7d4c47309d1fb0442326c9dae4818fd1
1553,warm,embrace,2012,BLOG,...mmonwealmagazine.org,"and ask no questions, even for a moment. # Wrapped in the warm embrace it is receiving from Arab countries, Hamas seems to be in no hurry at","and ask no questions, even for a moment. # Wrapped in the warm embrace it is receiving from Arab countries, Hamas seems to be in no hurry at",04d717b2c4ecebddecca8a8aa6511d31
1554,warm,embrace,2012,BLOG,...otography-school.com,"opened the door and became part of our family, with tears shed, warm embraces and an understanding beyond all comprehension. # We asked for a couple of photos","opened the door and became part of our family, with tears shed, warm embraces and an understanding beyond all comprehension. # We asked for a couple of photos",d27c315be1c9883696924544846b0286
1555,warm,embrace,2012,BLOG,miami.cbslocal.com,"mind by remembering the days when she stood smiling by his side or his warm embrace that felt so good. "" He was a good father, "" she said","mind by remembering the days when she stood smiling by his side or his warm embrace that felt so good. "" He was a good father, "" she said",7ebf357f3ab87a5aea25e98d02f4552c
1556,warm,embrace,2012,BLOG,reason.com,"actions you will be exposed as worthless? As long as their is the warm embrace of the Nanny State you can always say "" but they didn't pass a","actions you will be exposed as worthless? As long as their is the warm embrace of the Nanny State you can always say "" but they didn't pass a",8cf7b1e3e2a2cbf3979e81f2447ca717
1557,warm,embrace,2012,BLOG,...lend.firedoglake.com,"home! "" # All I could do was weep in my mother's warm embrace. # That night I extended my stay in Korea for two more weeks.","home! "" # All I could do was weep in my mother's warm embrace. # That night I extended my stay in Korea for two more weeks.",998de6c5eff551312738b6b2e3031a14
1558,warm,embrace,2012,BLOG,...ingthroughthefog.com,". And, in the end, it's only those momentary insights and warm embraces that really matter. Lately, I've been feeling much the same way you",". And, in the end, it's only those momentary insights and warm embraces that really matter. Lately, I've been feeling much the same way you",7f900a40c79e5d6ddcd868fe775abe2c
1559,warm,embrace,2012,BLOG,...ygarry.posterous.com,"in the direction of Les Calanques and Cassis instead of pootling righwards into the warm embrace of the Vieux Port, the passengers becoming the victims of a skipper who'd","in the direction of Les Calanques and Cassis instead of pootling righwards into the warm embrace of the Vieux Port, the passengers becoming the victims of a skipper who'd",bd252450777d82b8ba38cd583dc1464e
1560,warm,embrace,2012,BLOG,laweekly.com,specifically the way its attitude toward its members can flip on a dime from warm embrace to crucifixion. It's often brutal viewing as the underrated Mads Mikkelsen powerfully conveys,specifically the way its attitude toward its members can flip on a dime from warm embrace to crucifixion. It's often brutal viewing as the underrated Mads Mikkelsen powerfully conveys,491ca16d9f330431da4362b35813bc36
1561,warm,embrace,2012,BLOG,...ressblog.typepad.com,book is everything that a good book should be; it's like a warm embrace from your grandmother or a mug of hot cocoa on a cold day. Whether,book is everything that a good book should be; it's like a warm embrace from your grandmother or a mug of hot cocoa on a cold day. Whether,d658d7981a17a540ce661f499c55f203
1562,warm,embrace,2012,BLOG,joystiq.com (1),"your Madden 13 league, you can start relaxing and sinking into the warm embraces of The Walking Dead episodes. If only I'd learn how to play other","your Madden 13 league, you can start relaxing and sinking into the warm embraces of The Walking Dead episodes. If only I'd learn how to play other",ca39df473bbc1e7b471d04c86f64afba
1563,warm,embrace,2012,BLOG,hyperallergic.com,1969 sensing the commitment of the institution to his work and impressed by the warm embrace it had received from the British public. We are heartened to have felt that,1969 sensing the commitment of the institution to his work and impressed by the warm embrace it had received from the British public. We are heartened to have felt that,d283e33bc85ce26da39c020e7fecbc14
1564,warm,embrace,2011,MAG,GoodHousekeeping,"judge's cold, stern voice, followed by Tre'von's biological mother's warm embrace. I'm sorry, I wanted to say to his great-aunt, that I","judge's cold, stern voice, followed by Tre'von's biological mother's warm embrace. I'm sorry, I wanted to say to his great-aunt, that I",16bc2c49c135aac2f68a70a261b8dfaf
1565,warm,embrace,2011,MOV,Rebirth,"up and look around Erina is not here Although I am a mother Her warm embrace can not soothe my pain Some said "" make another baby "" How can they","up and look around Erina is not here Although I am a mother Her warm embrace can not soothe my pain Some said "" make another baby "" How can they",60db01df311c16e93de77ba8046e5c2f
1566,warm,embrace,2011,TV,Raising Hope,the first time I had to bag eggs. I comforted her with a warm embrace. Shut up. It was a bad day. All you need to do,the first time I had to bag eggs. I comforted her with a warm embrace. Shut up. It was a bad day. All you need to do,8582af32e1566f7f6a92810d668551fd
1567,warm,embrace,2010,ACAD,CulturalGeog,but at the same time an invitation. It is what Levinas calls a warm embrace'; a welcoming of the sub- ject into a mode of consciousness that Levinas,but at the same time an invitation. It is what Levinas calls a warm embrace'; a welcoming of the sub- ject into a mode of consciousness that Levinas,dc5a8cbc51bf52b5dc57961aaf3cd432
1568,warm,embrace,2010,ACAD,CulturalGeog,"precipitated by a disruption of enjoyment. But in that disruption there is a warm embrace, a primary hospitable welcome'.20 The welcome is rendered as feminine for a","precipitated by a disruption of enjoyment. But in that disruption there is a warm embrace, a primary hospitable welcome'.20 The welcome is rendered as feminine for a",e1d9166b85b2d780bbc1629333c63675
1569,warm,embrace,2010,MOV,Beauty & the Briefcase,", guys, I want you to, Iike, lay back in a warm embrace. Good. This shot, it needs to be sexy but not sexual.",", guys, I want you to, Iike, lay back in a warm embrace. Good. This shot, it needs to be sexy but not sexual.",c19f254465a94226049bf6496b73baf0
1570,warm,embrace,2005,TV,The Boondocks,"odd adventures and strange mishaps, decided to spend his last days in the warm embrace of suburbia. So he moved to his perfect house in his perfect neighborhood.","odd adventures and strange mishaps, decided to spend his last days in the warm embrace of suburbia. So he moved to his perfect house in his perfect neighborhood.",3592f8a026f2ad117a2d108fb241dc93
1571,warm,embrace,2004,TV,That '70s Show,"brother is not the only one fortunate enough to find himself in love's warm embrace. So, everybody, I'd like to introduce you to Donna.. my","brother is not the only one fortunate enough to find himself in love's warm embrace. So, everybody, I'd like to introduce you to Donna.. my",1fa080a690ab19850acc241825fd4ca9
1572,warm,embrace,2000,TV,The West Wing,"We're done. - Fantastic. Well, I feel bathed in the warm embrace of the candidate, Leo. He's really very easy to like once you","We're done. - Fantastic. Well, I feel bathed in the warm embrace of the candidate, Leo. He's really very easy to like once you",d682dac719ce9db063e66cb331d42879
1573,warm,embrace,1999,MOV,...: Live in Concert from Las Vegas,"? # Oh, no, that's just his charms # In his warm embrace? # Oh, no, that's just his arms # If you wan","? # Oh, no, that's just his charms # In his warm embrace? # Oh, no, that's just his arms # If you wan",8b15f6dd9fa3a8eaa708cd55aa5d415a
1574,warm,embrace,1998,MOV,Hope Floats,And the whole world is on your case # I would offer you a warm embrace # To make you feel my love # Evening shadows and the stars appear #,And the whole world is on your case # I would offer you a warm embrace # To make you feel my love # Evening shadows and the stars appear #,b0056d9f12c7f9af91d157e875a953e3
1575,warm,embrace,1998,MOV,Hope Floats,And the whole world is on your case # I could offer you a warm embrace # To make you feel my love # When evening shadows and the stars appear,And the whole world is on your case # I could offer you a warm embrace # To make you feel my love # When evening shadows and the stars appear,d6df5f8b12615de5277628119404ac11
1576,warm,embrace,1997,MOV,Picture Perfect,the smile on her face The touch of her hair and this girl's warm embrace So if you don't wan na cry like I do A- keep away from,the smile on her face The touch of her hair and this girl's warm embrace So if you don't wan na cry like I do A- keep away from,701e4216452bc5826bb639e5bc42a050
1577,warm,embrace,1997,TV,Ally McBeal,"his face? Oh, no, it's just his charm In his warm embrace? Oh, no, that's just his arms If you want to know","his face? Oh, no, it's just his charm In his warm embrace? Oh, no, that's just his arms If you want to know",c3244aed06089fafb9d88f24eb4ff832
1578,warm,embrace,1997,TV,Lexx,"lines oh, the irony of it all You know what you want That warm embrace That effervescent bubbling tingle, that feeling, that thing called Love Lurrve - ha","lines oh, the irony of it all You know what you want That warm embrace That effervescent bubbling tingle, that feeling, that thing called Love Lurrve - ha",a010753d61a646911f654c717c7602c6
1579,warm,embrace,1995,MOV,The Nature of the Beast,"wouldn't look at him twice ** ** Heartbreaker by nature ** ** A warm embrace, but a heart of ice ** ** So, that is why ** **","wouldn't look at him twice ** ** Heartbreaker by nature ** ** A warm embrace, but a heart of ice ** ** So, that is why ** **",17ee6766bde7b5ff5b257ac260fab968
1580,warm,embrace,1995,MOV,Forget Paris,"You know that thing? She's got it. "" Never missed a warm embrace "" Till April in Paris "" Who can I run to? "" What have","You know that thing? She's got it. "" Never missed a warm embrace "" Till April in Paris "" Who can I run to? "" What have",877812bae8b85a344bd2e12a3640d3c5
1581,warm,embrace,1994,MOV,The Road to Wellville,not catch on. Enjoy your little nap. I'm off to the warm embrace of my afternoon enema. Mr. Lightbody? It's Ida. - Ida,not catch on. Enjoy your little nap. I'm off to the warm embrace of my afternoon enema. Mr. Lightbody? It's Ida. - Ida,97da158e816108158aca9eec6c53ea87
1582,warm,embrace,1994,MOV,Little Big League,on her face?? the touch of her hand and this girl's warm embrace?? so if you don't wan na cry like I do??,on her face?? the touch of her hand and this girl's warm embrace?? so if you don't wan na cry like I do??,d20de6386f77a5e4a3b594e8893e3b28
1583,warm,embrace,1994,TV,The Tick,"the robot. We can still catch him. I must now leave your warm embrace, earth mother. Duty calls. Four, five, six and tip.","the robot. We can still catch him. I must now leave your warm embrace, earth mother. Duty calls. Four, five, six and tip.",985b9b855505e9bd339567e200ac2f47
1584,warm,embrace,1991,MOV,Sleeping with the Enemy,"! We shall all come together once more in God's gracious love and warm embrace, for it is promised that whoever liveth and believeth in me shall never die","! We shall all come together once more in God's gracious love and warm embrace, for it is promised that whoever liveth and believeth in me shall never die",e763ccf00ad5b06547e096c8569214a9
1585,warm,embrace,1991,MOV,Sleeping with the Enemy,the smile on her face The touch of her hand and this girl's warm embrace So if you don't want to cry like I do Keep away from Runaround,the smile on her face The touch of her hand and this girl's warm embrace So if you don't want to cry like I do Keep away from Runaround,1d4a6c0006a746c7e2bee9c85896c20a
1586,warm,embrace,2009,FIC,Bk:AlphaFemale,"She stepped out of the car, taking immediate comfort in the night's warm embrace. Annie loved the night air in Yellowstone. It felt to her like worn","She stepped out of the car, taking immediate comfort in the night's warm embrace. Annie loved the night air in Yellowstone. It felt to her like worn",bb8ca74f26a6c3d5347152187ca5fb83
1587,warm,embrace,2009,MAG,ChristCentury,"may derive from one incident and be extrapolated to the entire congregation. A warm embrace and somebody remembering your name leads you to call this "" a warm and friendly","may derive from one incident and be extrapolated to the entire congregation. A warm embrace and somebody remembering your name leads you to call this "" a warm and friendly",aa28dbb0db953f11e5bb224135274800
1588,warm,embrace,2009,ACAD,Style,"distance. Once again Bergman significantly juxtaposes fantasy and realism, the yearned- for warm embrace of parental figures and the partial, thus tragic, satisfaction possible. There is","distance. Once again Bergman significantly juxtaposes fantasy and realism, the yearned- for warm embrace of parental figures and the partial, thus tragic, satisfaction possible. There is",4f22700a46ba111a60e15a0beba20d62
1589,warm,embrace,2008,ACAD,ArtBulletin,"in this version of John's biography, receives his cousin with kisses and warm embraces, he reveals the fundamental purpose of the meeting with the blessing "" peace be","in this version of John's biography, receives his cousin with kisses and warm embraces, he reveals the fundamental purpose of the meeting with the blessing "" peace be",b5d2475c05a7e678bc427b5c2849862f
1590,warm,embrace,2007,FIC,TribalCollegeJ,. I find comfort knowing he is finally not fighting and resting in the warm embrace of his mother and brothers. # PHOTO (COLOR): Micki Lindeman #,. I find comfort knowing he is finally not fighting and resting in the warm embrace of his mother and brothers. # PHOTO (COLOR): Micki Lindeman #,11a9ad42753c86d0fedbdc426d6b535f
1591,warm,embrace,2007,ACAD,GeorgiaHisQ,"a government constructed to maximize the power of London, and finally, the warm embrace of slavery, bucking larger currents in Western history. The sad truth was that","a government constructed to maximize the power of London, and finally, the warm embrace of slavery, bucking larger currents in Western history. The sad truth was that",81c75ab1c6cbd4f6be793e4dcc212151
1592,warm,embrace,2005,FIC,Mov:Brick,"the wind. # Laura. She puts her arms around him, a warm embrace. Brendan draws back. # # LAURA # (softly) Did you see","the wind. # Laura. She puts her arms around him, a warm embrace. Brendan draws back. # # LAURA # (softly) Did you see",2fd3fd2b36cd846e22ca5801ae411012
1593,warm,embrace,2005,MAG,TownCountry,"polo players being globe-trotting playboys. As evidence, she cites her family's warm embrace of him. "" My brothers have always been very protective of me, ""","polo players being globe-trotting playboys. As evidence, she cites her family's warm embrace of him. "" My brothers have always been very protective of me, """,0521daac311654391948b735b7627e77
1594,warm,embrace,2005,ACAD,Hemisphere,", a Congregationalist minister from Rio de Janeiro, was also present. The warm embraces and jovial atmosphere so common when old friends reunite, however, was undercut by",", a Congregationalist minister from Rio de Janeiro, was also present. The warm embraces and jovial atmosphere so common when old friends reunite, however, was undercut by",32b24e1fe5170c0f50d3a9693d6d7d98
1595,warm,embrace,2004,SPOK,CNN_OnStory,"as you say Suzanne, the reaction that Bush gave it wasn't a warm embrace and that spoke volumes. This could be seen as a little bit of payback","as you say Suzanne, the reaction that Bush gave it wasn't a warm embrace and that spoke volumes. This could be seen as a little bit of payback",951fbe1ed67c0c288fdeb57619472d1d
1596,warm,embrace,2004,FIC,NewsNativeCA,old # came here to rest # to sleep # peacefully # in the warm embrace of our mothers belly # our fathers arms. # they came # to complete,old # came here to rest # to sleep # peacefully # in the warm embrace of our mothers belly # our fathers arms. # they came # to complete,543d97454f800e211efeb366553a2fdf
1597,warm,embrace,2004,FIC,Bk:DressYour,"you will never again experience freedom, happiness, or the possibility of my warm embrace. "" I knew that it was just a matter of time before she came","you will never again experience freedom, happiness, or the possibility of my warm embrace. "" I knew that it was just a matter of time before she came",0ad6d7d6892a5d3a38536c5207ea52a2
1598,warm,embrace,2004,FIC,Bk:BlackCat,", himself. "" How could we not shudder and rush into her waiting warm embrace? Baby Celeste stood there with her thumb in her mouth gazing up at me",", himself. "" How could we not shudder and rush into her waiting warm embrace? Baby Celeste stood there with her thumb in her mouth gazing up at me",1882ceb1d8fbb6b99a6be359f0a49841
1599,warm,embrace,2004,MAG,TownCountry,"fade. "" Sidebar In good company: Victor and Marcella Hazan receive a warm embrace from Father Pio Camilotto on the grounds of the Villa Giona, where Marcella's","fade. "" Sidebar In good company: Victor and Marcella Hazan receive a warm embrace from Father Pio Camilotto on the grounds of the Villa Giona, where Marcella's",59e2db3b8652352400ac8e92e425961f
1600,warm,embrace,2003,FIC,Meridians,"ask you To look after us, Protect us. Hold us in your warm embrace. Look upon us with Mercy and tenderness. Protect us from those who Seek","ask you To look after us, Protect us. Hold us in your warm embrace. Look upon us with Mercy and tenderness. Protect us from those who Seek",1ce82c69ab4912ac094d9421cecb838d
1601,warm,embrace,2003,FIC,Bk:StoryWeFind,"was still awake when we arrived, and she and Kerry met with a warm embrace. There was no question of any further conversation; we needed to get Kerry","was still awake when we arrived, and she and Kerry met with a warm embrace. There was no question of any further conversation; we needed to get Kerry",36e1866b66758ab2ec2da0abd70d38fb
1602,warm,embrace,2002,FIC,Esquire,"the situation, for Paul it was always all about the joke. A warm embrace, a heartfelt declaration of concern: In moments of weakness, we'd fall","the situation, for Paul it was always all about the joke. A warm embrace, a heartfelt declaration of concern: In moments of weakness, we'd fall",3e4fd9048b4380608c43e6645dcfb8be
1603,warm,embrace,2002,FIC,AntiochRev,"air. These are Chinese people who have taken me into their impersonal but warm embrace. And I have taken them in, as I fill my lungs with their","air. These are Chinese people who have taken me into their impersonal but warm embrace. And I have taken them in, as I fill my lungs with their",616f8d8538e2b859a096f20dcee72e05
1604,warm,embrace,2002,MAG,WashMonth,"the sort of place that just couldn't have been farther removed from the warm embrace of a Pax Americana. My favorite destination was the city of Osh, in","the sort of place that just couldn't have been farther removed from the warm embrace of a Pax Americana. My favorite destination was the city of Osh, in",aad28c45f92a86b2de83d0b88a04a22f
1605,warm,embrace,2002,NEWS,NYTimes,"snow in the air and the force of the wind. # In the warm embrace of churches, farm families from Norway, Sweden and elsewhere, living miles from","snow in the air and the force of the wind. # In the warm embrace of churches, farm families from Norway, Sweden and elsewhere, living miles from",2fed076cace996d94464cfc04c72e86c
1606,warm,embrace,2002,ACAD,ForeignAffairs,"similar scale in all the history of Russian statehood. "" # Putin's warm embrace of the United States after September 11 was indeed a masterful step, which did","similar scale in all the history of Russian statehood. "" # Putin's warm embrace of the United States after September 11 was indeed a masterful step, which did",b39d4dc457b1f71aa3080821b858faa7
1607,warm,embrace,2001,SPOK,CBS_SixtyII,"hope comes as a new friend. This winter brings the promise of a warm embrace from the rest of the world. (COMMERCIAL-BREAK) SCOTT ! PELLEY, CBS","hope comes as a new friend. This winter brings the promise of a warm embrace from the rest of the world. (COMMERCIAL-BREAK) SCOTT ! PELLEY, CBS",ad2ebe65a6b0d1156a28b72f4fd1b23b
1608,warm,embrace,2001,MAG,People,"a beautiful blonde in a skin-tight shirt ran up and wrapped him in a warm embrace. Seconds later, realizing that Mitchell was not, in fact, the old","a beautiful blonde in a skin-tight shirt ran up and wrapped him in a warm embrace. Seconds later, realizing that Mitchell was not, in fact, the old",6d88214d2f734523be484096a9140b0b
1609,warm,embrace,2001,MAG,GoodHousekeeping,"Alexandra gazed about her in delight, folding everyone in the village into the warm embrace of her grateful glance. She enjoyed Christmas dinner at the Chamberlains'',","Alexandra gazed about her in delight, folding everyone in the village into the warm embrace of her grateful glance. She enjoyed Christmas dinner at the Chamberlains'',",dff442f3b273615bff14269ce4e27575
1610,warm,embrace,2001,NEWS,NYTimes,"had his friends nearby. A big smile, a kiss, and a warm embrace: that was him. Always happy. "" # DOUGLAS D. KETCHAM He Just","had his friends nearby. A big smile, a kiss, and a warm embrace: that was him. Always happy. "" # DOUGLAS D. KETCHAM He Just",083e6ded31b0a2e027ab2d91bb31abae
1611,warm,embrace,2001,NEWS,NYTimes,"Putin said. Excerpts, Page A8. # For all the smiles and warm embraces today between Mr. Bush and Mr. Putin, who met for the first time last","Putin said. Excerpts, Page A8. # For all the smiles and warm embraces today between Mr. Bush and Mr. Putin, who met for the first time last",f26bf8e363b167e4721ed5390df66c94
1612,warm,embrace,2000,FIC,Analog,with regal African features and a blinding smile. She engulfed him with a warm embrace the likes of which he'd only dreamt of as her graduate assistant. But,with regal African features and a blinding smile. She engulfed him with a warm embrace the likes of which he'd only dreamt of as her graduate assistant. But,7e372cb6218bd4ab466d9495bcebb18a
1613,warm,embrace,2000,FIC,WomanandEarth,", yet she has gone again, leaving me with a shadow of her warm embrace. # By Leslie Anne Roberts, Hartford, CT #",", yet she has gone again, leaving me with a shadow of her warm embrace. # By Leslie Anne Roberts, Hartford, CT #",6e5c9b8b17ee0c2d7fdfac38e61df384
1614,warm,embrace,2000,FIC,Analog,"aboard the Asaph Hall. Linna opened her arms and took him into a warm embrace, then offered her face up for a long kiss. "" Can you tear","aboard the Asaph Hall. Linna opened her arms and took him into a warm embrace, then offered her face up for a long kiss. "" Can you tear",b7d31b3c10b0fe5dfe8a988e5a2ea054
1615,warm,embrace,2000,FIC,Mov:FamilyMan,". Ill do that because I love you... The words are like a warm embrace for Jack... KATE (CONTD) I love you, Jack. And thats",". Ill do that because I love you... The words are like a warm embrace for Jack... KATE (CONTD) I love you, Jack. And thats",6b39c77593341cc5c908d6e3fd0f6679
1616,warm,embrace,2000,NEWS,CSMonitor,in the open and the gentle-eyed sun of the mountain took me into his warm embrace... A measure of peace returned to me as I gazed at those white mountains,in the open and the gentle-eyed sun of the mountain took me into his warm embrace... A measure of peace returned to me as I gazed at those white mountains,e3dbd0bc583cf713437d80d67f580ea9
1617,warm,embrace,2000,ACAD,AsianAffairs,". # The Azerbaijani nationalists' emphasis on language led to the country's warm embrace of Turkey and its eagerness to "" Turkeyize "" (as opposed to Turkicize)",". # The Azerbaijani nationalists' emphasis on language led to the country's warm embrace of Turkey and its eagerness to "" Turkeyize "" (as opposed to Turkicize)",bfd6c5ad1deb40f3947e5d683dbbb3bb
1618,warm,embrace,1998,FIC,NewBegin,"looking for; # tiny kicking legs and waving arms # relaxing in my warm embrace, # trusting eyes attaching to my face. # It is as if I","looking for; # tiny kicking legs and waving arms # relaxing in my warm embrace, # trusting eyes attaching to my face. # It is as if I",0761bfe4d41a332bc462722a7cc351b6
1619,warm,embrace,1998,MAG,Essence,"Encourage him to share what's in his heart, or simply offer a warm embrace. He'll feel less needy and less compelled to start with the histrionics.","Encourage him to share what's in his heart, or simply offer a warm embrace. He'll feel less needy and less compelled to start with the histrionics.",4bd9c9d8612e6ba89eb18c02be48f495
1620,warm,embrace,1998,NEWS,Chicago,"kill myself getting there. "" # Part of it may simply be his warm embrace of adulthood. In June, 1996, Zucker married Caryn Nathanson, a producer","kill myself getting there. "" # Part of it may simply be his warm embrace of adulthood. In June, 1996, Zucker married Caryn Nathanson, a producer",bb1f503865bec91af3ff08122dbca434
1621,warm,embrace,1997,FIC,SouthernRev,"dreamed of being in a box, lying on velvet, turning into a warm embrace; then the box was being lowered and he couldn't get his breath.","dreamed of being in a box, lying on velvet, turning into a warm embrace; then the box was being lowered and he couldn't get his breath.",07788136e5df48018a0dcd85eb08a672
1622,warm,embrace,1997,FIC,Bk:PassionDreamBook,""" I can't stay here. "" He disengages his body from her warm embrace and begins to dress. Before he can stand, Polly reaches over, caresses",""" I can't stay here. "" He disengages his body from her warm embrace and begins to dress. Before he can stand, Polly reaches over, caresses",7cd1c96ec4c3ca42bdb9457c6790a8fc
1623,warm,embrace,1997,FIC,Mov:Anastasia,". Rasputin studies Dmitri in the reliquary - Dmitri and Anya still in a warm embrace. # BARTOK # Nice looking fellow. I mean, don't get me",". Rasputin studies Dmitri in the reliquary - Dmitri and Anya still in a warm embrace. # BARTOK # Nice looking fellow. I mean, don't get me",306d9c4aad710466b62e18efa384038e
1624,warm,embrace,1997,MAG,Cosmopolitan,"a 28-year-old photo researcher living in Atlanta. "" I like a fearless, warm embrace that shows he's not afraid to give affectionbut I want to feel protected,","a 28-year-old photo researcher living in Atlanta. "" I like a fearless, warm embrace that shows he's not afraid to give affectionbut I want to feel protected,",1aaface0ea52e0e12041ce3e3833e57b
1625,warm,embrace,1997,MAG,Esquire,"his long, well-clad leg out a limo door and gracefully emerge to the warm embrace of a city that loved him. VALLEY RANCH lies within the city limits of","his long, well-clad leg out a limo door and gracefully emerge to the warm embrace of a city that loved him. VALLEY RANCH lies within the city limits of",b3359738539db07b555dbae6f5112165
1626,warm,embrace,1996,SPOK,ABC_SatNews,"Sudan, in the white turban, arrived in Cairo, he exchanged a warm embrace with the president of Egypt, Hosni Mubarak. Who would suspect that one year","Sudan, in the white turban, arrived in Cairo, he exchanged a warm embrace with the president of Egypt, Hosni Mubarak. Who would suspect that one year",e9f07b5baae68977046cd8c5de4870d7
1627,warm,embrace,1996,SPOK,NPR_Morning,"can stay if she wants to, "" which did not sound like the warmest embrace one could imagine LIASSON No, no. There -- they haven't had --","can stay if she wants to, "" which did not sound like the warmest embrace one could imagine LIASSON No, no. There -- they haven't had --",0b382ab3bd64ad403ad4a647a8eae06f
1628,warm,embrace,1996,SPOK,NPR_Morning,"no. There -- they haven't had -- there hasn't been a warm embrace, but it still looks like she's going to keep her job CHADWICK What","no. There -- they haven't had -- there hasn't been a warm embrace, but it still looks like she's going to keep her job CHADWICK What",e6d898362fb80e48dba4faa98ab05c00
1629,warm,embrace,1996,FIC,WorldLitToday,"all right. "" # The little boy calmed down in his mother's warm embrace. Mother brought him into the house, changed his clothes, sat him in","all right. "" # The little boy calmed down in his mother's warm embrace. Mother brought him into the house, changed his clothes, sat him in",dd46b320dd7ad7c08f5233a2724fe891
1630,warm,embrace,1996,FIC,Mov:Rock,"himself, turns away. CARLA races into his arms. A long, warm embrace. CUT TO: EXT. PACIFIC COAST HIGHWAY - DAY A jeep motors up","himself, turns away. CARLA races into his arms. A long, warm embrace. CUT TO: EXT. PACIFIC COAST HIGHWAY - DAY A jeep motors up",200e04d4ca98a540b4521866d23a40b0
1631,warm,embrace,1996,ACAD,Symposium,"making the earth barren -- Demeter managed to have her daughter returned to her warm embrace, but was forever obliged to allow her to spend a third of the year","making the earth barren -- Demeter managed to have her daughter returned to her warm embrace, but was forever obliged to allow her to spend a third of the year",48284c494bbfd89804899cb3811d8a18
1632,warm,embrace,1995,FIC,Ms,"virgin flesh. I slip over the side of the boat and into the warm embrace of the sea. Bubbles rise up and catch between my legs, and I","virgin flesh. I slip over the side of the boat and into the warm embrace of the sea. Bubbles rise up and catch between my legs, and I",2f53f35cc2ec4bb358f6c1c86d809a93
1633,warm,embrace,1995,MAG,USCatholic,it is me and not a detached body that enjoys it) -- the warm embrace of the surf of the Gulf of Mexico; the hug of a daughter;,it is me and not a detached body that enjoys it) -- the warm embrace of the surf of the Gulf of Mexico; the hug of a daughter;,ae7a45adfa43a22f3d64c05726f9fbd8
1634,warm,embrace,1995,ACAD,CrossCurrents,"sweet sip of anisette like a benediction sent me off to bed in the warm embrace of aunts, uncles, cousins, living and dead, all made vividly present","sweet sip of anisette like a benediction sent me off to bed in the warm embrace of aunts, uncles, cousins, living and dead, all made vividly present",42edc8a2fd45cef3a4b4427f1b849489
1635,warm,embrace,1994,SPOK,ABC_Nightline,"Washington, back home, where some of the anger washed away in the warm embrace of the familiar CLERGYMAN God bless you, and remember, you- I have adopted","Washington, back home, where some of the anger washed away in the warm embrace of the familiar CLERGYMAN God bless you, and remember, you- I have adopted",7da02e05bb0a312caf0473f802796f8b
1636,warm,embrace,1994,SPOK,NPR_Weekend,"the red ribbons that we wear here tonight. They finally rest with a warm embrace of the gracious creator of us all. 1st MAN: And I quote,","the red ribbons that we wear here tonight. They finally rest with a warm embrace of the gracious creator of us all. 1st MAN: And I quote,",3c341f099036a16f1a00add32459c013
1637,warm,embrace,1994,FIC,Mov:StarTrek07,"Lego. For a moment, Picard is tempted to drift back to the warm embrace of the fantasy. # PICARD # (to boy) In a few minutes","Lego. For a moment, Picard is tempted to drift back to the warm embrace of the fantasy. # PICARD # (to boy) In a few minutes",cd40dc051250b1005105a15712bac4d9
1638,warm,embrace,1994,MAG,America,"They had an ease about them that put others at ease, like a warm embrace. Up North, black Catholics were few. I was one of a handful","They had an ease about them that put others at ease, like a warm embrace. Up North, black Catholics were few. I was one of a handful",38673c09eafcd454dfa44196780e1ab2
1639,warm,embrace,1993,FIC,Iris,"bystanders. In a sudden, unexpected move, she caught me in a warm embrace; and we laughed until there were tear in our eyes. # We had","bystanders. In a sudden, unexpected move, she caught me in a warm embrace; and we laughed until there were tear in our eyes. # We had",08128f53d84a5ed76e45f709255dea5a
1640,warm,embrace,1993,FIC,BkJuv:TalismansShannara,"of it, after all, Tam'shu. "" She enveloped him in a warm embrace. "" And everybody says how kind you've been, helping out like that","of it, after all, Tam'shu. "" She enveloped him in a warm embrace. "" And everybody says how kind you've been, helping out like that",07cb653cc69603dcd282205ba8982a25
1641,warm,embrace,1993,NEWS,WashPost,""" I think you've put it behind you. "" # Hatch's warm embrace of Baird contrasted sharply with committee Chairman Sen. Joseph R. Biden Jr. (D-Del",""" I think you've put it behind you. "" # Hatch's warm embrace of Baird contrasted sharply with committee Chairman Sen. Joseph R. Biden Jr. (D-Del",d5a112944fcb93f4bb9465db81e0339c
1642,warm,embrace,1992,FIC,LiteraryRev,"the little wooden front porch and bumping into something and being hugged in a warm embrace, needed now as never before, she thought. They had gone into the","the little wooden front porch and bumping into something and being hugged in a warm embrace, needed now as never before, she thought. They had gone into the",0017c03d7828d7c3f2aeaebce6050c7d
1643,warm,embrace,1992,FIC,Bk:InterviewVampire,"Fortunately, Heikki spotted her almost immediately and hurried to greet her with a warm embrace. Once in his strong arms, all of her misgivings quickly melted away.","Fortunately, Heikki spotted her almost immediately and hurried to greet her with a warm embrace. Once in his strong arms, all of her misgivings quickly melted away.",b6c86eb5a90916077d4d086e9ed613b7
1644,warm,embrace,1992,FIC,BkSF:HeartMidnight,"golden shafts of sun, which melted warm on his muscled arms -- the warm embrace of joy. "" Peering down on his singer, Lord Milil then smiled and","golden shafts of sun, which melted warm on his muscled arms -- the warm embrace of joy. "" Peering down on his singer, Lord Milil then smiled and",7b3d503d987c3a0ae186cb86a4b23cfa
1645,warm,embrace,1992,MAG,Omni,"# Quickening his step, Hazeltine opened the door and walked out into the warm embrace of evening. # Illustration: (TIM TEEBKEN) # By J.R. DUNN","# Quickening his step, Hazeltine opened the door and walked out into the warm embrace of evening. # Illustration: (TIM TEEBKEN) # By J.R. DUNN",1e268c9be1809a32f7505925cea63834
1646,warm,embrace,1992,NEWS,NYTimes,"only child, Ware shares a tight bond with her, evident in their warm embrace and easy communication. Fifteen minutes later, Ware heads for a nearby high school","only child, Ware shares a tight bond with her, evident in their warm embrace and easy communication. Fifteen minutes later, Ware heads for a nearby high school",cc5535f025ed6077dc13edbecf6d3f19
1647,warm,embrace,1992,NEWS,NYTimes,"after Lee was beaten in school in Saigon. # Also helpful is the warm embrace of their father's family, which also lives in the Bronx. Their father","after Lee was beaten in school in Saigon. # Also helpful is the warm embrace of their father's family, which also lives in the Bronx. Their father",3e73196cdd4665f91f3b3d8a372d917c
1648,warm,embrace,1992,ACAD,PerspPolSci,"could not return quietly to the campus. Nor could political science give the warm embrace that he so clearly wanted. Moreover, within months of his return to Minnesota","could not return quietly to the campus. Nor could political science give the warm embrace that he so clearly wanted. Moreover, within months of his return to Minnesota",36bcd39d88105bcec286275928348ea3
1649,warm,embrace,1991,FIC,Mov:FinalDestination,"s start over... They shake hands, then hold each other in a warm embrace. # CAZ # Come on... The records continue to pass from hand to","s start over... They shake hands, then hold each other in a warm embrace. # CAZ # Come on... The records continue to pass from hand to",3e0bb2b82544b384b99ce330c92142e1
1650,warm,embrace,1991,MAG,WashMonth,"festive welcome imaginable -- flags, portraits, music, flowers, and a warm embrace with then-Bulgarian leader Todor Zhivkov. Soviet television carried the welcoming ceremony live. All","festive welcome imaginable -- flags, portraits, music, flowers, and a warm embrace with then-Bulgarian leader Todor Zhivkov. Soviet television carried the welcoming ceremony live. All",d29de4e105de481aa359aa82f5fee4fa
1651,warm,embrace,1990,FIC,Mov:BridgesMadison,happiness fill his eyes. He RUNS to Clare. The two exchange a WARM EMBRACE. Tyki SEES Scraggy. They shake hands and begin an EXCITED CONVERSATION. Like,happiness fill his eyes. He RUNS to Clare. The two exchange a WARM EMBRACE. Tyki SEES Scraggy. They shake hands and begin an EXCITED CONVERSATION. Like,6fbf8df6581709d585f8278a666cd339
1652,warm,embrace,1990,MAG,Newsweek,"a broad policy agenda, drafted in the political wilderness. He wants a warmer embrace of Europe. He has promised to reform the poll tax, which might entail","a broad policy agenda, drafted in the political wilderness. He wants a warmer embrace of Europe. He has promised to reform the poll tax, which might entail",f07b566d3ec7a8fc446c8a36eb7463ed
1653,warm,embrace,1990,NEWS,CSMonitor,"I did not want to visit or speak to anybody. I had imagined warm embraces, but now I spurned them. I found that I wanted to be alone","I did not want to visit or speak to anybody. I had imagined warm embraces, but now I spurned them. I found that I wanted to be alone",d0dd8dd295cff615cef6c6452ecf4062
1654,warm,hug,2019,FIC,Fan Fic,"was cared deeply, out of worry. I felt their embrace of a warm hug. # In the night, I waited to see if he would return.","was cared deeply, out of worry. I felt their embrace of a warm hug. # In the night, I waited to see if he would return.",c096723ba893757e383e0f1b1840de27
1655,warm,hug,2019,FIC,Fan Fic,"liking. "" # I couldn't help, but gave my father a warm hug. While having tears fell onto his fur that he comforted me, until I","liking. "" # I couldn't help, but gave my father a warm hug. While having tears fell onto his fur that he comforted me, until I",523771b0b24acb4a461c7e644472fe76
1656,warm,hug,2019,MAG,Mashable,"premiere, is it? # A video clip of Sophie and Kit's warm hug, that lasted a few seconds longer than a normal one days, has left","premiere, is it? # A video clip of Sophie and Kit's warm hug, that lasted a few seconds longer than a normal one days, has left",e5744abcf227d2b3b0d7a0246f1a02d0
1657,warm,hug,2019,MAG,Mashable,"keep standing in the face of Winter. It's because they give such warm hugs, y'all! # Many also thought that they recreated the hug between Sansa and","keep standing in the face of Winter. It's because they give such warm hugs, y'all! # Many also thought that they recreated the hug between Sansa and",d1e491fc2f8c714394927e67520b0be8
1658,warm,hug,2018,NEWS,Washington Post,always give my progeny what they most desire: cash! I get a warm hug and it's over. I'm not worried about giving an item that will,always give my progeny what they most desire: cash! I get a warm hug and it's over. I'm not worried about giving an item that will,a61dd586da2850b169b5e2a6d8eb1bf5
1659,warm,hug,2017,TV,One Day at a Time,". Okay, I'd choose Lydia because of her warm food and even warmer hugs. But I'd feel really bad about it. All right, everybody,",". Okay, I'd choose Lydia because of her warm food and even warmer hugs. But I'd feel really bad about it. All right, everybody,",6a86e7425c5e117268429c8a0f5d1941
1660,warm,hug,2016,SPOK,Fox: Tucker Carlson Tonight,in the Stein/Johnson camp you're not very happy today. Give them a warm hug. That is where you got to be a little different. CARLSON# You know,in the Stein/Johnson camp you're not very happy today. Give them a warm hug. That is where you got to be a little different. CARLSON# You know,4db323086a7e777432f412170c0b377a
1661,warm,hug,2016,FIC,Bk:StillThickerThanWater,"Sasha's dramatic behavior, but then embraced her fully in a long, warm hug. # "" Ahh, mama, I missed youuuu! "" she squealed. #","Sasha's dramatic behavior, but then embraced her fully in a long, warm hug. # "" Ahh, mama, I missed youuuu! "" she squealed. #",1f61800c5114fbe164c03e67e741fd7e
1662,warm,hug,2016,MAG,Nerdist,"m a kid of the Syfy era, so those two especially feel like warm hugs, but all four had me rolling in the aisles like I hadn't in","m a kid of the Syfy era, so those two especially feel like warm hugs, but all four had me rolling in the aisles like I hadn't in",d7e39233b4a23c20b6ab33bf06a6390f
1663,warm,hug,2015,SPOK,NBC: Today Show,"Gad can not find a best man. He's Olaf. He likes warm hugs. NATALIE-MORALES# Yeah. We love Josh. That was pretty good, Al.","Gad can not find a best man. He's Olaf. He likes warm hugs. NATALIE-MORALES# Yeah. We love Josh. That was pretty good, Al.",3f58133ab29858e35768dc733a5a227a
1664,warm,hug,2015,FIC,Bk:ShadowedEvilHawkenlye,"you're here!' # Then she enveloped him in a tight, warm hug, kissing him resoundingly on each cheek. Filled with affection, his head flooding","you're here!' # Then she enveloped him in a tight, warm hug, kissing him resoundingly on each cheek. Filled with affection, his head flooding",e721e2c0a678027264bed3c54f7b391c
1665,warm,hug,2014,SPOK,NBC: Today Show,"DANIELLE-BROOKS- (T# Hi. TAMRON-HALL# Oh, my gosh. This is the warmest hug that a prisoner has ever received. LAURA-PREPON# Welcome to prison. DANIELLE-BROOKS# My greatest","DANIELLE-BROOKS- (T# Hi. TAMRON-HALL# Oh, my gosh. This is the warmest hug that a prisoner has ever received. LAURA-PREPON# Welcome to prison. DANIELLE-BROOKS# My greatest",7bc3fe4570700e897f9e4258c44b71a9
1666,warm,hug,2013,SPOK,ABC: 20/20,". When she left the stand, Andrea stood and gave her a long warm hug in front of the jury. But outside the courtroom, where the jury could",". When she left the stand, Andrea stood and gave her a long warm hug in front of the jury. But outside the courtroom, where the jury could",1c915cd61980770f13f6d9e650043acf
1667,warm,hug,2013,MAG,Prevention,"looking forward to it! "" As I leave, she gives me a warm hug. "" You should write your story, "" I tell her. "" Yes","looking forward to it! "" As I leave, she gives me a warm hug. "" You should write your story, "" I tell her. "" Yes",8c3a9af06386b57b2c29364e7c234d01
1668,warm,hug,2013,MOV,Swindle,"old country. So why don't we all get up and give a warm hug of a welcome to crazy cousin Demetri. Where is that knucklehead? Oh,","old country. So why don't we all get up and give a warm hug of a welcome to crazy cousin Demetri. Where is that knucklehead? Oh,",76b19cd68692eeb3ad0b1931e00955a5
1669,warm,hug,2013,TV,Royal Pains,hugging Ally. She's hugging her. It's a tender and genuine warm hug. That's a clear conflict of interest! I doubt it's a conspiracy,hugging Ally. She's hugging her. It's a tender and genuine warm hug. That's a clear conflict of interest! I doubt it's a conspiracy,0781ce94bd68912b9295f53286586acf
1670,warm,hug,2012,SPOK,ABC_20/20,". When she left the stand, Andrea stood and gave her a long warm hug in front of the jury. But outside the courtroom, where the jury could",". When she left the stand, Andrea stood and gave her a long warm hug in front of the jury. But outside the courtroom, where the jury could",1c915cd61980770f13f6d9e650043acf
1671,warm,hug,2012,FIC,Bk:ThisKiss,"or night if you need me. "" # Rebecca gave her friend a warm hug. There was no way she was going to disturb Andi and Nate's honeymoon","or night if you need me. "" # Rebecca gave her friend a warm hug. There was no way she was going to disturb Andi and Nate's honeymoon",2f8490455e5e2c41e8054b6c5ea39ccb
1672,warm,hug,2012,FIC,Bk:MyKindChristmas,"she said, laughing. Paige slipped around her husband, giving Angie a warm hug. "" I'm so glad you're here, "" she said softly.","she said, laughing. Paige slipped around her husband, giving Angie a warm hug. "" I'm so glad you're here, "" she said softly.",231444a874e7793536f889026fc644f7
1673,warm,hug,2012,FIC,Bk:SoDamnLucky,"skirt, I then tossed the keys to him. Wrapping myself in a warm hug of cashmere pashmina to ward off the night chill, I straightened my skirt,","skirt, I then tossed the keys to him. Wrapping myself in a warm hug of cashmere pashmina to ward off the night chill, I straightened my skirt,",917caba46de3a2becf65875145d695b1
1674,warm,hug,2012,WEB,tvline.com,resolution which will allow you to move forward in your career and personally. Warm hugs and peace as you manage a difficult disease. # I'm a nurse and,resolution which will allow you to move forward in your career and personally. Warm hugs and peace as you manage a difficult disease. # I'm a nurse and,9218e7f12ecb3a020548c5d7c36a7ce9
1675,warm,hug,2012,WEB,startribune.com,"He was a supportive and loyal friend and I'll miss his smile and warm hugs. This Thanksgiving I'm thankful I knew him. "" # In recent years","He was a supportive and loyal friend and I'll miss his smile and warm hugs. This Thanksgiving I'm thankful I knew him. "" # In recent years",fb9af7933ab1f53613d9c773e0e35cad
1676,warm,hug,2012,WEB,...ersonalexcellence.co,caring heart. And how about a kind look to a passer-by or a warm hug or kind word to a friend or to someone I hardly know. There are,caring heart. And how about a kind look to a passer-by or a warm hug or kind word to a friend or to someone I hardly know. There are,4a0f0228ded2f6d8b70019d9f501341f
1677,warm,hug,2012,WEB,damninteresting.com,"soon will grow up and leave your side. Remember, to give a warm hug to the one next to you, because that is the only treasure you can","soon will grow up and leave your side. Remember, to give a warm hug to the one next to you, because that is the only treasure you can",e79280a8b98e3c573dea3cf8b6a07a91
1678,warm,hug,2012,WEB,perfectpaws.com,". When he is sitting you can then kneel down and give him a warm hug and kiss. # Also, it's your job to never let anyone else",". When he is sitting you can then kneel down and give him a warm hug and kiss. # Also, it's your job to never let anyone else",2f4ffe69ad070c46f2716d20b70eb6d7
1679,warm,hug,2012,WEB,ajtony.wordpress.com,the radio that said that comfort does not always come in a form or warm hugs but that God is strenghting us in him so that our comfort will be in,the radio that said that comfort does not always come in a form or warm hugs but that God is strenghting us in him so that our comfort will be in,24c6b6ff1ab5f7781c72ef8ad53d155b
1680,warm,hug,2012,WEB,suhaibwebb.com,as these two articles on the true meaning of patience: # A veryyyy warm hug n lots of duaaaaz for ur pain <3 it must be devastating to see and,as these two articles on the true meaning of patience: # A veryyyy warm hug n lots of duaaaaz for ur pain <3 it must be devastating to see and,97b222e24b2f09677e7108951a8b3c97
1681,warm,hug,2012,WEB,fanfiction.net,humiliation. Nonoko automatically ran up to her friend and enveloped her in a warm hug. Mikan with a bright sunny smile on her face walked over to Kokoro and,humiliation. Nonoko automatically ran up to her friend and enveloped her in a warm hug. Mikan with a bright sunny smile on her face walked over to Kokoro and,07dbf099d144f38de38521982f7b6daf
1682,warm,hug,2012,WEB,thestranger.com,"finally found my peace and I am sure for others as well. Many warm hugs! Pilar # Thank you for your words, and bless you on your lifelong","finally found my peace and I am sure for others as well. Many warm hugs! Pilar # Thank you for your words, and bless you on your lifelong",dfcb174dadc4034e37f59e64ab22e5c3
1683,warm,hug,2012,WEB,...hecamel.blogspot.com,around too much touchy-feeliness. Not that I'm against a handshake or a warm hug. I love those things. Most of us don't really mind them when,around too much touchy-feeliness. Not that I'm against a handshake or a warm hug. I love those things. Most of us don't really mind them when,541768e441c0ef936e974b375047de7f
1684,warm,hug,2012,WEB,goodreads.com,". For not having another tiring romance, I give Ms Tanen a very warm hug!!! # T is is a light read and the writing is beautiful",". For not having another tiring romance, I give Ms Tanen a very warm hug!!! # T is is a light read and the writing is beautiful",a6a42b953e8e3dfea11dca4f9e5738bf
1685,warm,hug,2012,WEB,rhrealitycheck.org,"your beauty and your strength. This is an amazing piece. Sending a warm hug. # This is such an honest, complex, and beautifully written essay.","your beauty and your strength. This is an amazing piece. Sending a warm hug. # This is such an honest, complex, and beautifully written essay.",92f56254de7cc00d291bd7bac98effb2
1686,warm,hug,2012,WEB,amazon.com,"land at the airport, sometimes arriving at 4 a.m. with bright smiles and warm hugs, and they grapple with the rubs of old age at home. Knight,","land at the airport, sometimes arriving at 4 a.m. with bright smiles and warm hugs, and they grapple with the rubs of old age at home. Knight,",80976d8f5ca1e27249a491d74f4ed1f3
1687,warm,hug,2012,WEB,tumblr.com,"you. "" You giggle as the two of you stay suspended in a warm hug. "" How was your day? "" Zayn asks, pulling away and towering","you. "" You giggle as the two of you stay suspended in a warm hug. "" How was your day? "" Zayn asks, pulling away and towering",9b67bd908de2f893151a00497f878c98
1688,warm,hug,2012,WEB,message.snopes.com,"They were all wonderful. They held my hand, offered condolences, gave warm hugs, and were extremely compassionate and genuinely sad for my loss, as I fought","They were all wonderful. They held my hand, offered condolences, gave warm hugs, and were extremely compassionate and genuinely sad for my loss, as I fought",1ea022f54e2539bf008291a1fc05b148
1689,warm,hug,2012,WEB,onefemalecanuck.com,not mean that when someone commits a wrong against me I respond with a warm hug. Nor does it mean that my goodwill can be taken advantage of (for,not mean that when someone commits a wrong against me I respond with a warm hug. Nor does it mean that my goodwill can be taken advantage of (for,89fb8666060f6c3a89c75ba6fbca2feb
1690,warm,hug,2012,WEB,think-off.org,"de Estados Unidos, "" from the United States, she gave me a warm hug and introduced me to the other patrons -- all of whom shook my hand and","de Estados Unidos, "" from the United States, she gave me a warm hug and introduced me to the other patrons -- all of whom shook my hand and",d64abede892fd9952021216be49894bf
1691,warm,hug,2012,BLOG,b-inspiredmama.com,. The wave of emotions will pass in a few minutes and with a warm hug. I have no idea how her deeply felt emotions will impact her as she,. The wave of emotions will pass in a few minutes and with a warm hug. I have no idea how her deeply felt emotions will impact her as she,50cd5f88031aaa79fdcf03395743981f
1692,warm,hug,2012,BLOG,...hebshi.wordpress.com,". We are not living in candy land, with puppy dogs, and warm hugs. We have lost so many good people, so many soldiers. If officails",". We are not living in candy land, with puppy dogs, and warm hugs. We have lost so many good people, so many soldiers. If officails",a67984c78c4044e7337f07a2ffcaa456
1693,warm,hug,2012,BLOG,missionlocal.org,a much better place. I too as many of you have... send warm hugs to give the family strength and my love to help them move forward and heal,a much better place. I too as many of you have... send warm hugs to give the family strength and my love to help them move forward and heal,8430714e012e40d7b532b57ac2be21d8
1694,warm,hug,2012,BLOG,thebloggess.com,don't know me from hundreds of your readers I send you a big warm hug. # I suffer from anxiety and toxic shame... sometimes. Not right now,don't know me from hundreds of your readers I send you a big warm hug. # I suffer from anxiety and toxic shame... sometimes. Not right now,28a1f388b11387f3286cd1042dc63d50
1695,warm,hug,2012,BLOG,thefamily.com,", back to his heavenly home. God loving welcomed his son with a warm hug.' I have a task for you son' He said.' I",", back to his heavenly home. God loving welcomed his son with a warm hug.' I have a task for you son' He said.' I",14cbf529526941e58061013eea8f916b
1696,warm,hug,2012,BLOG,...thestory.blcklst.com,"21. Make up new words that describe the problem. E.g., "" Warm hugs "" to describe a motivation problem and "" Painted rain "" to describe changing customer","21. Make up new words that describe the problem. E.g., "" Warm hugs "" to describe a motivation problem and "" Painted rain "" to describe changing customer",abaaa7143aadfab24dc2c8d0f9fbabd2
1697,warm,hug,2012,BLOG,divinecosmos.com,"to others I've read. We are in for amazing times! Big warm hugs &; light xxx # neoanalog # October 08, 2012 # ... # That's","to others I've read. We are in for amazing times! Big warm hugs &; light xxx # neoanalog # October 08, 2012 # ... # That's",5dd7f4664ae9bb61a6eddebb0f4b4d98
1698,warm,hug,2012,BLOG,...soupforlibraries.org,"and definitely no bro hugs, because rural librarians give good, authentic, warm hugs. If you haven't yet","and definitely no bro hugs, because rural librarians give good, authentic, warm hugs. If you haven't yet",055726772ed1a4c4d90dfd4aad8de46c
1699,warm,hug,2012,BLOG,iwrotethisforyou.me,"the strongest, deepest connection ever. I wish you good health and a warm hug to come home to. I wish you everything you ever want. And this","the strongest, deepest connection ever. I wish you good health and a warm hug to come home to. I wish you everything you ever want. And this",4a5c041b9e841e317a5c8a9fca1bb377
1700,warm,hug,2012,BLOG,iwrotethisforyou.me,"is your girl. But now she has to leave. So a very warm hug, a very sweet kiss","is your girl. But now she has to leave. So a very warm hug, a very sweet kiss",6d457e72df1939cc1426ecaa122e1f08
1701,warm,hug,2012,BLOG,asp.militarygear.com,"Dixon. What a privilege it was to have met him, received his warm hugs and words of encouragement when we military moms needed it the most. We had","Dixon. What a privilege it was to have met him, received his warm hugs and words of encouragement when we military moms needed it the most. We had",85f960f958f7d93f679a9ffd8b331bbb
1702,warm,hug,2012,BLOG,skinnytaste.com,"went grocery shopping for her and brought her some food and batteries and a warm hug, but she insisted on staying home despite the cold. Talk about a month","went grocery shopping for her and brought her some food and batteries and a warm hug, but she insisted on staying home despite the cold. Talk about a month",599546eeb4a9c3b2426e8145282f098c
1703,warm,hug,2012,BLOG,skinnytaste.com,wonderful &; inspiring that people like you are lending a helping hand and a warm hug to those in need. Thanks for the reminder to give thanks - even for,wonderful &; inspiring that people like you are lending a helping hand and a warm hug to those in need. Thanks for the reminder to give thanks - even for,0b14db12eb863a34633d889a977d14e9
1704,warm,hug,2012,BLOG,ladydandelion.net,"dead which walks always together with us like life, side by side. Warm Hugs From Turkey..  COPYRIGHT # lady dandelion by lady dandelion is licensed under a","dead which walks always together with us like life, side by side. Warm Hugs From Turkey.. COPYRIGHT # lady dandelion by lady dandelion is licensed under a",eec781fdd1a260663e577fb444ddc573
1705,warm,hug,2012,BLOG,...ietopractitioner.com,"on me. I cried when I saw them, and received loving, warm hugs, which they knew was exactly what I needed. All the times I've","on me. I cried when I saw them, and received loving, warm hugs, which they knew was exactly what I needed. All the times I've",a900832c5157f65f68ae673b5c5f8c67
1706,warm,hug,2012,BLOG,...dreport.blogspot.com,"when I was living in California was, "" It feels just like a warm hug to me. "" # I had little trouble with heat, but cold is","when I was living in California was, "" It feels just like a warm hug to me. "" # I had little trouble with heat, but cold is",a86f9db3eed8aeedc1a5889dd91c94ce
1707,warm,hug,2011,MAG,Backpacker,"price? The Light Year delivers. "" It was like sleeping in a warm hug, "" said One tester after a trip in the Rockies, with temps right","price? The Light Year delivers. "" It was like sleeping in a warm hug, "" said One tester after a trip in the Rockies, with temps right",4e138f4adf07c8fdcc4de479fec8b3ca
1708,warm,hug,2010,FIC,Bk:ShadowBeach,"no protection against the elements. Shane's big coat enveloped her like a warm hug, reminding her of the way she'd once felt in his arms. She","no protection against the elements. Shane's big coat enveloped her like a warm hug, reminding her of the way she'd once felt in his arms. She",6331e7c44d2526831a1b1d4f3c7ad725
1709,warm,hug,2010,NEWS,SanFranChron,putt dropped - looking skyward in exultation and then wrapping his father in a warm hug. # McDowell needed some love after 4 1/2 hours trading blows with chilly conditions,putt dropped - looking skyward in exultation and then wrapping his father in a warm hug. # McDowell needed some love after 4 1/2 hours trading blows with chilly conditions,c554b8ae3bb87f55c8858852e5b6b846
1710,warm,hug,2009,FIC,Bk:CreamPuffMurder,"it was due to the Scandinavian influence or some other innate cold-climate reticence, warm hugs and embraces were more generally attributed to Mediterranean climates and did not come easily to","it was due to the Scandinavian influence or some other innate cold-climate reticence, warm hugs and embraces were more generally attributed to Mediterranean climates and did not come easily to",ef991a8ba32270e019ce79b4fbb0ff5e
1711,warm,hug,2009,FIC,Bk:RedWhiteBlue,". # Once the door was closed behind them, Emily gave her a warm hug. "" I was starting to get worried about you. "" She gave Kate",". # Once the door was closed behind them, Emily gave her a warm hug. "" I was starting to get worried about you. "" She gave Kate",fbab507907b7c52e33143170d8420dd7
1712,warm,hug,2009,FIC,Bk:TemptationLies,""" Hello, darling, "" Claudia greeted her, enveloping Mia in a warm hug. The soft scent of Chanel floated around her. # Claudia Martin was in",""" Hello, darling, "" Claudia greeted her, enveloping Mia in a warm hug. The soft scent of Chanel floated around her. # Claudia Martin was in",aca67ae65d0568798f54ac8f55941897
1713,warm,hug,2009,NEWS,SanFranChron,"and lead mechanic Carolyn Coquillette dispenses not only repair recommendations to customers but also warm hugs. # "" It's a different approach to the service experience, "" said","and lead mechanic Carolyn Coquillette dispenses not only repair recommendations to customers but also warm hugs. # "" It's a different approach to the service experience, "" said",b65e18579136ff1df3f69192fa6e811b
1714,warm,hug,2009,NEWS,Houston,"hopes that ill children get: "" It will be like a big, warm hug. "" # At a nearby desk, Yen-Len Leong, 9, applied multicolored","hopes that ill children get: "" It will be like a big, warm hug. "" # At a nearby desk, Yen-Len Leong, 9, applied multicolored",6361aff820e172a8feab2bc71a9f3e48
1715,warm,hug,2008,SPOK,ABC_20/20,"around housework. See, our brains remember the highs of first steps and warm hugs, but they forget the lows of diapers and tantrums. This selective memory keeps","around housework. See, our brains remember the highs of first steps and warm hugs, but they forget the lows of diapers and tantrums. This selective memory keeps",792ecdb100f52c7656a10aa4405591ae
1716,warm,hug,2008,FIC,Listen,"s quite a character. "" Aunt Ruby's eyes held me like a warm hug. I felt sorry for Bea as her head zinged back and form like a","s quite a character. "" Aunt Ruby's eyes held me like a warm hug. I felt sorry for Bea as her head zinged back and form like a",62cbbaac9767e4a24f0c702b438259ba
1717,warm,hug,2008,FIC,Bk:Hidden,"Katie, dressed in her simple cobalt blue dress, gathered her into a warm hug, the kind of acceptance that only a friend of ten years could offer.","Katie, dressed in her simple cobalt blue dress, gathered her into a warm hug, the kind of acceptance that only a friend of ten years could offer.",f74c98456dac87ac2b9d6032d6a2face
1718,warm,hug,2008,FIC,Bk:Rubicon,"Hart threaded his way through a maze of tables. He gave him a warm hug as he shook his hand. # "" Bobby! It's so good to","Hart threaded his way through a maze of tables. He gave him a warm hug as he shook his hand. # "" Bobby! It's so good to",8828eb8bcbe49ab29d667c399acd955b
1719,warm,hug,2008,MAG,America,"approaches the village. Her greeting seems more an expression of faith than a warm hug. "" If you had been here, "" she says, "" my brother","approaches the village. Her greeting seems more an expression of faith than a warm hug. "" If you had been here, "" she says, "" my brother",fb3af37ea467ef42fdff9dedc8ac9f47
1720,warm,hug,2008,TV,Scrubs,"I seem angry, I'm really just wishing people would give me a warm hug or pat me on the back, and say: I'm right with you","I seem angry, I'm really just wishing people would give me a warm hug or pat me on the back, and say: I'm right with you",87bd8b8fbc166d36cdd19445028897f1
1721,warm,hug,2007,NEWS,AssocPress,"leave one of his three Los Angeles-area homes recently without wrapping him in a warm hug. # "" He's the exact opposite of what you would think he would","leave one of his three Los Angeles-area homes recently without wrapping him in a warm hug. # "" He's the exact opposite of what you would think he would",1ffe3772d0d6ab38053242354fce6bf7
1722,warm,hug,2006,FIC,Mov:Jimmy and Judy,"up behind her, then wraps his arms around her, giving her a warm hug from behind. Something's not right. The masturbation sounds STOP. # Judy","up behind her, then wraps his arms around her, giving her a warm hug from behind. Something's not right. The masturbation sounds STOP. # Judy",5bbb5e32a96e9bfc9db2d74efd314904
1723,warm,hug,2006,NEWS,NYTimes,"singing luminaries from four decades of Met history crowded the stage and gave him warm hugs. # The lavish, meticulously planned display was all the more surprising given that","singing luminaries from four decades of Met history crowded the stage and gave him warm hugs. # The lavish, meticulously planned display was all the more surprising given that",52070abf17defc130390a24b6389ca71
1724,warm,hug,2006,NEWS,SanFranChron,"Pablos Prsha gave Madrid a thumbs-up as she passed and in return got a warm hug from the candidate. # "" We need a change in this country from the","Pablos Prsha gave Madrid a thumbs-up as she passed and in return got a warm hug from the candidate. # "" We need a change in this country from the",9e3e8101ba43a600149fb5448235343e
1725,warm,hug,2005,FIC,Mov:FantasticFour,"the office, only taking her eyes off of Reed to give Ben a warm hug. # SUE # Ben, it's been too long. She gives Reed","the office, only taking her eyes off of Reed to give Ben a warm hug. # SUE # Ben, it's been too long. She gives Reed",f99d20d23471f73312dc75ca9c04b4c6
1726,warm,hug,2005,MAG,Forbes,and recording artist Quincy Jones and two friends greet the Time Warner chief with warm hugs. Parsons needs the love. He has a fight on his hands. Time,and recording artist Quincy Jones and two friends greet the Time Warner chief with warm hugs. Parsons needs the love. He has a fight on his hands. Time,ea45ad62ee296049aee9bcf2fc1c588c
1727,warm,hug,2005,NEWS,Chicago,Happily greeted at home by Angel the vicious guard dog. Give her a warm hug. Then smell odd odor. Must investigate. See something on carpet. Looks,Happily greeted at home by Angel the vicious guard dog. Give her a warm hug. Then smell odd odor. Must investigate. See something on carpet. Looks,cef401588f43b8af47b70946db3636e5
1728,warm,hug,2004,MAG,VegTimes,"ll know it when you smell it, because it surrounds you like a warm hug. When you buy fresh bagels, freeze what you're not using right away","ll know it when you smell it, because it surrounds you like a warm hug. When you buy fresh bagels, freeze what you're not using right away",25f242e131323ed435e5400b3b52af2d
1729,warm,hug,2003,FIC,Mov:HebrewHammer,Ali Paula Abdul Rahim. My main nigga! The two embrace in a warm hug. The White Accountant looks up in shock from the card table. His nametag,Ali Paula Abdul Rahim. My main nigga! The two embrace in a warm hug. The White Accountant looks up in shock from the card table. His nametag,b9c01e99fb49b543adaa3611eaebd914
1730,warm,hug,2003,FIC,Bk:LastLessonsSummer,". "" Thanks, honey, "" Vera said. Jean gave her a warm hug. "" It would have gotten ugly if it'd dragged out for days,",". "" Thanks, honey, "" Vera said. Jean gave her a warm hug. "" It would have gotten ugly if it'd dragged out for days,",988c76297ec062493dfcdc253650637c
1731,warm,hug,2003,MAG,TownCountry,"to share a laugh, to talk about a book, to grab a warm hug after a bad day or even a bloody nose (though maybe not to get","to share a laugh, to talk about a book, to grab a warm hug after a bad day or even a bloody nose (though maybe not to get",3f655b66ecf51efce31b47f3aad3d840
1732,warm,hug,2003,NEWS,Atlanta,"momentum carried into her car, causing considerable damage. # It took some warm hugs from dad to stop her crying. "" I just let her know that she","momentum carried into her car, causing considerable damage. # It took some warm hugs from dad to stop her crying. "" I just let her know that she",5b99470516f5b318ebe8968ab28e57b4
1733,warm,hug,2003,NEWS,Houston,". "" She started to say something but chose instead to give me a warm hug. In fact, she was so pleased that she took the flowers with her",". "" She started to say something but chose instead to give me a warm hug. In fact, she was so pleased that she took the flowers with her",9c31617ba4f462ec693a3f6e321067d6
1734,warm,hug,2002,NEWS,SanFranChron,"chic attire. The drift of a romantic foreign language, double kisses, warm hugs and the faint scent of perfume seem to make up the new attitude around the","chic attire. The drift of a romantic foreign language, double kisses, warm hugs and the faint scent of perfume seem to make up the new attitude around the",c9554c9dc7a54be612527b705fd9d0a7
1735,warm,hug,2001,FIC,USKids,"up, honest. "" Mama dropped the cat and pulled Emma into a warm hug. "" You're a big girl now, Emma, and old enough to","up, honest. "" Mama dropped the cat and pulled Emma into a warm hug. "" You're a big girl now, Emma, and old enough to",f7d5cce63df4ad48b4877982f0fa1d26
1736,warm,hug,2001,NEWS,Atlanta,"was one of my bright fantasies -- lunch with Ms. Rheta! # A warm hug and a chaste kiss on the cheek. MARSHALL POWERS, Stockbridge # Do you","was one of my bright fantasies -- lunch with Ms. Rheta! # A warm hug and a chaste kiss on the cheek. MARSHALL POWERS, Stockbridge # Do you",3e086e8b7fd4f8a9e383adc544b7559d
1737,warm,hug,2000,FIC,Mov:ExecutiveDecision,"I guess. "" as he moves to his father and gives him a warm hug goodbye. Mr. Waggner then gives his older son a hug. AIRPORT P.A. (","I guess. "" as he moves to his father and gives him a warm hug goodbye. Mr. Waggner then gives his older son a hug. AIRPORT P.A. (",139a8b049b348d932a98b39352039528
1738,warm,hug,2000,MAG,TodaysParent,"kids, there's nothing like a cool hand on the forehead and a warm hug. It gets trickier, though, when deciding just what and how much to","kids, there's nothing like a cool hand on the forehead and a warm hug. It gets trickier, though, when deciding just what and how much to",c1927c4197316214670250de580372c8
1739,warm,hug,2000,MAG,ChildDigest,"got there later that day, Grandma greeted her and her mother with a warm hug and looked each over carefully. "" Are you growing again, Jennifer? You","got there later that day, Grandma greeted her and her mother with a warm hug and looked each over carefully. "" Are you growing again, Jennifer? You",cdea5a4d3380acf020d8b72a330cba3d
1740,warm,hug,1998,FIC,Bk:BactaWar,". "" Corran laughed, then crossed the room and enfolded her in a warm hug. "" After my escape, Tycho expressed his regrets concerning your death to me",". "" Corran laughed, then crossed the room and enfolded her in a warm hug. "" After my escape, Tycho expressed his regrets concerning your death to me",b1cdfa69ba75dab2dd2148b49d4d6472
1741,warm,hug,1998,FIC,Bk:PretendYouDont,". Jay went to pick up the children, "" she explained after a warm hug. "" And there's someone inside I want you to meet. "" Lacey",". Jay went to pick up the children, "" she explained after a warm hug. "" And there's someone inside I want you to meet. "" Lacey",1f13d3a348811797c47ada34b5c3d817
1742,warm,hug,1998,TV,Cupid,"a guy who reunites sweethearts, you: A) give him a big warm hug? B) reduce him to a drooling zombie? "". Trevor, what","a guy who reunites sweethearts, you: A) give him a big warm hug? B) reduce him to a drooling zombie? "". Trevor, what",45fc51d29b4fc4cb06828c83583b42b1
1743,warm,hug,1997,MAG,Ebony,"how difficult it gets. She always has something kind to say or a warm hug or she'll cry with you if you feel like crying, "" Smith said","how difficult it gets. She always has something kind to say or a warm hug or she'll cry with you if you feel like crying, "" Smith said",291fa9b7279ee20838bc472ef7f12b0d
1744,warm,hug,1997,MAG,USCatholic,"Daddies who don't show up for graduations. "" Forgiveness then becomes a warm hug. Yet the forgiveness Jesus offered in the New Testament was neither tame nor private","Daddies who don't show up for graduations. "" Forgiveness then becomes a warm hug. Yet the forgiveness Jesus offered in the New Testament was neither tame nor private",f41555d047aa91aabd14e47f4ea8761f
1745,warm,hug,1996,FIC,Bk:WhereWildRose,"offered her cheek as they came into the room. Robert gave her a warm hug as well, and they sat down to reacquaint themselves. Addy told of how","offered her cheek as they came into the room. Robert gave her a warm hug as well, and they sat down to reacquaint themselves. Addy told of how",1778ef4c49708e8ce5ff4863dd470d4c
1746,warm,hug,1996,MAG,Cosmopolitan,"midst; she was less shy, and she gave her Uncle Tak a warm hug when they arrived and went straight to the kitchen to help her Aunt Reiko.","midst; she was less shy, and she gave her Uncle Tak a warm hug when they arrived and went straight to the kitchen to help her Aunt Reiko.",cd2bfbd2edb7fe7ec6b8d908aba076a0
1747,warm,hug,1995,SPOK,ABC_Nightline,"but no one knows the caress that you placed on my shoulder and the warm hug that you saved only for us, and your smile, that always told me","but no one knows the caress that you placed on my shoulder and the warm hug that you saved only for us, and your smile, that always told me",a7224fe8a3dd1296286d9eee9404f44f
1748,warm,hug,1995,NEWS,CSMonitor,", shows the perfect bedtime - full of crisp sheets, cozy stories, warm hugs. ($ 12.99, 15 mos. to 4 yrs.) # Musician Max",", shows the perfect bedtime - full of crisp sheets, cozy stories, warm hugs. ($ 12.99, 15 mos. to 4 yrs.) # Musician Max",cbea5b69e191376c3e4f6ae0dc23d56a
1749,warm,hug,1995,NEWS,Atlanta,"the events of the past several days. For them, we reserve our warmest hugs and our gentlest touch. # And today we have our God. He is","the events of the past several days. For them, we reserve our warmest hugs and our gentlest touch. # And today we have our God. He is",bfbb66b219b0bbc2053de819bef50fcb
1750,warm,hug,1995,NEWS,SanFranChron,call Five Star Productions at (707) 257-2200. 48261 # PETER MCNEELEY received warm hugs and wide smiles from his mother and his girlfriend seconds after he completed a triumphant,call Five Star Productions at (707) 257-2200. 48261 # PETER MCNEELEY received warm hugs and wide smiles from his mother and his girlfriend seconds after he completed a triumphant,01d1aa2b8821a0af68c6953051a258f5
1751,warm,hug,1995,TV,Duckman: Private Dic...,". Maybe a bromo and a falafel would help. (kissing) "" Warm hugs straightened my ear muffs And got me through metal detector mornings. "" Ajax.",". Maybe a bromo and a falafel would help. (kissing) "" Warm hugs straightened my ear muffs And got me through metal detector mornings. "" Ajax.",df7540f792cad875f566eb6a49e082fe
1752,warm,hug,1995,TV,Duckman: Private Dic...,"all. Maybe we could ask a focus group. (both_laughing) "" Warm hugs straightened my ear muffs "" And got me through metal detector mornings, "" And","all. Maybe we could ask a focus group. (both_laughing) "" Warm hugs straightened my ear muffs "" And got me through metal detector mornings, "" And",0811e4f5bbafabece9ac9f7bc4d1c5ee
1753,warm,hug,1993,TV,Home Improvement,". A nicely-rolled wet towel. Ow! Well, I myself prefer a warm hug, but I suppose the slashing sting of wet terry cloth has its place.",". A nicely-rolled wet towel. Ow! Well, I myself prefer a warm hug, but I suppose the slashing sting of wet terry cloth has its place.",ec2a705b5781c37f9d28e9cb662e225b
1754,warm,hug,1994,NEWS,WashPost,"into Ron Erhardt, his offensive coordinator. Both men were smiling and their warm hug spoke volumes about the affection and respect they have for each other. # But","into Ron Erhardt, his offensive coordinator. Both men were smiling and their warm hug spoke volumes about the affection and respect they have for each other. # But",2714205d0381e93c1799eb72e2a40903
1755,warm,hug,1993,SPOK,CBS_Morning,Dr. Steve Greenberg of affiliate WCIX-TV in Miami filed this report. Dr-STEVE-GRE: Warm hugs and smiles greeted flotilla coordinator John Young as he stepped onto Cuban soil. The,Dr. Steve Greenberg of affiliate WCIX-TV in Miami filed this report. Dr-STEVE-GRE: Warm hugs and smiles greeted flotilla coordinator John Young as he stepped onto Cuban soil. The,e2fdbf4bd4e4d77b913913a15b1a243b
1756,warm,hug,1993,FIC,BkSF:StainlessSteel,"new. "" A tear glistened in her eyes and she gave me a warm hug. "" And you're doing this for me. "" "" Of course.","new. "" A tear glistened in her eyes and she gave me a warm hug. "" And you're doing this for me. "" "" Of course.",4167e949e3702b000a3495943c417054
1757,warm,hug,1992,MAG,TIME,apparatchik sweeps up in his limo to be greeted with cold shoulders instead of warm hugs as his former classmates berate him for the oppressive privileges of the nomenklatura. Another,apparatchik sweeps up in his limo to be greeted with cold shoulders instead of warm hugs as his former classmates berate him for the oppressive privileges of the nomenklatura. Another,a5b032f315a37d74f81eb934071d3a93
1758,warm,hug,1992,NEWS,SanFranChron,"Asian girl with a well-defined face, bouncing ponytail and disarming habit of dispensing warm hugs, about the graffiti, or "" tagging, "" that covers the walls despite","Asian girl with a well-defined face, bouncing ponytail and disarming habit of dispensing warm hugs, about the graffiti, or "" tagging, "" that covers the walls despite",85a740d62cf032302229557c3135fd92
1759,warm,hug,1991,FIC,Bk:LoveMoney,"she could give her daughter a big hug. It was a long, warm hug, and Marion had tears running down her cheeks when Molly finally pulled away.","she could give her daughter a big hug. It was a long, warm hug, and Marion had tears running down her cheeks when Molly finally pulled away.",4ffb9c792759eec4aa6f89eeead9743d
1760,warm,hug,1990,FIC,Ebony,she stopped she had washed his hand with cool water and soothed him with warm hugs and wrapped the place where the fire soldier had stabbed him with salve and bandages,she stopped she had washed his hand with cool water and soothed him with warm hugs and wrapped the place where the fire soldier had stabbed him with salve and bandages,2cf612e4fe39fb2826c1bd2b874d65ea
1761,warm,hug,1990,FIC,Triquarterly,. His father opened the door of the apartment and greeted Keith with a warm hug. Keith looked quickly for evidence of deterioration but his father seemed unchanged from his,. His father opened the door of the apartment and greeted Keith with a warm hug. Keith looked quickly for evidence of deterioration but his father seemed unchanged from his,429bc9fa2a71b67d3bc924127ae29b91
1762,warm,hug,1990,FIC,Bk:PeopleWolf,"The Wolf Dream... it was true. "" Green Water's warm hug enfolded her first, Talon next. She stepped back, looking Fox up and","The Wolf Dream... it was true. "" Green Water's warm hug enfolded her first, Talon next. She stepped back, looking Fox up and",0d2cafed7e607352d0fae563987ed973
1763,warm,kiss,2019,FIC,SciFI & Fantasy,"n't know what happened to her after the moment she planted the final, warm kiss on my cheek, after the electric sound of her zipping the tent flap open","n't know what happened to her after the moment she planted the final, warm kiss on my cheek, after the electric sound of her zipping the tent flap open",73e24101c8598593319863f534c56766
1764,warm,kiss,2015,FIC,Bk:Choosing,"gently pushed a loose strand of hair from Carrington's face and placed a warm kiss on her cheek. # "" Remember, we all have our place, ""","gently pushed a loose strand of hair from Carrington's face and placed a warm kiss on her cheek. # "" Remember, we all have our place, """,0a41cd499d8cf605493a9b067d018234
1765,warm,kiss,2015,FIC,ParisRev,"and when her caretaker, Maria, introduced us, she gave me a warm kiss on the cheek. "" Of course I know him, "" she scolded Maria","and when her caretaker, Maria, introduced us, she gave me a warm kiss on the cheek. "" Of course I know him, "" she scolded Maria",4a0c57c11077df589750fbd94f067872
1766,warm,kiss,2013,FIC,GettysburgRev,"you. "" She gives me a kiss. It's a light, warm kiss, and her breath smells sweet, like chocolate liqueur, maybe from one of","you. "" She gives me a kiss. It's a light, warm kiss, and her breath smells sweet, like chocolate liqueur, maybe from one of",5bca549fb44b6994600c6dc9a5cf2ce2
1767,warm,kiss,2012,FIC,Bk:AllIWantIsYou,"mom's idea of cookin'. "" # Bridget pressed a quick, warm kiss on Connor's cheek and pulled Tony out the door before Connor could stop them","mom's idea of cookin'. "" # Bridget pressed a quick, warm kiss on Connor's cheek and pulled Tony out the door before Connor could stop them",7edfd496fdc9c9334c6edbb8282e3079
1768,warm,kiss,2010,FIC,Bk:GypsysBoy,"much of the year. Whereas for Bireli, his greatest pleasures were the warm kiss of the morning sun upon his face and shoulders and the cool caresses of the","much of the year. Whereas for Bireli, his greatest pleasures were the warm kiss of the morning sun upon his face and shoulders and the cool caresses of the",bb51af1b249cbabf16ea257caf02733b
1769,warm,kiss,2009,FIC,Bk:AnimalAttraction,"he hadn't released and drew it to his lips. He pressed a warm kiss to the back of my hand. Heat shivered over me. "" We have","he hadn't released and drew it to his lips. He pressed a warm kiss to the back of my hand. Heat shivered over me. "" We have",af59ca9bc922e79ed2d1655f3f662e8d
1770,warm,kiss,2004,NEWS,CSMonitor,"she celebrated alone two days after he was taken. "" I send my warm kisses to our pretty little ones, and I hope that they are being loving,","she celebrated alone two days after he was taken. "" I send my warm kisses to our pretty little ones, and I hope that they are being loving,",f9aeaff0c21995ac31514e0a711aef38
1771,warm,kiss,2002,MOV,...ians 2: Patch's London Adventure,"misery! Ugh! Ugh! Whoa! Lightning, I can feel the warm kiss of life' ere it parts my cheek. Oh! Do not mourn me","misery! Ugh! Ugh! Whoa! Lightning, I can feel the warm kiss of life' ere it parts my cheek. Oh! Do not mourn me",af4d16a2b334d6609327709552948858
1772,warm,kiss,2001,FIC,Mov:MissionImpossible,"appreciative) She's such pure evil. Sally approaches, gives Gina a warm kiss on the chest. # SALLY # Thanks for coming. # GINA # Happy","appreciative) She's such pure evil. Sally approaches, gives Gina a warm kiss on the chest. # SALLY # Thanks for coming. # GINA # Happy",0d9aa884da09e7aa316f296282a4cdb5
1773,warm,kiss,2000,MAG,USNWR,"boldly picking Joe Lieberman as his vice president, by humanizing himself with a warm kiss and a passionate speech on the evening of his nomination, he was able to","boldly picking Joe Lieberman as his vice president, by humanizing himself with a warm kiss and a passionate speech on the evening of his nomination, he was able to",f2452318e5e72cce3d6846308ab92153
1774,warm,kiss,1999,FIC,Mov:AmericanBeauty,"you want me to be. And he kisses her -- a soft, warm kiss that speaks unmistakably of sex -- then turns to the others and grins. # LESTER","you want me to be. And he kisses her -- a soft, warm kiss that speaks unmistakably of sex -- then turns to the others and grins. # LESTER",ffe722c516dfc95dc29ac372496e651f
1775,warm,kiss,1999,FIC,Bk:WhenIFallInLove,"See you in the morning, "" Mark said, and his brief, warm kiss on her cheek was comforting. On Bryan's floor Lily hurried past the nurses","See you in the morning, "" Mark said, and his brief, warm kiss on her cheek was comforting. On Bryan's floor Lily hurried past the nurses",d3464f9039448558a5a394fd573b0986
1776,warm,kiss,1998,FIC,Bk:ThornsTruth,"her. Beads of sweat from his forehead dropped onto her face like tiny warm kisses. He moved inside her, deep thrusts followed by slow gliding strokes, until","her. Beads of sweat from his forehead dropped onto her face like tiny warm kisses. He moved inside her, deep thrusts followed by slow gliding strokes, until",ec5855d6fe4ce9bcc3df57c9b01e914d
1777,warm,kiss,1995,FIC,FantasySciFi,"turned. "" Darling. "" She surprised him with her arms and a warm kiss. Max hugged her back, feeling a lifting and tightening inside his whole body","turned. "" Darling. "" She surprised him with her arms and a warm kiss. Max hugged her back, feeling a lifting and tightening inside his whole body",3be0b16b1919f3ada75cad44bb70f9d6
1778,warm,kiss,1995,FIC,MassachRev,". My father threw them in love. Ma says they touched her like warm kisses, these pebbles which he had been holding in the sun. Warm kisses on",". My father threw them in love. Ma says they touched her like warm kisses, these pebbles which he had been holding in the sun. Warm kisses on",ed1928db402558505e1f6ec0844e6223
1779,warm,kiss,1995,FIC,MassachRev,"warm kisses, these pebbles which he had been holding in the sun. Warm kisses on the curve of her back, sliding down the crook of her arm,","warm kisses, these pebbles which he had been holding in the sun. Warm kisses on the curve of her back, sliding down the crook of her arm,",5b8b03e94023524261cde60516f097fb
1780,warm,kiss,1995,FIC,FantasySciFi,"before: soft caressing flesh, ripplings of sensation, her body bathed in warm kisses. Even when the pleasure began to mix with pain she could not stop,","before: soft caressing flesh, ripplings of sensation, her body bathed in warm kisses. Even when the pleasure began to mix with pain she could not stop,",776ab6dc228d1428e139060739d6f55e
1781,warm,kiss,1995,FIC,Bk:Moo,"up. Loraine helps her, and gives each of p103 her nipples a warm kiss. Together, they turn toward the refrigerator. It is still open. ""","up. Loraine helps her, and gives each of p103 her nipples a warm kiss. Together, they turn toward the refrigerator. It is still open. """,629ef6108779064bff6742fbdb36a1e9
1782,warm,kiss,1992,NEWS,NYTimes,", "" she recounts. "" No professional success could possibly be worth that warm kiss. "" # Lola Wasserstein, the playwright's mother, says that despite all",", "" she recounts. "" No professional success could possibly be worth that warm kiss. "" # Lola Wasserstein, the playwright's mother, says that despite all",50440624e8e0aa8ee80601e793786545
1783,warm,kiss,1991,FIC,Bk:UnderBeetles,"friend of her parents stopped at the table. "" Darcy! "" A warm kiss, a hug. He introduced himself to Michael Nash. "" Harry Curtis.","friend of her parents stopped at the table. "" Darcy! "" A warm kiss, a hug. He introduced himself to Michael Nash. "" Harry Curtis.",9c09e7c32764a1eb802ffe1ac5646587
1784,warm,kiss,1990,FIC,Bk:Dazzle,"herself at him, wrapping herself around him, giving him a long, warm kiss that could never be considered sisterly. "" No, sorry, but that just","herself at him, wrapping herself around him, giving him a long, warm kiss that could never be considered sisterly. "" No, sorry, but that just",c5e890f8463ffbd208d01fe641ec545d
1785,warm,caress,2018,NEWS,Minneapolis Star Tribune,You won't have to wonder about the weather this week. Summer's warm caress is gone. Canada wins most atmospheric scuffles into April. The only question:,You won't have to wonder about the weather this week. Summer's warm caress is gone. Canada wins most atmospheric scuffles into April. The only question:,c57e27626dfb02b5f0672ffc97dbd031
1786,warm,caress,2017,FIC,Bk:RealMrs.Price,", chasing fear and desire. Her nipples hardened at the thought of the warm caress of his lips. # He could hurt her. Kill. It's what",", chasing fear and desire. Her nipples hardened at the thought of the warm caress of his lips. # He could hurt her. Kill. It's what",a7bf55d635b98e8d1a0740a227b6194b
1787,warm,caress,2016,FIC,Iowa Review,"it inside her bra, the edge sharp against her fresh wound, a warm caress against her skin.","it inside her bra, the edge sharp against her fresh wound, a warm caress against her skin.",8a42857f770ad3e920e5d5ab3fc0e47e
1788,warm,caress,2009,FIC,Bk:LuckyStreak,"caring voice softened as he spoke to her, wrapping around her like a warm caress. # She met his gaze. "" I'm fine now. "" She","caring voice softened as he spoke to her, wrapping around her like a warm caress. # She met his gaze. "" I'm fine now. "" She",de1cccb4485413be346cbe27e603717e
1789,warm,caress,2009,NEWS,Houston,"than height): The Leprechaun, grille # Sample lyric: "" The warm caress of your body next to mine/It's rated X and its so divine. ""","than height): The Leprechaun, grille # Sample lyric: "" The warm caress of your body next to mine/It's rated X and its so divine. """,3a6d7c9a414bbc978fc8d8c2aebc1ca7
1790,warm,caress,1996,SPOK,PBS_Newshour,"Blizzard is freezing toes and frosting noses up North, the tropical sun and warm caresses -- MR-BEARDEN: By the millions, they came to lie on the beach,","Blizzard is freezing toes and frosting noses up North, the tropical sun and warm caresses -- MR-BEARDEN: By the millions, they came to lie on the beach,",1e80b7e84dd2b467ea86998875e6b190
1791,warm,caress,1995,FIC,FantasySciFi,"into heavy-limbed paralysis: it was impossible even to shudder away from the ceaseless warm caress that went on and on. At last, dizzy to fainting, Susannah rolled","into heavy-limbed paralysis: it was impossible even to shudder away from the ceaseless warm caress that went on and on. At last, dizzy to fainting, Susannah rolled",b25f5cee6141b819b4ec66b280fb45e6
1792,warm,caress,1994,MOV,That's Entertainment! III,"plans Just little pots and pans In the doorway She'll wait for his warm caress And he'll be handsome Well, more or less But he will notice that","plans Just little pots and pans In the doorway She'll wait for his warm caress And he'll be handsome Well, more or less But he will notice that",dca7a8a0c6d811ceda8e4011817d260b
1793,warm,snuggle,2012,BLOG,...rstress.blogspot.com,"tonight for the first time. # There are things I'll miss; warm snuggles and smiles in the morning, giggles, little hands reaching to be picked up","tonight for the first time. # There are things I'll miss; warm snuggles and smiles in the morning, giggles, little hands reaching to be picked up",95017d9a9c9168291b22d499a048a50c
