Sentence_key	Article	Sentence	Tokens	Borderline_metaphor	Real_metaphors	Frame_label
a95ad482bd3dfc390610ad544cc98cfe	0	0	#	0	0	_
a95ad482bd3dfc390610ad544cc98cfe	0	0	upon	1	0	Spatial_contact
a95ad482bd3dfc390610ad544cc98cfe	0	0	you	0	0	_
a95ad482bd3dfc390610ad544cc98cfe	0	0	;	0	0	_
a95ad482bd3dfc390610ad544cc98cfe	0	0	it	0	0	_
a95ad482bd3dfc390610ad544cc98cfe	0	0	did	0	0	_
a95ad482bd3dfc390610ad544cc98cfe	0	0	not	0	0	_
a95ad482bd3dfc390610ad544cc98cfe	0	0	help	1	0	Assistance
a95ad482bd3dfc390610ad544cc98cfe	0	0	,	0	0	_
a95ad482bd3dfc390610ad544cc98cfe	0	0	this	1	0	_
a95ad482bd3dfc390610ad544cc98cfe	0	0	turning	1	1	Undergo_change
a95ad482bd3dfc390610ad544cc98cfe	0	0	back	1	0	_
a95ad482bd3dfc390610ad544cc98cfe	0	0	of	0	0	_
a95ad482bd3dfc390610ad544cc98cfe	0	0	time	0	0	_
a95ad482bd3dfc390610ad544cc98cfe	0	0	.	0	0	_

a95ad482bd3dfc390610ad544cc98cfe	0	1	You	0	0	_
a95ad482bd3dfc390610ad544cc98cfe	0	1	would	0	0	_
a95ad482bd3dfc390610ad544cc98cfe	0	1	have	0	0	_
a95ad482bd3dfc390610ad544cc98cfe	0	1	needed	0	0	Needing
a95ad482bd3dfc390610ad544cc98cfe	0	1	weeks	0	0	Measure_duration
a95ad482bd3dfc390610ad544cc98cfe	0	1	,	0	0	_
a95ad482bd3dfc390610ad544cc98cfe	0	1	months	0	0	Measure_duration
a95ad482bd3dfc390610ad544cc98cfe	0	1	,	0	0	_
a95ad482bd3dfc390610ad544cc98cfe	0	1	not	0	0	Negation
a95ad482bd3dfc390610ad544cc98cfe	0	1	a	0	0	_
a95ad482bd3dfc390610ad544cc98cfe	0	1	single	0	0	_

6ea387591ace12569174cefd39a1b870	1	0	#	0	0	_
6ea387591ace12569174cefd39a1b870	1	0	revealed	1	1	Reveal_secret
6ea387591ace12569174cefd39a1b870	1	0	.	0	0	_

6ea387591ace12569174cefd39a1b870	1	1	#	0	0	_
6ea387591ace12569174cefd39a1b870	1	1	In	1	0	_
6ea387591ace12569174cefd39a1b870	1	1	a	0	0	_
6ea387591ace12569174cefd39a1b870	1	1	supreme	0	0	_
6ea387591ace12569174cefd39a1b870	1	1	irony	0	0	_
6ea387591ace12569174cefd39a1b870	1	1	,	0	0	_
6ea387591ace12569174cefd39a1b870	1	1	the	0	0	_
6ea387591ace12569174cefd39a1b870	1	1	folding	1	1	_
6ea387591ace12569174cefd39a1b870	1	1	back	1	0	_
6ea387591ace12569174cefd39a1b870	1	1	of	0	0	_
6ea387591ace12569174cefd39a1b870	1	1	time	0	0	_
6ea387591ace12569174cefd39a1b870	1	1	,	0	0	_
6ea387591ace12569174cefd39a1b870	1	1	at	1	0	Locative_relation
6ea387591ace12569174cefd39a1b870	1	1	the	0	0	_
6ea387591ace12569174cefd39a1b870	1	1	end	1	0	Temporal_subregion
6ea387591ace12569174cefd39a1b870	1	1	,	0	0	_
6ea387591ace12569174cefd39a1b870	1	1	finds	1	0	Locating
6ea387591ace12569174cefd39a1b870	1	1	the	0	0	_
6ea387591ace12569174cefd39a1b870	1	1	gansta	0	0	_
6ea387591ace12569174cefd39a1b870	1	1	rap	0	0	_
6ea387591ace12569174cefd39a1b870	1	1	son	0	0	Kinship
6ea387591ace12569174cefd39a1b870	1	1	of	0	0	_
6ea387591ace12569174cefd39a1b870	1	1	Ruth	0	0	_

c1c3470ef639329aefa1daf522e480a4	2	0	#	0	0	_
c1c3470ef639329aefa1daf522e480a4	2	0	is	0	0	_
c1c3470ef639329aefa1daf522e480a4	2	0	very	0	0	Degree
c1c3470ef639329aefa1daf522e480a4	2	0	nice	0	0	Stimulus_focus
c1c3470ef639329aefa1daf522e480a4	2	0	,	0	0	_
c1c3470ef639329aefa1daf522e480a4	2	0	how	0	0	_
c1c3470ef639329aefa1daf522e480a4	2	0	you	0	0	_
c1c3470ef639329aefa1daf522e480a4	2	0	get	1	0	Transition_to_state
c1c3470ef639329aefa1daf522e480a4	2	0	up	1	0	_
c1c3470ef639329aefa1daf522e480a4	2	0	on	1	0	Spatial_contact
c1c3470ef639329aefa1daf522e480a4	2	0	the	0	0	_
c1c3470ef639329aefa1daf522e480a4	2	0	back	1	1	Part_orientational
c1c3470ef639329aefa1daf522e480a4	2	0	of	0	0	_
c1c3470ef639329aefa1daf522e480a4	2	0	time	0	0	_
c1c3470ef639329aefa1daf522e480a4	2	0	and	0	0	_
c1c3470ef639329aefa1daf522e480a4	2	0	ride	1	0	Operate_vehicle
c1c3470ef639329aefa1daf522e480a4	2	0	and	0	0	_
c1c3470ef639329aefa1daf522e480a4	2	0	you	0	0	_
c1c3470ef639329aefa1daf522e480a4	2	0	do	0	0	_
c1c3470ef639329aefa1daf522e480a4	2	0	n't	0	0	_
c1c3470ef639329aefa1daf522e480a4	2	0	know	0	0	Awareness
c1c3470ef639329aefa1daf522e480a4	2	0	where	0	0	Locative_relation
c1c3470ef639329aefa1daf522e480a4	2	0	it	0	0	_
c1c3470ef639329aefa1daf522e480a4	2	0	will	0	0	_
c1c3470ef639329aefa1daf522e480a4	2	0	go	1	0	Motion
c1c3470ef639329aefa1daf522e480a4	2	0	or	0	0	_

a719464486e167bd6c1210940d5a0b38	3	0	#	0	0	_
a719464486e167bd6c1210940d5a0b38	3	0	.	0	0	_

a719464486e167bd6c1210940d5a0b38	3	1	Perhapse	0	0	_
a719464486e167bd6c1210940d5a0b38	3	1	science	0	0	_
a719464486e167bd6c1210940d5a0b38	3	1	will	0	0	_
a719464486e167bd6c1210940d5a0b38	3	1	evolve	0	0	Coming_to_be
a719464486e167bd6c1210940d5a0b38	3	1	beyond	0	0	_
a719464486e167bd6c1210940d5a0b38	3	1	the	0	0	_
a719464486e167bd6c1210940d5a0b38	3	1	known	0	0	Awareness
a719464486e167bd6c1210940d5a0b38	3	1	areas	0	0	Fields
a719464486e167bd6c1210940d5a0b38	3	1	of	0	0	_
a719464486e167bd6c1210940d5a0b38	3	1	existence	0	0	Existence
a719464486e167bd6c1210940d5a0b38	3	1	.	0	0	_

a719464486e167bd6c1210940d5a0b38	3	2	Who	0	0	_
a719464486e167bd6c1210940d5a0b38	3	2	knows	0	0	Awareness
a719464486e167bd6c1210940d5a0b38	3	2	what	0	0	_
a719464486e167bd6c1210940d5a0b38	3	2	will	0	0	_
a719464486e167bd6c1210940d5a0b38	3	2	come	1	0	Arriving
a719464486e167bd6c1210940d5a0b38	3	2	#	0	0	_
a719464486e167bd6c1210940d5a0b38	3	2	But	0	0	_
a719464486e167bd6c1210940d5a0b38	3	2	I	0	0	_
a719464486e167bd6c1210940d5a0b38	3	2	do	0	0	_
a719464486e167bd6c1210940d5a0b38	3	2	nt	0	0	_
a719464486e167bd6c1210940d5a0b38	3	2	blame	0	0	Judgment
a719464486e167bd6c1210940d5a0b38	3	2	him	0	0	_
a719464486e167bd6c1210940d5a0b38	3	2	for	0	0	_

0d4e4ff3527c0a69db6e283d9455fb7b	4	0	#	0	0	_
0d4e4ff3527c0a69db6e283d9455fb7b	4	0	only	0	0	Sole_instance
0d4e4ff3527c0a69db6e283d9455fb7b	4	0	semi-voluntarily	0	0	_
0d4e4ff3527c0a69db6e283d9455fb7b	4	0	,	0	0	_
0d4e4ff3527c0a69db6e283d9455fb7b	4	0	placed	1	1	Placing
0d4e4ff3527c0a69db6e283d9455fb7b	4	0	this	1	0	_
0d4e4ff3527c0a69db6e283d9455fb7b	4	0	man	0	0	People
0d4e4ff3527c0a69db6e283d9455fb7b	4	0	in	1	0	Interior_profile_relation
0d4e4ff3527c0a69db6e283d9455fb7b	4	0	an	0	0	_
0d4e4ff3527c0a69db6e283d9455fb7b	4	0	area	1	0	Locale
0d4e4ff3527c0a69db6e283d9455fb7b	4	0	of	0	0	_
0d4e4ff3527c0a69db6e283d9455fb7b	4	0	existence	0	0	Existence
0d4e4ff3527c0a69db6e283d9455fb7b	4	0	too	0	0	Sufficiency
0d4e4ff3527c0a69db6e283d9455fb7b	4	0	terrible	0	0	Desirability
0d4e4ff3527c0a69db6e283d9455fb7b	4	0	to	0	0	_
0d4e4ff3527c0a69db6e283d9455fb7b	4	0	contemplate	0	0	Cogitation
0d4e4ff3527c0a69db6e283d9455fb7b	4	0	.	0	0	_

0d4e4ff3527c0a69db6e283d9455fb7b	4	1	Even	0	0	_
0d4e4ff3527c0a69db6e283d9455fb7b	4	1	when	0	0	Temporal_collocation
0d4e4ff3527c0a69db6e283d9455fb7b	4	1	he	0	0	_
0d4e4ff3527c0a69db6e283d9455fb7b	4	1	teased	0	0	Judgment_communication
0d4e4ff3527c0a69db6e283d9455fb7b	4	1	me	0	0	_
0d4e4ff3527c0a69db6e283d9455fb7b	4	1	,	0	0	_
0d4e4ff3527c0a69db6e283d9455fb7b	4	1	smiling	0	0	Making_faces
0d4e4ff3527c0a69db6e283d9455fb7b	4	1	kindly	0	0	Social_interaction_evaluation
0d4e4ff3527c0a69db6e283d9455fb7b	4	1	,	0	0	_

afba788568ab80b79cf302f83bbe9b83	5	0	#	0	0	_
afba788568ab80b79cf302f83bbe9b83	5	0	religious	0	0	_
afba788568ab80b79cf302f83bbe9b83	5	0	attitude	1	1	_
afba788568ab80b79cf302f83bbe9b83	5	0	based	1	0	_
afba788568ab80b79cf302f83bbe9b83	5	0	on	1	0	_
afba788568ab80b79cf302f83bbe9b83	5	0	that	1	0	_
afba788568ab80b79cf302f83bbe9b83	5	0	tradition	0	0	Custom
afba788568ab80b79cf302f83bbe9b83	5	0	to	1	0	_
afba788568ab80b79cf302f83bbe9b83	5	0	all	0	0	Quantified_mass
afba788568ab80b79cf302f83bbe9b83	5	0	areas	1	0	Fields
afba788568ab80b79cf302f83bbe9b83	5	0	of	0	0	_
afba788568ab80b79cf302f83bbe9b83	5	0	existence	0	0	Existence
afba788568ab80b79cf302f83bbe9b83	5	0	.	0	0	_

afba788568ab80b79cf302f83bbe9b83	5	1	Thus	0	0	_
afba788568ab80b79cf302f83bbe9b83	5	1	religious	0	0	_
afba788568ab80b79cf302f83bbe9b83	5	1	education	0	0	Education_teaching
afba788568ab80b79cf302f83bbe9b83	5	1	should	0	0	Desirable_event
afba788568ab80b79cf302f83bbe9b83	5	1	stimulate	1	1	Subjective_influence
afba788568ab80b79cf302f83bbe9b83	5	1	that	1	0	_
afba788568ab80b79cf302f83bbe9b83	5	1	sense	1	1	Sensation
afba788568ab80b79cf302f83bbe9b83	5	1	of	0	0	_
afba788568ab80b79cf302f83bbe9b83	5	1	wonder	0	0	Emotion_directed
afba788568ab80b79cf302f83bbe9b83	5	1	and	0	0	_
afba788568ab80b79cf302f83bbe9b83	5	1	the	0	0	_
afba788568ab80b79cf302f83bbe9b83	5	1	need	0	0	Needing
afba788568ab80b79cf302f83bbe9b83	5	1	to	0	0	_

4f4a5782804766acc2de79f167cf697b	6	0	#	0	0	_
4f4a5782804766acc2de79f167cf697b	6	0	in	0	0	Interior_profile_relation
4f4a5782804766acc2de79f167cf697b	6	0	a	0	0	_
4f4a5782804766acc2de79f167cf697b	6	0	different	0	0	Similarity
4f4a5782804766acc2de79f167cf697b	6	0	(	0	0	_
4f4a5782804766acc2de79f167cf697b	6	0	and	0	0	_
4f4a5782804766acc2de79f167cf697b	6	0	hopefully	0	0	_
4f4a5782804766acc2de79f167cf697b	6	0	better	0	0	Desirability
4f4a5782804766acc2de79f167cf697b	6	0	)	0	0	_
4f4a5782804766acc2de79f167cf697b	6	0	place	0	0	Locale
4f4a5782804766acc2de79f167cf697b	6	0	of	0	0	_
4f4a5782804766acc2de79f167cf697b	6	0	existence	0	0	Existence
4f4a5782804766acc2de79f167cf697b	6	0	where	0	0	Locative_relation
4f4a5782804766acc2de79f167cf697b	6	0	we	0	0	_
4f4a5782804766acc2de79f167cf697b	6	0	'd	0	0	_
4f4a5782804766acc2de79f167cf697b	6	0	have	1	0	Possession
4f4a5782804766acc2de79f167cf697b	6	0	no	0	0	_
4f4a5782804766acc2de79f167cf697b	6	0	desire	0	0	Desiring
4f4a5782804766acc2de79f167cf697b	6	0	to	0	0	_
4f4a5782804766acc2de79f167cf697b	6	0	return	1	0	Arriving
4f4a5782804766acc2de79f167cf697b	6	0	to	1	0	_
4f4a5782804766acc2de79f167cf697b	6	0	our	0	0	_
4f4a5782804766acc2de79f167cf697b	6	0	prior	0	0	Time_vector
4f4a5782804766acc2de79f167cf697b	6	0	LIFE	0	0	_
4f4a5782804766acc2de79f167cf697b	6	0	.	0	0	_

4f4a5782804766acc2de79f167cf697b	6	1	#	0	0	_

3df93033d17097e0852340cd0084dba6	7	0	#	0	0	_
3df93033d17097e0852340cd0084dba6	7	0	.	0	0	_
3df93033d17097e0852340cd0084dba6	7	0	)	0	0	_

3df93033d17097e0852340cd0084dba6	7	1	But	0	0	Concessive
3df93033d17097e0852340cd0084dba6	7	1	in	1	0	Interior_profile_relation
3df93033d17097e0852340cd0084dba6	7	1	our	0	0	_
3df93033d17097e0852340cd0084dba6	7	1	assumptive	0	0	Certainty
3df93033d17097e0852340cd0084dba6	7	1	God	0	0	_
3df93033d17097e0852340cd0084dba6	7	1	's	0	0	_
3df93033d17097e0852340cd0084dba6	7	1	place	1	0	Locale
3df93033d17097e0852340cd0084dba6	7	1	of	0	0	_
3df93033d17097e0852340cd0084dba6	7	1	existence	0	0	Existence
3df93033d17097e0852340cd0084dba6	7	1	,	0	0	_
3df93033d17097e0852340cd0084dba6	7	1	where	1	0	_
3df93033d17097e0852340cd0084dba6	7	1	perhaps	0	0	_
3df93033d17097e0852340cd0084dba6	7	1	time	0	0	_
3df93033d17097e0852340cd0084dba6	7	1	as	0	0	_
3df93033d17097e0852340cd0084dba6	7	1	we	0	0	_
3df93033d17097e0852340cd0084dba6	7	1	know	0	0	Awareness
3df93033d17097e0852340cd0084dba6	7	1	it	0	0	_
3df93033d17097e0852340cd0084dba6	7	1	is	0	0	_
3df93033d17097e0852340cd0084dba6	7	1	not	0	0	_
3df93033d17097e0852340cd0084dba6	7	1	a	0	0	_
3df93033d17097e0852340cd0084dba6	7	1	dimension	1	1	_
3df93033d17097e0852340cd0084dba6	7	1	,	0	0	_
3df93033d17097e0852340cd0084dba6	7	1	.	0	0	_

fd9922ba0830b393aa00342cf8116d59	8	0	#	0	0	_
fd9922ba0830b393aa00342cf8116d59	8	0	that	1	0	_
fd9922ba0830b393aa00342cf8116d59	8	0	;	0	0	_
fd9922ba0830b393aa00342cf8116d59	8	0	it	0	0	_
fd9922ba0830b393aa00342cf8116d59	8	0	becomes	0	0	Becoming
fd9922ba0830b393aa00342cf8116d59	8	0	the	0	0	_
fd9922ba0830b393aa00342cf8116d59	8	0	responsibility	0	0	Being_obligated
fd9922ba0830b393aa00342cf8116d59	8	0	of	0	0	_
fd9922ba0830b393aa00342cf8116d59	8	0	your	0	0	_
fd9922ba0830b393aa00342cf8116d59	8	0	region	0	0	Locale
fd9922ba0830b393aa00342cf8116d59	8	0	of	0	0	_
fd9922ba0830b393aa00342cf8116d59	8	0	existence	0	0	Existence
fd9922ba0830b393aa00342cf8116d59	8	0	to	0	0	_
fd9922ba0830b393aa00342cf8116d59	8	0	give	1	0	Giving
fd9922ba0830b393aa00342cf8116d59	8	0	them	0	0	_
fd9922ba0830b393aa00342cf8116d59	8	0	a	0	0	_
fd9922ba0830b393aa00342cf8116d59	8	0	happy	1	0	Experiencer_focus
fd9922ba0830b393aa00342cf8116d59	8	0	future	0	0	Alternatives
fd9922ba0830b393aa00342cf8116d59	8	0	.	0	0	_

fd9922ba0830b393aa00342cf8116d59	8	1	You	0	0	_
fd9922ba0830b393aa00342cf8116d59	8	1	ca	0	0	_
fd9922ba0830b393aa00342cf8116d59	8	1	n't	0	0	_
fd9922ba0830b393aa00342cf8116d59	8	1	hand	0	0	Giving
fd9922ba0830b393aa00342cf8116d59	8	1	them	0	0	_
fd9922ba0830b393aa00342cf8116d59	8	1	back	0	0	_
fd9922ba0830b393aa00342cf8116d59	8	1	by	0	0	_

cfe1e6335c366e3178994885f6fed1e5	9	0	#	0	0	_
cfe1e6335c366e3178994885f6fed1e5	9	0	''	0	0	_
cfe1e6335c366e3178994885f6fed1e5	9	0	radical	1	1	_
cfe1e6335c366e3178994885f6fed1e5	9	0	mystery	0	0	_
cfe1e6335c366e3178994885f6fed1e5	9	0	``	0	0	_
cfe1e6335c366e3178994885f6fed1e5	9	0	with	1	0	_
cfe1e6335c366e3178994885f6fed1e5	9	0	``	0	0	_
cfe1e6335c366e3178994885f6fed1e5	9	0	the	0	0	_
cfe1e6335c366e3178994885f6fed1e5	9	0	problematic	0	0	Predicament
cfe1e6335c366e3178994885f6fed1e5	9	0	regions	1	1	Locale
cfe1e6335c366e3178994885f6fed1e5	9	0	of	0	0	_
cfe1e6335c366e3178994885f6fed1e5	9	0	existence	0	0	Existence
cfe1e6335c366e3178994885f6fed1e5	9	0	``	0	0	_
cfe1e6335c366e3178994885f6fed1e5	9	0	by	0	0	Means
cfe1e6335c366e3178994885f6fed1e5	9	0	way	1	0	Means
cfe1e6335c366e3178994885f6fed1e5	9	0	of	0	0	_
cfe1e6335c366e3178994885f6fed1e5	9	0	``	0	0	_
cfe1e6335c366e3178994885f6fed1e5	9	0	Mozart	0	0	_
cfe1e6335c366e3178994885f6fed1e5	9	0	:	0	0	_
cfe1e6335c366e3178994885f6fed1e5	9	0	An	0	0	_
cfe1e6335c366e3178994885f6fed1e5	9	0	Overture.	0	0	_
cfe1e6335c366e3178994885f6fed1e5	9	0	``	0	0	_

cfe1e6335c366e3178994885f6fed1e5	9	1	Likewise	0	0	_
cfe1e6335c366e3178994885f6fed1e5	9	1	,	0	0	_
cfe1e6335c366e3178994885f6fed1e5	9	1	the	0	0	_

cec2d36720830a115ed7add9f1a81938	10	0	#	0	0	_
cec2d36720830a115ed7add9f1a81938	10	0	which	0	0	_
cec2d36720830a115ed7add9f1a81938	10	0	word	0	0	Simple_name
cec2d36720830a115ed7add9f1a81938	10	0	the	0	0	_
cec2d36720830a115ed7add9f1a81938	10	0	LXX.	0	0	_
cec2d36720830a115ed7add9f1a81938	10	0	,	0	0	_
cec2d36720830a115ed7add9f1a81938	10	0	both	0	0	Quantified_mass
cec2d36720830a115ed7add9f1a81938	10	0	in	1	0	Interior_profile_relation
cec2d36720830a115ed7add9f1a81938	10	0	the	0	0	_
cec2d36720830a115ed7add9f1a81938	10	0	place	1	1	Locale
cec2d36720830a115ed7add9f1a81938	10	0	of	0	0	_
cec2d36720830a115ed7add9f1a81938	10	0	Is	0	0	_
cec2d36720830a115ed7add9f1a81938	10	0	.	0	0	_

cec2d36720830a115ed7add9f1a81938	10	1	55:3	0	0	_
cec2d36720830a115ed7add9f1a81938	10	1	,	0	0	_
cec2d36720830a115ed7add9f1a81938	10	1	and	0	0	_
cec2d36720830a115ed7add9f1a81938	10	1	in	1	0	_
cec2d36720830a115ed7add9f1a81938	10	1	many	0	0	Quantified_mass
cec2d36720830a115ed7add9f1a81938	10	1	others	0	0	Increment
cec2d36720830a115ed7add9f1a81938	10	1	,	0	0	_
cec2d36720830a115ed7add9f1a81938	10	1	use	0	0	Using
cec2d36720830a115ed7add9f1a81938	10	1	for	0	0	_
cec2d36720830a115ed7add9f1a81938	10	1	that	0	0	_
cec2d36720830a115ed7add9f1a81938	10	1	which	0	0	_
cec2d36720830a115ed7add9f1a81938	10	1	is	0	0	_
cec2d36720830a115ed7add9f1a81938	10	1	in	1	0	_
cec2d36720830a115ed7add9f1a81938	10	1	the	0	0	_

fea8730cf64c1ae17234bdf2e4acd674	11	0	#	0	0	_
fea8730cf64c1ae17234bdf2e4acd674	11	0	from	1	0	_
fea8730cf64c1ae17234bdf2e4acd674	11	0	the	0	0	_
fea8730cf64c1ae17234bdf2e4acd674	11	0	way	1	0	Manner
fea8730cf64c1ae17234bdf2e4acd674	11	0	I	0	0	_
fea8730cf64c1ae17234bdf2e4acd674	11	0	would	0	0	_
fea8730cf64c1ae17234bdf2e4acd674	11	0	interpret	0	0	Categorization
fea8730cf64c1ae17234bdf2e4acd674	11	0	it	0	0	_
fea8730cf64c1ae17234bdf2e4acd674	11	0	,	0	0	_
fea8730cf64c1ae17234bdf2e4acd674	11	0	that	0	0	_
fea8730cf64c1ae17234bdf2e4acd674	11	0	that	1	0	_
fea8730cf64c1ae17234bdf2e4acd674	11	0	area	1	0	Locale
fea8730cf64c1ae17234bdf2e4acd674	11	0	of	0	0	_
fea8730cf64c1ae17234bdf2e4acd674	11	0	time	0	0	_
fea8730cf64c1ae17234bdf2e4acd674	11	0	has	0	0	Required_event
fea8730cf64c1ae17234bdf2e4acd674	11	0	to	0	0	Required_event
fea8730cf64c1ae17234bdf2e4acd674	11	0	be	0	0	_
fea8730cf64c1ae17234bdf2e4acd674	11	0	shielded	1	1	Protecting
fea8730cf64c1ae17234bdf2e4acd674	11	0	from	1	0	_
fea8730cf64c1ae17234bdf2e4acd674	11	0	the	0	0	_
fea8730cf64c1ae17234bdf2e4acd674	11	0	NDA	0	0	_
fea8730cf64c1ae17234bdf2e4acd674	11	0	that	0	0	_
fea8730cf64c1ae17234bdf2e4acd674	11	0	existed	0	0	Existence
fea8730cf64c1ae17234bdf2e4acd674	11	0	during	0	0	Temporal_collocation
fea8730cf64c1ae17234bdf2e4acd674	11	0	her	0	0	_
fea8730cf64c1ae17234bdf2e4acd674	11	0	time	0	0	_

20d009beadc7865fb63ef2803a9d1a23	12	0	#	0	0	_
20d009beadc7865fb63ef2803a9d1a23	12	0	took	1	0	_
20d009beadc7865fb63ef2803a9d1a23	12	0	that	1	0	_
20d009beadc7865fb63ef2803a9d1a23	12	0	to	1	0	_
20d009beadc7865fb63ef2803a9d1a23	12	0	heart	1	0	_
20d009beadc7865fb63ef2803a9d1a23	12	0	.	0	0	_

20d009beadc7865fb63ef2803a9d1a23	12	1	TERRY-GROSS	0	0	_
20d009beadc7865fb63ef2803a9d1a23	12	1	#	0	0	_
20d009beadc7865fb63ef2803a9d1a23	12	1	You	0	0	_
20d009beadc7865fb63ef2803a9d1a23	12	1	know	0	0	Awareness
20d009beadc7865fb63ef2803a9d1a23	12	1	,	0	0	_
20d009beadc7865fb63ef2803a9d1a23	12	1	that	1	0	_
20d009beadc7865fb63ef2803a9d1a23	12	1	area	0	0	Locale
20d009beadc7865fb63ef2803a9d1a23	12	1	of	0	0	_
20d009beadc7865fb63ef2803a9d1a23	12	1	Times	0	0	_
20d009beadc7865fb63ef2803a9d1a23	12	1	Square	0	0	_
20d009beadc7865fb63ef2803a9d1a23	12	1	has	0	0	_
20d009beadc7865fb63ef2803a9d1a23	12	1	always	0	0	Frequency
20d009beadc7865fb63ef2803a9d1a23	12	1	had	1	0	Have_associated
20d009beadc7865fb63ef2803a9d1a23	12	1	a	0	0	Quantified_mass
20d009beadc7865fb63ef2803a9d1a23	12	1	lot	1	0	Quantified_mass
20d009beadc7865fb63ef2803a9d1a23	12	1	of	0	0	_
20d009beadc7865fb63ef2803a9d1a23	12	1	movie	0	0	_
20d009beadc7865fb63ef2803a9d1a23	12	1	marquees	0	0	_
20d009beadc7865fb63ef2803a9d1a23	12	1	,	0	0	_
20d009beadc7865fb63ef2803a9d1a23	12	1	you	0	0	_
20d009beadc7865fb63ef2803a9d1a23	12	1	know	0	0	Awareness

0327a6b57ea79ec62616d945f8368f73	13	0	#	0	0	_
0327a6b57ea79ec62616d945f8368f73	13	0	)	0	0	_
0327a6b57ea79ec62616d945f8368f73	13	0	noted	0	0	Becoming_aware
0327a6b57ea79ec62616d945f8368f73	13	0	for	0	0	_
0327a6b57ea79ec62616d945f8368f73	13	0	public	0	0	_
0327a6b57ea79ec62616d945f8368f73	13	0	FBS	0	0	_
0327a6b57ea79ec62616d945f8368f73	13	0	college	0	0	_
0327a6b57ea79ec62616d945f8368f73	13	0	athletic	0	0	_
0327a6b57ea79ec62616d945f8368f73	13	0	departments	0	0	_
0327a6b57ea79ec62616d945f8368f73	13	0	,	0	0	_
0327a6b57ea79ec62616d945f8368f73	13	0	the	0	0	_
0327a6b57ea79ec62616d945f8368f73	13	0	areas	1	0	Fields
0327a6b57ea79ec62616d945f8368f73	13	0	of	0	0	_
0327a6b57ea79ec62616d945f8368f73	13	0	time	0	0	_
0327a6b57ea79ec62616d945f8368f73	13	0	,	0	0	_
0327a6b57ea79ec62616d945f8368f73	13	0	enrollment	0	0	_
0327a6b57ea79ec62616d945f8368f73	13	0	,	0	0	_
0327a6b57ea79ec62616d945f8368f73	13	0	football	0	0	_
0327a6b57ea79ec62616d945f8368f73	13	0	success	0	0	Success_or_failure
0327a6b57ea79ec62616d945f8368f73	13	0	,	0	0	_
0327a6b57ea79ec62616d945f8368f73	13	0	and	0	0	_
0327a6b57ea79ec62616d945f8368f73	13	0	conference	0	0	Organization
0327a6b57ea79ec62616d945f8368f73	13	0	affiliation	0	0	_
0327a6b57ea79ec62616d945f8368f73	13	0	are	0	0	_
0327a6b57ea79ec62616d945f8368f73	13	0	useful	0	0	Usefulness
0327a6b57ea79ec62616d945f8368f73	13	0	in	0	0	_

983b7f8a071d1b6c5fe1b81ae34ee7f1	14	0	#	0	0	_
983b7f8a071d1b6c5fe1b81ae34ee7f1	14	0	.	0	0	_

983b7f8a071d1b6c5fe1b81ae34ee7f1	14	1	The	0	0	_
983b7f8a071d1b6c5fe1b81ae34ee7f1	14	1	following	0	0	_
983b7f8a071d1b6c5fe1b81ae34ee7f1	14	1	is	0	0	_
983b7f8a071d1b6c5fe1b81ae34ee7f1	14	1	a	0	0	_
983b7f8a071d1b6c5fe1b81ae34ee7f1	14	1	quick	1	0	Speed_description
983b7f8a071d1b6c5fe1b81ae34ee7f1	14	1	summary	0	0	Summarizing
983b7f8a071d1b6c5fe1b81ae34ee7f1	14	1	of	0	0	_
983b7f8a071d1b6c5fe1b81ae34ee7f1	14	1	the	0	0	_
983b7f8a071d1b6c5fe1b81ae34ee7f1	14	1	main	0	0	Importance
983b7f8a071d1b6c5fe1b81ae34ee7f1	14	1	areas	1	0	Fields
983b7f8a071d1b6c5fe1b81ae34ee7f1	14	1	of	0	0	_
983b7f8a071d1b6c5fe1b81ae34ee7f1	14	1	time	0	0	_
983b7f8a071d1b6c5fe1b81ae34ee7f1	14	1	management	0	0	_
983b7f8a071d1b6c5fe1b81ae34ee7f1	14	1	that	0	0	_
983b7f8a071d1b6c5fe1b81ae34ee7f1	14	1	were	0	0	_
983b7f8a071d1b6c5fe1b81ae34ee7f1	14	1	explored	0	0	Scrutiny
983b7f8a071d1b6c5fe1b81ae34ee7f1	14	1	in	1	0	_
983b7f8a071d1b6c5fe1b81ae34ee7f1	14	1	the	0	0	_
983b7f8a071d1b6c5fe1b81ae34ee7f1	14	1	quiz	0	0	_
983b7f8a071d1b6c5fe1b81ae34ee7f1	14	1	,	0	0	_
983b7f8a071d1b6c5fe1b81ae34ee7f1	14	1	and	0	0	_
983b7f8a071d1b6c5fe1b81ae34ee7f1	14	1	a	0	0	_
983b7f8a071d1b6c5fe1b81ae34ee7f1	14	1	guide	1	0	_
983b7f8a071d1b6c5fe1b81ae34ee7f1	14	1	to	0	0	_

40d9b446d8f80a026f33422f97ad2b84	15	0	#	0	0	_
40d9b446d8f80a026f33422f97ad2b84	15	0	between	1	0	_
40d9b446d8f80a026f33422f97ad2b84	15	0	authors	0	0	_
40d9b446d8f80a026f33422f97ad2b84	15	0	and	0	0	_
40d9b446d8f80a026f33422f97ad2b84	15	0	philosophical	0	0	_
40d9b446d8f80a026f33422f97ad2b84	15	0	themes	0	0	_
40d9b446d8f80a026f33422f97ad2b84	15	0	,	0	0	_
40d9b446d8f80a026f33422f97ad2b84	15	0	stretching	1	1	Expansion
40d9b446d8f80a026f33422f97ad2b84	15	0	over	1	0	_
40d9b446d8f80a026f33422f97ad2b84	15	0	a	0	0	_
40d9b446d8f80a026f33422f97ad2b84	15	0	vast	1	1	_
40d9b446d8f80a026f33422f97ad2b84	15	0	area	1	0	Fields
40d9b446d8f80a026f33422f97ad2b84	15	0	of	0	0	_
40d9b446d8f80a026f33422f97ad2b84	15	0	time	0	0	_
40d9b446d8f80a026f33422f97ad2b84	15	0	and	0	0	_
40d9b446d8f80a026f33422f97ad2b84	15	0	subject	1	1	Topic
40d9b446d8f80a026f33422f97ad2b84	15	0	.	0	0	_

40d9b446d8f80a026f33422f97ad2b84	15	1	This	1	0	_
40d9b446d8f80a026f33422f97ad2b84	15	1	rich	1	1	Position_on_a_scale
40d9b446d8f80a026f33422f97ad2b84	15	1	book	0	0	Text
40d9b446d8f80a026f33422f97ad2b84	15	1	gives	1	0	Giving
40d9b446d8f80a026f33422f97ad2b84	15	1	one	0	0	_
40d9b446d8f80a026f33422f97ad2b84	15	1	a	0	0	_
40d9b446d8f80a026f33422f97ad2b84	15	1	path	1	0	Roadways
40d9b446d8f80a026f33422f97ad2b84	15	1	through	0	0	_
40d9b446d8f80a026f33422f97ad2b84	15	1	much	0	0	_

4f7e9e3b10d44f6ec156359dc26ea3ff	16	0	#	0	0	_
4f7e9e3b10d44f6ec156359dc26ea3ff	16	0	was	0	0	_
4f7e9e3b10d44f6ec156359dc26ea3ff	16	0	teaching	0	0	Education_teaching
4f7e9e3b10d44f6ec156359dc26ea3ff	16	0	.	0	0	_

4f7e9e3b10d44f6ec156359dc26ea3ff	16	1	The	0	0	_
4f7e9e3b10d44f6ec156359dc26ea3ff	16	1	tension	1	1	_
4f7e9e3b10d44f6ec156359dc26ea3ff	16	1	emerged	1	1	Coming_to_be
4f7e9e3b10d44f6ec156359dc26ea3ff	16	1	most	0	0	_
4f7e9e3b10d44f6ec156359dc26ea3ff	16	1	clearly	0	0	Obviousness
4f7e9e3b10d44f6ec156359dc26ea3ff	16	1	in	1	0	_
4f7e9e3b10d44f6ec156359dc26ea3ff	16	1	the	0	0	_
4f7e9e3b10d44f6ec156359dc26ea3ff	16	1	area	1	0	Fields
4f7e9e3b10d44f6ec156359dc26ea3ff	16	1	of	0	0	_
4f7e9e3b10d44f6ec156359dc26ea3ff	16	1	time	0	0	_
4f7e9e3b10d44f6ec156359dc26ea3ff	16	1	management	0	0	_
4f7e9e3b10d44f6ec156359dc26ea3ff	16	1	,	0	0	_
4f7e9e3b10d44f6ec156359dc26ea3ff	16	1	with	0	0	_
4f7e9e3b10d44f6ec156359dc26ea3ff	16	1	professors	0	0	Education_teaching
4f7e9e3b10d44f6ec156359dc26ea3ff	16	1	struggling	1	1	_
4f7e9e3b10d44f6ec156359dc26ea3ff	16	1	to	0	0	_
4f7e9e3b10d44f6ec156359dc26ea3ff	16	1	find	1	0	Locating
4f7e9e3b10d44f6ec156359dc26ea3ff	16	1	time	0	0	_
4f7e9e3b10d44f6ec156359dc26ea3ff	16	1	for	0	0	_
4f7e9e3b10d44f6ec156359dc26ea3ff	16	1	their	0	0	_
4f7e9e3b10d44f6ec156359dc26ea3ff	16	1	scholarly	0	0	_
4f7e9e3b10d44f6ec156359dc26ea3ff	16	1	pursuits	0	0	_

ef50c8a50c262b6007b4738f64412b21	17	0	#	0	0	_
ef50c8a50c262b6007b4738f64412b21	17	0	,	0	0	_
ef50c8a50c262b6007b4738f64412b21	17	0	or	0	0	_
ef50c8a50c262b6007b4738f64412b21	17	0	is	0	0	_
ef50c8a50c262b6007b4738f64412b21	17	0	it	0	0	_
ef50c8a50c262b6007b4738f64412b21	17	0	just	0	0	_
ef50c8a50c262b6007b4738f64412b21	17	0	a	0	0	_
ef50c8a50c262b6007b4738f64412b21	17	0	close	0	0	_
ef50c8a50c262b6007b4738f64412b21	17	0	--	0	0	_
ef50c8a50c262b6007b4738f64412b21	17	0	a	0	0	_
ef50c8a50c262b6007b4738f64412b21	17	0	specified	0	0	_
ef50c8a50c262b6007b4738f64412b21	17	0	area	0	0	Locale
ef50c8a50c262b6007b4738f64412b21	17	0	of	0	0	_
ef50c8a50c262b6007b4738f64412b21	17	0	Times	0	0	_
ef50c8a50c262b6007b4738f64412b21	17	0	Square	0	0	_
ef50c8a50c262b6007b4738f64412b21	17	0	?	0	0	_

ef50c8a50c262b6007b4738f64412b21	17	1	HINOJOSA	0	0	_
ef50c8a50c262b6007b4738f64412b21	17	1	:	0	0	_
ef50c8a50c262b6007b4738f64412b21	17	1	No	0	0	_
ef50c8a50c262b6007b4738f64412b21	17	1	,	0	0	_
ef50c8a50c262b6007b4738f64412b21	17	1	no	0	0	_
ef50c8a50c262b6007b4738f64412b21	17	1	,	0	0	_
ef50c8a50c262b6007b4738f64412b21	17	1	no	0	0	_
ef50c8a50c262b6007b4738f64412b21	17	1	,	0	0	_
ef50c8a50c262b6007b4738f64412b21	17	1	no	0	0	_
ef50c8a50c262b6007b4738f64412b21	17	1	.	0	0	_

a951af57d92f085554f0165369de0bdc	18	0	#	0	0	_
a951af57d92f085554f0165369de0bdc	18	0	I	0	0	_
a951af57d92f085554f0165369de0bdc	18	0	left	0	0	Departing
a951af57d92f085554f0165369de0bdc	18	0	court	0	0	Locale_by_use
a951af57d92f085554f0165369de0bdc	18	0	,	0	0	_
a951af57d92f085554f0165369de0bdc	18	0	they	0	0	_
a951af57d92f085554f0165369de0bdc	18	0	were	0	0	_
a951af57d92f085554f0165369de0bdc	18	0	just	0	0	_
a951af57d92f085554f0165369de0bdc	18	0	focusing	1	1	Emphasizing
a951af57d92f085554f0165369de0bdc	18	0	on	1	0	_
a951af57d92f085554f0165369de0bdc	18	0	the	0	0	_
a951af57d92f085554f0165369de0bdc	18	0	area	1	1	Locale
a951af57d92f085554f0165369de0bdc	18	0	of	0	0	_
a951af57d92f085554f0165369de0bdc	18	0	time	0	0	_
a951af57d92f085554f0165369de0bdc	18	0	when	0	0	Temporal_collocation
a951af57d92f085554f0165369de0bdc	18	0	O.J	0	0	_
a951af57d92f085554f0165369de0bdc	18	0	.	0	0	_

a951af57d92f085554f0165369de0bdc	18	1	Simpson	0	0	_
a951af57d92f085554f0165369de0bdc	18	1	said	0	0	Statement
a951af57d92f085554f0165369de0bdc	18	1	he	0	0	_
a951af57d92f085554f0165369de0bdc	18	1	recut	0	0	_
a951af57d92f085554f0165369de0bdc	18	1	his	0	0	_
a951af57d92f085554f0165369de0bdc	18	1	hand	0	0	Body_parts
a951af57d92f085554f0165369de0bdc	18	1	while	0	0	Temporal_collocation
a951af57d92f085554f0165369de0bdc	18	1	in	0	0	_
a951af57d92f085554f0165369de0bdc	18	1	a	0	0	_
a951af57d92f085554f0165369de0bdc	18	1	Chicago	0	0	_

7b567e5058610b6dbdfdc35c813951db	19	0	#	0	0	_
7b567e5058610b6dbdfdc35c813951db	19	0	?	0	0	_

7b567e5058610b6dbdfdc35c813951db	19	1	SR	0	0	_
7b567e5058610b6dbdfdc35c813951db	19	1	:	0	0	_
7b567e5058610b6dbdfdc35c813951db	19	1	My	0	0	_
7b567e5058610b6dbdfdc35c813951db	19	1	personal	0	0	_
7b567e5058610b6dbdfdc35c813951db	19	1	focus	1	0	Emphasizing
7b567e5058610b6dbdfdc35c813951db	19	1	these	1	0	_
7b567e5058610b6dbdfdc35c813951db	19	1	days	0	0	Calendric_unit
7b567e5058610b6dbdfdc35c813951db	19	1	is	0	0	_
7b567e5058610b6dbdfdc35c813951db	19	1	this	1	0	_
7b567e5058610b6dbdfdc35c813951db	19	1	area	1	0	Fields
7b567e5058610b6dbdfdc35c813951db	19	1	of	0	0	_
7b567e5058610b6dbdfdc35c813951db	19	1	time	0	0	_
7b567e5058610b6dbdfdc35c813951db	19	1	and	0	0	_
7b567e5058610b6dbdfdc35c813951db	19	1	health	0	0	Medical_conditions
7b567e5058610b6dbdfdc35c813951db	19	1	.	0	0	_

7b567e5058610b6dbdfdc35c813951db	19	2	I	0	0	_
7b567e5058610b6dbdfdc35c813951db	19	2	'm	0	0	_
7b567e5058610b6dbdfdc35c813951db	19	2	currently	0	0	Temporal_collocation
7b567e5058610b6dbdfdc35c813951db	19	2	working	0	0	Work
7b567e5058610b6dbdfdc35c813951db	19	2	on	1	0	_
7b567e5058610b6dbdfdc35c813951db	19	2	a	0	0	_
7b567e5058610b6dbdfdc35c813951db	19	2	book	0	0	Text
7b567e5058610b6dbdfdc35c813951db	19	2	on	1	0	_
7b567e5058610b6dbdfdc35c813951db	19	2	the	0	0	_

5ad066f2a303a9db57f164e72b410ee2	20	0	#	0	0	_
5ad066f2a303a9db57f164e72b410ee2	20	0	next	1	0	Relative_time
5ad066f2a303a9db57f164e72b410ee2	20	0	convention	0	0	Be_in_agreement_on_action
5ad066f2a303a9db57f164e72b410ee2	20	0	is	0	0	_
5ad066f2a303a9db57f164e72b410ee2	20	0	because	0	0	Causation
5ad066f2a303a9db57f164e72b410ee2	20	0	efforts	0	0	Attempt
5ad066f2a303a9db57f164e72b410ee2	20	0	to	0	0	_
5ad066f2a303a9db57f164e72b410ee2	20	0	create	0	0	Intentionally_create
5ad066f2a303a9db57f164e72b410ee2	20	0	legislation	0	0	Law
5ad066f2a303a9db57f164e72b410ee2	20	0	in	1	0	_
5ad066f2a303a9db57f164e72b410ee2	20	0	the	0	0	_
5ad066f2a303a9db57f164e72b410ee2	20	0	areas	1	0	Fields
5ad066f2a303a9db57f164e72b410ee2	20	0	of	0	0	_
5ad066f2a303a9db57f164e72b410ee2	20	0	time	0	0	_
5ad066f2a303a9db57f164e72b410ee2	20	0	management	0	0	_
5ad066f2a303a9db57f164e72b410ee2	20	0	,	0	0	_
5ad066f2a303a9db57f164e72b410ee2	20	0	cost	0	0	Expensiveness
5ad066f2a303a9db57f164e72b410ee2	20	0	reduction	0	0	Cause_change_of_position_on_a_scale
5ad066f2a303a9db57f164e72b410ee2	20	0	and	0	0	_
5ad066f2a303a9db57f164e72b410ee2	20	0	limitations	0	0	_
5ad066f2a303a9db57f164e72b410ee2	20	0	in	1	0	_
5ad066f2a303a9db57f164e72b410ee2	20	0	the	0	0	_
5ad066f2a303a9db57f164e72b410ee2	20	0	recruiting	0	0	Hiring
5ad066f2a303a9db57f164e72b410ee2	20	0	process	0	0	Process
5ad066f2a303a9db57f164e72b410ee2	20	0	have	0	0	_
5ad066f2a303a9db57f164e72b410ee2	20	0	been	0	0	_

52861f7b49715b3e2c1ae835bf068d0d	21	0	#	0	0	_
52861f7b49715b3e2c1ae835bf068d0d	21	0	classic	0	0	Distinctiveness
52861f7b49715b3e2c1ae835bf068d0d	21	0	case	0	0	Instance
52861f7b49715b3e2c1ae835bf068d0d	21	0	demonstrating	0	0	Evidence
52861f7b49715b3e2c1ae835bf068d0d	21	0	the	0	0	_
52861f7b49715b3e2c1ae835bf068d0d	21	0	United	0	0	_
52861f7b49715b3e2c1ae835bf068d0d	21	0	States	0	0	_
52861f7b49715b3e2c1ae835bf068d0d	21	0	'	0	0	_
52861f7b49715b3e2c1ae835bf068d0d	21	0	inability	0	0	Capability
52861f7b49715b3e2c1ae835bf068d0d	21	0	in	1	0	_
52861f7b49715b3e2c1ae835bf068d0d	21	0	this	1	0	_
52861f7b49715b3e2c1ae835bf068d0d	21	0	area	1	0	Fields
52861f7b49715b3e2c1ae835bf068d0d	21	0	of	0	0	_
52861f7b49715b3e2c1ae835bf068d0d	21	0	time	0	0	_
52861f7b49715b3e2c1ae835bf068d0d	21	0	competition	0	0	Competition
52861f7b49715b3e2c1ae835bf068d0d	21	0	is	0	0	_
52861f7b49715b3e2c1ae835bf068d0d	21	0	the	0	0	_
52861f7b49715b3e2c1ae835bf068d0d	21	0	inception	0	0	_
52861f7b49715b3e2c1ae835bf068d0d	21	0	and	0	0	_
52861f7b49715b3e2c1ae835bf068d0d	21	0	production	0	0	Manufacturing
52861f7b49715b3e2c1ae835bf068d0d	21	0	of	0	0	_
52861f7b49715b3e2c1ae835bf068d0d	21	0	the	0	0	_
52861f7b49715b3e2c1ae835bf068d0d	21	0	VCR	0	0	_
52861f7b49715b3e2c1ae835bf068d0d	21	0	.	0	0	_

52861f7b49715b3e2c1ae835bf068d0d	21	1	VCRs	0	0	_
52861f7b49715b3e2c1ae835bf068d0d	21	1	used	0	0	Using

10575f022519554ee176819489d993ee	22	0	#	0	0	_
10575f022519554ee176819489d993ee	22	0	Government	0	0	Leadership
10575f022519554ee176819489d993ee	22	0	decided	0	0	Deciding
10575f022519554ee176819489d993ee	22	0	not	0	0	_
10575f022519554ee176819489d993ee	22	0	proceed	1	1	Activity_ongoing
10575f022519554ee176819489d993ee	22	0	with	1	0	_
10575f022519554ee176819489d993ee	22	0	the	0	0	_
10575f022519554ee176819489d993ee	22	0	bill	0	0	Law
10575f022519554ee176819489d993ee	22	0	,	0	0	_
10575f022519554ee176819489d993ee	22	0	and	0	0	_
10575f022519554ee176819489d993ee	22	0	the	0	0	_
10575f022519554ee176819489d993ee	22	0	setting	1	1	_
10575f022519554ee176819489d993ee	22	0	of	0	0	_
10575f022519554ee176819489d993ee	22	0	time	0	0	_
10575f022519554ee176819489d993ee	22	0	zones	0	0	Locale
10575f022519554ee176819489d993ee	22	0	and	0	0	_
10575f022519554ee176819489d993ee	22	0	daylight	0	0	_
10575f022519554ee176819489d993ee	22	0	saving	0	0	_
10575f022519554ee176819489d993ee	22	0	remains	0	0	State_continue
10575f022519554ee176819489d993ee	22	0	the	0	0	_
10575f022519554ee176819489d993ee	22	0	responsibility	0	0	Being_obligated
10575f022519554ee176819489d993ee	22	0	of	0	0	_
10575f022519554ee176819489d993ee	22	0	the	0	0	_
10575f022519554ee176819489d993ee	22	0	state	0	0	Political_locales
10575f022519554ee176819489d993ee	22	0	and	0	0	_
10575f022519554ee176819489d993ee	22	0	territory	0	0	Political_locales

41c3fb8e91d6adabd9e9ff60f216e2de	23	0	#	0	0	_
41c3fb8e91d6adabd9e9ff60f216e2de	23	0	very	0	0	Degree
41c3fb8e91d6adabd9e9ff60f216e2de	23	0	simple	0	0	_
41c3fb8e91d6adabd9e9ff60f216e2de	23	0	,	0	0	_
41c3fb8e91d6adabd9e9ff60f216e2de	23	0	it	0	0	_
41c3fb8e91d6adabd9e9ff60f216e2de	23	0	only	0	0	_
41c3fb8e91d6adabd9e9ff60f216e2de	23	0	takes	1	0	Taking_time
41c3fb8e91d6adabd9e9ff60f216e2de	23	0	some	0	0	Proportional_quantity
41c3fb8e91d6adabd9e9ff60f216e2de	23	0	minutes	0	0	Measure_duration
41c3fb8e91d6adabd9e9ff60f216e2de	23	0	to	0	0	_
41c3fb8e91d6adabd9e9ff60f216e2de	23	0	adjust	0	0	Cause_change
41c3fb8e91d6adabd9e9ff60f216e2de	23	0	settings	0	0	_
41c3fb8e91d6adabd9e9ff60f216e2de	23	0	of	0	0	_
41c3fb8e91d6adabd9e9ff60f216e2de	23	0	time	0	0	_
41c3fb8e91d6adabd9e9ff60f216e2de	23	0	and	0	0	_
41c3fb8e91d6adabd9e9ff60f216e2de	23	0	date	0	0	_
41c3fb8e91d6adabd9e9ff60f216e2de	23	0	,	0	0	_
41c3fb8e91d6adabd9e9ff60f216e2de	23	0	image	0	0	_
41c3fb8e91d6adabd9e9ff60f216e2de	23	0	size	0	0	_
41c3fb8e91d6adabd9e9ff60f216e2de	23	0	etc	0	0	_
41c3fb8e91d6adabd9e9ff60f216e2de	23	0	.	0	0	_

41c3fb8e91d6adabd9e9ff60f216e2de	23	1	The	0	0	_
41c3fb8e91d6adabd9e9ff60f216e2de	23	1	data	0	0	Information
41c3fb8e91d6adabd9e9ff60f216e2de	23	1	is	0	0	_
41c3fb8e91d6adabd9e9ff60f216e2de	23	1	stored	0	0	Storing
41c3fb8e91d6adabd9e9ff60f216e2de	23	1	on	0	0	_

1808150db249bf32cb41f645f190ae51	24	0	#	0	0	_
1808150db249bf32cb41f645f190ae51	24	0	,	0	0	_
1808150db249bf32cb41f645f190ae51	24	0	it	0	0	_
1808150db249bf32cb41f645f190ae51	24	0	takes	1	0	_
1808150db249bf32cb41f645f190ae51	24	0	on	1	0	_
1808150db249bf32cb41f645f190ae51	24	0	a	0	0	_
1808150db249bf32cb41f645f190ae51	24	0	mythic	0	0	_
1808150db249bf32cb41f645f190ae51	24	0	quality	0	0	_
1808150db249bf32cb41f645f190ae51	24	0	,	0	0	_
1808150db249bf32cb41f645f190ae51	24	0	the	0	0	_
1808150db249bf32cb41f645f190ae51	24	0	legendary	0	0	Fame
1808150db249bf32cb41f645f190ae51	24	0	setting	1	1	_
1808150db249bf32cb41f645f190ae51	24	0	of	0	0	_
1808150db249bf32cb41f645f190ae51	24	0	times	0	0	_
1808150db249bf32cb41f645f190ae51	24	0	long	0	0	_
1808150db249bf32cb41f645f190ae51	24	0	gone	1	0	_
1808150db249bf32cb41f645f190ae51	24	0	that	0	0	_
1808150db249bf32cb41f645f190ae51	24	0	were	0	0	_
1808150db249bf32cb41f645f190ae51	24	0	impossibly	0	0	_
1808150db249bf32cb41f645f190ae51	24	0	fun	0	0	Stimulus_focus
1808150db249bf32cb41f645f190ae51	24	0	,	0	0	_
1808150db249bf32cb41f645f190ae51	24	0	and	0	0	_
1808150db249bf32cb41f645f190ae51	24	0	probably	0	0	Likelihood
1808150db249bf32cb41f645f190ae51	24	0	irreproducible	0	0	_
1808150db249bf32cb41f645f190ae51	24	0	.	0	0	_

1808150db249bf32cb41f645f190ae51	24	1	And	0	0	_

1a9fb387d32d35743a650bc3368b5d52	25	0	#	0	0	_
1a9fb387d32d35743a650bc3368b5d52	25	0	of	0	0	_
1a9fb387d32d35743a650bc3368b5d52	25	0	them	0	0	_
1a9fb387d32d35743a650bc3368b5d52	25	0	and	0	0	_
1a9fb387d32d35743a650bc3368b5d52	25	0	the	0	0	_
1a9fb387d32d35743a650bc3368b5d52	25	0	comments	0	0	Statement
1a9fb387d32d35743a650bc3368b5d52	25	0	they	0	0	_
1a9fb387d32d35743a650bc3368b5d52	25	0	have	0	0	_
1a9fb387d32d35743a650bc3368b5d52	25	0	written	0	0	Text_creation
1a9fb387d32d35743a650bc3368b5d52	25	0	in	1	0	Interior_profile_relation
1a9fb387d32d35743a650bc3368b5d52	25	0	this	1	0	_
1a9fb387d32d35743a650bc3368b5d52	25	0	place	0	0	Locale
1a9fb387d32d35743a650bc3368b5d52	25	0	of	0	0	_
1a9fb387d32d35743a650bc3368b5d52	25	0	time	0	0	_
1a9fb387d32d35743a650bc3368b5d52	25	0	,	0	0	_
1a9fb387d32d35743a650bc3368b5d52	25	0	where	0	0	Locative_relation
1a9fb387d32d35743a650bc3368b5d52	25	0	they	0	0	_
1a9fb387d32d35743a650bc3368b5d52	25	0	will	0	0	_
1a9fb387d32d35743a650bc3368b5d52	25	0	be	0	0	_
1a9fb387d32d35743a650bc3368b5d52	25	0	remembered	0	0	Memory
1a9fb387d32d35743a650bc3368b5d52	25	0	by	0	0	_
1a9fb387d32d35743a650bc3368b5d52	25	0	me	0	0	_
1a9fb387d32d35743a650bc3368b5d52	25	0	and	0	0	_
1a9fb387d32d35743a650bc3368b5d52	25	0	by	0	0	_
1a9fb387d32d35743a650bc3368b5d52	25	0	you	0	0	_
1a9fb387d32d35743a650bc3368b5d52	25	0	!	0	0	_

d05b1fb17eddb541992aa4c5512cf2d4	26	0	#	0	0	_
d05b1fb17eddb541992aa4c5512cf2d4	26	0	places	0	0	Locale
d05b1fb17eddb541992aa4c5512cf2d4	26	0	,	0	0	_
d05b1fb17eddb541992aa4c5512cf2d4	26	0	and	0	0	_
d05b1fb17eddb541992aa4c5512cf2d4	26	0	no	0	0	_
d05b1fb17eddb541992aa4c5512cf2d4	26	0	place	0	0	Locale
d05b1fb17eddb541992aa4c5512cf2d4	26	0	at	0	0	_
d05b1fb17eddb541992aa4c5512cf2d4	26	0	all	0	0	_
d05b1fb17eddb541992aa4c5512cf2d4	26	0	,	0	0	_
d05b1fb17eddb541992aa4c5512cf2d4	26	0	just	0	0	_
d05b1fb17eddb541992aa4c5512cf2d4	26	0	the	0	0	_
d05b1fb17eddb541992aa4c5512cf2d4	26	0	place	0	0	Locale
d05b1fb17eddb541992aa4c5512cf2d4	26	0	of	0	0	_
d05b1fb17eddb541992aa4c5512cf2d4	26	0	time	0	0	_
d05b1fb17eddb541992aa4c5512cf2d4	26	0	and	0	0	_
d05b1fb17eddb541992aa4c5512cf2d4	26	0	the	0	0	_
d05b1fb17eddb541992aa4c5512cf2d4	26	0	sun	0	0	Weather
d05b1fb17eddb541992aa4c5512cf2d4	26	0	fading	1	1	Process_end
d05b1fb17eddb541992aa4c5512cf2d4	26	0	,	0	0	_
d05b1fb17eddb541992aa4c5512cf2d4	26	0	coffee	0	0	Food
d05b1fb17eddb541992aa4c5512cf2d4	26	0	in	0	0	_
d05b1fb17eddb541992aa4c5512cf2d4	26	0	an	0	0	_
d05b1fb17eddb541992aa4c5512cf2d4	26	0	unfamiliar	0	0	Indigenous_origin
d05b1fb17eddb541992aa4c5512cf2d4	26	0	cup	0	0	Containers
d05b1fb17eddb541992aa4c5512cf2d4	26	0	,	0	0	_
d05b1fb17eddb541992aa4c5512cf2d4	26	0	that	0	0	_

99e3c2f744f58a9d6c3753873ebbf1ec	27	0	#	0	0	_
99e3c2f744f58a9d6c3753873ebbf1ec	27	0	You	0	0	_
99e3c2f744f58a9d6c3753873ebbf1ec	27	0	need	0	0	Required_event
99e3c2f744f58a9d6c3753873ebbf1ec	27	0	to	0	0	Required_event
99e3c2f744f58a9d6c3753873ebbf1ec	27	0	maintain	0	0	Activity_ongoing
99e3c2f744f58a9d6c3753873ebbf1ec	27	0	quantum	0	0	_
99e3c2f744f58a9d6c3753873ebbf1ec	27	0	coherence	0	0	_
99e3c2f744f58a9d6c3753873ebbf1ec	27	0	over	0	0	_
99e3c2f744f58a9d6c3753873ebbf1ec	27	0	a	0	0	_
99e3c2f744f58a9d6c3753873ebbf1ec	27	0	macroscopic	0	0	_
99e3c2f744f58a9d6c3753873ebbf1ec	27	0	compact	0	0	_
99e3c2f744f58a9d6c3753873ebbf1ec	27	0	region	0	0	Locale
99e3c2f744f58a9d6c3753873ebbf1ec	27	0	of	0	0	_
99e3c2f744f58a9d6c3753873ebbf1ec	27	0	time	0	0	_
99e3c2f744f58a9d6c3753873ebbf1ec	27	0	and	0	0	_
99e3c2f744f58a9d6c3753873ebbf1ec	27	0	space	0	0	_
99e3c2f744f58a9d6c3753873ebbf1ec	27	0	.	0	0	_

99e3c2f744f58a9d6c3753873ebbf1ec	27	1	The	0	0	_
99e3c2f744f58a9d6c3753873ebbf1ec	27	1	bridge	0	0	Roadways
99e3c2f744f58a9d6c3753873ebbf1ec	27	1	,	0	0	_
99e3c2f744f58a9d6c3753873ebbf1ec	27	1	Conrad	0	0	_
99e3c2f744f58a9d6c3753873ebbf1ec	27	1	.	0	0	_

99e3c2f744f58a9d6c3753873ebbf1ec	27	2	We	0	0	_
99e3c2f744f58a9d6c3753873ebbf1ec	27	2	need	0	0	Required_event
99e3c2f744f58a9d6c3753873ebbf1ec	27	2	to	0	0	_
99e3c2f744f58a9d6c3753873ebbf1ec	27	2	know	0	0	Awareness

dc5af399447c0be64187d7f87d9a1572	28	0	#	0	0	_
dc5af399447c0be64187d7f87d9a1572	28	0	2016	0	0	_
dc5af399447c0be64187d7f87d9a1572	28	0	(	0	0	_
dc5af399447c0be64187d7f87d9a1572	28	0	11	0	0	_
dc5af399447c0be64187d7f87d9a1572	28	0	)	0	0	_
dc5af399447c0be64187d7f87d9a1572	28	0	)	0	0	_
dc5af399447c0be64187d7f87d9a1572	28	0	.	0	0	_

dc5af399447c0be64187d7f87d9a1572	28	1	The	0	0	_
dc5af399447c0be64187d7f87d9a1572	28	1	anatomic	0	0	_
dc5af399447c0be64187d7f87d9a1572	28	1	site	0	0	Locale
dc5af399447c0be64187d7f87d9a1572	28	1	of	0	0	_
dc5af399447c0be64187d7f87d9a1572	28	1	action	0	0	Intentionally_act
dc5af399447c0be64187d7f87d9a1572	28	1	(	0	0	_
dc5af399447c0be64187d7f87d9a1572	28	1	primary	0	0	First_rank
dc5af399447c0be64187d7f87d9a1572	28	1	tumor	0	0	_
dc5af399447c0be64187d7f87d9a1572	28	1	or	0	0	_
dc5af399447c0be64187d7f87d9a1572	28	1	metastatic	0	0	_
dc5af399447c0be64187d7f87d9a1572	28	1	site	0	0	Locale
dc5af399447c0be64187d7f87d9a1572	28	1	or	0	0	_
dc5af399447c0be64187d7f87d9a1572	28	1	both	0	0	_
dc5af399447c0be64187d7f87d9a1572	28	1	)	0	0	_
dc5af399447c0be64187d7f87d9a1572	28	1	,	0	0	_
dc5af399447c0be64187d7f87d9a1572	28	1	the	0	0	_
dc5af399447c0be64187d7f87d9a1572	28	1	particular	0	0	Idiosyncrasy
dc5af399447c0be64187d7f87d9a1572	28	1	stromal	0	0	_
dc5af399447c0be64187d7f87d9a1572	28	1	cell	0	0	_

c1f34f1163af2b2f5c87ef0e54934136	29	0	#	0	0	_
c1f34f1163af2b2f5c87ef0e54934136	29	0	,	0	0	_
c1f34f1163af2b2f5c87ef0e54934136	29	0	from	0	0	_
c1f34f1163af2b2f5c87ef0e54934136	29	0	where	0	0	Locative_relation
c1f34f1163af2b2f5c87ef0e54934136	29	0	it	0	0	_
c1f34f1163af2b2f5c87ef0e54934136	29	0	is	0	0	_
c1f34f1163af2b2f5c87ef0e54934136	29	0	offloaded	0	0	Placing
c1f34f1163af2b2f5c87ef0e54934136	29	0	to	0	0	_
c1f34f1163af2b2f5c87ef0e54934136	29	0	its	0	0	_
c1f34f1163af2b2f5c87ef0e54934136	29	0	site	0	0	Locale
c1f34f1163af2b2f5c87ef0e54934136	29	0	of	0	0	_
c1f34f1163af2b2f5c87ef0e54934136	29	0	action	1	1	Intentionally_act
c1f34f1163af2b2f5c87ef0e54934136	29	0	:	0	0	_
c1f34f1163af2b2f5c87ef0e54934136	29	0	the	0	0	_
c1f34f1163af2b2f5c87ef0e54934136	29	0	cell	0	0	_
c1f34f1163af2b2f5c87ef0e54934136	29	0	cortex	0	0	_
c1f34f1163af2b2f5c87ef0e54934136	29	0	(	0	0	_
c1f34f1163af2b2f5c87ef0e54934136	29	0	Figure	0	0	_
c1f34f1163af2b2f5c87ef0e54934136	29	0	5A	0	0	_
c1f34f1163af2b2f5c87ef0e54934136	29	0	)	0	0	_
c1f34f1163af2b2f5c87ef0e54934136	29	0	(	0	0	_
c1f34f1163af2b2f5c87ef0e54934136	29	0	Markus	0	0	_
c1f34f1163af2b2f5c87ef0e54934136	29	0	and	0	0	_
c1f34f1163af2b2f5c87ef0e54934136	29	0	Lee	0	0	_
c1f34f1163af2b2f5c87ef0e54934136	29	0	,	0	0	_
c1f34f1163af2b2f5c87ef0e54934136	29	0	2011b	0	0	_

2e53b59d704e98821155a50c014b97a4	30	0	#	0	0	_
2e53b59d704e98821155a50c014b97a4	30	0	aggression	0	0	_
2e53b59d704e98821155a50c014b97a4	30	0	in	1	0	_
2e53b59d704e98821155a50c014b97a4	30	0	rodents	0	0	_
2e53b59d704e98821155a50c014b97a4	30	0	:	0	0	_
2e53b59d704e98821155a50c014b97a4	30	0	from	0	0	_
2e53b59d704e98821155a50c014b97a4	30	0	central	0	0	_
2e53b59d704e98821155a50c014b97a4	30	0	release	0	0	Releasing
2e53b59d704e98821155a50c014b97a4	30	0	to	0	0	_
2e53b59d704e98821155a50c014b97a4	30	0	sites	0	0	Locale_by_use
2e53b59d704e98821155a50c014b97a4	30	0	of	0	0	_
2e53b59d704e98821155a50c014b97a4	30	0	action	1	0	Intentionally_act
2e53b59d704e98821155a50c014b97a4	30	0	.	0	0	_

2e53b59d704e98821155a50c014b97a4	30	1	Horm	0	0	_
2e53b59d704e98821155a50c014b97a4	30	1	Behav	0	0	_
2e53b59d704e98821155a50c014b97a4	30	1	.	0	0	_

2e53b59d704e98821155a50c014b97a4	30	2	2012	0	0	_
2e53b59d704e98821155a50c014b97a4	30	2	;	0	0	_
2e53b59d704e98821155a50c014b97a4	30	2	61:293-303.	0	0	_
2e53b59d704e98821155a50c014b97a4	30	2	doi	0	0	_
2e53b59d704e98821155a50c014b97a4	30	2	:	0	0	_
2e53b59d704e98821155a50c014b97a4	30	2	*	0	0	_
2e53b59d704e98821155a50c014b97a4	30	2	*	0	0	_
2e53b59d704e98821155a50c014b97a4	30	2	27	0	0	_
2e53b59d704e98821155a50c014b97a4	30	2	;	0	0	_
2e53b59d704e98821155a50c014b97a4	30	2	538	0	0	_
2e53b59d704e98821155a50c014b97a4	30	2	;	0	0	_
2e53b59d704e98821155a50c014b97a4	30	2	TOOLONG	0	0	_
2e53b59d704e98821155a50c014b97a4	30	2	22100184	0	0	_
2e53b59d704e98821155a50c014b97a4	30	2	#	0	0	_
2e53b59d704e98821155a50c014b97a4	30	2	39	0	0	_
2e53b59d704e98821155a50c014b97a4	30	2	.	0	0	_

2e53b59d704e98821155a50c014b97a4	30	3	Caldwell	0	0	_

1a90005ab5727b69f1851ddc8c1f2fee	31	0	#	0	0	_
1a90005ab5727b69f1851ddc8c1f2fee	31	0	which	0	0	_
1a90005ab5727b69f1851ddc8c1f2fee	31	0	allows	1	0	Preventing_or_letting
1a90005ab5727b69f1851ddc8c1f2fee	31	0	the	0	0	_
1a90005ab5727b69f1851ddc8c1f2fee	31	0	light	0	0	_
1a90005ab5727b69f1851ddc8c1f2fee	31	0	chain	1	1	_
1a90005ab5727b69f1851ddc8c1f2fee	31	0	transportation	0	0	Bringing
1a90005ab5727b69f1851ddc8c1f2fee	31	0	to	0	0	Goal
1a90005ab5727b69f1851ddc8c1f2fee	31	0	its	0	0	_
1a90005ab5727b69f1851ddc8c1f2fee	31	0	site	0	0	Locale
1a90005ab5727b69f1851ddc8c1f2fee	31	0	of	0	0	_
1a90005ab5727b69f1851ddc8c1f2fee	31	0	action	0	0	Intentionally_act
1a90005ab5727b69f1851ddc8c1f2fee	31	0	,	0	0	_
1a90005ab5727b69f1851ddc8c1f2fee	31	0	that	0	0	_
1a90005ab5727b69f1851ddc8c1f2fee	31	0	is	0	0	_
1a90005ab5727b69f1851ddc8c1f2fee	31	0	,	0	0	_
1a90005ab5727b69f1851ddc8c1f2fee	31	0	the	0	0	_
1a90005ab5727b69f1851ddc8c1f2fee	31	0	protein	0	0	_
1a90005ab5727b69f1851ddc8c1f2fee	31	0	complex	0	0	Locale_by_use
1a90005ab5727b69f1851ddc8c1f2fee	31	0	.	0	0	_

1a90005ab5727b69f1851ddc8c1f2fee	31	1	The	0	0	_
1a90005ab5727b69f1851ddc8c1f2fee	31	1	light	0	0	Measurable_attributes
1a90005ab5727b69f1851ddc8c1f2fee	31	1	chain	0	0	_
1a90005ab5727b69f1851ddc8c1f2fee	31	1	enzyme	0	0	_
1a90005ab5727b69f1851ddc8c1f2fee	31	1	then	0	0	_
1a90005ab5727b69f1851ddc8c1f2fee	31	1	cleaves	1	1	Separating

89da2156a89406366a815ef1c36d2012	32	0	#	0	0	_
89da2156a89406366a815ef1c36d2012	32	0	the	0	0	_
89da2156a89406366a815ef1c36d2012	32	0	choral	0	0	_
89da2156a89406366a815ef1c36d2012	32	0	narrator	0	0	_
89da2156a89406366a815ef1c36d2012	32	0	,	0	0	_
89da2156a89406366a815ef1c36d2012	32	0	who	0	0	_
89da2156a89406366a815ef1c36d2012	32	0	is	0	0	_
89da2156a89406366a815ef1c36d2012	32	0	neither	0	0	_
89da2156a89406366a815ef1c36d2012	32	0	the	0	0	_
89da2156a89406366a815ef1c36d2012	32	0	site	1	0	Locale
89da2156a89406366a815ef1c36d2012	32	0	of	0	0	_
89da2156a89406366a815ef1c36d2012	32	0	action	0	0	Intentionally_act
89da2156a89406366a815ef1c36d2012	32	0	nor	0	0	_
89da2156a89406366a815ef1c36d2012	32	0	a	0	0	_
89da2156a89406366a815ef1c36d2012	32	0	source	1	0	Source_of_getting
89da2156a89406366a815ef1c36d2012	32	0	of	0	0	_
89da2156a89406366a815ef1c36d2012	32	0	knowledge	0	0	Awareness
89da2156a89406366a815ef1c36d2012	32	0	.	0	0	_

89da2156a89406366a815ef1c36d2012	32	1	Indeed	0	0	_
89da2156a89406366a815ef1c36d2012	32	1	,	0	0	_
89da2156a89406366a815ef1c36d2012	32	1	where	1	0	Locative_relation
89da2156a89406366a815ef1c36d2012	32	1	first-hand	0	0	_
89da2156a89406366a815ef1c36d2012	32	1	descriptions	0	0	Communicate_categorization
89da2156a89406366a815ef1c36d2012	32	1	are	0	0	_
89da2156a89406366a815ef1c36d2012	32	1	made	1	0	Intentionally_create
89da2156a89406366a815ef1c36d2012	32	1	,	0	0	_

fe1547cad1f9fb0f53dcd8b103a4bdcf	33	0	#	0	0	_
fe1547cad1f9fb0f53dcd8b103a4bdcf	33	0	bacterial	0	0	_
fe1547cad1f9fb0f53dcd8b103a4bdcf	33	0	peptidoglycan	0	0	_
fe1547cad1f9fb0f53dcd8b103a4bdcf	33	0	layer	1	1	_
fe1547cad1f9fb0f53dcd8b103a4bdcf	33	0	is	0	0	_
fe1547cad1f9fb0f53dcd8b103a4bdcf	33	0	depicted	0	0	_
fe1547cad1f9fb0f53dcd8b103a4bdcf	33	0	,	0	0	_
fe1547cad1f9fb0f53dcd8b103a4bdcf	33	0	showing	1	0	Evidence
fe1547cad1f9fb0f53dcd8b103a4bdcf	33	0	the	0	0	_
fe1547cad1f9fb0f53dcd8b103a4bdcf	33	0	sites	0	0	Locale_by_use
fe1547cad1f9fb0f53dcd8b103a4bdcf	33	0	of	0	0	_
fe1547cad1f9fb0f53dcd8b103a4bdcf	33	0	action	0	0	Intentionally_act
fe1547cad1f9fb0f53dcd8b103a4bdcf	33	0	of	0	0	_
fe1547cad1f9fb0f53dcd8b103a4bdcf	33	0	several	0	0	Quantified_mass
fe1547cad1f9fb0f53dcd8b103a4bdcf	33	0	peptidoglycan-degrading	0	0	_
fe1547cad1f9fb0f53dcd8b103a4bdcf	33	0	enzymes	0	0	_
fe1547cad1f9fb0f53dcd8b103a4bdcf	33	0	including	0	0	Inclusion
fe1547cad1f9fb0f53dcd8b103a4bdcf	33	0	N	0	0	_
fe1547cad1f9fb0f53dcd8b103a4bdcf	33	0	-acetylmuramoyl-L	0	0	_
fe1547cad1f9fb0f53dcd8b103a4bdcf	33	0	-alanine	0	0	_
fe1547cad1f9fb0f53dcd8b103a4bdcf	33	0	amidase	0	0	_
fe1547cad1f9fb0f53dcd8b103a4bdcf	33	0	(	0	0	_
fe1547cad1f9fb0f53dcd8b103a4bdcf	33	0	AmiD	0	0	_
fe1547cad1f9fb0f53dcd8b103a4bdcf	33	0	)	0	0	_
fe1547cad1f9fb0f53dcd8b103a4bdcf	33	0	and	0	0	_
fe1547cad1f9fb0f53dcd8b103a4bdcf	33	0	type	0	0	Type

5a9e6f6118f8d9f27163a33a6a713c5f	34	0	#	0	0	_
5a9e6f6118f8d9f27163a33a6a713c5f	34	0	membrane	0	0	_
5a9e6f6118f8d9f27163a33a6a713c5f	34	0	potential	0	0	Capability
5a9e6f6118f8d9f27163a33a6a713c5f	34	0	diffusion	0	0	_
5a9e6f6118f8d9f27163a33a6a713c5f	34	0	of	0	0	_
5a9e6f6118f8d9f27163a33a6a713c5f	34	0	second	0	0	Ordinal_numbers
5a9e6f6118f8d9f27163a33a6a713c5f	34	0	messenger	0	0	_
5a9e6f6118f8d9f27163a33a6a713c5f	34	0	to	0	0	_
5a9e6f6118f8d9f27163a33a6a713c5f	34	0	the	0	0	_
5a9e6f6118f8d9f27163a33a6a713c5f	34	0	site	0	0	Locale
5a9e6f6118f8d9f27163a33a6a713c5f	34	0	of	0	0	_
5a9e6f6118f8d9f27163a33a6a713c5f	34	0	action	0	0	Intentionally_act
5a9e6f6118f8d9f27163a33a6a713c5f	34	0	diffusion	0	0	_
5a9e6f6118f8d9f27163a33a6a713c5f	34	0	of	0	0	_
5a9e6f6118f8d9f27163a33a6a713c5f	34	0	Ca2+	0	0	_
5a9e6f6118f8d9f27163a33a6a713c5f	34	0	to	0	0	_
5a9e6f6118f8d9f27163a33a6a713c5f	34	0	the	0	0	_
5a9e6f6118f8d9f27163a33a6a713c5f	34	0	nucleus	0	0	_
5a9e6f6118f8d9f27163a33a6a713c5f	34	0	,	0	0	_
5a9e6f6118f8d9f27163a33a6a713c5f	34	0	spread	0	0	_
5a9e6f6118f8d9f27163a33a6a713c5f	34	0	of	0	0	_
5a9e6f6118f8d9f27163a33a6a713c5f	34	0	the	0	0	_
5a9e6f6118f8d9f27163a33a6a713c5f	34	0	membrane	0	0	_
5a9e6f6118f8d9f27163a33a6a713c5f	34	0	potential	0	0	Capability
5a9e6f6118f8d9f27163a33a6a713c5f	34	0	to	0	0	_
5a9e6f6118f8d9f27163a33a6a713c5f	34	0	the	0	0	_

941ca45b32cd7dd30aa978f3f139986a	35	0	#	0	0	_
941ca45b32cd7dd30aa978f3f139986a	35	0	zone	0	0	Locale
941ca45b32cd7dd30aa978f3f139986a	35	0	diffusion	0	0	_
941ca45b32cd7dd30aa978f3f139986a	35	0	of	0	0	_
941ca45b32cd7dd30aa978f3f139986a	35	0	second	0	0	Ordinal_numbers
941ca45b32cd7dd30aa978f3f139986a	35	0	messenger	0	0	_
941ca45b32cd7dd30aa978f3f139986a	35	0	away	0	0	_
941ca45b32cd7dd30aa978f3f139986a	35	0	from	0	0	_
941ca45b32cd7dd30aa978f3f139986a	35	0	the	0	0	_
941ca45b32cd7dd30aa978f3f139986a	35	0	site	0	0	Locale
941ca45b32cd7dd30aa978f3f139986a	35	0	of	0	0	_
941ca45b32cd7dd30aa978f3f139986a	35	0	action	0	0	Intentionally_act
941ca45b32cd7dd30aa978f3f139986a	35	0	diffusion	0	0	_
941ca45b32cd7dd30aa978f3f139986a	35	0	of	0	0	_
941ca45b32cd7dd30aa978f3f139986a	35	0	cGMP	0	0	_
941ca45b32cd7dd30aa978f3f139986a	35	0	away	0	0	_
941ca45b32cd7dd30aa978f3f139986a	35	0	from	0	0	_
941ca45b32cd7dd30aa978f3f139986a	35	0	cationic	0	0	_
941ca45b32cd7dd30aa978f3f139986a	35	0	channels	0	0	_
941ca45b32cd7dd30aa978f3f139986a	35	0	in	0	0	_
941ca45b32cd7dd30aa978f3f139986a	35	0	rod	0	0	_
941ca45b32cd7dd30aa978f3f139986a	35	0	photoreceptor	0	0	_
941ca45b32cd7dd30aa978f3f139986a	35	0	cells	0	0	_
941ca45b32cd7dd30aa978f3f139986a	35	0	,	0	0	_
941ca45b32cd7dd30aa978f3f139986a	35	0	attenuation	0	0	_
941ca45b32cd7dd30aa978f3f139986a	35	0	of	0	0	_

878851121e875add20d94f109493088f	36	0	#	0	0	_
878851121e875add20d94f109493088f	36	0	or	0	0	_
878851121e875add20d94f109493088f	36	0	diffusion	0	0	_
878851121e875add20d94f109493088f	36	0	of	0	0	_
878851121e875add20d94f109493088f	36	0	the	0	0	_
878851121e875add20d94f109493088f	36	0	target	0	0	_
878851121e875add20d94f109493088f	36	0	molecule	0	0	_
878851121e875add20d94f109493088f	36	0	to	0	0	_
878851121e875add20d94f109493088f	36	0	the	0	0	_
878851121e875add20d94f109493088f	36	0	site	0	0	Locale
878851121e875add20d94f109493088f	36	0	of	0	0	_
878851121e875add20d94f109493088f	36	0	action	0	0	Intentionally_act
878851121e875add20d94f109493088f	36	0	translocation	0	0	Transfer
878851121e875add20d94f109493088f	36	0	of	0	0	_
878851121e875add20d94f109493088f	36	0	kinesin-bound	0	0	_
878851121e875add20d94f109493088f	36	0	GluR2	0	0	_
878851121e875add20d94f109493088f	36	0	to	0	0	_
878851121e875add20d94f109493088f	36	0	dendrites	0	0	_
878851121e875add20d94f109493088f	36	0	,	0	0	_
878851121e875add20d94f109493088f	36	0	diffusion	0	0	_
878851121e875add20d94f109493088f	36	0	of	0	0	_
878851121e875add20d94f109493088f	36	0	Ca2+/CaM	0	0	_
878851121e875add20d94f109493088f	36	0	to	0	0	_
878851121e875add20d94f109493088f	36	0	the	0	0	_
878851121e875add20d94f109493088f	36	0	nucleus	0	0	_
878851121e875add20d94f109493088f	36	0	,	0	0	_

3b9e0241bd68765507bf4b8b79005cb2	37	0	#	0	0	_
3b9e0241bd68765507bf4b8b79005cb2	37	0	diffusion	0	0	_
3b9e0241bd68765507bf4b8b79005cb2	37	0	of	0	0	_
3b9e0241bd68765507bf4b8b79005cb2	37	0	the	0	0	_
3b9e0241bd68765507bf4b8b79005cb2	37	0	target	0	0	_
3b9e0241bd68765507bf4b8b79005cb2	37	0	molecule	0	0	_
3b9e0241bd68765507bf4b8b79005cb2	37	0	away	0	0	_
3b9e0241bd68765507bf4b8b79005cb2	37	0	from	0	0	_
3b9e0241bd68765507bf4b8b79005cb2	37	0	the	0	0	_
3b9e0241bd68765507bf4b8b79005cb2	37	0	site	0	0	Locale
3b9e0241bd68765507bf4b8b79005cb2	37	0	of	0	0	_
3b9e0241bd68765507bf4b8b79005cb2	37	0	action	0	0	Intentionally_act
3b9e0241bd68765507bf4b8b79005cb2	37	0	removal	0	0	Removing
3b9e0241bd68765507bf4b8b79005cb2	37	0	of	0	0	_
3b9e0241bd68765507bf4b8b79005cb2	37	0	AMPARs	0	0	_
3b9e0241bd68765507bf4b8b79005cb2	37	0	from	0	0	_
3b9e0241bd68765507bf4b8b79005cb2	37	0	the	0	0	_
3b9e0241bd68765507bf4b8b79005cb2	37	0	postsynaptic	0	0	_
3b9e0241bd68765507bf4b8b79005cb2	37	0	density	0	0	_
3b9e0241bd68765507bf4b8b79005cb2	37	0	synthesis	0	0	Intentionally_create
3b9e0241bd68765507bf4b8b79005cb2	37	0	of	0	0	_
3b9e0241bd68765507bf4b8b79005cb2	37	0	target	0	0	_
3b9e0241bd68765507bf4b8b79005cb2	37	0	molecule	0	0	_
3b9e0241bd68765507bf4b8b79005cb2	37	0	availability	0	0	_
3b9e0241bd68765507bf4b8b79005cb2	37	0	and	0	0	_
3b9e0241bd68765507bf4b8b79005cb2	37	0	activation	0	0	_

56a2537ed93cff4da8bc24c3ffff43b2	38	0	#	0	0	_
56a2537ed93cff4da8bc24c3ffff43b2	38	0	to	0	0	_
56a2537ed93cff4da8bc24c3ffff43b2	38	0	determine	0	0	Contingency
56a2537ed93cff4da8bc24c3ffff43b2	38	0	whether	0	0	_
56a2537ed93cff4da8bc24c3ffff43b2	38	0	the	0	0	_
56a2537ed93cff4da8bc24c3ffff43b2	38	0	sclera	0	0	_
56a2537ed93cff4da8bc24c3ffff43b2	38	0	is	0	0	_
56a2537ed93cff4da8bc24c3ffff43b2	38	0	a	0	0	_
56a2537ed93cff4da8bc24c3ffff43b2	38	0	potential	0	0	Capability
56a2537ed93cff4da8bc24c3ffff43b2	38	0	site	0	0	Locale
56a2537ed93cff4da8bc24c3ffff43b2	38	0	of	0	0	_
56a2537ed93cff4da8bc24c3ffff43b2	38	0	action	0	0	Intentionally_act
56a2537ed93cff4da8bc24c3ffff43b2	38	0	for	0	0	_
56a2537ed93cff4da8bc24c3ffff43b2	38	0	mAChR	0	0	_
56a2537ed93cff4da8bc24c3ffff43b2	38	0	antagonists	0	0	_
56a2537ed93cff4da8bc24c3ffff43b2	38	0	.	0	0	_

56a2537ed93cff4da8bc24c3ffff43b2	38	1	METHODS	0	0	_
56a2537ed93cff4da8bc24c3ffff43b2	38	1	:	0	0	_
56a2537ed93cff4da8bc24c3ffff43b2	38	1	#	0	0	_
56a2537ed93cff4da8bc24c3ffff43b2	38	1	Cell	0	0	_
56a2537ed93cff4da8bc24c3ffff43b2	38	1	lines	1	1	_
56a2537ed93cff4da8bc24c3ffff43b2	38	1	of	0	0	_
56a2537ed93cff4da8bc24c3ffff43b2	38	1	human	0	0	_
56a2537ed93cff4da8bc24c3ffff43b2	38	1	scleral	0	0	_
56a2537ed93cff4da8bc24c3ffff43b2	38	1	fibroblasts	0	0	_

da9b27851ddbc3efa14a4371ca65418b	39	0	#	0	0	_
da9b27851ddbc3efa14a4371ca65418b	39	0	finding	0	0	Becoming_aware
da9b27851ddbc3efa14a4371ca65418b	39	0	indicates	0	0	Evidence
da9b27851ddbc3efa14a4371ca65418b	39	0	that	0	0	_
da9b27851ddbc3efa14a4371ca65418b	39	0	the	0	0	_
da9b27851ddbc3efa14a4371ca65418b	39	0	sclera	0	0	_
da9b27851ddbc3efa14a4371ca65418b	39	0	is	0	0	_
da9b27851ddbc3efa14a4371ca65418b	39	0	a	0	0	_
da9b27851ddbc3efa14a4371ca65418b	39	0	potential	0	0	Capability
da9b27851ddbc3efa14a4371ca65418b	39	0	site	0	0	Locale
da9b27851ddbc3efa14a4371ca65418b	39	0	of	0	0	_
da9b27851ddbc3efa14a4371ca65418b	39	0	action	0	0	Intentionally_act
da9b27851ddbc3efa14a4371ca65418b	39	0	for	0	0	_
da9b27851ddbc3efa14a4371ca65418b	39	0	the	0	0	_
da9b27851ddbc3efa14a4371ca65418b	39	0	used	0	0	Using
da9b27851ddbc3efa14a4371ca65418b	39	0	mAChR	0	0	_
da9b27851ddbc3efa14a4371ca65418b	39	0	antagonists	0	0	_
da9b27851ddbc3efa14a4371ca65418b	39	0	in	0	0	_

3fe8edde9f72817311cbd38c2da20cb1	40	0	#	0	0	_
3fe8edde9f72817311cbd38c2da20cb1	40	0	new	0	0	Familiarity
3fe8edde9f72817311cbd38c2da20cb1	40	0	avenues	1	1	_
3fe8edde9f72817311cbd38c2da20cb1	40	0	for	0	0	_
3fe8edde9f72817311cbd38c2da20cb1	40	0	assessing	0	0	Assessing
3fe8edde9f72817311cbd38c2da20cb1	40	0	the	0	0	_
3fe8edde9f72817311cbd38c2da20cb1	40	0	efficacy	0	0	Usefulness
3fe8edde9f72817311cbd38c2da20cb1	40	0	and	0	0	_
3fe8edde9f72817311cbd38c2da20cb1	40	0	possible	0	0	Likelihood
3fe8edde9f72817311cbd38c2da20cb1	40	0	site	0	0	Locale
3fe8edde9f72817311cbd38c2da20cb1	40	0	of	0	0	_
3fe8edde9f72817311cbd38c2da20cb1	40	0	action	0	0	Intentionally_act
3fe8edde9f72817311cbd38c2da20cb1	40	0	of	0	0	_
3fe8edde9f72817311cbd38c2da20cb1	40	0	new	0	0	Familiarity
3fe8edde9f72817311cbd38c2da20cb1	40	0	treatments	0	0	Cure

1cfe72e52f48384ea9066c927780c45c	41	0	#	0	0	_
1cfe72e52f48384ea9066c927780c45c	41	0	Number	0	0	Quantified_mass
1cfe72e52f48384ea9066c927780c45c	41	0	of	0	0	_
1cfe72e52f48384ea9066c927780c45c	41	0	different	0	0	Similarity
1cfe72e52f48384ea9066c927780c45c	41	0	herbicide	0	0	_
1cfe72e52f48384ea9066c927780c45c	41	0	active	0	0	_
1cfe72e52f48384ea9066c927780c45c	41	0	ingredients	0	0	Ingredients
1cfe72e52f48384ea9066c927780c45c	41	0	and	0	0	_
1cfe72e52f48384ea9066c927780c45c	41	0	herbicide	0	0	_
1cfe72e52f48384ea9066c927780c45c	41	0	sites	0	0	Locale_by_use
1cfe72e52f48384ea9066c927780c45c	41	0	of	0	0	_
1cfe72e52f48384ea9066c927780c45c	41	0	action	0	0	Intentionally_act
1cfe72e52f48384ea9066c927780c45c	41	0	used	0	0	Using
1cfe72e52f48384ea9066c927780c45c	41	0	on	0	0	_
1cfe72e52f48384ea9066c927780c45c	41	0	at	0	0	_
1cfe72e52f48384ea9066c927780c45c	41	0	least	0	0	Proportional_quantity
1cfe72e52f48384ea9066c927780c45c	41	0	10	0	0	_
1cfe72e52f48384ea9066c927780c45c	41	0	%	0	0	_
1cfe72e52f48384ea9066c927780c45c	41	0	of	0	0	_
1cfe72e52f48384ea9066c927780c45c	41	0	hectares	0	0	Measure_area
1cfe72e52f48384ea9066c927780c45c	41	0	from	0	0	Time_vector
1cfe72e52f48384ea9066c927780c45c	41	0	1995	0	0	_
1cfe72e52f48384ea9066c927780c45c	41	0	to	0	0	_
1cfe72e52f48384ea9066c927780c45c	41	0	2005	0	0	_
1cfe72e52f48384ea9066c927780c45c	41	0	in	0	0	_
1cfe72e52f48384ea9066c927780c45c	41	0	soybean	0	0	_
1cfe72e52f48384ea9066c927780c45c	41	0	in	0	0	_

978fb089bd1fa46c4e3de4dbc8f0d469	42	0	#	0	0	_
978fb089bd1fa46c4e3de4dbc8f0d469	42	0	three	0	0	Cardinal_numbers
978fb089bd1fa46c4e3de4dbc8f0d469	42	0	mechanisms	0	0	Means
978fb089bd1fa46c4e3de4dbc8f0d469	42	0	are	0	0	_
978fb089bd1fa46c4e3de4dbc8f0d469	42	0	described	0	0	Communicate_categorization
978fb089bd1fa46c4e3de4dbc8f0d469	42	0	below	0	0	_
978fb089bd1fa46c4e3de4dbc8f0d469	42	0	,	0	0	_
978fb089bd1fa46c4e3de4dbc8f0d469	42	0	and	0	0	_
978fb089bd1fa46c4e3de4dbc8f0d469	42	0	their	0	0	_
978fb089bd1fa46c4e3de4dbc8f0d469	42	0	sites	0	0	Locale_by_use
978fb089bd1fa46c4e3de4dbc8f0d469	42	0	of	0	0	_
978fb089bd1fa46c4e3de4dbc8f0d469	42	0	action	0	0	Intentionally_act
978fb089bd1fa46c4e3de4dbc8f0d469	42	0	in	0	0	Interior_profile_relation
978fb089bd1fa46c4e3de4dbc8f0d469	42	0	the	0	0	_
978fb089bd1fa46c4e3de4dbc8f0d469	42	0	cell	0	0	_
978fb089bd1fa46c4e3de4dbc8f0d469	42	0	are	0	0	_
978fb089bd1fa46c4e3de4dbc8f0d469	42	0	outlined	0	0	Communicate_categorization
978fb089bd1fa46c4e3de4dbc8f0d469	42	0	in	0	0	_
978fb089bd1fa46c4e3de4dbc8f0d469	42	0	Figure	0	0	_
978fb089bd1fa46c4e3de4dbc8f0d469	42	0	12-6	0	0	_
978fb089bd1fa46c4e3de4dbc8f0d469	42	0	.	0	0	_

978fb089bd1fa46c4e3de4dbc8f0d469	42	1	The	0	0	_
978fb089bd1fa46c4e3de4dbc8f0d469	42	1	first	0	0	Ordinal_numbers
978fb089bd1fa46c4e3de4dbc8f0d469	42	1	two	0	0	Cardinal_numbers
978fb089bd1fa46c4e3de4dbc8f0d469	42	1	mechanisms	1	1	Means
978fb089bd1fa46c4e3de4dbc8f0d469	42	1	are	0	0	_

d455d36029d0b6b2768a014c26ac2eaa	43	0	#	0	0	_
d455d36029d0b6b2768a014c26ac2eaa	43	0	against	1	0	Taking_sides
d455d36029d0b6b2768a014c26ac2eaa	43	0	HCV.	0	0	_
d455d36029d0b6b2768a014c26ac2eaa	43	0	``	0	0	_

d455d36029d0b6b2768a014c26ac2eaa	43	1	Our	0	0	_
d455d36029d0b6b2768a014c26ac2eaa	43	1	molecules	0	0	_
d455d36029d0b6b2768a014c26ac2eaa	43	1	use	1	0	Using
d455d36029d0b6b2768a014c26ac2eaa	43	1	several	0	0	Quantified_mass
d455d36029d0b6b2768a014c26ac2eaa	43	1	sites	1	0	Locale_by_use
d455d36029d0b6b2768a014c26ac2eaa	43	1	of	0	0	_
d455d36029d0b6b2768a014c26ac2eaa	43	1	action	0	0	Intentionally_act
d455d36029d0b6b2768a014c26ac2eaa	43	1	in	1	0	_
d455d36029d0b6b2768a014c26ac2eaa	43	1	inhibiting	0	0	Preventing_or_letting
d455d36029d0b6b2768a014c26ac2eaa	43	1	the	0	0	_
d455d36029d0b6b2768a014c26ac2eaa	43	1	viral	0	0	_
d455d36029d0b6b2768a014c26ac2eaa	43	1	protease	0	0	_
d455d36029d0b6b2768a014c26ac2eaa	43	1	.	0	0	_

d455d36029d0b6b2768a014c26ac2eaa	43	2	Amongst	0	0	Be_subset_of
d455d36029d0b6b2768a014c26ac2eaa	43	2	these	1	0	_
d455d36029d0b6b2768a014c26ac2eaa	43	2	one	0	0	_
d455d36029d0b6b2768a014c26ac2eaa	43	2	which	0	0	_
d455d36029d0b6b2768a014c26ac2eaa	43	2	had	0	0	_
d455d36029d0b6b2768a014c26ac2eaa	43	2	not	0	0	_
d455d36029d0b6b2768a014c26ac2eaa	43	2	previously	0	0	Time_vector
d455d36029d0b6b2768a014c26ac2eaa	43	2	been	0	0	_

e79478af29d378c79bd24934e311fd58	44	0	#	0	0	_
e79478af29d378c79bd24934e311fd58	44	0	this	1	0	_
e79478af29d378c79bd24934e311fd58	44	0	NCE	0	0	_
e79478af29d378c79bd24934e311fd58	44	0	while	0	0	_
e79478af29d378c79bd24934e311fd58	44	0	exerting	1	1	Intentionally_act
e79478af29d378c79bd24934e311fd58	44	0	therapeutic	0	0	Cure
e79478af29d378c79bd24934e311fd58	44	0	activity	0	0	Intentionally_act
e79478af29d378c79bd24934e311fd58	44	0	at	0	0	Locative_relation
e79478af29d378c79bd24934e311fd58	44	0	the	0	0	_
e79478af29d378c79bd24934e311fd58	44	0	site	0	0	Locale
e79478af29d378c79bd24934e311fd58	44	0	of	0	0	_
e79478af29d378c79bd24934e311fd58	44	0	action	0	0	Intentionally_act
e79478af29d378c79bd24934e311fd58	44	0	,	0	0	_
e79478af29d378c79bd24934e311fd58	44	0	and	0	0	_
e79478af29d378c79bd24934e311fd58	44	0	reviewers	0	0	_
e79478af29d378c79bd24934e311fd58	44	0	should	0	0	Desirable_event
e79478af29d378c79bd24934e311fd58	44	0	appreciate	0	0	Judgment
e79478af29d378c79bd24934e311fd58	44	0	that	0	0	_
e79478af29d378c79bd24934e311fd58	44	0	neither	0	0	_
e79478af29d378c79bd24934e311fd58	44	0	fluticasone	0	0	_
e79478af29d378c79bd24934e311fd58	44	0	furoate	0	0	_
e79478af29d378c79bd24934e311fd58	44	0	nor	0	0	_
e79478af29d378c79bd24934e311fd58	44	0	fluticasone	0	0	_
e79478af29d378c79bd24934e311fd58	44	0	pripionate	0	0	_
e79478af29d378c79bd24934e311fd58	44	0	is	0	0	_
e79478af29d378c79bd24934e311fd58	44	0	ever	0	0	_

568ff65d593be0c5baca380dfe053459	45	0	#	0	0	_
568ff65d593be0c5baca380dfe053459	45	0	have	0	0	_
568ff65d593be0c5baca380dfe053459	45	0	been	0	0	_
568ff65d593be0c5baca380dfe053459	45	0	largely	0	0	_
568ff65d593be0c5baca380dfe053459	45	0	identified	0	0	Verification
568ff65d593be0c5baca380dfe053459	45	0	both	0	0	_
568ff65d593be0c5baca380dfe053459	45	0	at	0	0	Locative_relation
568ff65d593be0c5baca380dfe053459	45	0	the	0	0	_
568ff65d593be0c5baca380dfe053459	45	0	initial	0	0	Version_sequence
568ff65d593be0c5baca380dfe053459	45	0	site	0	0	Locale
568ff65d593be0c5baca380dfe053459	45	0	of	0	0	_
568ff65d593be0c5baca380dfe053459	45	0	action	0	0	Intentionally_act
568ff65d593be0c5baca380dfe053459	45	0	and	0	0	_
568ff65d593be0c5baca380dfe053459	45	0	in	0	0	_
568ff65d593be0c5baca380dfe053459	45	0	the	0	0	_
568ff65d593be0c5baca380dfe053459	45	0	circuitry	0	0	_
568ff65d593be0c5baca380dfe053459	45	0	involved	0	0	_
568ff65d593be0c5baca380dfe053459	45	0	.	0	0	_

568ff65d593be0c5baca380dfe053459	45	1	In	0	0	_
568ff65d593be0c5baca380dfe053459	45	1	human	0	0	People
568ff65d593be0c5baca380dfe053459	45	1	imaging	0	0	_
568ff65d593be0c5baca380dfe053459	45	1	studies	0	0	Scrutiny
568ff65d593be0c5baca380dfe053459	45	1	,	0	0	_
568ff65d593be0c5baca380dfe053459	45	1	decreases	0	0	Change_position_on_a_scale
568ff65d593be0c5baca380dfe053459	45	1	in	0	0	_
568ff65d593be0c5baca380dfe053459	45	1	dopaminergic	0	0	_

cbcec469d9e50a774a4d613360fab82a	46	0	#	0	0	_
cbcec469d9e50a774a4d613360fab82a	46	0	have	0	0	_
cbcec469d9e50a774a4d613360fab82a	46	0	been	0	0	_
cbcec469d9e50a774a4d613360fab82a	46	0	largely	0	0	_
cbcec469d9e50a774a4d613360fab82a	46	0	identified	0	0	Verification
cbcec469d9e50a774a4d613360fab82a	46	0	both	0	0	_
cbcec469d9e50a774a4d613360fab82a	46	0	at	0	0	Locative_relation
cbcec469d9e50a774a4d613360fab82a	46	0	the	0	0	_
cbcec469d9e50a774a4d613360fab82a	46	0	initial	0	0	Version_sequence
cbcec469d9e50a774a4d613360fab82a	46	0	site	0	0	Locale_by_use
cbcec469d9e50a774a4d613360fab82a	46	0	of	0	0	_
cbcec469d9e50a774a4d613360fab82a	46	0	action	0	0	Intentionally_act
cbcec469d9e50a774a4d613360fab82a	46	0	(	0	0	_
cbcec469d9e50a774a4d613360fab82a	46	0	receptor	0	0	_
cbcec469d9e50a774a4d613360fab82a	46	0	,	0	0	_
cbcec469d9e50a774a4d613360fab82a	46	0	reuptake	0	0	_
cbcec469d9e50a774a4d613360fab82a	46	0	site	0	0	Locale_by_use
cbcec469d9e50a774a4d613360fab82a	46	0	,	0	0	_
cbcec469d9e50a774a4d613360fab82a	46	0	etc	0	0	_
cbcec469d9e50a774a4d613360fab82a	46	0	.	0	0	_
cbcec469d9e50a774a4d613360fab82a	46	0	)	0	0	_

cbcec469d9e50a774a4d613360fab82a	46	1	as	0	0	_
cbcec469d9e50a774a4d613360fab82a	46	1	well	0	0	_
cbcec469d9e50a774a4d613360fab82a	46	1	as	0	0	_
cbcec469d9e50a774a4d613360fab82a	46	1	the	0	0	_
cbcec469d9e50a774a4d613360fab82a	46	1	circuitry	0	0	_
cbcec469d9e50a774a4d613360fab82a	46	1	involved	0	0	_

18e130e510612aed6c3753685d9158c1	47	0	#	0	0	_
18e130e510612aed6c3753685d9158c1	47	0	)	0	0	_
18e130e510612aed6c3753685d9158c1	47	0	These	1	0	_
18e130e510612aed6c3753685d9158c1	47	0	two	0	0	Cardinal_numbers
18e130e510612aed6c3753685d9158c1	47	0	classes	0	0	Type
18e130e510612aed6c3753685d9158c1	47	0	of	0	0	_
18e130e510612aed6c3753685d9158c1	47	0	drugs	0	0	Intoxicants
18e130e510612aed6c3753685d9158c1	47	0	have	1	0	Have_associated
18e130e510612aed6c3753685d9158c1	47	0	different	0	0	Identicality
18e130e510612aed6c3753685d9158c1	47	0	sites	1	0	Locale_by_use
18e130e510612aed6c3753685d9158c1	47	0	of	0	0	_
18e130e510612aed6c3753685d9158c1	47	0	action	0	0	Intentionally_act
18e130e510612aed6c3753685d9158c1	47	0	;	0	0	_
18e130e510612aed6c3753685d9158c1	47	0	echinocandins	0	0	_
18e130e510612aed6c3753685d9158c1	47	0	inhibit	0	0	Preventing_or_letting
18e130e510612aed6c3753685d9158c1	47	0	fungal	0	0	_
18e130e510612aed6c3753685d9158c1	47	0	cell	0	0	_
18e130e510612aed6c3753685d9158c1	47	0	wall	0	0	Architectural_part
18e130e510612aed6c3753685d9158c1	47	0	formation	0	0	Creating
18e130e510612aed6c3753685d9158c1	47	0	,	0	0	_
18e130e510612aed6c3753685d9158c1	47	0	and	0	0	_
18e130e510612aed6c3753685d9158c1	47	0	triazoles	0	0	_
18e130e510612aed6c3753685d9158c1	47	0	inhibit	0	0	Preventing_or_letting
18e130e510612aed6c3753685d9158c1	47	0	cell	0	0	_
18e130e510612aed6c3753685d9158c1	47	0	membrane	0	0	_
18e130e510612aed6c3753685d9158c1	47	0	synthesis	0	0	Intentionally_create

b96cf156659464c6b8c5aaf24a6f27f7	48	0	#	0	0	_
b96cf156659464c6b8c5aaf24a6f27f7	48	0	)	0	0	_
b96cf156659464c6b8c5aaf24a6f27f7	48	0	must	0	0	Required_event
b96cf156659464c6b8c5aaf24a6f27f7	48	0	be	0	0	_
b96cf156659464c6b8c5aaf24a6f27f7	48	0	present	0	0	Presence
b96cf156659464c6b8c5aaf24a6f27f7	48	0	at	0	0	Locative_relation
b96cf156659464c6b8c5aaf24a6f27f7	48	0	a	0	0	_
b96cf156659464c6b8c5aaf24a6f27f7	48	0	specific	0	0	_
b96cf156659464c6b8c5aaf24a6f27f7	48	0	biological	0	0	_
b96cf156659464c6b8c5aaf24a6f27f7	48	0	site	0	0	Locale
b96cf156659464c6b8c5aaf24a6f27f7	48	0	of	0	0	_
b96cf156659464c6b8c5aaf24a6f27f7	48	0	action	0	0	Intentionally_act
b96cf156659464c6b8c5aaf24a6f27f7	48	0	(	0	0	_
b96cf156659464c6b8c5aaf24a6f27f7	48	0	a	0	0	_
b96cf156659464c6b8c5aaf24a6f27f7	48	0	membrane	0	0	_
b96cf156659464c6b8c5aaf24a6f27f7	48	0	or	0	0	_
b96cf156659464c6b8c5aaf24a6f27f7	48	0	cellular	0	0	_
b96cf156659464c6b8c5aaf24a6f27f7	48	0	receptor	0	0	_
b96cf156659464c6b8c5aaf24a6f27f7	48	0	,	0	0	_
b96cf156659464c6b8c5aaf24a6f27f7	48	0	for	0	0	_
b96cf156659464c6b8c5aaf24a6f27f7	48	0	example	0	0	Instance
b96cf156659464c6b8c5aaf24a6f27f7	48	0	)	0	0	_
b96cf156659464c6b8c5aaf24a6f27f7	48	0	.	0	0	_

b96cf156659464c6b8c5aaf24a6f27f7	48	1	The	0	0	_
b96cf156659464c6b8c5aaf24a6f27f7	48	1	concentration-effect	0	0	_
b96cf156659464c6b8c5aaf24a6f27f7	48	1	threshold	0	0	_

4457d16a64798ef10f42128ba9484fd3	49	0	#	0	0	_
4457d16a64798ef10f42128ba9484fd3	49	0	even	0	0	_
4457d16a64798ef10f42128ba9484fd3	49	0	calcium	0	0	_
4457d16a64798ef10f42128ba9484fd3	49	0	and	0	0	_
4457d16a64798ef10f42128ba9484fd3	49	0	vitamin	0	0	_
4457d16a64798ef10f42128ba9484fd3	49	0	D	0	0	_
4457d16a64798ef10f42128ba9484fd3	49	0	all	0	0	_
4457d16a64798ef10f42128ba9484fd3	49	0	affect	0	0	Objective_influence
4457d16a64798ef10f42128ba9484fd3	49	0	this	1	0	_
4457d16a64798ef10f42128ba9484fd3	49	0	site	0	0	Locale
4457d16a64798ef10f42128ba9484fd3	49	0	of	0	0	_
4457d16a64798ef10f42128ba9484fd3	49	0	action	0	0	Intentionally_act
4457d16a64798ef10f42128ba9484fd3	49	0	.	0	0	_

4457d16a64798ef10f42128ba9484fd3	49	1	The	0	0	_
4457d16a64798ef10f42128ba9484fd3	49	1	aging	0	0	Medical_conditions
4457d16a64798ef10f42128ba9484fd3	49	1	process	0	0	Process
4457d16a64798ef10f42128ba9484fd3	49	1	alone	0	0	_
4457d16a64798ef10f42128ba9484fd3	49	1	contributes	0	0	Giving
4457d16a64798ef10f42128ba9484fd3	49	1	a	0	0	_
4457d16a64798ef10f42128ba9484fd3	49	1	small	0	0	Size
4457d16a64798ef10f42128ba9484fd3	49	1	fraction	0	0	_
4457d16a64798ef10f42128ba9484fd3	49	1	to	0	0	_
4457d16a64798ef10f42128ba9484fd3	49	1	bone	0	0	_
4457d16a64798ef10f42128ba9484fd3	49	1	loss	0	0	Earnings_and_losses
4457d16a64798ef10f42128ba9484fd3	49	1	.	0	0	_

4457d16a64798ef10f42128ba9484fd3	49	2	Physiological	0	0	_

607c642c0038fa76b25f1f91687a3d02	50	0	#	0	0	_
607c642c0038fa76b25f1f91687a3d02	50	0	3	0	0	_
607c642c0038fa76b25f1f91687a3d02	50	0	)	0	0	_
607c642c0038fa76b25f1f91687a3d02	50	0	drug	0	0	Intoxicants
607c642c0038fa76b25f1f91687a3d02	50	0	can	0	0	Capability
607c642c0038fa76b25f1f91687a3d02	50	0	be	0	0	_
607c642c0038fa76b25f1f91687a3d02	50	0	delivered	0	0	Delivery
607c642c0038fa76b25f1f91687a3d02	50	0	to	0	0	_
607c642c0038fa76b25f1f91687a3d02	50	0	the	0	0	_
607c642c0038fa76b25f1f91687a3d02	50	0	site	0	0	Locale
607c642c0038fa76b25f1f91687a3d02	50	0	of	0	0	_
607c642c0038fa76b25f1f91687a3d02	50	0	action	0	0	Intentionally_act
607c642c0038fa76b25f1f91687a3d02	50	0	in	0	0	_
607c642c0038fa76b25f1f91687a3d02	50	0	higher	0	0	Position_on_a_scale
607c642c0038fa76b25f1f91687a3d02	50	0	concentrations	0	0	_
607c642c0038fa76b25f1f91687a3d02	50	0	,	0	0	_
607c642c0038fa76b25f1f91687a3d02	50	0	(	0	0	_
607c642c0038fa76b25f1f91687a3d02	50	0	4	0	0	_
607c642c0038fa76b25f1f91687a3d02	50	0	)	0	0	_
607c642c0038fa76b25f1f91687a3d02	50	0	the	0	0	_
607c642c0038fa76b25f1f91687a3d02	50	0	side	0	0	_
607c642c0038fa76b25f1f91687a3d02	50	0	effects	0	0	Objective_influence
607c642c0038fa76b25f1f91687a3d02	50	0	of	0	0	_
607c642c0038fa76b25f1f91687a3d02	50	0	systemic	0	0	_
607c642c0038fa76b25f1f91687a3d02	50	0	drug	0	0	Intoxicants
607c642c0038fa76b25f1f91687a3d02	50	0	therapy	0	0	Cure

899f4e51ca096c21e39df43d877dad30	51	0	#	0	0	_
899f4e51ca096c21e39df43d877dad30	51	0	the	0	0	_
899f4e51ca096c21e39df43d877dad30	51	0	concentration	0	0	_
899f4e51ca096c21e39df43d877dad30	51	0	of	0	0	_
899f4e51ca096c21e39df43d877dad30	51	0	intravenous	0	0	_
899f4e51ca096c21e39df43d877dad30	51	0	anaesthetic	0	0	_
899f4e51ca096c21e39df43d877dad30	51	0	agents	0	0	Active_substance
899f4e51ca096c21e39df43d877dad30	51	0	at	0	0	Locative_relation
899f4e51ca096c21e39df43d877dad30	51	0	the	0	0	_
899f4e51ca096c21e39df43d877dad30	51	0	site	0	0	Locale
899f4e51ca096c21e39df43d877dad30	51	0	of	0	0	_
899f4e51ca096c21e39df43d877dad30	51	0	action	0	0	Intentionally_act
899f4e51ca096c21e39df43d877dad30	51	0	in	0	0	Interior_profile_relation
899f4e51ca096c21e39df43d877dad30	51	0	the	0	0	_
899f4e51ca096c21e39df43d877dad30	51	0	brain	0	0	_
899f4e51ca096c21e39df43d877dad30	51	0	has	0	0	_
899f4e51ca096c21e39df43d877dad30	51	0	prompted	0	0	Cause_to_start
899f4e51ca096c21e39df43d877dad30	51	0	the	0	0	_
899f4e51ca096c21e39df43d877dad30	51	0	development	0	0	Progression
899f4e51ca096c21e39df43d877dad30	51	0	of	0	0	_
899f4e51ca096c21e39df43d877dad30	51	0	systems	0	0	Gizmo
899f4e51ca096c21e39df43d877dad30	51	0	to	0	0	_
899f4e51ca096c21e39df43d877dad30	51	0	detect	0	0	Becoming_aware
899f4e51ca096c21e39df43d877dad30	51	0	the	0	0	_
899f4e51ca096c21e39df43d877dad30	51	0	depth	0	0	_
899f4e51ca096c21e39df43d877dad30	51	0	of	0	0	_

a25b8b53a455e28f219a591951d0f29d	52	0	#	0	0	_
a25b8b53a455e28f219a591951d0f29d	52	0	#	0	0	_
a25b8b53a455e28f219a591951d0f29d	52	0	Cholera	0	0	_
a25b8b53a455e28f219a591951d0f29d	52	0	's	0	0	_
a25b8b53a455e28f219a591951d0f29d	52	0	primary	0	0	First_rank
a25b8b53a455e28f219a591951d0f29d	52	0	,	0	0	_
a25b8b53a455e28f219a591951d0f29d	52	0	most	0	0	_
a25b8b53a455e28f219a591951d0f29d	52	0	visible	0	0	Obviousness
a25b8b53a455e28f219a591951d0f29d	52	0	,	0	0	_
a25b8b53a455e28f219a591951d0f29d	52	0	site	0	0	Locale
a25b8b53a455e28f219a591951d0f29d	52	0	of	0	0	_
a25b8b53a455e28f219a591951d0f29d	52	0	action	0	0	Intentionally_act
a25b8b53a455e28f219a591951d0f29d	52	0	was	0	0	_
a25b8b53a455e28f219a591951d0f29d	52	0	,	0	0	_
a25b8b53a455e28f219a591951d0f29d	52	0	of	0	0	_
a25b8b53a455e28f219a591951d0f29d	52	0	course	0	0	_
a25b8b53a455e28f219a591951d0f29d	52	0	,	0	0	_
a25b8b53a455e28f219a591951d0f29d	52	0	the	0	0	_
a25b8b53a455e28f219a591951d0f29d	52	0	human	0	0	People
a25b8b53a455e28f219a591951d0f29d	52	0	body	0	0	Body_parts
a25b8b53a455e28f219a591951d0f29d	52	0	,	0	0	_
a25b8b53a455e28f219a591951d0f29d	52	0	whose	0	0	_
a25b8b53a455e28f219a591951d0f29d	52	0	extreme	0	0	_
a25b8b53a455e28f219a591951d0f29d	52	0	physiological	0	0	_
a25b8b53a455e28f219a591951d0f29d	52	0	devastation	0	0	Destroying
a25b8b53a455e28f219a591951d0f29d	52	0	became	0	0	Becoming

583079052774b98d47853d4c0a89f320	53	0	#	0	0	_
583079052774b98d47853d4c0a89f320	53	0	this	1	0	_
583079052774b98d47853d4c0a89f320	53	0	toxin	0	0	Toxic_substance
583079052774b98d47853d4c0a89f320	53	0	,	0	0	_
583079052774b98d47853d4c0a89f320	53	0	researchers	0	0	People_by_vocation
583079052774b98d47853d4c0a89f320	53	0	have	0	0	_
583079052774b98d47853d4c0a89f320	53	0	pinpointed	0	0	_
583079052774b98d47853d4c0a89f320	53	0	a	0	0	_
583079052774b98d47853d4c0a89f320	53	0	potential	0	0	Capability
583079052774b98d47853d4c0a89f320	53	0	site	0	0	Locale
583079052774b98d47853d4c0a89f320	53	0	of	0	0	_
583079052774b98d47853d4c0a89f320	53	0	action	0	0	Intentionally_act
583079052774b98d47853d4c0a89f320	53	0	for	0	0	_
583079052774b98d47853d4c0a89f320	53	0	a	0	0	_
583079052774b98d47853d4c0a89f320	53	0	new	0	0	Familiarity
583079052774b98d47853d4c0a89f320	53	0	type	0	0	Type
583079052774b98d47853d4c0a89f320	53	0	of	0	0	_
583079052774b98d47853d4c0a89f320	53	0	painkiller	0	0	Toxic_substance
583079052774b98d47853d4c0a89f320	53	0	.	0	0	_

583079052774b98d47853d4c0a89f320	53	1	Just	0	0	_
583079052774b98d47853d4c0a89f320	53	1	in	1	0	_
583079052774b98d47853d4c0a89f320	53	1	the	0	0	_
583079052774b98d47853d4c0a89f320	53	1	last	0	0	Relative_time
583079052774b98d47853d4c0a89f320	53	1	few	0	0	Quantified_mass
583079052774b98d47853d4c0a89f320	53	1	years	0	0	Calendric_unit
583079052774b98d47853d4c0a89f320	53	1	,	0	0	_

8fafee4f56f0553277c1e9bf05f8d4d4	54	0	#	0	0	_
8fafee4f56f0553277c1e9bf05f8d4d4	54	0	In	0	0	_
8fafee4f56f0553277c1e9bf05f8d4d4	54	0	studies	0	0	Scrutiny
8fafee4f56f0553277c1e9bf05f8d4d4	54	0	reported	0	0	Statement
8fafee4f56f0553277c1e9bf05f8d4d4	54	0	in	0	0	_
8fafee4f56f0553277c1e9bf05f8d4d4	54	0	1991	0	0	_
8fafee4f56f0553277c1e9bf05f8d4d4	54	0	,	0	0	_
8fafee4f56f0553277c1e9bf05f8d4d4	54	0	the	0	0	_
8fafee4f56f0553277c1e9bf05f8d4d4	54	0	preferential	0	0	_
8fafee4f56f0553277c1e9bf05f8d4d4	54	0	site	0	0	Locale
8fafee4f56f0553277c1e9bf05f8d4d4	54	0	of	0	0	_
8fafee4f56f0553277c1e9bf05f8d4d4	54	0	action	0	0	Intentionally_act
8fafee4f56f0553277c1e9bf05f8d4d4	54	0	for	0	0	_
8fafee4f56f0553277c1e9bf05f8d4d4	54	0	the	0	0	_
8fafee4f56f0553277c1e9bf05f8d4d4	54	0	kavalactones	0	0	_
8fafee4f56f0553277c1e9bf05f8d4d4	54	0	,	0	0	_
8fafee4f56f0553277c1e9bf05f8d4d4	54	0	which	0	0	_
8fafee4f56f0553277c1e9bf05f8d4d4	54	0	are	0	0	_
8fafee4f56f0553277c1e9bf05f8d4d4	54	0	the	0	0	_
8fafee4f56f0553277c1e9bf05f8d4d4	54	0	pharmacologically-active	0	0	_
8fafee4f56f0553277c1e9bf05f8d4d4	54	0	constituents	0	0	Ingredients
8fafee4f56f0553277c1e9bf05f8d4d4	54	0	in	0	0	_
8fafee4f56f0553277c1e9bf05f8d4d4	54	0	kava	0	0	_
8fafee4f56f0553277c1e9bf05f8d4d4	54	0	,	0	0	_
8fafee4f56f0553277c1e9bf05f8d4d4	54	0	was	0	0	_
8fafee4f56f0553277c1e9bf05f8d4d4	54	0	the	0	0	_

bfdd8d2f2eabd2122cf6bf03583116bf	55	0	#	0	0	_
bfdd8d2f2eabd2122cf6bf03583116bf	55	0	corticosteroids	0	0	_
bfdd8d2f2eabd2122cf6bf03583116bf	55	0	.	0	0	_

bfdd8d2f2eabd2122cf6bf03583116bf	55	1	Adverse	0	0	_
bfdd8d2f2eabd2122cf6bf03583116bf	55	1	effects	0	0	Objective_influence
bfdd8d2f2eabd2122cf6bf03583116bf	55	1	can	0	0	_
bfdd8d2f2eabd2122cf6bf03583116bf	55	1	occur	0	0	Event
bfdd8d2f2eabd2122cf6bf03583116bf	55	1	at	0	0	Locative_relation
bfdd8d2f2eabd2122cf6bf03583116bf	55	1	the	0	0	_
bfdd8d2f2eabd2122cf6bf03583116bf	55	1	site	0	0	Locale
bfdd8d2f2eabd2122cf6bf03583116bf	55	1	of	0	0	_
bfdd8d2f2eabd2122cf6bf03583116bf	55	1	action	0	0	Intentionally_act
bfdd8d2f2eabd2122cf6bf03583116bf	55	1	and	0	0	_
bfdd8d2f2eabd2122cf6bf03583116bf	55	1	as	0	0	_
bfdd8d2f2eabd2122cf6bf03583116bf	55	1	a	0	0	_
bfdd8d2f2eabd2122cf6bf03583116bf	55	1	result	0	0	Causation
bfdd8d2f2eabd2122cf6bf03583116bf	55	1	of	0	0	_
bfdd8d2f2eabd2122cf6bf03583116bf	55	1	systemic	0	0	_
bfdd8d2f2eabd2122cf6bf03583116bf	55	1	absorption	0	0	_
bfdd8d2f2eabd2122cf6bf03583116bf	55	1	.	0	0	_

bfdd8d2f2eabd2122cf6bf03583116bf	55	2	The	0	0	_
bfdd8d2f2eabd2122cf6bf03583116bf	55	2	local	0	0	Political_locales
bfdd8d2f2eabd2122cf6bf03583116bf	55	2	side	0	0	_
bfdd8d2f2eabd2122cf6bf03583116bf	55	2	effects	0	0	Objective_influence
bfdd8d2f2eabd2122cf6bf03583116bf	55	2	of	0	0	_
bfdd8d2f2eabd2122cf6bf03583116bf	55	2	intranasal	0	0	_

db535f408fc172c67e22081fb5528be5	56	0	#	0	0	_
db535f408fc172c67e22081fb5528be5	56	0	away	0	0	_
db535f408fc172c67e22081fb5528be5	56	0	from	0	0	_
db535f408fc172c67e22081fb5528be5	56	0	the	0	0	_
db535f408fc172c67e22081fb5528be5	56	0	place	0	0	Locale
db535f408fc172c67e22081fb5528be5	56	0	of	0	0	_
db535f408fc172c67e22081fb5528be5	56	0	origin	0	0	Origin
db535f408fc172c67e22081fb5528be5	56	0	or	0	0	_
db535f408fc172c67e22081fb5528be5	56	0	expected	0	0	Expectation
db535f408fc172c67e22081fb5528be5	56	0	place	0	0	Locale
db535f408fc172c67e22081fb5528be5	56	0	of	0	0	_
db535f408fc172c67e22081fb5528be5	56	0	action	0	0	Intentionally_act
db535f408fc172c67e22081fb5528be5	56	0	of	0	0	_
db535f408fc172c67e22081fb5528be5	56	0	the	0	0	_
db535f408fc172c67e22081fb5528be5	56	0	force	1	1	Military
db535f408fc172c67e22081fb5528be5	56	0	concerned.	1	1	Topic
db535f408fc172c67e22081fb5528be5	56	0	``	0	0	_

db535f408fc172c67e22081fb5528be5	56	1	In	1	0	_
db535f408fc172c67e22081fb5528be5	56	1	the	0	0	_
db535f408fc172c67e22081fb5528be5	56	1	case	0	0	Instance
db535f408fc172c67e22081fb5528be5	56	1	of	0	0	_
db535f408fc172c67e22081fb5528be5	56	1	Germany	0	0	_
db535f408fc172c67e22081fb5528be5	56	1	it	0	0	_
db535f408fc172c67e22081fb5528be5	56	1	can	0	0	_
db535f408fc172c67e22081fb5528be5	56	1	be	0	0	_

44de4e7597cff1a6eab3c765ee8484b0	57	0	#	0	0	_
44de4e7597cff1a6eab3c765ee8484b0	57	0	to	0	0	_
44de4e7597cff1a6eab3c765ee8484b0	57	0	do	0	0	Intentionally_act
44de4e7597cff1a6eab3c765ee8484b0	57	0	what	0	0	_
44de4e7597cff1a6eab3c765ee8484b0	57	0	I	0	0	_
44de4e7597cff1a6eab3c765ee8484b0	57	0	want	0	0	Desiring
44de4e7597cff1a6eab3c765ee8484b0	57	0	to	0	0	_
44de4e7597cff1a6eab3c765ee8484b0	57	0	do	0	0	Intentionally_act
44de4e7597cff1a6eab3c765ee8484b0	57	0	.	0	0	_

44de4e7597cff1a6eab3c765ee8484b0	57	1	Place	0	0	Locale
44de4e7597cff1a6eab3c765ee8484b0	57	1	of	0	0	_
44de4e7597cff1a6eab3c765ee8484b0	57	1	action	0	0	Intentionally_act
44de4e7597cff1a6eab3c765ee8484b0	57	1	The	0	0	_
44de4e7597cff1a6eab3c765ee8484b0	57	1	headquarters	0	0	Locale_by_use
44de4e7597cff1a6eab3c765ee8484b0	57	1	of	0	0	_
44de4e7597cff1a6eab3c765ee8484b0	57	1	Pa'tothom	0	0	_
44de4e7597cff1a6eab3c765ee8484b0	57	1	.	0	0	_

44de4e7597cff1a6eab3c765ee8484b0	57	2	At	0	0	Locative_relation
44de4e7597cff1a6eab3c765ee8484b0	57	2	the	0	0	_
44de4e7597cff1a6eab3c765ee8484b0	57	2	entrance	0	0	_
44de4e7597cff1a6eab3c765ee8484b0	57	2	.	0	0	_

44de4e7597cff1a6eab3c765ee8484b0	57	3	People	0	0	People
44de4e7597cff1a6eab3c765ee8484b0	57	3	to	1	0	_
44de4e7597cff1a6eab3c765ee8484b0	57	3	whom	0	0	_
44de4e7597cff1a6eab3c765ee8484b0	57	3	the	0	0	_
44de4e7597cff1a6eab3c765ee8484b0	57	3	action	0	0	Intentionally_act

085fe96eb19181b3ebb577c49123d33a	58	0	#	0	0	_
085fe96eb19181b3ebb577c49123d33a	58	0	and	0	0	_
085fe96eb19181b3ebb577c49123d33a	58	0	the	0	0	_
085fe96eb19181b3ebb577c49123d33a	58	0	proteins	0	0	_
085fe96eb19181b3ebb577c49123d33a	58	0	are	0	0	_
085fe96eb19181b3ebb577c49123d33a	58	0	posttranslationally	0	0	_
085fe96eb19181b3ebb577c49123d33a	58	0	targeted	0	0	_
085fe96eb19181b3ebb577c49123d33a	58	0	to	1	0	_
085fe96eb19181b3ebb577c49123d33a	58	0	the	0	0	_
085fe96eb19181b3ebb577c49123d33a	58	0	place	0	0	Locale
085fe96eb19181b3ebb577c49123d33a	58	0	of	0	0	_
085fe96eb19181b3ebb577c49123d33a	58	0	action	1	1	Intentionally_act
085fe96eb19181b3ebb577c49123d33a	58	0	,	0	0	_
085fe96eb19181b3ebb577c49123d33a	58	0	the	0	0	_
085fe96eb19181b3ebb577c49123d33a	58	0	organelle	0	0	_
085fe96eb19181b3ebb577c49123d33a	58	0	they	0	0	_
085fe96eb19181b3ebb577c49123d33a	58	0	originally	0	0	_
085fe96eb19181b3ebb577c49123d33a	58	0	came	1	0	Origin
085fe96eb19181b3ebb577c49123d33a	58	0	from	0	0	Origin
085fe96eb19181b3ebb577c49123d33a	58	0	.	0	0	_

085fe96eb19181b3ebb577c49123d33a	58	1	Evolutionary	0	0	_
085fe96eb19181b3ebb577c49123d33a	58	1	relics	1	1	_
085fe96eb19181b3ebb577c49123d33a	58	1	documenting	0	0	Evidence
085fe96eb19181b3ebb577c49123d33a	58	1	such	0	0	_
085fe96eb19181b3ebb577c49123d33a	58	1	processes	0	0	Process
085fe96eb19181b3ebb577c49123d33a	58	1	have	0	0	_

d2b73fbb65dc5b72f9da72873193adf0	59	0	#	0	0	_
d2b73fbb65dc5b72f9da72873193adf0	59	0	have	0	0	_
d2b73fbb65dc5b72f9da72873193adf0	59	0	found	1	0	Becoming_aware
d2b73fbb65dc5b72f9da72873193adf0	59	0	that	0	0	_
d2b73fbb65dc5b72f9da72873193adf0	59	0	willingness	0	0	Willingness
d2b73fbb65dc5b72f9da72873193adf0	59	0	can	0	0	Capability
d2b73fbb65dc5b72f9da72873193adf0	59	0	serve	1	1	Assistance
d2b73fbb65dc5b72f9da72873193adf0	59	0	in	1	0	_
d2b73fbb65dc5b72f9da72873193adf0	59	0	the	0	0	_
d2b73fbb65dc5b72f9da72873193adf0	59	0	place	1	0	Locale
d2b73fbb65dc5b72f9da72873193adf0	59	0	of	0	0	_
d2b73fbb65dc5b72f9da72873193adf0	59	0	action	0	0	Intentionally_act
d2b73fbb65dc5b72f9da72873193adf0	59	0	where	1	0	Locative_relation
d2b73fbb65dc5b72f9da72873193adf0	59	0	we	0	0	_
d2b73fbb65dc5b72f9da72873193adf0	59	0	are	0	0	_
d2b73fbb65dc5b72f9da72873193adf0	59	0	unable	0	0	Capability
d2b73fbb65dc5b72f9da72873193adf0	59	0	to	0	0	_
d2b73fbb65dc5b72f9da72873193adf0	59	0	contact	0	0	Arriving
d2b73fbb65dc5b72f9da72873193adf0	59	0	the	0	0	_
d2b73fbb65dc5b72f9da72873193adf0	59	0	person	0	0	People
d2b73fbb65dc5b72f9da72873193adf0	59	0	we	0	0	_
d2b73fbb65dc5b72f9da72873193adf0	59	0	have	0	0	_
d2b73fbb65dc5b72f9da72873193adf0	59	0	harmed	0	0	Cause_harm
d2b73fbb65dc5b72f9da72873193adf0	59	0	.	0	0	_

d2b73fbb65dc5b72f9da72873193adf0	59	1	However	0	0	_
d2b73fbb65dc5b72f9da72873193adf0	59	1	,	0	0	_

e477182054b440036b806d505d274966	60	0	#	0	0	_
e477182054b440036b806d505d274966	60	0	the	0	0	_
e477182054b440036b806d505d274966	60	0	fall	1	1	_
e477182054b440036b806d505d274966	60	0	elections	0	0	Change_of_leadership
e477182054b440036b806d505d274966	60	0	,	0	0	_
e477182054b440036b806d505d274966	60	0	so	0	0	_
e477182054b440036b806d505d274966	60	0	inaction	0	0	_
e477182054b440036b806d505d274966	60	0	took	1	0	_
e477182054b440036b806d505d274966	60	0	the	0	0	_
e477182054b440036b806d505d274966	60	0	place	1	0	_
e477182054b440036b806d505d274966	60	0	of	0	0	_
e477182054b440036b806d505d274966	60	0	action	0	0	Intentionally_act
e477182054b440036b806d505d274966	60	0	.	0	0	_

e477182054b440036b806d505d274966	60	1	#	0	0	_
e477182054b440036b806d505d274966	60	1	Now	0	0	Temporal_collocation
e477182054b440036b806d505d274966	60	1	,	0	0	_
e477182054b440036b806d505d274966	60	1	with	1	0	_
e477182054b440036b806d505d274966	60	1	elections	0	0	Change_of_leadership
e477182054b440036b806d505d274966	60	1	again	0	0	_
e477182054b440036b806d505d274966	60	1	a	0	0	Quantified_mass
e477182054b440036b806d505d274966	60	1	few	0	0	Quantified_mass
e477182054b440036b806d505d274966	60	1	years	0	0	Calendric_unit
e477182054b440036b806d505d274966	60	1	off	1	0	_
e477182054b440036b806d505d274966	60	1	,	0	0	_
e477182054b440036b806d505d274966	60	1	both	0	0	Quantified_mass
e477182054b440036b806d505d274966	60	1	parties	0	0	Aggregate

98b771c9fc2b109753303aee6ef82519	61	0	#	0	0	_
98b771c9fc2b109753303aee6ef82519	61	0	energy	0	0	Electricity
98b771c9fc2b109753303aee6ef82519	61	0	,	0	0	_
98b771c9fc2b109753303aee6ef82519	61	0	talents	0	0	Expertise
98b771c9fc2b109753303aee6ef82519	61	0	,	0	0	_
98b771c9fc2b109753303aee6ef82519	61	0	and	0	0	_
98b771c9fc2b109753303aee6ef82519	61	0	skills	0	0	Expertise
98b771c9fc2b109753303aee6ef82519	61	0	into	1	0	_
98b771c9fc2b109753303aee6ef82519	61	0	a	0	0	_
98b771c9fc2b109753303aee6ef82519	61	0	place	0	0	Locale
98b771c9fc2b109753303aee6ef82519	61	0	of	0	0	_
98b771c9fc2b109753303aee6ef82519	61	0	action	0	0	Intentionally_act
98b771c9fc2b109753303aee6ef82519	61	0	for	0	0	_
98b771c9fc2b109753303aee6ef82519	61	0	us	0	0	_
98b771c9fc2b109753303aee6ef82519	61	0	.	0	0	_

98b771c9fc2b109753303aee6ef82519	61	1	#	0	0	_
98b771c9fc2b109753303aee6ef82519	61	1	I	0	0	_
98b771c9fc2b109753303aee6ef82519	61	1	think	0	0	Opinion
98b771c9fc2b109753303aee6ef82519	61	1	it	0	0	_
98b771c9fc2b109753303aee6ef82519	61	1	is	0	0	_
98b771c9fc2b109753303aee6ef82519	61	1	serendipity	0	0	_
98b771c9fc2b109753303aee6ef82519	61	1	!	0	0	_

98b771c9fc2b109753303aee6ef82519	61	2	One	0	0	Cardinal_numbers
98b771c9fc2b109753303aee6ef82519	61	2	of	0	0	_
98b771c9fc2b109753303aee6ef82519	61	2	Adobe	0	0	_
98b771c9fc2b109753303aee6ef82519	61	2	's	0	0	_

56639490ad1442077dbf4c1b61931935	62	0	#	0	0	_
56639490ad1442077dbf4c1b61931935	62	0	Senate	0	0	_
56639490ad1442077dbf4c1b61931935	62	0	,	0	0	_
56639490ad1442077dbf4c1b61931935	62	0	the	0	0	_
56639490ad1442077dbf4c1b61931935	62	0	Senate	0	0	_
56639490ad1442077dbf4c1b61931935	62	0	seems	0	0	Give_impression
56639490ad1442077dbf4c1b61931935	62	0	to	0	0	_
56639490ad1442077dbf4c1b61931935	62	0	be	0	0	_
56639490ad1442077dbf4c1b61931935	62	0	the	0	0	_
56639490ad1442077dbf4c1b61931935	62	0	place	1	0	Locale
56639490ad1442077dbf4c1b61931935	62	0	of	0	0	_
56639490ad1442077dbf4c1b61931935	62	0	action	0	0	Intentionally_act
56639490ad1442077dbf4c1b61931935	62	0	this	1	0	_
56639490ad1442077dbf4c1b61931935	62	0	week	0	0	Calendric_unit
56639490ad1442077dbf4c1b61931935	62	0	.	0	0	_

56639490ad1442077dbf4c1b61931935	62	1	It	0	0	_
56639490ad1442077dbf4c1b61931935	62	1	's	0	0	_
56639490ad1442077dbf4c1b61931935	62	1	directed	1	1	Aiming
56639490ad1442077dbf4c1b61931935	62	1	against	1	0	_
56639490ad1442077dbf4c1b61931935	62	1	Tom	0	0	_
56639490ad1442077dbf4c1b61931935	62	1	Daschle	0	0	_
56639490ad1442077dbf4c1b61931935	62	1	,	0	0	_
56639490ad1442077dbf4c1b61931935	62	1	the	0	0	_
56639490ad1442077dbf4c1b61931935	62	1	Senate	0	0	_
56639490ad1442077dbf4c1b61931935	62	1	majority	0	0	_
56639490ad1442077dbf4c1b61931935	62	1	leader	0	0	Leadership

b2d0e6870dbc8fbb5c1d64af48aba250	63	0	#	0	0	_
b2d0e6870dbc8fbb5c1d64af48aba250	63	0	entity	0	0	_
b2d0e6870dbc8fbb5c1d64af48aba250	63	0	from	1	0	_
b2d0e6870dbc8fbb5c1d64af48aba250	63	0	its	0	0	_
b2d0e6870dbc8fbb5c1d64af48aba250	63	0	place	0	0	Locale
b2d0e6870dbc8fbb5c1d64af48aba250	63	0	of	0	0	_
b2d0e6870dbc8fbb5c1d64af48aba250	63	0	origin	0	0	Origin
b2d0e6870dbc8fbb5c1d64af48aba250	63	0	to	0	0	Goal
b2d0e6870dbc8fbb5c1d64af48aba250	63	0	its	0	0	_
b2d0e6870dbc8fbb5c1d64af48aba250	63	0	place	0	0	Locale
b2d0e6870dbc8fbb5c1d64af48aba250	63	0	of	0	0	_
b2d0e6870dbc8fbb5c1d64af48aba250	63	0	action	1	0	Intentionally_act
b2d0e6870dbc8fbb5c1d64af48aba250	63	0	.	0	0	_

b2d0e6870dbc8fbb5c1d64af48aba250	63	1	We	0	0	_
b2d0e6870dbc8fbb5c1d64af48aba250	63	1	term	0	0	Communicate_categorization
b2d0e6870dbc8fbb5c1d64af48aba250	63	1	these	1	0	_
b2d0e6870dbc8fbb5c1d64af48aba250	63	1	agents	0	0	Active_substance
b2d0e6870dbc8fbb5c1d64af48aba250	63	1	vectors	0	0	_
b2d0e6870dbc8fbb5c1d64af48aba250	63	1	.	0	0	_

b2d0e6870dbc8fbb5c1d64af48aba250	63	2	Definition	0	0	Communicate_categorization
b2d0e6870dbc8fbb5c1d64af48aba250	63	2	of	0	0	_
b2d0e6870dbc8fbb5c1d64af48aba250	63	2	vectors	0	0	_
b2d0e6870dbc8fbb5c1d64af48aba250	63	2	depends	0	0	Contingency
b2d0e6870dbc8fbb5c1d64af48aba250	63	2	on	1	0	_
b2d0e6870dbc8fbb5c1d64af48aba250	63	2	where	1	0	_
b2d0e6870dbc8fbb5c1d64af48aba250	63	2	one	0	0	_

1c3c501bdcb877f2d9773ac5a72fb95f	64	0	#	0	0	_
1c3c501bdcb877f2d9773ac5a72fb95f	64	0	carried	0	0	Intentionally_act
1c3c501bdcb877f2d9773ac5a72fb95f	64	0	out	0	0	Intentionally_act
1c3c501bdcb877f2d9773ac5a72fb95f	64	0	by	0	0	_
1c3c501bdcb877f2d9773ac5a72fb95f	64	0	the	0	0	_
1c3c501bdcb877f2d9773ac5a72fb95f	64	0	whole	1	0	Ranked_expectation
1c3c501bdcb877f2d9773ac5a72fb95f	64	0	people	0	0	People
1c3c501bdcb877f2d9773ac5a72fb95f	64	0	.	0	0	_

1c3c501bdcb877f2d9773ac5a72fb95f	64	1	Other	0	0	Increment
1c3c501bdcb877f2d9773ac5a72fb95f	64	1	places	0	0	Locale
1c3c501bdcb877f2d9773ac5a72fb95f	64	1	of	0	0	_
1c3c501bdcb877f2d9773ac5a72fb95f	64	1	action	1	1	Intentionally_act
1c3c501bdcb877f2d9773ac5a72fb95f	64	1	like	0	0	_
1c3c501bdcb877f2d9773ac5a72fb95f	64	1	streets	0	0	Roadways
1c3c501bdcb877f2d9773ac5a72fb95f	64	1	,	0	0	_
1c3c501bdcb877f2d9773ac5a72fb95f	64	1	taverns	0	0	Buildings
1c3c501bdcb877f2d9773ac5a72fb95f	64	1	,	0	0	_
1c3c501bdcb877f2d9773ac5a72fb95f	64	1	roads	0	0	Roadways
1c3c501bdcb877f2d9773ac5a72fb95f	64	1	,	0	0	_
1c3c501bdcb877f2d9773ac5a72fb95f	64	1	baths	0	0	Buildings
1c3c501bdcb877f2d9773ac5a72fb95f	64	1	,	0	0	_
1c3c501bdcb877f2d9773ac5a72fb95f	64	1	etc.	0	0	_
1c3c501bdcb877f2d9773ac5a72fb95f	64	1	,	0	0	_
1c3c501bdcb877f2d9773ac5a72fb95f	64	1	take	1	0	_
1c3c501bdcb877f2d9773ac5a72fb95f	64	1	on	1	0	_
1c3c501bdcb877f2d9773ac5a72fb95f	64	1	the	0	0	_

fa6aea5f381f18aa78d092bac2d877a2	65	0	#	0	0	_
fa6aea5f381f18aa78d092bac2d877a2	65	0	major	0	0	Importance
fa6aea5f381f18aa78d092bac2d877a2	65	0	and	0	0	_
fa6aea5f381f18aa78d092bac2d877a2	65	0	often	0	0	Frequency
fa6aea5f381f18aa78d092bac2d877a2	65	0	undesirable	0	0	Desirability
fa6aea5f381f18aa78d092bac2d877a2	65	0	new	0	0	Age
fa6aea5f381f18aa78d092bac2d877a2	65	0	plans	1	0	Project
fa6aea5f381f18aa78d092bac2d877a2	65	0	take	1	0	_
fa6aea5f381f18aa78d092bac2d877a2	65	0	the	0	0	_
fa6aea5f381f18aa78d092bac2d877a2	65	0	place	1	0	_
fa6aea5f381f18aa78d092bac2d877a2	65	0	of	0	0	_
fa6aea5f381f18aa78d092bac2d877a2	65	0	action	0	0	Intentionally_act
fa6aea5f381f18aa78d092bac2d877a2	65	0	to	0	0	_
fa6aea5f381f18aa78d092bac2d877a2	65	0	relieve	0	0	_
fa6aea5f381f18aa78d092bac2d877a2	65	0	the	0	0	_
fa6aea5f381f18aa78d092bac2d877a2	65	0	plight	0	0	Predicament
fa6aea5f381f18aa78d092bac2d877a2	65	0	of	0	0	_
fa6aea5f381f18aa78d092bac2d877a2	65	0	hard	1	0	_
fa6aea5f381f18aa78d092bac2d877a2	65	0	working	0	0	_
fa6aea5f381f18aa78d092bac2d877a2	65	0	taxpayers	0	0	_
fa6aea5f381f18aa78d092bac2d877a2	65	0	who	0	0	_
fa6aea5f381f18aa78d092bac2d877a2	65	0	must	0	0	Required_event
fa6aea5f381f18aa78d092bac2d877a2	65	0	simply	0	0	_
fa6aea5f381f18aa78d092bac2d877a2	65	0	have	1	0	Possession
fa6aea5f381f18aa78d092bac2d877a2	65	0	access	1	0	Having_or_lacking_access
fa6aea5f381f18aa78d092bac2d877a2	65	0	to	1	0	_

bf534ef960c2f41d1ed17ba2ba6c614c	66	0	#	0	0	_
bf534ef960c2f41d1ed17ba2ba6c614c	66	0	For	0	0	_
bf534ef960c2f41d1ed17ba2ba6c614c	66	0	in	1	0	Interior_profile_relation
bf534ef960c2f41d1ed17ba2ba6c614c	66	0	Dostoevsky	0	0	_
bf534ef960c2f41d1ed17ba2ba6c614c	66	0	's	0	0	_
bf534ef960c2f41d1ed17ba2ba6c614c	66	0	Notes	0	0	_
bf534ef960c2f41d1ed17ba2ba6c614c	66	0	from	0	0	Origin
bf534ef960c2f41d1ed17ba2ba6c614c	66	0	Underground	0	0	_
bf534ef960c2f41d1ed17ba2ba6c614c	66	0	the	0	0	_
bf534ef960c2f41d1ed17ba2ba6c614c	66	0	place	0	0	Locale
bf534ef960c2f41d1ed17ba2ba6c614c	66	0	of	0	0	_
bf534ef960c2f41d1ed17ba2ba6c614c	66	0	action	0	0	Intentionally_act
bf534ef960c2f41d1ed17ba2ba6c614c	66	0	is	0	0	_
bf534ef960c2f41d1ed17ba2ba6c614c	66	0	not	0	0	_
bf534ef960c2f41d1ed17ba2ba6c614c	66	0	the	0	0	_
bf534ef960c2f41d1ed17ba2ba6c614c	66	0	concrete	1	1	_
bf534ef960c2f41d1ed17ba2ba6c614c	66	0	and	0	0	_
bf534ef960c2f41d1ed17ba2ba6c614c	66	0	objective	0	0	Purpose
bf534ef960c2f41d1ed17ba2ba6c614c	66	0	outside	1	0	Part_inner_outer
bf534ef960c2f41d1ed17ba2ba6c614c	66	0	world	0	0	Political_locales
bf534ef960c2f41d1ed17ba2ba6c614c	66	0	.	0	0	_

bf534ef960c2f41d1ed17ba2ba6c614c	66	1	The	0	0	_
bf534ef960c2f41d1ed17ba2ba6c614c	66	1	opening	0	0	_
bf534ef960c2f41d1ed17ba2ba6c614c	66	1	signals	1	1	Communication
bf534ef960c2f41d1ed17ba2ba6c614c	66	1	do	0	0	_
bf534ef960c2f41d1ed17ba2ba6c614c	66	1	not	0	0	_

3cefe925c6c6b2ac7f33389d0b873f8a	67	0	#	0	0	_
3cefe925c6c6b2ac7f33389d0b873f8a	67	0	,	0	0	_
3cefe925c6c6b2ac7f33389d0b873f8a	67	0	and	0	0	_
3cefe925c6c6b2ac7f33389d0b873f8a	67	0	,	0	0	_
3cefe925c6c6b2ac7f33389d0b873f8a	67	0	from	1	0	Time_vector
3cefe925c6c6b2ac7f33389d0b873f8a	67	0	the	0	0	_
3cefe925c6c6b2ac7f33389d0b873f8a	67	0	start	1	0	Temporal_subregion
3cefe925c6c6b2ac7f33389d0b873f8a	67	0	,	0	0	_
3cefe925c6c6b2ac7f33389d0b873f8a	67	0	the	0	0	_
3cefe925c6c6b2ac7f33389d0b873f8a	67	0	place	1	0	Locale
3cefe925c6c6b2ac7f33389d0b873f8a	67	0	of	0	0	_
3cefe925c6c6b2ac7f33389d0b873f8a	67	0	action	0	0	Intentionally_act
3cefe925c6c6b2ac7f33389d0b873f8a	67	0	is	0	0	_
3cefe925c6c6b2ac7f33389d0b873f8a	67	0	consciousness	0	0	_
3cefe925c6c6b2ac7f33389d0b873f8a	67	0	itself	0	0	_
3cefe925c6c6b2ac7f33389d0b873f8a	67	0	.	0	0	_

3cefe925c6c6b2ac7f33389d0b873f8a	67	1	The	0	0	_
3cefe925c6c6b2ac7f33389d0b873f8a	67	1	protagonist	0	0	_
3cefe925c6c6b2ac7f33389d0b873f8a	67	1	is	0	0	_
3cefe925c6c6b2ac7f33389d0b873f8a	67	1	not	0	0	_
3cefe925c6c6b2ac7f33389d0b873f8a	67	1	in	0	0	Interior_profile_relation
3cefe925c6c6b2ac7f33389d0b873f8a	67	1	an	0	0	_
3cefe925c6c6b2ac7f33389d0b873f8a	67	1	underground	0	0	Locative_relation
3cefe925c6c6b2ac7f33389d0b873f8a	67	1	,	0	0	_
3cefe925c6c6b2ac7f33389d0b873f8a	67	1	the	0	0	_
3cefe925c6c6b2ac7f33389d0b873f8a	67	1	underground	0	0	Locative_relation

6b26d65c6924588166df78504c484655	68	0	#	0	0	_
6b26d65c6924588166df78504c484655	68	0	not	0	0	Negation
6b26d65c6924588166df78504c484655	68	0	everything	0	0	_
6b26d65c6924588166df78504c484655	68	0	;	0	0	_
6b26d65c6924588166df78504c484655	68	0	it	0	0	_
6b26d65c6924588166df78504c484655	68	0	does	0	0	_
6b26d65c6924588166df78504c484655	68	0	not	0	0	Negation
6b26d65c6924588166df78504c484655	68	0	take	1	0	_
6b26d65c6924588166df78504c484655	68	0	the	0	0	_
6b26d65c6924588166df78504c484655	68	0	place	1	0	_
6b26d65c6924588166df78504c484655	68	0	of	0	0	_
6b26d65c6924588166df78504c484655	68	0	action	0	0	Intentionally_act
6b26d65c6924588166df78504c484655	68	0	in	1	0	_
6b26d65c6924588166df78504c484655	68	0	the	0	0	_
6b26d65c6924588166df78504c484655	68	0	very	0	0	_
6b26d65c6924588166df78504c484655	68	0	moment	0	0	_
6b26d65c6924588166df78504c484655	68	0	in	1	0	_
6b26d65c6924588166df78504c484655	68	0	which	0	0	_
6b26d65c6924588166df78504c484655	68	0	it	0	0	_
6b26d65c6924588166df78504c484655	68	0	renders	1	1	Causation
6b26d65c6924588166df78504c484655	68	0	action	0	0	Intentionally_act
6b26d65c6924588166df78504c484655	68	0	intelligible	0	0	Grasp
6b26d65c6924588166df78504c484655	68	0	.	0	0	_

6b26d65c6924588166df78504c484655	68	1	78	0	0	_
6b26d65c6924588166df78504c484655	68	1	#	0	0	_
6b26d65c6924588166df78504c484655	68	1	The	0	0	_
6b26d65c6924588166df78504c484655	68	1	absolute	0	0	_

84e11d86ca7994bb1429aee13a4cc3c4	69	0	#	0	0	_
84e11d86ca7994bb1429aee13a4cc3c4	69	0	step-by-step	0	0	_
84e11d86ca7994bb1429aee13a4cc3c4	69	0	cleanup	0	0	_
84e11d86ca7994bb1429aee13a4cc3c4	69	0	program	0	0	Project
84e11d86ca7994bb1429aee13a4cc3c4	69	0	,	0	0	_
84e11d86ca7994bb1429aee13a4cc3c4	69	0	complete	0	0	Completeness
84e11d86ca7994bb1429aee13a4cc3c4	69	0	with	0	0	_
84e11d86ca7994bb1429aee13a4cc3c4	69	0	dates	0	0	_
84e11d86ca7994bb1429aee13a4cc3c4	69	0	and	0	0	_
84e11d86ca7994bb1429aee13a4cc3c4	69	0	places	0	0	Locale
84e11d86ca7994bb1429aee13a4cc3c4	69	0	of	0	0	_
84e11d86ca7994bb1429aee13a4cc3c4	69	0	action	0	0	Intentionally_act
84e11d86ca7994bb1429aee13a4cc3c4	69	0	.	0	0	_

84e11d86ca7994bb1429aee13a4cc3c4	69	1	Three	0	0	Cardinal_numbers
84e11d86ca7994bb1429aee13a4cc3c4	69	1	days	0	0	Calendric_unit
84e11d86ca7994bb1429aee13a4cc3c4	69	1	later	0	0	Time_vector
84e11d86ca7994bb1429aee13a4cc3c4	69	1	,	0	0	_
84e11d86ca7994bb1429aee13a4cc3c4	69	1	Specter	0	0	_
84e11d86ca7994bb1429aee13a4cc3c4	69	1	reaped	1	1	Earnings_and_losses
84e11d86ca7994bb1429aee13a4cc3c4	69	1	huge	1	0	Size
84e11d86ca7994bb1429aee13a4cc3c4	69	1	press	0	0	_
84e11d86ca7994bb1429aee13a4cc3c4	69	1	coverage	0	0	_
84e11d86ca7994bb1429aee13a4cc3c4	69	1	when	0	0	Temporal_collocation
84e11d86ca7994bb1429aee13a4cc3c4	69	1	,	0	0	_
84e11d86ca7994bb1429aee13a4cc3c4	69	1	with	0	0	_
84e11d86ca7994bb1429aee13a4cc3c4	69	1	cameras	0	0	_

05673eb2030720e2a5e1f4aaa939cb2f	70	0	#	0	0	_
05673eb2030720e2a5e1f4aaa939cb2f	70	0	the	0	0	_
05673eb2030720e2a5e1f4aaa939cb2f	70	0	library	0	0	Locale_by_use
05673eb2030720e2a5e1f4aaa939cb2f	70	0	.	0	0	_

05673eb2030720e2a5e1f4aaa939cb2f	70	1	These	1	0	_
05673eb2030720e2a5e1f4aaa939cb2f	70	1	are	0	0	_
05673eb2030720e2a5e1f4aaa939cb2f	70	1	all	0	0	Quantified_mass
05673eb2030720e2a5e1f4aaa939cb2f	70	1	services	0	0	Public_services
05673eb2030720e2a5e1f4aaa939cb2f	70	1	,	0	0	_
05673eb2030720e2a5e1f4aaa939cb2f	70	1	areas	1	0	Fields
05673eb2030720e2a5e1f4aaa939cb2f	70	1	of	0	0	_
05673eb2030720e2a5e1f4aaa939cb2f	70	1	action	0	0	Intentionally_act
05673eb2030720e2a5e1f4aaa939cb2f	70	1	,	0	0	_
05673eb2030720e2a5e1f4aaa939cb2f	70	1	that	0	0	_
05673eb2030720e2a5e1f4aaa939cb2f	70	1	support	1	0	Taking_sides
05673eb2030720e2a5e1f4aaa939cb2f	70	1	the	0	0	_
05673eb2030720e2a5e1f4aaa939cb2f	70	1	broader	1	1	_
05673eb2030720e2a5e1f4aaa939cb2f	70	1	goals	1	0	Purpose
05673eb2030720e2a5e1f4aaa939cb2f	70	1	.	0	0	_

05673eb2030720e2a5e1f4aaa939cb2f	70	2	#	0	0	_
05673eb2030720e2a5e1f4aaa939cb2f	70	2	So	0	0	_
05673eb2030720e2a5e1f4aaa939cb2f	70	2	what	0	0	_
05673eb2030720e2a5e1f4aaa939cb2f	70	2	changes	0	0	Undergo_change
05673eb2030720e2a5e1f4aaa939cb2f	70	2	are	0	0	_
05673eb2030720e2a5e1f4aaa939cb2f	70	2	in	1	0	_
05673eb2030720e2a5e1f4aaa939cb2f	70	2	store	1	0	_

521dd1995e619e1a03c92379ec2420d6	71	0	#	0	0	_
521dd1995e619e1a03c92379ec2420d6	71	0	to	1	0	_
521dd1995e619e1a03c92379ec2420d6	71	0	this	1	0	_
521dd1995e619e1a03c92379ec2420d6	71	0	defensive	0	0	Defending
521dd1995e619e1a03c92379ec2420d6	71	0	formation	0	0	_
521dd1995e619e1a03c92379ec2420d6	71	0	,	0	0	_
521dd1995e619e1a03c92379ec2420d6	71	0	which	0	0	_
521dd1995e619e1a03c92379ec2420d6	71	0	restricted	0	0	Deny_or_grant_permission
521dd1995e619e1a03c92379ec2420d6	71	0	the	0	0	_
521dd1995e619e1a03c92379ec2420d6	71	0	area	0	0	Locale
521dd1995e619e1a03c92379ec2420d6	71	0	of	0	0	_
521dd1995e619e1a03c92379ec2420d6	71	0	action	0	0	Intentionally_act
521dd1995e619e1a03c92379ec2420d6	71	0	of	0	0	_
521dd1995e619e1a03c92379ec2420d6	71	0	his	0	0	_
521dd1995e619e1a03c92379ec2420d6	71	0	most	0	0	_
521dd1995e619e1a03c92379ec2420d6	71	0	effective	0	0	Usefulness
521dd1995e619e1a03c92379ec2420d6	71	0	lone-ranee	0	0	_
521dd1995e619e1a03c92379ec2420d6	71	0	weapon	1	1	Weapon
521dd1995e619e1a03c92379ec2420d6	71	0	.	0	0	_

521dd1995e619e1a03c92379ec2420d6	71	1	According	0	0	Attributed_information
521dd1995e619e1a03c92379ec2420d6	71	1	to	1	0	Attributed_information
521dd1995e619e1a03c92379ec2420d6	71	1	the	0	0	_
521dd1995e619e1a03c92379ec2420d6	71	1	evidence	0	0	Evidence
521dd1995e619e1a03c92379ec2420d6	71	1	of	0	0	_
521dd1995e619e1a03c92379ec2420d6	71	1	Villani	0	0	_
521dd1995e619e1a03c92379ec2420d6	71	1	and	0	0	_

4dcbb29645c0616b6f5f3d8b93db2983	72	0	#	0	0	_
4dcbb29645c0616b6f5f3d8b93db2983	72	0	university	0	0	Locale_by_use
4dcbb29645c0616b6f5f3d8b93db2983	72	0	,	0	0	_
4dcbb29645c0616b6f5f3d8b93db2983	72	0	which	0	0	_
4dcbb29645c0616b6f5f3d8b93db2983	72	0	visits	0	0	Arriving
4dcbb29645c0616b6f5f3d8b93db2983	72	0	provide	0	0	Supply
4dcbb29645c0616b6f5f3d8b93db2983	72	0	them	0	0	_
4dcbb29645c0616b6f5f3d8b93db2983	72	0	with	1	0	_
4dcbb29645c0616b6f5f3d8b93db2983	72	0	an	0	0	_
4dcbb29645c0616b6f5f3d8b93db2983	72	0	area	1	0	Fields
4dcbb29645c0616b6f5f3d8b93db2983	72	0	of	0	0	_
4dcbb29645c0616b6f5f3d8b93db2983	72	0	actions	0	0	Intentionally_act
4dcbb29645c0616b6f5f3d8b93db2983	72	0	which	0	0	_
4dcbb29645c0616b6f5f3d8b93db2983	72	0	steadily	0	0	_
4dcbb29645c0616b6f5f3d8b93db2983	72	0	offers	1	0	_
4dcbb29645c0616b6f5f3d8b93db2983	72	0	the	0	0	_
4dcbb29645c0616b6f5f3d8b93db2983	72	0	possibility	0	0	Likelihood
4dcbb29645c0616b6f5f3d8b93db2983	72	0	of	0	0	_
4dcbb29645c0616b6f5f3d8b93db2983	72	0	wrong	0	0	Correctness
4dcbb29645c0616b6f5f3d8b93db2983	72	0	reactions	1	0	Response
4dcbb29645c0616b6f5f3d8b93db2983	72	0	of	0	0	_
4dcbb29645c0616b6f5f3d8b93db2983	72	0	affected	0	0	Objective_influence
4dcbb29645c0616b6f5f3d8b93db2983	72	0	employees	0	0	Employing
4dcbb29645c0616b6f5f3d8b93db2983	72	0	,	0	0	_
4dcbb29645c0616b6f5f3d8b93db2983	72	0	who	0	0	_
4dcbb29645c0616b6f5f3d8b93db2983	72	0	are	0	0	_

8b994188c5126141ba03e4c3b6ca0d2b	73	0	#	0	0	_
8b994188c5126141ba03e4c3b6ca0d2b	73	0	may	0	0	Likelihood
8b994188c5126141ba03e4c3b6ca0d2b	73	0	be	0	0	_
8b994188c5126141ba03e4c3b6ca0d2b	73	0	exchanged	0	0	Exchange
8b994188c5126141ba03e4c3b6ca0d2b	73	0	and	0	0	_
8b994188c5126141ba03e4c3b6ca0d2b	73	0	when	0	0	Temporal_collocation
8b994188c5126141ba03e4c3b6ca0d2b	73	0	.	0	0	_

8b994188c5126141ba03e4c3b6ca0d2b	73	1	#	0	0	_
8b994188c5126141ba03e4c3b6ca0d2b	73	1	This	0	0	_
8b994188c5126141ba03e4c3b6ca0d2b	73	1	area	0	0	Fields
8b994188c5126141ba03e4c3b6ca0d2b	73	1	of	0	0	_
8b994188c5126141ba03e4c3b6ca0d2b	73	1	action	0	0	Intentionally_act
8b994188c5126141ba03e4c3b6ca0d2b	73	1	research	0	0	Research
8b994188c5126141ba03e4c3b6ca0d2b	73	1	and	0	0	_
8b994188c5126141ba03e4c3b6ca0d2b	73	1	analysis	0	0	Scrutiny
8b994188c5126141ba03e4c3b6ca0d2b	73	1	is	0	0	_
8b994188c5126141ba03e4c3b6ca0d2b	73	1	central	0	0	Importance
8b994188c5126141ba03e4c3b6ca0d2b	73	1	to	0	0	_
8b994188c5126141ba03e4c3b6ca0d2b	73	1	the	0	0	_
8b994188c5126141ba03e4c3b6ca0d2b	73	1	development	0	0	Progression
8b994188c5126141ba03e4c3b6ca0d2b	73	1	of	0	0	_
8b994188c5126141ba03e4c3b6ca0d2b	73	1	the	0	0	_
8b994188c5126141ba03e4c3b6ca0d2b	73	1	LQN	0	0	_
8b994188c5126141ba03e4c3b6ca0d2b	73	1	conceptual	0	0	_
8b994188c5126141ba03e4c3b6ca0d2b	73	1	model	0	0	_
8b994188c5126141ba03e4c3b6ca0d2b	73	1	,	0	0	_

041483c4d338d37fe3f32e876bbff110	74	0	#	0	0	_
041483c4d338d37fe3f32e876bbff110	74	0	study	0	0	Scrutiny
041483c4d338d37fe3f32e876bbff110	74	0	said	0	0	Statement
041483c4d338d37fe3f32e876bbff110	74	0	.	0	0	_

041483c4d338d37fe3f32e876bbff110	74	1	#	0	0	_
041483c4d338d37fe3f32e876bbff110	74	1	Furedi	0	0	_
041483c4d338d37fe3f32e876bbff110	74	1	said	0	0	Statement
041483c4d338d37fe3f32e876bbff110	74	1	one	0	0	Cardinal_numbers
041483c4d338d37fe3f32e876bbff110	74	1	key	0	0	Importance
041483c4d338d37fe3f32e876bbff110	74	1	area	1	0	Fields
041483c4d338d37fe3f32e876bbff110	74	1	of	0	0	_
041483c4d338d37fe3f32e876bbff110	74	1	action	1	0	Intentionally_act
041483c4d338d37fe3f32e876bbff110	74	1	would	0	0	_
041483c4d338d37fe3f32e876bbff110	74	1	be	0	0	_
041483c4d338d37fe3f32e876bbff110	74	1	the	0	0	_
041483c4d338d37fe3f32e876bbff110	74	1	placement	0	0	Placing
041483c4d338d37fe3f32e876bbff110	74	1	of	0	0	_
041483c4d338d37fe3f32e876bbff110	74	1	effective	0	0	Usefulness
041483c4d338d37fe3f32e876bbff110	74	1	teachers	0	0	Education_teaching
041483c4d338d37fe3f32e876bbff110	74	1	with	1	0	_
041483c4d338d37fe3f32e876bbff110	74	1	lower-performing	0	0	Position_on_a_scale
041483c4d338d37fe3f32e876bbff110	74	1	students	0	0	Education_teaching
041483c4d338d37fe3f32e876bbff110	74	1	.	0	0	_

041483c4d338d37fe3f32e876bbff110	74	2	L.A.	0	0	_
041483c4d338d37fe3f32e876bbff110	74	2	Supt	0	0	_
041483c4d338d37fe3f32e876bbff110	74	2	.	0	0	_

041483c4d338d37fe3f32e876bbff110	74	3	John	0	0	_

edc9df37bc01eac50835bbc2a9dcac57	75	0	#	0	0	_
edc9df37bc01eac50835bbc2a9dcac57	75	0	we	0	0	_
edc9df37bc01eac50835bbc2a9dcac57	75	0	all	0	0	_
edc9df37bc01eac50835bbc2a9dcac57	75	0	need	0	0	Required_event
edc9df37bc01eac50835bbc2a9dcac57	75	0	to	0	0	_
edc9df37bc01eac50835bbc2a9dcac57	75	0	pay	1	0	_
edc9df37bc01eac50835bbc2a9dcac57	75	0	attention	0	0	Attention
edc9df37bc01eac50835bbc2a9dcac57	75	0	to	1	0	_
edc9df37bc01eac50835bbc2a9dcac57	75	0	the	0	0	_
edc9df37bc01eac50835bbc2a9dcac57	75	0	areas	1	0	Fields
edc9df37bc01eac50835bbc2a9dcac57	75	0	of	0	0	_
edc9df37bc01eac50835bbc2a9dcac57	75	0	action	0	0	Intentionally_act
edc9df37bc01eac50835bbc2a9dcac57	75	0	highlighted	0	0	_
edc9df37bc01eac50835bbc2a9dcac57	75	0	in	1	0	_
edc9df37bc01eac50835bbc2a9dcac57	75	0	the	0	0	_
edc9df37bc01eac50835bbc2a9dcac57	75	0	report.	0	0	Text
edc9df37bc01eac50835bbc2a9dcac57	75	0	``	0	0	_

edc9df37bc01eac50835bbc2a9dcac57	75	1	Below	0	0	_
edc9df37bc01eac50835bbc2a9dcac57	75	1	are	0	0	_
edc9df37bc01eac50835bbc2a9dcac57	75	1	some	0	0	_
edc9df37bc01eac50835bbc2a9dcac57	75	1	of	0	0	Partitive
edc9df37bc01eac50835bbc2a9dcac57	75	1	the	0	0	_
edc9df37bc01eac50835bbc2a9dcac57	75	1	highlighted	0	0	_
edc9df37bc01eac50835bbc2a9dcac57	75	1	areas	0	0	Locale
edc9df37bc01eac50835bbc2a9dcac57	75	1	from	0	0	_

0553fea9977747fb5bebdd4271b65071	76	0	#	0	0	_
0553fea9977747fb5bebdd4271b65071	76	0	of	0	0	_
0553fea9977747fb5bebdd4271b65071	76	0	the	0	0	_
0553fea9977747fb5bebdd4271b65071	76	0	model	1	1	_
0553fea9977747fb5bebdd4271b65071	76	0	is	0	0	_
0553fea9977747fb5bebdd4271b65071	76	0	coverage	1	1	_
0553fea9977747fb5bebdd4271b65071	76	0	that	0	0	_
0553fea9977747fb5bebdd4271b65071	76	0	results	0	0	Causation
0553fea9977747fb5bebdd4271b65071	76	0	in	1	0	_
0553fea9977747fb5bebdd4271b65071	76	0	areas	1	0	Fields
0553fea9977747fb5bebdd4271b65071	76	0	of	0	0	_
0553fea9977747fb5bebdd4271b65071	76	0	action	1	0	Intentionally_act
0553fea9977747fb5bebdd4271b65071	76	0	for	0	0	_
0553fea9977747fb5bebdd4271b65071	76	0	schools	0	0	Locale_by_use
0553fea9977747fb5bebdd4271b65071	76	0	,	0	0	_
0553fea9977747fb5bebdd4271b65071	76	0	universities	0	0	Locale_by_use
0553fea9977747fb5bebdd4271b65071	76	0	,	0	0	_
0553fea9977747fb5bebdd4271b65071	76	0	and	0	0	_
0553fea9977747fb5bebdd4271b65071	76	0	general	0	0	_
0553fea9977747fb5bebdd4271b65071	76	0	education	0	0	Education_teaching
0553fea9977747fb5bebdd4271b65071	76	0	of	0	0	_
0553fea9977747fb5bebdd4271b65071	76	0	the	0	0	_
0553fea9977747fb5bebdd4271b65071	76	0	society	0	0	_
0553fea9977747fb5bebdd4271b65071	76	0	.	0	0	_

0553fea9977747fb5bebdd4271b65071	76	1	Project	0	0	Project
0553fea9977747fb5bebdd4271b65071	76	1	EILE	0	0	_

aeb1c7e8b3999387ba8decebbdd235a6	77	0	#	0	0	_
aeb1c7e8b3999387ba8decebbdd235a6	77	0	#	0	0	_
aeb1c7e8b3999387ba8decebbdd235a6	77	0	INBio	0	0	_
aeb1c7e8b3999387ba8decebbdd235a6	77	0	's	0	0	_
aeb1c7e8b3999387ba8decebbdd235a6	77	0	work	0	0	Work
aeb1c7e8b3999387ba8decebbdd235a6	77	0	focuses	0	0	Emphasizing
aeb1c7e8b3999387ba8decebbdd235a6	77	0	on	0	0	_
aeb1c7e8b3999387ba8decebbdd235a6	77	0	the	0	0	_
aeb1c7e8b3999387ba8decebbdd235a6	77	0	following	0	0	_
aeb1c7e8b3999387ba8decebbdd235a6	77	0	areas	0	0	Fields
aeb1c7e8b3999387ba8decebbdd235a6	77	0	of	0	0	_
aeb1c7e8b3999387ba8decebbdd235a6	77	0	action	0	0	Intentionally_act
aeb1c7e8b3999387ba8decebbdd235a6	77	0	:	0	0	_
aeb1c7e8b3999387ba8decebbdd235a6	77	0	inventory	0	0	Store
aeb1c7e8b3999387ba8decebbdd235a6	77	0	and	0	0	_
aeb1c7e8b3999387ba8decebbdd235a6	77	0	monitoring	0	0	Scrutiny
aeb1c7e8b3999387ba8decebbdd235a6	77	0	,	0	0	_
aeb1c7e8b3999387ba8decebbdd235a6	77	0	conservation	0	0	_
aeb1c7e8b3999387ba8decebbdd235a6	77	0	,	0	0	_
aeb1c7e8b3999387ba8decebbdd235a6	77	0	communications	0	0	Communication
aeb1c7e8b3999387ba8decebbdd235a6	77	0	and	0	0	_
aeb1c7e8b3999387ba8decebbdd235a6	77	0	education	0	0	Education_teaching
aeb1c7e8b3999387ba8decebbdd235a6	77	0	,	0	0	_
aeb1c7e8b3999387ba8decebbdd235a6	77	0	biodiversity	0	0	_
aeb1c7e8b3999387ba8decebbdd235a6	77	0	informatics	0	0	_
aeb1c7e8b3999387ba8decebbdd235a6	77	0	,	0	0	_

deb21dd66d2d1a5c1146c1f5ee3d3b5c	78	0	#	0	0	_
deb21dd66d2d1a5c1146c1f5ee3d3b5c	78	0	for	0	0	_
deb21dd66d2d1a5c1146c1f5ee3d3b5c	78	0	environmental	0	0	_
deb21dd66d2d1a5c1146c1f5ee3d3b5c	78	0	activities	0	0	Intentionally_act
deb21dd66d2d1a5c1146c1f5ee3d3b5c	78	0	.	0	0	_

deb21dd66d2d1a5c1146c1f5ee3d3b5c	78	1	JCP	0	0	_
deb21dd66d2d1a5c1146c1f5ee3d3b5c	78	1	covers	1	0	Topic
deb21dd66d2d1a5c1146c1f5ee3d3b5c	78	1	six	0	0	Cardinal_numbers
deb21dd66d2d1a5c1146c1f5ee3d3b5c	78	1	component	0	0	Ingredients
deb21dd66d2d1a5c1146c1f5ee3d3b5c	78	1	areas	1	0	Fields
deb21dd66d2d1a5c1146c1f5ee3d3b5c	78	1	of	0	0	_
deb21dd66d2d1a5c1146c1f5ee3d3b5c	78	1	action	0	0	Intentionally_act
deb21dd66d2d1a5c1146c1f5ee3d3b5c	78	1	:	0	0	_
deb21dd66d2d1a5c1146c1f5ee3d3b5c	78	1	policy	0	0	Law
deb21dd66d2d1a5c1146c1f5ee3d3b5c	78	1	,	0	0	_
deb21dd66d2d1a5c1146c1f5ee3d3b5c	78	1	legal	0	0	_
deb21dd66d2d1a5c1146c1f5ee3d3b5c	78	1	,	0	0	_
deb21dd66d2d1a5c1146c1f5ee3d3b5c	78	1	and	0	0	_
deb21dd66d2d1a5c1146c1f5ee3d3b5c	78	1	regulatory	0	0	_
deb21dd66d2d1a5c1146c1f5ee3d3b5c	78	1	reform	0	0	Reforming_a_system
deb21dd66d2d1a5c1146c1f5ee3d3b5c	78	1	;	0	0	_
deb21dd66d2d1a5c1146c1f5ee3d3b5c	78	1	institutional	0	0	Institutions
deb21dd66d2d1a5c1146c1f5ee3d3b5c	78	1	strengthening	0	0	Cause_change_of_strength
deb21dd66d2d1a5c1146c1f5ee3d3b5c	78	1	and	0	0	_
deb21dd66d2d1a5c1146c1f5ee3d3b5c	78	1	human	0	0	People
deb21dd66d2d1a5c1146c1f5ee3d3b5c	78	1	resource	1	1	_

a36801f6fe8119a7c594f33983157b4b	79	0	#	0	0	_
a36801f6fe8119a7c594f33983157b4b	79	0	.	0	0	_

a36801f6fe8119a7c594f33983157b4b	79	1	In	0	0	Interior_profile_relation
a36801f6fe8119a7c594f33983157b4b	79	1	between	0	0	Interior_profile_relation
a36801f6fe8119a7c594f33983157b4b	79	1	these	1	0	_
a36801f6fe8119a7c594f33983157b4b	79	1	two	0	0	Cardinal_numbers
a36801f6fe8119a7c594f33983157b4b	79	1	ends	1	1	_
a36801f6fe8119a7c594f33983157b4b	79	1	lies	1	0	Being_located
a36801f6fe8119a7c594f33983157b4b	79	1	the	0	0	_
a36801f6fe8119a7c594f33983157b4b	79	1	area	0	0	Fields
a36801f6fe8119a7c594f33983157b4b	79	1	of	0	0	_
a36801f6fe8119a7c594f33983157b4b	79	1	action	0	0	Intentionally_act
a36801f6fe8119a7c594f33983157b4b	79	1	research	0	0	Research
a36801f6fe8119a7c594f33983157b4b	79	1	,	0	0	_
a36801f6fe8119a7c594f33983157b4b	79	1	which	0	0	_
a36801f6fe8119a7c594f33983157b4b	79	1	does	0	0	_
a36801f6fe8119a7c594f33983157b4b	79	1	require	0	0	Have_as_requirement
a36801f6fe8119a7c594f33983157b4b	79	1	some	0	0	Proportional_quantity
a36801f6fe8119a7c594f33983157b4b	79	1	training	0	0	Education_teaching
a36801f6fe8119a7c594f33983157b4b	79	1	for	0	0	_
a36801f6fe8119a7c594f33983157b4b	79	1	the	0	0	_
a36801f6fe8119a7c594f33983157b4b	79	1	researcher	0	0	People_by_vocation
a36801f6fe8119a7c594f33983157b4b	79	1	.	0	0	_

a36801f6fe8119a7c594f33983157b4b	79	2	The	0	0	_
a36801f6fe8119a7c594f33983157b4b	79	2	use	0	0	Using
a36801f6fe8119a7c594f33983157b4b	79	2	of	0	0	_

b762e19e53932f03c17dab7a82457f40	80	0	#	0	0	_
b762e19e53932f03c17dab7a82457f40	80	0	we	0	0	_
b762e19e53932f03c17dab7a82457f40	80	0	turned	0	0	Motion
b762e19e53932f03c17dab7a82457f40	80	0	from	0	0	_
b762e19e53932f03c17dab7a82457f40	80	0	our	0	0	_
b762e19e53932f03c17dab7a82457f40	80	0	central	0	0	_
b762e19e53932f03c17dab7a82457f40	80	0	position	0	0	Posture
b762e19e53932f03c17dab7a82457f40	80	0	in	0	0	Interior_profile_relation
b762e19e53932f03c17dab7a82457f40	80	0	the	0	0	_
b762e19e53932f03c17dab7a82457f40	80	0	area	0	0	Locale
b762e19e53932f03c17dab7a82457f40	80	0	of	0	0	_
b762e19e53932f03c17dab7a82457f40	80	0	action	0	0	Intentionally_act
b762e19e53932f03c17dab7a82457f40	80	0	and	0	0	_
b762e19e53932f03c17dab7a82457f40	80	0	headed	0	0	Self_motion
b762e19e53932f03c17dab7a82457f40	80	0	fast	0	0	Speed_description
b762e19e53932f03c17dab7a82457f40	80	0	for	0	0	_
b762e19e53932f03c17dab7a82457f40	80	0	the	0	0	_
b762e19e53932f03c17dab7a82457f40	80	0	assault	0	0	Attack
b762e19e53932f03c17dab7a82457f40	80	0	area	0	0	Locale
b762e19e53932f03c17dab7a82457f40	80	0	where	0	0	Locative_relation
b762e19e53932f03c17dab7a82457f40	80	0	our	0	0	_
b762e19e53932f03c17dab7a82457f40	80	0	troops	0	0	Member_of_military
b762e19e53932f03c17dab7a82457f40	80	0	were	0	0	_
b762e19e53932f03c17dab7a82457f40	80	0	going	0	0	Motion
b762e19e53932f03c17dab7a82457f40	80	0	in	0	0	_
b762e19e53932f03c17dab7a82457f40	80	0	and	0	0	_

e19a9feab750ae1f43ea994efefc5303	81	0	#	0	0	_
e19a9feab750ae1f43ea994efefc5303	81	0	of	0	0	_
e19a9feab750ae1f43ea994efefc5303	81	0	six	0	0	Cardinal_numbers
e19a9feab750ae1f43ea994efefc5303	81	0	components	1	1	Ingredients
e19a9feab750ae1f43ea994efefc5303	81	0	that	0	0	_
e19a9feab750ae1f43ea994efefc5303	81	0	comprise	0	0	_
e19a9feab750ae1f43ea994efefc5303	81	0	broad	1	1	_
e19a9feab750ae1f43ea994efefc5303	81	0	and	0	0	_
e19a9feab750ae1f43ea994efefc5303	81	0	distinct	0	0	Similarity
e19a9feab750ae1f43ea994efefc5303	81	0	areas	1	0	Fields
e19a9feab750ae1f43ea994efefc5303	81	0	of	0	0	_
e19a9feab750ae1f43ea994efefc5303	81	0	action	1	0	Intentionally_act
e19a9feab750ae1f43ea994efefc5303	81	0	.	0	0	_

e19a9feab750ae1f43ea994efefc5303	81	1	The	0	0	_
e19a9feab750ae1f43ea994efefc5303	81	1	first	0	0	Ordinal_numbers
e19a9feab750ae1f43ea994efefc5303	81	1	component	1	1	Ingredients
e19a9feab750ae1f43ea994efefc5303	81	1	is	0	0	_
e19a9feab750ae1f43ea994efefc5303	81	1	a	0	0	_
e19a9feab750ae1f43ea994efefc5303	81	1	set	0	0	Aggregate
e19a9feab750ae1f43ea994efefc5303	81	1	of	0	0	_
e19a9feab750ae1f43ea994efefc5303	81	1	policy	0	0	Law
e19a9feab750ae1f43ea994efefc5303	81	1	,	0	0	_
e19a9feab750ae1f43ea994efefc5303	81	1	legal	0	0	_
e19a9feab750ae1f43ea994efefc5303	81	1	,	0	0	_
e19a9feab750ae1f43ea994efefc5303	81	1	and	0	0	_
e19a9feab750ae1f43ea994efefc5303	81	1	regulatory	0	0	_

c132e54a9ff331c10b84067d82824500	82	0	#	0	0	_
c132e54a9ff331c10b84067d82824500	82	0	.	0	0	_

c132e54a9ff331c10b84067d82824500	82	1	He	0	0	_
c132e54a9ff331c10b84067d82824500	82	1	said	0	0	Statement
c132e54a9ff331c10b84067d82824500	82	1	he	0	0	_
c132e54a9ff331c10b84067d82824500	82	1	has	0	0	_
c132e54a9ff331c10b84067d82824500	82	1	altered	0	0	Cause_change
c132e54a9ff331c10b84067d82824500	82	1	the	0	0	_
c132e54a9ff331c10b84067d82824500	82	1	customary	0	0	Custom
c132e54a9ff331c10b84067d82824500	82	1	setting	1	1	_
c132e54a9ff331c10b84067d82824500	82	1	of	0	0	_
c132e54a9ff331c10b84067d82824500	82	1	Act	0	0	_
c132e54a9ff331c10b84067d82824500	82	1	1	0	0	_
c132e54a9ff331c10b84067d82824500	82	1	:	0	0	_
c132e54a9ff331c10b84067d82824500	82	1	Instead	0	0	_
c132e54a9ff331c10b84067d82824500	82	1	of	0	0	_
c132e54a9ff331c10b84067d82824500	82	1	being	0	0	_
c132e54a9ff331c10b84067d82824500	82	1	shabby	0	0	_
c132e54a9ff331c10b84067d82824500	82	1	,	0	0	_
c132e54a9ff331c10b84067d82824500	82	1	the	0	0	_
c132e54a9ff331c10b84067d82824500	82	1	Waldners	0	0	_
c132e54a9ff331c10b84067d82824500	82	1	'	0	0	_
c132e54a9ff331c10b84067d82824500	82	1	hotel	0	0	Buildings
c132e54a9ff331c10b84067d82824500	82	1	suite	0	0	Building_subparts
c132e54a9ff331c10b84067d82824500	82	1	is	0	0	_
c132e54a9ff331c10b84067d82824500	82	1	quite	0	0	_

6f56006e7f7f0c7b377e651e4ffa269f	83	0	#	0	0	_
6f56006e7f7f0c7b377e651e4ffa269f	83	0	.	0	0	_

6f56006e7f7f0c7b377e651e4ffa269f	83	1	#	0	0	_
6f56006e7f7f0c7b377e651e4ffa269f	83	1	It	0	0	_
6f56006e7f7f0c7b377e651e4ffa269f	83	1	is	0	0	_
6f56006e7f7f0c7b377e651e4ffa269f	83	1	from	1	0	_
6f56006e7f7f0c7b377e651e4ffa269f	83	1	this	1	0	_
6f56006e7f7f0c7b377e651e4ffa269f	83	1	kind	0	0	Type
6f56006e7f7f0c7b377e651e4ffa269f	83	1	of	0	0	_
6f56006e7f7f0c7b377e651e4ffa269f	83	1	setting	1	1	_
6f56006e7f7f0c7b377e651e4ffa269f	83	1	of	0	0	_
6f56006e7f7f0c7b377e651e4ffa269f	83	1	actors	0	0	Performers_and_roles
6f56006e7f7f0c7b377e651e4ffa269f	83	1	in	1	0	_
6f56006e7f7f0c7b377e651e4ffa269f	83	1	a	0	0	_
6f56006e7f7f0c7b377e651e4ffa269f	83	1	real-life	0	0	_
6f56006e7f7f0c7b377e651e4ffa269f	83	1	situation	1	1	_
6f56006e7f7f0c7b377e651e4ffa269f	83	1	,	0	0	_
6f56006e7f7f0c7b377e651e4ffa269f	83	1	that	0	0	_
6f56006e7f7f0c7b377e651e4ffa269f	83	1	that	0	0	_
6f56006e7f7f0c7b377e651e4ffa269f	83	1	categories	0	0	Type
6f56006e7f7f0c7b377e651e4ffa269f	83	1	of	0	0	_
6f56006e7f7f0c7b377e651e4ffa269f	83	1	meaning	0	0	_
6f56006e7f7f0c7b377e651e4ffa269f	83	1	of	0	0	_
6f56006e7f7f0c7b377e651e4ffa269f	83	1	events	0	0	Event
6f56006e7f7f0c7b377e651e4ffa269f	83	1	or	0	0	_
6f56006e7f7f0c7b377e651e4ffa269f	83	1	conditions	0	0	State_of_entity

111dce149fbb0b3dd26d025d9ed543a4	84	0	#	0	0	_
111dce149fbb0b3dd26d025d9ed543a4	84	0	reason	0	0	Causation
111dce149fbb0b3dd26d025d9ed543a4	84	0	for	0	0	Causation
111dce149fbb0b3dd26d025d9ed543a4	84	0	the	0	0	_
111dce149fbb0b3dd26d025d9ed543a4	84	0	lack	0	0	Possession
111dce149fbb0b3dd26d025d9ed543a4	84	0	of	0	0	_
111dce149fbb0b3dd26d025d9ed543a4	84	0	involvement	0	0	Participation
111dce149fbb0b3dd26d025d9ed543a4	84	0	,	0	0	_
111dce149fbb0b3dd26d025d9ed543a4	84	0	whether	0	0	_
111dce149fbb0b3dd26d025d9ed543a4	84	0	in	1	0	_
111dce149fbb0b3dd26d025d9ed543a4	84	0	the	0	0	_
111dce149fbb0b3dd26d025d9ed543a4	84	0	sphere	1	1	_
111dce149fbb0b3dd26d025d9ed543a4	84	0	of	0	0	_
111dce149fbb0b3dd26d025d9ed543a4	84	0	relationships	0	0	Relation
111dce149fbb0b3dd26d025d9ed543a4	84	0	or	0	0	_
111dce149fbb0b3dd26d025d9ed543a4	84	0	other	0	0	Increment
111dce149fbb0b3dd26d025d9ed543a4	84	0	areas	1	0	Fields
111dce149fbb0b3dd26d025d9ed543a4	84	0	of	0	0	_
111dce149fbb0b3dd26d025d9ed543a4	84	0	society	0	0	_
111dce149fbb0b3dd26d025d9ed543a4	84	0	.	0	0	_

111dce149fbb0b3dd26d025d9ed543a4	84	1	#	0	0	_
111dce149fbb0b3dd26d025d9ed543a4	84	1	Lack	0	0	Possession
111dce149fbb0b3dd26d025d9ed543a4	84	1	of	0	0	_
111dce149fbb0b3dd26d025d9ed543a4	84	1	commitment	0	0	Commitment
111dce149fbb0b3dd26d025d9ed543a4	84	1	is	0	0	_
111dce149fbb0b3dd26d025d9ed543a4	84	1	one	0	0	Cardinal_numbers

62afa53fd8c3c4a569145478189998d8	85	0	#	0	0	_
62afa53fd8c3c4a569145478189998d8	85	0	I	0	0	_
62afa53fd8c3c4a569145478189998d8	85	0	ca	0	0	Possibility
62afa53fd8c3c4a569145478189998d8	85	0	n't	0	0	_
62afa53fd8c3c4a569145478189998d8	85	0	name	0	0	Communicate_categorization
62afa53fd8c3c4a569145478189998d8	85	0	a	0	0	_
62afa53fd8c3c4a569145478189998d8	85	0	single	0	0	Sole_instance
62afa53fd8c3c4a569145478189998d8	85	0	Christian	0	0	People_by_religion
62afa53fd8c3c4a569145478189998d8	85	0	woman	0	0	People
62afa53fd8c3c4a569145478189998d8	85	0	in	1	0	Interior_profile_relation
62afa53fd8c3c4a569145478189998d8	85	0	my	0	0	_
62afa53fd8c3c4a569145478189998d8	85	0	sphere	1	1	_
62afa53fd8c3c4a569145478189998d8	85	0	of	0	0	_
62afa53fd8c3c4a569145478189998d8	85	0	relationships	0	0	Personal_relationship
62afa53fd8c3c4a569145478189998d8	85	0	that	0	0	_
62afa53fd8c3c4a569145478189998d8	85	0	reads	0	0	Reading_activity
62afa53fd8c3c4a569145478189998d8	85	0	these	1	0	_
62afa53fd8c3c4a569145478189998d8	85	0	books	0	0	Text
62afa53fd8c3c4a569145478189998d8	85	0	either	0	0	_
62afa53fd8c3c4a569145478189998d8	85	0	.	0	0	_

62afa53fd8c3c4a569145478189998d8	85	1	They	0	0	_
62afa53fd8c3c4a569145478189998d8	85	1	read	0	0	Reading_activity
62afa53fd8c3c4a569145478189998d8	85	1	secularly	0	0	_
62afa53fd8c3c4a569145478189998d8	85	1	published	0	0	_
62afa53fd8c3c4a569145478189998d8	85	1	books	0	0	Text
62afa53fd8c3c4a569145478189998d8	85	1	because	0	0	Causation

62afa53fd8c3c4a569145478189998d8	86	0	#	0	0	_
62afa53fd8c3c4a569145478189998d8	86	0	I	0	0	_
62afa53fd8c3c4a569145478189998d8	86	0	ca	0	0	Possibility
62afa53fd8c3c4a569145478189998d8	86	0	n't	0	0	_
62afa53fd8c3c4a569145478189998d8	86	0	name	0	0	Communicate_categorization
62afa53fd8c3c4a569145478189998d8	86	0	a	0	0	_
62afa53fd8c3c4a569145478189998d8	86	0	single	0	0	Sole_instance
62afa53fd8c3c4a569145478189998d8	86	0	Christian	0	0	People_by_religion
62afa53fd8c3c4a569145478189998d8	86	0	woman	0	0	People
62afa53fd8c3c4a569145478189998d8	86	0	in	1	0	Interior_profile_relation
62afa53fd8c3c4a569145478189998d8	86	0	my	0	0	_
62afa53fd8c3c4a569145478189998d8	86	0	sphere	1	1	_
62afa53fd8c3c4a569145478189998d8	86	0	of	0	0	_
62afa53fd8c3c4a569145478189998d8	86	0	relationships	0	0	Personal_relationship
62afa53fd8c3c4a569145478189998d8	86	0	that	0	0	_
62afa53fd8c3c4a569145478189998d8	86	0	reads	0	0	Reading_activity
62afa53fd8c3c4a569145478189998d8	86	0	these	1	0	_
62afa53fd8c3c4a569145478189998d8	86	0	books	0	0	Text
62afa53fd8c3c4a569145478189998d8	86	0	either	0	0	_
62afa53fd8c3c4a569145478189998d8	86	0	.	0	0	_

62afa53fd8c3c4a569145478189998d8	86	1	They	0	0	_
62afa53fd8c3c4a569145478189998d8	86	1	read	0	0	Reading_activity
62afa53fd8c3c4a569145478189998d8	86	1	secularly	0	0	_
62afa53fd8c3c4a569145478189998d8	86	1	published	0	0	_
62afa53fd8c3c4a569145478189998d8	86	1	books	0	0	Text
62afa53fd8c3c4a569145478189998d8	86	1	because	0	0	Causation

b132ddf5884fbc5a19d7f8599ce66103	87	0	#	0	0	_
b132ddf5884fbc5a19d7f8599ce66103	87	0	paycheck	0	0	_
b132ddf5884fbc5a19d7f8599ce66103	87	0	once	0	0	Event_instance
b132ddf5884fbc5a19d7f8599ce66103	87	0	a	0	0	_
b132ddf5884fbc5a19d7f8599ce66103	87	0	week	0	0	Calendric_unit
b132ddf5884fbc5a19d7f8599ce66103	87	0	.	0	0	_

b132ddf5884fbc5a19d7f8599ce66103	87	1	Believe	0	0	Certainty
b132ddf5884fbc5a19d7f8599ce66103	87	1	you	0	0	_
b132ddf5884fbc5a19d7f8599ce66103	87	1	me	0	0	_
b132ddf5884fbc5a19d7f8599ce66103	87	1	.	0	0	_

b132ddf5884fbc5a19d7f8599ce66103	87	2	The	0	0	_
b132ddf5884fbc5a19d7f8599ce66103	87	2	boundaries	1	1	Boundary
b132ddf5884fbc5a19d7f8599ce66103	87	2	of	0	0	_
b132ddf5884fbc5a19d7f8599ce66103	87	2	relationships	0	0	Personal_relationship
b132ddf5884fbc5a19d7f8599ce66103	87	2	are	0	0	_
b132ddf5884fbc5a19d7f8599ce66103	87	2	a	0	0	_
b132ddf5884fbc5a19d7f8599ce66103	87	2	farce	0	0	_
b132ddf5884fbc5a19d7f8599ce66103	87	2	.	0	0	_

b132ddf5884fbc5a19d7f8599ce66103	87	3	You	0	0	_
b132ddf5884fbc5a19d7f8599ce66103	87	3	know	0	0	Awareness
b132ddf5884fbc5a19d7f8599ce66103	87	3	,	0	0	_
b132ddf5884fbc5a19d7f8599ce66103	87	3	they	0	0	_
b132ddf5884fbc5a19d7f8599ce66103	87	3	're	0	0	_
b132ddf5884fbc5a19d7f8599ce66103	87	3	just	0	0	_
b132ddf5884fbc5a19d7f8599ce66103	87	3	like	0	0	Similarity
b132ddf5884fbc5a19d7f8599ce66103	87	3	,	0	0	_

79fa0f1aa9d8563f52272931a06934b2	88	0	#	0	0	_
79fa0f1aa9d8563f52272931a06934b2	88	0	started.	0	0	Process_start
79fa0f1aa9d8563f52272931a06934b2	88	0	``	0	0	_

79fa0f1aa9d8563f52272931a06934b2	88	1	What	0	0	_
79fa0f1aa9d8563f52272931a06934b2	88	1	is	0	0	_
79fa0f1aa9d8563f52272931a06934b2	88	1	the	0	0	_
79fa0f1aa9d8563f52272931a06934b2	88	1	significance	0	0	Importance
79fa0f1aa9d8563f52272931a06934b2	88	1	of	0	0	_
79fa0f1aa9d8563f52272931a06934b2	88	1	those	1	0	_
79fa0f1aa9d8563f52272931a06934b2	88	1	three	0	0	Cardinal_numbers
79fa0f1aa9d8563f52272931a06934b2	88	1	spheres	1	1	_
79fa0f1aa9d8563f52272931a06934b2	88	1	of	0	0	_
79fa0f1aa9d8563f52272931a06934b2	88	1	power	1	1	Leadership
79fa0f1aa9d8563f52272931a06934b2	88	1	?	0	0	_

79fa0f1aa9d8563f52272931a06934b2	88	2	Why	0	0	_
79fa0f1aa9d8563f52272931a06934b2	88	2	not	0	0	_
79fa0f1aa9d8563f52272931a06934b2	88	2	the	0	0	_
79fa0f1aa9d8563f52272931a06934b2	88	2	others	0	0	Increment
79fa0f1aa9d8563f52272931a06934b2	88	2	?	0	0	_
79fa0f1aa9d8563f52272931a06934b2	88	2	``	0	0	_

79fa0f1aa9d8563f52272931a06934b2	88	3	#	0	0	_
79fa0f1aa9d8563f52272931a06934b2	88	3	He	0	0	_
79fa0f1aa9d8563f52272931a06934b2	88	3	smirked.	0	0	Making_faces
79fa0f1aa9d8563f52272931a06934b2	88	3	``	0	0	_

5e13f43195c0d6d4f222f455992d67f0	89	0	#	0	0	_
5e13f43195c0d6d4f222f455992d67f0	89	0	certainly	0	0	Likelihood
5e13f43195c0d6d4f222f455992d67f0	89	0	also	0	0	_
5e13f43195c0d6d4f222f455992d67f0	89	0	reflected	1	1	_
5e13f43195c0d6d4f222f455992d67f0	89	0	the	0	0	_
5e13f43195c0d6d4f222f455992d67f0	89	0	southward	0	0	Direction
5e13f43195c0d6d4f222f455992d67f0	89	0	shift	1	0	Change_position_on_a_scale
5e13f43195c0d6d4f222f455992d67f0	89	0	in	1	0	_
5e13f43195c0d6d4f222f455992d67f0	89	0	the	0	0	_
5e13f43195c0d6d4f222f455992d67f0	89	0	Campbells	0	0	_
5e13f43195c0d6d4f222f455992d67f0	89	0	'	0	0	_
5e13f43195c0d6d4f222f455992d67f0	89	0	sphere	1	1	_
5e13f43195c0d6d4f222f455992d67f0	89	0	of	0	0	_
5e13f43195c0d6d4f222f455992d67f0	89	0	power	1	0	Leadership
5e13f43195c0d6d4f222f455992d67f0	89	0	and	0	0	_
5e13f43195c0d6d4f222f455992d67f0	89	0	influence	0	0	Objective_influence
5e13f43195c0d6d4f222f455992d67f0	89	0	from	0	0	_
5e13f43195c0d6d4f222f455992d67f0	89	0	the	0	0	_
5e13f43195c0d6d4f222f455992d67f0	89	0	Loch	0	0	_
5e13f43195c0d6d4f222f455992d67f0	89	0	Awe	0	0	_
5e13f43195c0d6d4f222f455992d67f0	89	0	area	0	0	Locale
5e13f43195c0d6d4f222f455992d67f0	89	0	to	0	0	_
5e13f43195c0d6d4f222f455992d67f0	89	0	mid-Argyll	0	0	Temporal_subregion
5e13f43195c0d6d4f222f455992d67f0	89	0	and	0	0	_
5e13f43195c0d6d4f222f455992d67f0	89	0	Cowal	0	0	_
5e13f43195c0d6d4f222f455992d67f0	89	0	,	0	0	_

af306591ff4afeab6b51fa5ad21d5ca4	90	0	#	0	0	_
af306591ff4afeab6b51fa5ad21d5ca4	90	0	run	0	0	Leadership
af306591ff4afeab6b51fa5ad21d5ca4	90	0	for	0	0	_
af306591ff4afeab6b51fa5ad21d5ca4	90	0	public	0	0	_
af306591ff4afeab6b51fa5ad21d5ca4	90	0	office	0	0	Leadership
af306591ff4afeab6b51fa5ad21d5ca4	90	0	.	0	0	_

af306591ff4afeab6b51fa5ad21d5ca4	90	1	#	0	0	_
af306591ff4afeab6b51fa5ad21d5ca4	90	1	The	0	0	_
af306591ff4afeab6b51fa5ad21d5ca4	90	1	Supreme	0	0	_
af306591ff4afeab6b51fa5ad21d5ca4	90	1	Leader	0	0	Leadership
af306591ff4afeab6b51fa5ad21d5ca4	90	1	's	0	0	_
af306591ff4afeab6b51fa5ad21d5ca4	90	1	sphere	1	1	_
af306591ff4afeab6b51fa5ad21d5ca4	90	1	of	0	0	_
af306591ff4afeab6b51fa5ad21d5ca4	90	1	power	1	0	Leadership
af306591ff4afeab6b51fa5ad21d5ca4	90	1	is	0	0	_
af306591ff4afeab6b51fa5ad21d5ca4	90	1	extended	1	1	_
af306591ff4afeab6b51fa5ad21d5ca4	90	1	through	1	0	_
af306591ff4afeab6b51fa5ad21d5ca4	90	1	his	0	0	_
af306591ff4afeab6b51fa5ad21d5ca4	90	1	representatives	0	0	Leadership
af306591ff4afeab6b51fa5ad21d5ca4	90	1	,	0	0	_
af306591ff4afeab6b51fa5ad21d5ca4	90	1	an	0	0	_
af306591ff4afeab6b51fa5ad21d5ca4	90	1	estimated	0	0	Estimating
af306591ff4afeab6b51fa5ad21d5ca4	90	1	2,000	0	0	_
af306591ff4afeab6b51fa5ad21d5ca4	90	1	of	0	0	Partitive
af306591ff4afeab6b51fa5ad21d5ca4	90	1	whom	0	0	_
af306591ff4afeab6b51fa5ad21d5ca4	90	1	are	0	0	_

14270609d0c4493f015b88209367409a	91	0	#	0	0	_
14270609d0c4493f015b88209367409a	91	0	,	0	0	_
14270609d0c4493f015b88209367409a	91	0	far	0	0	_
14270609d0c4493f015b88209367409a	91	0	from	0	0	_
14270609d0c4493f015b88209367409a	91	0	the	0	0	_
14270609d0c4493f015b88209367409a	91	0	captain	0	0	_
14270609d0c4493f015b88209367409a	91	0	's	0	0	_
14270609d0c4493f015b88209367409a	91	0	table	0	0	_
14270609d0c4493f015b88209367409a	91	0	and	0	0	_
14270609d0c4493f015b88209367409a	91	0	any	0	0	Quantified_mass
14270609d0c4493f015b88209367409a	91	0	other	0	0	Increment
14270609d0c4493f015b88209367409a	91	0	sphere	1	1	_
14270609d0c4493f015b88209367409a	91	0	of	0	0	_
14270609d0c4493f015b88209367409a	91	0	power	1	0	Leadership
14270609d0c4493f015b88209367409a	91	0	.	0	0	_

14270609d0c4493f015b88209367409a	91	1	Nonetheless	0	0	_
14270609d0c4493f015b88209367409a	91	1	,	0	0	_
14270609d0c4493f015b88209367409a	91	1	it	0	0	_
14270609d0c4493f015b88209367409a	91	1	is	0	0	_
14270609d0c4493f015b88209367409a	91	1	populated	1	1	Abounding_with
14270609d0c4493f015b88209367409a	91	1	with	1	0	_
14270609d0c4493f015b88209367409a	91	1	compelling	0	0	Stimulus_focus
14270609d0c4493f015b88209367409a	91	1	characters	0	0	_
14270609d0c4493f015b88209367409a	91	1	,	0	0	_
14270609d0c4493f015b88209367409a	91	1	including	0	0	Inclusion
14270609d0c4493f015b88209367409a	91	1	a	0	0	_

92e9341c8f3e7509374a66dbbcdad4cb	92	0	#	0	0	_
92e9341c8f3e7509374a66dbbcdad4cb	92	0	(	0	0	_
92e9341c8f3e7509374a66dbbcdad4cb	92	0	n21	0	0	_
92e9341c8f3e7509374a66dbbcdad4cb	92	0	)	0	0	_
92e9341c8f3e7509374a66dbbcdad4cb	92	0	Rather	0	0	_
92e9341c8f3e7509374a66dbbcdad4cb	92	0	than	0	0	_
92e9341c8f3e7509374a66dbbcdad4cb	92	0	tracing	1	1	_
92e9341c8f3e7509374a66dbbcdad4cb	92	0	the	0	0	_
92e9341c8f3e7509374a66dbbcdad4cb	92	0	boundaries	1	1	Boundary
92e9341c8f3e7509374a66dbbcdad4cb	92	0	of	0	0	_
92e9341c8f3e7509374a66dbbcdad4cb	92	0	gendered	0	0	_
92e9341c8f3e7509374a66dbbcdad4cb	92	0	spheres	1	1	_
92e9341c8f3e7509374a66dbbcdad4cb	92	0	of	0	0	_
92e9341c8f3e7509374a66dbbcdad4cb	92	0	power	1	1	Leadership
92e9341c8f3e7509374a66dbbcdad4cb	92	0	,	0	0	_
92e9341c8f3e7509374a66dbbcdad4cb	92	0	these	1	0	_
92e9341c8f3e7509374a66dbbcdad4cb	92	0	female	0	0	_
92e9341c8f3e7509374a66dbbcdad4cb	92	0	hagiographers	0	0	_
92e9341c8f3e7509374a66dbbcdad4cb	92	0	were	0	0	_
92e9341c8f3e7509374a66dbbcdad4cb	92	0	interested	0	0	Desiring
92e9341c8f3e7509374a66dbbcdad4cb	92	0	in	1	0	_
92e9341c8f3e7509374a66dbbcdad4cb	92	0	legitimating	0	0	_
92e9341c8f3e7509374a66dbbcdad4cb	92	0	institutional	0	0	Institutions
92e9341c8f3e7509374a66dbbcdad4cb	92	0	legacies	0	0	_
92e9341c8f3e7509374a66dbbcdad4cb	92	0	left	1	0	Abandonment
92e9341c8f3e7509374a66dbbcdad4cb	92	0	behind	1	0	Abandonment

f4b095dea08d376ba770c757ea80de06	93	0	#	0	0	_
f4b095dea08d376ba770c757ea80de06	93	0	and	0	0	_
f4b095dea08d376ba770c757ea80de06	93	0	exhibition	0	0	_
f4b095dea08d376ba770c757ea80de06	93	0	content	0	0	_
f4b095dea08d376ba770c757ea80de06	93	0	,	0	0	_
f4b095dea08d376ba770c757ea80de06	93	0	national	0	0	Political_locales
f4b095dea08d376ba770c757ea80de06	93	0	museums	0	0	Locale_by_use
f4b095dea08d376ba770c757ea80de06	93	0	reveal	1	1	Evidence
f4b095dea08d376ba770c757ea80de06	93	0	the	0	0	_
f4b095dea08d376ba770c757ea80de06	93	0	nation-state	0	0	Political_locales
f4b095dea08d376ba770c757ea80de06	93	0	's	0	0	_
f4b095dea08d376ba770c757ea80de06	93	0	spheres	1	1	_
f4b095dea08d376ba770c757ea80de06	93	0	of	0	0	_
f4b095dea08d376ba770c757ea80de06	93	0	power	1	0	Leadership
f4b095dea08d376ba770c757ea80de06	93	0	and	0	0	_
f4b095dea08d376ba770c757ea80de06	93	0	influence	0	0	Objective_influence
f4b095dea08d376ba770c757ea80de06	93	0	.	0	0	_

f4b095dea08d376ba770c757ea80de06	93	1	National	0	0	Political_locales
f4b095dea08d376ba770c757ea80de06	93	1	museums	0	0	Locale_by_use
f4b095dea08d376ba770c757ea80de06	93	1	exist	0	0	Existence
f4b095dea08d376ba770c757ea80de06	93	1	to	0	0	_
f4b095dea08d376ba770c757ea80de06	93	1	communicate	1	1	Communication
f4b095dea08d376ba770c757ea80de06	93	1	official	0	0	_
f4b095dea08d376ba770c757ea80de06	93	1	meanings	0	0	_
f4b095dea08d376ba770c757ea80de06	93	1	,	0	0	_
f4b095dea08d376ba770c757ea80de06	93	1	and	0	0	_

bfbb69ac73e2f9b5a5424ea8a4783858	94	0	#	0	0	_
bfbb69ac73e2f9b5a5424ea8a4783858	94	0	moment	0	0	_
bfbb69ac73e2f9b5a5424ea8a4783858	94	0	of	0	0	_
bfbb69ac73e2f9b5a5424ea8a4783858	94	0	his	0	0	_
bfbb69ac73e2f9b5a5424ea8a4783858	94	0	stay	1	1	Residence
bfbb69ac73e2f9b5a5424ea8a4783858	94	0	in	1	0	_
bfbb69ac73e2f9b5a5424ea8a4783858	94	0	that	1	0	_
bfbb69ac73e2f9b5a5424ea8a4783858	94	0	exile	0	0	Escaping
bfbb69ac73e2f9b5a5424ea8a4783858	94	0	from	1	0	_
bfbb69ac73e2f9b5a5424ea8a4783858	94	0	his	0	0	_
bfbb69ac73e2f9b5a5424ea8a4783858	94	0	former	0	0	Time_vector
bfbb69ac73e2f9b5a5424ea8a4783858	94	0	sphere	1	1	_
bfbb69ac73e2f9b5a5424ea8a4783858	94	0	of	0	0	_
bfbb69ac73e2f9b5a5424ea8a4783858	94	0	power	1	1	Leadership
bfbb69ac73e2f9b5a5424ea8a4783858	94	0	,	0	0	_
bfbb69ac73e2f9b5a5424ea8a4783858	94	0	and	0	0	_
bfbb69ac73e2f9b5a5424ea8a4783858	94	0	he	0	0	_
bfbb69ac73e2f9b5a5424ea8a4783858	94	0	had	0	0	_
bfbb69ac73e2f9b5a5424ea8a4783858	94	0	agreed	0	0	Make_agreement_on_action
bfbb69ac73e2f9b5a5424ea8a4783858	94	0	to	0	0	_
bfbb69ac73e2f9b5a5424ea8a4783858	94	0	take	1	0	_
bfbb69ac73e2f9b5a5424ea8a4783858	94	0	early	0	0	Relative_time
bfbb69ac73e2f9b5a5424ea8a4783858	94	0	retirement	0	0	_
bfbb69ac73e2f9b5a5424ea8a4783858	94	0	to	0	0	_
bfbb69ac73e2f9b5a5424ea8a4783858	94	0	get	0	0	_
bfbb69ac73e2f9b5a5424ea8a4783858	94	0	quit	0	0	Withdraw_from_participation

7f502b52af9e735ad0d30993d6ae4ba9	95	0	#	0	0	_
7f502b52af9e735ad0d30993d6ae4ba9	95	0	remedy	0	0	Cure
7f502b52af9e735ad0d30993d6ae4ba9	95	0	constitutional	0	0	_
7f502b52af9e735ad0d30993d6ae4ba9	95	0	violations	0	0	Compliance
7f502b52af9e735ad0d30993d6ae4ba9	95	0	.	0	0	_

7f502b52af9e735ad0d30993d6ae4ba9	95	1	#	0	0	_
7f502b52af9e735ad0d30993d6ae4ba9	95	1	When	0	0	Temporal_collocation
7f502b52af9e735ad0d30993d6ae4ba9	95	1	Congress	0	0	_
7f502b52af9e735ad0d30993d6ae4ba9	95	1	acts	1	0	Intentionally_act
7f502b52af9e735ad0d30993d6ae4ba9	95	1	within	1	0	_
7f502b52af9e735ad0d30993d6ae4ba9	95	1	its	0	0	_
7f502b52af9e735ad0d30993d6ae4ba9	95	1	sphere	1	1	_
7f502b52af9e735ad0d30993d6ae4ba9	95	1	of	0	0	_
7f502b52af9e735ad0d30993d6ae4ba9	95	1	power	1	0	Leadership
7f502b52af9e735ad0d30993d6ae4ba9	95	1	and	0	0	_
7f502b52af9e735ad0d30993d6ae4ba9	95	1	responsibilities	0	0	Being_obligated
7f502b52af9e735ad0d30993d6ae4ba9	95	1	,	0	0	_
7f502b52af9e735ad0d30993d6ae4ba9	95	1	it	0	0	_
7f502b52af9e735ad0d30993d6ae4ba9	95	1	has	1	0	Possession
7f502b52af9e735ad0d30993d6ae4ba9	95	1	not	0	0	_
7f502b52af9e735ad0d30993d6ae4ba9	95	1	just	0	0	_
7f502b52af9e735ad0d30993d6ae4ba9	95	1	the	0	0	_
7f502b52af9e735ad0d30993d6ae4ba9	95	1	right	0	0	Correctness
7f502b52af9e735ad0d30993d6ae4ba9	95	1	but	0	0	_
7f502b52af9e735ad0d30993d6ae4ba9	95	1	the	0	0	_
7f502b52af9e735ad0d30993d6ae4ba9	95	1	duty	0	0	Being_obligated

d2fb93df68184a069958cbe9608f9490	96	0	#	0	0	_
d2fb93df68184a069958cbe9608f9490	96	0	their	0	0	_
d2fb93df68184a069958cbe9608f9490	96	0	fiefdoms	0	0	Political_locales
d2fb93df68184a069958cbe9608f9490	96	0	.	0	0	_

d2fb93df68184a069958cbe9608f9490	96	1	#	0	0	_
d2fb93df68184a069958cbe9608f9490	96	1	The	0	0	_
d2fb93df68184a069958cbe9608f9490	96	1	state	0	0	Political_locales
d2fb93df68184a069958cbe9608f9490	96	1	contends	1	1	Hostile_encounter
d2fb93df68184a069958cbe9608f9490	96	1	with	1	0	_
d2fb93df68184a069958cbe9608f9490	96	1	virtually	0	0	_
d2fb93df68184a069958cbe9608f9490	96	1	independent	0	0	_
d2fb93df68184a069958cbe9608f9490	96	1	spheres	1	1	_
d2fb93df68184a069958cbe9608f9490	96	1	of	0	0	_
d2fb93df68184a069958cbe9608f9490	96	1	power	1	1	Leadership
d2fb93df68184a069958cbe9608f9490	96	1	which	0	0	_
d2fb93df68184a069958cbe9608f9490	96	1	have	1	0	Have_associated
d2fb93df68184a069958cbe9608f9490	96	1	territorial	0	0	_
d2fb93df68184a069958cbe9608f9490	96	1	control	1	0	Being_in_control
d2fb93df68184a069958cbe9608f9490	96	1	,	0	0	_
d2fb93df68184a069958cbe9608f9490	96	1	examples	0	0	Instance
d2fb93df68184a069958cbe9608f9490	96	1	of	0	0	_
d2fb93df68184a069958cbe9608f9490	96	1	which	0	0	_
d2fb93df68184a069958cbe9608f9490	96	1	exist	0	0	Existence
d2fb93df68184a069958cbe9608f9490	96	1	not	0	0	_
d2fb93df68184a069958cbe9608f9490	96	1	only	0	0	_
d2fb93df68184a069958cbe9608f9490	96	1	outside	1	0	Part_inner_outer

a16d27b016dde1531c2848e3e834dd3e	97	0	#	0	0	_
a16d27b016dde1531c2848e3e834dd3e	97	0	also	0	0	_
a16d27b016dde1531c2848e3e834dd3e	97	0	in	0	0	Interior_profile_relation
a16d27b016dde1531c2848e3e834dd3e	97	0	the	0	0	_
a16d27b016dde1531c2848e3e834dd3e	97	0	urban	0	0	Locale_by_use
a16d27b016dde1531c2848e3e834dd3e	97	0	slums	0	0	Locale_by_use
a16d27b016dde1531c2848e3e834dd3e	97	0	of	0	0	_
a16d27b016dde1531c2848e3e834dd3e	97	0	Cairo	0	0	_
a16d27b016dde1531c2848e3e834dd3e	97	0	.	0	0	_

a16d27b016dde1531c2848e3e834dd3e	97	1	The	0	0	_
a16d27b016dde1531c2848e3e834dd3e	97	1	independent	0	0	_
a16d27b016dde1531c2848e3e834dd3e	97	1	spheres	1	1	_
a16d27b016dde1531c2848e3e834dd3e	97	1	of	0	0	_
a16d27b016dde1531c2848e3e834dd3e	97	1	power	1	1	Leadership
a16d27b016dde1531c2848e3e834dd3e	97	1	that	0	0	_
a16d27b016dde1531c2848e3e834dd3e	97	1	Imbaba	0	0	_
a16d27b016dde1531c2848e3e834dd3e	97	1	and	0	0	_
a16d27b016dde1531c2848e3e834dd3e	97	1	Ain	0	0	_
a16d27b016dde1531c2848e3e834dd3e	97	1	Shams	0	0	_
a16d27b016dde1531c2848e3e834dd3e	97	1	represent	0	0	Communicate_categorization
a16d27b016dde1531c2848e3e834dd3e	97	1	,	0	0	_
a16d27b016dde1531c2848e3e834dd3e	97	1	predate	0	0	Relative_time
a16d27b016dde1531c2848e3e834dd3e	97	1	their	0	0	_
a16d27b016dde1531c2848e3e834dd3e	97	1	being	0	0	_
a16d27b016dde1531c2848e3e834dd3e	97	1	conquered	0	0	Conquering
a16d27b016dde1531c2848e3e834dd3e	97	1	by	0	0	_

965ff5dd6e2eb6ecf12ce6f2aeeeaebf	98	0	#	0	0	_
965ff5dd6e2eb6ecf12ce6f2aeeeaebf	98	0	,	0	0	_
965ff5dd6e2eb6ecf12ce6f2aeeeaebf	98	0	the	0	0	_
965ff5dd6e2eb6ecf12ce6f2aeeeaebf	98	0	state	0	0	Political_locales
965ff5dd6e2eb6ecf12ce6f2aeeeaebf	98	0	has	0	0	_
965ff5dd6e2eb6ecf12ce6f2aeeeaebf	98	0	found	1	0	Becoming_aware
965ff5dd6e2eb6ecf12ce6f2aeeeaebf	98	0	itself	0	0	_
965ff5dd6e2eb6ecf12ce6f2aeeeaebf	98	0	contending	1	1	Hostile_encounter
965ff5dd6e2eb6ecf12ce6f2aeeeaebf	98	0	with	1	0	_
965ff5dd6e2eb6ecf12ce6f2aeeeaebf	98	0	the	0	0	_
965ff5dd6e2eb6ecf12ce6f2aeeeaebf	98	0	new	0	0	Age
965ff5dd6e2eb6ecf12ce6f2aeeeaebf	98	0	spheres	1	1	_
965ff5dd6e2eb6ecf12ce6f2aeeeaebf	98	0	of	0	0	_
965ff5dd6e2eb6ecf12ce6f2aeeeaebf	98	0	power	1	1	Leadership
965ff5dd6e2eb6ecf12ce6f2aeeeaebf	98	0	;	0	0	_
965ff5dd6e2eb6ecf12ce6f2aeeeaebf	98	0	calling	1	0	Request
965ff5dd6e2eb6ecf12ce6f2aeeeaebf	98	0	on	1	0	_
965ff5dd6e2eb6ecf12ce6f2aeeeaebf	98	0	the	0	0	_
965ff5dd6e2eb6ecf12ce6f2aeeeaebf	98	0	coercive	1	1	_
965ff5dd6e2eb6ecf12ce6f2aeeeaebf	98	0	apparatus	1	1	Gizmo
965ff5dd6e2eb6ecf12ce6f2aeeeaebf	98	0	of	0	0	_
965ff5dd6e2eb6ecf12ce6f2aeeeaebf	98	0	the	0	0	_
965ff5dd6e2eb6ecf12ce6f2aeeeaebf	98	0	police	0	0	_
965ff5dd6e2eb6ecf12ce6f2aeeeaebf	98	0	in	1	0	_
965ff5dd6e2eb6ecf12ce6f2aeeeaebf	98	0	an	0	0	_
965ff5dd6e2eb6ecf12ce6f2aeeeaebf	98	0	attempt	0	0	Attempt

154dbf5b802d79f62e632191479d5c86	99	0	#	0	0	_
154dbf5b802d79f62e632191479d5c86	99	0	''	0	0	_
154dbf5b802d79f62e632191479d5c86	99	0	of	0	0	_
154dbf5b802d79f62e632191479d5c86	99	0	the	0	0	_
154dbf5b802d79f62e632191479d5c86	99	0	organized	0	0	_
154dbf5b802d79f62e632191479d5c86	99	0	networks	1	1	Network
154dbf5b802d79f62e632191479d5c86	99	0	of	1	0	_
154dbf5b802d79f62e632191479d5c86	99	0	corruption	0	0	_
154dbf5b802d79f62e632191479d5c86	99	0	and	0	0	_
154dbf5b802d79f62e632191479d5c86	99	0	the	0	0	_
154dbf5b802d79f62e632191479d5c86	99	0	independent	1	1	_
154dbf5b802d79f62e632191479d5c86	99	0	spheres	1	1	_
154dbf5b802d79f62e632191479d5c86	99	0	of	0	0	_
154dbf5b802d79f62e632191479d5c86	99	0	power	1	1	Leadership
154dbf5b802d79f62e632191479d5c86	99	0	are	0	0	_
154dbf5b802d79f62e632191479d5c86	99	0	managed	1	1	Operating_a_system
154dbf5b802d79f62e632191479d5c86	99	0	.	0	0	_

154dbf5b802d79f62e632191479d5c86	99	1	Political	0	0	_
154dbf5b802d79f62e632191479d5c86	99	1	stabilization	1	1	_
154dbf5b802d79f62e632191479d5c86	99	1	sums	0	0	Communicate_categorization
154dbf5b802d79f62e632191479d5c86	99	1	up	0	0	Communicate_categorization
154dbf5b802d79f62e632191479d5c86	99	1	the	0	0	_
154dbf5b802d79f62e632191479d5c86	99	1	regime	0	0	Leadership
154dbf5b802d79f62e632191479d5c86	99	1	's	0	0	_
154dbf5b802d79f62e632191479d5c86	99	1	approach	1	0	_
154dbf5b802d79f62e632191479d5c86	99	1	in	0	0	_

5b6631e27e0ac0174592bbf2fb3bf06e	100	0	#	0	0	_
5b6631e27e0ac0174592bbf2fb3bf06e	100	0	of	0	0	_
5b6631e27e0ac0174592bbf2fb3bf06e	100	0	the	0	0	_
5b6631e27e0ac0174592bbf2fb3bf06e	100	0	private	0	0	_
5b6631e27e0ac0174592bbf2fb3bf06e	100	0	sector	1	1	Fields
5b6631e27e0ac0174592bbf2fb3bf06e	100	0	limiting	1	1	Cause_change_of_position_on_a_scale
5b6631e27e0ac0174592bbf2fb3bf06e	100	0	the	0	0	_
5b6631e27e0ac0174592bbf2fb3bf06e	100	0	formation	1	1	Creating
5b6631e27e0ac0174592bbf2fb3bf06e	100	0	of	0	0	_
5b6631e27e0ac0174592bbf2fb3bf06e	100	0	independent	0	0	_
5b6631e27e0ac0174592bbf2fb3bf06e	100	0	political	0	0	_
5b6631e27e0ac0174592bbf2fb3bf06e	100	0	spheres	1	1	Fields
5b6631e27e0ac0174592bbf2fb3bf06e	100	0	of	0	0	_
5b6631e27e0ac0174592bbf2fb3bf06e	100	0	power	1	0	Leadership
5b6631e27e0ac0174592bbf2fb3bf06e	100	0	able	0	0	Capability
5b6631e27e0ac0174592bbf2fb3bf06e	100	0	to	0	0	_
5b6631e27e0ac0174592bbf2fb3bf06e	100	0	influence	0	0	Subjective_influence
5b6631e27e0ac0174592bbf2fb3bf06e	100	0	a	0	0	_
5b6631e27e0ac0174592bbf2fb3bf06e	100	0	regime	0	0	Leadership
5b6631e27e0ac0174592bbf2fb3bf06e	100	0	opening	1	0	_
5b6631e27e0ac0174592bbf2fb3bf06e	100	0	.	0	0	_

5b6631e27e0ac0174592bbf2fb3bf06e	100	1	49	0	0	_
5b6631e27e0ac0174592bbf2fb3bf06e	100	1	#	0	0	_
5b6631e27e0ac0174592bbf2fb3bf06e	100	1	Moving	0	0	Motion
5b6631e27e0ac0174592bbf2fb3bf06e	100	1	from	0	0	_
5b6631e27e0ac0174592bbf2fb3bf06e	100	1	the	0	0	_
5b6631e27e0ac0174592bbf2fb3bf06e	100	1	regional	0	0	Locale

e4476133635ba3950fa4f29dc678e696	101	0	#	0	0	_
e4476133635ba3950fa4f29dc678e696	101	0	of	0	0	_
e4476133635ba3950fa4f29dc678e696	101	0	determined	1	1	Contingency
e4476133635ba3950fa4f29dc678e696	101	0	social	0	0	_
e4476133635ba3950fa4f29dc678e696	101	0	conditions	0	0	State_of_entity
e4476133635ba3950fa4f29dc678e696	101	0	which	0	0	_
e4476133635ba3950fa4f29dc678e696	101	0	are	0	0	_
e4476133635ba3950fa4f29dc678e696	101	0	often	0	0	Frequency
e4476133635ba3950fa4f29dc678e696	101	0	favored	1	1	Taking_sides
e4476133635ba3950fa4f29dc678e696	101	0	by	0	0	_
e4476133635ba3950fa4f29dc678e696	101	0	the	0	0	_
e4476133635ba3950fa4f29dc678e696	101	0	spheres	1	1	_
e4476133635ba3950fa4f29dc678e696	101	0	of	0	0	_
e4476133635ba3950fa4f29dc678e696	101	0	power	1	1	Leadership
e4476133635ba3950fa4f29dc678e696	101	0	in	0	0	Purpose
e4476133635ba3950fa4f29dc678e696	101	0	order	0	0	Purpose
e4476133635ba3950fa4f29dc678e696	101	0	to	0	0	_
e4476133635ba3950fa4f29dc678e696	101	0	legitimate	0	0	Legality
e4476133635ba3950fa4f29dc678e696	101	0	their	0	0	_
e4476133635ba3950fa4f29dc678e696	101	0	actions	0	0	Intentionally_act
e4476133635ba3950fa4f29dc678e696	101	0	.	0	0	_

e4476133635ba3950fa4f29dc678e696	101	1	13	0	0	_
e4476133635ba3950fa4f29dc678e696	101	1	#	0	0	_
e4476133635ba3950fa4f29dc678e696	101	1	There	0	0	Existence
e4476133635ba3950fa4f29dc678e696	101	1	is	0	0	Existence
e4476133635ba3950fa4f29dc678e696	101	1	no	0	0	_
e4476133635ba3950fa4f29dc678e696	101	1	shortage	0	0	Store

e043bc60337eac78894927f9a1182ca4	102	0	#	0	0	_
e043bc60337eac78894927f9a1182ca4	102	0	the	0	0	_
e043bc60337eac78894927f9a1182ca4	102	0	ideas	0	0	_
e043bc60337eac78894927f9a1182ca4	102	0	operating	1	1	Operating_a_system
e043bc60337eac78894927f9a1182ca4	102	0	,	0	0	_
e043bc60337eac78894927f9a1182ca4	102	0	at	1	0	Temporal_collocation
e043bc60337eac78894927f9a1182ca4	102	0	that	1	0	_
e043bc60337eac78894927f9a1182ca4	102	0	time	0	0	Temporal_collocation
e043bc60337eac78894927f9a1182ca4	102	0	,	0	0	_
e043bc60337eac78894927f9a1182ca4	102	0	in	1	0	Interior_profile_relation
e043bc60337eac78894927f9a1182ca4	102	0	the	0	0	_
e043bc60337eac78894927f9a1182ca4	102	0	spheres	1	1	_
e043bc60337eac78894927f9a1182ca4	102	0	of	0	0	_
e043bc60337eac78894927f9a1182ca4	102	0	power	1	1	Leadership
e043bc60337eac78894927f9a1182ca4	102	0	.	0	0	_

e043bc60337eac78894927f9a1182ca4	102	1	His	0	0	_
e043bc60337eac78894927f9a1182ca4	102	1	films	0	0	Text
e043bc60337eac78894927f9a1182ca4	102	1	follow	1	0	_
e043bc60337eac78894927f9a1182ca4	102	1	one	0	0	Cardinal_numbers
e043bc60337eac78894927f9a1182ca4	102	1	line	1	0	_
e043bc60337eac78894927f9a1182ca4	102	1	,	0	0	_
e043bc60337eac78894927f9a1182ca4	102	1	as	0	0	_
e043bc60337eac78894927f9a1182ca4	102	1	if	0	0	_
e043bc60337eac78894927f9a1182ca4	102	1	they	0	0	_
e043bc60337eac78894927f9a1182ca4	102	1	were	0	0	_
e043bc60337eac78894927f9a1182ca4	102	1	all	0	0	Quantified_mass

8e14f33fd28ad0fc90a60a7430e38bdd	103	0	#	0	0	_
8e14f33fd28ad0fc90a60a7430e38bdd	103	0	reflect	1	1	_
8e14f33fd28ad0fc90a60a7430e38bdd	103	0	less	0	0	_
8e14f33fd28ad0fc90a60a7430e38bdd	103	0	on	1	0	_
8e14f33fd28ad0fc90a60a7430e38bdd	103	0	cosmological	0	0	_
8e14f33fd28ad0fc90a60a7430e38bdd	103	0	and	0	0	_
8e14f33fd28ad0fc90a60a7430e38bdd	103	0	spiritual	0	0	_
8e14f33fd28ad0fc90a60a7430e38bdd	103	0	domains	1	1	_
8e14f33fd28ad0fc90a60a7430e38bdd	103	0	than	0	0	_
8e14f33fd28ad0fc90a60a7430e38bdd	103	0	on	1	0	_
8e14f33fd28ad0fc90a60a7430e38bdd	103	0	political	0	0	_
8e14f33fd28ad0fc90a60a7430e38bdd	103	0	spheres	1	1	_
8e14f33fd28ad0fc90a60a7430e38bdd	103	0	of	0	0	_
8e14f33fd28ad0fc90a60a7430e38bdd	103	0	power	1	0	Leadership
8e14f33fd28ad0fc90a60a7430e38bdd	103	0	and	0	0	_
8e14f33fd28ad0fc90a60a7430e38bdd	103	0	control	1	0	Being_in_control
8e14f33fd28ad0fc90a60a7430e38bdd	103	0	;	0	0	_
8e14f33fd28ad0fc90a60a7430e38bdd	103	0	e.g.	0	0	_
8e14f33fd28ad0fc90a60a7430e38bdd	103	0	,	0	0	_
8e14f33fd28ad0fc90a60a7430e38bdd	103	0	new	0	0	Age
8e14f33fd28ad0fc90a60a7430e38bdd	103	0	commercial	0	0	_
8e14f33fd28ad0fc90a60a7430e38bdd	103	0	elites	0	0	_
8e14f33fd28ad0fc90a60a7430e38bdd	103	0	ally	0	0	_
8e14f33fd28ad0fc90a60a7430e38bdd	103	0	with	1	0	_
8e14f33fd28ad0fc90a60a7430e38bdd	103	0	conservative	0	0	_
8e14f33fd28ad0fc90a60a7430e38bdd	103	0	factions	0	0	Aggregate

e1de8354325057d32679fad2bfcf17c1	104	0	#	0	0	_
e1de8354325057d32679fad2bfcf17c1	104	0	concept	0	0	_
e1de8354325057d32679fad2bfcf17c1	104	0	of	0	0	_
e1de8354325057d32679fad2bfcf17c1	104	0	an	0	0	_
e1de8354325057d32679fad2bfcf17c1	104	0	``	0	0	_
e1de8354325057d32679fad2bfcf17c1	104	0	authentic	0	0	Legality
e1de8354325057d32679fad2bfcf17c1	104	0	``	0	0	_
e1de8354325057d32679fad2bfcf17c1	104	0	culture	0	0	_
e1de8354325057d32679fad2bfcf17c1	104	0	existing	0	0	Existence
e1de8354325057d32679fad2bfcf17c1	104	0	outside	1	0	Interior_profile_relation
e1de8354325057d32679fad2bfcf17c1	104	0	the	0	0	_
e1de8354325057d32679fad2bfcf17c1	104	0	sphere	1	1	_
e1de8354325057d32679fad2bfcf17c1	104	0	of	0	0	_
e1de8354325057d32679fad2bfcf17c1	104	0	power	1	1	Leadership
e1de8354325057d32679fad2bfcf17c1	104	0	(	0	0	_
e1de8354325057d32679fad2bfcf17c1	104	0	i.e.	0	0	_
e1de8354325057d32679fad2bfcf17c1	104	0	,	0	0	_
e1de8354325057d32679fad2bfcf17c1	104	0	relations	1	1	Relation
e1de8354325057d32679fad2bfcf17c1	104	0	of	0	0	_
e1de8354325057d32679fad2bfcf17c1	104	0	production	0	0	Manufacturing
e1de8354325057d32679fad2bfcf17c1	104	0	)	0	0	_
e1de8354325057d32679fad2bfcf17c1	104	0	altogether	0	0	_
e1de8354325057d32679fad2bfcf17c1	104	0	was	0	0	_
e1de8354325057d32679fad2bfcf17c1	104	0	,	0	0	_
e1de8354325057d32679fad2bfcf17c1	104	0	in	1	0	_
e1de8354325057d32679fad2bfcf17c1	104	0	principle	0	0	_

0156c45f2ce4c8dea4bb6a647b980ebc	105	0	#	0	0	_
0156c45f2ce4c8dea4bb6a647b980ebc	105	0	a	0	0	_
0156c45f2ce4c8dea4bb6a647b980ebc	105	0	whole	0	0	Ranked_expectation
0156c45f2ce4c8dea4bb6a647b980ebc	105	0	out	1	0	_
0156c45f2ce4c8dea4bb6a647b980ebc	105	0	of	0	0	_
0156c45f2ce4c8dea4bb6a647b980ebc	105	0	the	0	0	_
0156c45f2ce4c8dea4bb6a647b980ebc	105	0	system	1	0	System
0156c45f2ce4c8dea4bb6a647b980ebc	105	0	.	0	0	_

0156c45f2ce4c8dea4bb6a647b980ebc	105	1	It	0	0	_
0156c45f2ce4c8dea4bb6a647b980ebc	105	1	joins	1	0	Becoming_a_member
0156c45f2ce4c8dea4bb6a647b980ebc	105	1	the	0	0	_
0156c45f2ce4c8dea4bb6a647b980ebc	105	1	spheres	1	1	_
0156c45f2ce4c8dea4bb6a647b980ebc	105	1	of	0	0	_
0156c45f2ce4c8dea4bb6a647b980ebc	105	1	Power	1	1	_
0156c45f2ce4c8dea4bb6a647b980ebc	105	1	.	0	0	_

0156c45f2ce4c8dea4bb6a647b980ebc	105	2	Taps	1	0	_
0156c45f2ce4c8dea4bb6a647b980ebc	105	2	the	0	0	_
0156c45f2ce4c8dea4bb6a647b980ebc	105	2	spirits	1	1	_
0156c45f2ce4c8dea4bb6a647b980ebc	105	2	of	0	0	_
0156c45f2ce4c8dea4bb6a647b980ebc	105	2	the	0	0	_
0156c45f2ce4c8dea4bb6a647b980ebc	105	2	rock	0	0	_
0156c45f2ce4c8dea4bb6a647b980ebc	105	2	,	0	0	_
0156c45f2ce4c8dea4bb6a647b980ebc	105	2	the	0	0	_
0156c45f2ce4c8dea4bb6a647b980ebc	105	2	wood	0	0	_
0156c45f2ce4c8dea4bb6a647b980ebc	105	2	,	0	0	_
0156c45f2ce4c8dea4bb6a647b980ebc	105	2	the	0	0	_

ffc47c118f867a3322de5c0ccfe5a0e3	106	0	#	0	0	_
ffc47c118f867a3322de5c0ccfe5a0e3	106	0	or	0	0	_
ffc47c118f867a3322de5c0ccfe5a0e3	106	0	lies	0	0	_
ffc47c118f867a3322de5c0ccfe5a0e3	106	0	,	0	0	_
ffc47c118f867a3322de5c0ccfe5a0e3	106	0	of	0	0	_
ffc47c118f867a3322de5c0ccfe5a0e3	106	0	feelings	0	0	Feeling
ffc47c118f867a3322de5c0ccfe5a0e3	106	0	or	0	0	_
ffc47c118f867a3322de5c0ccfe5a0e3	106	0	wishes	0	0	Desiring
ffc47c118f867a3322de5c0ccfe5a0e3	106	0	.	0	0	_

ffc47c118f867a3322de5c0ccfe5a0e3	106	1	#	0	0	_
ffc47c118f867a3322de5c0ccfe5a0e3	106	1	The	0	0	_
ffc47c118f867a3322de5c0ccfe5a0e3	106	1	sphere	1	1	_
ffc47c118f867a3322de5c0ccfe5a0e3	106	1	of	0	0	_
ffc47c118f867a3322de5c0ccfe5a0e3	106	1	power	1	1	Leadership
ffc47c118f867a3322de5c0ccfe5a0e3	106	1	,	0	0	_
ffc47c118f867a3322de5c0ccfe5a0e3	106	1	which	0	0	_
ffc47c118f867a3322de5c0ccfe5a0e3	106	1	perhaps	0	0	_
ffc47c118f867a3322de5c0ccfe5a0e3	106	1	emerged	1	1	Coming_to_be
ffc47c118f867a3322de5c0ccfe5a0e3	106	1	originally	0	0	_
ffc47c118f867a3322de5c0ccfe5a0e3	106	1	from	1	0	_
ffc47c118f867a3322de5c0ccfe5a0e3	106	1	military	0	0	Military
ffc47c118f867a3322de5c0ccfe5a0e3	106	1	and	0	0	_
ffc47c118f867a3322de5c0ccfe5a0e3	106	1	organizational	0	0	_
ffc47c118f867a3322de5c0ccfe5a0e3	106	1	functions	0	0	Purpose
ffc47c118f867a3322de5c0ccfe5a0e3	106	1	,	0	0	_
ffc47c118f867a3322de5c0ccfe5a0e3	106	1	had	0	0	_

4367948e75c48cf6f7ffee67f6aadb3b	107	0	#	0	0	_
4367948e75c48cf6f7ffee67f6aadb3b	107	0	MacMillan	0	0	_
4367948e75c48cf6f7ffee67f6aadb3b	107	0	,	0	0	_
4367948e75c48cf6f7ffee67f6aadb3b	107	0	1988	0	0	_
4367948e75c48cf6f7ffee67f6aadb3b	107	0	)	0	0	_
4367948e75c48cf6f7ffee67f6aadb3b	107	0	.	0	0	_

4367948e75c48cf6f7ffee67f6aadb3b	107	1	For	0	0	_
4367948e75c48cf6f7ffee67f6aadb3b	107	1	this	1	0	_
4367948e75c48cf6f7ffee67f6aadb3b	107	1	reason	0	0	Causation
4367948e75c48cf6f7ffee67f6aadb3b	107	1	Paulhus	0	0	_
4367948e75c48cf6f7ffee67f6aadb3b	107	1	's	0	0	_
4367948e75c48cf6f7ffee67f6aadb3b	107	1	Spheres	0	0	_
4367948e75c48cf6f7ffee67f6aadb3b	107	1	of	0	0	_
4367948e75c48cf6f7ffee67f6aadb3b	107	1	Control	0	0	_
4367948e75c48cf6f7ffee67f6aadb3b	107	1	Personal	0	0	_
4367948e75c48cf6f7ffee67f6aadb3b	107	1	Control	0	0	_
4367948e75c48cf6f7ffee67f6aadb3b	107	1	subscale	0	0	_
4367948e75c48cf6f7ffee67f6aadb3b	107	1	(	0	0	_
4367948e75c48cf6f7ffee67f6aadb3b	107	1	Paulhus	0	0	_
4367948e75c48cf6f7ffee67f6aadb3b	107	1	,	0	0	_
4367948e75c48cf6f7ffee67f6aadb3b	107	1	1983	0	0	_
4367948e75c48cf6f7ffee67f6aadb3b	107	1	)	0	0	_
4367948e75c48cf6f7ffee67f6aadb3b	107	1	may	0	0	Likelihood
4367948e75c48cf6f7ffee67f6aadb3b	107	1	be	0	0	_
4367948e75c48cf6f7ffee67f6aadb3b	107	1	preferable	0	0	_
4367948e75c48cf6f7ffee67f6aadb3b	107	1	to	0	0	_

c58bcdc27063e195b16c6c1d72ffd719	108	0	#	0	0	_
c58bcdc27063e195b16c6c1d72ffd719	108	0	to	0	0	_
c58bcdc27063e195b16c6c1d72ffd719	108	0	say	0	0	Statement
c58bcdc27063e195b16c6c1d72ffd719	108	0	,	0	0	_
c58bcdc27063e195b16c6c1d72ffd719	108	0	I	0	0	_
c58bcdc27063e195b16c6c1d72ffd719	108	0	either	0	0	_
c58bcdc27063e195b16c6c1d72ffd719	108	0	have	1	0	Possession
c58bcdc27063e195b16c6c1d72ffd719	108	0	something	0	0	_
c58bcdc27063e195b16c6c1d72ffd719	108	0	within	1	0	Interior_profile_relation
c58bcdc27063e195b16c6c1d72ffd719	108	0	my	0	0	_
c58bcdc27063e195b16c6c1d72ffd719	108	0	own	0	0	_
c58bcdc27063e195b16c6c1d72ffd719	108	0	sphere	1	1	_
c58bcdc27063e195b16c6c1d72ffd719	108	0	of	0	0	_
c58bcdc27063e195b16c6c1d72ffd719	108	0	control	1	0	Being_in_control
c58bcdc27063e195b16c6c1d72ffd719	108	0	,	0	0	_
c58bcdc27063e195b16c6c1d72ffd719	108	0	or	0	0	_
c58bcdc27063e195b16c6c1d72ffd719	108	0	I	0	0	_
c58bcdc27063e195b16c6c1d72ffd719	108	0	do	0	0	_
c58bcdc27063e195b16c6c1d72ffd719	108	0	n't	0	0	_
c58bcdc27063e195b16c6c1d72ffd719	108	0	.	0	0	_

c58bcdc27063e195b16c6c1d72ffd719	108	1	If	0	0	_
c58bcdc27063e195b16c6c1d72ffd719	108	1	I	0	0	_
c58bcdc27063e195b16c6c1d72ffd719	108	1	have	0	0	Possession
c58bcdc27063e195b16c6c1d72ffd719	108	1	something	0	0	_
c58bcdc27063e195b16c6c1d72ffd719	108	1	on	0	0	_
c58bcdc27063e195b16c6c1d72ffd719	108	1	my	0	0	_

f94756aaaf7f6a44afde806d3833cda8	109	0	#	0	0	_
f94756aaaf7f6a44afde806d3833cda8	109	0	most	0	0	_
f94756aaaf7f6a44afde806d3833cda8	109	0	rapidly	0	0	Taking_time
f94756aaaf7f6a44afde806d3833cda8	109	0	modernizing	0	0	Cause_to_make_progress
f94756aaaf7f6a44afde806d3833cda8	109	0	,	0	0	_
f94756aaaf7f6a44afde806d3833cda8	109	0	all	0	0	_
f94756aaaf7f6a44afde806d3833cda8	109	0	operate	0	0	Operating_a_system
f94756aaaf7f6a44afde806d3833cda8	109	0	within	1	0	_
f94756aaaf7f6a44afde806d3833cda8	109	0	PACOM	0	0	_
f94756aaaf7f6a44afde806d3833cda8	109	0	'	0	0	_
f94756aaaf7f6a44afde806d3833cda8	109	0	s	0	0	_
f94756aaaf7f6a44afde806d3833cda8	109	0	sphere	1	1	_
f94756aaaf7f6a44afde806d3833cda8	109	0	of	0	0	_
f94756aaaf7f6a44afde806d3833cda8	109	0	control	1	0	Being_in_control
f94756aaaf7f6a44afde806d3833cda8	109	0	.	0	0	_

f94756aaaf7f6a44afde806d3833cda8	109	1	PACOM	0	0	_
f94756aaaf7f6a44afde806d3833cda8	109	1	has	0	0	Possession
f94756aaaf7f6a44afde806d3833cda8	109	1	--	0	0	_
f94756aaaf7f6a44afde806d3833cda8	109	1	in	0	0	_
f94756aaaf7f6a44afde806d3833cda8	109	1	addition	0	0	_
f94756aaaf7f6a44afde806d3833cda8	109	1	to	1	0	_
f94756aaaf7f6a44afde806d3833cda8	109	1	its	0	0	_
f94756aaaf7f6a44afde806d3833cda8	109	1	many	0	0	Quantified_mass
f94756aaaf7f6a44afde806d3833cda8	109	1	warships	0	0	Vehicle
f94756aaaf7f6a44afde806d3833cda8	109	1	and	0	0	_
f94756aaaf7f6a44afde806d3833cda8	109	1	submarines	0	0	Vehicle

e5d0eeac460eea40c3c07b9e44740635	110	0	#	0	0	_
e5d0eeac460eea40c3c07b9e44740635	110	0	second	0	0	Ordinal_numbers
e5d0eeac460eea40c3c07b9e44740635	110	0	question	0	0	Questioning
e5d0eeac460eea40c3c07b9e44740635	110	0	I	0	0	_
e5d0eeac460eea40c3c07b9e44740635	110	0	distinguished	1	1	Differentiation
e5d0eeac460eea40c3c07b9e44740635	110	0	.	0	0	_

e5d0eeac460eea40c3c07b9e44740635	110	1	What	0	0	_
e5d0eeac460eea40c3c07b9e44740635	110	1	is	0	0	_
e5d0eeac460eea40c3c07b9e44740635	110	1	Congress	0	0	_
e5d0eeac460eea40c3c07b9e44740635	110	1	's	0	0	_
e5d0eeac460eea40c3c07b9e44740635	110	1	proper	0	0	_
e5d0eeac460eea40c3c07b9e44740635	110	1	sphere	1	1	_
e5d0eeac460eea40c3c07b9e44740635	110	1	of	0	0	_
e5d0eeac460eea40c3c07b9e44740635	110	1	control	1	0	Being_in_control
e5d0eeac460eea40c3c07b9e44740635	110	1	in	1	0	_
e5d0eeac460eea40c3c07b9e44740635	110	1	health	0	0	_
e5d0eeac460eea40c3c07b9e44740635	110	1	care	0	0	_
e5d0eeac460eea40c3c07b9e44740635	110	1	matters	0	0	_
e5d0eeac460eea40c3c07b9e44740635	110	1	?	0	0	_

e5d0eeac460eea40c3c07b9e44740635	110	2	#	0	0	_
e5d0eeac460eea40c3c07b9e44740635	110	2	The	0	0	_
e5d0eeac460eea40c3c07b9e44740635	110	2	principle	0	0	_
e5d0eeac460eea40c3c07b9e44740635	110	2	I	0	0	_
e5d0eeac460eea40c3c07b9e44740635	110	2	described	0	0	Statement
e5d0eeac460eea40c3c07b9e44740635	110	2	--	0	0	_
e5d0eeac460eea40c3c07b9e44740635	110	2	the	0	0	_

72045025f70f29cb1febf0866c09ecd3	111	0	#	0	0	_
72045025f70f29cb1febf0866c09ecd3	111	0	that	0	0	_
72045025f70f29cb1febf0866c09ecd3	111	0	.	0	0	_

72045025f70f29cb1febf0866c09ecd3	111	1	I	0	0	_
72045025f70f29cb1febf0866c09ecd3	111	1	can	0	0	Capability
72045025f70f29cb1febf0866c09ecd3	111	1	only	0	0	_
72045025f70f29cb1febf0866c09ecd3	111	1	change	1	0	Cause_change
72045025f70f29cb1febf0866c09ecd3	111	1	the	0	0	_
72045025f70f29cb1febf0866c09ecd3	111	1	things	1	0	_
72045025f70f29cb1febf0866c09ecd3	111	1	in	1	0	Interior_profile_relation
72045025f70f29cb1febf0866c09ecd3	111	1	my	0	0	_
72045025f70f29cb1febf0866c09ecd3	111	1	sphere	1	1	_
72045025f70f29cb1febf0866c09ecd3	111	1	of	0	0	_
72045025f70f29cb1febf0866c09ecd3	111	1	control	1	0	Being_in_control
72045025f70f29cb1febf0866c09ecd3	111	1	,	0	0	_
72045025f70f29cb1febf0866c09ecd3	111	1	like	0	0	Similarity
72045025f70f29cb1febf0866c09ecd3	111	1	my	0	0	_
72045025f70f29cb1febf0866c09ecd3	111	1	own	0	0	_
72045025f70f29cb1febf0866c09ecd3	111	1	purchasing	0	0	Commerce_buy
72045025f70f29cb1febf0866c09ecd3	111	1	behavior	0	0	Conduct
72045025f70f29cb1febf0866c09ecd3	111	1	.	0	0	_

72045025f70f29cb1febf0866c09ecd3	111	2	And	0	0	_
72045025f70f29cb1febf0866c09ecd3	111	2	I	0	0	_
72045025f70f29cb1febf0866c09ecd3	111	2	can	0	0	Capability
72045025f70f29cb1febf0866c09ecd3	111	2	shine	1	1	_
72045025f70f29cb1febf0866c09ecd3	111	2	a	0	0	_

95fb1928bc600b569940b0c960686579	112	0	#	0	0	_
95fb1928bc600b569940b0c960686579	112	0	locus	1	1	Locale
95fb1928bc600b569940b0c960686579	112	0	of	0	0	_
95fb1928bc600b569940b0c960686579	112	0	control	1	0	Being_in_control
95fb1928bc600b569940b0c960686579	112	0	by	0	0	_
95fb1928bc600b569940b0c960686579	112	0	Paulhus	0	0	_
95fb1928bc600b569940b0c960686579	112	0	's	0	0	_
95fb1928bc600b569940b0c960686579	112	0	(	0	0	_
95fb1928bc600b569940b0c960686579	112	0	1983	0	0	_
95fb1928bc600b569940b0c960686579	112	0	)	0	0	_
95fb1928bc600b569940b0c960686579	112	0	30-item	0	0	_
95fb1928bc600b569940b0c960686579	112	0	Spheres	0	0	_
95fb1928bc600b569940b0c960686579	112	0	of	0	0	_
95fb1928bc600b569940b0c960686579	112	0	Control	1	1	_
95fb1928bc600b569940b0c960686579	112	0	Scale	0	0	_
95fb1928bc600b569940b0c960686579	112	0	,	0	0	_
95fb1928bc600b569940b0c960686579	112	0	which	0	0	_
95fb1928bc600b569940b0c960686579	112	0	is	0	0	_
95fb1928bc600b569940b0c960686579	112	0	divided	0	0	Separating
95fb1928bc600b569940b0c960686579	112	0	into	1	0	_
95fb1928bc600b569940b0c960686579	112	0	three	0	0	Cardinal_numbers
95fb1928bc600b569940b0c960686579	112	0	separate	0	0	_
95fb1928bc600b569940b0c960686579	112	0	spheres	1	1	_
95fb1928bc600b569940b0c960686579	112	0	of	0	0	_
95fb1928bc600b569940b0c960686579	112	0	behavior	0	0	Conduct
95fb1928bc600b569940b0c960686579	112	0	:	0	0	_

f2c8e8c7c68d8806f7459cfc42c88486	113	0	#	0	0	_
f2c8e8c7c68d8806f7459cfc42c88486	113	0	In	1	0	_
f2c8e8c7c68d8806f7459cfc42c88486	113	0	what	0	0	_
f2c8e8c7c68d8806f7459cfc42c88486	113	0	is	0	0	_
f2c8e8c7c68d8806f7459cfc42c88486	113	0	,	0	0	_
f2c8e8c7c68d8806f7459cfc42c88486	113	0	or	0	0	_
f2c8e8c7c68d8806f7459cfc42c88486	113	0	will	0	0	_
f2c8e8c7c68d8806f7459cfc42c88486	113	0	be	0	0	_
f2c8e8c7c68d8806f7459cfc42c88486	113	0	soon	0	0	Time_vector
f2c8e8c7c68d8806f7459cfc42c88486	113	0	,	0	0	_
f2c8e8c7c68d8806f7459cfc42c88486	113	0	our	0	0	_
f2c8e8c7c68d8806f7459cfc42c88486	113	0	sphere	1	1	_
f2c8e8c7c68d8806f7459cfc42c88486	113	0	of	0	0	_
f2c8e8c7c68d8806f7459cfc42c88486	113	0	control	1	0	Being_in_control
f2c8e8c7c68d8806f7459cfc42c88486	113	0	over	1	0	_
f2c8e8c7c68d8806f7459cfc42c88486	113	0	11	0	0	_
f2c8e8c7c68d8806f7459cfc42c88486	113	0	million	0	0	Cardinal_numbers
f2c8e8c7c68d8806f7459cfc42c88486	113	0	chosen	0	0	Choosing
f2c8e8c7c68d8806f7459cfc42c88486	113	0	people	0	0	People
f2c8e8c7c68d8806f7459cfc42c88486	113	0	.	0	0	_

f2c8e8c7c68d8806f7459cfc42c88486	113	1	-	0	0	_
f2c8e8c7c68d8806f7459cfc42c88486	113	1	The	0	0	_
f2c8e8c7c68d8806f7459cfc42c88486	113	1	changing	0	0	Undergo_change
f2c8e8c7c68d8806f7459cfc42c88486	113	1	definitions	0	0	Communicate_categorization
f2c8e8c7c68d8806f7459cfc42c88486	113	1	?	0	0	_

f2c8e8c7c68d8806f7459cfc42c88486	113	2	-	0	0	_

1d7035a9837447b4bc2b75387242a1b8	114	0	#	0	0	_
1d7035a9837447b4bc2b75387242a1b8	114	0	concerned	0	0	Topic
1d7035a9837447b4bc2b75387242a1b8	114	0	in	0	0	Domain
1d7035a9837447b4bc2b75387242a1b8	114	0	terms	0	0	Domain
1d7035a9837447b4bc2b75387242a1b8	114	0	of	0	0	_
1d7035a9837447b4bc2b75387242a1b8	114	0	attempting	0	0	Attempt
1d7035a9837447b4bc2b75387242a1b8	114	0	to	0	0	_
1d7035a9837447b4bc2b75387242a1b8	114	0	monitor	0	0	Scrutiny
1d7035a9837447b4bc2b75387242a1b8	114	0	events	0	0	Event
1d7035a9837447b4bc2b75387242a1b8	114	0	outside	0	0	Interior_profile_relation
1d7035a9837447b4bc2b75387242a1b8	114	0	its	0	0	_
1d7035a9837447b4bc2b75387242a1b8	114	0	sphere	1	1	Fields
1d7035a9837447b4bc2b75387242a1b8	114	0	of	0	0	_
1d7035a9837447b4bc2b75387242a1b8	114	0	control	1	0	Being_in_control
1d7035a9837447b4bc2b75387242a1b8	114	0	.	0	0	_

1d7035a9837447b4bc2b75387242a1b8	114	1	As	0	0	_
1d7035a9837447b4bc2b75387242a1b8	114	1	you	0	0	_
1d7035a9837447b4bc2b75387242a1b8	114	1	know	0	0	Awareness
1d7035a9837447b4bc2b75387242a1b8	114	1	,	0	0	_
1d7035a9837447b4bc2b75387242a1b8	114	1	much	0	0	Proportional_quantity
1d7035a9837447b4bc2b75387242a1b8	114	1	of	0	0	Partitive
1d7035a9837447b4bc2b75387242a1b8	114	1	our	0	0	_
1d7035a9837447b4bc2b75387242a1b8	114	1	endeavors	0	0	Attempt
1d7035a9837447b4bc2b75387242a1b8	114	1	have	0	0	_
1d7035a9837447b4bc2b75387242a1b8	114	1	been	0	0	_
1d7035a9837447b4bc2b75387242a1b8	114	1	in	1	0	_

32c1855c44ab725d1978456597db315a	115	0	#	0	0	_
32c1855c44ab725d1978456597db315a	115	0	and	0	0	_
32c1855c44ab725d1978456597db315a	115	0	Interpersonal	0	0	_
32c1855c44ab725d1978456597db315a	115	0	Control	0	0	_
32c1855c44ab725d1978456597db315a	115	0	scales	0	0	_
32c1855c44ab725d1978456597db315a	115	0	from	0	0	_
32c1855c44ab725d1978456597db315a	115	0	Paulhus	0	0	_
32c1855c44ab725d1978456597db315a	115	0	's	0	0	_
32c1855c44ab725d1978456597db315a	115	0	(	0	0	_
32c1855c44ab725d1978456597db315a	115	0	1983	0	0	_
32c1855c44ab725d1978456597db315a	115	0	)	0	0	_
32c1855c44ab725d1978456597db315a	115	0	Spheres	0	0	_
32c1855c44ab725d1978456597db315a	115	0	of	0	0	_
32c1855c44ab725d1978456597db315a	115	0	Control	0	0	_
32c1855c44ab725d1978456597db315a	115	0	(	0	0	_
32c1855c44ab725d1978456597db315a	115	0	SOC	0	0	_
32c1855c44ab725d1978456597db315a	115	0	)	0	0	_
32c1855c44ab725d1978456597db315a	115	0	battery	0	0	_
32c1855c44ab725d1978456597db315a	115	0	,	0	0	_
32c1855c44ab725d1978456597db315a	115	0	the	0	0	_
32c1855c44ab725d1978456597db315a	115	0	Masculinity	0	0	_
32c1855c44ab725d1978456597db315a	115	0	scale	0	0	_
32c1855c44ab725d1978456597db315a	115	0	from	0	0	_
32c1855c44ab725d1978456597db315a	115	0	the	0	0	_
32c1855c44ab725d1978456597db315a	115	0	Personal	0	0	_
32c1855c44ab725d1978456597db315a	115	0	Attributes	0	0	_

10f0a7a450b72c48aeba3e5311a01982	116	0	#	0	0	_
10f0a7a450b72c48aeba3e5311a01982	116	0	in	1	0	_
10f0a7a450b72c48aeba3e5311a01982	116	0	its	0	0	_
10f0a7a450b72c48aeba3e5311a01982	116	0	gradual	0	0	Taking_time
10f0a7a450b72c48aeba3e5311a01982	116	0	reintegration	0	0	Arriving
10f0a7a450b72c48aeba3e5311a01982	116	0	of	0	0	_
10f0a7a450b72c48aeba3e5311a01982	116	0	Central	0	0	_
10f0a7a450b72c48aeba3e5311a01982	116	0	Asia	0	0	_
10f0a7a450b72c48aeba3e5311a01982	116	0	into	1	0	_
10f0a7a450b72c48aeba3e5311a01982	116	0	a	0	0	_
10f0a7a450b72c48aeba3e5311a01982	116	0	Russian	0	0	Origin
10f0a7a450b72c48aeba3e5311a01982	116	0	sphere	1	1	_
10f0a7a450b72c48aeba3e5311a01982	116	0	of	0	0	_
10f0a7a450b72c48aeba3e5311a01982	116	0	control	1	0	Being_in_control
10f0a7a450b72c48aeba3e5311a01982	116	0	--	0	0	_
10f0a7a450b72c48aeba3e5311a01982	116	0	although	0	0	_
10f0a7a450b72c48aeba3e5311a01982	116	0	whether	0	0	_
10f0a7a450b72c48aeba3e5311a01982	116	0	in	1	0	_
10f0a7a450b72c48aeba3e5311a01982	116	0	the	0	0	_
10f0a7a450b72c48aeba3e5311a01982	116	0	form	1	0	_
10f0a7a450b72c48aeba3e5311a01982	116	0	of	0	0	_
10f0a7a450b72c48aeba3e5311a01982	116	0	outright	0	0	_
10f0a7a450b72c48aeba3e5311a01982	116	0	absorption	1	1	_
10f0a7a450b72c48aeba3e5311a01982	116	0	or	0	0	_
10f0a7a450b72c48aeba3e5311a01982	116	0	while	0	0	_
10f0a7a450b72c48aeba3e5311a01982	116	0	retaining	1	1	_

6d04f777ad16048b532df6c604a21317	117	0	#	0	0	_
6d04f777ad16048b532df6c604a21317	117	0	,	0	0	_
6d04f777ad16048b532df6c604a21317	117	0	1987	0	0	_
6d04f777ad16048b532df6c604a21317	117	0	,	0	0	_
6d04f777ad16048b532df6c604a21317	117	0	1989	0	0	_
6d04f777ad16048b532df6c604a21317	117	0	,	0	0	_
6d04f777ad16048b532df6c604a21317	117	0	1990	0	0	_
6d04f777ad16048b532df6c604a21317	117	0	)	0	0	_
6d04f777ad16048b532df6c604a21317	117	0	.	0	0	_

6d04f777ad16048b532df6c604a21317	117	1	#	0	0	_
6d04f777ad16048b532df6c604a21317	117	1	The	0	0	_
6d04f777ad16048b532df6c604a21317	117	1	Spheres	0	0	_
6d04f777ad16048b532df6c604a21317	117	1	of	0	0	_
6d04f777ad16048b532df6c604a21317	117	1	Control	1	1	_
6d04f777ad16048b532df6c604a21317	117	1	Scale	0	0	_
6d04f777ad16048b532df6c604a21317	117	1	.	0	0	_

6d04f777ad16048b532df6c604a21317	117	2	The	0	0	_
6d04f777ad16048b532df6c604a21317	117	2	Spheres	0	0	_
6d04f777ad16048b532df6c604a21317	117	2	of	0	0	_
6d04f777ad16048b532df6c604a21317	117	2	Control	0	0	_
6d04f777ad16048b532df6c604a21317	117	2	Scale	0	0	_
6d04f777ad16048b532df6c604a21317	117	2	(	0	0	_
6d04f777ad16048b532df6c604a21317	117	2	Paulhus	0	0	_
6d04f777ad16048b532df6c604a21317	117	2	,	0	0	_
6d04f777ad16048b532df6c604a21317	117	2	1983	0	0	_
6d04f777ad16048b532df6c604a21317	117	2	)	0	0	_

26bd8e30ed85bd359ca5623b9f5740c2	118	0	#	0	0	_
26bd8e30ed85bd359ca5623b9f5740c2	118	0	)	0	0	_
26bd8e30ed85bd359ca5623b9f5740c2	118	0	.	0	0	_

26bd8e30ed85bd359ca5623b9f5740c2	118	1	#	0	0	_
26bd8e30ed85bd359ca5623b9f5740c2	118	1	The	0	0	_
26bd8e30ed85bd359ca5623b9f5740c2	118	1	Spheres	0	0	_
26bd8e30ed85bd359ca5623b9f5740c2	118	1	of	0	0	_
26bd8e30ed85bd359ca5623b9f5740c2	118	1	Control	1	1	_
26bd8e30ed85bd359ca5623b9f5740c2	118	1	Scale	0	0	_
26bd8e30ed85bd359ca5623b9f5740c2	118	1	.	0	0	_

26bd8e30ed85bd359ca5623b9f5740c2	118	2	The	0	0	_
26bd8e30ed85bd359ca5623b9f5740c2	118	2	Spheres	0	0	_
26bd8e30ed85bd359ca5623b9f5740c2	118	2	of	0	0	_
26bd8e30ed85bd359ca5623b9f5740c2	118	2	Control	0	0	_
26bd8e30ed85bd359ca5623b9f5740c2	118	2	Scale	0	0	_
26bd8e30ed85bd359ca5623b9f5740c2	118	2	(	0	0	_
26bd8e30ed85bd359ca5623b9f5740c2	118	2	Paulhus	0	0	_
26bd8e30ed85bd359ca5623b9f5740c2	118	2	,	0	0	_
26bd8e30ed85bd359ca5623b9f5740c2	118	2	1983	0	0	_
26bd8e30ed85bd359ca5623b9f5740c2	118	2	)	0	0	_
26bd8e30ed85bd359ca5623b9f5740c2	118	2	is	0	0	_
26bd8e30ed85bd359ca5623b9f5740c2	118	2	a	0	0	_
26bd8e30ed85bd359ca5623b9f5740c2	118	2	30-item	0	0	_
26bd8e30ed85bd359ca5623b9f5740c2	118	2	measure	0	0	_
26bd8e30ed85bd359ca5623b9f5740c2	118	2	that	0	0	_
26bd8e30ed85bd359ca5623b9f5740c2	118	2	assesses	0	0	Assessing

97638840f466d712b6b1c5c6d3bac814	119	0	#	0	0	_
97638840f466d712b6b1c5c6d3bac814	119	0	significantly	0	0	_
97638840f466d712b6b1c5c6d3bac814	119	0	with	1	0	_
97638840f466d712b6b1c5c6d3bac814	119	0	socially	0	0	_
97638840f466d712b6b1c5c6d3bac814	119	0	prescribed	0	0	_
97638840f466d712b6b1c5c6d3bac814	119	0	perfectionism	0	0	_
97638840f466d712b6b1c5c6d3bac814	119	0	.	0	0	_

97638840f466d712b6b1c5c6d3bac814	119	1	#	0	0	_
97638840f466d712b6b1c5c6d3bac814	119	1	As	0	0	_
97638840f466d712b6b1c5c6d3bac814	119	1	for	0	0	_
97638840f466d712b6b1c5c6d3bac814	119	1	the	0	0	_
97638840f466d712b6b1c5c6d3bac814	119	1	spheres	1	1	_
97638840f466d712b6b1c5c6d3bac814	119	1	of	0	0	_
97638840f466d712b6b1c5c6d3bac814	119	1	control	1	0	Being_in_control
97638840f466d712b6b1c5c6d3bac814	119	1	,	0	0	_
97638840f466d712b6b1c5c6d3bac814	119	1	personal	0	0	_
97638840f466d712b6b1c5c6d3bac814	119	1	control	1	0	Being_in_control
97638840f466d712b6b1c5c6d3bac814	119	1	was	0	0	_
97638840f466d712b6b1c5c6d3bac814	119	1	related	0	0	Cognitive_connection
97638840f466d712b6b1c5c6d3bac814	119	1	significantly	0	0	_
97638840f466d712b6b1c5c6d3bac814	119	1	with	1	0	_
97638840f466d712b6b1c5c6d3bac814	119	1	self-oriented	0	0	_
97638840f466d712b6b1c5c6d3bac814	119	1	perfectionism	0	0	_
97638840f466d712b6b1c5c6d3bac814	119	1	,	0	0	_
97638840f466d712b6b1c5c6d3bac814	119	1	r	0	0	_
97638840f466d712b6b1c5c6d3bac814	119	1	=	0	0	_

d030d5bad80448b76e4811924c871c28	120	0	#	0	0	_
d030d5bad80448b76e4811924c871c28	120	0	in	1	0	_
d030d5bad80448b76e4811924c871c28	120	0	a	0	0	_
d030d5bad80448b76e4811924c871c28	120	0	coup	0	0	Change_of_leadership
d030d5bad80448b76e4811924c871c28	120	0	that	0	0	_
d030d5bad80448b76e4811924c871c28	120	0	brought	1	0	Causation
d030d5bad80448b76e4811924c871c28	120	0	the	0	0	_
d030d5bad80448b76e4811924c871c28	120	0	republic	0	0	Political_locales
d030d5bad80448b76e4811924c871c28	120	0	into	1	0	_
d030d5bad80448b76e4811924c871c28	120	0	Serbia	0	0	_
d030d5bad80448b76e4811924c871c28	120	0	's	0	0	_
d030d5bad80448b76e4811924c871c28	120	0	sphere	1	1	_
d030d5bad80448b76e4811924c871c28	120	0	of	0	0	_
d030d5bad80448b76e4811924c871c28	120	0	control	1	0	Being_in_control
d030d5bad80448b76e4811924c871c28	120	0	.	0	0	_

d030d5bad80448b76e4811924c871c28	120	1	There	0	0	Existence
d030d5bad80448b76e4811924c871c28	120	1	had	0	0	_
d030d5bad80448b76e4811924c871c28	120	1	been	0	0	Existence
d030d5bad80448b76e4811924c871c28	120	1	other	0	0	Increment
d030d5bad80448b76e4811924c871c28	120	1	storm	0	0	Weather
d030d5bad80448b76e4811924c871c28	120	1	signals	0	0	Communication
d030d5bad80448b76e4811924c871c28	120	1	,	0	0	_
d030d5bad80448b76e4811924c871c28	120	1	too	0	0	_
d030d5bad80448b76e4811924c871c28	120	1	(	0	0	_
d030d5bad80448b76e4811924c871c28	120	1	n1	0	0	_
d030d5bad80448b76e4811924c871c28	120	1	)	0	0	_

d4ff92dfb2926a1babddf6314dde3697	121	0	#	0	0	_
d4ff92dfb2926a1babddf6314dde3697	121	0	of	0	0	_
d4ff92dfb2926a1babddf6314dde3697	121	0	Mikhail	0	0	_
d4ff92dfb2926a1babddf6314dde3697	121	0	Gorbachev	0	0	_
d4ff92dfb2926a1babddf6314dde3697	121	0	to	0	0	_
d4ff92dfb2926a1babddf6314dde3697	121	0	use	0	0	Using
d4ff92dfb2926a1babddf6314dde3697	121	0	force	1	1	_
d4ff92dfb2926a1babddf6314dde3697	121	0	to	0	0	_
d4ff92dfb2926a1babddf6314dde3697	121	0	preserve	0	0	Protecting
d4ff92dfb2926a1babddf6314dde3697	121	0	the	0	0	_
d4ff92dfb2926a1babddf6314dde3697	121	0	Soviet	0	0	_
d4ff92dfb2926a1babddf6314dde3697	121	0	sphere	1	1	_
d4ff92dfb2926a1babddf6314dde3697	121	0	of	0	0	_
d4ff92dfb2926a1babddf6314dde3697	121	0	control	1	0	Being_in_control
d4ff92dfb2926a1babddf6314dde3697	121	0	there	1	0	_
d4ff92dfb2926a1babddf6314dde3697	121	0	had	0	0	_
d4ff92dfb2926a1babddf6314dde3697	121	0	fed	1	1	_
d4ff92dfb2926a1babddf6314dde3697	121	0	the	0	0	_
d4ff92dfb2926a1babddf6314dde3697	121	0	fatal	0	0	Killing
d4ff92dfb2926a1babddf6314dde3697	121	0	Western	0	0	_
d4ff92dfb2926a1babddf6314dde3697	121	0	illusion	0	0	_
d4ff92dfb2926a1babddf6314dde3697	121	0	that	0	0	_
d4ff92dfb2926a1babddf6314dde3697	121	0	everybody	0	0	_
d4ff92dfb2926a1babddf6314dde3697	121	0	had	0	0	_
d4ff92dfb2926a1babddf6314dde3697	121	0	come	1	0	Arriving
d4ff92dfb2926a1babddf6314dde3697	121	0	to	0	0	_

6f09573980357e43fdfe6a97495109a1	122	0	#	0	0	_
6f09573980357e43fdfe6a97495109a1	122	0	offering	1	1	Offering
6f09573980357e43fdfe6a97495109a1	122	0	any	0	0	_
6f09573980357e43fdfe6a97495109a1	122	0	clear	1	0	Obviousness
6f09573980357e43fdfe6a97495109a1	122	0	definition	0	0	Communicate_categorization
6f09573980357e43fdfe6a97495109a1	122	0	of	0	0	_
6f09573980357e43fdfe6a97495109a1	122	0	this	1	0	_
6f09573980357e43fdfe6a97495109a1	122	0	term	0	0	Simple_name
6f09573980357e43fdfe6a97495109a1	122	0	,	0	0	_
6f09573980357e43fdfe6a97495109a1	122	0	or	0	0	_
6f09573980357e43fdfe6a97495109a1	122	0	clear	1	0	Obviousness
6f09573980357e43fdfe6a97495109a1	122	0	boundaries	1	1	Boundary
6f09573980357e43fdfe6a97495109a1	122	0	of	0	0	_
6f09573980357e43fdfe6a97495109a1	122	0	power	1	1	Leadership
6f09573980357e43fdfe6a97495109a1	122	0	under	1	0	_
6f09573980357e43fdfe6a97495109a1	122	0	this	1	0	_
6f09573980357e43fdfe6a97495109a1	122	0	law	0	0	Law
6f09573980357e43fdfe6a97495109a1	122	0	.	0	0	_

6f09573980357e43fdfe6a97495109a1	122	1	#	0	0	_
6f09573980357e43fdfe6a97495109a1	122	1	This	1	0	_
6f09573980357e43fdfe6a97495109a1	122	1	past	0	0	Relative_time
6f09573980357e43fdfe6a97495109a1	122	1	week	0	0	Calendric_unit
6f09573980357e43fdfe6a97495109a1	122	1	's	0	0	_
6f09573980357e43fdfe6a97495109a1	122	1	hearing	0	0	Perception_experience
6f09573980357e43fdfe6a97495109a1	122	1	was	0	0	_
6f09573980357e43fdfe6a97495109a1	122	1	even	0	0	_

a69652692d0b194b0723066e239890f8	123	0	#	0	0	_
a69652692d0b194b0723066e239890f8	123	0	dystopian	0	0	_
a69652692d0b194b0723066e239890f8	123	0	,	0	0	_
a69652692d0b194b0723066e239890f8	123	0	and	0	0	_
a69652692d0b194b0723066e239890f8	123	0	fantasy	0	0	_
a69652692d0b194b0723066e239890f8	123	0	novels	0	0	Text
a69652692d0b194b0723066e239890f8	123	0	:	0	0	_
a69652692d0b194b0723066e239890f8	123	0	#	0	0	_
a69652692d0b194b0723066e239890f8	123	0	When	0	0	Temporal_collocation
a69652692d0b194b0723066e239890f8	123	0	you	0	0	_
a69652692d0b194b0723066e239890f8	123	0	crossed	1	1	Traversing
a69652692d0b194b0723066e239890f8	123	0	boundaries	1	1	Boundary
a69652692d0b194b0723066e239890f8	123	0	of	0	0	_
a69652692d0b194b0723066e239890f8	123	0	power	1	1	Leadership
a69652692d0b194b0723066e239890f8	123	0	(	0	0	_
a69652692d0b194b0723066e239890f8	123	0	cultural	0	0	_
a69652692d0b194b0723066e239890f8	123	0	,	0	0	_
a69652692d0b194b0723066e239890f8	123	0	racial	0	0	_
a69652692d0b194b0723066e239890f8	123	0	,	0	0	_
a69652692d0b194b0723066e239890f8	123	0	economic	0	0	Economy
a69652692d0b194b0723066e239890f8	123	0	)	0	0	_
a69652692d0b194b0723066e239890f8	123	0	to	0	0	_
a69652692d0b194b0723066e239890f8	123	0	create	0	0	Intentionally_create
a69652692d0b194b0723066e239890f8	123	0	characters	0	0	_
a69652692d0b194b0723066e239890f8	123	0	,	0	0	_
a69652692d0b194b0723066e239890f8	123	0	what	0	0	_

661a5437e65091ebb345bd2b4f7c92d6	124	0	#	0	0	_
661a5437e65091ebb345bd2b4f7c92d6	124	0	is	0	0	_
661a5437e65091ebb345bd2b4f7c92d6	124	0	subjective	0	0	_
661a5437e65091ebb345bd2b4f7c92d6	124	0	because	0	0	Causation
661a5437e65091ebb345bd2b4f7c92d6	124	0	energy	0	0	_
661a5437e65091ebb345bd2b4f7c92d6	124	0	is	0	0	_
661a5437e65091ebb345bd2b4f7c92d6	124	0	subjective	0	0	_
661a5437e65091ebb345bd2b4f7c92d6	124	0	and	0	0	_
661a5437e65091ebb345bd2b4f7c92d6	124	0	energy	0	0	_
661a5437e65091ebb345bd2b4f7c92d6	124	0	is	0	0	_
661a5437e65091ebb345bd2b4f7c92d6	124	0	the	0	0	_
661a5437e65091ebb345bd2b4f7c92d6	124	0	container	1	1	Containers
661a5437e65091ebb345bd2b4f7c92d6	124	0	of	0	0	_
661a5437e65091ebb345bd2b4f7c92d6	124	0	time	0	0	_
661a5437e65091ebb345bd2b4f7c92d6	124	0	(	0	0	_
661a5437e65091ebb345bd2b4f7c92d6	124	0	as	0	0	_
661a5437e65091ebb345bd2b4f7c92d6	124	0	space	0	0	_
661a5437e65091ebb345bd2b4f7c92d6	124	0	is	0	0	_
661a5437e65091ebb345bd2b4f7c92d6	124	0	the	0	0	_
661a5437e65091ebb345bd2b4f7c92d6	124	0	container	1	1	Containers
661a5437e65091ebb345bd2b4f7c92d6	124	0	of	0	0	_
661a5437e65091ebb345bd2b4f7c92d6	124	0	matter	0	0	_
661a5437e65091ebb345bd2b4f7c92d6	124	0	)	0	0	_
661a5437e65091ebb345bd2b4f7c92d6	124	0	.	0	0	_

661a5437e65091ebb345bd2b4f7c92d6	124	1	Energy	0	0	Electricity
661a5437e65091ebb345bd2b4f7c92d6	124	1	subjective	0	0	_

9884cb093909c46832e1e041510e5b47	125	0	#	0	0	_
9884cb093909c46832e1e041510e5b47	125	0	without	1	0	_
9884cb093909c46832e1e041510e5b47	125	0	anything	0	0	_
9884cb093909c46832e1e041510e5b47	125	0	experiencing	0	0	Perception_experience
9884cb093909c46832e1e041510e5b47	125	0	it	0	0	_
9884cb093909c46832e1e041510e5b47	125	0	.	0	0	_

9884cb093909c46832e1e041510e5b47	125	1	Saying	1	0	Statement
9884cb093909c46832e1e041510e5b47	125	1	that	0	0	_
9884cb093909c46832e1e041510e5b47	125	1	energy	0	0	Electricity
9884cb093909c46832e1e041510e5b47	125	1	is	0	0	_
9884cb093909c46832e1e041510e5b47	125	1	the	0	0	_
9884cb093909c46832e1e041510e5b47	125	1	container	1	1	Containers
9884cb093909c46832e1e041510e5b47	125	1	of	0	0	_
9884cb093909c46832e1e041510e5b47	125	1	time	0	0	_
9884cb093909c46832e1e041510e5b47	125	1	is	0	0	_
9884cb093909c46832e1e041510e5b47	125	1	a	0	0	_
9884cb093909c46832e1e041510e5b47	125	1	non	0	0	_
9884cb093909c46832e1e041510e5b47	125	1	sequitor	0	0	_
9884cb093909c46832e1e041510e5b47	125	1	.	0	0	_

9884cb093909c46832e1e041510e5b47	125	2	Arbitrarily	0	0	_
9884cb093909c46832e1e041510e5b47	125	2	assigning	1	1	_
9884cb093909c46832e1e041510e5b47	125	2	a	0	0	_
9884cb093909c46832e1e041510e5b47	125	2	perception	0	0	Awareness
9884cb093909c46832e1e041510e5b47	125	2	as	0	0	_
9884cb093909c46832e1e041510e5b47	125	2	subjective	0	0	_
9884cb093909c46832e1e041510e5b47	125	2	is	0	0	_

db7c113ffde017973a40e7f043216ce4	126	0	#	0	0	_
db7c113ffde017973a40e7f043216ce4	126	0	Never	0	0	Frequency
db7c113ffde017973a40e7f043216ce4	126	0	have	0	0	_
db7c113ffde017973a40e7f043216ce4	126	0	I	0	0	_
db7c113ffde017973a40e7f043216ce4	126	0	heard	0	0	Perception_experience
db7c113ffde017973a40e7f043216ce4	126	0	more	0	0	Increment
db7c113ffde017973a40e7f043216ce4	126	0	rich	1	1	Position_on_a_scale
db7c113ffde017973a40e7f043216ce4	126	0	sound	0	0	Sensation
db7c113ffde017973a40e7f043216ce4	126	0	with	1	0	_
db7c113ffde017973a40e7f043216ce4	126	0	such	0	0	_
db7c113ffde017973a40e7f043216ce4	126	0	sorrowful	0	0	Emotion_directed
db7c113ffde017973a40e7f043216ce4	126	0	pangs	1	1	Sounds
db7c113ffde017973a40e7f043216ce4	126	0	of	0	0	_
db7c113ffde017973a40e7f043216ce4	126	0	emotion	0	0	Emotion_directed
db7c113ffde017973a40e7f043216ce4	126	0	.	0	0	_

db7c113ffde017973a40e7f043216ce4	126	1	They	0	0	_
db7c113ffde017973a40e7f043216ce4	126	1	were	0	0	_
db7c113ffde017973a40e7f043216ce4	126	1	voices	0	0	_
db7c113ffde017973a40e7f043216ce4	126	1	from	0	0	Origin
db7c113ffde017973a40e7f043216ce4	126	1	heaven	0	0	_
db7c113ffde017973a40e7f043216ce4	126	1	and	0	0	_
db7c113ffde017973a40e7f043216ce4	126	1	I	0	0	_
db7c113ffde017973a40e7f043216ce4	126	1	was	0	0	_
db7c113ffde017973a40e7f043216ce4	126	1	sure	0	0	Certainty
db7c113ffde017973a40e7f043216ce4	126	1	I	0	0	_
db7c113ffde017973a40e7f043216ce4	126	1	had	0	0	_

0c69ec18dae0a9237d1462ad39d727ce	127	0	#	0	0	_
0c69ec18dae0a9237d1462ad39d727ce	127	0	okay	0	0	_
0c69ec18dae0a9237d1462ad39d727ce	127	0	?	0	0	_
0c69ec18dae0a9237d1462ad39d727ce	127	0	``	0	0	_

0c69ec18dae0a9237d1462ad39d727ce	127	1	#	0	0	_
0c69ec18dae0a9237d1462ad39d727ce	127	1	I	0	0	_
0c69ec18dae0a9237d1462ad39d727ce	127	1	nodded	0	0	Body_movement
0c69ec18dae0a9237d1462ad39d727ce	127	1	,	0	0	_
0c69ec18dae0a9237d1462ad39d727ce	127	1	feeling	0	0	Perception_experience
0c69ec18dae0a9237d1462ad39d727ce	127	1	a	0	0	_
0c69ec18dae0a9237d1462ad39d727ce	127	1	fresh	1	0	Age
0c69ec18dae0a9237d1462ad39d727ce	127	1	pang	1	1	_
0c69ec18dae0a9237d1462ad39d727ce	127	1	of	0	0	_
0c69ec18dae0a9237d1462ad39d727ce	127	1	emotion	0	0	Feeling
0c69ec18dae0a9237d1462ad39d727ce	127	1	washing	1	1	_
0c69ec18dae0a9237d1462ad39d727ce	127	1	over	1	0	Locative_relation
0c69ec18dae0a9237d1462ad39d727ce	127	1	me	0	0	_
0c69ec18dae0a9237d1462ad39d727ce	127	1	.	0	0	_

0c69ec18dae0a9237d1462ad39d727ce	127	2	In	1	0	_
0c69ec18dae0a9237d1462ad39d727ce	127	2	the	0	0	_
0c69ec18dae0a9237d1462ad39d727ce	127	2	half-second	0	0	_
0c69ec18dae0a9237d1462ad39d727ce	127	2	it	0	0	_
0c69ec18dae0a9237d1462ad39d727ce	127	2	took	1	0	Taking_time
0c69ec18dae0a9237d1462ad39d727ce	127	2	to	0	0	_
0c69ec18dae0a9237d1462ad39d727ce	127	2	close	0	0	Closure
0c69ec18dae0a9237d1462ad39d727ce	127	2	my	0	0	_

a346599e2df59a6b628b54be6cc47fb4	128	0	#	0	0	_
a346599e2df59a6b628b54be6cc47fb4	128	0	COOK	0	0	_
a346599e2df59a6b628b54be6cc47fb4	128	0	``	0	0	_
a346599e2df59a6b628b54be6cc47fb4	128	0	.	0	0	_

a346599e2df59a6b628b54be6cc47fb4	128	1	Colette	0	0	_
a346599e2df59a6b628b54be6cc47fb4	128	1	stares	0	0	Perception_active
a346599e2df59a6b628b54be6cc47fb4	128	1	at	0	0	_
a346599e2df59a6b628b54be6cc47fb4	128	1	it	0	0	_
a346599e2df59a6b628b54be6cc47fb4	128	1	,	0	0	_
a346599e2df59a6b628b54be6cc47fb4	128	1	feeling	0	0	Perception_experience
a346599e2df59a6b628b54be6cc47fb4	128	1	a	0	0	_
a346599e2df59a6b628b54be6cc47fb4	128	1	pang	1	1	_
a346599e2df59a6b628b54be6cc47fb4	128	1	of	0	0	_
a346599e2df59a6b628b54be6cc47fb4	128	1	emotion	0	0	Feeling
a346599e2df59a6b628b54be6cc47fb4	128	1	.	0	0	_

a346599e2df59a6b628b54be6cc47fb4	128	2	CLOSE	0	0	_
a346599e2df59a6b628b54be6cc47fb4	128	2	ON	0	0	_
a346599e2df59a6b628b54be6cc47fb4	128	2	THE	0	0	_
a346599e2df59a6b628b54be6cc47fb4	128	2	COOKBOOK	0	0	_
a346599e2df59a6b628b54be6cc47fb4	128	2	.	0	0	_

a346599e2df59a6b628b54be6cc47fb4	128	3	CLOSE	0	0	_
a346599e2df59a6b628b54be6cc47fb4	128	3	ON	0	0	_
a346599e2df59a6b628b54be6cc47fb4	128	3	COLETTE	0	0	_
a346599e2df59a6b628b54be6cc47fb4	128	3	.	0	0	_

a346599e2df59a6b628b54be6cc47fb4	128	4	Behind	0	0	_
a346599e2df59a6b628b54be6cc47fb4	128	4	her	0	0	_

439fdcb642d622c7885c00e7ccaa19b0	129	0	#	0	0	_
439fdcb642d622c7885c00e7ccaa19b0	129	0	eyes	0	0	Body_parts
439fdcb642d622c7885c00e7ccaa19b0	129	0	go	1	0	Transition_to_a_quality
439fdcb642d622c7885c00e7ccaa19b0	129	0	from	0	0	_
439fdcb642d622c7885c00e7ccaa19b0	129	0	hooded	0	0	Accoutrements
439fdcb642d622c7885c00e7ccaa19b0	129	0	to	0	0	_
439fdcb642d622c7885c00e7ccaa19b0	129	0	eerily	0	0	_
439fdcb642d622c7885c00e7ccaa19b0	129	0	wide	0	0	Dimension
439fdcb642d622c7885c00e7ccaa19b0	129	0	,	0	0	_
439fdcb642d622c7885c00e7ccaa19b0	129	0	and	0	0	_
439fdcb642d622c7885c00e7ccaa19b0	129	0	each	0	0	_
439fdcb642d622c7885c00e7ccaa19b0	129	0	pang	1	1	Moving_in_place
439fdcb642d622c7885c00e7ccaa19b0	129	0	of	0	0	_
439fdcb642d622c7885c00e7ccaa19b0	129	0	emotion	0	0	Feeling
439fdcb642d622c7885c00e7ccaa19b0	129	0	flickers	1	1	Moving_in_place
439fdcb642d622c7885c00e7ccaa19b0	129	0	across	1	0	_
439fdcb642d622c7885c00e7ccaa19b0	129	0	his	0	0	_
439fdcb642d622c7885c00e7ccaa19b0	129	0	features	0	0	Body_parts
439fdcb642d622c7885c00e7ccaa19b0	129	0	.	0	0	_

439fdcb642d622c7885c00e7ccaa19b0	129	1	He	0	0	_
439fdcb642d622c7885c00e7ccaa19b0	129	1	's	0	0	_
439fdcb642d622c7885c00e7ccaa19b0	129	1	not	0	0	_
439fdcb642d622c7885c00e7ccaa19b0	129	1	an	0	0	_
439fdcb642d622c7885c00e7ccaa19b0	129	1	actor	0	0	Performers_and_roles
439fdcb642d622c7885c00e7ccaa19b0	129	1	of	0	0	_
439fdcb642d622c7885c00e7ccaa19b0	129	1	great	1	0	_

13386b84cd8bb988e070e4f49d3d0aad	130	0	#	0	0	_
13386b84cd8bb988e070e4f49d3d0aad	130	0	advertisement	0	0	Text
13386b84cd8bb988e070e4f49d3d0aad	130	0	for	0	0	_
13386b84cd8bb988e070e4f49d3d0aad	130	0	window	0	0	Connecting_architecture
13386b84cd8bb988e070e4f49d3d0aad	130	0	spray	0	0	_
13386b84cd8bb988e070e4f49d3d0aad	130	0	or	0	0	_
13386b84cd8bb988e070e4f49d3d0aad	130	0	grout	0	0	_
13386b84cd8bb988e070e4f49d3d0aad	130	0	cleaner	0	0	_
13386b84cd8bb988e070e4f49d3d0aad	130	0	without	1	0	_
13386b84cd8bb988e070e4f49d3d0aad	130	0	feeling	1	0	Perception_experience
13386b84cd8bb988e070e4f49d3d0aad	130	0	a	0	0	_
13386b84cd8bb988e070e4f49d3d0aad	130	0	twinge	1	1	Moving_in_place
13386b84cd8bb988e070e4f49d3d0aad	130	0	of	0	0	_
13386b84cd8bb988e070e4f49d3d0aad	130	0	emotion.	0	0	_
13386b84cd8bb988e070e4f49d3d0aad	130	0	``	0	0	_

13386b84cd8bb988e070e4f49d3d0aad	130	1	I	0	0	_
13386b84cd8bb988e070e4f49d3d0aad	130	1	do	0	0	_
13386b84cd8bb988e070e4f49d3d0aad	130	1	n't	0	0	_
13386b84cd8bb988e070e4f49d3d0aad	130	1	want	0	0	Desiring
13386b84cd8bb988e070e4f49d3d0aad	130	1	to	0	0	_
13386b84cd8bb988e070e4f49d3d0aad	130	1	be	0	0	_
13386b84cd8bb988e070e4f49d3d0aad	130	1	overtaken	1	1	_
13386b84cd8bb988e070e4f49d3d0aad	130	1	by	0	0	_
13386b84cd8bb988e070e4f49d3d0aad	130	1	domestic	0	0	Foreign_or_domestic_country
13386b84cd8bb988e070e4f49d3d0aad	130	1	duties	0	0	Being_obligated

46a49cf0cca57f2416fdd871d68d3f80	131	0	#	0	0	_
46a49cf0cca57f2416fdd871d68d3f80	131	0	.	0	0	_

46a49cf0cca57f2416fdd871d68d3f80	131	1	Photo	0	0	Physical_artworks
46a49cf0cca57f2416fdd871d68d3f80	131	1	:	0	0	_
46a49cf0cca57f2416fdd871d68d3f80	131	1	LOUIE	0	0	_
46a49cf0cca57f2416fdd871d68d3f80	131	1	FAVORITE	0	0	_
46a49cf0cca57f2416fdd871d68d3f80	131	1	/	0	0	_
46a49cf0cca57f2416fdd871d68d3f80	131	1	StaffLoving	0	0	_
46a49cf0cca57f2416fdd871d68d3f80	131	1	voicesStanley	0	0	_
46a49cf0cca57f2416fdd871d68d3f80	131	1	feels	1	0	Perception_experience
46a49cf0cca57f2416fdd871d68d3f80	131	1	a	0	0	_
46a49cf0cca57f2416fdd871d68d3f80	131	1	twinge	1	1	Moving_in_place
46a49cf0cca57f2416fdd871d68d3f80	131	1	of	0	0	_
46a49cf0cca57f2416fdd871d68d3f80	131	1	emotion	0	0	Emotion_directed
46a49cf0cca57f2416fdd871d68d3f80	131	1	as	0	0	_
46a49cf0cca57f2416fdd871d68d3f80	131	1	he	0	0	_
46a49cf0cca57f2416fdd871d68d3f80	131	1	talks	0	0	Chatting
46a49cf0cca57f2416fdd871d68d3f80	131	1	to	1	0	_
46a49cf0cca57f2416fdd871d68d3f80	131	1	his	0	0	_
46a49cf0cca57f2416fdd871d68d3f80	131	1	family	0	0	Kinship
46a49cf0cca57f2416fdd871d68d3f80	131	1	by	0	0	Means
46a49cf0cca57f2416fdd871d68d3f80	131	1	phone	0	0	_
46a49cf0cca57f2416fdd871d68d3f80	131	1	from	0	0	Origin
46a49cf0cca57f2416fdd871d68d3f80	131	1	Camp	0	0	_
46a49cf0cca57f2416fdd871d68d3f80	131	1	Striker	0	0	_
46a49cf0cca57f2416fdd871d68d3f80	131	1	in	0	0	_

ac2d8239156b5485895d8a58916082a7	132	0	#	0	0	_
ac2d8239156b5485895d8a58916082a7	132	0	the	0	0	_
ac2d8239156b5485895d8a58916082a7	132	0	weather	0	0	Weather
ac2d8239156b5485895d8a58916082a7	132	0	shifts	1	1	Change_position_on_a_scale
ac2d8239156b5485895d8a58916082a7	132	0	toward	1	0	_
ac2d8239156b5485895d8a58916082a7	132	0	the	0	0	_
ac2d8239156b5485895d8a58916082a7	132	0	wet	0	0	Ambient_temperature
ac2d8239156b5485895d8a58916082a7	132	0	side	1	0	Part_orientational
ac2d8239156b5485895d8a58916082a7	132	0	,	0	0	_
ac2d8239156b5485895d8a58916082a7	132	0	I	0	0	_
ac2d8239156b5485895d8a58916082a7	132	0	get	1	0	Getting
ac2d8239156b5485895d8a58916082a7	132	0	twinges	1	1	Moving_in_place
ac2d8239156b5485895d8a58916082a7	132	0	of	0	0	_
ac2d8239156b5485895d8a58916082a7	132	0	feelings	0	0	Feeling
ac2d8239156b5485895d8a58916082a7	132	0	.	0	0	_

ac2d8239156b5485895d8a58916082a7	132	1	Sometimes	0	0	Frequency
ac2d8239156b5485895d8a58916082a7	132	1	it	0	0	_
ac2d8239156b5485895d8a58916082a7	132	1	's	0	0	_
ac2d8239156b5485895d8a58916082a7	132	1	that	1	0	_
ac2d8239156b5485895d8a58916082a7	132	1	classic	0	0	Distinctiveness
ac2d8239156b5485895d8a58916082a7	132	1	rainyday	0	0	_
ac2d8239156b5485895d8a58916082a7	132	1	depressive	0	0	_
ac2d8239156b5485895d8a58916082a7	132	1	mood	0	0	_
ac2d8239156b5485895d8a58916082a7	132	1	(	0	0	_
ac2d8239156b5485895d8a58916082a7	132	1	it	0	0	_
ac2d8239156b5485895d8a58916082a7	132	1	's	0	0	_

3848bea39c15099d72542d39376f30a3	133	0	#	0	0	_
3848bea39c15099d72542d39376f30a3	133	0	worn	0	0	Wearing
3848bea39c15099d72542d39376f30a3	133	0	blue	0	0	Color
3848bea39c15099d72542d39376f30a3	133	0	and	0	0	_
3848bea39c15099d72542d39376f30a3	133	0	orange	0	0	Color
3848bea39c15099d72542d39376f30a3	133	0	tunic	0	0	Clothing
3848bea39c15099d72542d39376f30a3	133	0	and	0	0	_
3848bea39c15099d72542d39376f30a3	133	0	cried	0	0	Communication_noise
3848bea39c15099d72542d39376f30a3	133	0	out	0	0	Communication_noise
3848bea39c15099d72542d39376f30a3	133	0	in	1	0	_
3848bea39c15099d72542d39376f30a3	133	0	an	0	0	_
3848bea39c15099d72542d39376f30a3	133	0	agony	0	0	Emotion_directed
3848bea39c15099d72542d39376f30a3	133	0	of	0	0	_
3848bea39c15099d72542d39376f30a3	133	0	emotion	0	0	Emotion_directed
3848bea39c15099d72542d39376f30a3	133	0	,	0	0	_
3848bea39c15099d72542d39376f30a3	133	0	``	0	0	_
3848bea39c15099d72542d39376f30a3	133	0	My	0	0	_
3848bea39c15099d72542d39376f30a3	133	0	God	0	0	_
3848bea39c15099d72542d39376f30a3	133	0	!	0	0	_

3848bea39c15099d72542d39376f30a3	133	1	My	0	0	_
3848bea39c15099d72542d39376f30a3	133	1	God	0	0	_
3848bea39c15099d72542d39376f30a3	133	1	!	0	0	_

3848bea39c15099d72542d39376f30a3	133	2	Why	0	0	_
3848bea39c15099d72542d39376f30a3	133	2	hast	0	0	_
3848bea39c15099d72542d39376f30a3	133	2	thou	0	0	_
3848bea39c15099d72542d39376f30a3	133	2	forsaken	0	0	Abandonment

979ffeecfb62489813d94e15318fb2f2	134	0	#	0	0	_
979ffeecfb62489813d94e15318fb2f2	134	0	been	0	0	_
979ffeecfb62489813d94e15318fb2f2	134	0	the	0	0	_
979ffeecfb62489813d94e15318fb2f2	134	0	victim	1	1	Catastrophe
979ffeecfb62489813d94e15318fb2f2	134	0	of	0	0	_
979ffeecfb62489813d94e15318fb2f2	134	0	a	0	0	_
979ffeecfb62489813d94e15318fb2f2	134	0	betrayal	0	0	Compliance
979ffeecfb62489813d94e15318fb2f2	134	0	,	0	0	_
979ffeecfb62489813d94e15318fb2f2	134	0	you	0	0	_
979ffeecfb62489813d94e15318fb2f2	134	0	know	0	0	Awareness
979ffeecfb62489813d94e15318fb2f2	134	0	the	0	0	_
979ffeecfb62489813d94e15318fb2f2	134	0	agony	0	0	Experiencer_focus
979ffeecfb62489813d94e15318fb2f2	134	0	of	0	0	_
979ffeecfb62489813d94e15318fb2f2	134	0	feeling	0	0	Feeling
979ffeecfb62489813d94e15318fb2f2	134	0	cheated	0	0	_
979ffeecfb62489813d94e15318fb2f2	134	0	on	1	0	_
979ffeecfb62489813d94e15318fb2f2	134	0	and	0	0	_
979ffeecfb62489813d94e15318fb2f2	134	0	used	0	0	Using
979ffeecfb62489813d94e15318fb2f2	134	0	.	0	0	_

979ffeecfb62489813d94e15318fb2f2	134	1	Your	0	0	_
979ffeecfb62489813d94e15318fb2f2	134	1	world	0	0	Political_locales
979ffeecfb62489813d94e15318fb2f2	134	1	views	1	0	Opinion
979ffeecfb62489813d94e15318fb2f2	134	1	are	0	0	_
979ffeecfb62489813d94e15318fb2f2	134	1	shattered	1	1	Destroying
979ffeecfb62489813d94e15318fb2f2	134	1	because	0	0	Causation
979ffeecfb62489813d94e15318fb2f2	134	1	if	0	0	_

4a14237c7babe3270e3c51fa9b7459d2	135	0	#	0	0	_
4a14237c7babe3270e3c51fa9b7459d2	135	0	I	0	0	_
4a14237c7babe3270e3c51fa9b7459d2	135	0	think	0	0	Opinion
4a14237c7babe3270e3c51fa9b7459d2	135	0	there	0	0	Existence
4a14237c7babe3270e3c51fa9b7459d2	135	0	's	0	0	Existence
4a14237c7babe3270e3c51fa9b7459d2	135	0	always	0	0	Frequency
4a14237c7babe3270e3c51fa9b7459d2	135	0	,	0	0	_
4a14237c7babe3270e3c51fa9b7459d2	135	0	it	0	0	_
4a14237c7babe3270e3c51fa9b7459d2	135	0	seems	0	0	Give_impression
4a14237c7babe3270e3c51fa9b7459d2	135	0	,	0	0	_
4a14237c7babe3270e3c51fa9b7459d2	135	0	the	0	0	_
4a14237c7babe3270e3c51fa9b7459d2	135	0	pain	1	1	Experiencer_focus
4a14237c7babe3270e3c51fa9b7459d2	135	0	of	0	0	_
4a14237c7babe3270e3c51fa9b7459d2	135	0	feeling	0	0	Perception_experience
4a14237c7babe3270e3c51fa9b7459d2	135	0	misinterpreted	0	0	Grasp
4a14237c7babe3270e3c51fa9b7459d2	135	0	.	0	0	_

4a14237c7babe3270e3c51fa9b7459d2	135	1	You	0	0	_
4a14237c7babe3270e3c51fa9b7459d2	135	1	know	0	0	Awareness
4a14237c7babe3270e3c51fa9b7459d2	135	1	,	0	0	_
4a14237c7babe3270e3c51fa9b7459d2	135	1	when	0	0	Temporal_collocation
4a14237c7babe3270e3c51fa9b7459d2	135	1	the	0	0	_
4a14237c7babe3270e3c51fa9b7459d2	135	1	prosecutor	0	0	People_by_vocation
4a14237c7babe3270e3c51fa9b7459d2	135	1	is	0	0	_
4a14237c7babe3270e3c51fa9b7459d2	135	1	making	1	1	Cause_change
4a14237c7babe3270e3c51fa9b7459d2	135	1	the	0	0	_
4a14237c7babe3270e3c51fa9b7459d2	135	1	prosecutor	0	0	People_by_vocation

6ee2b4e92d55b89389d18a4bf8324baf	136	0	#	0	0	_
6ee2b4e92d55b89389d18a4bf8324baf	136	0	The	0	0	_
6ee2b4e92d55b89389d18a4bf8324baf	136	0	number	0	0	Cardinal_numbers
6ee2b4e92d55b89389d18a4bf8324baf	136	0	of	0	0	_
6ee2b4e92d55b89389d18a4bf8324baf	136	0	variables	0	0	_
6ee2b4e92d55b89389d18a4bf8324baf	136	0	is	0	0	_
6ee2b4e92d55b89389d18a4bf8324baf	136	0	huge	1	1	Size
6ee2b4e92d55b89389d18a4bf8324baf	136	0	.	0	0	_

6ee2b4e92d55b89389d18a4bf8324baf	136	1	The	0	0	_
6ee2b4e92d55b89389d18a4bf8324baf	136	1	forces	1	0	_
6ee2b4e92d55b89389d18a4bf8324baf	136	1	of	0	0	_
6ee2b4e92d55b89389d18a4bf8324baf	136	1	cause	0	0	Causation
6ee2b4e92d55b89389d18a4bf8324baf	136	1	and	0	0	_
6ee2b4e92d55b89389d18a4bf8324baf	136	1	effect	0	0	Objective_influence
6ee2b4e92d55b89389d18a4bf8324baf	136	1	are	0	0	_
6ee2b4e92d55b89389d18a4bf8324baf	136	1	as	0	0	_
6ee2b4e92d55b89389d18a4bf8324baf	136	1	complex	0	0	_
6ee2b4e92d55b89389d18a4bf8324baf	136	1	as	0	0	_
6ee2b4e92d55b89389d18a4bf8324baf	136	1	the	0	0	_
6ee2b4e92d55b89389d18a4bf8324baf	136	1	human	0	0	People
6ee2b4e92d55b89389d18a4bf8324baf	136	1	equation	0	0	_
6ee2b4e92d55b89389d18a4bf8324baf	136	1	.	0	0	_

6ee2b4e92d55b89389d18a4bf8324baf	136	2	Nobody	0	0	_
6ee2b4e92d55b89389d18a4bf8324baf	136	2	's	0	0	_
6ee2b4e92d55b89389d18a4bf8324baf	136	2	going	0	0	_
6ee2b4e92d55b89389d18a4bf8324baf	136	2	to	0	0	_

4399ca5a7ff45ac08d82d320cf88a18f	137	0	#	0	0	_
4399ca5a7ff45ac08d82d320cf88a18f	137	0	Humor	0	0	Stimulus_focus
4399ca5a7ff45ac08d82d320cf88a18f	137	0	makes	1	0	Causation
4399ca5a7ff45ac08d82d320cf88a18f	137	0	one	0	0	Cardinal_numbers
4399ca5a7ff45ac08d82d320cf88a18f	137	0	a	0	0	_
4399ca5a7ff45ac08d82d320cf88a18f	137	0	different	0	0	Identicality
4399ca5a7ff45ac08d82d320cf88a18f	137	0	person	0	0	People
4399ca5a7ff45ac08d82d320cf88a18f	137	0	.	0	0	_

4399ca5a7ff45ac08d82d320cf88a18f	137	1	This	1	0	_
4399ca5a7ff45ac08d82d320cf88a18f	137	1	power	1	1	_
4399ca5a7ff45ac08d82d320cf88a18f	137	1	of	0	0	_
4399ca5a7ff45ac08d82d320cf88a18f	137	1	effect	0	0	Objective_influence
4399ca5a7ff45ac08d82d320cf88a18f	137	1	does	0	0	_
4399ca5a7ff45ac08d82d320cf88a18f	137	1	n't	0	0	_
4399ca5a7ff45ac08d82d320cf88a18f	137	1	stop	1	0	Process_stop
4399ca5a7ff45ac08d82d320cf88a18f	137	1	below	0	0	Directional_locative_relation
4399ca5a7ff45ac08d82d320cf88a18f	137	1	the	0	0	_
4399ca5a7ff45ac08d82d320cf88a18f	137	1	neck	0	0	Body_parts
4399ca5a7ff45ac08d82d320cf88a18f	137	1	...	0	0	_
4399ca5a7ff45ac08d82d320cf88a18f	137	1	mirth	0	0	_
4399ca5a7ff45ac08d82d320cf88a18f	137	1	is	0	0	_
4399ca5a7ff45ac08d82d320cf88a18f	137	1	accompanied	1	1	Relative_time
4399ca5a7ff45ac08d82d320cf88a18f	137	1	by	0	0	_
4399ca5a7ff45ac08d82d320cf88a18f	137	1	perturbations	0	0	_
4399ca5a7ff45ac08d82d320cf88a18f	137	1	thoughout	0	0	_
4399ca5a7ff45ac08d82d320cf88a18f	137	1	the	0	0	_

f39184762248483ec0547bbd9e79fb13	138	0	#	0	0	_
f39184762248483ec0547bbd9e79fb13	138	0	drives	1	1	Subjective_influence
f39184762248483ec0547bbd9e79fb13	138	0	the	0	0	_
f39184762248483ec0547bbd9e79fb13	138	0	evolution	0	0	Coming_to_be
f39184762248483ec0547bbd9e79fb13	138	0	of	0	0	_
f39184762248483ec0547bbd9e79fb13	138	0	civilizations	0	0	_
f39184762248483ec0547bbd9e79fb13	138	0	,	0	0	_
f39184762248483ec0547bbd9e79fb13	138	0	through	1	0	_
f39184762248483ec0547bbd9e79fb13	138	0	monotonic	0	0	_
f39184762248483ec0547bbd9e79fb13	138	0	,	0	0	_
f39184762248483ec0547bbd9e79fb13	138	0	path-dependent	0	0	_
f39184762248483ec0547bbd9e79fb13	138	0	accumulation	1	1	_
f39184762248483ec0547bbd9e79fb13	138	0	of	0	0	_
f39184762248483ec0547bbd9e79fb13	138	0	changes	0	0	Undergo_change
f39184762248483ec0547bbd9e79fb13	138	0	#	0	0	_
f39184762248483ec0547bbd9e79fb13	138	0	I	0	0	_
f39184762248483ec0547bbd9e79fb13	138	0	did	0	0	_
f39184762248483ec0547bbd9e79fb13	138	0	n't	0	0	_
f39184762248483ec0547bbd9e79fb13	138	0	settle	1	1	_
f39184762248483ec0547bbd9e79fb13	138	0	on	1	0	_
f39184762248483ec0547bbd9e79fb13	138	0	these	1	0	_
f39184762248483ec0547bbd9e79fb13	138	0	five	0	0	Cardinal_numbers
f39184762248483ec0547bbd9e79fb13	138	0	lightly	0	0	_
f39184762248483ec0547bbd9e79fb13	138	0	.	0	0	_

f39184762248483ec0547bbd9e79fb13	138	1	I	0	0	_
f39184762248483ec0547bbd9e79fb13	138	1	must	0	0	Required_event

b8797851ecb87e5c704c9ce884fae738	139	0	#	0	0	_
b8797851ecb87e5c704c9ce884fae738	139	0	is	0	0	_
b8797851ecb87e5c704c9ce884fae738	139	0	no	0	0	_
b8797851ecb87e5c704c9ce884fae738	139	0	exception	0	0	_
b8797851ecb87e5c704c9ce884fae738	139	0	.	0	0	_

b8797851ecb87e5c704c9ce884fae738	139	1	Not	0	0	_
b8797851ecb87e5c704c9ce884fae738	139	1	only	0	0	_
b8797851ecb87e5c704c9ce884fae738	139	1	have	0	0	_
b8797851ecb87e5c704c9ce884fae738	139	1	there	0	0	Existence
b8797851ecb87e5c704c9ce884fae738	139	1	been	0	0	Existence
b8797851ecb87e5c704c9ce884fae738	139	1	an	0	0	_
b8797851ecb87e5c704c9ce884fae738	139	1	accumulation	0	0	_
b8797851ecb87e5c704c9ce884fae738	139	1	of	0	0	_
b8797851ecb87e5c704c9ce884fae738	139	1	changes	0	0	Undergo_change
b8797851ecb87e5c704c9ce884fae738	139	1	in	0	0	_
b8797851ecb87e5c704c9ce884fae738	139	1	the	0	0	_
b8797851ecb87e5c704c9ce884fae738	139	1	evolution	0	0	Coming_to_be
b8797851ecb87e5c704c9ce884fae738	139	1	of	0	0	_
b8797851ecb87e5c704c9ce884fae738	139	1	this	1	0	_
b8797851ecb87e5c704c9ce884fae738	139	1	phenomenon	0	0	Event
b8797851ecb87e5c704c9ce884fae738	139	1	as	0	0	_
b8797851ecb87e5c704c9ce884fae738	139	1	a	0	0	_
b8797851ecb87e5c704c9ce884fae738	139	1	result	0	0	Causation
b8797851ecb87e5c704c9ce884fae738	139	1	of	0	0	_
b8797851ecb87e5c704c9ce884fae738	139	1	the	0	0	_
b8797851ecb87e5c704c9ce884fae738	139	1	migrants	0	0	Colonization

fa060dc47557bf8dfa73ac4554481055	140	0	#	0	0	_
fa060dc47557bf8dfa73ac4554481055	140	0	.	0	0	_

fa060dc47557bf8dfa73ac4554481055	140	1	Now	0	0	Temporal_collocation
fa060dc47557bf8dfa73ac4554481055	140	1	,	0	0	_
fa060dc47557bf8dfa73ac4554481055	140	1	bear	1	1	_
fa060dc47557bf8dfa73ac4554481055	140	1	in	1	0	_
fa060dc47557bf8dfa73ac4554481055	140	1	mind	0	0	Awareness
fa060dc47557bf8dfa73ac4554481055	140	1	that	0	0	_
fa060dc47557bf8dfa73ac4554481055	140	1	age	0	0	Calendric_unit
fa060dc47557bf8dfa73ac4554481055	140	1	is	0	0	_
fa060dc47557bf8dfa73ac4554481055	140	1	an	0	0	_
fa060dc47557bf8dfa73ac4554481055	140	1	accumulation	1	1	_
fa060dc47557bf8dfa73ac4554481055	140	1	of	0	0	_
fa060dc47557bf8dfa73ac4554481055	140	1	changes	0	0	Undergo_change
fa060dc47557bf8dfa73ac4554481055	140	1	.	0	0	_

fa060dc47557bf8dfa73ac4554481055	140	2	If	0	0	_
fa060dc47557bf8dfa73ac4554481055	140	2	you	0	0	_
fa060dc47557bf8dfa73ac4554481055	140	2	consistently	0	0	Frequency
fa060dc47557bf8dfa73ac4554481055	140	2	score	1	0	_
fa060dc47557bf8dfa73ac4554481055	140	2	above	1	0	_
fa060dc47557bf8dfa73ac4554481055	140	2	average	0	0	Desirability
fa060dc47557bf8dfa73ac4554481055	140	2	,	0	0	_
fa060dc47557bf8dfa73ac4554481055	140	2	you	0	0	_
fa060dc47557bf8dfa73ac4554481055	140	2	're	0	0	_
fa060dc47557bf8dfa73ac4554481055	140	2	obviously	0	0	_
fa060dc47557bf8dfa73ac4554481055	140	2	a	0	0	_

aa1402ec2580ff9ef3924bc0981524bc	141	0	#	0	0	_
aa1402ec2580ff9ef3924bc0981524bc	141	0	almost	0	0	Proportional_quantity
aa1402ec2580ff9ef3924bc0981524bc	141	0	all	0	0	Quantified_mass
aa1402ec2580ff9ef3924bc0981524bc	141	0	of	0	0	_
aa1402ec2580ff9ef3924bc0981524bc	141	0	which	0	0	_
aa1402ec2580ff9ef3924bc0981524bc	141	0	were	0	0	_
aa1402ec2580ff9ef3924bc0981524bc	141	0	initially	0	0	_
aa1402ec2580ff9ef3924bc0981524bc	141	0	driven	1	1	Subjective_influence
aa1402ec2580ff9ef3924bc0981524bc	141	0	by	0	0	_
aa1402ec2580ff9ef3924bc0981524bc	141	0	the	0	0	_
aa1402ec2580ff9ef3924bc0981524bc	141	0	rapid	0	0	Taking_time
aa1402ec2580ff9ef3924bc0981524bc	141	0	accumulation	0	0	_
aa1402ec2580ff9ef3924bc0981524bc	141	0	of	0	0	_
aa1402ec2580ff9ef3924bc0981524bc	141	0	changes	0	0	Undergo_change
aa1402ec2580ff9ef3924bc0981524bc	141	0	in	0	0	_
aa1402ec2580ff9ef3924bc0981524bc	141	0	land	0	0	Locale_by_ownership
aa1402ec2580ff9ef3924bc0981524bc	141	0	use	0	0	Using
aa1402ec2580ff9ef3924bc0981524bc	141	0	.	0	0	_

aa1402ec2580ff9ef3924bc0981524bc	141	1	These	1	0	_
aa1402ec2580ff9ef3924bc0981524bc	141	1	changes	0	0	Undergo_change
aa1402ec2580ff9ef3924bc0981524bc	141	1	,	0	0	_
aa1402ec2580ff9ef3924bc0981524bc	141	1	however	0	0	Concessive
aa1402ec2580ff9ef3924bc0981524bc	141	1	,	0	0	_
aa1402ec2580ff9ef3924bc0981524bc	141	1	were	0	0	_
aa1402ec2580ff9ef3924bc0981524bc	141	1	not	0	0	_
aa1402ec2580ff9ef3924bc0981524bc	141	1	quite	0	0	_

df0f633aa38fff470ecbc10edddf2876	142	0	#	0	0	_
df0f633aa38fff470ecbc10edddf2876	142	0	educational	0	0	Education_teaching
df0f633aa38fff470ecbc10edddf2876	142	0	shift	1	1	Change_position_on_a_scale
df0f633aa38fff470ecbc10edddf2876	142	0	from	1	0	_
df0f633aa38fff470ecbc10edddf2876	142	0	behaviorism	0	0	_
df0f633aa38fff470ecbc10edddf2876	142	0	to	1	0	_
df0f633aa38fff470ecbc10edddf2876	142	0	humanism	0	0	_
df0f633aa38fff470ecbc10edddf2876	142	0	.	0	0	_

df0f633aa38fff470ecbc10edddf2876	142	1	Primary	0	0	First_rank
df0f633aa38fff470ecbc10edddf2876	142	1	to	1	0	_
df0f633aa38fff470ecbc10edddf2876	142	1	the	0	0	_
df0f633aa38fff470ecbc10edddf2876	142	1	acquisition	0	0	Getting
df0f633aa38fff470ecbc10edddf2876	142	1	of	0	0	_
df0f633aa38fff470ecbc10edddf2876	142	1	learning	0	0	Education_teaching
df0f633aa38fff470ecbc10edddf2876	142	1	and	0	0	_
df0f633aa38fff470ecbc10edddf2876	142	1	knowledge	0	0	Awareness
df0f633aa38fff470ecbc10edddf2876	142	1	from	1	0	_
df0f633aa38fff470ecbc10edddf2876	142	1	the	0	0	_
df0f633aa38fff470ecbc10edddf2876	142	1	andragogical	0	0	_
df0f633aa38fff470ecbc10edddf2876	142	1	perspective	1	0	_
df0f633aa38fff470ecbc10edddf2876	142	1	is	0	0	_
df0f633aa38fff470ecbc10edddf2876	142	1	the	0	0	_
df0f633aa38fff470ecbc10edddf2876	142	1	importance	0	0	Importance
df0f633aa38fff470ecbc10edddf2876	142	1	of	0	0	_
df0f633aa38fff470ecbc10edddf2876	142	1	experience	0	0	Expertise
df0f633aa38fff470ecbc10edddf2876	142	1	for	0	0	_

d475f91b5849b673c1314fc3475a7c42	143	0	#	0	0	_
d475f91b5849b673c1314fc3475a7c42	143	0	marked	1	1	Sign
d475f91b5849b673c1314fc3475a7c42	143	0	the	0	0	_
d475f91b5849b673c1314fc3475a7c42	143	0	end	0	0	Process_end
d475f91b5849b673c1314fc3475a7c42	143	0	of	0	0	_
d475f91b5849b673c1314fc3475a7c42	143	0	the	0	0	_
d475f91b5849b673c1314fc3475a7c42	143	0	aristocracy	0	0	_
d475f91b5849b673c1314fc3475a7c42	143	0	's	0	0	_
d475f91b5849b673c1314fc3475a7c42	143	0	monopoly	1	1	_
d475f91b5849b673c1314fc3475a7c42	143	0	on	1	0	_
d475f91b5849b673c1314fc3475a7c42	143	0	the	0	0	_
d475f91b5849b673c1314fc3475a7c42	143	0	acquisition	0	0	Getting
d475f91b5849b673c1314fc3475a7c42	143	0	of	0	0	_
d475f91b5849b673c1314fc3475a7c42	143	0	learning	0	0	Education_teaching
d475f91b5849b673c1314fc3475a7c42	143	0	.	0	0	_

d475f91b5849b673c1314fc3475a7c42	143	1	They	0	0	_
d475f91b5849b673c1314fc3475a7c42	143	1	knew	0	0	Awareness
d475f91b5849b673c1314fc3475a7c42	143	1	that	0	0	_
d475f91b5849b673c1314fc3475a7c42	143	1	their	0	0	_
d475f91b5849b673c1314fc3475a7c42	143	1	small	0	0	Size
d475f91b5849b673c1314fc3475a7c42	143	1	shops	0	0	Locale_by_use
d475f91b5849b673c1314fc3475a7c42	143	1	housed	1	1	Containing
d475f91b5849b673c1314fc3475a7c42	143	1	the	0	0	_
d475f91b5849b673c1314fc3475a7c42	143	1	instruments	0	0	Gizmo
d475f91b5849b673c1314fc3475a7c42	143	1	that	0	0	_
d475f91b5849b673c1314fc3475a7c42	143	1	could	0	0	Capability

42b5ffb465ac3700776e083f3b872ab8	144	0	#	0	0	_
42b5ffb465ac3700776e083f3b872ab8	144	0	reward	0	0	Rewards_and_punishments
42b5ffb465ac3700776e083f3b872ab8	144	0	.	0	0	_

42b5ffb465ac3700776e083f3b872ab8	144	1	4	0	0	_
42b5ffb465ac3700776e083f3b872ab8	144	1	Instead	0	0	_
42b5ffb465ac3700776e083f3b872ab8	144	1	of	0	0	_
42b5ffb465ac3700776e083f3b872ab8	144	1	a	0	0	_
42b5ffb465ac3700776e083f3b872ab8	144	1	life	0	0	_
42b5ffb465ac3700776e083f3b872ab8	144	1	intoxicated	1	1	Biological_urge
42b5ffb465ac3700776e083f3b872ab8	144	1	by	0	0	_
42b5ffb465ac3700776e083f3b872ab8	144	1	an	0	0	_
42b5ffb465ac3700776e083f3b872ab8	144	1	untamed	0	0	_
42b5ffb465ac3700776e083f3b872ab8	144	1	appetite	1	1	Desiring
42b5ffb465ac3700776e083f3b872ab8	144	1	of	0	0	_
42b5ffb465ac3700776e083f3b872ab8	144	1	desire	0	0	Desiring
42b5ffb465ac3700776e083f3b872ab8	144	1	and	0	0	_
42b5ffb465ac3700776e083f3b872ab8	144	1	domination	0	0	Dominate_situation
42b5ffb465ac3700776e083f3b872ab8	144	1	that	0	0	_
42b5ffb465ac3700776e083f3b872ab8	144	1	nothing	0	0	_
42b5ffb465ac3700776e083f3b872ab8	144	1	can	0	0	Capability
42b5ffb465ac3700776e083f3b872ab8	144	1	halt	1	0	Activity_stop
42b5ffb465ac3700776e083f3b872ab8	144	1	,	0	0	_
42b5ffb465ac3700776e083f3b872ab8	144	1	one	0	0	_
42b5ffb465ac3700776e083f3b872ab8	144	1	chooses	0	0	Choosing
42b5ffb465ac3700776e083f3b872ab8	144	1	the	0	0	_
42b5ffb465ac3700776e083f3b872ab8	144	1	fullness	1	1	Completeness
42b5ffb465ac3700776e083f3b872ab8	144	1	of	0	0	_

cf035a9e06161d37dc1985fc556761d7	145	0	#	0	0	_
cf035a9e06161d37dc1985fc556761d7	145	0	which	0	0	_
cf035a9e06161d37dc1985fc556761d7	145	0	are	0	0	_
cf035a9e06161d37dc1985fc556761d7	145	0	conveyed	1	1	Bringing
cf035a9e06161d37dc1985fc556761d7	145	0	through	1	0	_
cf035a9e06161d37dc1985fc556761d7	145	0	the	0	0	_
cf035a9e06161d37dc1985fc556761d7	145	0	minimalist	0	0	_
cf035a9e06161d37dc1985fc556761d7	145	0	set	0	0	_
cf035a9e06161d37dc1985fc556761d7	145	0	and	0	0	_
cf035a9e06161d37dc1985fc556761d7	145	0	slow	0	0	Taking_time
cf035a9e06161d37dc1985fc556761d7	145	0	dance	0	0	Self_motion
cf035a9e06161d37dc1985fc556761d7	145	0	movements	0	0	Self_motion
cf035a9e06161d37dc1985fc556761d7	145	0	of	0	0	_
cf035a9e06161d37dc1985fc556761d7	145	0	actors	0	0	Performers_and_roles
cf035a9e06161d37dc1985fc556761d7	145	0	(	0	0	_
cf035a9e06161d37dc1985fc556761d7	145	0	Nafziger-Leis	0	0	_
cf035a9e06161d37dc1985fc556761d7	145	0	30	0	0	_
cf035a9e06161d37dc1985fc556761d7	145	0	)	0	0	_
cf035a9e06161d37dc1985fc556761d7	145	0	.	0	0	_

cf035a9e06161d37dc1985fc556761d7	145	1	A	0	0	_
cf035a9e06161d37dc1985fc556761d7	145	1	number	0	0	Quantified_mass
cf035a9e06161d37dc1985fc556761d7	145	1	of	0	0	_
cf035a9e06161d37dc1985fc556761d7	145	1	production	0	0	Manufacturing
cf035a9e06161d37dc1985fc556761d7	145	1	elements	1	1	Ingredients
cf035a9e06161d37dc1985fc556761d7	145	1	in	0	0	_
cf035a9e06161d37dc1985fc556761d7	145	1	the	0	0	_

3fa569ac50d256b50a36e8f378f9b389	146	0	#	0	0	_
3fa569ac50d256b50a36e8f378f9b389	146	0	)	0	0	_
3fa569ac50d256b50a36e8f378f9b389	146	0	,	0	0	_
3fa569ac50d256b50a36e8f378f9b389	146	0	used	0	0	Using
3fa569ac50d256b50a36e8f378f9b389	146	0	its	0	0	_
3fa569ac50d256b50a36e8f378f9b389	146	0	innovative	0	0	_
3fa569ac50d256b50a36e8f378f9b389	146	0	computer	0	0	_
3fa569ac50d256b50a36e8f378f9b389	146	0	software	0	0	_
3fa569ac50d256b50a36e8f378f9b389	146	0	to	0	0	_
3fa569ac50d256b50a36e8f378f9b389	146	0	capture	1	1	_
3fa569ac50d256b50a36e8f378f9b389	146	0	the	0	0	_
3fa569ac50d256b50a36e8f378f9b389	146	0	movements	0	0	Motion
3fa569ac50d256b50a36e8f378f9b389	146	0	of	0	0	_
3fa569ac50d256b50a36e8f378f9b389	146	0	actor	0	0	People_by_vocation
3fa569ac50d256b50a36e8f378f9b389	146	0	Andy	0	0	_
3fa569ac50d256b50a36e8f378f9b389	146	0	Serkis	0	0	_
3fa569ac50d256b50a36e8f378f9b389	146	0	,	0	0	_
3fa569ac50d256b50a36e8f378f9b389	146	0	who	0	0	_
3fa569ac50d256b50a36e8f378f9b389	146	0	performed	0	0	Intentionally_act
3fa569ac50d256b50a36e8f378f9b389	146	0	Gollum	0	0	_
3fa569ac50d256b50a36e8f378f9b389	146	0	,	0	0	_
3fa569ac50d256b50a36e8f378f9b389	146	0	and	0	0	_
3fa569ac50d256b50a36e8f378f9b389	146	0	to	0	0	_
3fa569ac50d256b50a36e8f378f9b389	146	0	provide	0	0	Supply
3fa569ac50d256b50a36e8f378f9b389	146	0	Jackson	0	0	_
3fa569ac50d256b50a36e8f378f9b389	146	0	's	0	0	_

8a8d5221c41260f59af86539fba75d02	147	0	#	0	0	_
8a8d5221c41260f59af86539fba75d02	147	0	and	0	0	_
8a8d5221c41260f59af86539fba75d02	147	0	that	1	0	_
8a8d5221c41260f59af86539fba75d02	147	0	is	0	0	_
8a8d5221c41260f59af86539fba75d02	147	0	the	0	0	_
8a8d5221c41260f59af86539fba75d02	147	0	Great	1	1	_
8a8d5221c41260f59af86539fba75d02	147	0	Process	0	0	Process
8a8d5221c41260f59af86539fba75d02	147	0	,	0	0	_
8a8d5221c41260f59af86539fba75d02	147	0	the	0	0	_
8a8d5221c41260f59af86539fba75d02	147	0	movement	1	1	Motion
8a8d5221c41260f59af86539fba75d02	147	0	of	0	0	_
8a8d5221c41260f59af86539fba75d02	147	0	introspection	0	0	Scrutiny
8a8d5221c41260f59af86539fba75d02	147	0	of	0	0	_
8a8d5221c41260f59af86539fba75d02	147	0	the	0	0	_
8a8d5221c41260f59af86539fba75d02	147	0	second	0	0	Ordinal_numbers
8a8d5221c41260f59af86539fba75d02	147	0	kind	0	0	Type
8a8d5221c41260f59af86539fba75d02	147	0	--	0	0	_
8a8d5221c41260f59af86539fba75d02	147	0	but	0	0	Concessive
8a8d5221c41260f59af86539fba75d02	147	0	the	0	0	_
8a8d5221c41260f59af86539fba75d02	147	0	path	1	0	Roadways
8a8d5221c41260f59af86539fba75d02	147	0	is	0	0	_
8a8d5221c41260f59af86539fba75d02	147	0	entirely	0	0	Degree
8a8d5221c41260f59af86539fba75d02	147	0	new	0	0	Age
8a8d5221c41260f59af86539fba75d02	147	0	:	0	0	_
8a8d5221c41260f59af86539fba75d02	147	0	this	1	0	_
8a8d5221c41260f59af86539fba75d02	147	0	is	0	0	_

e9efdc1cda4e01c4497dde286efa8c57	148	0	#	0	0	_
e9efdc1cda4e01c4497dde286efa8c57	148	0	the	0	0	_
e9efdc1cda4e01c4497dde286efa8c57	148	0	next	1	0	Relative_time
e9efdc1cda4e01c4497dde286efa8c57	148	0	circle	0	0	Shapes
e9efdc1cda4e01c4497dde286efa8c57	148	0	,	0	0	_
e9efdc1cda4e01c4497dde286efa8c57	148	0	to	0	0	_
e9efdc1cda4e01c4497dde286efa8c57	148	0	engage	1	1	Intentionally_act
e9efdc1cda4e01c4497dde286efa8c57	148	0	in	1	0	_
e9efdc1cda4e01c4497dde286efa8c57	148	0	the	0	0	_
e9efdc1cda4e01c4497dde286efa8c57	148	0	movement	1	1	Motion
e9efdc1cda4e01c4497dde286efa8c57	148	0	of	0	0	_
e9efdc1cda4e01c4497dde286efa8c57	148	0	introspection	0	0	Scrutiny
e9efdc1cda4e01c4497dde286efa8c57	148	0	of	0	0	_
e9efdc1cda4e01c4497dde286efa8c57	148	0	the	0	0	_
e9efdc1cda4e01c4497dde286efa8c57	148	0	second	0	0	Ordinal_numbers
e9efdc1cda4e01c4497dde286efa8c57	148	0	kind	0	0	Type
e9efdc1cda4e01c4497dde286efa8c57	148	0	.	0	0	_

e9efdc1cda4e01c4497dde286efa8c57	148	1	And	0	0	_
e9efdc1cda4e01c4497dde286efa8c57	148	1	here	1	0	Locative_relation
e9efdc1cda4e01c4497dde286efa8c57	148	1	,	0	0	_
e9efdc1cda4e01c4497dde286efa8c57	148	1	too	0	0	_
e9efdc1cda4e01c4497dde286efa8c57	148	1	,	0	0	_
e9efdc1cda4e01c4497dde286efa8c57	148	1	it	0	0	_
e9efdc1cda4e01c4497dde286efa8c57	148	1	is	0	0	_
e9efdc1cda4e01c4497dde286efa8c57	148	1	pointless	0	0	_
e9efdc1cda4e01c4497dde286efa8c57	148	1	to	0	0	_

a79887a22582ab9efbc5cfe204f5bfef	149	0	#	0	0	_
a79887a22582ab9efbc5cfe204f5bfef	149	0	full	1	0	Abounding_with
a79887a22582ab9efbc5cfe204f5bfef	149	0	of	0	0	_
a79887a22582ab9efbc5cfe204f5bfef	149	0	love	0	0	Experiencer_focus
a79887a22582ab9efbc5cfe204f5bfef	149	0	and	0	0	_
a79887a22582ab9efbc5cfe204f5bfef	149	0	forgiveness	0	0	Judgment
a79887a22582ab9efbc5cfe204f5bfef	149	0	and	0	0	_
a79887a22582ab9efbc5cfe204f5bfef	149	0	the	0	0	_
a79887a22582ab9efbc5cfe204f5bfef	149	0	letting	0	0	Surrendering_possession
a79887a22582ab9efbc5cfe204f5bfef	149	0	go	1	0	Abandonment
a79887a22582ab9efbc5cfe204f5bfef	149	0	of	0	0	_
a79887a22582ab9efbc5cfe204f5bfef	149	0	emotions	0	0	_
a79887a22582ab9efbc5cfe204f5bfef	149	0	.	0	0	_

a79887a22582ab9efbc5cfe204f5bfef	149	1	And	0	0	_
a79887a22582ab9efbc5cfe204f5bfef	149	1	though	0	0	Concessive
a79887a22582ab9efbc5cfe204f5bfef	149	1	I	0	0	_
a79887a22582ab9efbc5cfe204f5bfef	149	1	've	0	0	_
a79887a22582ab9efbc5cfe204f5bfef	149	1	always	0	0	Frequency
a79887a22582ab9efbc5cfe204f5bfef	149	1	been	0	0	_
a79887a22582ab9efbc5cfe204f5bfef	149	1	attracted	1	1	Experiencer_focus
a79887a22582ab9efbc5cfe204f5bfef	149	1	to	1	0	_
a79887a22582ab9efbc5cfe204f5bfef	149	1	very	0	0	Degree
a79887a22582ab9efbc5cfe204f5bfef	149	1	dark	1	0	_
a79887a22582ab9efbc5cfe204f5bfef	149	1	plays	0	0	Text
a79887a22582ab9efbc5cfe204f5bfef	149	1	,	0	0	_
a79887a22582ab9efbc5cfe204f5bfef	149	1	I	0	0	_

6cb10fc5da05755aa225711e8e23d98d	150	0	#	0	0	_
6cb10fc5da05755aa225711e8e23d98d	150	0	emerged	1	1	Coming_to_be
6cb10fc5da05755aa225711e8e23d98d	150	0	gradually	0	0	Taking_time
6cb10fc5da05755aa225711e8e23d98d	150	0	out	1	0	_
6cb10fc5da05755aa225711e8e23d98d	150	0	of	0	0	_
6cb10fc5da05755aa225711e8e23d98d	150	0	experiments	0	0	_
6cb10fc5da05755aa225711e8e23d98d	150	0	to	0	0	_
6cb10fc5da05755aa225711e8e23d98d	150	0	combine	1	0	Cause_to_amalgamate
6cb10fc5da05755aa225711e8e23d98d	150	0	the	0	0	_
6cb10fc5da05755aa225711e8e23d98d	150	0	excitement	0	0	Emotion_directed
6cb10fc5da05755aa225711e8e23d98d	150	0	and	0	0	_
6cb10fc5da05755aa225711e8e23d98d	150	0	speed	0	0	Speed_description
6cb10fc5da05755aa225711e8e23d98d	150	0	of	0	0	_
6cb10fc5da05755aa225711e8e23d98d	150	0	action	0	0	Intentionally_act
6cb10fc5da05755aa225711e8e23d98d	150	0	games	0	0	_
6cb10fc5da05755aa225711e8e23d98d	150	0	with	1	0	_
6cb10fc5da05755aa225711e8e23d98d	150	0	the	0	0	_
6cb10fc5da05755aa225711e8e23d98d	150	0	deliberateness	0	0	_
6cb10fc5da05755aa225711e8e23d98d	150	0	and	0	0	_
6cb10fc5da05755aa225711e8e23d98d	150	0	depth	1	1	_
6cb10fc5da05755aa225711e8e23d98d	150	0	of	0	0	_
6cb10fc5da05755aa225711e8e23d98d	150	0	strategy	0	0	_
6cb10fc5da05755aa225711e8e23d98d	150	0	.	0	0	_

6cb10fc5da05755aa225711e8e23d98d	150	1	Then	0	0	_
6cb10fc5da05755aa225711e8e23d98d	150	1	,	0	0	_
6cb10fc5da05755aa225711e8e23d98d	150	1	suddenly	0	0	_

38dc310f17f1e259d5f8f977c3af3c0a	151	0	#	0	0	_
38dc310f17f1e259d5f8f977c3af3c0a	151	0	for	0	0	_
38dc310f17f1e259d5f8f977c3af3c0a	151	0	participation	0	0	Participation
38dc310f17f1e259d5f8f977c3af3c0a	151	0	and	0	0	_
38dc310f17f1e259d5f8f977c3af3c0a	151	0	sharing	0	0	_
38dc310f17f1e259d5f8f977c3af3c0a	151	0	...	0	0	_
38dc310f17f1e259d5f8f977c3af3c0a	151	0	#	0	0	_
38dc310f17f1e259d5f8f977c3af3c0a	151	0	``	0	0	_
38dc310f17f1e259d5f8f977c3af3c0a	151	0	Thought	0	0	Cogitation
38dc310f17f1e259d5f8f977c3af3c0a	151	0	at	1	0	_
38dc310f17f1e259d5f8f977c3af3c0a	151	0	the	0	0	_
38dc310f17f1e259d5f8f977c3af3c0a	151	0	speed	0	0	Speed_description
38dc310f17f1e259d5f8f977c3af3c0a	151	0	of	0	0	_
38dc310f17f1e259d5f8f977c3af3c0a	151	0	action	0	0	Intentionally_act
38dc310f17f1e259d5f8f977c3af3c0a	151	0	...	0	0	_
38dc310f17f1e259d5f8f977c3af3c0a	151	0	``	0	0	_
38dc310f17f1e259d5f8f977c3af3c0a	151	0	Perspectives	0	0	_
38dc310f17f1e259d5f8f977c3af3c0a	151	0	on	1	0	_
38dc310f17f1e259d5f8f977c3af3c0a	151	0	how	0	0	_
38dc310f17f1e259d5f8f977c3af3c0a	151	0	the	0	0	_
38dc310f17f1e259d5f8f977c3af3c0a	151	0	world	0	0	Political_locales
38dc310f17f1e259d5f8f977c3af3c0a	151	0	is	0	0	_
38dc310f17f1e259d5f8f977c3af3c0a	151	0	evolving	0	0	Progression
38dc310f17f1e259d5f8f977c3af3c0a	151	0	...	0	0	_
38dc310f17f1e259d5f8f977c3af3c0a	151	0	#	0	0	_

dd250d4bac102f1ffdf120f9a4bdf34c	152	0	#	0	0	_
dd250d4bac102f1ffdf120f9a4bdf34c	152	0	's	0	0	_
dd250d4bac102f1ffdf120f9a4bdf34c	152	0	departure	0	0	Departing
dd250d4bac102f1ffdf120f9a4bdf34c	152	0	.	0	0	_

dd250d4bac102f1ffdf120f9a4bdf34c	152	1	She	0	0	_
dd250d4bac102f1ffdf120f9a4bdf34c	152	1	did	0	0	_
dd250d4bac102f1ffdf120f9a4bdf34c	152	1	have	0	0	Required_event
dd250d4bac102f1ffdf120f9a4bdf34c	152	1	to	0	0	Required_event
dd250d4bac102f1ffdf120f9a4bdf34c	152	1	admire	0	0	Judgment
dd250d4bac102f1ffdf120f9a4bdf34c	152	1	Cheleyza	0	0	_
dd250d4bac102f1ffdf120f9a4bdf34c	152	1	's	0	0	_
dd250d4bac102f1ffdf120f9a4bdf34c	152	1	speed	0	0	Speed_description
dd250d4bac102f1ffdf120f9a4bdf34c	152	1	of	0	0	_
dd250d4bac102f1ffdf120f9a4bdf34c	152	1	action.	0	0	Intentionally_act
dd250d4bac102f1ffdf120f9a4bdf34c	152	1	``	0	0	_

dd250d4bac102f1ffdf120f9a4bdf34c	152	2	Commander	0	0	Leadership
dd250d4bac102f1ffdf120f9a4bdf34c	152	2	...	0	0	_
dd250d4bac102f1ffdf120f9a4bdf34c	152	2	if	0	0	_
dd250d4bac102f1ffdf120f9a4bdf34c	152	2	you	0	0	_
dd250d4bac102f1ffdf120f9a4bdf34c	152	2	would	0	0	_
dd250d4bac102f1ffdf120f9a4bdf34c	152	2	come	0	0	Arriving
dd250d4bac102f1ffdf120f9a4bdf34c	152	2	with	0	0	Accompaniment
dd250d4bac102f1ffdf120f9a4bdf34c	152	2	me	0	0	_
dd250d4bac102f1ffdf120f9a4bdf34c	152	2	...	0	0	_
dd250d4bac102f1ffdf120f9a4bdf34c	152	2	``	0	0	_

210c6fed767b374ad69d38831d07985d	153	0	#	0	0	_
210c6fed767b374ad69d38831d07985d	153	0	.	0	0	_

210c6fed767b374ad69d38831d07985d	153	1	This	1	0	_
210c6fed767b374ad69d38831d07985d	153	1	was	0	0	_
210c6fed767b374ad69d38831d07985d	153	1	a	0	0	_
210c6fed767b374ad69d38831d07985d	153	1	city	0	0	Political_locales
210c6fed767b374ad69d38831d07985d	153	1	stunned	1	1	Experiencer_obj
210c6fed767b374ad69d38831d07985d	153	1	by	0	0	_
210c6fed767b374ad69d38831d07985d	153	1	the	0	0	_
210c6fed767b374ad69d38831d07985d	153	1	gravity	1	1	_
210c6fed767b374ad69d38831d07985d	153	1	and	0	0	_
210c6fed767b374ad69d38831d07985d	153	1	speed	0	0	Speed_description
210c6fed767b374ad69d38831d07985d	153	1	of	0	0	_
210c6fed767b374ad69d38831d07985d	153	1	action	0	0	Intentionally_act
210c6fed767b374ad69d38831d07985d	153	1	.	0	0	_

210c6fed767b374ad69d38831d07985d	153	2	Roads	0	0	Roadways
210c6fed767b374ad69d38831d07985d	153	2	were	0	0	_
210c6fed767b374ad69d38831d07985d	153	2	virtually	0	0	_
210c6fed767b374ad69d38831d07985d	153	2	empty	0	0	Fullness
210c6fed767b374ad69d38831d07985d	153	2	,	0	0	_
210c6fed767b374ad69d38831d07985d	153	2	but	0	0	Concessive
210c6fed767b374ad69d38831d07985d	153	2	some	0	0	Proportional_quantity
210c6fed767b374ad69d38831d07985d	153	2	motorists	0	0	_
210c6fed767b374ad69d38831d07985d	153	2	were	0	0	_
210c6fed767b374ad69d38831d07985d	153	2	speeding	0	0	Self_motion
210c6fed767b374ad69d38831d07985d	153	2	away	0	0	_

33a1afbf04a8f0f20a4edb488e91f570	154	0	#	0	0	_
33a1afbf04a8f0f20a4edb488e91f570	154	0	a	0	0	_
33a1afbf04a8f0f20a4edb488e91f570	154	0	peaceful	0	0	_
33a1afbf04a8f0f20a4edb488e91f570	154	0	future	0	0	_
33a1afbf04a8f0f20a4edb488e91f570	154	0	for	0	0	_
33a1afbf04a8f0f20a4edb488e91f570	154	0	the	0	0	_
33a1afbf04a8f0f20a4edb488e91f570	154	0	Mideast	0	0	_
33a1afbf04a8f0f20a4edb488e91f570	154	0	.	0	0	_

33a1afbf04a8f0f20a4edb488e91f570	154	1	#	0	0	_
33a1afbf04a8f0f20a4edb488e91f570	154	1	But	0	0	Concessive
33a1afbf04a8f0f20a4edb488e91f570	154	1	their	0	0	_
33a1afbf04a8f0f20a4edb488e91f570	154	1	speed	0	0	Speed_description
33a1afbf04a8f0f20a4edb488e91f570	154	1	of	0	0	_
33a1afbf04a8f0f20a4edb488e91f570	154	1	action	0	0	Intentionally_act
33a1afbf04a8f0f20a4edb488e91f570	154	1	hints	1	1	Evidence
33a1afbf04a8f0f20a4edb488e91f570	154	1	at	1	0	Evidence
33a1afbf04a8f0f20a4edb488e91f570	154	1	something	0	0	_
33a1afbf04a8f0f20a4edb488e91f570	154	1	troubling	0	0	Stimulus_focus
33a1afbf04a8f0f20a4edb488e91f570	154	1	:	0	0	_
33a1afbf04a8f0f20a4edb488e91f570	154	1	Mr.	0	0	_
33a1afbf04a8f0f20a4edb488e91f570	154	1	Bush	0	0	_
33a1afbf04a8f0f20a4edb488e91f570	154	1	and	0	0	_
33a1afbf04a8f0f20a4edb488e91f570	154	1	Mr.	0	0	_
33a1afbf04a8f0f20a4edb488e91f570	154	1	Baker	0	0	_
33a1afbf04a8f0f20a4edb488e91f570	154	1	also	0	0	_
33a1afbf04a8f0f20a4edb488e91f570	154	1	may	0	0	Likelihood

d19510ea8d64457a7f825a8c2d826fe1	155	0	#	0	0	_
d19510ea8d64457a7f825a8c2d826fe1	155	0	#	0	0	_
d19510ea8d64457a7f825a8c2d826fe1	155	0	When	0	0	Temporal_collocation
d19510ea8d64457a7f825a8c2d826fe1	155	0	you	0	0	_
d19510ea8d64457a7f825a8c2d826fe1	155	0	look	0	0	Perception_active
d19510ea8d64457a7f825a8c2d826fe1	155	0	at	0	0	_
d19510ea8d64457a7f825a8c2d826fe1	155	0	the	0	0	_
d19510ea8d64457a7f825a8c2d826fe1	155	0	data	0	0	Information
d19510ea8d64457a7f825a8c2d826fe1	155	0	over	1	0	_
d19510ea8d64457a7f825a8c2d826fe1	155	0	a	0	0	_
d19510ea8d64457a7f825a8c2d826fe1	155	0	longer	1	0	Duration_description
d19510ea8d64457a7f825a8c2d826fe1	155	0	sweep	1	1	_
d19510ea8d64457a7f825a8c2d826fe1	155	0	of	0	0	_
d19510ea8d64457a7f825a8c2d826fe1	155	0	time	0	0	_
d19510ea8d64457a7f825a8c2d826fe1	155	0	,	0	0	_
d19510ea8d64457a7f825a8c2d826fe1	155	0	it	0	0	_
d19510ea8d64457a7f825a8c2d826fe1	155	0	is	0	0	_
d19510ea8d64457a7f825a8c2d826fe1	155	0	clear	1	0	Obviousness
d19510ea8d64457a7f825a8c2d826fe1	155	0	that	0	0	_
d19510ea8d64457a7f825a8c2d826fe1	155	0	putting	1	1	Placing
d19510ea8d64457a7f825a8c2d826fe1	155	0	your	0	0	_
d19510ea8d64457a7f825a8c2d826fe1	155	0	money	0	0	Money
d19510ea8d64457a7f825a8c2d826fe1	155	0	to	1	0	_
d19510ea8d64457a7f825a8c2d826fe1	155	0	work	0	0	Being_employed
d19510ea8d64457a7f825a8c2d826fe1	155	0	sooner	0	0	Time_vector
d19510ea8d64457a7f825a8c2d826fe1	155	0	rather	0	0	_

3fbc16c03396a196ea1b02031ba08b1c	156	0	#	0	0	_
3fbc16c03396a196ea1b02031ba08b1c	156	0	The	0	0	_
3fbc16c03396a196ea1b02031ba08b1c	156	0	planets	0	0	_
3fbc16c03396a196ea1b02031ba08b1c	156	0	and	0	0	_
3fbc16c03396a196ea1b02031ba08b1c	156	0	stars	0	0	_
3fbc16c03396a196ea1b02031ba08b1c	156	0	are	0	0	_
3fbc16c03396a196ea1b02031ba08b1c	156	0	moving	0	0	Motion
3fbc16c03396a196ea1b02031ba08b1c	156	0	round	0	0	Locative_relation
3fbc16c03396a196ea1b02031ba08b1c	156	0	God	0	0	_
3fbc16c03396a196ea1b02031ba08b1c	156	0	in	1	0	_
3fbc16c03396a196ea1b02031ba08b1c	156	0	slow	0	0	Taking_time
3fbc16c03396a196ea1b02031ba08b1c	156	0	sweeps	1	1	_
3fbc16c03396a196ea1b02031ba08b1c	156	0	of	0	0	_
3fbc16c03396a196ea1b02031ba08b1c	156	0	Time	0	0	_
3fbc16c03396a196ea1b02031ba08b1c	156	0	.	0	0	_

3fbc16c03396a196ea1b02031ba08b1c	156	1	#	0	0	_
3fbc16c03396a196ea1b02031ba08b1c	156	1	Laura	0	0	_
3fbc16c03396a196ea1b02031ba08b1c	156	1	came	0	0	Arriving
3fbc16c03396a196ea1b02031ba08b1c	156	1	in	0	0	_
3fbc16c03396a196ea1b02031ba08b1c	156	1	with	0	0	_
3fbc16c03396a196ea1b02031ba08b1c	156	1	bread	0	0	Food
3fbc16c03396a196ea1b02031ba08b1c	156	1	and	0	0	_
3fbc16c03396a196ea1b02031ba08b1c	156	1	cheese	0	0	Food
3fbc16c03396a196ea1b02031ba08b1c	156	1	and	0	0	_
3fbc16c03396a196ea1b02031ba08b1c	156	1	beer	0	0	Food
3fbc16c03396a196ea1b02031ba08b1c	156	1	and	0	0	_

1a6f58919b96c62ac603bfb866c30993	157	0	#	0	0	_
1a6f58919b96c62ac603bfb866c30993	157	0	have	0	0	_
1a6f58919b96c62ac603bfb866c30993	157	0	devised	0	0	Coming_up_with
1a6f58919b96c62ac603bfb866c30993	157	0	what	0	0	_
1a6f58919b96c62ac603bfb866c30993	157	0	are	0	0	_
1a6f58919b96c62ac603bfb866c30993	157	0	termed	0	0	Labeling
1a6f58919b96c62ac603bfb866c30993	157	0	as	0	0	_
1a6f58919b96c62ac603bfb866c30993	157	0	scaling	1	1	_
1a6f58919b96c62ac603bfb866c30993	157	0	techniques	0	0	Means
1a6f58919b96c62ac603bfb866c30993	157	0	within	0	0	_
1a6f58919b96c62ac603bfb866c30993	157	0	a	0	0	_
1a6f58919b96c62ac603bfb866c30993	157	0	sweep	1	1	_
1a6f58919b96c62ac603bfb866c30993	157	0	of	0	0	_
1a6f58919b96c62ac603bfb866c30993	157	0	time	0	0	_
1a6f58919b96c62ac603bfb866c30993	157	0	scales	0	0	_
1a6f58919b96c62ac603bfb866c30993	157	0	.	0	0	_

1a6f58919b96c62ac603bfb866c30993	157	1	The	0	0	_
1a6f58919b96c62ac603bfb866c30993	157	1	signals	0	0	_
1a6f58919b96c62ac603bfb866c30993	157	1	are	0	0	_
1a6f58919b96c62ac603bfb866c30993	157	1	not	0	0	_
1a6f58919b96c62ac603bfb866c30993	157	1	under	1	0	Non-gradable_proximity
1a6f58919b96c62ac603bfb866c30993	157	1	some	0	0	_
1a6f58919b96c62ac603bfb866c30993	157	1	metronome	0	0	_
1a6f58919b96c62ac603bfb866c30993	157	1	of	0	0	_
1a6f58919b96c62ac603bfb866c30993	157	1	pacing	0	0	_
1a6f58919b96c62ac603bfb866c30993	157	1	in	0	0	_

53a517966b495681fbf916ca55dc30e3	158	0	#	0	0	_
53a517966b495681fbf916ca55dc30e3	158	0	than	0	0	_
53a517966b495681fbf916ca55dc30e3	158	0	the	0	0	_
53a517966b495681fbf916ca55dc30e3	158	0	brothers	0	0	Kinship
53a517966b495681fbf916ca55dc30e3	158	0	were	0	0	_
53a517966b495681fbf916ca55dc30e3	158	0	actually	0	0	_
53a517966b495681fbf916ca55dc30e3	158	0	alive	0	0	Dead_or_alive
53a517966b495681fbf916ca55dc30e3	158	0	,	0	0	_
53a517966b495681fbf916ca55dc30e3	158	0	he	0	0	_
53a517966b495681fbf916ca55dc30e3	158	0	makes	1	0	_
53a517966b495681fbf916ca55dc30e3	158	0	the	0	0	_
53a517966b495681fbf916ca55dc30e3	158	0	sweep	1	1	_
53a517966b495681fbf916ca55dc30e3	158	0	of	0	0	_
53a517966b495681fbf916ca55dc30e3	158	0	time	0	0	_
53a517966b495681fbf916ca55dc30e3	158	0	they	0	0	_
53a517966b495681fbf916ca55dc30e3	158	0	experience	0	0	Perception_experience
53a517966b495681fbf916ca55dc30e3	158	0	an	0	0	_
53a517966b495681fbf916ca55dc30e3	158	0	odyssey	0	0	Travel
53a517966b495681fbf916ca55dc30e3	158	0	that	0	0	_
53a517966b495681fbf916ca55dc30e3	158	0	the	0	0	_
53a517966b495681fbf916ca55dc30e3	158	0	blind	1	1	_
53a517966b495681fbf916ca55dc30e3	158	0	Homer	0	0	_
53a517966b495681fbf916ca55dc30e3	158	0	,	0	0	_
53a517966b495681fbf916ca55dc30e3	158	0	as	0	0	_
53a517966b495681fbf916ca55dc30e3	158	0	narrator	0	0	_
53a517966b495681fbf916ca55dc30e3	158	0	,	0	0	_

d6c3983185adfa2b2633ddda2b5182bb	159	0	#	0	0	_
d6c3983185adfa2b2633ddda2b5182bb	159	0	between	1	0	Interior_profile_relation
d6c3983185adfa2b2633ddda2b5182bb	159	0	his	0	0	_
d6c3983185adfa2b2633ddda2b5182bb	159	0	quest	1	0	Attempt
d6c3983185adfa2b2633ddda2b5182bb	159	0	forfundamental	0	0	_
d6c3983185adfa2b2633ddda2b5182bb	159	0	,	0	0	_
d6c3983185adfa2b2633ddda2b5182bb	159	0	archetypal	0	0	_
d6c3983185adfa2b2633ddda2b5182bb	159	0	forms	1	1	Type
d6c3983185adfa2b2633ddda2b5182bb	159	0	and	0	0	_
d6c3983185adfa2b2633ddda2b5182bb	159	0	the	0	0	_
d6c3983185adfa2b2633ddda2b5182bb	159	0	inevitable	0	0	Likelihood
d6c3983185adfa2b2633ddda2b5182bb	159	0	sweep	1	1	_
d6c3983185adfa2b2633ddda2b5182bb	159	0	of	0	0	_
d6c3983185adfa2b2633ddda2b5182bb	159	0	time	0	0	_
d6c3983185adfa2b2633ddda2b5182bb	159	0	and	0	0	_
d6c3983185adfa2b2633ddda2b5182bb	159	0	decay	0	0	_
d6c3983185adfa2b2633ddda2b5182bb	159	0	in	1	0	Interior_profile_relation
d6c3983185adfa2b2633ddda2b5182bb	159	0	the	0	0	_
d6c3983185adfa2b2633ddda2b5182bb	159	0	natural	0	0	_
d6c3983185adfa2b2633ddda2b5182bb	159	0	world	1	0	_
d6c3983185adfa2b2633ddda2b5182bb	159	0	of	0	0	_
d6c3983185adfa2b2633ddda2b5182bb	159	0	the	0	0	_
d6c3983185adfa2b2633ddda2b5182bb	159	0	body	0	0	Body_parts
d6c3983185adfa2b2633ddda2b5182bb	159	0	.	0	0	_

d6c3983185adfa2b2633ddda2b5182bb	159	1	In	1	0	_
d6c3983185adfa2b2633ddda2b5182bb	159	1	Janus	0	0	_

77f11ca7b1828e2b1ad6084537e6d8ee	160	0	#	0	0	_
77f11ca7b1828e2b1ad6084537e6d8ee	160	0	Redemption	0	0	_
77f11ca7b1828e2b1ad6084537e6d8ee	160	0	.	0	0	_

77f11ca7b1828e2b1ad6084537e6d8ee	160	1	Morgan	0	0	_
77f11ca7b1828e2b1ad6084537e6d8ee	160	1	Llywelyn	0	0	_
77f11ca7b1828e2b1ad6084537e6d8ee	160	1	's	0	0	_
77f11ca7b1828e2b1ad6084537e6d8ee	160	1	novels	0	0	Text
77f11ca7b1828e2b1ad6084537e6d8ee	160	1	cover	1	0	Topic
77f11ca7b1828e2b1ad6084537e6d8ee	160	1	a	0	0	_
77f11ca7b1828e2b1ad6084537e6d8ee	160	1	very	0	0	Degree
77f11ca7b1828e2b1ad6084537e6d8ee	160	1	broad	1	1	Dimension
77f11ca7b1828e2b1ad6084537e6d8ee	160	1	sweep	1	1	_
77f11ca7b1828e2b1ad6084537e6d8ee	160	1	of	0	0	_
77f11ca7b1828e2b1ad6084537e6d8ee	160	1	time	0	0	_
77f11ca7b1828e2b1ad6084537e6d8ee	160	1	.	0	0	_

77f11ca7b1828e2b1ad6084537e6d8ee	160	2	Her	0	0	_
77f11ca7b1828e2b1ad6084537e6d8ee	160	2	most	0	0	_
77f11ca7b1828e2b1ad6084537e6d8ee	160	2	recent	0	0	Relative_time
77f11ca7b1828e2b1ad6084537e6d8ee	160	2	novels	0	0	Text
77f11ca7b1828e2b1ad6084537e6d8ee	160	2	are	0	0	_
77f11ca7b1828e2b1ad6084537e6d8ee	160	2	set	1	0	_
77f11ca7b1828e2b1ad6084537e6d8ee	160	2	in	1	0	_
77f11ca7b1828e2b1ad6084537e6d8ee	160	2	the	0	0	_
77f11ca7b1828e2b1ad6084537e6d8ee	160	2	20th	0	0	Ordinal_numbers
77f11ca7b1828e2b1ad6084537e6d8ee	160	2	century	0	0	Calendric_unit
77f11ca7b1828e2b1ad6084537e6d8ee	160	2	beginning	0	0	Temporal_subregion

818e7e3f63c6bdb5159204b9329f398f	161	0	#	0	0	_
818e7e3f63c6bdb5159204b9329f398f	161	0	to	0	0	_
818e7e3f63c6bdb5159204b9329f398f	161	0	the	0	0	_
818e7e3f63c6bdb5159204b9329f398f	161	0	ocean	0	0	Natural_features
818e7e3f63c6bdb5159204b9329f398f	161	0	's	0	0	_
818e7e3f63c6bdb5159204b9329f398f	161	0	bottom.	0	0	Part_orientational
818e7e3f63c6bdb5159204b9329f398f	161	0	``	0	0	_

818e7e3f63c6bdb5159204b9329f398f	161	1	I	0	0	_
818e7e3f63c6bdb5159204b9329f398f	161	1	saw	1	0	Perception_experience
818e7e3f63c6bdb5159204b9329f398f	161	1	the	0	0	_
818e7e3f63c6bdb5159204b9329f398f	161	1	sweep	1	1	_
818e7e3f63c6bdb5159204b9329f398f	161	1	of	0	0	_
818e7e3f63c6bdb5159204b9329f398f	161	1	time	0	0	_
818e7e3f63c6bdb5159204b9329f398f	161	1	,	0	0	_
818e7e3f63c6bdb5159204b9329f398f	161	1	the	0	0	_
818e7e3f63c6bdb5159204b9329f398f	161	1	ancient	0	0	Age
818e7e3f63c6bdb5159204b9329f398f	161	1	processes	0	0	Process
818e7e3f63c6bdb5159204b9329f398f	161	1	that	0	0	_
818e7e3f63c6bdb5159204b9329f398f	161	1	have	0	0	_
818e7e3f63c6bdb5159204b9329f398f	161	1	worked	1	1	Work
818e7e3f63c6bdb5159204b9329f398f	161	1	through	1	0	_
818e7e3f63c6bdb5159204b9329f398f	161	1	the	0	0	_
818e7e3f63c6bdb5159204b9329f398f	161	1	millenniums	0	0	Calendric_unit
818e7e3f63c6bdb5159204b9329f398f	161	1	,	0	0	_
818e7e3f63c6bdb5159204b9329f398f	161	1	``	0	0	_

a427f98d65499866de8205783f1d3877	162	0	#	0	0	_
a427f98d65499866de8205783f1d3877	162	0	me	0	0	_
a427f98d65499866de8205783f1d3877	162	0	to	0	0	_
a427f98d65499866de8205783f1d3877	162	0	remember	0	0	Memory
a427f98d65499866de8205783f1d3877	162	0	how	0	0	_
a427f98d65499866de8205783f1d3877	162	0	insubstantial	0	0	_
a427f98d65499866de8205783f1d3877	162	0	human	0	0	People
a427f98d65499866de8205783f1d3877	162	0	dreams	1	0	_
a427f98d65499866de8205783f1d3877	162	0	are	0	0	_
a427f98d65499866de8205783f1d3877	162	0	in	1	0	_
a427f98d65499866de8205783f1d3877	162	0	the	0	0	_
a427f98d65499866de8205783f1d3877	162	0	sweep	1	1	_
a427f98d65499866de8205783f1d3877	162	0	of	0	0	_
a427f98d65499866de8205783f1d3877	162	0	time.	0	0	_
a427f98d65499866de8205783f1d3877	162	0	``	0	0	_

a427f98d65499866de8205783f1d3877	162	1	#	0	0	_
a427f98d65499866de8205783f1d3877	162	1	``	0	0	_
a427f98d65499866de8205783f1d3877	162	1	And	0	0	_
a427f98d65499866de8205783f1d3877	162	1	sometimes	0	0	Frequency
a427f98d65499866de8205783f1d3877	162	1	,	0	0	_
a427f98d65499866de8205783f1d3877	162	1	how	0	0	_
a427f98d65499866de8205783f1d3877	162	1	unprincipled	0	0	Social_interaction_evaluation
a427f98d65499866de8205783f1d3877	162	1	?	0	0	_
a427f98d65499866de8205783f1d3877	162	1	``	0	0	_

a427f98d65499866de8205783f1d3877	162	2	she	0	0	_

f3e85d658279780807548a26843c6e79	163	0	#	0	0	_
f3e85d658279780807548a26843c6e79	163	0	awe	0	0	Emotion_directed
f3e85d658279780807548a26843c6e79	163	0	he	0	0	_
f3e85d658279780807548a26843c6e79	163	0	'd	0	0	_
f3e85d658279780807548a26843c6e79	163	0	once	0	0	_
f3e85d658279780807548a26843c6e79	163	0	experienced	0	0	Perception_experience
f3e85d658279780807548a26843c6e79	163	0	in	1	0	_
f3e85d658279780807548a26843c6e79	163	0	contemplating	0	0	Cogitation
f3e85d658279780807548a26843c6e79	163	0	the	0	0	_
f3e85d658279780807548a26843c6e79	163	0	p23	0	0	_
f3e85d658279780807548a26843c6e79	163	0	great	0	0	_
f3e85d658279780807548a26843c6e79	163	0	sweep	1	1	_
f3e85d658279780807548a26843c6e79	163	0	of	0	0	_
f3e85d658279780807548a26843c6e79	163	0	time	0	0	_
f3e85d658279780807548a26843c6e79	163	0	and	0	0	_
f3e85d658279780807548a26843c6e79	163	0	space	0	0	_
f3e85d658279780807548a26843c6e79	163	0	,	0	0	_
f3e85d658279780807548a26843c6e79	163	0	wondering	0	0	Cogitation
f3e85d658279780807548a26843c6e79	163	0	about	1	0	_
f3e85d658279780807548a26843c6e79	163	0	the	0	0	_
f3e85d658279780807548a26843c6e79	163	0	peculiar	0	0	Idiosyncrasy
f3e85d658279780807548a26843c6e79	163	0	evolutionary	0	0	_
f3e85d658279780807548a26843c6e79	163	0	magic	1	1	Stimulus_focus
f3e85d658279780807548a26843c6e79	163	0	that	0	0	_
f3e85d658279780807548a26843c6e79	163	0	had	0	0	_
f3e85d658279780807548a26843c6e79	163	0	put	1	1	_

8b6841355d9b6998e992d15e8d68ba4b	164	0	#	0	0	_
8b6841355d9b6998e992d15e8d68ba4b	164	0	history	0	0	History
8b6841355d9b6998e992d15e8d68ba4b	164	0	teaching	0	0	Education_teaching
8b6841355d9b6998e992d15e8d68ba4b	164	0	,	0	0	_
8b6841355d9b6998e992d15e8d68ba4b	164	0	and	0	0	_
8b6841355d9b6998e992d15e8d68ba4b	164	0	students	0	0	Education_teaching
8b6841355d9b6998e992d15e8d68ba4b	164	0	need	0	0	Required_event
8b6841355d9b6998e992d15e8d68ba4b	164	0	to	0	0	_
8b6841355d9b6998e992d15e8d68ba4b	164	0	grasp	1	1	Grasp
8b6841355d9b6998e992d15e8d68ba4b	164	0	thoroughly	0	0	_
8b6841355d9b6998e992d15e8d68ba4b	164	0	the	0	0	_
8b6841355d9b6998e992d15e8d68ba4b	164	0	sweep	1	1	_
8b6841355d9b6998e992d15e8d68ba4b	164	0	of	0	0	_
8b6841355d9b6998e992d15e8d68ba4b	164	0	time	0	0	_
8b6841355d9b6998e992d15e8d68ba4b	164	0	in	0	0	Purpose
8b6841355d9b6998e992d15e8d68ba4b	164	0	order	0	0	Purpose
8b6841355d9b6998e992d15e8d68ba4b	164	0	to	0	0	_
8b6841355d9b6998e992d15e8d68ba4b	164	0	sequence	0	0	_
8b6841355d9b6998e992d15e8d68ba4b	164	0	events	0	0	Event
8b6841355d9b6998e992d15e8d68ba4b	164	0	,	0	0	_
8b6841355d9b6998e992d15e8d68ba4b	164	0	people	0	0	People
8b6841355d9b6998e992d15e8d68ba4b	164	0	,	0	0	_
8b6841355d9b6998e992d15e8d68ba4b	164	0	and	0	0	_
8b6841355d9b6998e992d15e8d68ba4b	164	0	ideas	0	0	Awareness
8b6841355d9b6998e992d15e8d68ba4b	164	0	.	0	0	_

8b6841355d9b6998e992d15e8d68ba4b	164	1	The	0	0	_

f79ce46af002ca87dd805eeb6873d23f	165	0	#	0	0	_
f79ce46af002ca87dd805eeb6873d23f	165	0	,	0	0	_
f79ce46af002ca87dd805eeb6873d23f	165	0	for	0	0	_
f79ce46af002ca87dd805eeb6873d23f	165	0	the	0	0	_
f79ce46af002ca87dd805eeb6873d23f	165	0	former	0	0	_
f79ce46af002ca87dd805eeb6873d23f	165	0	look	1	0	Perception_active
f79ce46af002ca87dd805eeb6873d23f	165	0	at	1	0	_
f79ce46af002ca87dd805eeb6873d23f	165	0	it	0	0	_
f79ce46af002ca87dd805eeb6873d23f	165	0	over	1	0	_
f79ce46af002ca87dd805eeb6873d23f	165	0	the	0	0	_
f79ce46af002ca87dd805eeb6873d23f	165	0	long	1	0	Duration_description
f79ce46af002ca87dd805eeb6873d23f	165	0	sweep	1	1	_
f79ce46af002ca87dd805eeb6873d23f	165	0	of	0	0	_
f79ce46af002ca87dd805eeb6873d23f	165	0	time	0	0	_
f79ce46af002ca87dd805eeb6873d23f	165	0	and	0	0	_
f79ce46af002ca87dd805eeb6873d23f	165	0	from	1	0	_
f79ce46af002ca87dd805eeb6873d23f	165	0	the	0	0	_
f79ce46af002ca87dd805eeb6873d23f	165	0	available	0	0	_
f79ce46af002ca87dd805eeb6873d23f	165	0	archives	0	0	Text
f79ce46af002ca87dd805eeb6873d23f	165	0	,	0	0	_
f79ce46af002ca87dd805eeb6873d23f	165	0	while	0	0	_
f79ce46af002ca87dd805eeb6873d23f	165	0	the	0	0	_
f79ce46af002ca87dd805eeb6873d23f	165	0	latter	0	0	_
f79ce46af002ca87dd805eeb6873d23f	165	0	look	1	0	Perception_active
f79ce46af002ca87dd805eeb6873d23f	165	0	closely	1	0	_
f79ce46af002ca87dd805eeb6873d23f	165	0	at	1	0	_

1d29bc32ad7675b9b8adf466787abeb7	166	0	#	0	0	_
1d29bc32ad7675b9b8adf466787abeb7	166	0	be	0	0	_
1d29bc32ad7675b9b8adf466787abeb7	166	0	displayed	0	0	_
1d29bc32ad7675b9b8adf466787abeb7	166	0	at	1	0	_
1d29bc32ad7675b9b8adf466787abeb7	166	0	the	0	0	_
1d29bc32ad7675b9b8adf466787abeb7	166	0	same	0	0	Identicality
1d29bc32ad7675b9b8adf466787abeb7	166	0	time	0	0	_
1d29bc32ad7675b9b8adf466787abeb7	166	0	,	0	0	_
1d29bc32ad7675b9b8adf466787abeb7	166	0	but	0	0	Concessive
1d29bc32ad7675b9b8adf466787abeb7	166	0	also	0	0	_
1d29bc32ad7675b9b8adf466787abeb7	166	0	different	0	0	Identicality
1d29bc32ad7675b9b8adf466787abeb7	166	0	speeds	0	0	_
1d29bc32ad7675b9b8adf466787abeb7	166	0	of	0	0	_
1d29bc32ad7675b9b8adf466787abeb7	166	0	time	0	0	_
1d29bc32ad7675b9b8adf466787abeb7	166	0	.	0	0	_

1d29bc32ad7675b9b8adf466787abeb7	166	1	A	0	0	_
1d29bc32ad7675b9b8adf466787abeb7	166	1	graphic	0	0	_
1d29bc32ad7675b9b8adf466787abeb7	166	1	narrative	0	0	Text
1d29bc32ad7675b9b8adf466787abeb7	166	1	does	0	0	_
1d29bc32ad7675b9b8adf466787abeb7	166	1	not	0	0	_
1d29bc32ad7675b9b8adf466787abeb7	166	1	dictate	1	1	_
1d29bc32ad7675b9b8adf466787abeb7	166	1	the	0	0	_
1d29bc32ad7675b9b8adf466787abeb7	166	1	speed	0	0	Speed_description
1d29bc32ad7675b9b8adf466787abeb7	166	1	of	0	0	_
1d29bc32ad7675b9b8adf466787abeb7	166	1	reading	0	0	Reading_activity
1d29bc32ad7675b9b8adf466787abeb7	166	1	the	0	0	_

3930759b20a817f0623c183ecc0bf849	167	0	#	0	0	_
3930759b20a817f0623c183ecc0bf849	167	0	infinitum	0	0	_
3930759b20a817f0623c183ecc0bf849	167	0	.	0	0	_

3930759b20a817f0623c183ecc0bf849	167	1	The	0	0	_
3930759b20a817f0623c183ecc0bf849	167	1	distance	0	0	Range
3930759b20a817f0623c183ecc0bf849	167	1	remains	0	0	State_continue
3930759b20a817f0623c183ecc0bf849	167	1	constant	0	0	_
3930759b20a817f0623c183ecc0bf849	167	1	;	0	0	_
3930759b20a817f0623c183ecc0bf849	167	1	therefore	0	0	_
3930759b20a817f0623c183ecc0bf849	167	1	,	0	0	_
3930759b20a817f0623c183ecc0bf849	167	1	the	0	0	_
3930759b20a817f0623c183ecc0bf849	167	1	speed	0	0	Speed_description
3930759b20a817f0623c183ecc0bf849	167	1	of	0	0	_
3930759b20a817f0623c183ecc0bf849	167	1	time	0	0	_
3930759b20a817f0623c183ecc0bf849	167	1	is	0	0	_
3930759b20a817f0623c183ecc0bf849	167	1	constant	0	0	_
3930759b20a817f0623c183ecc0bf849	167	1	.	0	0	_

3930759b20a817f0623c183ecc0bf849	167	2	If	0	0	_
3930759b20a817f0623c183ecc0bf849	167	2	,	0	0	_
3930759b20a817f0623c183ecc0bf849	167	2	however	0	0	_
3930759b20a817f0623c183ecc0bf849	167	2	,	0	0	_
3930759b20a817f0623c183ecc0bf849	167	2	the	0	0	_
3930759b20a817f0623c183ecc0bf849	167	2	mirrors	0	0	_
3930759b20a817f0623c183ecc0bf849	167	2	are	0	0	_
3930759b20a817f0623c183ecc0bf849	167	2	in	1	0	_
3930759b20a817f0623c183ecc0bf849	167	2	motion	0	0	_

3f971fbef863394fbed3a7e6958caa0c	168	0	#	0	0	_
3f971fbef863394fbed3a7e6958caa0c	168	0	wish	0	0	Desiring
3f971fbef863394fbed3a7e6958caa0c	168	0	.	0	0	_

3f971fbef863394fbed3a7e6958caa0c	168	1	Accept	0	0	Respond_to_proposal
3f971fbef863394fbed3a7e6958caa0c	168	1	the	0	0	_
3f971fbef863394fbed3a7e6958caa0c	168	1	fact	0	0	_
3f971fbef863394fbed3a7e6958caa0c	168	1	that	0	0	_
3f971fbef863394fbed3a7e6958caa0c	168	1	time	0	0	_
3f971fbef863394fbed3a7e6958caa0c	168	1	moves	1	0	Motion
3f971fbef863394fbed3a7e6958caa0c	168	1	at	1	0	_
3f971fbef863394fbed3a7e6958caa0c	168	1	the	0	0	_
3f971fbef863394fbed3a7e6958caa0c	168	1	speed	0	0	Speed_description
3f971fbef863394fbed3a7e6958caa0c	168	1	of	0	0	_
3f971fbef863394fbed3a7e6958caa0c	168	1	time	0	0	_
3f971fbef863394fbed3a7e6958caa0c	168	1	and	0	0	_
3f971fbef863394fbed3a7e6958caa0c	168	1	not	0	0	_
3f971fbef863394fbed3a7e6958caa0c	168	1	at	1	0	_
3f971fbef863394fbed3a7e6958caa0c	168	1	the	0	0	_
3f971fbef863394fbed3a7e6958caa0c	168	1	speed	0	0	Speed_description
3f971fbef863394fbed3a7e6958caa0c	168	1	of	0	0	_
3f971fbef863394fbed3a7e6958caa0c	168	1	your	0	0	_
3f971fbef863394fbed3a7e6958caa0c	168	1	expectations	0	0	Expectation
3f971fbef863394fbed3a7e6958caa0c	168	1	.	0	0	_

3f971fbef863394fbed3a7e6958caa0c	168	2	That	1	0	_
3f971fbef863394fbed3a7e6958caa0c	168	2	is	0	0	_
3f971fbef863394fbed3a7e6958caa0c	168	2	patience	0	0	_

447317de73098f39d5b7279913502ee7	169	0	#	0	0	_
447317de73098f39d5b7279913502ee7	169	0	exponentially	0	0	_
447317de73098f39d5b7279913502ee7	169	0	faster	0	0	Speed_description
447317de73098f39d5b7279913502ee7	169	0	as	0	0	Temporal_collocation
447317de73098f39d5b7279913502ee7	169	0	one	0	0	_
447317de73098f39d5b7279913502ee7	169	0	falls	0	0	Motion_directional
447317de73098f39d5b7279913502ee7	169	0	in	0	0	_
447317de73098f39d5b7279913502ee7	169	0	)	0	0	_
447317de73098f39d5b7279913502ee7	169	0	.	0	0	_

447317de73098f39d5b7279913502ee7	169	1	#	0	0	_
447317de73098f39d5b7279913502ee7	169	1	The	0	0	_
447317de73098f39d5b7279913502ee7	169	1	Speed	0	0	Speed_description
447317de73098f39d5b7279913502ee7	169	1	of	0	0	_
447317de73098f39d5b7279913502ee7	169	1	Time	0	0	_
447317de73098f39d5b7279913502ee7	169	1	#	0	0	_
447317de73098f39d5b7279913502ee7	169	1	But	0	0	Concessive
447317de73098f39d5b7279913502ee7	169	1	wait	0	0	Waiting
447317de73098f39d5b7279913502ee7	169	1	a	0	0	_
447317de73098f39d5b7279913502ee7	169	1	second	0	0	Measure_duration
447317de73098f39d5b7279913502ee7	169	1	,	0	0	_
447317de73098f39d5b7279913502ee7	169	1	how	0	0	_
447317de73098f39d5b7279913502ee7	169	1	can	0	0	Capability
447317de73098f39d5b7279913502ee7	169	1	we	0	0	_
447317de73098f39d5b7279913502ee7	169	1	say	0	0	Statement
447317de73098f39d5b7279913502ee7	169	1	that	1	0	_
447317de73098f39d5b7279913502ee7	169	1	time	0	0	_

fc4935ad8a6ce35efdd1070abfd91753	170	0	#	0	0	_
fc4935ad8a6ce35efdd1070abfd91753	170	0	.	0	0	_
fc4935ad8a6ce35efdd1070abfd91753	170	0	``	0	0	_

fc4935ad8a6ce35efdd1070abfd91753	170	1	He	0	0	_
fc4935ad8a6ce35efdd1070abfd91753	170	1	gave	1	0	Giving
fc4935ad8a6ce35efdd1070abfd91753	170	1	a	0	0	_
fc4935ad8a6ce35efdd1070abfd91753	170	1	goodnatured	0	0	Social_interaction_evaluation
fc4935ad8a6ce35efdd1070abfd91753	170	1	laugh.	0	0	Make_noise
fc4935ad8a6ce35efdd1070abfd91753	170	1	``	0	0	_

fc4935ad8a6ce35efdd1070abfd91753	170	2	The	0	0	_
fc4935ad8a6ce35efdd1070abfd91753	170	2	speed	0	0	Speed_description
fc4935ad8a6ce35efdd1070abfd91753	170	2	of	0	0	_
fc4935ad8a6ce35efdd1070abfd91753	170	2	time	0	0	_
fc4935ad8a6ce35efdd1070abfd91753	170	2	.	0	0	_

fc4935ad8a6ce35efdd1070abfd91753	170	3	Very	0	0	_
fc4935ad8a6ce35efdd1070abfd91753	170	3	much	0	0	_
fc4935ad8a6ce35efdd1070abfd91753	170	3	in	1	0	_
fc4935ad8a6ce35efdd1070abfd91753	170	3	the	0	0	_
fc4935ad8a6ce35efdd1070abfd91753	170	3	spirit	1	1	_
fc4935ad8a6ce35efdd1070abfd91753	170	3	of	0	0	_
fc4935ad8a6ce35efdd1070abfd91753	170	3	relativity	0	0	_
fc4935ad8a6ce35efdd1070abfd91753	170	3	theory.	0	0	_
fc4935ad8a6ce35efdd1070abfd91753	170	3	``	0	0	_

fc4935ad8a6ce35efdd1070abfd91753	170	4	He	0	0	_

2172636528d47d287218c52cf5561ff6	171	0	#	0	0	_
2172636528d47d287218c52cf5561ff6	171	0	seems	0	0	Give_impression
2172636528d47d287218c52cf5561ff6	171	0	to	0	0	_
2172636528d47d287218c52cf5561ff6	171	0	have	0	0	_
2172636528d47d287218c52cf5561ff6	171	0	borne	1	1	_
2172636528d47d287218c52cf5561ff6	171	0	real	0	0	Existence
2172636528d47d287218c52cf5561ff6	171	0	fruit.	1	1	_
2172636528d47d287218c52cf5561ff6	171	0	``	0	0	_

2172636528d47d287218c52cf5561ff6	171	1	``	0	0	_
2172636528d47d287218c52cf5561ff6	171	1	The	0	0	_
2172636528d47d287218c52cf5561ff6	171	1	speed	0	0	Speed_description
2172636528d47d287218c52cf5561ff6	171	1	of	0	0	_
2172636528d47d287218c52cf5561ff6	171	1	time	0	0	_
2172636528d47d287218c52cf5561ff6	171	1	bears	1	1	_
2172636528d47d287218c52cf5561ff6	171	1	bitter	1	1	Stimulus_focus
2172636528d47d287218c52cf5561ff6	171	1	fruit	1	1	_
2172636528d47d287218c52cf5561ff6	171	1	,	0	0	_
2172636528d47d287218c52cf5561ff6	171	1	``	0	0	_
2172636528d47d287218c52cf5561ff6	171	1	said	0	0	Statement
2172636528d47d287218c52cf5561ff6	171	1	Robert	0	0	_
2172636528d47d287218c52cf5561ff6	171	1	with	1	0	_
2172636528d47d287218c52cf5561ff6	171	1	a	0	0	_
2172636528d47d287218c52cf5561ff6	171	1	sigh.	0	0	Make_noise
2172636528d47d287218c52cf5561ff6	171	1	``	0	0	_

422644b7124eebcf18efd396bd7f1e3e	172	0	#	0	0	_
422644b7124eebcf18efd396bd7f1e3e	172	0	?	0	0	_
422644b7124eebcf18efd396bd7f1e3e	172	0	?	0	0	_

422644b7124eebcf18efd396bd7f1e3e	172	1	Looking	0	0	Perception_active
422644b7124eebcf18efd396bd7f1e3e	172	1	up	0	0	_
422644b7124eebcf18efd396bd7f1e3e	172	1	with	1	0	_
422644b7124eebcf18efd396bd7f1e3e	172	1	no	0	0	_
422644b7124eebcf18efd396bd7f1e3e	172	1	surprise	0	0	Experiencer_obj
422644b7124eebcf18efd396bd7f1e3e	172	1	Arriving	1	1	Arriving
422644b7124eebcf18efd396bd7f1e3e	172	1	in	1	0	_
422644b7124eebcf18efd396bd7f1e3e	172	1	the	0	0	_
422644b7124eebcf18efd396bd7f1e3e	172	1	speed	0	0	Speed_description
422644b7124eebcf18efd396bd7f1e3e	172	1	of	0	0	_
422644b7124eebcf18efd396bd7f1e3e	172	1	time	0	0	_
422644b7124eebcf18efd396bd7f1e3e	172	1	?	0	0	_
422644b7124eebcf18efd396bd7f1e3e	172	1	?	0	0	_

422644b7124eebcf18efd396bd7f1e3e	172	2	Ah	0	0	_
422644b7124eebcf18efd396bd7f1e3e	172	2	,	0	0	_
422644b7124eebcf18efd396bd7f1e3e	172	2	ah	0	0	_
422644b7124eebcf18efd396bd7f1e3e	172	2	,	0	0	_
422644b7124eebcf18efd396bd7f1e3e	172	2	ah	0	0	_
422644b7124eebcf18efd396bd7f1e3e	172	2	,	0	0	_
422644b7124eebcf18efd396bd7f1e3e	172	2	ah	0	0	_
422644b7124eebcf18efd396bd7f1e3e	172	2	,	0	0	_
422644b7124eebcf18efd396bd7f1e3e	172	2	ah	0	0	_
422644b7124eebcf18efd396bd7f1e3e	172	2	?	0	0	_

33719d071393434bfe159d76ea563e5c	173	0	#	0	0	_
33719d071393434bfe159d76ea563e5c	173	0	.	0	0	_
33719d071393434bfe159d76ea563e5c	173	0	``	0	0	_

33719d071393434bfe159d76ea563e5c	173	1	OR	0	0	_
33719d071393434bfe159d76ea563e5c	173	1	``	0	0	_
33719d071393434bfe159d76ea563e5c	173	1	I	0	0	_
33719d071393434bfe159d76ea563e5c	173	1	feel	1	0	Feeling
33719d071393434bfe159d76ea563e5c	173	1	overwhelmed	1	1	_
33719d071393434bfe159d76ea563e5c	173	1	by	0	0	_
33719d071393434bfe159d76ea563e5c	173	1	the	0	0	_
33719d071393434bfe159d76ea563e5c	173	1	speed	0	0	Speed_description
33719d071393434bfe159d76ea563e5c	173	1	of	0	0	_
33719d071393434bfe159d76ea563e5c	173	1	time	0	0	_
33719d071393434bfe159d76ea563e5c	173	1	trials	0	0	Trial
33719d071393434bfe159d76ea563e5c	173	1	and	0	0	_
33719d071393434bfe159d76ea563e5c	173	1	tyne-trial-mtensity	0	0	_
33719d071393434bfe159d76ea563e5c	173	1	workouts.	0	0	Practice
33719d071393434bfe159d76ea563e5c	173	1	``	0	0	_

33719d071393434bfe159d76ea563e5c	173	2	YOUR	0	0	_
33719d071393434bfe159d76ea563e5c	173	2	LIMITER	0	0	_
33719d071393434bfe159d76ea563e5c	173	2	IS	0	0	_
33719d071393434bfe159d76ea563e5c	173	2	:	0	0	_
33719d071393434bfe159d76ea563e5c	173	2	LACTATE	0	0	_
33719d071393434bfe159d76ea563e5c	173	2	THRESHOLD	0	0	_

4974048a590189ed8448e1694d1bcf03	174	0	#	0	0	_
4974048a590189ed8448e1694d1bcf03	174	0	do	0	0	_
4974048a590189ed8448e1694d1bcf03	174	0	n't	0	0	_
4974048a590189ed8448e1694d1bcf03	174	0	happen	0	0	Event
4974048a590189ed8448e1694d1bcf03	174	0	overnight	0	0	Calendric_unit
4974048a590189ed8448e1694d1bcf03	174	0	.	0	0	_

4974048a590189ed8448e1694d1bcf03	174	1	They	0	0	_
4974048a590189ed8448e1694d1bcf03	174	1	operate	1	0	Operating_a_system
4974048a590189ed8448e1694d1bcf03	174	1	under	1	0	_
4974048a590189ed8448e1694d1bcf03	174	1	the	0	0	_
4974048a590189ed8448e1694d1bcf03	174	1	slow	0	0	Taking_time
4974048a590189ed8448e1694d1bcf03	174	1	creep	1	1	_
4974048a590189ed8448e1694d1bcf03	174	1	of	0	0	_
4974048a590189ed8448e1694d1bcf03	174	1	time	0	0	_
4974048a590189ed8448e1694d1bcf03	174	1	,	0	0	_
4974048a590189ed8448e1694d1bcf03	174	1	creating	0	0	Causation
4974048a590189ed8448e1694d1bcf03	174	1	a	0	0	_
4974048a590189ed8448e1694d1bcf03	174	1	subtle	0	0	_
4974048a590189ed8448e1694d1bcf03	174	1	yet	0	0	_
4974048a590189ed8448e1694d1bcf03	174	1	pervasive	0	0	_
4974048a590189ed8448e1694d1bcf03	174	1	effect	0	0	Objective_influence
4974048a590189ed8448e1694d1bcf03	174	1	on	1	0	_
4974048a590189ed8448e1694d1bcf03	174	1	the	0	0	_
4974048a590189ed8448e1694d1bcf03	174	1	mindset	0	0	_
4974048a590189ed8448e1694d1bcf03	174	1	and	0	0	_
4974048a590189ed8448e1694d1bcf03	174	1	the	0	0	_

589ec6912addd4541f9045f176e91579	175	0	#	0	0	_
589ec6912addd4541f9045f176e91579	175	0	in	1	0	_
589ec6912addd4541f9045f176e91579	175	0	someone	0	0	_
589ec6912addd4541f9045f176e91579	175	0	else	0	0	Increment
589ec6912addd4541f9045f176e91579	175	0	,	0	0	_
589ec6912addd4541f9045f176e91579	175	0	and	0	0	_
589ec6912addd4541f9045f176e91579	175	0	then	0	0	_
589ec6912addd4541f9045f176e91579	175	0	the	0	0	_
589ec6912addd4541f9045f176e91579	175	0	onward	1	1	_
589ec6912addd4541f9045f176e91579	175	0	rush	1	1	Self_motion
589ec6912addd4541f9045f176e91579	175	0	or	0	0	_
589ec6912addd4541f9045f176e91579	175	0	creep	1	1	Self_motion
589ec6912addd4541f9045f176e91579	175	0	of	0	0	_
589ec6912addd4541f9045f176e91579	175	0	time	0	0	_
589ec6912addd4541f9045f176e91579	175	0	deposits	1	1	Placing
589ec6912addd4541f9045f176e91579	175	0	you	0	0	_
589ec6912addd4541f9045f176e91579	175	0	in	1	0	Interior_profile_relation
589ec6912addd4541f9045f176e91579	175	0	the	0	0	_
589ec6912addd4541f9045f176e91579	175	0	middle	1	0	Part_inner_outer
589ec6912addd4541f9045f176e91579	175	0	of	0	0	_
589ec6912addd4541f9045f176e91579	175	0	the	0	0	_
589ec6912addd4541f9045f176e91579	175	0	singular	0	0	_
589ec6912addd4541f9045f176e91579	175	0	death	0	0	Death
589ec6912addd4541f9045f176e91579	175	0	in	1	0	Interior_profile_relation
589ec6912addd4541f9045f176e91579	175	0	yourself	0	0	_
589ec6912addd4541f9045f176e91579	175	0	.	0	0	_

27feb2c2cf9be7f321c17d6035b6af2c	176	0	#	0	0	_
27feb2c2cf9be7f321c17d6035b6af2c	176	0	me	0	0	_
27feb2c2cf9be7f321c17d6035b6af2c	176	0	via	0	0	_
27feb2c2cf9be7f321c17d6035b6af2c	176	0	email	0	0	_
27feb2c2cf9be7f321c17d6035b6af2c	176	0	for	0	0	_
27feb2c2cf9be7f321c17d6035b6af2c	176	0	permission	0	0	Deny_or_grant_permission
27feb2c2cf9be7f321c17d6035b6af2c	176	0	to	0	0	_
27feb2c2cf9be7f321c17d6035b6af2c	176	0	use	0	0	Using
27feb2c2cf9be7f321c17d6035b6af2c	176	0	material	0	0	Ingredients
27feb2c2cf9be7f321c17d6035b6af2c	176	0	from	0	0	_
27feb2c2cf9be7f321c17d6035b6af2c	176	0	An	0	0	_
27feb2c2cf9be7f321c17d6035b6af2c	176	0	Inch	0	0	_
27feb2c2cf9be7f321c17d6035b6af2c	176	0	of	0	0	_
27feb2c2cf9be7f321c17d6035b6af2c	176	0	Time	0	0	_
27feb2c2cf9be7f321c17d6035b6af2c	176	0	.	0	0	_

27feb2c2cf9be7f321c17d6035b6af2c	176	1	Thanks	0	0	Judgment_direct_address
27feb2c2cf9be7f321c17d6035b6af2c	176	1	.	0	0	_

27feb2c2cf9be7f321c17d6035b6af2c	176	2	Follow	0	0	_
27feb2c2cf9be7f321c17d6035b6af2c	176	2	by	0	0	_
27feb2c2cf9be7f321c17d6035b6af2c	176	2	Email	0	0	_
27feb2c2cf9be7f321c17d6035b6af2c	176	2	Word	0	0	_
27feb2c2cf9be7f321c17d6035b6af2c	176	2	Favorite	0	0	_
27feb2c2cf9be7f321c17d6035b6af2c	176	2	Books	0	0	Text

2d2f2d0244b7f9611b20790bbddcf890	177	0	#	0	0	_
2d2f2d0244b7f9611b20790bbddcf890	177	0	a	0	0	_
2d2f2d0244b7f9611b20790bbddcf890	177	0	natural	0	0	_
2d2f2d0244b7f9611b20790bbddcf890	177	0	method	0	0	Means
2d2f2d0244b7f9611b20790bbddcf890	177	0	of	0	0	_
2d2f2d0244b7f9611b20790bbddcf890	177	0	connecting	1	0	Cause_to_amalgamate
2d2f2d0244b7f9611b20790bbddcf890	177	0	feelings	0	0	_
2d2f2d0244b7f9611b20790bbddcf890	177	0	with	1	0	_
2d2f2d0244b7f9611b20790bbddcf890	177	0	the	0	0	_
2d2f2d0244b7f9611b20790bbddcf890	177	0	objects	1	1	Purpose
2d2f2d0244b7f9611b20790bbddcf890	177	0	of	0	0	_
2d2f2d0244b7f9611b20790bbddcf890	177	0	feelings	0	0	_
2d2f2d0244b7f9611b20790bbddcf890	177	0	,	0	0	_
2d2f2d0244b7f9611b20790bbddcf890	177	0	this	1	0	_
2d2f2d0244b7f9611b20790bbddcf890	177	0	method	0	0	Means
2d2f2d0244b7f9611b20790bbddcf890	177	0	can	0	0	Capability
2d2f2d0244b7f9611b20790bbddcf890	177	0	be	0	0	_
2d2f2d0244b7f9611b20790bbddcf890	177	0	discovered	1	1	Becoming_aware
2d2f2d0244b7f9611b20790bbddcf890	177	0	without	1	0	_
2d2f2d0244b7f9611b20790bbddcf890	177	0	subjectivism	0	0	_
2d2f2d0244b7f9611b20790bbddcf890	177	0	.	0	0	_

2d2f2d0244b7f9611b20790bbddcf890	177	1	(	0	0	_
2d2f2d0244b7f9611b20790bbddcf890	177	1	n195	0	0	_
2d2f2d0244b7f9611b20790bbddcf890	177	1	)	0	0	_
2d2f2d0244b7f9611b20790bbddcf890	177	1	#	0	0	_
2d2f2d0244b7f9611b20790bbddcf890	177	1	Schopenhauer	0	0	_
2d2f2d0244b7f9611b20790bbddcf890	177	1	held	1	0	_

9d44392dffda8d8fb0dc276549668ff9	178	0	#	0	0	_
9d44392dffda8d8fb0dc276549668ff9	178	0	also	0	0	_
9d44392dffda8d8fb0dc276549668ff9	178	0	mean	0	0	Evidence
9d44392dffda8d8fb0dc276549668ff9	178	0	the	0	0	_
9d44392dffda8d8fb0dc276549668ff9	178	0	``	0	0	_
9d44392dffda8d8fb0dc276549668ff9	178	0	imaginative	0	0	_
9d44392dffda8d8fb0dc276549668ff9	178	0	ascribing	1	1	Judgment_communication
9d44392dffda8d8fb0dc276549668ff9	178	0	to	1	0	_
9d44392dffda8d8fb0dc276549668ff9	178	0	an	0	0	_
9d44392dffda8d8fb0dc276549668ff9	178	0	object	1	0	Purpose
9d44392dffda8d8fb0dc276549668ff9	178	0	of	0	0	_
9d44392dffda8d8fb0dc276549668ff9	178	0	feelings	0	0	Feeling
9d44392dffda8d8fb0dc276549668ff9	178	0	or	0	0	_
9d44392dffda8d8fb0dc276549668ff9	178	0	attitudes	1	1	Opinion
9d44392dffda8d8fb0dc276549668ff9	178	0	present	1	0	Presence
9d44392dffda8d8fb0dc276549668ff9	178	0	in	1	0	Interior_profile_relation
9d44392dffda8d8fb0dc276549668ff9	178	0	oneself	0	0	_
9d44392dffda8d8fb0dc276549668ff9	178	0	``	0	0	_
9d44392dffda8d8fb0dc276549668ff9	178	0	(	0	0	_
9d44392dffda8d8fb0dc276549668ff9	178	0	Webster	0	0	_
9d44392dffda8d8fb0dc276549668ff9	178	0	's	0	0	_
9d44392dffda8d8fb0dc276549668ff9	178	0	Encyclopedic	0	0	_
9d44392dffda8d8fb0dc276549668ff9	178	0	Unabridged	0	0	_
9d44392dffda8d8fb0dc276549668ff9	178	0	Dictionary	0	0	_
9d44392dffda8d8fb0dc276549668ff9	178	0	,	0	0	_
9d44392dffda8d8fb0dc276549668ff9	178	0	1989	0	0	_

02fcdf8f7164b74454d8f5b68afe13c7	179	0	#	0	0	_
02fcdf8f7164b74454d8f5b68afe13c7	179	0	based	1	0	_
02fcdf8f7164b74454d8f5b68afe13c7	179	0	on	1	0	_
02fcdf8f7164b74454d8f5b68afe13c7	179	0	the	0	0	_
02fcdf8f7164b74454d8f5b68afe13c7	179	0	intuition	0	0	_
02fcdf8f7164b74454d8f5b68afe13c7	179	0	of	0	0	_
02fcdf8f7164b74454d8f5b68afe13c7	179	0	values	0	0	_
02fcdf8f7164b74454d8f5b68afe13c7	179	0	as	0	0	_
02fcdf8f7164b74454d8f5b68afe13c7	179	0	the	0	0	_
02fcdf8f7164b74454d8f5b68afe13c7	179	0	objects	1	1	Purpose
02fcdf8f7164b74454d8f5b68afe13c7	179	0	of	0	0	_
02fcdf8f7164b74454d8f5b68afe13c7	179	0	feeling	0	0	Feeling
02fcdf8f7164b74454d8f5b68afe13c7	179	0	.	0	0	_

02fcdf8f7164b74454d8f5b68afe13c7	179	1	Scheler	0	0	_
02fcdf8f7164b74454d8f5b68afe13c7	179	1	's	0	0	_
02fcdf8f7164b74454d8f5b68afe13c7	179	1	style	0	0	Type
02fcdf8f7164b74454d8f5b68afe13c7	179	1	of	0	0	_
02fcdf8f7164b74454d8f5b68afe13c7	179	1	thought	0	0	Awareness
02fcdf8f7164b74454d8f5b68afe13c7	179	1	was	0	0	_
02fcdf8f7164b74454d8f5b68afe13c7	179	1	intuitive	0	0	_
02fcdf8f7164b74454d8f5b68afe13c7	179	1	and	0	0	_
02fcdf8f7164b74454d8f5b68afe13c7	179	1	introspective	0	0	Scrutiny
02fcdf8f7164b74454d8f5b68afe13c7	179	1	.	0	0	_

02fcdf8f7164b74454d8f5b68afe13c7	179	2	He	0	0	_
02fcdf8f7164b74454d8f5b68afe13c7	179	2	excelled	0	0	Expertise
02fcdf8f7164b74454d8f5b68afe13c7	179	2	at	1	0	_

042d1c586715e3cd934bf6889b3f0f06	180	0	#	0	0	_
042d1c586715e3cd934bf6889b3f0f06	180	0	a	0	0	_
042d1c586715e3cd934bf6889b3f0f06	180	0	tortured	1	1	Cause_harm
042d1c586715e3cd934bf6889b3f0f06	180	0	satellite	1	1	_
042d1c586715e3cd934bf6889b3f0f06	180	0	,	0	0	_
042d1c586715e3cd934bf6889b3f0f06	180	0	saw	1	0	Categorization
042d1c586715e3cd934bf6889b3f0f06	180	0	her	0	0	_
042d1c586715e3cd934bf6889b3f0f06	180	0	as	0	0	_
042d1c586715e3cd934bf6889b3f0f06	180	0	a	0	0	_
042d1c586715e3cd934bf6889b3f0f06	180	0	thing	1	0	_
042d1c586715e3cd934bf6889b3f0f06	180	0	of	0	0	_
042d1c586715e3cd934bf6889b3f0f06	180	0	emotions	0	0	_
042d1c586715e3cd934bf6889b3f0f06	180	0	and	0	0	_
042d1c586715e3cd934bf6889b3f0f06	180	0	feelings	0	0	Feeling
042d1c586715e3cd934bf6889b3f0f06	180	0	,	0	0	_
042d1c586715e3cd934bf6889b3f0f06	180	0	of	0	0	_
042d1c586715e3cd934bf6889b3f0f06	180	0	moods	0	0	_
042d1c586715e3cd934bf6889b3f0f06	180	0	and	0	0	_
042d1c586715e3cd934bf6889b3f0f06	180	0	changes	0	0	Undergo_change
042d1c586715e3cd934bf6889b3f0f06	180	0	.	0	0	_

042d1c586715e3cd934bf6889b3f0f06	180	1	He	0	0	_
042d1c586715e3cd934bf6889b3f0f06	180	1	saw	0	0	Perception_experience
042d1c586715e3cd934bf6889b3f0f06	180	1	beauty	0	0	_
042d1c586715e3cd934bf6889b3f0f06	180	1	where	0	0	Locative_relation
042d1c586715e3cd934bf6889b3f0f06	180	1	others	0	0	Increment
042d1c586715e3cd934bf6889b3f0f06	180	1	saw	0	0	Perception_experience

6dd4e5bf3fd1e6a257f6f894b36614fc	181	0	#	0	0	_
6dd4e5bf3fd1e6a257f6f894b36614fc	181	0	is	0	0	_
6dd4e5bf3fd1e6a257f6f894b36614fc	181	0	that	0	0	_
6dd4e5bf3fd1e6a257f6f894b36614fc	181	0	it	0	0	_
6dd4e5bf3fd1e6a257f6f894b36614fc	181	0	may	0	0	Likelihood
6dd4e5bf3fd1e6a257f6f894b36614fc	181	0	make	1	0	Causation
6dd4e5bf3fd1e6a257f6f894b36614fc	181	0	increasingly	0	0	Change_position_on_a_scale
6dd4e5bf3fd1e6a257f6f894b36614fc	181	0	otiose	0	0	_
6dd4e5bf3fd1e6a257f6f894b36614fc	181	0	certain	0	0	Idiosyncrasy
6dd4e5bf3fd1e6a257f6f894b36614fc	181	0	objects	1	1	Purpose
6dd4e5bf3fd1e6a257f6f894b36614fc	181	0	of	0	0	_
6dd4e5bf3fd1e6a257f6f894b36614fc	181	0	emotion	0	0	_
6dd4e5bf3fd1e6a257f6f894b36614fc	181	0	and	0	0	_
6dd4e5bf3fd1e6a257f6f894b36614fc	181	0	their	0	0	_
6dd4e5bf3fd1e6a257f6f894b36614fc	181	0	conditions	0	0	State_of_entity
6dd4e5bf3fd1e6a257f6f894b36614fc	181	0	.	0	0	_

6dd4e5bf3fd1e6a257f6f894b36614fc	181	1	In	1	0	_
6dd4e5bf3fd1e6a257f6f894b36614fc	181	1	this	1	0	_
6dd4e5bf3fd1e6a257f6f894b36614fc	181	1	,	0	0	_
6dd4e5bf3fd1e6a257f6f894b36614fc	181	1	it	0	0	_
6dd4e5bf3fd1e6a257f6f894b36614fc	181	1	is	0	0	_
6dd4e5bf3fd1e6a257f6f894b36614fc	181	1	not	0	0	_
6dd4e5bf3fd1e6a257f6f894b36614fc	181	1	unlike	0	0	Similarity
6dd4e5bf3fd1e6a257f6f894b36614fc	181	1	historical	0	0	_
6dd4e5bf3fd1e6a257f6f894b36614fc	181	1	change	0	0	Undergo_change
6dd4e5bf3fd1e6a257f6f894b36614fc	181	1	generally	0	0	_

5f6e2422f9708c1bdffa59828a7ebbd0	182	0	#	0	0	_
5f6e2422f9708c1bdffa59828a7ebbd0	182	0	southern	0	0	Part_orientational
5f6e2422f9708c1bdffa59828a7ebbd0	182	0	hemisphere	0	0	_
5f6e2422f9708c1bdffa59828a7ebbd0	182	0	.	0	0	_

5f6e2422f9708c1bdffa59828a7ebbd0	182	1	If	0	0	_
5f6e2422f9708c1bdffa59828a7ebbd0	182	1	there	0	0	Existence
5f6e2422f9708c1bdffa59828a7ebbd0	182	1	is	0	0	Existence
5f6e2422f9708c1bdffa59828a7ebbd0	182	1	a	0	0	_
5f6e2422f9708c1bdffa59828a7ebbd0	182	1	scientific	0	0	_
5f6e2422f9708c1bdffa59828a7ebbd0	182	1	object	0	0	Purpose
5f6e2422f9708c1bdffa59828a7ebbd0	182	1	of	0	0	_
5f6e2422f9708c1bdffa59828a7ebbd0	182	1	opportunity	0	0	_
5f6e2422f9708c1bdffa59828a7ebbd0	182	1	,	0	0	_
5f6e2422f9708c1bdffa59828a7ebbd0	182	1	Watters	0	0	_
5f6e2422f9708c1bdffa59828a7ebbd0	182	1	says	0	0	Statement
5f6e2422f9708c1bdffa59828a7ebbd0	182	1	that	0	0	_
5f6e2422f9708c1bdffa59828a7ebbd0	182	1	the	0	0	_
5f6e2422f9708c1bdffa59828a7ebbd0	182	1	spacecraft	0	0	Vehicle
5f6e2422f9708c1bdffa59828a7ebbd0	182	1	's	0	0	_
5f6e2422f9708c1bdffa59828a7ebbd0	182	1	orbit	0	0	Range
5f6e2422f9708c1bdffa59828a7ebbd0	182	1	can	0	0	Capability
5f6e2422f9708c1bdffa59828a7ebbd0	182	1	be	0	0	_
5f6e2422f9708c1bdffa59828a7ebbd0	182	1	drifted	0	0	Motion
5f6e2422f9708c1bdffa59828a7ebbd0	182	1	a	0	0	_
5f6e2422f9708c1bdffa59828a7ebbd0	182	1	bit	0	0	_
5f6e2422f9708c1bdffa59828a7ebbd0	182	1	north	0	0	Direction

12ca2182ccddbe97efbb5d67b6cab81d	183	0	#	0	0	_
12ca2182ccddbe97efbb5d67b6cab81d	183	0	which	0	0	_
12ca2182ccddbe97efbb5d67b6cab81d	183	0	though	0	0	_
12ca2182ccddbe97efbb5d67b6cab81d	183	0	said	0	0	Statement
12ca2182ccddbe97efbb5d67b6cab81d	183	0	to	0	0	_
12ca2182ccddbe97efbb5d67b6cab81d	183	0	happen	0	0	Event
12ca2182ccddbe97efbb5d67b6cab81d	183	0	,	0	0	_
12ca2182ccddbe97efbb5d67b6cab81d	183	0	were	0	0	_
12ca2182ccddbe97efbb5d67b6cab81d	183	0	not	0	0	_
12ca2182ccddbe97efbb5d67b6cab81d	183	0	things	1	0	_
12ca2182ccddbe97efbb5d67b6cab81d	183	0	of	0	0	_
12ca2182ccddbe97efbb5d67b6cab81d	183	0	chance	0	0	Likelihood
12ca2182ccddbe97efbb5d67b6cab81d	183	0	but	0	0	_
12ca2182ccddbe97efbb5d67b6cab81d	183	0	of	0	0	_
12ca2182ccddbe97efbb5d67b6cab81d	183	0	appointment	0	0	_
12ca2182ccddbe97efbb5d67b6cab81d	183	0	;	0	0	_
12ca2182ccddbe97efbb5d67b6cab81d	183	0	for	0	0	_
12ca2182ccddbe97efbb5d67b6cab81d	183	0	as	0	0	_
12ca2182ccddbe97efbb5d67b6cab81d	183	0	all	0	0	Quantified_mass
12ca2182ccddbe97efbb5d67b6cab81d	183	0	the	0	0	_
12ca2182ccddbe97efbb5d67b6cab81d	183	0	sufferings	0	0	Catastrophe
12ca2182ccddbe97efbb5d67b6cab81d	183	0	of	0	0	_
12ca2182ccddbe97efbb5d67b6cab81d	183	0	Christ	0	0	_
12ca2182ccddbe97efbb5d67b6cab81d	183	0	the	0	0	_
12ca2182ccddbe97efbb5d67b6cab81d	183	0	head	1	1	Leadership
12ca2182ccddbe97efbb5d67b6cab81d	183	0	,	0	0	_

4fbe369c4272a9489cbea72bc6ef2e2a	184	0	#	0	0	_
4fbe369c4272a9489cbea72bc6ef2e2a	184	0	,	0	0	_
4fbe369c4272a9489cbea72bc6ef2e2a	184	0	1954	0	0	_
4fbe369c4272a9489cbea72bc6ef2e2a	184	0	)	0	0	_
4fbe369c4272a9489cbea72bc6ef2e2a	184	0	.	0	0	_

4fbe369c4272a9489cbea72bc6ef2e2a	184	1	That	1	0	_
4fbe369c4272a9489cbea72bc6ef2e2a	184	1	is	0	0	_
4fbe369c4272a9489cbea72bc6ef2e2a	184	1	:	0	0	_
4fbe369c4272a9489cbea72bc6ef2e2a	184	1	the	0	0	_
4fbe369c4272a9489cbea72bc6ef2e2a	184	1	objects	0	0	Purpose
4fbe369c4272a9489cbea72bc6ef2e2a	184	1	of	0	0	_
4fbe369c4272a9489cbea72bc6ef2e2a	184	1	thought	0	0	Awareness
4fbe369c4272a9489cbea72bc6ef2e2a	184	1	call	1	1	Request
4fbe369c4272a9489cbea72bc6ef2e2a	184	1	forth	1	1	_
4fbe369c4272a9489cbea72bc6ef2e2a	184	1	or	0	0	_
4fbe369c4272a9489cbea72bc6ef2e2a	184	1	compel	1	1	Subjective_influence
4fbe369c4272a9489cbea72bc6ef2e2a	184	1	your	0	0	_
4fbe369c4272a9489cbea72bc6ef2e2a	184	1	thinking	0	0	Cogitation
4fbe369c4272a9489cbea72bc6ef2e2a	184	1	about	1	0	Topic
4fbe369c4272a9489cbea72bc6ef2e2a	184	1	them	0	0	_
4fbe369c4272a9489cbea72bc6ef2e2a	184	1	,	0	0	_
4fbe369c4272a9489cbea72bc6ef2e2a	184	1	and	0	0	_
4fbe369c4272a9489cbea72bc6ef2e2a	184	1	not	0	0	Negation
4fbe369c4272a9489cbea72bc6ef2e2a	184	1	vice	0	0	_
4fbe369c4272a9489cbea72bc6ef2e2a	184	1	versa	0	0	_
4fbe369c4272a9489cbea72bc6ef2e2a	184	1	.	0	0	_

4fbe369c4272a9489cbea72bc6ef2e2a	184	2	#	0	0	_

00176820f74651147009f328987075f5	185	0	#	0	0	_
00176820f74651147009f328987075f5	185	0	individuating	0	0	_
00176820f74651147009f328987075f5	185	0	conditions	0	0	State_of_entity
00176820f74651147009f328987075f5	185	0	.	0	0	_

00176820f74651147009f328987075f5	185	1	In	1	0	_
00176820f74651147009f328987075f5	185	1	most	0	0	_
00176820f74651147009f328987075f5	185	1	cases	0	0	Instance
00176820f74651147009f328987075f5	185	1	,	0	0	_
00176820f74651147009f328987075f5	185	1	the	0	0	_
00176820f74651147009f328987075f5	185	1	object	0	0	Purpose
00176820f74651147009f328987075f5	185	1	of	0	0	_
00176820f74651147009f328987075f5	185	1	thought	0	0	Awareness
00176820f74651147009f328987075f5	185	1	is	0	0	_
00176820f74651147009f328987075f5	185	1	the	0	0	_
00176820f74651147009f328987075f5	185	1	universal	0	0	_
00176820f74651147009f328987075f5	185	1	nature	0	0	_
00176820f74651147009f328987075f5	185	1	of	0	0	_
00176820f74651147009f328987075f5	185	1	things	0	0	_
00176820f74651147009f328987075f5	185	1	.	0	0	_

00176820f74651147009f328987075f5	185	2	However	0	0	Concessive
00176820f74651147009f328987075f5	185	2	,	0	0	_
00176820f74651147009f328987075f5	185	2	there	0	0	Existence
00176820f74651147009f328987075f5	185	2	is	0	0	Existence
00176820f74651147009f328987075f5	185	2	still	0	0	Continued_state_of_affairs
00176820f74651147009f328987075f5	185	2	a	0	0	_
00176820f74651147009f328987075f5	185	2	marginal	0	0	_

81a59bae1177980b042b46076bf3d2c5	186	0	#	0	0	_
81a59bae1177980b042b46076bf3d2c5	186	0	it	0	0	_
81a59bae1177980b042b46076bf3d2c5	186	0	a	0	0	_
81a59bae1177980b042b46076bf3d2c5	186	0	certain	0	0	Idiosyncrasy
81a59bae1177980b042b46076bf3d2c5	186	0	range	1	1	Diversity
81a59bae1177980b042b46076bf3d2c5	186	0	of	0	0	_
81a59bae1177980b042b46076bf3d2c5	186	0	possibilities	0	0	Alternatives
81a59bae1177980b042b46076bf3d2c5	186	0	for	0	0	_
81a59bae1177980b042b46076bf3d2c5	186	0	problematizing	0	0	_
81a59bae1177980b042b46076bf3d2c5	186	0	objects	1	1	Purpose
81a59bae1177980b042b46076bf3d2c5	186	0	of	0	0	_
81a59bae1177980b042b46076bf3d2c5	186	0	thought	0	0	_
81a59bae1177980b042b46076bf3d2c5	186	0	,	0	0	_
81a59bae1177980b042b46076bf3d2c5	186	0	but	0	0	_
81a59bae1177980b042b46076bf3d2c5	186	0	also	0	0	_
81a59bae1177980b042b46076bf3d2c5	186	0	precludes	0	0	Preventing_or_letting
81a59bae1177980b042b46076bf3d2c5	186	0	certain	0	0	Idiosyncrasy
81a59bae1177980b042b46076bf3d2c5	186	0	other	0	0	Increment
81a59bae1177980b042b46076bf3d2c5	186	0	kinds	0	0	Type
81a59bae1177980b042b46076bf3d2c5	186	0	of	0	0	_
81a59bae1177980b042b46076bf3d2c5	186	0	ideational	0	0	_
81a59bae1177980b042b46076bf3d2c5	186	0	motifs	0	0	_
81a59bae1177980b042b46076bf3d2c5	186	0	,	0	0	_
81a59bae1177980b042b46076bf3d2c5	186	0	even	0	0	_
81a59bae1177980b042b46076bf3d2c5	186	0	the	0	0	_
81a59bae1177980b042b46076bf3d2c5	186	0	questions	0	0	Questioning

4a0c44da58d5ec9dad40b3ab4676e95b	187	0	#	0	0	_
4a0c44da58d5ec9dad40b3ab4676e95b	187	0	,	0	0	_
4a0c44da58d5ec9dad40b3ab4676e95b	187	0	be	0	0	_
4a0c44da58d5ec9dad40b3ab4676e95b	187	0	intellectually	0	0	_
4a0c44da58d5ec9dad40b3ab4676e95b	187	0	symbolized	0	0	Communicate_categorization
4a0c44da58d5ec9dad40b3ab4676e95b	187	0	and	0	0	_
4a0c44da58d5ec9dad40b3ab4676e95b	187	0	converted	1	1	Cause_change
4a0c44da58d5ec9dad40b3ab4676e95b	187	0	into	1	0	_
4a0c44da58d5ec9dad40b3ab4676e95b	187	0	an	0	0	_
4a0c44da58d5ec9dad40b3ab4676e95b	187	0	object	0	0	Purpose
4a0c44da58d5ec9dad40b3ab4676e95b	187	0	of	0	0	_
4a0c44da58d5ec9dad40b3ab4676e95b	187	0	thought	0	0	_
4a0c44da58d5ec9dad40b3ab4676e95b	187	0	.	0	0	_

4a0c44da58d5ec9dad40b3ab4676e95b	187	1	(	0	0	_
4a0c44da58d5ec9dad40b3ab4676e95b	187	1	LW	0	0	_
4a0c44da58d5ec9dad40b3ab4676e95b	187	1	5:254	0	0	_
4a0c44da58d5ec9dad40b3ab4676e95b	187	1	,	0	0	_
4a0c44da58d5ec9dad40b3ab4676e95b	187	1	emphasis	0	0	Emphasizing
4a0c44da58d5ec9dad40b3ab4676e95b	187	1	added	1	0	Statement
4a0c44da58d5ec9dad40b3ab4676e95b	187	1	)	0	0	_
4a0c44da58d5ec9dad40b3ab4676e95b	187	1	#	0	0	_
4a0c44da58d5ec9dad40b3ab4676e95b	187	1	The	0	0	_
4a0c44da58d5ec9dad40b3ab4676e95b	187	1	notion	0	0	_
4a0c44da58d5ec9dad40b3ab4676e95b	187	1	that	0	0	_
4a0c44da58d5ec9dad40b3ab4676e95b	187	1	a	0	0	_
4a0c44da58d5ec9dad40b3ab4676e95b	187	1	noncognitive	0	0	_

1eed4450a5305123c5659aa820c360d6	188	0	#	0	0	_
1eed4450a5305123c5659aa820c360d6	188	0	thinking	0	0	Awareness
1eed4450a5305123c5659aa820c360d6	188	0	would	0	0	_
1eed4450a5305123c5659aa820c360d6	188	0	have	1	0	_
1eed4450a5305123c5659aa820c360d6	188	0	them	0	0	_
1eed4450a5305123c5659aa820c360d6	188	0	get	0	0	Transition_to_state
1eed4450a5305123c5659aa820c360d6	188	0	close	1	0	_
1eed4450a5305123c5659aa820c360d6	188	0	to	1	0	_
1eed4450a5305123c5659aa820c360d6	188	0	the	0	0	_
1eed4450a5305123c5659aa820c360d6	188	0	objects	1	1	Purpose
1eed4450a5305123c5659aa820c360d6	188	0	of	0	0	_
1eed4450a5305123c5659aa820c360d6	188	0	thought	0	0	Awareness
1eed4450a5305123c5659aa820c360d6	188	0	.	0	0	_

1eed4450a5305123c5659aa820c360d6	188	1	The	0	0	_
1eed4450a5305123c5659aa820c360d6	188	1	computer	0	0	_
1eed4450a5305123c5659aa820c360d6	188	1	offers	1	0	Offering
1eed4450a5305123c5659aa820c360d6	188	1	them	0	0	_
1eed4450a5305123c5659aa820c360d6	188	1	objects	1	0	Entity
1eed4450a5305123c5659aa820c360d6	188	1	of	0	0	_
1eed4450a5305123c5659aa820c360d6	188	1	thought	0	0	Cogitation
1eed4450a5305123c5659aa820c360d6	188	1	.	0	0	_

1eed4450a5305123c5659aa820c360d6	188	2	But	0	0	_
1eed4450a5305123c5659aa820c360d6	188	2	the	0	0	_
1eed4450a5305123c5659aa820c360d6	188	2	closer	1	1	_
1eed4450a5305123c5659aa820c360d6	188	2	they	0	0	_
1eed4450a5305123c5659aa820c360d6	188	2	get	1	0	Transition_to_state

5c6d2650ee59cff7cd306278f1cf917b	189	0	#	0	0	_
5c6d2650ee59cff7cd306278f1cf917b	189	0	objects	1	1	Purpose
5c6d2650ee59cff7cd306278f1cf917b	189	0	of	0	0	_
5c6d2650ee59cff7cd306278f1cf917b	189	0	thought	0	0	Awareness
5c6d2650ee59cff7cd306278f1cf917b	189	0	.	0	0	_

5c6d2650ee59cff7cd306278f1cf917b	189	1	The	0	0	_
5c6d2650ee59cff7cd306278f1cf917b	189	1	computer	0	0	_
5c6d2650ee59cff7cd306278f1cf917b	189	1	offers	1	0	Offering
5c6d2650ee59cff7cd306278f1cf917b	189	1	them	0	0	_
5c6d2650ee59cff7cd306278f1cf917b	189	1	objects	1	0	Entity
5c6d2650ee59cff7cd306278f1cf917b	189	1	of	0	0	_
5c6d2650ee59cff7cd306278f1cf917b	189	1	thought	0	0	Cogitation
5c6d2650ee59cff7cd306278f1cf917b	189	1	.	0	0	_

5c6d2650ee59cff7cd306278f1cf917b	189	2	But	0	0	Concessive
5c6d2650ee59cff7cd306278f1cf917b	189	2	the	0	0	_
5c6d2650ee59cff7cd306278f1cf917b	189	2	closer	0	0	_
5c6d2650ee59cff7cd306278f1cf917b	189	2	they	0	0	_
5c6d2650ee59cff7cd306278f1cf917b	189	2	get	0	0	Arriving
5c6d2650ee59cff7cd306278f1cf917b	189	2	to	0	0	_
5c6d2650ee59cff7cd306278f1cf917b	189	2	this	1	0	_
5c6d2650ee59cff7cd306278f1cf917b	189	2	machine	0	0	Gizmo
5c6d2650ee59cff7cd306278f1cf917b	189	2	,	0	0	_
5c6d2650ee59cff7cd306278f1cf917b	189	2	the	0	0	_
5c6d2650ee59cff7cd306278f1cf917b	189	2	more	0	0	_
5c6d2650ee59cff7cd306278f1cf917b	189	2	anxious	0	0	Emotion_directed
5c6d2650ee59cff7cd306278f1cf917b	189	2	they	0	0	_

ee9ae4fb42b4c36f3ec692edb59990f5	190	0	#	0	0	_
ee9ae4fb42b4c36f3ec692edb59990f5	190	0	one	0	0	Cardinal_numbers
ee9ae4fb42b4c36f3ec692edb59990f5	190	0	of	0	0	Partitive
ee9ae4fb42b4c36f3ec692edb59990f5	190	0	which	0	0	_
ee9ae4fb42b4c36f3ec692edb59990f5	190	0	could	0	0	Possibility
ee9ae4fb42b4c36f3ec692edb59990f5	190	0	in	1	0	_
ee9ae4fb42b4c36f3ec692edb59990f5	190	0	principle	0	0	_
ee9ae4fb42b4c36f3ec692edb59990f5	190	0	be	0	0	_
ee9ae4fb42b4c36f3ec692edb59990f5	190	0	an	0	0	_
ee9ae4fb42b4c36f3ec692edb59990f5	190	0	object	0	0	Purpose
ee9ae4fb42b4c36f3ec692edb59990f5	190	0	of	0	0	_
ee9ae4fb42b4c36f3ec692edb59990f5	190	0	thought	0	0	_
ee9ae4fb42b4c36f3ec692edb59990f5	190	0	.	0	0	_

ee9ae4fb42b4c36f3ec692edb59990f5	190	1	For	0	0	_
ee9ae4fb42b4c36f3ec692edb59990f5	190	1	another	0	0	Increment
ee9ae4fb42b4c36f3ec692edb59990f5	190	1	thing	1	0	_
ee9ae4fb42b4c36f3ec692edb59990f5	190	1	,	0	0	_
ee9ae4fb42b4c36f3ec692edb59990f5	190	1	there	0	0	Existence
ee9ae4fb42b4c36f3ec692edb59990f5	190	1	are	0	0	Existence
ee9ae4fb42b4c36f3ec692edb59990f5	190	1	systematic	0	0	_
ee9ae4fb42b4c36f3ec692edb59990f5	190	1	relations	1	1	Relation
ee9ae4fb42b4c36f3ec692edb59990f5	190	1	among	1	0	_
ee9ae4fb42b4c36f3ec692edb59990f5	190	1	beliefs	0	0	Opinion
ee9ae4fb42b4c36f3ec692edb59990f5	190	1	:	0	0	_
ee9ae4fb42b4c36f3ec692edb59990f5	190	1	for	0	0	_
ee9ae4fb42b4c36f3ec692edb59990f5	190	1	example	0	0	Instance

0da90fa6c393ce21358048863159718e	191	0	#	0	0	_
0da90fa6c393ce21358048863159718e	191	0	of	0	0	_
0da90fa6c393ce21358048863159718e	191	0	propositional	0	0	_
0da90fa6c393ce21358048863159718e	191	0	attitudes	1	1	Opinion
0da90fa6c393ce21358048863159718e	191	0	when	0	0	Temporal_collocation
0da90fa6c393ce21358048863159718e	191	0	they	0	0	_
0da90fa6c393ce21358048863159718e	191	0	are	0	0	_
0da90fa6c393ce21358048863159718e	191	0	n't	0	0	_
0da90fa6c393ce21358048863159718e	191	0	the	0	0	_
0da90fa6c393ce21358048863159718e	191	0	objects	1	1	Purpose
0da90fa6c393ce21358048863159718e	191	0	of	0	0	_
0da90fa6c393ce21358048863159718e	191	0	thought	0	0	_
0da90fa6c393ce21358048863159718e	191	0	?	0	0	_

0da90fa6c393ce21358048863159718e	191	1	#	0	0	_
0da90fa6c393ce21358048863159718e	191	1	In	0	0	_
0da90fa6c393ce21358048863159718e	191	1	both	0	0	_
0da90fa6c393ce21358048863159718e	191	1	cases	0	0	Instance
0da90fa6c393ce21358048863159718e	191	1	,	0	0	_
0da90fa6c393ce21358048863159718e	191	1	there	0	0	Existence
0da90fa6c393ce21358048863159718e	191	1	is	0	0	Existence
0da90fa6c393ce21358048863159718e	191	1	the	0	0	_
0da90fa6c393ce21358048863159718e	191	1	same	0	0	Identicality
0da90fa6c393ce21358048863159718e	191	1	crucial	0	0	Importance
0da90fa6c393ce21358048863159718e	191	1	constraint	0	0	_
0da90fa6c393ce21358048863159718e	191	1	on	1	0	_
0da90fa6c393ce21358048863159718e	191	1	the	0	0	_

c3b77fa91bec703a9e8dd2b19f8f7bae	192	0	#	0	0	_
c3b77fa91bec703a9e8dd2b19f8f7bae	192	0	put	1	0	_
c3b77fa91bec703a9e8dd2b19f8f7bae	192	0	the	0	0	_
c3b77fa91bec703a9e8dd2b19f8f7bae	192	0	examples	0	0	Instance
c3b77fa91bec703a9e8dd2b19f8f7bae	192	0	first	0	0	Ordinal_numbers
c3b77fa91bec703a9e8dd2b19f8f7bae	192	0	(	0	0	_
c3b77fa91bec703a9e8dd2b19f8f7bae	192	0	ie	0	0	_
c3b77fa91bec703a9e8dd2b19f8f7bae	192	0	put	1	0	_
c3b77fa91bec703a9e8dd2b19f8f7bae	192	0	the	0	0	_
c3b77fa91bec703a9e8dd2b19f8f7bae	192	0	objects	0	0	Purpose
c3b77fa91bec703a9e8dd2b19f8f7bae	192	0	of	0	0	_
c3b77fa91bec703a9e8dd2b19f8f7bae	192	0	thought	0	0	Awareness
c3b77fa91bec703a9e8dd2b19f8f7bae	192	0	before	1	0	_
c3b77fa91bec703a9e8dd2b19f8f7bae	192	0	the	0	0	_
c3b77fa91bec703a9e8dd2b19f8f7bae	192	0	thought	0	0	Awareness
c3b77fa91bec703a9e8dd2b19f8f7bae	192	0	)	0	0	_
c3b77fa91bec703a9e8dd2b19f8f7bae	192	0	and	0	0	_
c3b77fa91bec703a9e8dd2b19f8f7bae	192	0	in	1	0	_
c3b77fa91bec703a9e8dd2b19f8f7bae	192	0	adequately	0	0	_
c3b77fa91bec703a9e8dd2b19f8f7bae	192	0	describing	0	0	Communicate_categorization
c3b77fa91bec703a9e8dd2b19f8f7bae	192	0	them	0	0	_
c3b77fa91bec703a9e8dd2b19f8f7bae	192	0	we	0	0	_
c3b77fa91bec703a9e8dd2b19f8f7bae	192	0	lose	1	0	Earnings_and_losses
c3b77fa91bec703a9e8dd2b19f8f7bae	192	0	the	0	0	_
c3b77fa91bec703a9e8dd2b19f8f7bae	192	0	distinctions	0	0	Differentiation
c3b77fa91bec703a9e8dd2b19f8f7bae	192	0	we	0	0	_

2c6fe887c75762b40e10148743d737c5	193	0	#	0	0	_
2c6fe887c75762b40e10148743d737c5	193	0	creatures	0	0	People
2c6fe887c75762b40e10148743d737c5	193	0	God	0	0	_
2c6fe887c75762b40e10148743d737c5	193	0	may	0	0	Likelihood
2c6fe887c75762b40e10148743d737c5	193	0	be	0	0	_
2c6fe887c75762b40e10148743d737c5	193	0	present	1	1	Placing
2c6fe887c75762b40e10148743d737c5	193	0	as	0	0	_
2c6fe887c75762b40e10148743d737c5	193	0	an	0	0	_
2c6fe887c75762b40e10148743d737c5	193	0	object	0	0	Purpose
2c6fe887c75762b40e10148743d737c5	193	0	of	0	0	_
2c6fe887c75762b40e10148743d737c5	193	0	thought	0	0	Awareness
2c6fe887c75762b40e10148743d737c5	193	0	and	0	0	_
2c6fe887c75762b40e10148743d737c5	193	0	will	0	0	_
2c6fe887c75762b40e10148743d737c5	193	0	.	0	0	_

2c6fe887c75762b40e10148743d737c5	193	1	He	0	0	_
2c6fe887c75762b40e10148743d737c5	193	1	also	0	0	_
2c6fe887c75762b40e10148743d737c5	193	1	causes	0	0	Causation
2c6fe887c75762b40e10148743d737c5	193	1	these	1	0	_
2c6fe887c75762b40e10148743d737c5	193	1	actions	0	0	Intentionally_act
2c6fe887c75762b40e10148743d737c5	193	1	by	0	0	_
2c6fe887c75762b40e10148743d737c5	193	1	a	0	0	_
2c6fe887c75762b40e10148743d737c5	193	1	special	0	0	_
2c6fe887c75762b40e10148743d737c5	193	1	working	0	0	_
2c6fe887c75762b40e10148743d737c5	193	1	and	0	0	_
2c6fe887c75762b40e10148743d737c5	193	1	indwelling	0	0	_

c9a7b8a82422804c07ed3f7681bf9ba7	194	0	#	0	0	_
c9a7b8a82422804c07ed3f7681bf9ba7	194	0	spirit	1	1	_
c9a7b8a82422804c07ed3f7681bf9ba7	194	0	that	0	0	_
c9a7b8a82422804c07ed3f7681bf9ba7	194	0	impels	1	1	Subjective_influence
c9a7b8a82422804c07ed3f7681bf9ba7	194	0	All	0	0	_
c9a7b8a82422804c07ed3f7681bf9ba7	194	0	thinking	0	0	Awareness
c9a7b8a82422804c07ed3f7681bf9ba7	194	0	things	1	0	_
c9a7b8a82422804c07ed3f7681bf9ba7	194	0	,	0	0	_
c9a7b8a82422804c07ed3f7681bf9ba7	194	0	all	0	0	Quantified_mass
c9a7b8a82422804c07ed3f7681bf9ba7	194	0	objects	1	1	Purpose
c9a7b8a82422804c07ed3f7681bf9ba7	194	0	of	0	0	_
c9a7b8a82422804c07ed3f7681bf9ba7	194	0	thought	0	0	Cogitation
c9a7b8a82422804c07ed3f7681bf9ba7	194	0	,	0	0	_
c9a7b8a82422804c07ed3f7681bf9ba7	194	0	And	0	0	_
c9a7b8a82422804c07ed3f7681bf9ba7	194	0	rolls	1	1	Motion
c9a7b8a82422804c07ed3f7681bf9ba7	194	0	through	1	0	_
c9a7b8a82422804c07ed3f7681bf9ba7	194	0	all	0	0	Quantified_mass
c9a7b8a82422804c07ed3f7681bf9ba7	194	0	things.	0	0	_
c9a7b8a82422804c07ed3f7681bf9ba7	194	0	``	0	0	_

c9a7b8a82422804c07ed3f7681bf9ba7	194	1	#	0	0	_
c9a7b8a82422804c07ed3f7681bf9ba7	194	1	William	0	0	_
c9a7b8a82422804c07ed3f7681bf9ba7	194	1	Wordsworth	0	0	_
c9a7b8a82422804c07ed3f7681bf9ba7	194	1	,	0	0	_
c9a7b8a82422804c07ed3f7681bf9ba7	194	1	from	0	0	Origin
c9a7b8a82422804c07ed3f7681bf9ba7	194	1	Tintern	0	0	_

0e076264659296d549aef27cb0ddeb9d	195	0	#	0	0	_
0e076264659296d549aef27cb0ddeb9d	195	0	views	1	0	Opinion
0e076264659296d549aef27cb0ddeb9d	195	0	of	0	0	_
0e076264659296d549aef27cb0ddeb9d	195	0	the	0	0	_
0e076264659296d549aef27cb0ddeb9d	195	0	finite	0	0	_
0e076264659296d549aef27cb0ddeb9d	195	0	.	0	0	_

0e076264659296d549aef27cb0ddeb9d	195	1	Say	0	0	Statement
0e076264659296d549aef27cb0ddeb9d	195	1	that	0	0	_
0e076264659296d549aef27cb0ddeb9d	195	1	every	0	0	_
0e076264659296d549aef27cb0ddeb9d	195	1	object	0	0	Purpose
0e076264659296d549aef27cb0ddeb9d	195	1	of	0	0	_
0e076264659296d549aef27cb0ddeb9d	195	1	thought	0	0	Awareness
0e076264659296d549aef27cb0ddeb9d	195	1	,	0	0	_
0e076264659296d549aef27cb0ddeb9d	195	1	for	0	0	_
0e076264659296d549aef27cb0ddeb9d	195	1	us	0	0	_
0e076264659296d549aef27cb0ddeb9d	195	1	,	0	0	_
0e076264659296d549aef27cb0ddeb9d	195	1	is	0	0	_
0e076264659296d549aef27cb0ddeb9d	195	1	finite	0	0	_
0e076264659296d549aef27cb0ddeb9d	195	1	(	0	0	_
0e076264659296d549aef27cb0ddeb9d	195	1	take	1	0	_
0e076264659296d549aef27cb0ddeb9d	195	1	this	1	0	_
0e076264659296d549aef27cb0ddeb9d	195	1	in	1	0	_
0e076264659296d549aef27cb0ddeb9d	195	1	the	0	0	_
0e076264659296d549aef27cb0ddeb9d	195	1	unobjectionable	0	0	_
0e076264659296d549aef27cb0ddeb9d	195	1	sense	1	1	Linguistic_meaning
0e076264659296d549aef27cb0ddeb9d	195	1	that	0	0	_

6e86b5f9a6bc0e8e8fd38dde1f99589d	196	0	#	0	0	_
6e86b5f9a6bc0e8e8fd38dde1f99589d	196	0	2	0	0	_
6e86b5f9a6bc0e8e8fd38dde1f99589d	196	0	.	0	0	_

6e86b5f9a6bc0e8e8fd38dde1f99589d	196	1	Relating	1	1	_
6e86b5f9a6bc0e8e8fd38dde1f99589d	196	1	to	1	0	_
6e86b5f9a6bc0e8e8fd38dde1f99589d	196	1	or	0	0	_
6e86b5f9a6bc0e8e8fd38dde1f99589d	196	1	existing	0	0	Existence
6e86b5f9a6bc0e8e8fd38dde1f99589d	196	1	as	0	0	_
6e86b5f9a6bc0e8e8fd38dde1f99589d	196	1	an	0	0	_
6e86b5f9a6bc0e8e8fd38dde1f99589d	196	1	object	0	0	Purpose
6e86b5f9a6bc0e8e8fd38dde1f99589d	196	1	of	0	0	_
6e86b5f9a6bc0e8e8fd38dde1f99589d	196	1	thought	0	0	Cogitation
6e86b5f9a6bc0e8e8fd38dde1f99589d	196	1	without	1	0	_
6e86b5f9a6bc0e8e8fd38dde1f99589d	196	1	consideration	0	0	Cogitation
6e86b5f9a6bc0e8e8fd38dde1f99589d	196	1	of	0	0	_
6e86b5f9a6bc0e8e8fd38dde1f99589d	196	1	independent	0	0	_
6e86b5f9a6bc0e8e8fd38dde1f99589d	196	1	existence	0	0	Existence
6e86b5f9a6bc0e8e8fd38dde1f99589d	196	1	--	0	0	_
6e86b5f9a6bc0e8e8fd38dde1f99589d	196	1	used	0	0	Using
6e86b5f9a6bc0e8e8fd38dde1f99589d	196	1	chiefly	0	0	_
6e86b5f9a6bc0e8e8fd38dde1f99589d	196	1	in	1	0	_
6e86b5f9a6bc0e8e8fd38dde1f99589d	196	1	medieval	0	0	_
6e86b5f9a6bc0e8e8fd38dde1f99589d	196	1	philosophy	0	0	_
6e86b5f9a6bc0e8e8fd38dde1f99589d	196	1	#	0	0	_
6e86b5f9a6bc0e8e8fd38dde1f99589d	196	1	``	0	0	_
6e86b5f9a6bc0e8e8fd38dde1f99589d	196	1	History	0	0	History
6e86b5f9a6bc0e8e8fd38dde1f99589d	196	1	does	0	0	_

98dcf53ff554a2ca58bff6c780edf544	197	0	#	0	0	_
98dcf53ff554a2ca58bff6c780edf544	197	0	(	0	0	_
98dcf53ff554a2ca58bff6c780edf544	197	0	a	0	0	_
98dcf53ff554a2ca58bff6c780edf544	197	0	person	0	0	People
98dcf53ff554a2ca58bff6c780edf544	197	0	)	0	0	_
98dcf53ff554a2ca58bff6c780edf544	197	0	and	0	0	_
98dcf53ff554a2ca58bff6c780edf544	197	0	objective	0	0	Purpose
98dcf53ff554a2ca58bff6c780edf544	197	0	was	0	0	_
98dcf53ff554a2ca58bff6c780edf544	197	0	an	0	0	_
98dcf53ff554a2ca58bff6c780edf544	197	0	object	0	0	Purpose
98dcf53ff554a2ca58bff6c780edf544	197	0	of	0	0	_
98dcf53ff554a2ca58bff6c780edf544	197	0	thought	0	0	Awareness
98dcf53ff554a2ca58bff6c780edf544	197	0	.	0	0	_

98dcf53ff554a2ca58bff6c780edf544	197	1	A	0	0	_
98dcf53ff554a2ca58bff6c780edf544	197	1	person	0	0	People
98dcf53ff554a2ca58bff6c780edf544	197	1	developed	0	0	Cause_to_make_progress
98dcf53ff554a2ca58bff6c780edf544	197	1	an	0	0	_
98dcf53ff554a2ca58bff6c780edf544	197	1	object	0	0	Purpose
98dcf53ff554a2ca58bff6c780edf544	197	1	of	0	0	_
98dcf53ff554a2ca58bff6c780edf544	197	1	thought	0	0	Awareness
98dcf53ff554a2ca58bff6c780edf544	197	1	and	0	0	_
98dcf53ff554a2ca58bff6c780edf544	197	1	then	0	0	_
98dcf53ff554a2ca58bff6c780edf544	197	1	analyzed	0	0	Scrutiny
98dcf53ff554a2ca58bff6c780edf544	197	1	it	0	0	_
98dcf53ff554a2ca58bff6c780edf544	197	1	subjectively	0	0	_
98dcf53ff554a2ca58bff6c780edf544	197	1	,	0	0	_

dbc61aaea8d6df412527d167d78fd58c	198	0	#	0	0	_
dbc61aaea8d6df412527d167d78fd58c	198	0	object	0	0	Purpose
dbc61aaea8d6df412527d167d78fd58c	198	0	of	0	0	_
dbc61aaea8d6df412527d167d78fd58c	198	0	thought	0	0	Awareness
dbc61aaea8d6df412527d167d78fd58c	198	0	.	0	0	_

dbc61aaea8d6df412527d167d78fd58c	198	1	A	0	0	_
dbc61aaea8d6df412527d167d78fd58c	198	1	person	0	0	People
dbc61aaea8d6df412527d167d78fd58c	198	1	developed	0	0	Cause_to_make_progress
dbc61aaea8d6df412527d167d78fd58c	198	1	an	0	0	_
dbc61aaea8d6df412527d167d78fd58c	198	1	object	0	0	Purpose
dbc61aaea8d6df412527d167d78fd58c	198	1	of	0	0	_
dbc61aaea8d6df412527d167d78fd58c	198	1	thought	0	0	Awareness
dbc61aaea8d6df412527d167d78fd58c	198	1	and	0	0	_
dbc61aaea8d6df412527d167d78fd58c	198	1	then	0	0	_
dbc61aaea8d6df412527d167d78fd58c	198	1	analyzed	0	0	Scrutiny
dbc61aaea8d6df412527d167d78fd58c	198	1	it	0	0	_
dbc61aaea8d6df412527d167d78fd58c	198	1	subjectively	0	0	_
dbc61aaea8d6df412527d167d78fd58c	198	1	,	0	0	_
dbc61aaea8d6df412527d167d78fd58c	198	1	thus	0	0	_
dbc61aaea8d6df412527d167d78fd58c	198	1	pursuing	1	1	Cotheme
dbc61aaea8d6df412527d167d78fd58c	198	1	that	1	0	_
dbc61aaea8d6df412527d167d78fd58c	198	1	object	0	0	Purpose
dbc61aaea8d6df412527d167d78fd58c	198	1	on	1	0	_
dbc61aaea8d6df412527d167d78fd58c	198	1	the	0	0	_
dbc61aaea8d6df412527d167d78fd58c	198	1	basis	0	0	_
dbc61aaea8d6df412527d167d78fd58c	198	1	of	0	0	_

81cd23bce6e1ff83af81320b157acb32	199	0	#	0	0	_
81cd23bce6e1ff83af81320b157acb32	199	0	''	0	0	_
81cd23bce6e1ff83af81320b157acb32	199	0	thinking	0	0	Awareness
81cd23bce6e1ff83af81320b157acb32	199	0	``	0	0	_
81cd23bce6e1ff83af81320b157acb32	199	0	imbues	1	1	_
81cd23bce6e1ff83af81320b157acb32	199	0	both	0	0	_
81cd23bce6e1ff83af81320b157acb32	199	0	thought	0	0	Awareness
81cd23bce6e1ff83af81320b157acb32	199	0	and	0	0	_
81cd23bce6e1ff83af81320b157acb32	199	0	the	0	0	_
81cd23bce6e1ff83af81320b157acb32	199	0	objects	1	1	Purpose
81cd23bce6e1ff83af81320b157acb32	199	0	of	0	0	_
81cd23bce6e1ff83af81320b157acb32	199	0	thought	0	0	_
81cd23bce6e1ff83af81320b157acb32	199	0	with	1	0	_
81cd23bce6e1ff83af81320b157acb32	199	0	semiotic	0	0	_
81cd23bce6e1ff83af81320b157acb32	199	0	vitality	1	1	_
81cd23bce6e1ff83af81320b157acb32	199	0	;	0	0	_
81cd23bce6e1ff83af81320b157acb32	199	0	thinking	0	0	Awareness
81cd23bce6e1ff83af81320b157acb32	199	0	participates	1	1	Participation
81cd23bce6e1ff83af81320b157acb32	199	0	in	1	0	_
81cd23bce6e1ff83af81320b157acb32	199	0	,	0	0	_
81cd23bce6e1ff83af81320b157acb32	199	0	even	0	0	_
81cd23bce6e1ff83af81320b157acb32	199	0	manipulates	1	1	Cause_change
81cd23bce6e1ff83af81320b157acb32	199	0	,	0	0	_
81cd23bce6e1ff83af81320b157acb32	199	0	a	0	0	_
81cd23bce6e1ff83af81320b157acb32	199	0	world	0	0	Political_locales
81cd23bce6e1ff83af81320b157acb32	199	0	.	0	0	_

fcdc19c69bb8c2662cec6b5e6c40da80	200	0	#	0	0	_
fcdc19c69bb8c2662cec6b5e6c40da80	200	0	extent	1	1	Quantity
fcdc19c69bb8c2662cec6b5e6c40da80	200	0	to	1	0	_
fcdc19c69bb8c2662cec6b5e6c40da80	200	0	which	0	0	_
fcdc19c69bb8c2662cec6b5e6c40da80	200	0	thinking	0	0	Awareness
fcdc19c69bb8c2662cec6b5e6c40da80	200	0	is	0	0	_
fcdc19c69bb8c2662cec6b5e6c40da80	200	0	bound	1	1	_
fcdc19c69bb8c2662cec6b5e6c40da80	200	0	to	1	0	_
fcdc19c69bb8c2662cec6b5e6c40da80	200	0	the	0	0	_
fcdc19c69bb8c2662cec6b5e6c40da80	200	0	objects	1	1	Purpose
fcdc19c69bb8c2662cec6b5e6c40da80	200	0	of	0	0	_
fcdc19c69bb8c2662cec6b5e6c40da80	200	0	thought	0	0	Awareness
fcdc19c69bb8c2662cec6b5e6c40da80	200	0	(	0	0	_
fcdc19c69bb8c2662cec6b5e6c40da80	200	0	Greeno	0	0	_
fcdc19c69bb8c2662cec6b5e6c40da80	200	0	,	0	0	_
fcdc19c69bb8c2662cec6b5e6c40da80	200	0	Collins	0	0	_
fcdc19c69bb8c2662cec6b5e6c40da80	200	0	,	0	0	_
fcdc19c69bb8c2662cec6b5e6c40da80	200	0	&	0	0	_
fcdc19c69bb8c2662cec6b5e6c40da80	200	0	;	0	0	_
fcdc19c69bb8c2662cec6b5e6c40da80	200	0	Resnick	0	0	_
fcdc19c69bb8c2662cec6b5e6c40da80	200	0	,	0	0	_
fcdc19c69bb8c2662cec6b5e6c40da80	200	0	1996	0	0	_
fcdc19c69bb8c2662cec6b5e6c40da80	200	0	)	0	0	_
fcdc19c69bb8c2662cec6b5e6c40da80	200	0	.	0	0	_

fcdc19c69bb8c2662cec6b5e6c40da80	200	1	Put	1	0	Communicate_categorization
fcdc19c69bb8c2662cec6b5e6c40da80	200	1	differently	0	0	_
fcdc19c69bb8c2662cec6b5e6c40da80	200	1	,	0	0	_

698c7ce2c7c2def7db0da0895f5d7142	201	0	#	0	0	_
698c7ce2c7c2def7db0da0895f5d7142	201	0	include	1	1	Inclusion
698c7ce2c7c2def7db0da0895f5d7142	201	0	both	0	0	_
698c7ce2c7c2def7db0da0895f5d7142	201	0	positive	0	0	_
698c7ce2c7c2def7db0da0895f5d7142	201	0	and	0	0	_
698c7ce2c7c2def7db0da0895f5d7142	201	0	negative	0	0	_
698c7ce2c7c2def7db0da0895f5d7142	201	0	feelings	0	0	Feeling
698c7ce2c7c2def7db0da0895f5d7142	201	0	about	1	0	_
698c7ce2c7c2def7db0da0895f5d7142	201	0	an	0	0	_
698c7ce2c7c2def7db0da0895f5d7142	201	0	object	0	0	Purpose
698c7ce2c7c2def7db0da0895f5d7142	201	0	of	0	0	_
698c7ce2c7c2def7db0da0895f5d7142	201	0	thought	0	0	Awareness
698c7ce2c7c2def7db0da0895f5d7142	201	0	(	0	0	_
698c7ce2c7c2def7db0da0895f5d7142	201	0	Thompson	0	0	_
698c7ce2c7c2def7db0da0895f5d7142	201	0	,	0	0	_
698c7ce2c7c2def7db0da0895f5d7142	201	0	Zanna	0	0	_
698c7ce2c7c2def7db0da0895f5d7142	201	0	,	0	0	_
698c7ce2c7c2def7db0da0895f5d7142	201	0	&	0	0	_
698c7ce2c7c2def7db0da0895f5d7142	201	0	;	0	0	_
698c7ce2c7c2def7db0da0895f5d7142	201	0	Griffin	0	0	_
698c7ce2c7c2def7db0da0895f5d7142	201	0	,	0	0	_
698c7ce2c7c2def7db0da0895f5d7142	201	0	1995	0	0	_
698c7ce2c7c2def7db0da0895f5d7142	201	0	)	0	0	_
698c7ce2c7c2def7db0da0895f5d7142	201	0	.	0	0	_

698c7ce2c7c2def7db0da0895f5d7142	201	1	When	0	0	Temporal_collocation
698c7ce2c7c2def7db0da0895f5d7142	201	1	ambivalence	0	0	_
698c7ce2c7c2def7db0da0895f5d7142	201	1	is	0	0	_

dc92a816cbddb9e68ec0411c28a7f683	202	0	#	0	0	_
dc92a816cbddb9e68ec0411c28a7f683	202	0	when	0	0	Temporal_collocation
dc92a816cbddb9e68ec0411c28a7f683	202	0	one	0	0	_
dc92a816cbddb9e68ec0411c28a7f683	202	0	has	1	0	Possession
dc92a816cbddb9e68ec0411c28a7f683	202	0	little	0	0	_
dc92a816cbddb9e68ec0411c28a7f683	202	0	prior	0	0	_
dc92a816cbddb9e68ec0411c28a7f683	202	0	knowledge	0	0	Awareness
dc92a816cbddb9e68ec0411c28a7f683	202	0	about	1	0	_
dc92a816cbddb9e68ec0411c28a7f683	202	0	the	0	0	_
dc92a816cbddb9e68ec0411c28a7f683	202	0	object	0	0	Purpose
dc92a816cbddb9e68ec0411c28a7f683	202	0	of	0	0	_
dc92a816cbddb9e68ec0411c28a7f683	202	0	thought	0	0	Awareness
dc92a816cbddb9e68ec0411c28a7f683	202	0	.	0	0	_

dc92a816cbddb9e68ec0411c28a7f683	202	1	Moreover	0	0	_
dc92a816cbddb9e68ec0411c28a7f683	202	1	,	0	0	_
dc92a816cbddb9e68ec0411c28a7f683	202	1	neither	0	0	_
dc92a816cbddb9e68ec0411c28a7f683	202	1	Wright	0	0	_
dc92a816cbddb9e68ec0411c28a7f683	202	1	and	0	0	_
dc92a816cbddb9e68ec0411c28a7f683	202	1	Wells	0	0	_
dc92a816cbddb9e68ec0411c28a7f683	202	1	(	0	0	_
dc92a816cbddb9e68ec0411c28a7f683	202	1	1985	0	0	_
dc92a816cbddb9e68ec0411c28a7f683	202	1	)	0	0	_
dc92a816cbddb9e68ec0411c28a7f683	202	1	,	0	0	_
dc92a816cbddb9e68ec0411c28a7f683	202	1	in	1	0	_
dc92a816cbddb9e68ec0411c28a7f683	202	1	their	0	0	_
dc92a816cbddb9e68ec0411c28a7f683	202	1	investigation	0	0	Criminal_investigation

aee2c6b92e6d88a22915e6a7b74c659d	203	0	#	0	0	_
aee2c6b92e6d88a22915e6a7b74c659d	203	0	and	0	0	_
aee2c6b92e6d88a22915e6a7b74c659d	203	0	the	0	0	_
aee2c6b92e6d88a22915e6a7b74c659d	203	0	construction	1	1	Building
aee2c6b92e6d88a22915e6a7b74c659d	203	0	of	0	0	_
aee2c6b92e6d88a22915e6a7b74c659d	203	0	popular	0	0	Desirability
aee2c6b92e6d88a22915e6a7b74c659d	203	0	culture	0	0	_
aee2c6b92e6d88a22915e6a7b74c659d	203	0	as	0	0	_
aee2c6b92e6d88a22915e6a7b74c659d	203	0	an	0	0	_
aee2c6b92e6d88a22915e6a7b74c659d	203	0	object	1	0	Purpose
aee2c6b92e6d88a22915e6a7b74c659d	203	0	of	0	0	_
aee2c6b92e6d88a22915e6a7b74c659d	203	0	thought	0	0	Cogitation
aee2c6b92e6d88a22915e6a7b74c659d	203	0	and	0	0	_
aee2c6b92e6d88a22915e6a7b74c659d	203	0	discussion	0	0	Discussion
aee2c6b92e6d88a22915e6a7b74c659d	203	0	.	0	0	_

aee2c6b92e6d88a22915e6a7b74c659d	203	1	(	0	0	_
aee2c6b92e6d88a22915e6a7b74c659d	203	1	To	0	0	_
aee2c6b92e6d88a22915e6a7b74c659d	203	1	use	0	0	Using
aee2c6b92e6d88a22915e6a7b74c659d	203	1	an	0	0	_
aee2c6b92e6d88a22915e6a7b74c659d	203	1	analogy	0	0	_
aee2c6b92e6d88a22915e6a7b74c659d	203	1	:	0	0	_
aee2c6b92e6d88a22915e6a7b74c659d	203	1	It	0	0	_
aee2c6b92e6d88a22915e6a7b74c659d	203	1	is	0	0	_
aee2c6b92e6d88a22915e6a7b74c659d	203	1	less	0	0	_
aee2c6b92e6d88a22915e6a7b74c659d	203	1	about	1	0	Topic
aee2c6b92e6d88a22915e6a7b74c659d	203	1	the	0	0	_

7e2e040e0b578b2c1d21a262f3b67423	204	0	#	0	0	_
7e2e040e0b578b2c1d21a262f3b67423	204	0	relation	0	0	Cognitive_connection
7e2e040e0b578b2c1d21a262f3b67423	204	0	of	0	0	_
7e2e040e0b578b2c1d21a262f3b67423	204	0	a	0	0	_
7e2e040e0b578b2c1d21a262f3b67423	204	0	thinking	0	0	Awareness
7e2e040e0b578b2c1d21a262f3b67423	204	0	subject	1	1	_
7e2e040e0b578b2c1d21a262f3b67423	204	0	to	1	0	_
7e2e040e0b578b2c1d21a262f3b67423	204	0	a	0	0	_
7e2e040e0b578b2c1d21a262f3b67423	204	0	neutral	1	1	_
7e2e040e0b578b2c1d21a262f3b67423	204	0	object	1	1	Purpose
7e2e040e0b578b2c1d21a262f3b67423	204	0	of	0	0	_
7e2e040e0b578b2c1d21a262f3b67423	204	0	thought.	0	0	Cogitation
7e2e040e0b578b2c1d21a262f3b67423	204	0	``	0	0	_

7e2e040e0b578b2c1d21a262f3b67423	204	1	Buber	0	0	_
7e2e040e0b578b2c1d21a262f3b67423	204	1	then	0	0	Temporal_collocation
7e2e040e0b578b2c1d21a262f3b67423	204	1	offers	0	0	Offering
7e2e040e0b578b2c1d21a262f3b67423	204	1	by	0	0	_
7e2e040e0b578b2c1d21a262f3b67423	204	1	way	1	0	Means
7e2e040e0b578b2c1d21a262f3b67423	204	1	of	0	0	_
7e2e040e0b578b2c1d21a262f3b67423	204	1	contrast	1	1	_
7e2e040e0b578b2c1d21a262f3b67423	204	1	:	0	0	_
7e2e040e0b578b2c1d21a262f3b67423	204	1	``	0	0	_
7e2e040e0b578b2c1d21a262f3b67423	204	1	mutual	0	0	_
7e2e040e0b578b2c1d21a262f3b67423	204	1	contact	1	1	Communication
7e2e040e0b578b2c1d21a262f3b67423	204	1	,	0	0	_

7152a8f2dc74181a356e3ff83a5699d2	205	0	#	0	0	_
7152a8f2dc74181a356e3ff83a5699d2	205	0	One	0	0	_
7152a8f2dc74181a356e3ff83a5699d2	205	0	way	1	0	Means
7152a8f2dc74181a356e3ff83a5699d2	205	0	of	0	0	_
7152a8f2dc74181a356e3ff83a5699d2	205	0	resolving	0	0	Resolve_problem
7152a8f2dc74181a356e3ff83a5699d2	205	0	these	1	0	_
7152a8f2dc74181a356e3ff83a5699d2	205	0	difficulties	0	0	Difficulty
7152a8f2dc74181a356e3ff83a5699d2	205	0	concerning	1	0	Topic
7152a8f2dc74181a356e3ff83a5699d2	205	0	the	0	0	_
7152a8f2dc74181a356e3ff83a5699d2	205	0	objects	1	1	Purpose
7152a8f2dc74181a356e3ff83a5699d2	205	0	of	0	0	_
7152a8f2dc74181a356e3ff83a5699d2	205	0	thought	0	0	_
7152a8f2dc74181a356e3ff83a5699d2	205	0	is	0	0	_
7152a8f2dc74181a356e3ff83a5699d2	205	0	to	0	0	_
7152a8f2dc74181a356e3ff83a5699d2	205	0	argue	0	0	Reasoning
7152a8f2dc74181a356e3ff83a5699d2	205	0	that	0	0	_
7152a8f2dc74181a356e3ff83a5699d2	205	0	there	0	0	Existence
7152a8f2dc74181a356e3ff83a5699d2	205	0	are	0	0	Existence
7152a8f2dc74181a356e3ff83a5699d2	205	0	terms	0	0	Simple_name
7152a8f2dc74181a356e3ff83a5699d2	205	0	which	0	0	_
7152a8f2dc74181a356e3ff83a5699d2	205	0	refer	1	0	Topic
7152a8f2dc74181a356e3ff83a5699d2	205	0	to	1	0	_
7152a8f2dc74181a356e3ff83a5699d2	205	0	things	1	0	_
7152a8f2dc74181a356e3ff83a5699d2	205	0	which	0	0	_
7152a8f2dc74181a356e3ff83a5699d2	205	0	must	0	0	Required_event
7152a8f2dc74181a356e3ff83a5699d2	205	0	exist	0	0	Existence

2f0a9a612be8239b51adc4ca0bbed78f	206	0	#	0	0	_
2f0a9a612be8239b51adc4ca0bbed78f	206	0	There	0	0	Existence
2f0a9a612be8239b51adc4ca0bbed78f	206	0	is	0	0	Existence
2f0a9a612be8239b51adc4ca0bbed78f	206	0	no	0	0	_
2f0a9a612be8239b51adc4ca0bbed78f	206	0	text	0	0	Text
2f0a9a612be8239b51adc4ca0bbed78f	206	0	where	1	0	Locative_relation
2f0a9a612be8239b51adc4ca0bbed78f	206	0	there	0	0	Existence
2f0a9a612be8239b51adc4ca0bbed78f	206	0	is	0	0	Existence
2f0a9a612be8239b51adc4ca0bbed78f	206	0	no	0	0	_
2f0a9a612be8239b51adc4ca0bbed78f	206	0	object	1	1	Purpose
2f0a9a612be8239b51adc4ca0bbed78f	206	0	of	0	0	_
2f0a9a612be8239b51adc4ca0bbed78f	206	0	thought	0	0	Awareness
2f0a9a612be8239b51adc4ca0bbed78f	206	0	and	0	0	_
2f0a9a612be8239b51adc4ca0bbed78f	206	0	investigation	0	0	Scrutiny
2f0a9a612be8239b51adc4ca0bbed78f	206	0	.	0	0	_

2f0a9a612be8239b51adc4ca0bbed78f	206	1	(	0	0	_
2f0a9a612be8239b51adc4ca0bbed78f	206	1	281	0	0	_
2f0a9a612be8239b51adc4ca0bbed78f	206	1	)	0	0	_
2f0a9a612be8239b51adc4ca0bbed78f	206	1	#	0	0	_
2f0a9a612be8239b51adc4ca0bbed78f	206	1	The	0	0	_
2f0a9a612be8239b51adc4ca0bbed78f	206	1	soul	0	0	_
2f0a9a612be8239b51adc4ca0bbed78f	206	1	(	0	0	_
2f0a9a612be8239b51adc4ca0bbed78f	206	1	both	0	0	Quantified_mass
2f0a9a612be8239b51adc4ca0bbed78f	206	1	mine	0	0	_
2f0a9a612be8239b51adc4ca0bbed78f	206	1	and	0	0	_
2f0a9a612be8239b51adc4ca0bbed78f	206	1	the	0	0	_

1cdf347ac8d2b1c9036191c685d4eb26	207	0	#	0	0	_
1cdf347ac8d2b1c9036191c685d4eb26	207	0	under	1	0	_
1cdf347ac8d2b1c9036191c685d4eb26	207	0	the	0	0	_
1cdf347ac8d2b1c9036191c685d4eb26	207	0	delusion	0	0	_
1cdf347ac8d2b1c9036191c685d4eb26	207	0	of	0	0	_
1cdf347ac8d2b1c9036191c685d4eb26	207	0	doing	0	0	Intentionally_act
1cdf347ac8d2b1c9036191c685d4eb26	207	0	good	0	0	_
1cdf347ac8d2b1c9036191c685d4eb26	207	0	for	0	0	_
1cdf347ac8d2b1c9036191c685d4eb26	207	0	an	0	0	_
1cdf347ac8d2b1c9036191c685d4eb26	207	0	object	0	0	Purpose
1cdf347ac8d2b1c9036191c685d4eb26	207	0	of	0	0	_
1cdf347ac8d2b1c9036191c685d4eb26	207	0	thought	0	0	Awareness
1cdf347ac8d2b1c9036191c685d4eb26	207	0	,	0	0	_
1cdf347ac8d2b1c9036191c685d4eb26	207	0	which	0	0	_
1cdf347ac8d2b1c9036191c685d4eb26	207	0	has	1	0	Have_associated
1cdf347ac8d2b1c9036191c685d4eb26	207	0	no	0	0	_
1cdf347ac8d2b1c9036191c685d4eb26	207	0	real	0	0	Existence
1cdf347ac8d2b1c9036191c685d4eb26	207	0	existence	0	0	Existence
1cdf347ac8d2b1c9036191c685d4eb26	207	0	in	1	0	_
1cdf347ac8d2b1c9036191c685d4eb26	207	0	the	0	0	_
1cdf347ac8d2b1c9036191c685d4eb26	207	0	first	0	0	Ordinal_numbers
1cdf347ac8d2b1c9036191c685d4eb26	207	0	place.	1	0	_
1cdf347ac8d2b1c9036191c685d4eb26	207	0	``	0	0	_

1cdf347ac8d2b1c9036191c685d4eb26	207	1	For	0	0	_
1cdf347ac8d2b1c9036191c685d4eb26	207	1	Marx	0	0	_

bbf58e80b8f702ea9a0cd6cd1eb57357	208	0	#	0	0	_
bbf58e80b8f702ea9a0cd6cd1eb57357	208	0	.	0	0	_

bbf58e80b8f702ea9a0cd6cd1eb57357	208	1	#	0	0	_
bbf58e80b8f702ea9a0cd6cd1eb57357	208	1	``	0	0	_
bbf58e80b8f702ea9a0cd6cd1eb57357	208	1	People	0	0	People
bbf58e80b8f702ea9a0cd6cd1eb57357	208	1	are	0	0	_
bbf58e80b8f702ea9a0cd6cd1eb57357	208	1	responding	1	1	Response
bbf58e80b8f702ea9a0cd6cd1eb57357	208	1	to	1	0	_
bbf58e80b8f702ea9a0cd6cd1eb57357	208	1	that	1	0	_
bbf58e80b8f702ea9a0cd6cd1eb57357	208	1	sense	1	1	Sensation
bbf58e80b8f702ea9a0cd6cd1eb57357	208	1	of	0	0	_
bbf58e80b8f702ea9a0cd6cd1eb57357	208	1	introspection	0	0	Cogitation
bbf58e80b8f702ea9a0cd6cd1eb57357	208	1	,	0	0	_
bbf58e80b8f702ea9a0cd6cd1eb57357	208	1	``	0	0	_
bbf58e80b8f702ea9a0cd6cd1eb57357	208	1	Fortune	0	0	_
bbf58e80b8f702ea9a0cd6cd1eb57357	208	1	said.	0	0	Statement
bbf58e80b8f702ea9a0cd6cd1eb57357	208	1	``	0	0	_

bbf58e80b8f702ea9a0cd6cd1eb57357	208	2	I	0	0	_
bbf58e80b8f702ea9a0cd6cd1eb57357	208	2	really	0	0	_
bbf58e80b8f702ea9a0cd6cd1eb57357	208	2	believe	0	0	Certainty
bbf58e80b8f702ea9a0cd6cd1eb57357	208	2	they	0	0	_
bbf58e80b8f702ea9a0cd6cd1eb57357	208	2	are	0	0	_
bbf58e80b8f702ea9a0cd6cd1eb57357	208	2	connecting	1	1	Social_connection
bbf58e80b8f702ea9a0cd6cd1eb57357	208	2	with	1	0	_
bbf58e80b8f702ea9a0cd6cd1eb57357	208	2	the	0	0	_

2d950fdb0ea64aaf239b4c4bf9821523	209	0	#	0	0	_
2d950fdb0ea64aaf239b4c4bf9821523	209	0	for	0	0	_
2d950fdb0ea64aaf239b4c4bf9821523	209	0	some	0	0	Proportional_quantity
2d950fdb0ea64aaf239b4c4bf9821523	209	0	sign	1	0	Sign
2d950fdb0ea64aaf239b4c4bf9821523	209	0	of	0	0	_
2d950fdb0ea64aaf239b4c4bf9821523	209	0	presidential	0	0	Leadership
2d950fdb0ea64aaf239b4c4bf9821523	209	0	decorum	0	0	_
2d950fdb0ea64aaf239b4c4bf9821523	209	0	.	0	0	_

2d950fdb0ea64aaf239b4c4bf9821523	209	1	Some	0	0	_
2d950fdb0ea64aaf239b4c4bf9821523	209	1	sense	1	1	Sensation
2d950fdb0ea64aaf239b4c4bf9821523	209	1	of	0	0	_
2d950fdb0ea64aaf239b4c4bf9821523	209	1	introspection	0	0	Scrutiny
2d950fdb0ea64aaf239b4c4bf9821523	209	1	,	0	0	_
2d950fdb0ea64aaf239b4c4bf9821523	209	1	a	0	0	_
2d950fdb0ea64aaf239b4c4bf9821523	209	1	true	0	0	_
2d950fdb0ea64aaf239b4c4bf9821523	209	1	understanding	0	0	Awareness
2d950fdb0ea64aaf239b4c4bf9821523	209	1	of	0	0	_
2d950fdb0ea64aaf239b4c4bf9821523	209	1	what	0	0	_
2d950fdb0ea64aaf239b4c4bf9821523	209	1	it	0	0	_
2d950fdb0ea64aaf239b4c4bf9821523	209	1	means	1	0	Causation
2d950fdb0ea64aaf239b4c4bf9821523	209	1	to	0	0	_
2d950fdb0ea64aaf239b4c4bf9821523	209	1	give	1	0	Giving
2d950fdb0ea64aaf239b4c4bf9821523	209	1	oneself	0	0	_
2d950fdb0ea64aaf239b4c4bf9821523	209	1	to	1	0	_
2d950fdb0ea64aaf239b4c4bf9821523	209	1	the	0	0	_
2d950fdb0ea64aaf239b4c4bf9821523	209	1	public	0	0	_

0fe33e7c124e6d1a4995b12c86edf354	210	0	#	0	0	_
0fe33e7c124e6d1a4995b12c86edf354	210	0	not	0	0	_
0fe33e7c124e6d1a4995b12c86edf354	210	0	constructed	1	1	Building
0fe33e7c124e6d1a4995b12c86edf354	210	0	:	0	0	_
0fe33e7c124e6d1a4995b12c86edf354	210	0	#	0	0	_
0fe33e7c124e6d1a4995b12c86edf354	210	0	Thought	0	0	Awareness
0fe33e7c124e6d1a4995b12c86edf354	210	0	,	0	0	_
0fe33e7c124e6d1a4995b12c86edf354	210	0	in	1	0	_
0fe33e7c124e6d1a4995b12c86edf354	210	0	the	0	0	_
0fe33e7c124e6d1a4995b12c86edf354	210	0	sense	1	0	Linguistic_meaning
0fe33e7c124e6d1a4995b12c86edf354	210	0	of	0	0	_
0fe33e7c124e6d1a4995b12c86edf354	210	0	thinking	0	0	Awareness
0fe33e7c124e6d1a4995b12c86edf354	210	0	,	0	0	_
0fe33e7c124e6d1a4995b12c86edf354	210	0	is	0	0	_
0fe33e7c124e6d1a4995b12c86edf354	210	0	always	0	0	Frequency
0fe33e7c124e6d1a4995b12c86edf354	210	0	somebody	0	0	_
0fe33e7c124e6d1a4995b12c86edf354	210	0	's	0	0	_
0fe33e7c124e6d1a4995b12c86edf354	210	0	thought	0	0	Awareness
0fe33e7c124e6d1a4995b12c86edf354	210	0	.	0	0	_

0fe33e7c124e6d1a4995b12c86edf354	210	1	But	0	0	_
0fe33e7c124e6d1a4995b12c86edf354	210	1	again	0	0	_
0fe33e7c124e6d1a4995b12c86edf354	210	1	,	0	0	_
0fe33e7c124e6d1a4995b12c86edf354	210	1	by	0	0	_
0fe33e7c124e6d1a4995b12c86edf354	210	1	its	0	0	_
0fe33e7c124e6d1a4995b12c86edf354	210	1	very	0	0	_
0fe33e7c124e6d1a4995b12c86edf354	210	1	nature	1	0	_

f0bfc186c8bf1ced6f1205666726c25c	211	0	#	0	0	_
f0bfc186c8bf1ced6f1205666726c25c	211	0	,	0	0	_
f0bfc186c8bf1ced6f1205666726c25c	211	0	which	0	0	_
f0bfc186c8bf1ced6f1205666726c25c	211	0	would	0	0	_
f0bfc186c8bf1ced6f1205666726c25c	211	0	open	1	0	_
f0bfc186c8bf1ced6f1205666726c25c	211	0	up	1	0	_
f0bfc186c8bf1ced6f1205666726c25c	211	0	a	0	0	_
f0bfc186c8bf1ced6f1205666726c25c	211	0	Pandora	1	1	_
f0bfc186c8bf1ced6f1205666726c25c	211	0	's	0	0	_
f0bfc186c8bf1ced6f1205666726c25c	211	0	box	1	0	Containers
f0bfc186c8bf1ced6f1205666726c25c	211	0	of	0	0	_
f0bfc186c8bf1ced6f1205666726c25c	211	0	difficulties	0	0	Difficulty
f0bfc186c8bf1ced6f1205666726c25c	211	0	for	0	0	_
f0bfc186c8bf1ced6f1205666726c25c	211	0	America	0	0	_
f0bfc186c8bf1ced6f1205666726c25c	211	0	,	0	0	_
f0bfc186c8bf1ced6f1205666726c25c	211	0	for	0	0	_
f0bfc186c8bf1ced6f1205666726c25c	211	0	Israel	0	0	_
f0bfc186c8bf1ced6f1205666726c25c	211	0	,	0	0	_
f0bfc186c8bf1ced6f1205666726c25c	211	0	for	0	0	_
f0bfc186c8bf1ced6f1205666726c25c	211	0	our	0	0	_
f0bfc186c8bf1ced6f1205666726c25c	211	0	partners	0	0	Collaboration
f0bfc186c8bf1ced6f1205666726c25c	211	0	throughout	0	0	Locative_relation
f0bfc186c8bf1ced6f1205666726c25c	211	0	the	0	0	_
f0bfc186c8bf1ced6f1205666726c25c	211	0	region.	0	0	Locale
f0bfc186c8bf1ced6f1205666726c25c	211	0	``	0	0	_

bc2555f570e12639b7c8714aab793246	212	0	#	0	0	_
bc2555f570e12639b7c8714aab793246	212	0	unlike	0	0	Similarity
bc2555f570e12639b7c8714aab793246	212	0	The	0	0	_
bc2555f570e12639b7c8714aab793246	212	0	Road	0	0	Roadways
bc2555f570e12639b7c8714aab793246	212	0	it	0	0	_
bc2555f570e12639b7c8714aab793246	212	0	offers	1	0	Offering
bc2555f570e12639b7c8714aab793246	212	0	little	0	0	_
bc2555f570e12639b7c8714aab793246	212	0	in	1	0	_
bc2555f570e12639b7c8714aab793246	212	0	the	0	0	_
bc2555f570e12639b7c8714aab793246	212	0	way	1	0	Domain
bc2555f570e12639b7c8714aab793246	212	0	of	0	0	_
bc2555f570e12639b7c8714aab793246	212	0	opportunities	0	0	Alternatives
bc2555f570e12639b7c8714aab793246	212	0	for	0	0	_
bc2555f570e12639b7c8714aab793246	212	0	identification	0	0	Verification
bc2555f570e12639b7c8714aab793246	212	0	,	0	0	_
bc2555f570e12639b7c8714aab793246	212	0	personal	0	0	_
bc2555f570e12639b7c8714aab793246	212	0	investment	0	0	_
bc2555f570e12639b7c8714aab793246	212	0	,	0	0	_
bc2555f570e12639b7c8714aab793246	212	0	or	0	0	_
bc2555f570e12639b7c8714aab793246	212	0	empathy	0	0	_
bc2555f570e12639b7c8714aab793246	212	0	.	0	0	_

bc2555f570e12639b7c8714aab793246	212	1	Reading	0	0	Reading_activity
bc2555f570e12639b7c8714aab793246	212	1	The	0	0	_
bc2555f570e12639b7c8714aab793246	212	1	Book	0	0	Text
bc2555f570e12639b7c8714aab793246	212	1	of	0	0	_
bc2555f570e12639b7c8714aab793246	212	1	Illusions	0	0	_

795aac8065f03a2766d41dce92882d36	213	0	#	0	0	_
795aac8065f03a2766d41dce92882d36	213	0	that	0	0	_
795aac8065f03a2766d41dce92882d36	213	0	do	0	0	_
795aac8065f03a2766d41dce92882d36	213	0	n't	0	0	_
795aac8065f03a2766d41dce92882d36	213	0	put	1	0	Placing
795aac8065f03a2766d41dce92882d36	213	0	unnecessary	0	0	_
795aac8065f03a2766d41dce92882d36	213	0	roadblocks	1	1	_
795aac8065f03a2766d41dce92882d36	213	0	in	1	0	_
795aac8065f03a2766d41dce92882d36	213	0	the	0	0	_
795aac8065f03a2766d41dce92882d36	213	0	way	1	0	_
795aac8065f03a2766d41dce92882d36	213	0	of	0	0	_
795aac8065f03a2766d41dce92882d36	213	0	opportunity	0	0	_
795aac8065f03a2766d41dce92882d36	213	0	.	0	0	_

795aac8065f03a2766d41dce92882d36	213	1	And	0	0	_
795aac8065f03a2766d41dce92882d36	213	1	on	1	0	_
795aac8065f03a2766d41dce92882d36	213	1	and	0	0	_
795aac8065f03a2766d41dce92882d36	213	1	on	1	0	_
795aac8065f03a2766d41dce92882d36	213	1	.	0	0	_

795aac8065f03a2766d41dce92882d36	213	2	#	0	0	_
795aac8065f03a2766d41dce92882d36	213	2	Instead	0	0	_
795aac8065f03a2766d41dce92882d36	213	2	,	0	0	_
795aac8065f03a2766d41dce92882d36	213	2	we	0	0	_
795aac8065f03a2766d41dce92882d36	213	2	have	1	0	_
795aac8065f03a2766d41dce92882d36	213	2	elected	0	0	Change_of_leadership
795aac8065f03a2766d41dce92882d36	213	2	leaders	0	0	Leadership
795aac8065f03a2766d41dce92882d36	213	2	who	0	0	_

6052d189e7fa49e4b0892ca1b0ad2198	214	0	#	0	0	_
6052d189e7fa49e4b0892ca1b0ad2198	214	0	!	0	0	_

6052d189e7fa49e4b0892ca1b0ad2198	214	1	he	0	0	_
6052d189e7fa49e4b0892ca1b0ad2198	214	1	did	0	0	_
6052d189e7fa49e4b0892ca1b0ad2198	214	1	not	0	0	Negation
6052d189e7fa49e4b0892ca1b0ad2198	214	1	get	1	0	Getting
6052d189e7fa49e4b0892ca1b0ad2198	214	1	much	0	0	Proportional_quantity
6052d189e7fa49e4b0892ca1b0ad2198	214	1	in	1	0	_
6052d189e7fa49e4b0892ca1b0ad2198	214	1	the	0	0	_
6052d189e7fa49e4b0892ca1b0ad2198	214	1	way	1	0	Domain
6052d189e7fa49e4b0892ca1b0ad2198	214	1	of	0	0	_
6052d189e7fa49e4b0892ca1b0ad2198	214	1	opportunities	0	0	Alternatives
6052d189e7fa49e4b0892ca1b0ad2198	214	1	in	0	0	_
6052d189e7fa49e4b0892ca1b0ad2198	214	1	the	0	0	_
6052d189e7fa49e4b0892ca1b0ad2198	214	1	field	0	0	_
6052d189e7fa49e4b0892ca1b0ad2198	214	1	but	0	0	_
6052d189e7fa49e4b0892ca1b0ad2198	214	1	when	0	0	Temporal_collocation
6052d189e7fa49e4b0892ca1b0ad2198	214	1	he	0	0	_
6052d189e7fa49e4b0892ca1b0ad2198	214	1	did	0	0	_
6052d189e7fa49e4b0892ca1b0ad2198	214	1	he	0	0	_
6052d189e7fa49e4b0892ca1b0ad2198	214	1	flashed	1	1	_
6052d189e7fa49e4b0892ca1b0ad2198	214	1	a	0	0	_
6052d189e7fa49e4b0892ca1b0ad2198	214	1	strong	1	0	Level_of_force_exertion
6052d189e7fa49e4b0892ca1b0ad2198	214	1	arm	0	0	Body_parts
6052d189e7fa49e4b0892ca1b0ad2198	214	1	.	0	0	_

6052d189e7fa49e4b0892ca1b0ad2198	214	2	he	0	0	_

6ae6c3521c9964a9646a1969609abe49	215	0	#	0	0	_
6ae6c3521c9964a9646a1969609abe49	215	0	,	0	0	_
6ae6c3521c9964a9646a1969609abe49	215	0	but	0	0	Concessive
6ae6c3521c9964a9646a1969609abe49	215	0	do	0	0	_
6ae6c3521c9964a9646a1969609abe49	215	0	n't	0	0	_
6ae6c3521c9964a9646a1969609abe49	215	0	have	1	0	Possession
6ae6c3521c9964a9646a1969609abe49	215	0	much	0	0	Proportional_quantity
6ae6c3521c9964a9646a1969609abe49	215	0	in	1	0	_
6ae6c3521c9964a9646a1969609abe49	215	0	the	0	0	_
6ae6c3521c9964a9646a1969609abe49	215	0	way	1	0	Domain
6ae6c3521c9964a9646a1969609abe49	215	0	of	0	0	_
6ae6c3521c9964a9646a1969609abe49	215	0	opportunities	0	0	Alternatives
6ae6c3521c9964a9646a1969609abe49	215	0	.	0	0	_

6ae6c3521c9964a9646a1969609abe49	215	1	By	1	0	_
6ae6c3521c9964a9646a1969609abe49	215	1	the	0	0	_
6ae6c3521c9964a9646a1969609abe49	215	1	time	0	0	_
6ae6c3521c9964a9646a1969609abe49	215	1	a	0	0	_
6ae6c3521c9964a9646a1969609abe49	215	1	guy	0	0	People
6ae6c3521c9964a9646a1969609abe49	215	1	gets	1	0	Arriving
6ae6c3521c9964a9646a1969609abe49	215	1	to	1	0	_
6ae6c3521c9964a9646a1969609abe49	215	1	his	0	0	_
6ae6c3521c9964a9646a1969609abe49	215	1	mid-20	0	0	Temporal_subregion
6ae6c3521c9964a9646a1969609abe49	215	1	?	0	0	_

6ae6c3521c9964a9646a1969609abe49	215	2	s	0	0	_
6ae6c3521c9964a9646a1969609abe49	215	2	,	0	0	_
6ae6c3521c9964a9646a1969609abe49	215	2	he	0	0	_

3f16099891220d1d2eba361ef637d644	216	0	#	0	0	_
3f16099891220d1d2eba361ef637d644	216	0	country	0	0	Political_locales
3f16099891220d1d2eba361ef637d644	216	0	,	0	0	_
3f16099891220d1d2eba361ef637d644	216	0	one	0	0	_
3f16099891220d1d2eba361ef637d644	216	0	that	0	0	_
3f16099891220d1d2eba361ef637d644	216	0	offers	1	0	Offering
3f16099891220d1d2eba361ef637d644	216	0	less	0	0	_
3f16099891220d1d2eba361ef637d644	216	0	in	1	0	_
3f16099891220d1d2eba361ef637d644	216	0	the	0	0	_
3f16099891220d1d2eba361ef637d644	216	0	way	1	0	Domain
3f16099891220d1d2eba361ef637d644	216	0	of	0	0	_
3f16099891220d1d2eba361ef637d644	216	0	opportunity	0	0	_
3f16099891220d1d2eba361ef637d644	216	0	for	0	0	_
3f16099891220d1d2eba361ef637d644	216	0	travel	0	0	Travel
3f16099891220d1d2eba361ef637d644	216	0	,	0	0	_
3f16099891220d1d2eba361ef637d644	216	0	study	0	0	Scrutiny
3f16099891220d1d2eba361ef637d644	216	0	,	0	0	_
3f16099891220d1d2eba361ef637d644	216	0	or	0	0	_
3f16099891220d1d2eba361ef637d644	216	0	doing	0	0	Intentionally_act
3f16099891220d1d2eba361ef637d644	216	0	business	0	0	Businesses
3f16099891220d1d2eba361ef637d644	216	0	than	0	0	_
3f16099891220d1d2eba361ef637d644	216	0	China	0	0	_
3f16099891220d1d2eba361ef637d644	216	0	or	0	0	_
3f16099891220d1d2eba361ef637d644	216	0	India	0	0	_
3f16099891220d1d2eba361ef637d644	216	0	,	0	0	_
3f16099891220d1d2eba361ef637d644	216	0	and	0	0	_

661c7d4d36cd77d7b52f4b18bd9f629c	217	0	#	0	0	_
661c7d4d36cd77d7b52f4b18bd9f629c	217	0	economy	0	0	Economy
661c7d4d36cd77d7b52f4b18bd9f629c	217	0	,	0	0	_
661c7d4d36cd77d7b52f4b18bd9f629c	217	0	West	0	0	_
661c7d4d36cd77d7b52f4b18bd9f629c	217	0	Virginia	0	0	_
661c7d4d36cd77d7b52f4b18bd9f629c	217	0	offers	1	0	Offering
661c7d4d36cd77d7b52f4b18bd9f629c	217	0	little	0	0	_
661c7d4d36cd77d7b52f4b18bd9f629c	217	0	in	1	0	_
661c7d4d36cd77d7b52f4b18bd9f629c	217	0	the	0	0	_
661c7d4d36cd77d7b52f4b18bd9f629c	217	0	way	1	0	Domain
661c7d4d36cd77d7b52f4b18bd9f629c	217	0	of	0	0	_
661c7d4d36cd77d7b52f4b18bd9f629c	217	0	opportunity	0	0	Capability
661c7d4d36cd77d7b52f4b18bd9f629c	217	0	for	0	0	_
661c7d4d36cd77d7b52f4b18bd9f629c	217	0	budding	1	1	Process_start
661c7d4d36cd77d7b52f4b18bd9f629c	217	0	professionals	0	0	People_by_vocation
661c7d4d36cd77d7b52f4b18bd9f629c	217	0	.	0	0	_

661c7d4d36cd77d7b52f4b18bd9f629c	217	1	#	0	0	_
661c7d4d36cd77d7b52f4b18bd9f629c	217	1	``	0	0	_
661c7d4d36cd77d7b52f4b18bd9f629c	217	1	Part	0	0	Part_whole
661c7d4d36cd77d7b52f4b18bd9f629c	217	1	of	0	0	_
661c7d4d36cd77d7b52f4b18bd9f629c	217	1	what	0	0	_
661c7d4d36cd77d7b52f4b18bd9f629c	217	1	has	0	0	_
661c7d4d36cd77d7b52f4b18bd9f629c	217	1	happened	0	0	Event
661c7d4d36cd77d7b52f4b18bd9f629c	217	1	in	0	0	Interior_profile_relation
661c7d4d36cd77d7b52f4b18bd9f629c	217	1	West	0	0	_
661c7d4d36cd77d7b52f4b18bd9f629c	217	1	Virginia	0	0	_

740ce2171ab3041f6e481086d7714bf6	218	0	#	0	0	_
740ce2171ab3041f6e481086d7714bf6	218	0	steps	1	0	Intentionally_act
740ce2171ab3041f6e481086d7714bf6	218	0	that	0	0	_
740ce2171ab3041f6e481086d7714bf6	218	0	might	0	0	Likelihood
740ce2171ab3041f6e481086d7714bf6	218	0	have	0	0	_
740ce2171ab3041f6e481086d7714bf6	218	0	provided	0	0	Supply
740ce2171ab3041f6e481086d7714bf6	218	0	much	0	0	Proportional_quantity
740ce2171ab3041f6e481086d7714bf6	218	0	in	1	0	_
740ce2171ab3041f6e481086d7714bf6	218	0	the	0	0	_
740ce2171ab3041f6e481086d7714bf6	218	0	way	1	0	_
740ce2171ab3041f6e481086d7714bf6	218	0	of	0	0	_
740ce2171ab3041f6e481086d7714bf6	218	0	opportunity	0	0	_
740ce2171ab3041f6e481086d7714bf6	218	0	for	0	0	_
740ce2171ab3041f6e481086d7714bf6	218	0	that	1	0	_
740ce2171ab3041f6e481086d7714bf6	218	0	big	1	0	Size
740ce2171ab3041f6e481086d7714bf6	218	0	percentage	0	0	Part_whole
740ce2171ab3041f6e481086d7714bf6	218	0	of	0	0	Partitive
740ce2171ab3041f6e481086d7714bf6	218	0	the	0	0	_
740ce2171ab3041f6e481086d7714bf6	218	0	Southern	0	0	Part_orientational
740ce2171ab3041f6e481086d7714bf6	218	0	population	0	0	Aggregate
740ce2171ab3041f6e481086d7714bf6	218	0	to	1	0	_
740ce2171ab3041f6e481086d7714bf6	218	0	which	0	0	_
740ce2171ab3041f6e481086d7714bf6	218	0	he	0	0	_
740ce2171ab3041f6e481086d7714bf6	218	0	belonged	0	0	Possession
740ce2171ab3041f6e481086d7714bf6	218	0	.	0	0	_

740ce2171ab3041f6e481086d7714bf6	218	1	#	0	0	_

ebb033170eddbe2fa4ca8e5cdbdb01a8	219	0	#	0	0	_
ebb033170eddbe2fa4ca8e5cdbdb01a8	219	0	Springs	0	0	_
ebb033170eddbe2fa4ca8e5cdbdb01a8	219	0	does	0	0	_
ebb033170eddbe2fa4ca8e5cdbdb01a8	219	0	n't	0	0	_
ebb033170eddbe2fa4ca8e5cdbdb01a8	219	0	have	1	0	Possession
ebb033170eddbe2fa4ca8e5cdbdb01a8	219	0	a	0	0	Quantified_mass
ebb033170eddbe2fa4ca8e5cdbdb01a8	219	0	lot	1	0	Quantified_mass
ebb033170eddbe2fa4ca8e5cdbdb01a8	219	0	In	1	0	_
ebb033170eddbe2fa4ca8e5cdbdb01a8	219	0	the	0	0	Domain
ebb033170eddbe2fa4ca8e5cdbdb01a8	219	0	way	1	0	Domain
ebb033170eddbe2fa4ca8e5cdbdb01a8	219	0	of	0	0	_
ebb033170eddbe2fa4ca8e5cdbdb01a8	219	0	opportunity	0	0	Alternatives
ebb033170eddbe2fa4ca8e5cdbdb01a8	219	0	.	0	0	_

ebb033170eddbe2fa4ca8e5cdbdb01a8	219	1	Until	0	0	Time_vector
ebb033170eddbe2fa4ca8e5cdbdb01a8	219	1	they	0	0	_
ebb033170eddbe2fa4ca8e5cdbdb01a8	219	1	had	1	0	_
ebb033170eddbe2fa4ca8e5cdbdb01a8	219	1	the	0	0	_
ebb033170eddbe2fa4ca8e5cdbdb01a8	219	1	first	0	0	Ordinal_numbers
ebb033170eddbe2fa4ca8e5cdbdb01a8	219	1	ever	0	0	_
ebb033170eddbe2fa4ca8e5cdbdb01a8	219	1	Miss	0	0	_
ebb033170eddbe2fa4ca8e5cdbdb01a8	219	1	Hope	0	0	_
ebb033170eddbe2fa4ca8e5cdbdb01a8	219	1	Springs	0	0	_
ebb033170eddbe2fa4ca8e5cdbdb01a8	219	1	pageant	0	0	_
ebb033170eddbe2fa4ca8e5cdbdb01a8	219	1	.	0	0	_

ebb033170eddbe2fa4ca8e5cdbdb01a8	219	2	That	1	0	_
ebb033170eddbe2fa4ca8e5cdbdb01a8	219	2	's	0	0	_

5cd10804b2057e2d0f3d6ab7e9be3e04	220	0	#	0	0	_
5cd10804b2057e2d0f3d6ab7e9be3e04	220	0	''	0	0	_
5cd10804b2057e2d0f3d6ab7e9be3e04	220	0	Never	0	0	Frequency
5cd10804b2057e2d0f3d6ab7e9be3e04	220	0	allow	0	0	Preventing_or_letting
5cd10804b2057e2d0f3d6ab7e9be3e04	220	0	family	0	0	Kinship
5cd10804b2057e2d0f3d6ab7e9be3e04	220	0	to	0	0	_
5cd10804b2057e2d0f3d6ab7e9be3e04	220	0	stand	1	0	_
5cd10804b2057e2d0f3d6ab7e9be3e04	220	0	in	1	0	_
5cd10804b2057e2d0f3d6ab7e9be3e04	220	0	the	0	0	_
5cd10804b2057e2d0f3d6ab7e9be3e04	220	0	way	1	0	_
5cd10804b2057e2d0f3d6ab7e9be3e04	220	0	of	0	0	_
5cd10804b2057e2d0f3d6ab7e9be3e04	220	0	opportunity.	0	0	_
5cd10804b2057e2d0f3d6ab7e9be3e04	220	0	``	0	0	_

5cd10804b2057e2d0f3d6ab7e9be3e04	220	1	I	0	0	_
5cd10804b2057e2d0f3d6ab7e9be3e04	220	1	certainly	0	0	Likelihood
5cd10804b2057e2d0f3d6ab7e9be3e04	220	1	never	0	0	Frequency
5cd10804b2057e2d0f3d6ab7e9be3e04	220	1	have	0	0	Possession
5cd10804b2057e2d0f3d6ab7e9be3e04	220	1	.	0	0	_

5cd10804b2057e2d0f3d6ab7e9be3e04	220	2	I	0	0	_
5cd10804b2057e2d0f3d6ab7e9be3e04	220	2	told	0	0	Telling
5cd10804b2057e2d0f3d6ab7e9be3e04	220	2	you	0	0	_
5cd10804b2057e2d0f3d6ab7e9be3e04	220	2	he	0	0	_
5cd10804b2057e2d0f3d6ab7e9be3e04	220	2	had	0	0	Possession
5cd10804b2057e2d0f3d6ab7e9be3e04	220	2	brains	0	0	_
5cd10804b2057e2d0f3d6ab7e9be3e04	220	2	.	0	0	_

bc2555f570e12639b7c8714aab793246	221	0	#	0	0	_
bc2555f570e12639b7c8714aab793246	221	0	unlike	0	0	Similarity
bc2555f570e12639b7c8714aab793246	221	0	The	0	0	_
bc2555f570e12639b7c8714aab793246	221	0	Road	0	0	Roadways
bc2555f570e12639b7c8714aab793246	221	0	it	0	0	_
bc2555f570e12639b7c8714aab793246	221	0	offers	1	0	Offering
bc2555f570e12639b7c8714aab793246	221	0	little	0	0	_
bc2555f570e12639b7c8714aab793246	221	0	in	1	0	_
bc2555f570e12639b7c8714aab793246	221	0	the	0	0	_
bc2555f570e12639b7c8714aab793246	221	0	way	1	0	Domain
bc2555f570e12639b7c8714aab793246	221	0	of	0	0	_
bc2555f570e12639b7c8714aab793246	221	0	opportunities	0	0	Alternatives
bc2555f570e12639b7c8714aab793246	221	0	for	0	0	_
bc2555f570e12639b7c8714aab793246	221	0	identification	0	0	Verification
bc2555f570e12639b7c8714aab793246	221	0	,	0	0	_
bc2555f570e12639b7c8714aab793246	221	0	personal	0	0	_
bc2555f570e12639b7c8714aab793246	221	0	investment	0	0	_
bc2555f570e12639b7c8714aab793246	221	0	,	0	0	_
bc2555f570e12639b7c8714aab793246	221	0	or	0	0	_
bc2555f570e12639b7c8714aab793246	221	0	empathy	0	0	_
bc2555f570e12639b7c8714aab793246	221	0	.	0	0	_

bc2555f570e12639b7c8714aab793246	221	1	Reading	0	0	Reading_activity
bc2555f570e12639b7c8714aab793246	221	1	The	0	0	_
bc2555f570e12639b7c8714aab793246	221	1	Book	0	0	Text
bc2555f570e12639b7c8714aab793246	221	1	of	0	0	_
bc2555f570e12639b7c8714aab793246	221	1	Illusions	0	0	_

795aac8065f03a2766d41dce92882d36	222	0	#	0	0	_
795aac8065f03a2766d41dce92882d36	222	0	that	0	0	_
795aac8065f03a2766d41dce92882d36	222	0	do	0	0	_
795aac8065f03a2766d41dce92882d36	222	0	n't	0	0	_
795aac8065f03a2766d41dce92882d36	222	0	put	1	0	Placing
795aac8065f03a2766d41dce92882d36	222	0	unnecessary	0	0	_
795aac8065f03a2766d41dce92882d36	222	0	roadblocks	1	1	_
795aac8065f03a2766d41dce92882d36	222	0	in	1	0	_
795aac8065f03a2766d41dce92882d36	222	0	the	0	0	_
795aac8065f03a2766d41dce92882d36	222	0	way	1	0	_
795aac8065f03a2766d41dce92882d36	222	0	of	0	0	_
795aac8065f03a2766d41dce92882d36	222	0	opportunity	0	0	_
795aac8065f03a2766d41dce92882d36	222	0	.	0	0	_

795aac8065f03a2766d41dce92882d36	222	1	And	0	0	_
795aac8065f03a2766d41dce92882d36	222	1	on	1	0	_
795aac8065f03a2766d41dce92882d36	222	1	and	0	0	_
795aac8065f03a2766d41dce92882d36	222	1	on	1	0	_
795aac8065f03a2766d41dce92882d36	222	1	.	0	0	_

795aac8065f03a2766d41dce92882d36	222	2	#	0	0	_
795aac8065f03a2766d41dce92882d36	222	2	Instead	0	0	_
795aac8065f03a2766d41dce92882d36	222	2	,	0	0	_
795aac8065f03a2766d41dce92882d36	222	2	we	0	0	_
795aac8065f03a2766d41dce92882d36	222	2	have	1	0	_
795aac8065f03a2766d41dce92882d36	222	2	elected	0	0	Change_of_leadership
795aac8065f03a2766d41dce92882d36	222	2	leaders	0	0	Leadership
795aac8065f03a2766d41dce92882d36	222	2	who	0	0	_

6052d189e7fa49e4b0892ca1b0ad2198	223	0	#	0	0	_
6052d189e7fa49e4b0892ca1b0ad2198	223	0	!	0	0	_

6052d189e7fa49e4b0892ca1b0ad2198	223	1	he	0	0	_
6052d189e7fa49e4b0892ca1b0ad2198	223	1	did	0	0	_
6052d189e7fa49e4b0892ca1b0ad2198	223	1	not	0	0	Negation
6052d189e7fa49e4b0892ca1b0ad2198	223	1	get	1	0	Getting
6052d189e7fa49e4b0892ca1b0ad2198	223	1	much	0	0	Proportional_quantity
6052d189e7fa49e4b0892ca1b0ad2198	223	1	in	1	0	_
6052d189e7fa49e4b0892ca1b0ad2198	223	1	the	0	0	_
6052d189e7fa49e4b0892ca1b0ad2198	223	1	way	1	0	Domain
6052d189e7fa49e4b0892ca1b0ad2198	223	1	of	0	0	_
6052d189e7fa49e4b0892ca1b0ad2198	223	1	opportunities	0	0	Alternatives
6052d189e7fa49e4b0892ca1b0ad2198	223	1	in	0	0	_
6052d189e7fa49e4b0892ca1b0ad2198	223	1	the	0	0	_
6052d189e7fa49e4b0892ca1b0ad2198	223	1	field	0	0	_
6052d189e7fa49e4b0892ca1b0ad2198	223	1	but	0	0	_
6052d189e7fa49e4b0892ca1b0ad2198	223	1	when	0	0	Temporal_collocation
6052d189e7fa49e4b0892ca1b0ad2198	223	1	he	0	0	_
6052d189e7fa49e4b0892ca1b0ad2198	223	1	did	0	0	_
6052d189e7fa49e4b0892ca1b0ad2198	223	1	he	0	0	_
6052d189e7fa49e4b0892ca1b0ad2198	223	1	flashed	1	1	_
6052d189e7fa49e4b0892ca1b0ad2198	223	1	a	0	0	_
6052d189e7fa49e4b0892ca1b0ad2198	223	1	strong	1	0	Level_of_force_exertion
6052d189e7fa49e4b0892ca1b0ad2198	223	1	arm	0	0	Body_parts
6052d189e7fa49e4b0892ca1b0ad2198	223	1	.	0	0	_

6052d189e7fa49e4b0892ca1b0ad2198	223	2	he	0	0	_

6ae6c3521c9964a9646a1969609abe49	224	0	#	0	0	_
6ae6c3521c9964a9646a1969609abe49	224	0	,	0	0	_
6ae6c3521c9964a9646a1969609abe49	224	0	but	0	0	Concessive
6ae6c3521c9964a9646a1969609abe49	224	0	do	0	0	_
6ae6c3521c9964a9646a1969609abe49	224	0	n't	0	0	_
6ae6c3521c9964a9646a1969609abe49	224	0	have	1	0	Possession
6ae6c3521c9964a9646a1969609abe49	224	0	much	0	0	Proportional_quantity
6ae6c3521c9964a9646a1969609abe49	224	0	in	1	0	_
6ae6c3521c9964a9646a1969609abe49	224	0	the	0	0	_
6ae6c3521c9964a9646a1969609abe49	224	0	way	1	0	Domain
6ae6c3521c9964a9646a1969609abe49	224	0	of	0	0	_
6ae6c3521c9964a9646a1969609abe49	224	0	opportunities	0	0	Alternatives
6ae6c3521c9964a9646a1969609abe49	224	0	.	0	0	_

6ae6c3521c9964a9646a1969609abe49	224	1	By	1	0	_
6ae6c3521c9964a9646a1969609abe49	224	1	the	0	0	_
6ae6c3521c9964a9646a1969609abe49	224	1	time	0	0	_
6ae6c3521c9964a9646a1969609abe49	224	1	a	0	0	_
6ae6c3521c9964a9646a1969609abe49	224	1	guy	0	0	People
6ae6c3521c9964a9646a1969609abe49	224	1	gets	1	0	Arriving
6ae6c3521c9964a9646a1969609abe49	224	1	to	1	0	_
6ae6c3521c9964a9646a1969609abe49	224	1	his	0	0	_
6ae6c3521c9964a9646a1969609abe49	224	1	mid-20	0	0	Temporal_subregion
6ae6c3521c9964a9646a1969609abe49	224	1	?	0	0	_

6ae6c3521c9964a9646a1969609abe49	224	2	s	0	0	_
6ae6c3521c9964a9646a1969609abe49	224	2	,	0	0	_
6ae6c3521c9964a9646a1969609abe49	224	2	he	0	0	_

3f16099891220d1d2eba361ef637d644	225	0	#	0	0	_
3f16099891220d1d2eba361ef637d644	225	0	country	0	0	Political_locales
3f16099891220d1d2eba361ef637d644	225	0	,	0	0	_
3f16099891220d1d2eba361ef637d644	225	0	one	0	0	_
3f16099891220d1d2eba361ef637d644	225	0	that	0	0	_
3f16099891220d1d2eba361ef637d644	225	0	offers	1	0	Offering
3f16099891220d1d2eba361ef637d644	225	0	less	0	0	_
3f16099891220d1d2eba361ef637d644	225	0	in	1	0	_
3f16099891220d1d2eba361ef637d644	225	0	the	0	0	_
3f16099891220d1d2eba361ef637d644	225	0	way	1	0	Domain
3f16099891220d1d2eba361ef637d644	225	0	of	0	0	_
3f16099891220d1d2eba361ef637d644	225	0	opportunity	0	0	_
3f16099891220d1d2eba361ef637d644	225	0	for	0	0	_
3f16099891220d1d2eba361ef637d644	225	0	travel	0	0	Travel
3f16099891220d1d2eba361ef637d644	225	0	,	0	0	_
3f16099891220d1d2eba361ef637d644	225	0	study	0	0	Scrutiny
3f16099891220d1d2eba361ef637d644	225	0	,	0	0	_
3f16099891220d1d2eba361ef637d644	225	0	or	0	0	_
3f16099891220d1d2eba361ef637d644	225	0	doing	0	0	Intentionally_act
3f16099891220d1d2eba361ef637d644	225	0	business	0	0	Businesses
3f16099891220d1d2eba361ef637d644	225	0	than	0	0	_
3f16099891220d1d2eba361ef637d644	225	0	China	0	0	_
3f16099891220d1d2eba361ef637d644	225	0	or	0	0	_
3f16099891220d1d2eba361ef637d644	225	0	India	0	0	_
3f16099891220d1d2eba361ef637d644	225	0	,	0	0	_
3f16099891220d1d2eba361ef637d644	225	0	and	0	0	_

661c7d4d36cd77d7b52f4b18bd9f629c	226	0	#	0	0	_
661c7d4d36cd77d7b52f4b18bd9f629c	226	0	economy	0	0	Economy
661c7d4d36cd77d7b52f4b18bd9f629c	226	0	,	0	0	_
661c7d4d36cd77d7b52f4b18bd9f629c	226	0	West	0	0	_
661c7d4d36cd77d7b52f4b18bd9f629c	226	0	Virginia	0	0	_
661c7d4d36cd77d7b52f4b18bd9f629c	226	0	offers	1	0	Offering
661c7d4d36cd77d7b52f4b18bd9f629c	226	0	little	0	0	_
661c7d4d36cd77d7b52f4b18bd9f629c	226	0	in	1	0	_
661c7d4d36cd77d7b52f4b18bd9f629c	226	0	the	0	0	_
661c7d4d36cd77d7b52f4b18bd9f629c	226	0	way	1	0	Domain
661c7d4d36cd77d7b52f4b18bd9f629c	226	0	of	0	0	_
661c7d4d36cd77d7b52f4b18bd9f629c	226	0	opportunity	0	0	Capability
661c7d4d36cd77d7b52f4b18bd9f629c	226	0	for	0	0	_
661c7d4d36cd77d7b52f4b18bd9f629c	226	0	budding	1	1	Process_start
661c7d4d36cd77d7b52f4b18bd9f629c	226	0	professionals	0	0	People_by_vocation
661c7d4d36cd77d7b52f4b18bd9f629c	226	0	.	0	0	_

661c7d4d36cd77d7b52f4b18bd9f629c	226	1	#	0	0	_
661c7d4d36cd77d7b52f4b18bd9f629c	226	1	``	0	0	_
661c7d4d36cd77d7b52f4b18bd9f629c	226	1	Part	0	0	Part_whole
661c7d4d36cd77d7b52f4b18bd9f629c	226	1	of	0	0	_
661c7d4d36cd77d7b52f4b18bd9f629c	226	1	what	0	0	_
661c7d4d36cd77d7b52f4b18bd9f629c	226	1	has	0	0	_
661c7d4d36cd77d7b52f4b18bd9f629c	226	1	happened	0	0	Event
661c7d4d36cd77d7b52f4b18bd9f629c	226	1	in	0	0	Interior_profile_relation
661c7d4d36cd77d7b52f4b18bd9f629c	226	1	West	0	0	_
661c7d4d36cd77d7b52f4b18bd9f629c	226	1	Virginia	0	0	_

740ce2171ab3041f6e481086d7714bf6	227	0	#	0	0	_
740ce2171ab3041f6e481086d7714bf6	227	0	steps	1	0	Intentionally_act
740ce2171ab3041f6e481086d7714bf6	227	0	that	0	0	_
740ce2171ab3041f6e481086d7714bf6	227	0	might	0	0	Likelihood
740ce2171ab3041f6e481086d7714bf6	227	0	have	0	0	_
740ce2171ab3041f6e481086d7714bf6	227	0	provided	0	0	Supply
740ce2171ab3041f6e481086d7714bf6	227	0	much	0	0	Proportional_quantity
740ce2171ab3041f6e481086d7714bf6	227	0	in	1	0	_
740ce2171ab3041f6e481086d7714bf6	227	0	the	0	0	_
740ce2171ab3041f6e481086d7714bf6	227	0	way	1	0	_
740ce2171ab3041f6e481086d7714bf6	227	0	of	0	0	_
740ce2171ab3041f6e481086d7714bf6	227	0	opportunity	0	0	_
740ce2171ab3041f6e481086d7714bf6	227	0	for	0	0	_
740ce2171ab3041f6e481086d7714bf6	227	0	that	1	0	_
740ce2171ab3041f6e481086d7714bf6	227	0	big	1	0	Size
740ce2171ab3041f6e481086d7714bf6	227	0	percentage	0	0	Part_whole
740ce2171ab3041f6e481086d7714bf6	227	0	of	0	0	Partitive
740ce2171ab3041f6e481086d7714bf6	227	0	the	0	0	_
740ce2171ab3041f6e481086d7714bf6	227	0	Southern	0	0	Part_orientational
740ce2171ab3041f6e481086d7714bf6	227	0	population	0	0	Aggregate
740ce2171ab3041f6e481086d7714bf6	227	0	to	1	0	_
740ce2171ab3041f6e481086d7714bf6	227	0	which	0	0	_
740ce2171ab3041f6e481086d7714bf6	227	0	he	0	0	_
740ce2171ab3041f6e481086d7714bf6	227	0	belonged	0	0	Possession
740ce2171ab3041f6e481086d7714bf6	227	0	.	0	0	_

740ce2171ab3041f6e481086d7714bf6	227	1	#	0	0	_

ebb033170eddbe2fa4ca8e5cdbdb01a8	228	0	#	0	0	_
ebb033170eddbe2fa4ca8e5cdbdb01a8	228	0	Springs	0	0	_
ebb033170eddbe2fa4ca8e5cdbdb01a8	228	0	does	0	0	_
ebb033170eddbe2fa4ca8e5cdbdb01a8	228	0	n't	0	0	_
ebb033170eddbe2fa4ca8e5cdbdb01a8	228	0	have	1	0	Possession
ebb033170eddbe2fa4ca8e5cdbdb01a8	228	0	a	0	0	Quantified_mass
ebb033170eddbe2fa4ca8e5cdbdb01a8	228	0	lot	1	0	Quantified_mass
ebb033170eddbe2fa4ca8e5cdbdb01a8	228	0	In	1	0	_
ebb033170eddbe2fa4ca8e5cdbdb01a8	228	0	the	0	0	Domain
ebb033170eddbe2fa4ca8e5cdbdb01a8	228	0	way	1	0	Domain
ebb033170eddbe2fa4ca8e5cdbdb01a8	228	0	of	0	0	_
ebb033170eddbe2fa4ca8e5cdbdb01a8	228	0	opportunity	0	0	Alternatives
ebb033170eddbe2fa4ca8e5cdbdb01a8	228	0	.	0	0	_

ebb033170eddbe2fa4ca8e5cdbdb01a8	228	1	Until	0	0	Time_vector
ebb033170eddbe2fa4ca8e5cdbdb01a8	228	1	they	0	0	_
ebb033170eddbe2fa4ca8e5cdbdb01a8	228	1	had	1	0	_
ebb033170eddbe2fa4ca8e5cdbdb01a8	228	1	the	0	0	_
ebb033170eddbe2fa4ca8e5cdbdb01a8	228	1	first	0	0	Ordinal_numbers
ebb033170eddbe2fa4ca8e5cdbdb01a8	228	1	ever	0	0	_
ebb033170eddbe2fa4ca8e5cdbdb01a8	228	1	Miss	0	0	_
ebb033170eddbe2fa4ca8e5cdbdb01a8	228	1	Hope	0	0	_
ebb033170eddbe2fa4ca8e5cdbdb01a8	228	1	Springs	0	0	_
ebb033170eddbe2fa4ca8e5cdbdb01a8	228	1	pageant	0	0	_
ebb033170eddbe2fa4ca8e5cdbdb01a8	228	1	.	0	0	_

ebb033170eddbe2fa4ca8e5cdbdb01a8	228	2	That	1	0	_
ebb033170eddbe2fa4ca8e5cdbdb01a8	228	2	's	0	0	_

5cd10804b2057e2d0f3d6ab7e9be3e04	229	0	#	0	0	_
5cd10804b2057e2d0f3d6ab7e9be3e04	229	0	''	0	0	_
5cd10804b2057e2d0f3d6ab7e9be3e04	229	0	Never	0	0	Frequency
5cd10804b2057e2d0f3d6ab7e9be3e04	229	0	allow	0	0	Preventing_or_letting
5cd10804b2057e2d0f3d6ab7e9be3e04	229	0	family	0	0	Kinship
5cd10804b2057e2d0f3d6ab7e9be3e04	229	0	to	0	0	_
5cd10804b2057e2d0f3d6ab7e9be3e04	229	0	stand	1	0	_
5cd10804b2057e2d0f3d6ab7e9be3e04	229	0	in	1	0	_
5cd10804b2057e2d0f3d6ab7e9be3e04	229	0	the	0	0	_
5cd10804b2057e2d0f3d6ab7e9be3e04	229	0	way	1	0	_
5cd10804b2057e2d0f3d6ab7e9be3e04	229	0	of	0	0	_
5cd10804b2057e2d0f3d6ab7e9be3e04	229	0	opportunity.	0	0	_
5cd10804b2057e2d0f3d6ab7e9be3e04	229	0	``	0	0	_

5cd10804b2057e2d0f3d6ab7e9be3e04	229	1	I	0	0	_
5cd10804b2057e2d0f3d6ab7e9be3e04	229	1	certainly	0	0	Likelihood
5cd10804b2057e2d0f3d6ab7e9be3e04	229	1	never	0	0	Frequency
5cd10804b2057e2d0f3d6ab7e9be3e04	229	1	have	0	0	Possession
5cd10804b2057e2d0f3d6ab7e9be3e04	229	1	.	0	0	_

5cd10804b2057e2d0f3d6ab7e9be3e04	229	2	I	0	0	_
5cd10804b2057e2d0f3d6ab7e9be3e04	229	2	told	0	0	Telling
5cd10804b2057e2d0f3d6ab7e9be3e04	229	2	you	0	0	_
5cd10804b2057e2d0f3d6ab7e9be3e04	229	2	he	0	0	_
5cd10804b2057e2d0f3d6ab7e9be3e04	229	2	had	0	0	Possession
5cd10804b2057e2d0f3d6ab7e9be3e04	229	2	brains	0	0	_
5cd10804b2057e2d0f3d6ab7e9be3e04	229	2	.	0	0	_

7956bd9a4423bef16255384ae058d4ea	230	0	#	0	0	_
7956bd9a4423bef16255384ae058d4ea	230	0	my	0	0	_
7956bd9a4423bef16255384ae058d4ea	230	0	organization	0	0	Organization
7956bd9a4423bef16255384ae058d4ea	230	0	will	0	0	_
7956bd9a4423bef16255384ae058d4ea	230	0	be	0	0	_
7956bd9a4423bef16255384ae058d4ea	230	0	able	1	0	Capability
7956bd9a4423bef16255384ae058d4ea	230	0	to	0	0	_
7956bd9a4423bef16255384ae058d4ea	230	0	start	0	0	Activity_start
7956bd9a4423bef16255384ae058d4ea	230	0	a	0	0	_
7956bd9a4423bef16255384ae058d4ea	230	0	bridge	1	1	Roadways
7956bd9a4423bef16255384ae058d4ea	230	0	of	0	0	_
7956bd9a4423bef16255384ae058d4ea	230	0	opportunity	0	0	_
7956bd9a4423bef16255384ae058d4ea	230	0	for	0	0	_
7956bd9a4423bef16255384ae058d4ea	230	0	them	0	0	_
7956bd9a4423bef16255384ae058d4ea	230	0	here	0	0	_
7956bd9a4423bef16255384ae058d4ea	230	0	in	0	0	_
7956bd9a4423bef16255384ae058d4ea	230	0	the	0	0	_
7956bd9a4423bef16255384ae058d4ea	230	0	United	0	0	_
7956bd9a4423bef16255384ae058d4ea	230	0	States	0	0	_
7956bd9a4423bef16255384ae058d4ea	230	0	by	0	0	Means
7956bd9a4423bef16255384ae058d4ea	230	0	putting	1	0	Placing
7956bd9a4423bef16255384ae058d4ea	230	0	them	0	0	_
7956bd9a4423bef16255384ae058d4ea	230	0	on	1	0	Spatial_contact
7956bd9a4423bef16255384ae058d4ea	230	0	a	0	0	_
7956bd9a4423bef16255384ae058d4ea	230	0	path	1	0	Roadways
7956bd9a4423bef16255384ae058d4ea	230	0	to	0	0	_

65c4c7792b36cf7461932ba5f435d50c	231	0	#	0	0	_
65c4c7792b36cf7461932ba5f435d50c	231	0	build	1	0	Building
65c4c7792b36cf7461932ba5f435d50c	231	0	hope	0	0	Desiring
65c4c7792b36cf7461932ba5f435d50c	231	0	for	0	0	_
65c4c7792b36cf7461932ba5f435d50c	231	0	children	0	0	People_by_age
65c4c7792b36cf7461932ba5f435d50c	231	0	so	0	0	_
65c4c7792b36cf7461932ba5f435d50c	231	0	that	0	0	_
65c4c7792b36cf7461932ba5f435d50c	231	0	they	0	0	_
65c4c7792b36cf7461932ba5f435d50c	231	0	see	1	0	Perception_experience
65c4c7792b36cf7461932ba5f435d50c	231	0	bridges	1	1	Roadways
65c4c7792b36cf7461932ba5f435d50c	231	0	of	0	0	_
65c4c7792b36cf7461932ba5f435d50c	231	0	opportunity	0	0	Alternatives
65c4c7792b36cf7461932ba5f435d50c	231	0	.	0	0	_

65c4c7792b36cf7461932ba5f435d50c	231	1	And	0	0	_
65c4c7792b36cf7461932ba5f435d50c	231	1	what	0	0	_
65c4c7792b36cf7461932ba5f435d50c	231	1	I	0	0	_
65c4c7792b36cf7461932ba5f435d50c	231	1	mean	0	0	_
65c4c7792b36cf7461932ba5f435d50c	231	1	by	0	0	_
65c4c7792b36cf7461932ba5f435d50c	231	1	that	1	0	_
65c4c7792b36cf7461932ba5f435d50c	231	1	is	0	0	_
65c4c7792b36cf7461932ba5f435d50c	231	1	to	0	0	_
65c4c7792b36cf7461932ba5f435d50c	231	1	immunize	0	0	Protecting
65c4c7792b36cf7461932ba5f435d50c	231	1	our	0	0	_
65c4c7792b36cf7461932ba5f435d50c	231	1	children	0	0	Kinship
65c4c7792b36cf7461932ba5f435d50c	231	1	against	1	0	_
65c4c7792b36cf7461932ba5f435d50c	231	1	childhood	0	0	_

9f0483ef35067f1256204c55fb9a60b1	232	0	#	0	0	_
9f0483ef35067f1256204c55fb9a60b1	232	0	that	0	0	_
9f0483ef35067f1256204c55fb9a60b1	232	0	if	0	0	_
9f0483ef35067f1256204c55fb9a60b1	232	0	the	0	0	_
9f0483ef35067f1256204c55fb9a60b1	232	0	military	0	0	Military
9f0483ef35067f1256204c55fb9a60b1	232	0	is	0	0	_
9f0483ef35067f1256204c55fb9a60b1	232	0	offering	1	1	Offering
9f0483ef35067f1256204c55fb9a60b1	232	0	a	0	0	_
9f0483ef35067f1256204c55fb9a60b1	232	0	great	1	0	_
9f0483ef35067f1256204c55fb9a60b1	232	0	path	1	0	Roadways
9f0483ef35067f1256204c55fb9a60b1	232	0	of	0	0	_
9f0483ef35067f1256204c55fb9a60b1	232	0	opportunity	0	0	_
9f0483ef35067f1256204c55fb9a60b1	232	0	we	0	0	_
9f0483ef35067f1256204c55fb9a60b1	232	0	should	0	0	Desirable_event
9f0483ef35067f1256204c55fb9a60b1	232	0	discourage	0	0	Subjective_influence
9f0483ef35067f1256204c55fb9a60b1	232	0	young	0	0	Age
9f0483ef35067f1256204c55fb9a60b1	232	0	black	0	0	_
9f0483ef35067f1256204c55fb9a60b1	232	0	and	0	0	_
9f0483ef35067f1256204c55fb9a60b1	232	0	women	0	0	People
9f0483ef35067f1256204c55fb9a60b1	232	0	from	1	0	_
9f0483ef35067f1256204c55fb9a60b1	232	0	walking	1	0	Self_motion
9f0483ef35067f1256204c55fb9a60b1	232	0	that	1	0	_
9f0483ef35067f1256204c55fb9a60b1	232	0	path	1	0	Roadways
9f0483ef35067f1256204c55fb9a60b1	232	0	to	0	0	_
9f0483ef35067f1256204c55fb9a60b1	232	0	improve	0	0	Cause_to_make_progress
9f0483ef35067f1256204c55fb9a60b1	232	0	themselves	0	0	_

1802f0917e3ad2216c2fdd915fb6eaaa	233	0	#	0	0	_
1802f0917e3ad2216c2fdd915fb6eaaa	233	0	cut	1	0	Change_operational_state
1802f0917e3ad2216c2fdd915fb6eaaa	233	0	off	1	0	Change_operational_state
1802f0917e3ad2216c2fdd915fb6eaaa	233	0	their	0	0	_
1802f0917e3ad2216c2fdd915fb6eaaa	233	0	future	0	0	Alternatives
1802f0917e3ad2216c2fdd915fb6eaaa	233	0	and	0	0	_
1802f0917e3ad2216c2fdd915fb6eaaa	233	0	close	1	0	Openness
1802f0917e3ad2216c2fdd915fb6eaaa	233	0	off	1	0	_
1802f0917e3ad2216c2fdd915fb6eaaa	233	0	this	1	0	_
1802f0917e3ad2216c2fdd915fb6eaaa	233	0	path	1	0	Roadways
1802f0917e3ad2216c2fdd915fb6eaaa	233	0	of	0	0	_
1802f0917e3ad2216c2fdd915fb6eaaa	233	0	opportunity	0	0	Alternatives
1802f0917e3ad2216c2fdd915fb6eaaa	233	0	.	0	0	_

1802f0917e3ad2216c2fdd915fb6eaaa	233	1	That	1	0	_
1802f0917e3ad2216c2fdd915fb6eaaa	233	1	is	0	0	_
1802f0917e3ad2216c2fdd915fb6eaaa	233	1	tyranny	0	0	_
1802f0917e3ad2216c2fdd915fb6eaaa	233	1	.	0	0	_

1802f0917e3ad2216c2fdd915fb6eaaa	233	2	MR-WALTERS	0	0	_
1802f0917e3ad2216c2fdd915fb6eaaa	233	2	:	0	0	_
1802f0917e3ad2216c2fdd915fb6eaaa	233	2	Again	0	0	_
1802f0917e3ad2216c2fdd915fb6eaaa	233	2	,	0	0	_
1802f0917e3ad2216c2fdd915fb6eaaa	233	2	this	1	0	_
1802f0917e3ad2216c2fdd915fb6eaaa	233	2	is	0	0	_
1802f0917e3ad2216c2fdd915fb6eaaa	233	2	simply	0	0	_
1802f0917e3ad2216c2fdd915fb6eaaa	233	2	not	0	0	_
1802f0917e3ad2216c2fdd915fb6eaaa	233	2	informed	0	0	Telling

bb0819ace02d26b465f1c2b396deec48	234	0	#	0	0	_
bb0819ace02d26b465f1c2b396deec48	234	0	did	0	0	_
bb0819ace02d26b465f1c2b396deec48	234	0	not	0	0	Negation
bb0819ace02d26b465f1c2b396deec48	234	0	wing	1	1	Self_motion
bb0819ace02d26b465f1c2b396deec48	234	0	away	1	0	_
bb0819ace02d26b465f1c2b396deec48	234	0	on	1	0	Spatial_contact
bb0819ace02d26b465f1c2b396deec48	234	0	their	0	0	_
bb0819ace02d26b465f1c2b396deec48	234	0	own	0	0	_
bb0819ace02d26b465f1c2b396deec48	234	0	wild	1	1	_
bb0819ace02d26b465f1c2b396deec48	234	0	trail	1	0	Roadways
bb0819ace02d26b465f1c2b396deec48	234	0	of	0	0	_
bb0819ace02d26b465f1c2b396deec48	234	0	chance	0	0	Likelihood
bb0819ace02d26b465f1c2b396deec48	234	0	associations	0	0	Collaboration
bb0819ace02d26b465f1c2b396deec48	234	0	and	0	0	_
bb0819ace02d26b465f1c2b396deec48	234	0	foolish	1	1	Mental_property
bb0819ace02d26b465f1c2b396deec48	234	0	jokes	0	0	_
bb0819ace02d26b465f1c2b396deec48	234	0	,	0	0	_
bb0819ace02d26b465f1c2b396deec48	234	0	taking	1	0	Bringing
bb0819ace02d26b465f1c2b396deec48	234	0	his	0	0	_
bb0819ace02d26b465f1c2b396deec48	234	0	inner	1	0	_
bb0819ace02d26b465f1c2b396deec48	234	0	thoughts	0	0	Cogitation
bb0819ace02d26b465f1c2b396deec48	234	0	with	1	0	Accompaniment
bb0819ace02d26b465f1c2b396deec48	234	0	them	0	0	_
bb0819ace02d26b465f1c2b396deec48	234	0	whether	0	0	_
bb0819ace02d26b465f1c2b396deec48	234	0	he	0	0	_
bb0819ace02d26b465f1c2b396deec48	234	0	would	0	0	_

83fcbd49c7c4f3a9e50307b14218ff28	235	0	#	0	0	_
83fcbd49c7c4f3a9e50307b14218ff28	235	0	(	0	0	_
83fcbd49c7c4f3a9e50307b14218ff28	235	0	V.O	0	0	_
83fcbd49c7c4f3a9e50307b14218ff28	235	0	.	0	0	_
83fcbd49c7c4f3a9e50307b14218ff28	235	0	)	0	0	_

83fcbd49c7c4f3a9e50307b14218ff28	235	1	#	0	0	_
83fcbd49c7c4f3a9e50307b14218ff28	235	1	Who	0	0	_
83fcbd49c7c4f3a9e50307b14218ff28	235	1	can	0	0	Capability
83fcbd49c7c4f3a9e50307b14218ff28	235	1	explain	0	0	Explaining_the_facts
83fcbd49c7c4f3a9e50307b14218ff28	235	1	the	0	0	_
83fcbd49c7c4f3a9e50307b14218ff28	235	1	ways	1	1	Means
83fcbd49c7c4f3a9e50307b14218ff28	235	1	of	0	0	_
83fcbd49c7c4f3a9e50307b14218ff28	235	1	chance	0	0	_
83fcbd49c7c4f3a9e50307b14218ff28	235	1	?	0	0	_

83fcbd49c7c4f3a9e50307b14218ff28	235	2	If	0	0	_
83fcbd49c7c4f3a9e50307b14218ff28	235	2	we	0	0	_
83fcbd49c7c4f3a9e50307b14218ff28	235	2	had	0	0	_
83fcbd49c7c4f3a9e50307b14218ff28	235	2	never	0	0	Frequency
83fcbd49c7c4f3a9e50307b14218ff28	235	2	met	0	0	Come_together
83fcbd49c7c4f3a9e50307b14218ff28	235	2	,	0	0	_
83fcbd49c7c4f3a9e50307b14218ff28	235	2	I	0	0	_
83fcbd49c7c4f3a9e50307b14218ff28	235	2	would	0	0	_
83fcbd49c7c4f3a9e50307b14218ff28	235	2	not	0	0	_
83fcbd49c7c4f3a9e50307b14218ff28	235	2	be	0	0	_
83fcbd49c7c4f3a9e50307b14218ff28	235	2	President	0	0	Leadership
83fcbd49c7c4f3a9e50307b14218ff28	235	2	.	0	0	_

83fcbd49c7c4f3a9e50307b14218ff28	235	3	If	0	0	_

652d1416d0a617bf624580790501e132	236	0	#	0	0	_
652d1416d0a617bf624580790501e132	236	0	child	0	0	People_by_age
652d1416d0a617bf624580790501e132	236	0	,	0	0	_
652d1416d0a617bf624580790501e132	236	0	rather	0	0	_
652d1416d0a617bf624580790501e132	236	0	than	0	0	_
652d1416d0a617bf624580790501e132	236	0	for	0	0	_
652d1416d0a617bf624580790501e132	236	0	making	1	0	Cause_change
652d1416d0a617bf624580790501e132	236	0	available	0	0	_
652d1416d0a617bf624580790501e132	236	0	the	0	0	_
652d1416d0a617bf624580790501e132	236	0	processes	0	0	Means
652d1416d0a617bf624580790501e132	236	0	and	0	0	_
652d1416d0a617bf624580790501e132	236	0	resources	1	0	_
652d1416d0a617bf624580790501e132	236	0	of	0	0	_
652d1416d0a617bf624580790501e132	236	0	education	0	0	Education_teaching
652d1416d0a617bf624580790501e132	236	0	.	0	0	_

652d1416d0a617bf624580790501e132	236	1	Additionally	0	0	_
652d1416d0a617bf624580790501e132	236	1	Article	0	0	_
652d1416d0a617bf624580790501e132	236	1	29	0	0	_
652d1416d0a617bf624580790501e132	236	1	clarifies	1	1	Statement
652d1416d0a617bf624580790501e132	236	1	that	0	0	_
652d1416d0a617bf624580790501e132	236	1	the	0	0	_
652d1416d0a617bf624580790501e132	236	1	long-term	0	0	_
652d1416d0a617bf624580790501e132	236	1	best	0	0	Usefulness
652d1416d0a617bf624580790501e132	236	1	interests	0	0	_
652d1416d0a617bf624580790501e132	236	1	of	0	0	_
652d1416d0a617bf624580790501e132	236	1	the	0	0	_

203e6a1d19d54116aab2e0a410585930	237	0	#	0	0	_
203e6a1d19d54116aab2e0a410585930	237	0	strictest	1	1	Strictness
203e6a1d19d54116aab2e0a410585930	237	0	examination	0	0	Scrutiny
203e6a1d19d54116aab2e0a410585930	237	0	,	0	0	_
203e6a1d19d54116aab2e0a410585930	237	0	get	1	0	Transition_to_state
203e6a1d19d54116aab2e0a410585930	237	0	completely	0	0	Degree
203e6a1d19d54116aab2e0a410585930	237	0	behind	1	0	_
203e6a1d19d54116aab2e0a410585930	237	0	the	0	0	_
203e6a1d19d54116aab2e0a410585930	237	0	secret	0	0	Secrecy_status
203e6a1d19d54116aab2e0a410585930	237	0	springs	1	1	_
203e6a1d19d54116aab2e0a410585930	237	0	of	0	0	_
203e6a1d19d54116aab2e0a410585930	237	0	action	0	0	Intentionally_act
203e6a1d19d54116aab2e0a410585930	237	0	;	0	0	_
203e6a1d19d54116aab2e0a410585930	237	0	since	0	0	Causation
203e6a1d19d54116aab2e0a410585930	237	0	,	0	0	_
203e6a1d19d54116aab2e0a410585930	237	0	when	0	0	Temporal_collocation
203e6a1d19d54116aab2e0a410585930	237	0	the	0	0	_
203e6a1d19d54116aab2e0a410585930	237	0	question	0	0	Point_of_dispute
203e6a1d19d54116aab2e0a410585930	237	0	is	0	0	_
203e6a1d19d54116aab2e0a410585930	237	0	of	0	0	_
203e6a1d19d54116aab2e0a410585930	237	0	moral	0	0	_
203e6a1d19d54116aab2e0a410585930	237	0	worth	0	0	Usefulness
203e6a1d19d54116aab2e0a410585930	237	0	,	0	0	_
203e6a1d19d54116aab2e0a410585930	237	0	it	0	0	_
203e6a1d19d54116aab2e0a410585930	237	0	is	0	0	_
203e6a1d19d54116aab2e0a410585930	237	0	not	0	0	_

c14c0b11041bdce2b34f001c03a751c1	238	0	#	0	0	_
c14c0b11041bdce2b34f001c03a751c1	238	0	merely	0	0	_
c14c0b11041bdce2b34f001c03a751c1	238	0	by	0	0	_
c14c0b11041bdce2b34f001c03a751c1	238	0	the	0	0	_
c14c0b11041bdce2b34f001c03a751c1	238	0	law	0	0	Law
c14c0b11041bdce2b34f001c03a751c1	238	0	,	0	0	_
c14c0b11041bdce2b34f001c03a751c1	238	0	without	1	0	_
c14c0b11041bdce2b34f001c03a751c1	238	0	any	0	0	Quantified_mass
c14c0b11041bdce2b34f001c03a751c1	238	0	other	0	0	Increment
c14c0b11041bdce2b34f001c03a751c1	238	0	spring	1	1	_
c14c0b11041bdce2b34f001c03a751c1	238	0	of	0	0	_
c14c0b11041bdce2b34f001c03a751c1	238	0	action	0	0	Intentionally_act
c14c0b11041bdce2b34f001c03a751c1	238	0	,	0	0	_
c14c0b11041bdce2b34f001c03a751c1	238	0	although	0	0	Concessive
c14c0b11041bdce2b34f001c03a751c1	238	0	it	0	0	_
c14c0b11041bdce2b34f001c03a751c1	238	0	may	0	0	Likelihood
c14c0b11041bdce2b34f001c03a751c1	238	0	appear	0	0	Give_impression
c14c0b11041bdce2b34f001c03a751c1	238	0	to	0	0	_
c14c0b11041bdce2b34f001c03a751c1	238	0	be	0	0	_
c14c0b11041bdce2b34f001c03a751c1	238	0	so	0	0	_
c14c0b11041bdce2b34f001c03a751c1	238	0	.	0	0	_

c14c0b11041bdce2b34f001c03a751c1	238	1	For	0	0	Causation
c14c0b11041bdce2b34f001c03a751c1	238	1	it	0	0	_
c14c0b11041bdce2b34f001c03a751c1	238	1	is	0	0	_
c14c0b11041bdce2b34f001c03a751c1	238	1	always	0	0	Frequency
c14c0b11041bdce2b34f001c03a751c1	238	1	possible	0	0	Likelihood

a2042128b5f036161644a3bdd1726d18	239	0	#	0	0	_
a2042128b5f036161644a3bdd1726d18	239	0	when	0	0	Temporal_collocation
a2042128b5f036161644a3bdd1726d18	239	0	they	0	0	_
a2042128b5f036161644a3bdd1726d18	239	0	assume	1	1	Coming_to_believe
a2042128b5f036161644a3bdd1726d18	239	0	these	1	0	_
a2042128b5f036161644a3bdd1726d18	239	0	,	0	0	_
a2042128b5f036161644a3bdd1726d18	239	0	and	0	0	_
a2042128b5f036161644a3bdd1726d18	239	0	therefore	0	0	_
a2042128b5f036161644a3bdd1726d18	239	0	particular	0	0	Idiosyncrasy
a2042128b5f036161644a3bdd1726d18	239	0	springs	1	1	_
a2042128b5f036161644a3bdd1726d18	239	0	of	0	0	_
a2042128b5f036161644a3bdd1726d18	239	0	action	1	0	Intentionally_act
a2042128b5f036161644a3bdd1726d18	239	0	.	0	0	_

a2042128b5f036161644a3bdd1726d18	239	1	The	0	0	_
a2042128b5f036161644a3bdd1726d18	239	1	ends	1	1	Process_end
a2042128b5f036161644a3bdd1726d18	239	1	which	0	0	_
a2042128b5f036161644a3bdd1726d18	239	1	a	0	0	_
a2042128b5f036161644a3bdd1726d18	239	1	rational	0	0	_
a2042128b5f036161644a3bdd1726d18	239	1	being	0	0	_
a2042128b5f036161644a3bdd1726d18	239	1	proposes	0	0	Statement
a2042128b5f036161644a3bdd1726d18	239	1	to	1	0	_
a2042128b5f036161644a3bdd1726d18	239	1	himself	0	0	_
a2042128b5f036161644a3bdd1726d18	239	1	at	1	0	_
a2042128b5f036161644a3bdd1726d18	239	1	pleasure	0	0	Experiencer_focus
a2042128b5f036161644a3bdd1726d18	239	1	as	0	0	_
a2042128b5f036161644a3bdd1726d18	239	1	effects	0	0	Objective_influence

e70f86aced3f2d44be03632e402c7d39	240	0	#	0	0	_
e70f86aced3f2d44be03632e402c7d39	240	0	authority	0	0	_
e70f86aced3f2d44be03632e402c7d39	240	0	all	0	0	Quantified_mass
e70f86aced3f2d44be03632e402c7d39	240	0	admixture	0	0	Cause_to_amalgamate
e70f86aced3f2d44be03632e402c7d39	240	0	of	0	0	_
e70f86aced3f2d44be03632e402c7d39	240	0	any	0	0	_
e70f86aced3f2d44be03632e402c7d39	240	0	interest	0	0	Emotion_directed
e70f86aced3f2d44be03632e402c7d39	240	0	as	0	0	_
e70f86aced3f2d44be03632e402c7d39	240	0	a	0	0	_
e70f86aced3f2d44be03632e402c7d39	240	0	spring	1	1	_
e70f86aced3f2d44be03632e402c7d39	240	0	of	0	0	_
e70f86aced3f2d44be03632e402c7d39	240	0	action	0	0	Intentionally_act
e70f86aced3f2d44be03632e402c7d39	240	0	;	0	0	_
e70f86aced3f2d44be03632e402c7d39	240	0	they	0	0	_
e70f86aced3f2d44be03632e402c7d39	240	0	were	0	0	_
e70f86aced3f2d44be03632e402c7d39	240	0	,	0	0	_
e70f86aced3f2d44be03632e402c7d39	240	0	however	0	0	Concessive
e70f86aced3f2d44be03632e402c7d39	240	0	,	0	0	_
e70f86aced3f2d44be03632e402c7d39	240	0	only	0	0	_
e70f86aced3f2d44be03632e402c7d39	240	0	assumed	1	1	Awareness
e70f86aced3f2d44be03632e402c7d39	240	0	to	0	0	_
e70f86aced3f2d44be03632e402c7d39	240	0	be	0	0	_
e70f86aced3f2d44be03632e402c7d39	240	0	categorical	0	0	_
e70f86aced3f2d44be03632e402c7d39	240	0	,	0	0	_
e70f86aced3f2d44be03632e402c7d39	240	0	because	0	0	Causation
e70f86aced3f2d44be03632e402c7d39	240	0	such	0	0	_

8cd8d270ed3372b8ae6e28751826886b	241	0	#	0	0	_
8cd8d270ed3372b8ae6e28751826886b	241	0	this	1	0	_
8cd8d270ed3372b8ae6e28751826886b	241	0	independence	1	1	_
8cd8d270ed3372b8ae6e28751826886b	241	0	of	0	0	_
8cd8d270ed3372b8ae6e28751826886b	241	0	the	0	0	_
8cd8d270ed3372b8ae6e28751826886b	241	0	maxim	0	0	_
8cd8d270ed3372b8ae6e28751826886b	241	0	on	1	0	Spatial_contact
8cd8d270ed3372b8ae6e28751826886b	241	0	all	0	0	Quantified_mass
8cd8d270ed3372b8ae6e28751826886b	241	0	such	0	0	_
8cd8d270ed3372b8ae6e28751826886b	241	0	springs	1	1	_
8cd8d270ed3372b8ae6e28751826886b	241	0	of	0	0	_
8cd8d270ed3372b8ae6e28751826886b	241	0	action	1	1	Intentionally_act
8cd8d270ed3372b8ae6e28751826886b	241	0	that	0	0	_
8cd8d270ed3372b8ae6e28751826886b	241	0	its	0	0	_
8cd8d270ed3372b8ae6e28751826886b	241	0	sublimity	0	0	_
8cd8d270ed3372b8ae6e28751826886b	241	0	consists	0	0	_
8cd8d270ed3372b8ae6e28751826886b	241	0	;	0	0	_
8cd8d270ed3372b8ae6e28751826886b	241	0	and	0	0	_
8cd8d270ed3372b8ae6e28751826886b	241	0	it	0	0	_
8cd8d270ed3372b8ae6e28751826886b	241	0	is	0	0	_
8cd8d270ed3372b8ae6e28751826886b	241	0	this	1	0	_
8cd8d270ed3372b8ae6e28751826886b	241	0	that	0	0	_
8cd8d270ed3372b8ae6e28751826886b	241	0	makes	1	0	Causation
8cd8d270ed3372b8ae6e28751826886b	241	0	every	0	0	_
8cd8d270ed3372b8ae6e28751826886b	241	0	rational	0	0	Mental_property
8cd8d270ed3372b8ae6e28751826886b	241	0	subject	1	1	Topic

08fe4835c534bad4f65ad4e09e5240b4	242	0	#	0	0	_
08fe4835c534bad4f65ad4e09e5240b4	242	0	use	0	0	Using
08fe4835c534bad4f65ad4e09e5240b4	242	0	of	0	0	_
08fe4835c534bad4f65ad4e09e5240b4	242	0	fictions	0	0	_
08fe4835c534bad4f65ad4e09e5240b4	242	0	has	0	0	_
08fe4835c534bad4f65ad4e09e5240b4	242	0	declined	0	0	Change_position_on_a_scale
08fe4835c534bad4f65ad4e09e5240b4	242	0	;	0	0	_
08fe4835c534bad4f65ad4e09e5240b4	242	0	and	0	0	_
08fe4835c534bad4f65ad4e09e5240b4	242	0	the	0	0	_
08fe4835c534bad4f65ad4e09e5240b4	242	0	springs	1	1	_
08fe4835c534bad4f65ad4e09e5240b4	242	0	of	0	0	_
08fe4835c534bad4f65ad4e09e5240b4	242	0	action	0	0	Intentionally_act
08fe4835c534bad4f65ad4e09e5240b4	242	0	are	0	0	_
08fe4835c534bad4f65ad4e09e5240b4	242	0	disclosed	1	1	Reveal_secret
08fe4835c534bad4f65ad4e09e5240b4	242	0	where	1	0	Locative_relation
08fe4835c534bad4f65ad4e09e5240b4	242	0	once	0	0	_
08fe4835c534bad4f65ad4e09e5240b4	242	0	they	0	0	_
08fe4835c534bad4f65ad4e09e5240b4	242	0	were	0	0	_
08fe4835c534bad4f65ad4e09e5240b4	242	0	concealed	1	1	Eclipse
08fe4835c534bad4f65ad4e09e5240b4	242	0	.	0	0	_

08fe4835c534bad4f65ad4e09e5240b4	242	1	Even	0	0	_
08fe4835c534bad4f65ad4e09e5240b4	242	1	now	0	0	Temporal_collocation
08fe4835c534bad4f65ad4e09e5240b4	242	1	,	0	0	_
08fe4835c534bad4f65ad4e09e5240b4	242	1	they	0	0	_
08fe4835c534bad4f65ad4e09e5240b4	242	1	are	0	0	_
08fe4835c534bad4f65ad4e09e5240b4	242	1	not	0	0	_

8f1de7954f57342b9e93ebb5b32e8cb1	243	0	#	0	0	_
8f1de7954f57342b9e93ebb5b32e8cb1	243	0	Aristotle	0	0	_
8f1de7954f57342b9e93ebb5b32e8cb1	243	0	was	0	0	_
8f1de7954f57342b9e93ebb5b32e8cb1	243	0	working	0	0	Work
8f1de7954f57342b9e93ebb5b32e8cb1	243	0	with	1	0	_
8f1de7954f57342b9e93ebb5b32e8cb1	243	0	similar	0	0	Similarity
8f1de7954f57342b9e93ebb5b32e8cb1	243	0	views	1	0	Opinion
8f1de7954f57342b9e93ebb5b32e8cb1	243	0	of	0	0	_
8f1de7954f57342b9e93ebb5b32e8cb1	243	0	the	0	0	_
8f1de7954f57342b9e93ebb5b32e8cb1	243	0	springs	1	1	_
8f1de7954f57342b9e93ebb5b32e8cb1	243	0	of	0	0	_
8f1de7954f57342b9e93ebb5b32e8cb1	243	0	action	0	0	Intentionally_act
8f1de7954f57342b9e93ebb5b32e8cb1	243	0	found	1	0	Locating
8f1de7954f57342b9e93ebb5b32e8cb1	243	0	in	1	0	_
8f1de7954f57342b9e93ebb5b32e8cb1	243	0	later	0	0	Relative_time
8f1de7954f57342b9e93ebb5b32e8cb1	243	0	writers	0	0	Text
8f1de7954f57342b9e93ebb5b32e8cb1	243	0	(	0	0	_
8f1de7954f57342b9e93ebb5b32e8cb1	243	0	e.g.	0	0	_
8f1de7954f57342b9e93ebb5b32e8cb1	243	0	,	0	0	_
8f1de7954f57342b9e93ebb5b32e8cb1	243	0	Aquinas	0	0	_
8f1de7954f57342b9e93ebb5b32e8cb1	243	0	,	0	0	_
8f1de7954f57342b9e93ebb5b32e8cb1	243	0	Suarez	0	0	_
8f1de7954f57342b9e93ebb5b32e8cb1	243	0	)	0	0	_
8f1de7954f57342b9e93ebb5b32e8cb1	243	0	who	0	0	_
8f1de7954f57342b9e93ebb5b32e8cb1	243	0	include	1	0	Inclusion
8f1de7954f57342b9e93ebb5b32e8cb1	243	0	acts	0	0	Intentionally_act

383127ee2e2703ec354d92c82cf79fc0	244	0	#	0	0	_
383127ee2e2703ec354d92c82cf79fc0	244	0	for	0	0	_
383127ee2e2703ec354d92c82cf79fc0	244	0	narrative	0	0	_
383127ee2e2703ec354d92c82cf79fc0	244	0	,	0	0	_
383127ee2e2703ec354d92c82cf79fc0	244	0	is	0	0	_
383127ee2e2703ec354d92c82cf79fc0	244	0	described	0	0	Communicate_categorization
383127ee2e2703ec354d92c82cf79fc0	244	0	as	0	0	_
383127ee2e2703ec354d92c82cf79fc0	244	0	the	0	0	_
383127ee2e2703ec354d92c82cf79fc0	244	0	``	0	0	_
383127ee2e2703ec354d92c82cf79fc0	244	0	spring	1	1	_
383127ee2e2703ec354d92c82cf79fc0	244	0	of	0	0	_
383127ee2e2703ec354d92c82cf79fc0	244	0	action	0	0	Intentionally_act
383127ee2e2703ec354d92c82cf79fc0	244	0	``	0	0	_
383127ee2e2703ec354d92c82cf79fc0	244	0	that	0	0	_
383127ee2e2703ec354d92c82cf79fc0	244	0	drives	1	1	Subjective_influence
383127ee2e2703ec354d92c82cf79fc0	244	0	Caleb	0	0	_
383127ee2e2703ec354d92c82cf79fc0	244	0	's	0	0	_
383127ee2e2703ec354d92c82cf79fc0	244	0	story	0	0	_
383127ee2e2703ec354d92c82cf79fc0	244	0	(	0	0	_
383127ee2e2703ec354d92c82cf79fc0	244	0	6	0	0	_
383127ee2e2703ec354d92c82cf79fc0	244	0	)	0	0	_
383127ee2e2703ec354d92c82cf79fc0	244	0	.	0	0	_

383127ee2e2703ec354d92c82cf79fc0	244	1	Newly	0	0	_
383127ee2e2703ec354d92c82cf79fc0	244	1	taken	0	0	_
383127ee2e2703ec354d92c82cf79fc0	244	1	into	0	0	_
383127ee2e2703ec354d92c82cf79fc0	244	1	the	0	0	_

b8fabd50fa51e9b882e2558ddcc84b81	245	0	#	0	0	_
b8fabd50fa51e9b882e2558ddcc84b81	245	0	estimate	0	0	Estimated_value
b8fabd50fa51e9b882e2558ddcc84b81	245	0	from	1	0	_
b8fabd50fa51e9b882e2558ddcc84b81	245	0	him	0	0	_
b8fabd50fa51e9b882e2558ddcc84b81	245	0	because	0	0	Causation
b8fabd50fa51e9b882e2558ddcc84b81	245	0	it	0	0	_
b8fabd50fa51e9b882e2558ddcc84b81	245	0	faithfully	0	0	_
b8fabd50fa51e9b882e2558ddcc84b81	245	0	renders	1	1	Communicate_categorization
b8fabd50fa51e9b882e2558ddcc84b81	245	0	the	0	0	_
b8fabd50fa51e9b882e2558ddcc84b81	245	0	springs	1	1	_
b8fabd50fa51e9b882e2558ddcc84b81	245	0	of	0	0	_
b8fabd50fa51e9b882e2558ddcc84b81	245	0	action	0	0	Intentionally_act
b8fabd50fa51e9b882e2558ddcc84b81	245	0	and	0	0	_
b8fabd50fa51e9b882e2558ddcc84b81	245	0	shocks	1	1	_
b8fabd50fa51e9b882e2558ddcc84b81	245	0	of	0	0	_
b8fabd50fa51e9b882e2558ddcc84b81	245	0	consequence	0	0	_
b8fabd50fa51e9b882e2558ddcc84b81	245	0	in	1	0	_
b8fabd50fa51e9b882e2558ddcc84b81	245	0	a	0	0	_
b8fabd50fa51e9b882e2558ddcc84b81	245	0	course	1	1	_
b8fabd50fa51e9b882e2558ddcc84b81	245	0	of	0	0	_
b8fabd50fa51e9b882e2558ddcc84b81	245	0	events	0	0	Event
b8fabd50fa51e9b882e2558ddcc84b81	245	0	over	1	0	_
b8fabd50fa51e9b882e2558ddcc84b81	245	0	which	0	0	_
b8fabd50fa51e9b882e2558ddcc84b81	245	0	he	0	0	_
b8fabd50fa51e9b882e2558ddcc84b81	245	0	himself	0	0	_
b8fabd50fa51e9b882e2558ddcc84b81	245	0	had	1	0	_

670980b4b191f7025f5eaa183465a4cb	246	0	#	0	0	_
670980b4b191f7025f5eaa183465a4cb	246	0	congratulate	0	0	Judgment_direct_address
670980b4b191f7025f5eaa183465a4cb	246	0	ourselves	0	0	_
670980b4b191f7025f5eaa183465a4cb	246	0	at	1	0	_
670980b4b191f7025f5eaa183465a4cb	246	0	our	0	0	_
670980b4b191f7025f5eaa183465a4cb	246	0	success	0	0	Success_or_failure
670980b4b191f7025f5eaa183465a4cb	246	0	in	1	0	_
670980b4b191f7025f5eaa183465a4cb	246	0	discovering	0	0	Becoming_aware
670980b4b191f7025f5eaa183465a4cb	246	0	the	0	0	_
670980b4b191f7025f5eaa183465a4cb	246	0	springs	1	1	Natural_features
670980b4b191f7025f5eaa183465a4cb	246	0	of	0	0	_
670980b4b191f7025f5eaa183465a4cb	246	0	action	1	1	Intentionally_act
670980b4b191f7025f5eaa183465a4cb	246	0	.	0	0	_

670980b4b191f7025f5eaa183465a4cb	246	1	#	0	0	_
670980b4b191f7025f5eaa183465a4cb	246	1	Could	0	0	Possibility
670980b4b191f7025f5eaa183465a4cb	246	1	there	0	0	Existence
670980b4b191f7025f5eaa183465a4cb	246	1	be	0	0	Existence
670980b4b191f7025f5eaa183465a4cb	246	1	,	0	0	_
670980b4b191f7025f5eaa183465a4cb	246	1	perhaps	0	0	_
670980b4b191f7025f5eaa183465a4cb	246	1	,	0	0	_
670980b4b191f7025f5eaa183465a4cb	246	1	just	0	0	_
670980b4b191f7025f5eaa183465a4cb	246	1	the	0	0	_
670980b4b191f7025f5eaa183465a4cb	246	1	slightest	0	0	_
670980b4b191f7025f5eaa183465a4cb	246	1	tension	1	1	_
670980b4b191f7025f5eaa183465a4cb	246	1	between	1	0	_
670980b4b191f7025f5eaa183465a4cb	246	1	these	1	0	_

4c75b959f17e58d5e8c023acf378becf	247	0	#	0	0	_
4c75b959f17e58d5e8c023acf378becf	247	0	is	0	0	_
4c75b959f17e58d5e8c023acf378becf	247	0	a	0	0	_
4c75b959f17e58d5e8c023acf378becf	247	0	teacher	0	0	Education_teaching
4c75b959f17e58d5e8c023acf378becf	247	0	,	0	0	_
4c75b959f17e58d5e8c023acf378becf	247	0	but	0	0	Concessive
4c75b959f17e58d5e8c023acf378becf	247	0	I	0	0	_
4c75b959f17e58d5e8c023acf378becf	247	0	think	0	0	Opinion
4c75b959f17e58d5e8c023acf378becf	247	0	the	0	0	_
4c75b959f17e58d5e8c023acf378becf	247	0	springs	1	1	_
4c75b959f17e58d5e8c023acf378becf	247	0	of	0	0	_
4c75b959f17e58d5e8c023acf378becf	247	0	action	0	0	Intentionally_act
4c75b959f17e58d5e8c023acf378becf	247	0	are	0	0	_
4c75b959f17e58d5e8c023acf378becf	247	0	much	0	0	Proportional_quantity
4c75b959f17e58d5e8c023acf378becf	247	0	more	0	0	_
4c75b959f17e58d5e8c023acf378becf	247	0	subtle	0	0	_
4c75b959f17e58d5e8c023acf378becf	247	0	and	0	0	_
4c75b959f17e58d5e8c023acf378becf	247	0	complex	0	0	_
4c75b959f17e58d5e8c023acf378becf	247	0	than	0	0	_
4c75b959f17e58d5e8c023acf378becf	247	0	simply	0	0	_
4c75b959f17e58d5e8c023acf378becf	247	0	passing	1	0	_
4c75b959f17e58d5e8c023acf378becf	247	0	laws	0	0	Law
4c75b959f17e58d5e8c023acf378becf	247	0	.	0	0	_

4c75b959f17e58d5e8c023acf378becf	247	1	If	0	0	_
4c75b959f17e58d5e8c023acf378becf	247	1	people	0	0	People
4c75b959f17e58d5e8c023acf378becf	247	1	get	0	0	Getting

192d5ec1a1b7f7f5ad86799ab5e5b8ef	248	0	#	0	0	_
192d5ec1a1b7f7f5ad86799ab5e5b8ef	248	0	,	0	0	_
192d5ec1a1b7f7f5ad86799ab5e5b8ef	248	0	if	0	0	_
192d5ec1a1b7f7f5ad86799ab5e5b8ef	248	0	that	1	0	_
192d5ec1a1b7f7f5ad86799ab5e5b8ef	248	0	passion	0	0	_
192d5ec1a1b7f7f5ad86799ab5e5b8ef	248	0	was	0	0	_
192d5ec1a1b7f7f5ad86799ab5e5b8ef	248	0	to	0	0	_
192d5ec1a1b7f7f5ad86799ab5e5b8ef	248	0	be	0	0	_
192d5ec1a1b7f7f5ad86799ab5e5b8ef	248	0	the	0	0	_
192d5ec1a1b7f7f5ad86799ab5e5b8ef	248	0	spring	1	1	_
192d5ec1a1b7f7f5ad86799ab5e5b8ef	248	0	of	0	0	_
192d5ec1a1b7f7f5ad86799ab5e5b8ef	248	0	action.	0	0	Intentionally_act
192d5ec1a1b7f7f5ad86799ab5e5b8ef	248	0	``	0	0	_

192d5ec1a1b7f7f5ad86799ab5e5b8ef	248	1	(	0	0	_
192d5ec1a1b7f7f5ad86799ab5e5b8ef	248	1	n11	0	0	_
192d5ec1a1b7f7f5ad86799ab5e5b8ef	248	1	)	0	0	_
192d5ec1a1b7f7f5ad86799ab5e5b8ef	248	1	Hamilton	0	0	_
192d5ec1a1b7f7f5ad86799ab5e5b8ef	248	1	's	0	0	_
192d5ec1a1b7f7f5ad86799ab5e5b8ef	248	1	quest	1	1	Attempt
192d5ec1a1b7f7f5ad86799ab5e5b8ef	248	1	for	0	0	_
192d5ec1a1b7f7f5ad86799ab5e5b8ef	248	1	renown	0	0	Fame
192d5ec1a1b7f7f5ad86799ab5e5b8ef	248	1	can	0	0	_
192d5ec1a1b7f7f5ad86799ab5e5b8ef	248	1	be	0	0	_
192d5ec1a1b7f7f5ad86799ab5e5b8ef	248	1	seen	1	0	Perception_experience
192d5ec1a1b7f7f5ad86799ab5e5b8ef	248	1	in	1	0	_

f82424f6ca9131771a44a79776389ca8	249	0	#	0	0	_
f82424f6ca9131771a44a79776389ca8	249	0	Bank	0	0	Businesses
f82424f6ca9131771a44a79776389ca8	249	0	could	0	0	Capability
f82424f6ca9131771a44a79776389ca8	249	0	lead	1	0	Causation
f82424f6ca9131771a44a79776389ca8	249	0	to	1	0	_
f82424f6ca9131771a44a79776389ca8	249	0	other	0	0	Increment
f82424f6ca9131771a44a79776389ca8	249	0	countries	0	0	Political_locales
f82424f6ca9131771a44a79776389ca8	249	0	taking	1	0	_
f82424f6ca9131771a44a79776389ca8	249	0	similar	0	0	Similarity
f82424f6ca9131771a44a79776389ca8	249	0	steps	1	0	Intentionally_act
f82424f6ca9131771a44a79776389ca8	249	0	of	0	0	_
f82424f6ca9131771a44a79776389ca8	249	0	action	1	0	Intentionally_act
f82424f6ca9131771a44a79776389ca8	249	0	and	0	0	_
f82424f6ca9131771a44a79776389ca8	249	0	revealing	1	0	Reveal_secret
f82424f6ca9131771a44a79776389ca8	249	0	whether	0	0	_
f82424f6ca9131771a44a79776389ca8	249	0	their	0	0	_
f82424f6ca9131771a44a79776389ca8	249	0	gold	0	0	Substance
f82424f6ca9131771a44a79776389ca8	249	0	reserves	0	0	Store
f82424f6ca9131771a44a79776389ca8	249	0	are	0	0	_

288d7a9ea11c4741586d658589a2d028	250	0	#	0	0	_
288d7a9ea11c4741586d658589a2d028	250	0	shake	0	0	Body_movement
288d7a9ea11c4741586d658589a2d028	250	0	one	0	0	_
288d7a9ea11c4741586d658589a2d028	250	0	another	0	0	_
288d7a9ea11c4741586d658589a2d028	250	0	's	0	0	_
288d7a9ea11c4741586d658589a2d028	250	0	hands	0	0	Body_parts
288d7a9ea11c4741586d658589a2d028	250	0	.	0	0	_

288d7a9ea11c4741586d658589a2d028	250	1	At	1	0	_
288d7a9ea11c4741586d658589a2d028	250	1	every	0	0	_
288d7a9ea11c4741586d658589a2d028	250	1	step	1	0	Intentionally_act
288d7a9ea11c4741586d658589a2d028	250	1	of	0	0	_
288d7a9ea11c4741586d658589a2d028	250	1	action	0	0	Intentionally_act
288d7a9ea11c4741586d658589a2d028	250	1	and	0	0	_
288d7a9ea11c4741586d658589a2d028	250	1	reflection	0	0	Discussion
288d7a9ea11c4741586d658589a2d028	250	1	,	0	0	_
288d7a9ea11c4741586d658589a2d028	250	1	we	0	0	_
288d7a9ea11c4741586d658589a2d028	250	1	repeat	0	0	Activity_resume
288d7a9ea11c4741586d658589a2d028	250	1	our	0	0	_
288d7a9ea11c4741586d658589a2d028	250	1	process	0	0	Process
288d7a9ea11c4741586d658589a2d028	250	1	.	0	0	_

288d7a9ea11c4741586d658589a2d028	250	2	Slowly	0	0	Taking_time
288d7a9ea11c4741586d658589a2d028	250	2	,	0	0	_
288d7a9ea11c4741586d658589a2d028	250	2	deliberately	0	0	_
288d7a9ea11c4741586d658589a2d028	250	2	,	0	0	_
288d7a9ea11c4741586d658589a2d028	250	2	passionately	0	0	_
288d7a9ea11c4741586d658589a2d028	250	2	...	0	0	_

b089b8a3b41735048df5b68a1ffc018f	251	0	#	0	0	_
b089b8a3b41735048df5b68a1ffc018f	251	0	what	0	0	_
b089b8a3b41735048df5b68a1ffc018f	251	0	the	0	0	_
b089b8a3b41735048df5b68a1ffc018f	251	0	occupiers	0	0	_
b089b8a3b41735048df5b68a1ffc018f	251	0	stand	1	0	_
b089b8a3b41735048df5b68a1ffc018f	251	0	for	0	0	Taking_sides
b089b8a3b41735048df5b68a1ffc018f	251	0	,	0	0	_
b089b8a3b41735048df5b68a1ffc018f	251	0	our	0	0	_
b089b8a3b41735048df5b68a1ffc018f	251	0	next	1	0	Relative_time
b089b8a3b41735048df5b68a1ffc018f	251	0	step	1	0	Intentionally_act
b089b8a3b41735048df5b68a1ffc018f	251	0	of	0	0	_
b089b8a3b41735048df5b68a1ffc018f	251	0	action	0	0	Intentionally_act
b089b8a3b41735048df5b68a1ffc018f	251	0	should	0	0	Desirable_event
b089b8a3b41735048df5b68a1ffc018f	251	0	be	0	0	_
b089b8a3b41735048df5b68a1ffc018f	251	0	to	0	0	_
b089b8a3b41735048df5b68a1ffc018f	251	0	start	0	0	Activity_start
b089b8a3b41735048df5b68a1ffc018f	251	0	making	1	0	Cause_change
b089b8a3b41735048df5b68a1ffc018f	251	0	citizens	0	0	People_by_jurisdiction
b089b8a3b41735048df5b68a1ffc018f	251	0	arrests	0	0	Arrest
b089b8a3b41735048df5b68a1ffc018f	251	0	!	0	0	_

b089b8a3b41735048df5b68a1ffc018f	251	1	Just	0	0	_
b089b8a3b41735048df5b68a1ffc018f	251	1	watch	0	0	Perception_active
b089b8a3b41735048df5b68a1ffc018f	251	1	how	0	0	_
b089b8a3b41735048df5b68a1ffc018f	251	1	fast	0	0	Speed_description
b089b8a3b41735048df5b68a1ffc018f	251	1	the	0	0	_
b089b8a3b41735048df5b68a1ffc018f	251	1	system	0	0	System

274684f69d0a8667a8d51979e65dad6a	252	0	#	0	0	_
274684f69d0a8667a8d51979e65dad6a	252	0	and	0	0	_
274684f69d0a8667a8d51979e65dad6a	252	0	it	0	0	_
274684f69d0a8667a8d51979e65dad6a	252	0	also	0	0	_
274684f69d0a8667a8d51979e65dad6a	252	0	clears	1	0	_
274684f69d0a8667a8d51979e65dad6a	252	0	the	0	0	_
274684f69d0a8667a8d51979e65dad6a	252	0	way	1	0	_
274684f69d0a8667a8d51979e65dad6a	252	0	for	0	0	_
274684f69d0a8667a8d51979e65dad6a	252	0	the	0	0	_
274684f69d0a8667a8d51979e65dad6a	252	0	steps	1	0	Intentionally_act
274684f69d0a8667a8d51979e65dad6a	252	0	of	0	0	_
274684f69d0a8667a8d51979e65dad6a	252	0	action	0	0	Intentionally_act
274684f69d0a8667a8d51979e65dad6a	252	0	.	0	0	_

274684f69d0a8667a8d51979e65dad6a	252	1	So	0	0	_
274684f69d0a8667a8d51979e65dad6a	252	1	when	0	0	Temporal_collocation
274684f69d0a8667a8d51979e65dad6a	252	1	you	0	0	_
274684f69d0a8667a8d51979e65dad6a	252	1	're	0	0	_
274684f69d0a8667a8d51979e65dad6a	252	1	overwhelmed	0	0	Biological_urge
274684f69d0a8667a8d51979e65dad6a	252	1	,	0	0	_
274684f69d0a8667a8d51979e65dad6a	252	1	give	1	0	Giving
274684f69d0a8667a8d51979e65dad6a	252	1	yourself	0	0	_
274684f69d0a8667a8d51979e65dad6a	252	1	permission	0	0	Deny_or_grant_permission
274684f69d0a8667a8d51979e65dad6a	252	1	to	0	0	_
274684f69d0a8667a8d51979e65dad6a	252	1	,	0	0	_
274684f69d0a8667a8d51979e65dad6a	252	1	you	0	0	_
274684f69d0a8667a8d51979e65dad6a	252	1	know	0	0	Awareness

64acbee5a33924f012638b9fc2b1fafb	253	0	#	0	0	_
64acbee5a33924f012638b9fc2b1fafb	253	0	classroom	0	0	_
64acbee5a33924f012638b9fc2b1fafb	253	0	setting	0	0	_
64acbee5a33924f012638b9fc2b1fafb	253	0	.	0	0	_

64acbee5a33924f012638b9fc2b1fafb	253	1	Best	0	0	_
64acbee5a33924f012638b9fc2b1fafb	253	1	and	0	0	_
64acbee5a33924f012638b9fc2b1fafb	253	1	kahn	0	0	_
64acbee5a33924f012638b9fc2b1fafb	253	1	indicate	0	0	Communication
64acbee5a33924f012638b9fc2b1fafb	253	1	the	0	0	_
64acbee5a33924f012638b9fc2b1fafb	253	1	steps	0	0	Intentionally_act
64acbee5a33924f012638b9fc2b1fafb	253	1	of	0	0	_
64acbee5a33924f012638b9fc2b1fafb	253	1	action	0	0	Intentionally_act
64acbee5a33924f012638b9fc2b1fafb	253	1	research	0	0	Research
64acbee5a33924f012638b9fc2b1fafb	253	1	as	0	0	_
64acbee5a33924f012638b9fc2b1fafb	253	1	follows	0	0	_
64acbee5a33924f012638b9fc2b1fafb	253	1	:	0	0	_
64acbee5a33924f012638b9fc2b1fafb	253	1	1	0	0	_
64acbee5a33924f012638b9fc2b1fafb	253	1	)	0	0	_
64acbee5a33924f012638b9fc2b1fafb	253	1	to	0	0	_
64acbee5a33924f012638b9fc2b1fafb	253	1	identify	0	0	Verification
64acbee5a33924f012638b9fc2b1fafb	253	1	the	0	0	_
64acbee5a33924f012638b9fc2b1fafb	253	1	problems	0	0	Predicament
64acbee5a33924f012638b9fc2b1fafb	253	1	,	0	0	_
64acbee5a33924f012638b9fc2b1fafb	253	1	2	0	0	_
64acbee5a33924f012638b9fc2b1fafb	253	1	)	0	0	_
64acbee5a33924f012638b9fc2b1fafb	253	1	to	0	0	_

1efb94d17605f354ef414a2a3e675951	254	0	#	0	0	_
1efb94d17605f354ef414a2a3e675951	254	0	#	0	0	_
1efb94d17605f354ef414a2a3e675951	254	0	Jackson	0	0	_
1efb94d17605f354ef414a2a3e675951	254	0	also	0	0	_
1efb94d17605f354ef414a2a3e675951	254	0	criticized	0	0	Judgment_communication
1efb94d17605f354ef414a2a3e675951	254	0	Walsh	0	0	_
1efb94d17605f354ef414a2a3e675951	254	0	for	0	0	_
1efb94d17605f354ef414a2a3e675951	254	0	his	0	0	_
1efb94d17605f354ef414a2a3e675951	254	0	slow	0	0	Taking_time
1efb94d17605f354ef414a2a3e675951	254	0	pace	1	1	Speed_description
1efb94d17605f354ef414a2a3e675951	254	0	of	0	0	_
1efb94d17605f354ef414a2a3e675951	254	0	action	1	0	Intentionally_act
1efb94d17605f354ef414a2a3e675951	254	0	on	1	0	_
1efb94d17605f354ef414a2a3e675951	254	0	race	0	0	_
1efb94d17605f354ef414a2a3e675951	254	0	and	0	0	_
1efb94d17605f354ef414a2a3e675951	254	0	gender	0	0	_
1efb94d17605f354ef414a2a3e675951	254	0	issues	0	0	Point_of_dispute
1efb94d17605f354ef414a2a3e675951	254	0	,	0	0	_
1efb94d17605f354ef414a2a3e675951	254	0	as	0	0	_
1efb94d17605f354ef414a2a3e675951	254	0	well	0	0	_
1efb94d17605f354ef414a2a3e675951	254	0	as	0	0	_
1efb94d17605f354ef414a2a3e675951	254	0	what	0	0	_
1efb94d17605f354ef414a2a3e675951	254	0	he	0	0	_
1efb94d17605f354ef414a2a3e675951	254	0	sees	1	0	Categorization
1efb94d17605f354ef414a2a3e675951	254	0	as	0	0	_
1efb94d17605f354ef414a2a3e675951	254	0	Walsh	0	0	_

e1ceb3dba519aab8514b8b1ad874f8ca	255	0	#	0	0	_
e1ceb3dba519aab8514b8b1ad874f8ca	255	0	making	0	0	Intentionally_create
e1ceb3dba519aab8514b8b1ad874f8ca	255	0	and	0	0	_
e1ceb3dba519aab8514b8b1ad874f8ca	255	0	a	0	0	_
e1ceb3dba519aab8514b8b1ad874f8ca	255	0	springboard	1	1	_
e1ceb3dba519aab8514b8b1ad874f8ca	255	0	for	0	0	_
e1ceb3dba519aab8514b8b1ad874f8ca	255	0	a	0	0	_
e1ceb3dba519aab8514b8b1ad874f8ca	255	0	much	0	0	_
e1ceb3dba519aab8514b8b1ad874f8ca	255	0	increased	0	0	Change_position_on_a_scale
e1ceb3dba519aab8514b8b1ad874f8ca	255	0	pace	0	0	Speed_description
e1ceb3dba519aab8514b8b1ad874f8ca	255	0	of	0	0	_
e1ceb3dba519aab8514b8b1ad874f8ca	255	0	action	0	0	Intentionally_act
e1ceb3dba519aab8514b8b1ad874f8ca	255	0	.	0	0	_

e1ceb3dba519aab8514b8b1ad874f8ca	255	1	At	1	0	Locative_relation
e1ceb3dba519aab8514b8b1ad874f8ca	255	1	Board	0	0	_
e1ceb3dba519aab8514b8b1ad874f8ca	255	1	Retreats	0	0	_
e1ceb3dba519aab8514b8b1ad874f8ca	255	1	that	0	0	_
e1ceb3dba519aab8514b8b1ad874f8ca	255	1	I	0	0	_
e1ceb3dba519aab8514b8b1ad874f8ca	255	1	facilitate	0	0	_
e1ceb3dba519aab8514b8b1ad874f8ca	255	1	today	0	0	Temporal_collocation
e1ceb3dba519aab8514b8b1ad874f8ca	255	1	we	0	0	_
e1ceb3dba519aab8514b8b1ad874f8ca	255	1	take	1	0	_
e1ceb3dba519aab8514b8b1ad874f8ca	255	1	all	0	0	_
e1ceb3dba519aab8514b8b1ad874f8ca	255	1	the	0	0	_
e1ceb3dba519aab8514b8b1ad874f8ca	255	1	agreed	0	0	Make_agreement_on_action
e1ceb3dba519aab8514b8b1ad874f8ca	255	1	to	1	0	_

f8ffdb4b6b99da3cf2a86210a7e1fbd7	256	0	#	0	0	_
f8ffdb4b6b99da3cf2a86210a7e1fbd7	256	0	at	1	0	Temporal_collocation
f8ffdb4b6b99da3cf2a86210a7e1fbd7	256	0	moments	0	0	Frequency
f8ffdb4b6b99da3cf2a86210a7e1fbd7	256	0	of	0	0	_
f8ffdb4b6b99da3cf2a86210a7e1fbd7	256	0	intense	0	0	_
f8ffdb4b6b99da3cf2a86210a7e1fbd7	256	0	narrativity	0	0	_
f8ffdb4b6b99da3cf2a86210a7e1fbd7	256	0	,	0	0	_
f8ffdb4b6b99da3cf2a86210a7e1fbd7	256	0	when	0	0	Temporal_collocation
f8ffdb4b6b99da3cf2a86210a7e1fbd7	256	0	the	0	0	_
f8ffdb4b6b99da3cf2a86210a7e1fbd7	256	0	pace	1	0	Speed_description
f8ffdb4b6b99da3cf2a86210a7e1fbd7	256	0	of	0	0	_
f8ffdb4b6b99da3cf2a86210a7e1fbd7	256	0	action	0	0	Intentionally_act
f8ffdb4b6b99da3cf2a86210a7e1fbd7	256	0	and	0	0	_
f8ffdb4b6b99da3cf2a86210a7e1fbd7	256	0	disclosure	0	0	Reveal_secret
f8ffdb4b6b99da3cf2a86210a7e1fbd7	256	0	is	0	0	_
f8ffdb4b6b99da3cf2a86210a7e1fbd7	256	0	being	0	0	_
f8ffdb4b6b99da3cf2a86210a7e1fbd7	256	0	manifestly	0	0	_
f8ffdb4b6b99da3cf2a86210a7e1fbd7	256	0	and	0	0	_
f8ffdb4b6b99da3cf2a86210a7e1fbd7	256	0	self-consciously	0	0	_
f8ffdb4b6b99da3cf2a86210a7e1fbd7	256	0	regulated	0	0	_
f8ffdb4b6b99da3cf2a86210a7e1fbd7	256	0	,	0	0	_
f8ffdb4b6b99da3cf2a86210a7e1fbd7	256	0	that	1	0	_
f8ffdb4b6b99da3cf2a86210a7e1fbd7	256	0	voice	1	0	_
f8ffdb4b6b99da3cf2a86210a7e1fbd7	256	0	emerges	1	1	Coming_to_be
f8ffdb4b6b99da3cf2a86210a7e1fbd7	256	0	most	0	0	_
f8ffdb4b6b99da3cf2a86210a7e1fbd7	256	0	vividly	0	0	_

4e832354de979705d072b3ce5a0c1318	257	0	#	0	0	_
4e832354de979705d072b3ce5a0c1318	257	0	of	1	0	_
4e832354de979705d072b3ce5a0c1318	257	0	a	0	0	_
4e832354de979705d072b3ce5a0c1318	257	0	new	0	0	Age
4e832354de979705d072b3ce5a0c1318	257	0	government	0	0	Leadership
4e832354de979705d072b3ce5a0c1318	257	0	but	0	0	Concessive
4e832354de979705d072b3ce5a0c1318	257	0	not	0	0	Negation
4e832354de979705d072b3ce5a0c1318	257	0	its	0	0	_
4e832354de979705d072b3ce5a0c1318	257	0	slow	1	0	Taking_time
4e832354de979705d072b3ce5a0c1318	257	0	pace	1	0	Speed_description
4e832354de979705d072b3ce5a0c1318	257	0	of	0	0	_
4e832354de979705d072b3ce5a0c1318	257	0	action	1	0	Intentionally_act
4e832354de979705d072b3ce5a0c1318	257	0	could	0	0	Possibility
4e832354de979705d072b3ce5a0c1318	257	0	wreak	1	1	_
4e832354de979705d072b3ce5a0c1318	257	0	havoc	0	0	_
4e832354de979705d072b3ce5a0c1318	257	0	.	0	0	_

4e832354de979705d072b3ce5a0c1318	257	1	Ntuli	0	0	_
4e832354de979705d072b3ce5a0c1318	257	1	noted	1	0	Becoming_aware
4e832354de979705d072b3ce5a0c1318	257	1	that	0	0	_
4e832354de979705d072b3ce5a0c1318	257	1	the	0	0	_
4e832354de979705d072b3ce5a0c1318	257	1	township	0	0	Political_locales
4e832354de979705d072b3ce5a0c1318	257	1	,	0	0	_
4e832354de979705d072b3ce5a0c1318	257	1	which	0	0	_
4e832354de979705d072b3ce5a0c1318	257	1	has	0	0	_
4e832354de979705d072b3ce5a0c1318	257	1	been	0	0	_
4e832354de979705d072b3ce5a0c1318	257	1	relatively	0	0	_

67597deb1f21804d9b3e2655feab5023	258	0	#	0	0	_
67597deb1f21804d9b3e2655feab5023	258	0	''	0	0	_
67597deb1f21804d9b3e2655feab5023	258	0	#	0	0	_
67597deb1f21804d9b3e2655feab5023	258	0	What	0	0	_
67597deb1f21804d9b3e2655feab5023	258	0	's	0	0	_
67597deb1f21804d9b3e2655feab5023	258	0	crazier	0	0	Stimulus_focus
67597deb1f21804d9b3e2655feab5023	258	0	is	0	0	_
67597deb1f21804d9b3e2655feab5023	258	0	the	0	0	_
67597deb1f21804d9b3e2655feab5023	258	0	dramatic	1	1	_
67597deb1f21804d9b3e2655feab5023	258	0	run	1	1	_
67597deb1f21804d9b3e2655feab5023	258	0	of	0	0	_
67597deb1f21804d9b3e2655feab5023	258	0	action	0	0	Intentionally_act
67597deb1f21804d9b3e2655feab5023	258	0	on	1	0	Spatial_contact
67597deb1f21804d9b3e2655feab5023	258	0	certain	0	0	Idiosyncrasy
67597deb1f21804d9b3e2655feab5023	258	0	wrestlers	0	0	_
67597deb1f21804d9b3e2655feab5023	258	0	once	0	0	_
67597deb1f21804d9b3e2655feab5023	258	0	the	0	0	_
67597deb1f21804d9b3e2655feab5023	258	0	predetermined	0	0	Expectation
67597deb1f21804d9b3e2655feab5023	258	0	outcome	0	0	_
67597deb1f21804d9b3e2655feab5023	258	0	seems	0	0	Give_impression
67597deb1f21804d9b3e2655feab5023	258	0	fairly	0	0	_
67597deb1f21804d9b3e2655feab5023	258	0	clear	1	0	Obviousness
67597deb1f21804d9b3e2655feab5023	258	0	.	0	0	_

67597deb1f21804d9b3e2655feab5023	258	1	#	0	0	_
67597deb1f21804d9b3e2655feab5023	258	1	``	0	0	_
67597deb1f21804d9b3e2655feab5023	258	1	I	0	0	_

dc71563fdc04c4f2c09680cc5e418d58	259	0	#	0	0	_
dc71563fdc04c4f2c09680cc5e418d58	259	0	during	0	0	Temporal_collocation
dc71563fdc04c4f2c09680cc5e418d58	259	0	Saturday	0	0	Calendric_unit
dc71563fdc04c4f2c09680cc5e418d58	259	0	morning	0	0	Calendric_unit
dc71563fdc04c4f2c09680cc5e418d58	259	0	cartoons	0	0	Text
dc71563fdc04c4f2c09680cc5e418d58	259	0	to	0	0	_
dc71563fdc04c4f2c09680cc5e418d58	259	0	pimp	1	1	_
dc71563fdc04c4f2c09680cc5e418d58	259	0	the	0	0	_
dc71563fdc04c4f2c09680cc5e418d58	259	0	latest	0	0	Relative_time
dc71563fdc04c4f2c09680cc5e418d58	259	0	run	1	1	_
dc71563fdc04c4f2c09680cc5e418d58	259	0	of	0	0	_
dc71563fdc04c4f2c09680cc5e418d58	259	0	action	0	0	_
dc71563fdc04c4f2c09680cc5e418d58	259	0	figures	0	0	_
dc71563fdc04c4f2c09680cc5e418d58	259	0	,	0	0	_
dc71563fdc04c4f2c09680cc5e418d58	259	0	those	1	0	_
dc71563fdc04c4f2c09680cc5e418d58	259	0	PSAs	0	0	_
dc71563fdc04c4f2c09680cc5e418d58	259	0	were	0	0	_
dc71563fdc04c4f2c09680cc5e418d58	259	0	the	0	0	_
dc71563fdc04c4f2c09680cc5e418d58	259	0	best	0	0	Usefulness
dc71563fdc04c4f2c09680cc5e418d58	259	0	things	1	0	_
dc71563fdc04c4f2c09680cc5e418d58	259	0	on	1	0	_
dc71563fdc04c4f2c09680cc5e418d58	259	0	TV	0	0	_
dc71563fdc04c4f2c09680cc5e418d58	259	0	to	1	0	_
dc71563fdc04c4f2c09680cc5e418d58	259	0	young	1	1	Age
dc71563fdc04c4f2c09680cc5e418d58	259	0	Star	0	0	_
dc71563fdc04c4f2c09680cc5e418d58	259	0	Wars	0	0	_

73c77c2cec1b615f53f7ff80bc879335	260	0	#	0	0	_
73c77c2cec1b615f53f7ff80bc879335	260	0	We	0	0	_
73c77c2cec1b615f53f7ff80bc879335	260	0	do	0	0	_
73c77c2cec1b615f53f7ff80bc879335	260	0	n't	0	0	_
73c77c2cec1b615f53f7ff80bc879335	260	0	need	0	0	Required_event
73c77c2cec1b615f53f7ff80bc879335	260	0	to	0	0	_
73c77c2cec1b615f53f7ff80bc879335	260	0	define	0	0	Communicate_categorization
73c77c2cec1b615f53f7ff80bc879335	260	0	any	0	0	Quantified_mass
73c77c2cec1b615f53f7ff80bc879335	260	0	figures	0	0	_
73c77c2cec1b615f53f7ff80bc879335	260	0	for	0	0	_
73c77c2cec1b615f53f7ff80bc879335	260	0	the	0	0	_
73c77c2cec1b615f53f7ff80bc879335	260	0	size	0	0	_
73c77c2cec1b615f53f7ff80bc879335	260	0	of	0	0	_
73c77c2cec1b615f53f7ff80bc879335	260	0	increase	0	0	Change_position_on_a_scale
73c77c2cec1b615f53f7ff80bc879335	260	0	at	0	0	Temporal_collocation
73c77c2cec1b615f53f7ff80bc879335	260	0	present	0	0	Temporal_collocation
73c77c2cec1b615f53f7ff80bc879335	260	0	time	0	0	_
73c77c2cec1b615f53f7ff80bc879335	260	0	``	0	0	_
73c77c2cec1b615f53f7ff80bc879335	260	0	,	0	0	_
73c77c2cec1b615f53f7ff80bc879335	260	0	he	0	0	_
73c77c2cec1b615f53f7ff80bc879335	260	0	said.	0	0	Statement
73c77c2cec1b615f53f7ff80bc879335	260	0	``	0	0	_

73c77c2cec1b615f53f7ff80bc879335	260	1	We	0	0	_
73c77c2cec1b615f53f7ff80bc879335	260	1	are	0	0	_
73c77c2cec1b615f53f7ff80bc879335	260	1	n't	0	0	_

56631595e01592248d58639d2d961c87	261	0	#	0	0	_
56631595e01592248d58639d2d961c87	261	0	We	0	0	_
56631595e01592248d58639d2d961c87	261	0	do	0	0	_
56631595e01592248d58639d2d961c87	261	0	n't	0	0	_
56631595e01592248d58639d2d961c87	261	0	need	0	0	Required_event
56631595e01592248d58639d2d961c87	261	0	to	0	0	_
56631595e01592248d58639d2d961c87	261	0	define	0	0	Communicate_categorization
56631595e01592248d58639d2d961c87	261	0	any	0	0	Quantified_mass
56631595e01592248d58639d2d961c87	261	0	figures	0	0	_
56631595e01592248d58639d2d961c87	261	0	for	0	0	_
56631595e01592248d58639d2d961c87	261	0	the	0	0	_
56631595e01592248d58639d2d961c87	261	0	size	0	0	_
56631595e01592248d58639d2d961c87	261	0	of	0	0	_
56631595e01592248d58639d2d961c87	261	0	increase	0	0	Change_position_on_a_scale
56631595e01592248d58639d2d961c87	261	0	at	1	0	Temporal_collocation
56631595e01592248d58639d2d961c87	261	0	the	0	0	_
56631595e01592248d58639d2d961c87	261	0	present	0	0	Temporal_collocation
56631595e01592248d58639d2d961c87	261	0	time	0	0	_
56631595e01592248d58639d2d961c87	261	0	,	0	0	_
56631595e01592248d58639d2d961c87	261	0	``	0	0	_
56631595e01592248d58639d2d961c87	261	0	he	0	0	_
56631595e01592248d58639d2d961c87	261	0	said.	0	0	Statement
56631595e01592248d58639d2d961c87	261	0	``	0	0	_

56631595e01592248d58639d2d961c87	261	1	We	0	0	_
56631595e01592248d58639d2d961c87	261	1	are	0	0	_

631bec0efbd7318a43b05c6a13958cf4	262	0	#	0	0	_
631bec0efbd7318a43b05c6a13958cf4	262	0	're	0	0	_
631bec0efbd7318a43b05c6a13958cf4	262	0	not	0	0	_
631bec0efbd7318a43b05c6a13958cf4	262	0	careful	0	0	_
631bec0efbd7318a43b05c6a13958cf4	262	0	,	0	0	_
631bec0efbd7318a43b05c6a13958cf4	262	0	you	0	0	_
631bec0efbd7318a43b05c6a13958cf4	262	0	'll	0	0	_
631bec0efbd7318a43b05c6a13958cf4	262	0	likely	0	0	Likelihood
631bec0efbd7318a43b05c6a13958cf4	262	0	judge	0	0	Assessing
631bec0efbd7318a43b05c6a13958cf4	262	0	the	0	0	_
631bec0efbd7318a43b05c6a13958cf4	262	0	comparative	0	0	_
631bec0efbd7318a43b05c6a13958cf4	262	0	sizes	0	0	_
631bec0efbd7318a43b05c6a13958cf4	262	0	of	0	0	_
631bec0efbd7318a43b05c6a13958cf4	262	0	amounts	0	0	Quantified_mass
631bec0efbd7318a43b05c6a13958cf4	262	0	based	0	0	_
631bec0efbd7318a43b05c6a13958cf4	262	0	on	0	0	_
631bec0efbd7318a43b05c6a13958cf4	262	0	area	0	0	Locale
631bec0efbd7318a43b05c6a13958cf4	262	0	.	0	0	_

631bec0efbd7318a43b05c6a13958cf4	262	1	#	0	0	_
631bec0efbd7318a43b05c6a13958cf4	262	1	This	1	0	_
631bec0efbd7318a43b05c6a13958cf4	262	1	is	0	0	_
631bec0efbd7318a43b05c6a13958cf4	262	1	another	0	0	Increment
631bec0efbd7318a43b05c6a13958cf4	262	1	type	0	0	Type
631bec0efbd7318a43b05c6a13958cf4	262	1	of	0	0	_
631bec0efbd7318a43b05c6a13958cf4	262	1	potentially	0	0	_
631bec0efbd7318a43b05c6a13958cf4	262	1	misleading	0	0	_

205adeccb85696fe3a76e6186fc1c6ef	263	0	#	0	0	_
205adeccb85696fe3a76e6186fc1c6ef	263	0	'	0	0	_
205adeccb85696fe3a76e6186fc1c6ef	263	0	choice	0	0	Choosing
205adeccb85696fe3a76e6186fc1c6ef	263	0	for	0	0	_
205adeccb85696fe3a76e6186fc1c6ef	263	0	President	0	0	Leadership
205adeccb85696fe3a76e6186fc1c6ef	263	0	,	0	0	_
205adeccb85696fe3a76e6186fc1c6ef	263	0	``	0	0	_
205adeccb85696fe3a76e6186fc1c6ef	263	0	despite	0	0	Concessive
205adeccb85696fe3a76e6186fc1c6ef	263	0	Willkie	0	0	_
205adeccb85696fe3a76e6186fc1c6ef	263	0	's	0	0	_
205adeccb85696fe3a76e6186fc1c6ef	263	0	outspoken	0	0	_
205adeccb85696fe3a76e6186fc1c6ef	263	0	support	1	0	Taking_sides
205adeccb85696fe3a76e6186fc1c6ef	263	0	of	0	0	_
205adeccb85696fe3a76e6186fc1c6ef	263	0	aid	0	0	Assistance
205adeccb85696fe3a76e6186fc1c6ef	263	0	to	1	0	_
205adeccb85696fe3a76e6186fc1c6ef	263	0	the	0	0	_
205adeccb85696fe3a76e6186fc1c6ef	263	0	Allies	0	0	_
205adeccb85696fe3a76e6186fc1c6ef	263	0	and	0	0	_
205adeccb85696fe3a76e6186fc1c6ef	263	0	frequent	0	0	Frequency
205adeccb85696fe3a76e6186fc1c6ef	263	0	anti-Hitler	0	0	Taking_sides
205adeccb85696fe3a76e6186fc1c6ef	263	0	speeches	0	0	Text
205adeccb85696fe3a76e6186fc1c6ef	263	0	.	0	0	_

205adeccb85696fe3a76e6186fc1c6ef	263	1	It	0	0	_
205adeccb85696fe3a76e6186fc1c6ef	263	1	's	0	0	_
205adeccb85696fe3a76e6186fc1c6ef	263	1	nonsense	0	0	_
205adeccb85696fe3a76e6186fc1c6ef	263	1	like	0	0	_

089bb1d5fa2490d34713b67c37b58e27	264	0	#	0	0	_
089bb1d5fa2490d34713b67c37b58e27	264	0	men	0	0	People
089bb1d5fa2490d34713b67c37b58e27	264	0	and	0	0	_
089bb1d5fa2490d34713b67c37b58e27	264	0	military	0	0	Military
089bb1d5fa2490d34713b67c37b58e27	264	0	,	0	0	_
089bb1d5fa2490d34713b67c37b58e27	264	0	nor	0	0	_
089bb1d5fa2490d34713b67c37b58e27	264	0	will	0	0	_
089bb1d5fa2490d34713b67c37b58e27	264	0	I	0	0	_
089bb1d5fa2490d34713b67c37b58e27	264	0	cut	1	0	Change_operational_state
089bb1d5fa2490d34713b67c37b58e27	264	0	off	1	0	Change_operational_state
089bb1d5fa2490d34713b67c37b58e27	264	0	the	0	0	_
089bb1d5fa2490d34713b67c37b58e27	264	0	support	1	0	_
089bb1d5fa2490d34713b67c37b58e27	264	0	of	0	0	_
089bb1d5fa2490d34713b67c37b58e27	264	0	help	0	0	Assistance
089bb1d5fa2490d34713b67c37b58e27	264	0	to	1	0	_
089bb1d5fa2490d34713b67c37b58e27	264	0	their	0	0	_
089bb1d5fa2490d34713b67c37b58e27	264	0	families	0	0	Kinship
089bb1d5fa2490d34713b67c37b58e27	264	0	.	0	0	_

089bb1d5fa2490d34713b67c37b58e27	264	1	OVERBY	0	0	_
089bb1d5fa2490d34713b67c37b58e27	264	1	:	0	0	_
089bb1d5fa2490d34713b67c37b58e27	264	1	So	0	0	_
089bb1d5fa2490d34713b67c37b58e27	264	1	if	0	0	_
089bb1d5fa2490d34713b67c37b58e27	264	1	the	0	0	_
089bb1d5fa2490d34713b67c37b58e27	264	1	activists	0	0	_
089bb1d5fa2490d34713b67c37b58e27	264	1	want	0	0	Desiring
089bb1d5fa2490d34713b67c37b58e27	264	1	to	0	0	_

3e4bbf29e0624cfced25bfab34cd44b1	265	0	#	0	0	_
3e4bbf29e0624cfced25bfab34cd44b1	265	0	rare	0	0	Frequency
3e4bbf29e0624cfced25bfab34cd44b1	265	0	...	0	0	_
3e4bbf29e0624cfced25bfab34cd44b1	265	0	keen	1	1	Mental_property
3e4bbf29e0624cfced25bfab34cd44b1	265	0	and	0	0	_
3e4bbf29e0624cfced25bfab34cd44b1	265	0	reasonable	0	0	Mental_property
3e4bbf29e0624cfced25bfab34cd44b1	265	0	men	0	0	People
3e4bbf29e0624cfced25bfab34cd44b1	265	0	with	1	0	_
3e4bbf29e0624cfced25bfab34cd44b1	265	0	a	0	0	_
3e4bbf29e0624cfced25bfab34cd44b1	265	0	touch	1	1	Quantified_mass
3e4bbf29e0624cfced25bfab34cd44b1	265	0	of	0	0	_
3e4bbf29e0624cfced25bfab34cd44b1	265	0	vision	0	0	_
3e4bbf29e0624cfced25bfab34cd44b1	265	0	``	0	0	_
3e4bbf29e0624cfced25bfab34cd44b1	265	0	(	0	0	_
3e4bbf29e0624cfced25bfab34cd44b1	265	0	1396	0	0	_
3e4bbf29e0624cfced25bfab34cd44b1	265	0	)	0	0	_
3e4bbf29e0624cfced25bfab34cd44b1	265	0	.	0	0	_

3e4bbf29e0624cfced25bfab34cd44b1	265	1	Through	1	0	_
3e4bbf29e0624cfced25bfab34cd44b1	265	1	the	0	0	_
3e4bbf29e0624cfced25bfab34cd44b1	265	1	character	0	0	_
3e4bbf29e0624cfced25bfab34cd44b1	265	1	of	0	0	_
3e4bbf29e0624cfced25bfab34cd44b1	265	1	Kittredge	0	0	_
3e4bbf29e0624cfced25bfab34cd44b1	265	1	,	0	0	_
3e4bbf29e0624cfced25bfab34cd44b1	265	1	Mailer	0	0	_
3e4bbf29e0624cfced25bfab34cd44b1	265	1	also	0	0	_
3e4bbf29e0624cfced25bfab34cd44b1	265	1	elegizes	0	0	_

8e40fbe1513c1630debe4cb2d94ebbee	266	0	#	0	0	_
8e40fbe1513c1630debe4cb2d94ebbee	266	0	by	0	0	_
8e40fbe1513c1630debe4cb2d94ebbee	266	0	the	0	0	_
8e40fbe1513c1630debe4cb2d94ebbee	266	0	Legislature	0	0	Leadership
8e40fbe1513c1630debe4cb2d94ebbee	266	0	.	0	0	_

8e40fbe1513c1630debe4cb2d94ebbee	266	1	#	0	0	_
8e40fbe1513c1630debe4cb2d94ebbee	266	1	8-14	0	0	_
8e40fbe1513c1630debe4cb2d94ebbee	266	1	.	0	0	_

8e40fbe1513c1630debe4cb2d94ebbee	266	2	Pending	0	0	_
8e40fbe1513c1630debe4cb2d94ebbee	266	2	causes	0	0	Causation
8e40fbe1513c1630debe4cb2d94ebbee	266	2	;	0	0	_
8e40fbe1513c1630debe4cb2d94ebbee	266	2	transfer	1	1	Transfer
8e40fbe1513c1630debe4cb2d94ebbee	266	2	of	0	0	_
8e40fbe1513c1630debe4cb2d94ebbee	266	2	causes	0	0	Causation
8e40fbe1513c1630debe4cb2d94ebbee	266	2	;	0	0	_
8e40fbe1513c1630debe4cb2d94ebbee	266	2	records	0	0	_
8e40fbe1513c1630debe4cb2d94ebbee	266	2	.	0	0	_

8e40fbe1513c1630debe4cb2d94ebbee	266	3	#	0	0	_
8e40fbe1513c1630debe4cb2d94ebbee	266	3	Until	1	0	Time_vector
8e40fbe1513c1630debe4cb2d94ebbee	266	3	otherwise	0	0	_
8e40fbe1513c1630debe4cb2d94ebbee	266	3	provided	0	0	Supply
8e40fbe1513c1630debe4cb2d94ebbee	266	3	by	0	0	_
8e40fbe1513c1630debe4cb2d94ebbee	266	3	law	0	0	Law
8e40fbe1513c1630debe4cb2d94ebbee	266	3	,	0	0	_
8e40fbe1513c1630debe4cb2d94ebbee	266	3	all	0	0	Quantified_mass
8e40fbe1513c1630debe4cb2d94ebbee	266	3	matters	0	0	_

e2424260cd627f06b27c6d47bf489f36	267	0	#	0	0	_
e2424260cd627f06b27c6d47bf489f36	267	0	,	0	0	_
e2424260cd627f06b27c6d47bf489f36	267	0	1889	0	0	_
e2424260cd627f06b27c6d47bf489f36	267	0	.	0	0	_

e2424260cd627f06b27c6d47bf489f36	267	1	#	0	0	_
e2424260cd627f06b27c6d47bf489f36	267	1	SECTION	0	0	_
e2424260cd627f06b27c6d47bf489f36	267	1	8	0	0	_
e2424260cd627f06b27c6d47bf489f36	267	1	CHANGE	0	0	_
e2424260cd627f06b27c6d47bf489f36	267	1	OF	0	0	_
e2424260cd627f06b27c6d47bf489f36	267	1	COURTS	0	0	_
e2424260cd627f06b27c6d47bf489f36	267	1	-	0	0	_
e2424260cd627f06b27c6d47bf489f36	267	1	TRANSFER	1	1	Exchange
e2424260cd627f06b27c6d47bf489f36	267	1	OF	0	0	_
e2424260cd627f06b27c6d47bf489f36	267	1	CAUSES	0	0	_
e2424260cd627f06b27c6d47bf489f36	267	1	.	0	0	_

e2424260cd627f06b27c6d47bf489f36	267	2	Whenever	0	0	_
e2424260cd627f06b27c6d47bf489f36	267	2	the	0	0	_
e2424260cd627f06b27c6d47bf489f36	267	2	judge	0	0	People_by_vocation
e2424260cd627f06b27c6d47bf489f36	267	2	of	0	0	_
e2424260cd627f06b27c6d47bf489f36	267	2	the	0	0	_
e2424260cd627f06b27c6d47bf489f36	267	2	superior	0	0	_
e2424260cd627f06b27c6d47bf489f36	267	2	court	0	0	Judicial_body
e2424260cd627f06b27c6d47bf489f36	267	2	of	0	0	_
e2424260cd627f06b27c6d47bf489f36	267	2	any	0	0	Quantified_mass
e2424260cd627f06b27c6d47bf489f36	267	2	county	0	0	Political_locales
e2424260cd627f06b27c6d47bf489f36	267	2	,	0	0	_

261ac414f259924a11ca40c785d9053f	268	0	#	0	0	_
261ac414f259924a11ca40c785d9053f	268	0	turn	1	0	Becoming
261ac414f259924a11ca40c785d9053f	268	0	to	0	0	_
261ac414f259924a11ca40c785d9053f	268	0	good	0	0	Desirability
261ac414f259924a11ca40c785d9053f	268	0	``	0	0	_
261ac414f259924a11ca40c785d9053f	268	0	(	0	0	_
261ac414f259924a11ca40c785d9053f	268	0	12.469-71	0	0	_
261ac414f259924a11ca40c785d9053f	268	0	)	0	0	_
261ac414f259924a11ca40c785d9053f	268	0	.	0	0	_

261ac414f259924a11ca40c785d9053f	268	1	Such	0	0	_
261ac414f259924a11ca40c785d9053f	268	1	a	0	0	_
261ac414f259924a11ca40c785d9053f	268	1	transfer	1	1	Transfer
261ac414f259924a11ca40c785d9053f	268	1	of	0	0	_
261ac414f259924a11ca40c785d9053f	268	1	cause	0	0	Causation
261ac414f259924a11ca40c785d9053f	268	1	and	0	0	_
261ac414f259924a11ca40c785d9053f	268	1	effect	0	0	_
261ac414f259924a11ca40c785d9053f	268	1	appears	0	0	Give_impression
261ac414f259924a11ca40c785d9053f	268	1	punningly	0	0	_
261ac414f259924a11ca40c785d9053f	268	1	in	1	0	_
261ac414f259924a11ca40c785d9053f	268	1	The	0	0	_
261ac414f259924a11ca40c785d9053f	268	1	Merchant	0	0	_
261ac414f259924a11ca40c785d9053f	268	1	of	0	0	_
261ac414f259924a11ca40c785d9053f	268	1	Venice	0	0	_
261ac414f259924a11ca40c785d9053f	268	1	,	0	0	_
261ac414f259924a11ca40c785d9053f	268	1	when	0	0	Temporal_collocation
261ac414f259924a11ca40c785d9053f	268	1	Portia	0	0	_

ee5601820872b37588af7d81308eb6be	269	0	#	0	0	_
ee5601820872b37588af7d81308eb6be	269	0	in	1	0	_
ee5601820872b37588af7d81308eb6be	269	0	word	0	0	Simple_name
ee5601820872b37588af7d81308eb6be	269	0	recognition	0	0	Grasp
ee5601820872b37588af7d81308eb6be	269	0	accuracy	0	0	Correctness
ee5601820872b37588af7d81308eb6be	269	0	,	0	0	_
ee5601820872b37588af7d81308eb6be	269	0	but	0	0	Concessive
ee5601820872b37588af7d81308eb6be	269	0	findings	0	0	Becoming_aware
ee5601820872b37588af7d81308eb6be	269	0	were	0	0	_
ee5601820872b37588af7d81308eb6be	269	0	mixed	0	0	_
ee5601820872b37588af7d81308eb6be	269	0	regarding	0	0	Topic
ee5601820872b37588af7d81308eb6be	269	0	transfer	1	1	Transfer
ee5601820872b37588af7d81308eb6be	269	0	of	0	0	_
ee5601820872b37588af7d81308eb6be	269	0	effects	0	0	Objective_influence
ee5601820872b37588af7d81308eb6be	269	0	and	0	0	_
ee5601820872b37588af7d81308eb6be	269	0	changes	0	0	Undergo_change
ee5601820872b37588af7d81308eb6be	269	0	in	0	0	_
ee5601820872b37588af7d81308eb6be	269	0	students	0	0	Education_teaching
ee5601820872b37588af7d81308eb6be	269	0	'	0	0	_
ee5601820872b37588af7d81308eb6be	269	0	comprehension	0	0	Grasp
ee5601820872b37588af7d81308eb6be	269	0	ability	0	0	Capability
ee5601820872b37588af7d81308eb6be	269	0	.	0	0	_

ee5601820872b37588af7d81308eb6be	269	1	RR	0	0	_
ee5601820872b37588af7d81308eb6be	269	1	in	0	0	_
ee5601820872b37588af7d81308eb6be	269	1	these	1	0	_
ee5601820872b37588af7d81308eb6be	269	1	studies	0	0	Scrutiny

6466142920ac1252cf3ff8b1a8c2447c	270	0	#	0	0	_
6466142920ac1252cf3ff8b1a8c2447c	270	0	than	0	0	_
6466142920ac1252cf3ff8b1a8c2447c	270	0	did	0	0	Intentionally_act
6466142920ac1252cf3ff8b1a8c2447c	270	0	the	0	0	_
6466142920ac1252cf3ff8b1a8c2447c	270	0	untrained	0	0	Expertise
6466142920ac1252cf3ff8b1a8c2447c	270	0	.	0	0	_

6466142920ac1252cf3ff8b1a8c2447c	270	1	Although	0	0	_
6466142920ac1252cf3ff8b1a8c2447c	270	1	our	0	0	_
6466142920ac1252cf3ff8b1a8c2447c	270	1	results	0	0	_
6466142920ac1252cf3ff8b1a8c2447c	270	1	suggest	0	0	Evidence
6466142920ac1252cf3ff8b1a8c2447c	270	1	a	0	0	_
6466142920ac1252cf3ff8b1a8c2447c	270	1	transfer	1	1	Transfer
6466142920ac1252cf3ff8b1a8c2447c	270	1	of	0	0	_
6466142920ac1252cf3ff8b1a8c2447c	270	1	effect	0	0	Objective_influence
6466142920ac1252cf3ff8b1a8c2447c	270	1	from	1	0	_
6466142920ac1252cf3ff8b1a8c2447c	270	1	the	0	0	_
6466142920ac1252cf3ff8b1a8c2447c	270	1	low-level	0	0	_
6466142920ac1252cf3ff8b1a8c2447c	270	1	search	0	0	Scrutiny
6466142920ac1252cf3ff8b1a8c2447c	270	1	task	0	0	Being_obligated
6466142920ac1252cf3ff8b1a8c2447c	270	1	to	1	0	_
6466142920ac1252cf3ff8b1a8c2447c	270	1	the	0	0	_
6466142920ac1252cf3ff8b1a8c2447c	270	1	complex	0	0	_
6466142920ac1252cf3ff8b1a8c2447c	270	1	mobility	0	0	Bringing
6466142920ac1252cf3ff8b1a8c2447c	270	1	task	0	0	Being_obligated
6466142920ac1252cf3ff8b1a8c2447c	270	1	,	0	0	_
6466142920ac1252cf3ff8b1a8c2447c	270	1	the	0	0	_

89f3db58e3046abe93265efd89dd9676	271	0	#	0	0	_
89f3db58e3046abe93265efd89dd9676	271	0	they	0	0	_
89f3db58e3046abe93265efd89dd9676	271	0	are	0	0	_
89f3db58e3046abe93265efd89dd9676	271	0	ephemeral	0	0	_
89f3db58e3046abe93265efd89dd9676	271	0	-	0	0	_
89f3db58e3046abe93265efd89dd9676	271	0	neither	0	0	_
89f3db58e3046abe93265efd89dd9676	271	0	case	0	0	Instance
89f3db58e3046abe93265efd89dd9676	271	0	presents	1	1	_
89f3db58e3046abe93265efd89dd9676	271	0	promising	0	0	Omen
89f3db58e3046abe93265efd89dd9676	271	0	prospects	0	0	_
89f3db58e3046abe93265efd89dd9676	271	0	for	0	0	_
89f3db58e3046abe93265efd89dd9676	271	0	transfer	1	1	Transfer
89f3db58e3046abe93265efd89dd9676	271	0	of	0	0	_
89f3db58e3046abe93265efd89dd9676	271	0	effects	0	0	Objective_influence
89f3db58e3046abe93265efd89dd9676	271	0	to	1	0	_
89f3db58e3046abe93265efd89dd9676	271	0	civilian	0	0	_
89f3db58e3046abe93265efd89dd9676	271	0	life	0	0	_
89f3db58e3046abe93265efd89dd9676	271	0	.	0	0	_

89f3db58e3046abe93265efd89dd9676	271	1	#	0	0	_
89f3db58e3046abe93265efd89dd9676	271	1	Jennings	0	0	_
89f3db58e3046abe93265efd89dd9676	271	1	and	0	0	_
89f3db58e3046abe93265efd89dd9676	271	1	Markus	0	0	_
89f3db58e3046abe93265efd89dd9676	271	1	measured	1	1	Assessing
89f3db58e3046abe93265efd89dd9676	271	1	political	0	0	_
89f3db58e3046abe93265efd89dd9676	271	1	attitudes	1	1	_
89f3db58e3046abe93265efd89dd9676	271	1	expressed	1	1	Expressing_publicly

12007ad8c13b102c774463904643c9ae	272	0	#	0	0	_
12007ad8c13b102c774463904643c9ae	272	0	often	0	0	Frequency
12007ad8c13b102c774463904643c9ae	272	0	point	1	0	Adducing
12007ad8c13b102c774463904643c9ae	272	0	to	1	0	_
12007ad8c13b102c774463904643c9ae	272	0	Mr.	0	0	_
12007ad8c13b102c774463904643c9ae	272	0	Yanukovych	0	0	_
12007ad8c13b102c774463904643c9ae	272	0	's	0	0	_
12007ad8c13b102c774463904643c9ae	272	0	creation	0	0	Intentionally_create
12007ad8c13b102c774463904643c9ae	272	0	of	0	0	_
12007ad8c13b102c774463904643c9ae	272	0	a	0	0	_
12007ad8c13b102c774463904643c9ae	272	0	``	0	0	_
12007ad8c13b102c774463904643c9ae	272	0	vertical	1	1	_
12007ad8c13b102c774463904643c9ae	272	0	of	1	0	_
12007ad8c13b102c774463904643c9ae	272	0	power	1	1	Leadership
12007ad8c13b102c774463904643c9ae	272	0	``	0	0	_
12007ad8c13b102c774463904643c9ae	272	0	in	0	0	Interior_profile_relation
12007ad8c13b102c774463904643c9ae	272	0	Ukraine	0	0	_
12007ad8c13b102c774463904643c9ae	272	0	,	0	0	_
12007ad8c13b102c774463904643c9ae	272	0	much	0	0	_
12007ad8c13b102c774463904643c9ae	272	0	like	0	0	Similarity
12007ad8c13b102c774463904643c9ae	272	0	the	0	0	_
12007ad8c13b102c774463904643c9ae	272	0	system	1	0	System
12007ad8c13b102c774463904643c9ae	272	0	Russian	0	0	_
12007ad8c13b102c774463904643c9ae	272	0	President	0	0	Leadership
12007ad8c13b102c774463904643c9ae	272	0	Vladimir	0	0	_
12007ad8c13b102c774463904643c9ae	272	0	Putin	0	0	_

c3b20d5eacfa09814a2efd6c49cd51f1	273	0	#	0	0	_
c3b20d5eacfa09814a2efd6c49cd51f1	273	0	were	0	0	_
c3b20d5eacfa09814a2efd6c49cd51f1	273	0	publicly	0	0	Secrecy_status
c3b20d5eacfa09814a2efd6c49cd51f1	273	0	motivated	0	0	Subjective_influence
c3b20d5eacfa09814a2efd6c49cd51f1	273	0	by	0	0	_
c3b20d5eacfa09814a2efd6c49cd51f1	273	0	the	0	0	_
c3b20d5eacfa09814a2efd6c49cd51f1	273	0	need	0	0	Needing
c3b20d5eacfa09814a2efd6c49cd51f1	273	0	to	0	0	_
c3b20d5eacfa09814a2efd6c49cd51f1	273	0	restore	1	0	_
c3b20d5eacfa09814a2efd6c49cd51f1	273	0	``	0	0	_
c3b20d5eacfa09814a2efd6c49cd51f1	273	0	the	0	0	_
c3b20d5eacfa09814a2efd6c49cd51f1	273	0	vertical	1	1	_
c3b20d5eacfa09814a2efd6c49cd51f1	273	0	of	0	0	_
c3b20d5eacfa09814a2efd6c49cd51f1	273	0	power	1	1	Leadership
c3b20d5eacfa09814a2efd6c49cd51f1	273	0	``	0	0	_
c3b20d5eacfa09814a2efd6c49cd51f1	273	0	as	0	0	_
c3b20d5eacfa09814a2efd6c49cd51f1	273	0	the	0	0	_
c3b20d5eacfa09814a2efd6c49cd51f1	273	0	regional	0	0	Locale
c3b20d5eacfa09814a2efd6c49cd51f1	273	0	governments	0	0	Leadership
c3b20d5eacfa09814a2efd6c49cd51f1	273	0	were	0	0	_
c3b20d5eacfa09814a2efd6c49cd51f1	273	0	subject	1	0	_
c3b20d5eacfa09814a2efd6c49cd51f1	273	0	to	1	0	_
c3b20d5eacfa09814a2efd6c49cd51f1	273	0	capture	1	1	Conquering
c3b20d5eacfa09814a2efd6c49cd51f1	273	0	by	0	0	_
c3b20d5eacfa09814a2efd6c49cd51f1	273	0	local	0	0	Political_locales
c3b20d5eacfa09814a2efd6c49cd51f1	273	0	elites	0	0	_

ec10fdb06c7eda2e85676927a6265d0e	274	0	#	0	0	_
ec10fdb06c7eda2e85676927a6265d0e	274	0	demoted	0	0	_
ec10fdb06c7eda2e85676927a6265d0e	274	0	for	0	0	_
ec10fdb06c7eda2e85676927a6265d0e	274	0	failing	0	0	Success_or_failure
ec10fdb06c7eda2e85676927a6265d0e	274	0	to	0	0	_
ec10fdb06c7eda2e85676927a6265d0e	274	0	do	0	0	Intentionally_act
ec10fdb06c7eda2e85676927a6265d0e	274	0	so	0	0	_
ec10fdb06c7eda2e85676927a6265d0e	274	0	.	0	0	_

ec10fdb06c7eda2e85676927a6265d0e	274	1	Did	0	0	_
ec10fdb06c7eda2e85676927a6265d0e	274	1	``	0	0	_
ec10fdb06c7eda2e85676927a6265d0e	274	1	the	0	0	_
ec10fdb06c7eda2e85676927a6265d0e	274	1	vertical	1	1	_
ec10fdb06c7eda2e85676927a6265d0e	274	1	of	1	0	_
ec10fdb06c7eda2e85676927a6265d0e	274	1	power	1	1	Leadership
ec10fdb06c7eda2e85676927a6265d0e	274	1	``	0	0	_
ec10fdb06c7eda2e85676927a6265d0e	274	1	really	0	0	_
ec10fdb06c7eda2e85676927a6265d0e	274	1	restrain	1	1	Control
ec10fdb06c7eda2e85676927a6265d0e	274	1	misbehaving	0	0	Catastrophe
ec10fdb06c7eda2e85676927a6265d0e	274	1	governors	0	0	Leadership
ec10fdb06c7eda2e85676927a6265d0e	274	1	,	0	0	_
ec10fdb06c7eda2e85676927a6265d0e	274	1	strengthen	1	0	Cause_change_of_strength
ec10fdb06c7eda2e85676927a6265d0e	274	1	incentives	0	0	_
ec10fdb06c7eda2e85676927a6265d0e	274	1	at	1	0	_
ec10fdb06c7eda2e85676927a6265d0e	274	1	the	0	0	_
ec10fdb06c7eda2e85676927a6265d0e	274	1	regional	0	0	Locale
ec10fdb06c7eda2e85676927a6265d0e	274	1	level	1	0	Rank

e3f1662c6b04a6bde3e981cad53403a6	275	0	#	0	0	_
e3f1662c6b04a6bde3e981cad53403a6	275	0	it	0	0	_
e3f1662c6b04a6bde3e981cad53403a6	275	0	to	1	0	_
e3f1662c6b04a6bde3e981cad53403a6	275	0	us	0	0	_
e3f1662c6b04a6bde3e981cad53403a6	275	0	in	1	0	_
e3f1662c6b04a6bde3e981cad53403a6	275	0	Russian	0	0	_
e3f1662c6b04a6bde3e981cad53403a6	275	0	,	0	0	_
e3f1662c6b04a6bde3e981cad53403a6	275	0	please	0	0	_
e3f1662c6b04a6bde3e981cad53403a6	275	0	,	0	0	_
e3f1662c6b04a6bde3e981cad53403a6	275	0	this	1	0	_
e3f1662c6b04a6bde3e981cad53403a6	275	0	term	0	0	Simple_name
e3f1662c6b04a6bde3e981cad53403a6	275	0	vertical	1	1	_
e3f1662c6b04a6bde3e981cad53403a6	275	0	of	0	0	_
e3f1662c6b04a6bde3e981cad53403a6	275	0	power	1	1	Leadership
e3f1662c6b04a6bde3e981cad53403a6	275	0	,	0	0	_
e3f1662c6b04a6bde3e981cad53403a6	275	0	'	0	0	_
e3f1662c6b04a6bde3e981cad53403a6	275	0	meaning	0	0	Linguistic_meaning
e3f1662c6b04a6bde3e981cad53403a6	275	0	the	0	0	_
e3f1662c6b04a6bde3e981cad53403a6	275	0	man	0	0	People
e3f1662c6b04a6bde3e981cad53403a6	275	0	at	1	0	Locative_relation
e3f1662c6b04a6bde3e981cad53403a6	275	0	the	0	0	_
e3f1662c6b04a6bde3e981cad53403a6	275	0	top	1	0	Part_orientational
e3f1662c6b04a6bde3e981cad53403a6	275	0	,	0	0	_
e3f1662c6b04a6bde3e981cad53403a6	275	0	Mr.	0	0	_
e3f1662c6b04a6bde3e981cad53403a6	275	0	Putin	0	0	_
e3f1662c6b04a6bde3e981cad53403a6	275	0	.	0	0	_

80f19cb708149f9505a15c7ef3531da9	276	0	#	0	0	_
80f19cb708149f9505a15c7ef3531da9	276	0	National	0	0	Political_locales
80f19cb708149f9505a15c7ef3531da9	276	0	Assn	0	0	_
80f19cb708149f9505a15c7ef3531da9	276	0	.	0	0	_

80f19cb708149f9505a15c7ef3531da9	276	1	of	0	0	_
80f19cb708149f9505a15c7ef3531da9	276	1	Healthcare	0	0	_
80f19cb708149f9505a15c7ef3531da9	276	1	Advocacy	0	0	_
80f19cb708149f9505a15c7ef3531da9	276	1	Consultants	0	0	_
80f19cb708149f9505a15c7ef3531da9	276	1	and	0	0	_
80f19cb708149f9505a15c7ef3531da9	276	1	the	0	0	_
80f19cb708149f9505a15c7ef3531da9	276	1	Alliance	0	0	Organization
80f19cb708149f9505a15c7ef3531da9	276	1	of	0	0	_
80f19cb708149f9505a15c7ef3531da9	276	1	Claims	0	0	Statement
80f19cb708149f9505a15c7ef3531da9	276	1	Assistance	0	0	Assistance
80f19cb708149f9505a15c7ef3531da9	276	1	Professionals	0	0	People_by_vocation
80f19cb708149f9505a15c7ef3531da9	276	1	can	0	0	Capability
80f19cb708149f9505a15c7ef3531da9	276	1	offer	0	0	Offering
80f19cb708149f9505a15c7ef3531da9	276	1	referrals	0	0	_
80f19cb708149f9505a15c7ef3531da9	276	1	.	0	0	_

80f19cb708149f9505a15c7ef3531da9	276	2	#	0	0	_
80f19cb708149f9505a15c7ef3531da9	276	2	You	0	0	_
80f19cb708149f9505a15c7ef3531da9	276	2	may	0	0	Likelihood
80f19cb708149f9505a15c7ef3531da9	276	2	be	0	0	_
80f19cb708149f9505a15c7ef3531da9	276	2	able	0	0	Capability
80f19cb708149f9505a15c7ef3531da9	276	2	to	0	0	_
80f19cb708149f9505a15c7ef3531da9	276	2	resolve	0	0	Resolve_problem
80f19cb708149f9505a15c7ef3531da9	276	2	the	0	0	_

050b0f4848beb5ae34a84fdf9da23356	277	0	#	0	0	_
050b0f4848beb5ae34a84fdf9da23356	277	0	as	0	0	_
050b0f4848beb5ae34a84fdf9da23356	277	0	that	1	0	_
050b0f4848beb5ae34a84fdf9da23356	277	0	of	0	0	_
050b0f4848beb5ae34a84fdf9da23356	277	0	science	0	0	_
050b0f4848beb5ae34a84fdf9da23356	277	0	.	0	0	_

050b0f4848beb5ae34a84fdf9da23356	277	1	Thus	0	0	_
050b0f4848beb5ae34a84fdf9da23356	277	1	from	1	0	_
050b0f4848beb5ae34a84fdf9da23356	277	1	the	0	0	_
050b0f4848beb5ae34a84fdf9da23356	277	1	alliance	1	1	Alliance
050b0f4848beb5ae34a84fdf9da23356	277	1	of	0	0	_
050b0f4848beb5ae34a84fdf9da23356	277	1	criticism	0	0	Judgment_communication
050b0f4848beb5ae34a84fdf9da23356	277	1	,	0	0	_
050b0f4848beb5ae34a84fdf9da23356	277	1	science	0	0	_
050b0f4848beb5ae34a84fdf9da23356	277	1	,	0	0	_
050b0f4848beb5ae34a84fdf9da23356	277	1	and	0	0	_
050b0f4848beb5ae34a84fdf9da23356	277	1	poetry	0	0	Text
050b0f4848beb5ae34a84fdf9da23356	277	1	was	0	0	_
050b0f4848beb5ae34a84fdf9da23356	277	1	born	1	0	Being_born
050b0f4848beb5ae34a84fdf9da23356	277	1	the	0	0	_
050b0f4848beb5ae34a84fdf9da23356	277	1	first	0	0	Ordinal_numbers
050b0f4848beb5ae34a84fdf9da23356	277	1	fasicules	0	0	_
050b0f4848beb5ae34a84fdf9da23356	277	1	of	0	0	_
050b0f4848beb5ae34a84fdf9da23356	277	1	the	0	0	_
050b0f4848beb5ae34a84fdf9da23356	277	1	Collected	0	0	_
050b0f4848beb5ae34a84fdf9da23356	277	1	Articles	0	0	_

79e59f58d7b31632529f471c918908c6	278	0	#	0	0	_
79e59f58d7b31632529f471c918908c6	278	0	much	0	0	Quantified_mass
79e59f58d7b31632529f471c918908c6	278	0	energy	0	0	Electricity
79e59f58d7b31632529f471c918908c6	278	0	fighting	1	1	Hostile_encounter
79e59f58d7b31632529f471c918908c6	278	0	.	0	0	_

79e59f58d7b31632529f471c918908c6	278	1	This	1	0	_
79e59f58d7b31632529f471c918908c6	278	1	is	0	0	_
79e59f58d7b31632529f471c918908c6	278	1	n't	0	0	_
79e59f58d7b31632529f471c918908c6	278	1	a	0	0	_
79e59f58d7b31632529f471c918908c6	278	1	battle	1	1	Hostile_encounter
79e59f58d7b31632529f471c918908c6	278	1	of	0	0	_
79e59f58d7b31632529f471c918908c6	278	1	arguments	0	0	Quarreling
79e59f58d7b31632529f471c918908c6	278	1	or	0	0	_
79e59f58d7b31632529f471c918908c6	278	1	a	0	0	_
79e59f58d7b31632529f471c918908c6	278	1	battle	1	0	Hostile_encounter
79e59f58d7b31632529f471c918908c6	278	1	of	0	0	_
79e59f58d7b31632529f471c918908c6	278	1	philosophies	0	0	_
79e59f58d7b31632529f471c918908c6	278	1	.	0	0	_

79e59f58d7b31632529f471c918908c6	278	2	It	0	0	_
79e59f58d7b31632529f471c918908c6	278	2	should	0	0	Desirable_event
79e59f58d7b31632529f471c918908c6	278	2	n't	0	0	_
79e59f58d7b31632529f471c918908c6	278	2	even	0	0	_
79e59f58d7b31632529f471c918908c6	278	2	be	0	0	_
79e59f58d7b31632529f471c918908c6	278	2	a	0	0	_
79e59f58d7b31632529f471c918908c6	278	2	battle	0	0	Hostile_encounter
79e59f58d7b31632529f471c918908c6	278	2	at	0	0	_

565ce4fab5b508813d8a856001d8c220	279	0	#	0	0	_
565ce4fab5b508813d8a856001d8c220	279	0	Ireland	0	0	_
565ce4fab5b508813d8a856001d8c220	279	0	conflict	0	0	Hostile_encounter
565ce4fab5b508813d8a856001d8c220	279	0	.	0	0	_

565ce4fab5b508813d8a856001d8c220	279	1	Her	0	0	_
565ce4fab5b508813d8a856001d8c220	279	1	anecdote	0	0	_
565ce4fab5b508813d8a856001d8c220	279	1	set	1	0	Cause_to_start
565ce4fab5b508813d8a856001d8c220	279	1	off	1	0	Cause_to_start
565ce4fab5b508813d8a856001d8c220	279	1	a	0	0	_
565ce4fab5b508813d8a856001d8c220	279	1	battle	1	1	Hostile_encounter
565ce4fab5b508813d8a856001d8c220	279	1	of	0	0	_
565ce4fab5b508813d8a856001d8c220	279	1	claims	0	0	Statement
565ce4fab5b508813d8a856001d8c220	279	1	and	0	0	_
565ce4fab5b508813d8a856001d8c220	279	1	counterclaims	0	0	_
565ce4fab5b508813d8a856001d8c220	279	1	by	0	0	_
565ce4fab5b508813d8a856001d8c220	279	1	others	0	0	Increment
565ce4fab5b508813d8a856001d8c220	279	1	involved	0	0	Participation
565ce4fab5b508813d8a856001d8c220	279	1	in	1	0	_
565ce4fab5b508813d8a856001d8c220	279	1	the	0	0	_
565ce4fab5b508813d8a856001d8c220	279	1	peace	0	0	_
565ce4fab5b508813d8a856001d8c220	279	1	process	0	0	Process
565ce4fab5b508813d8a856001d8c220	279	1	,	0	0	_
565ce4fab5b508813d8a856001d8c220	279	1	leaving	1	0	Causation
565ce4fab5b508813d8a856001d8c220	279	1	a	0	0	_
565ce4fab5b508813d8a856001d8c220	279	1	haze	1	1	_
565ce4fab5b508813d8a856001d8c220	279	1	over	1	0	_

d0a0c9b864fa86ec23411ae08271f2e1	280	0	#	0	0	_
d0a0c9b864fa86ec23411ae08271f2e1	280	0	wars	0	0	Hostile_encounter
d0a0c9b864fa86ec23411ae08271f2e1	280	0	going	1	0	_
d0a0c9b864fa86ec23411ae08271f2e1	280	0	all	0	0	_
d0a0c9b864fa86ec23411ae08271f2e1	280	0	the	0	0	_
d0a0c9b864fa86ec23411ae08271f2e1	280	0	way	0	0	_
d0a0c9b864fa86ec23411ae08271f2e1	280	0	back	1	0	_
d0a0c9b864fa86ec23411ae08271f2e1	280	0	to	1	0	_
d0a0c9b864fa86ec23411ae08271f2e1	280	0	the	0	0	_
d0a0c9b864fa86ec23411ae08271f2e1	280	0	Battle	0	0	Hostile_encounter
d0a0c9b864fa86ec23411ae08271f2e1	280	0	of	0	0	_
d0a0c9b864fa86ec23411ae08271f2e1	280	0	Point	0	0	_
d0a0c9b864fa86ec23411ae08271f2e1	280	0	Pleasant	0	0	_
d0a0c9b864fa86ec23411ae08271f2e1	280	0	in	1	0	Temporal_collocation
d0a0c9b864fa86ec23411ae08271f2e1	280	0	1774	0	0	_
d0a0c9b864fa86ec23411ae08271f2e1	280	0	.	0	0	_

d0a0c9b864fa86ec23411ae08271f2e1	280	1	There	0	0	Existence
d0a0c9b864fa86ec23411ae08271f2e1	280	1	are	0	0	Existence
d0a0c9b864fa86ec23411ae08271f2e1	280	1	a	0	0	Quantified_mass
d0a0c9b864fa86ec23411ae08271f2e1	280	1	few	0	0	Quantified_mass
d0a0c9b864fa86ec23411ae08271f2e1	280	1	local	0	0	Political_locales
d0a0c9b864fa86ec23411ae08271f2e1	280	1	heroes	0	0	_
d0a0c9b864fa86ec23411ae08271f2e1	280	1	,	0	0	_
d0a0c9b864fa86ec23411ae08271f2e1	280	1	but	0	0	Concessive
d0a0c9b864fa86ec23411ae08271f2e1	280	1	mostly	0	0	_
d0a0c9b864fa86ec23411ae08271f2e1	280	1	they	0	0	_

552b26de9e0b082a868813157f5af769	281	0	#	0	0	_
552b26de9e0b082a868813157f5af769	281	0	are	0	0	_
552b26de9e0b082a868813157f5af769	281	0	ones	0	0	_
552b26de9e0b082a868813157f5af769	281	0	who	0	0	_
552b26de9e0b082a868813157f5af769	281	0	look	0	0	Give_impression
552b26de9e0b082a868813157f5af769	281	0	foolish	0	0	Mental_property
552b26de9e0b082a868813157f5af769	281	0	,	0	0	_
552b26de9e0b082a868813157f5af769	281	0	engage	1	1	_
552b26de9e0b082a868813157f5af769	281	0	the	0	0	_
552b26de9e0b082a868813157f5af769	281	0	battlefield	1	1	_
552b26de9e0b082a868813157f5af769	281	0	of	0	0	_
552b26de9e0b082a868813157f5af769	281	0	debate	0	0	Discussion
552b26de9e0b082a868813157f5af769	281	0	,	0	0	_
552b26de9e0b082a868813157f5af769	281	0	if	0	0	_
552b26de9e0b082a868813157f5af769	281	0	your	0	0	_
552b26de9e0b082a868813157f5af769	281	0	a	0	0	_
552b26de9e0b082a868813157f5af769	281	0	praying	0	0	_
552b26de9e0b082a868813157f5af769	281	0	man	0	0	People
552b26de9e0b082a868813157f5af769	281	0	we	0	0	_
552b26de9e0b082a868813157f5af769	281	0	could	0	0	Capability
552b26de9e0b082a868813157f5af769	281	0	use	0	0	Using
552b26de9e0b082a868813157f5af769	281	0	a	0	0	Quantified_mass
552b26de9e0b082a868813157f5af769	281	0	few	0	0	Quantified_mass
552b26de9e0b082a868813157f5af769	281	0	good	0	0	Desirability
552b26de9e0b082a868813157f5af769	281	0	soldiers	0	0	Member_of_military
552b26de9e0b082a868813157f5af769	281	0	,	0	0	_

77c6b8684aaed34eea4c5b11df2efef2	282	0	#	0	0	_
77c6b8684aaed34eea4c5b11df2efef2	282	0	and	0	0	_
77c6b8684aaed34eea4c5b11df2efef2	282	0	in	1	0	_
77c6b8684aaed34eea4c5b11df2efef2	282	0	some	0	0	_
77c6b8684aaed34eea4c5b11df2efef2	282	0	cases	0	0	Instance
77c6b8684aaed34eea4c5b11df2efef2	282	0	preemptively	0	0	_
77c6b8684aaed34eea4c5b11df2efef2	282	0	,	0	0	_
77c6b8684aaed34eea4c5b11df2efef2	282	0	with	1	0	_
77c6b8684aaed34eea4c5b11df2efef2	282	0	a	0	0	_
77c6b8684aaed34eea4c5b11df2efef2	282	0	blitz	1	1	_
77c6b8684aaed34eea4c5b11df2efef2	282	0	of	0	0	_
77c6b8684aaed34eea4c5b11df2efef2	282	0	criticism	0	0	Judgment_communication
77c6b8684aaed34eea4c5b11df2efef2	282	0	from	1	0	_
77c6b8684aaed34eea4c5b11df2efef2	282	0	those	1	0	_
77c6b8684aaed34eea4c5b11df2efef2	282	0	on	1	0	Spatial_contact
77c6b8684aaed34eea4c5b11df2efef2	282	0	the	0	0	_
77c6b8684aaed34eea4c5b11df2efef2	282	0	left	0	0	People_along_political_spectrum
77c6b8684aaed34eea4c5b11df2efef2	282	0	,	0	0	_
77c6b8684aaed34eea4c5b11df2efef2	282	0	who	0	0	_
77c6b8684aaed34eea4c5b11df2efef2	282	0	,	0	0	_
77c6b8684aaed34eea4c5b11df2efef2	282	0	together	1	0	_
77c6b8684aaed34eea4c5b11df2efef2	282	0	,	0	0	_
77c6b8684aaed34eea4c5b11df2efef2	282	0	managed	1	1	Success_or_failure
77c6b8684aaed34eea4c5b11df2efef2	282	0	to	0	0	_
77c6b8684aaed34eea4c5b11df2efef2	282	0	hit	1	0	Impact
77c6b8684aaed34eea4c5b11df2efef2	282	0	the	0	0	_

c2bd22dad0138271dd52ca348c4a9fa9	283	0	#	0	0	_
c2bd22dad0138271dd52ca348c4a9fa9	283	0	.	0	0	_

c2bd22dad0138271dd52ca348c4a9fa9	283	1	MESERVE	0	0	_
c2bd22dad0138271dd52ca348c4a9fa9	283	1	:	0	0	_
c2bd22dad0138271dd52ca348c4a9fa9	283	1	On	0	0	Spatial_contact
c2bd22dad0138271dd52ca348c4a9fa9	283	1	Capitol	0	0	_
c2bd22dad0138271dd52ca348c4a9fa9	283	1	Hill	0	0	_
c2bd22dad0138271dd52ca348c4a9fa9	283	1	a	0	0	_
c2bd22dad0138271dd52ca348c4a9fa9	283	1	Republican	0	0	_
c2bd22dad0138271dd52ca348c4a9fa9	283	1	blitzkrieg	1	1	_
c2bd22dad0138271dd52ca348c4a9fa9	283	1	of	0	0	_
c2bd22dad0138271dd52ca348c4a9fa9	283	1	criticism	0	0	Judgment_communication
c2bd22dad0138271dd52ca348c4a9fa9	283	1	.	0	0	_

c2bd22dad0138271dd52ca348c4a9fa9	283	2	REP-JOHN-BOEHNER-	0	0	_
c2bd22dad0138271dd52ca348c4a9fa9	283	2	:	0	0	_
c2bd22dad0138271dd52ca348c4a9fa9	283	2	They	0	0	_
c2bd22dad0138271dd52ca348c4a9fa9	283	2	're	0	0	_
c2bd22dad0138271dd52ca348c4a9fa9	283	2	going	0	0	_
c2bd22dad0138271dd52ca348c4a9fa9	283	2	to	0	0	_
c2bd22dad0138271dd52ca348c4a9fa9	283	2	move	0	0	Cause_motion
c2bd22dad0138271dd52ca348c4a9fa9	283	2	these	1	0	_
c2bd22dad0138271dd52ca348c4a9fa9	283	2	prisoners	0	0	Being_in_captivity
c2bd22dad0138271dd52ca348c4a9fa9	283	2	from	0	0	_
c2bd22dad0138271dd52ca348c4a9fa9	283	2	Gitmo	0	0	_
c2bd22dad0138271dd52ca348c4a9fa9	283	2	to	0	0	_
c2bd22dad0138271dd52ca348c4a9fa9	283	2	northwest	0	0	Direction

1e810afa02c2b0e1cccbf311de6cc9bb	284	0	#	0	0	_
1e810afa02c2b0e1cccbf311de6cc9bb	284	0	the	0	0	_
1e810afa02c2b0e1cccbf311de6cc9bb	284	0	Big	0	0	Size
1e810afa02c2b0e1cccbf311de6cc9bb	284	0	Texter	0	0	_
1e810afa02c2b0e1cccbf311de6cc9bb	284	0	in	0	0	Interior_profile_relation
1e810afa02c2b0e1cccbf311de6cc9bb	284	0	the	0	0	_
1e810afa02c2b0e1cccbf311de6cc9bb	284	0	sky	0	0	_
1e810afa02c2b0e1cccbf311de6cc9bb	284	0	?	0	0	_

1e810afa02c2b0e1cccbf311de6cc9bb	284	1	In	1	0	_
1e810afa02c2b0e1cccbf311de6cc9bb	284	1	war	1	1	Hostile_encounter
1e810afa02c2b0e1cccbf311de6cc9bb	284	1	of	0	0	_
1e810afa02c2b0e1cccbf311de6cc9bb	284	1	argument	0	0	Quarreling
1e810afa02c2b0e1cccbf311de6cc9bb	284	1	by	0	0	_
1e810afa02c2b0e1cccbf311de6cc9bb	284	1	authority	0	0	Leadership
1e810afa02c2b0e1cccbf311de6cc9bb	284	1	,	0	0	_
1e810afa02c2b0e1cccbf311de6cc9bb	284	1	the	0	0	_
1e810afa02c2b0e1cccbf311de6cc9bb	284	1	one	0	0	_
1e810afa02c2b0e1cccbf311de6cc9bb	284	1	with	0	0	_
1e810afa02c2b0e1cccbf311de6cc9bb	284	1	the	0	0	_
1e810afa02c2b0e1cccbf311de6cc9bb	284	1	biggest	0	0	Size
1e810afa02c2b0e1cccbf311de6cc9bb	284	1	stick	1	1	_
1e810afa02c2b0e1cccbf311de6cc9bb	284	1	wins	1	0	Finish_competition
1e810afa02c2b0e1cccbf311de6cc9bb	284	1	.	0	0	_

1e810afa02c2b0e1cccbf311de6cc9bb	284	2	#	0	0	_
1e810afa02c2b0e1cccbf311de6cc9bb	284	2	I	0	0	_
1e810afa02c2b0e1cccbf311de6cc9bb	284	2	suspect	0	0	Awareness

