Article,Sentence,Tokens,Borderline_metaphor,Real_metaphors,Frame_label,Token_lemma
0,0,",",0,0,_,","
0,0,which,0,0,_,which
0,0,we,0,0,_,we
0,0,can,0,0,Capability,can
0,0,not,0,0,_,not
0,0,make,1,0,Intentionally_create,make
0,0,to,1,0,_,to
0,0,God,0,0,_,God
0,0,.,0,0,_,.
0,1,When,0,0,Temporal_collocation,when
0,1,our,0,0,_,our
0,1,spirits,0,0,_,spirit
0,1,are,0,0,_,be
0,1,overwhelmed,1,1,_,overwhelmed
0,1,by,0,0,_,by
0,1,distress,0,0,Emotion_directed,distress
0,1,",",0,0,_,","
0,1,and,0,0,_,and
0,1,filled,1,0,Abounding_with,fill
0,1,with,1,0,_,with
0,1,discouragement,0,0,Emotion_directed,discouragement
0,1,;,0,0,_,;
0,1,when,0,0,Temporal_collocation,when
0,1,we,0,0,_,we
0,1,see,0,0,Perception_experience,see
0,1,snares,0,0,_,snare
0,1,laid,1,1,Placing,lay
0,1,for,0,0,_,for
0,1,us,0,0,_,we
0,1,on,0,0,Spatial_contact,on
0,1,every,0,0,_,every
1,0,the,0,0,_,the
1,0,occupants,0,0,Residence,occupant
1,0,.,0,0,_,.
1,1,#,0,0,_,#
1,1,Even,0,0,_,even
1,1,the,0,0,_,the
1,1,local,0,0,Political_locales,local
1,1,section,1,0,Part_whole,section
1,1,of,0,0,_,of
1,1,the,0,0,_,the
1,1,diocesan,0,0,_,diocesan
1,1,organisation,0,0,Organization,organisation
1,1,was,0,0,_,be
1,1,overwhelmed,1,1,_,overwhelmed
1,1,by,0,0,_,by
1,1,hardship,0,0,_,hardship
1,1,.,0,0,_,.
1,2,In,1,0,Temporal_collocation,in
1,2,1879,0,0,_,1879
1,2,the,0,0,_,the
1,2,big,1,0,Size,big
1,2,landowner,0,0,_,landowner
1,2,Matthijs,0,0,_,Matthijs
1,2,van,0,0,_,van
1,2,Lieshout,0,0,_,Lieshout
1,2,",",0,0,_,","
1,2,one,0,0,Cardinal_numbers,one
1,2,of,0,0,Partitive,of
1,2,its,0,0,_,its
1,2,pillars,1,1,_,pillar
1,2,",",0,0,_,","
2,0,",",0,0,_,","
2,0,yeah,0,0,_,yeah
2,0,.,0,0,_,.
2,1,It,0,0,_,it
2,1,'s,0,0,_,be
2,1,hard,1,0,Difficulty,hard
2,1,to,0,0,_,to
2,1,find,1,0,Locating,find
2,1,the,0,0,_,the
2,1,part,1,0,Part_whole,part
2,1,where,0,0,Locative_relation,where
2,1,you,0,0,_,you
2,1,'re,0,0,_,be
2,1,overwhelmed,1,1,_,overwhelmed
2,1,with,1,0,_,with
2,1,adversity,0,0,_,adversity
2,1,.,0,0,_,.
2,2,-,0,0,_,-
2,2,Well,0,0,_,well
2,2,",",0,0,_,","
2,2,i,0,0,_,I
2,2,am,0,0,_,be
2,2,.,0,0,_,.
2,3,-,0,0,_,-
2,3,Yeah,0,0,_,yeah
2,3,.,0,0,_,.
2,4,Yeah,0,0,_,yeah
2,4,.,0,0,_,.
2,5,So,0,0,_,so
2,5,what,0,0,_,what
2,5,overwhelms,0,0,Beat_opponent,overwhelm
3,0,",",0,0,_,","
3,0,Houston,0,0,_,Houston
3,0,had,1,0,Possession,have
3,0,no,0,0,Quantified_mass,no
3,0,layoffs,0,0,Being_employed,layoff
3,0,or,0,0,_,or
3,0,furloughs,0,0,_,furlough
3,0,.,0,0,_,.
3,1,As,0,0,_,as
3,1,the,0,0,_,the
3,1,federal,0,0,Political_locales,federal
3,1,government,0,0,Leadership,government
3,1,became,0,0,Becoming,become
3,1,overwhelmed,1,1,_,overwhelmed
3,1,with,1,0,_,with
3,1,crises,0,0,Catastrophe,crisis
3,1,after,1,0,Time_vector,after
3,1,Hurricane,0,0,_,hurricane
3,1,Katrina,0,0,_,Katrina
3,1,",",0,0,_,","
3,1,Houston,0,0,_,Houston
3,1,absorbed,1,1,Receiving,absorb
3,1,more,0,0,Increment,more
3,1,than,0,0,_,than
3,1,"200,000",0,0,_,"200,000"
3,1,people,0,0,People,people
3,1,from,0,0,Origin,from
3,1,Louisiana,0,0,_,Louisiana
3,1,.,0,0,_,.
3,2,#,0,0,_,#
3,2,When,0,0,Temporal_collocation,when
4,0,It,0,0,_,it
4,0,works,1,0,Usefulness,work
4,0,every,0,0,Frequency,every
4,0,time,0,0,Frequency,time
4,0,--,0,0,_,--
4,0,even,0,0,_,even
4,0,on,1,0,Spatial_contact,on
4,0,Chris,0,0,_,Chris
4,0,Christie,0,0,_,Christie
4,0,",",0,0,_,","
4,0,who,0,0,_,who
4,0,was,0,0,_,be
4,0,so,0,0,Degree,so
4,0,overwhelmed,0,0,_,overwhelmed
4,0,with,1,0,_,with
4,0,distress,0,0,Emotion_directed,distress
4,0,that,0,0,_,that
4,0,he,0,0,_,he
4,0,did,0,0,_,do
4,0,n't,0,0,_,not
4,0,even,0,0,_,even
4,0,know,0,0,Awareness,know
4,0,what,0,0,_,what
4,0,hit,1,0,Impact,hit
4,0,him,0,0,_,he
4,0,.,0,0,_,.
4,1,#,0,0,_,#
4,1,No,0,0,_,no
4,1,",",0,0,_,","
4,1,sorry,0,0,Experiencer_focus,sorry
4,1,Blaze,0,0,_,Blaze
5,0,!,0,0,_,!
5,1,Well,0,0,_,well
5,1,",",0,0,_,","
5,1,let,0,0,_,let
5,1,'s,0,0,_,be
5,1,bring,0,0,Bringing,bring
5,1,the,0,0,_,the
5,1,boys,0,0,Kinship,boy
5,1,home,0,0,_,home
5,1,and,0,0,_,and
5,1,then,0,0,_,then
5,1,your,0,0,_,your
5,1,dad,0,0,Kinship,dad
5,1,and,0,0,_,and
5,1,I,0,0,_,I
5,1,back,1,0,_,back
5,1,in,1,0,_,in
5,1,time,0,0,_,time
5,1,to,1,0,_,to
5,1,your,0,0,_,your
5,1,operation,0,0,Businesses,operation
5,1,",",0,0,_,","
5,1,right,0,0,Correctness,right
5,1,?,0,0,_,?
5,1,.,0,0,_,.
5,2,Dewey,0,0,_,Dewey
5,2,...,0,0,_,...
5,2,You,0,0,_,you
5,2,'re,0,0,_,be
5,2,wearing,0,0,Wearing,wear
5,2,my,0,0,_,my
6,0,told,0,0,Telling,tell
6,0,of,0,0,_,of
6,0,the,0,0,_,the
6,0,teeth,0,0,Body_parts,tooth
6,0,gnawing,0,0,Manipulation,gnaw
6,0,",",0,0,_,","
6,0,quiet,0,0,_,quiet
6,0,and,0,0,_,and
6,0,relentless,0,0,Duration_description,relentless
6,0,.,0,0,_,.
6,1,The,0,0,_,the
6,1,Event,0,0,_,event
6,1,had,0,0,_,have
6,1,sent,1,0,Sending,send
6,1,thousands,0,0,Quantified_mass,thousand
6,1,back,1,0,_,back
6,1,through,1,0,_,through
6,1,time,0,0,_,time
6,1,",",0,0,_,","
6,1,but,0,0,_,but
6,1,every,0,0,_,every
6,1,one,0,0,Cardinal_numbers,one
6,1,of,0,0,Partitive,of
6,1,them,0,0,_,they
6,1,still,0,0,Continued_state_of_affairs,still
6,1,slid,1,1,Motion,slide
6,1,down,1,0,_,down
6,1,the,0,0,_,the
6,1,slippery,1,1,_,slippery
6,1,slope,1,1,Natural_features,slope
6,1,of,0,0,_,of
7,0,girl,0,0,People,girl
7,0,with,0,0,_,with
7,0,no,0,0,_,no
7,0,doll,0,0,_,doll
7,0,but,0,0,Concessive,but
7,0,47,0,0,_,47
7,0,horses,0,0,Vehicle,horse
7,0,.,0,0,_,.
7,1,And,0,0,_,and
7,1,it,0,0,_,it
7,1,gave,1,0,Giving,give
7,1,context,1,1,_,context
7,1,to,1,0,_,to
7,1,--,0,0,_,--
7,1,it,0,0,_,it
7,1,placed,1,1,Placing,place
7,1,in,1,0,_,in
7,1,time,0,0,_,time
7,1,--,0,0,_,--
7,1,something,0,0,_,something
7,1,that,0,0,_,that
7,1,Curly,0,0,_,curly
7,1,'s,0,0,_,be
7,1,great-granddaughter,0,0,Kinship,great
7,1,Johnna,0,0,_,Johnna
7,1,told,0,0,Telling,tell
7,1,me,0,0,_,I
7,1,.,0,0,_,.
7,2,Just,0,0,_,just
7,2,as,0,0,_,as
7,2,Narsis,0,0,_,narsis
8,0,),0,0,_,)
8,0,.,0,0,_,.
8,1,After,1,0,Time_vector,after
8,1,several,0,0,Quantified_mass,several
8,1,episodes,0,0,_,episode
8,1,of,0,0,_,of
8,1,problem,0,0,Predicament,problem
8,1,behavior,0,0,Conduct,behavior
8,1,and,0,0,_,and
8,1,contingent,0,0,_,contingent
8,1,reprimand,0,0,Judgment_direct_address,reprimand
8,1,",",0,0,_,","
8,1,Teva,0,0,_,Teva
8,1,was,0,0,_,be
8,1,frequently,0,0,Frequency,frequently
8,1,placed,1,1,Placing,place
8,1,in,1,0,_,in
8,1,time,0,0,_,time
8,1,out,0,0,_,out
8,1,(,0,0,_,(
8,1,i.e.,0,0,_,i.e.
8,1,",",0,0,_,","
8,1,received,0,0,Receiving,receive
8,1,escape,0,0,Escaping,escape
8,1,),0,0,_,)
8,1,where,0,0,Locative_relation,where
8,1,a,0,0,_,a
8,1,paraprofessional,0,0,People_by_vocation,paraprofessional
8,1,was,0,0,_,be
8,1,assigned,0,0,_,assign
8,1,to,0,0,_,to
9,0,.,0,0,_,.
9,1,#,0,0,_,#
9,1,I,0,0,_,I
9,1,'m,0,0,_,'
9,1,currently,0,0,Temporal_collocation,currently
9,1,reading,0,0,Reading_activity,read
9,1,Berry,0,0,_,Berry
9,1,'s,0,0,_,be
9,1,new,0,0,Age,new
9,1,collection,0,0,Text,collection
9,1,of,0,0,_,of
9,1,short,0,0,Text,short
9,1,stories,0,0,Text,story
9,1,",",0,0,_,","
9,1,A,0,0,_,a
9,1,Place,0,0,Locale,place
9,1,in,1,0,_,in
9,1,Time,0,0,_,time
9,1,",",0,0,_,","
9,1,which,0,0,_,which
9,1,is,0,0,_,be
9,1,lovely,0,0,Stimulus_focus,lovely
9,1,.,0,0,_,.
9,2,I,0,0,_,I
9,2,'m,0,0,_,'
9,2,also,0,0,_,also
9,2,reading,0,0,Reading_activity,read
9,2,When,0,0,_,when
9,2,Helping,0,0,Assistance,help
9,2,Hurts,1,1,_,hurt
9,2,about,1,0,_,about
10,0,Umbria,0,0,_,umbria
10,0,next,1,0,_,next
10,0,summer,0,0,Calendric_unit,summer
10,0,and,0,0,_,and
10,0,spots,0,0,Locale,spot
10,0,are,0,0,_,be
10,0,limited,0,0,_,limited
10,0,.,0,0,_,.
10,1,#,0,0,_,#
10,1,Learn,0,0,Education_teaching,learn
10,1,to,0,0,_,to
10,1,capture,1,0,Communicate_categorization,capture
10,1,a,0,0,_,a
10,1,moment,0,0,Measure_duration,moment
10,1,and,0,0,_,and
10,1,place,0,0,Placing,place
10,1,in,1,0,_,in
10,1,time,0,0,_,time
10,1,on,1,0,Spatial_contact,on
10,1,canvas,0,0,_,canvas
10,1,.,0,0,_,.
10,2,#,0,0,_,#
10,2,We,0,0,_,we
10,2,wo,0,0,_,will
10,2,n't,0,0,_,not
10,2,just,0,0,_,just
10,2,be,0,0,_,be
10,2,working,0,0,Being_employed,work
10,2,",",0,0,_,","
10,2,we,0,0,_,we
10,2,'ll,0,0,_,will
11,0,and,0,0,_,and
11,0,timely,0,0,_,timely
11,0,investment,0,0,_,investment
11,0,needed,0,0,Being_necessary,need
11,0,.,0,0,_,.
11,1,Prudent,0,0,_,prudent
11,1,and,0,0,_,and
11,1,timely,0,0,_,timely
11,1,",",0,0,_,","
11,1,means,0,0,Evidence,mean
11,1,that,0,0,_,that
11,1,ample,0,0,Sufficiency,ample
11,1,investments,0,0,_,investment
11,1,",",0,0,_,","
11,1,well,0,0,_,well
11,1,place,1,1,Placing,place
11,1,in,1,0,_,in
11,1,time,0,0,_,time
11,1,",",0,0,_,","
11,1,and,0,0,_,and
11,1,delivering,0,0,Delivery,deliver
11,1,energy,0,0,Electricity,energy
11,1,where,0,0,Locative_relation,where
11,1,is,0,0,_,be
11,1,needed,0,0,Being_necessary,need
11,1,",",0,0,_,","
11,1,sometime,0,0,_,sometime
11,1,taking,1,0,Taking_time,take
11,1,years,0,0,Measure_duration,year
11,1,of,0,0,_,of
11,1,tactics,0,0,Means,tactic
12,0,portraits,1,0,_,portrait
12,0,thus,0,0,_,thus
12,0,represent,0,0,Communicate_categorization,represent
12,0,a,0,0,_,a
12,0,collision,1,1,_,collision
12,0,and,0,0,_,and
12,0,condensation,1,1,_,condensation
12,0,of,0,0,_,of
12,0,individual,0,0,_,individual
12,0,identity,0,0,Identicality,identity
12,0,",",0,0,_,","
12,0,physical,0,0,_,physical
12,0,place,0,0,Locale,place
12,0,",",0,0,_,","
12,0,and,0,0,_,and
12,0,place,0,0,Locale,place
12,0,in,1,0,_,in
12,0,time,0,0,_,time
12,0,.,0,0,_,.
12,1,The,0,0,_,the
12,1,studio,0,0,Locale_by_use,studio
12,1,setting,0,0,Locale,set
12,1,",",0,0,_,","
12,1,with,0,0,_,with
12,1,all,0,0,Quantified_mass,all
12,1,its,0,0,_,its
12,1,accoutrements,0,0,_,accoutrement
12,1,",",0,0,_,","
12,1,comes,1,0,Arriving,come
12,1,to,0,0,_,to
12,1,represent,1,1,Communicate_categorization,represent
13,0,the,0,0,_,the
13,0,order,0,0,Aggregate,order
13,0,of,0,0,_,of
13,0,the,0,0,_,the
13,0,parts,1,0,Part_whole,part
13,0,of,0,0,_,of
13,0,space,0,0,_,space
13,0,``,0,0,_,`
13,0,are,0,0,_,be
13,0,unchangeable.,0,0,_,unchangeable
13,0,``,0,0,_,`
13,1,All,0,0,_,all
13,1,things,1,0,_,thing
13,1,are,0,0,_,be
13,1,placed,1,1,Placing,place
13,1,in,1,0,_,in
13,1,time,0,0,_,time
13,1,with,1,0,_,with
13,1,reference,0,0,_,reference
13,1,to,1,0,_,to
13,1,order,0,0,_,order
13,1,of,0,0,_,of
13,1,succession,0,0,_,succession
13,1,and,0,0,_,and
13,1,in,0,0,_,in
13,1,space,0,0,_,space
13,1,with,1,0,_,with
13,1,reference,0,0,_,reference
13,1,to,1,0,_,to
13,1,order,0,0,_,order
14,0,overused,0,0,_,overused
14,0,.,0,0,_,.
14,1,There,0,0,Existence,there
14,1,are,0,0,Existence,be
14,1,so,0,0,_,so
14,1,many,0,0,Quantified_mass,many
14,1,more,0,0,Increment,more
14,1,",",0,0,_,","
14,1,each,0,0,_,each
14,1,hitched,1,1,_,hitch
14,1,to,1,0,_,to
14,1,some,0,0,Proportional_quantity,some
14,1,distant,0,0,Locative_relation,distant
14,1,point,0,0,Locale,point
14,1,and,0,0,_,and
14,1,place,0,0,Locale,place
14,1,in,1,0,_,in
14,1,time,0,0,_,time
14,1,",",0,0,_,","
14,1,such,0,0,_,such
14,1,as,0,0,_,as
14,1,the,0,0,_,the
14,1,Aviateur,0,0,_,Aviateur
14,1,Bleriot,0,0,_,Bleriot
14,1,",",0,0,_,","
14,1,bred,0,0,_,breed
14,1,in,0,0,Interior_profile_relation,in
14,1,France,0,0,_,France
14,1,around,1,0,_,around
14,1,the,0,0,_,the
14,1,time,0,0,_,time
15,0,U,0,0,_,U
15,0,P,0,0,_,p
15,0,",",0,0,_,","
15,0,1980,0,0,_,1980
15,0,),0,0,_,)
15,0,;,0,0,_,;
15,0,Darrett,0,0,_,Darrett
15,0,B.,0,0,_,B.
15,0,Rutman,0,0,_,Rutman
15,0,and,0,0,_,and
15,0,Anita,0,0,_,Anita
15,0,H.,0,0,_,H.
15,0,Rutman,0,0,_,Rutman
15,0,",",0,0,_,","
15,0,A,0,0,_,a
15,0,Place,0,0,Locale,place
15,0,in,1,0,_,in
15,0,Time,0,0,_,time
15,0,:,0,0,_,:
15,0,Middlesex,0,0,_,Middlesex
15,0,County,0,0,_,county
15,0,",",0,0,_,","
15,0,Virginia,0,0,_,Virginia
15,0,",",0,0,_,","
15,0,1650-1720,0,0,_,1650
15,0,(,0,0,_,(
15,0,New,0,0,_,new
15,0,York,0,0,_,york
15,0,:,0,0,_,:
15,0,W.,0,0,_,W.
15,0,W,0,0,_,W
15,0,.,0,0,_,.
16,0,",",0,0,_,","
16,0,Okla.,0,0,_,Okla.
16,0,",",0,0,_,","
16,0,1969,0,0,_,1969
16,0,),0,0,_,)
16,0,;,0,0,_,;
16,0,Darrett,0,0,_,Darrett
16,0,B.,0,0,_,B.
16,0,Rutman,0,0,_,Rutman
16,0,and,0,0,_,and
16,0,Anita,0,0,_,Anita
16,0,H.,0,0,_,H.
16,0,Rutman,0,0,_,Rutman
16,0,",",0,0,_,","
16,0,A,0,0,_,a
16,0,Place,0,0,Locale,place
16,0,in,1,0,_,in
16,0,Time,0,0,_,time
16,0,:,0,0,_,:
16,0,Middlesex,0,0,_,Middlesex
16,0,County,0,0,Political_locales,county
16,0,",",0,0,_,","
16,0,Virginia,0,0,_,Virginia
16,0,",",0,0,_,","
16,0,1650-1750,0,0,_,1650
16,0,(,0,0,_,(
16,0,New,0,0,_,new
16,0,York,0,0,_,york
16,0,",",0,0,_,","
16,0,1984,0,0,_,1984
16,0,),0,0,_,)
17,0,free,1,0,Expensiveness,free
17,0,(,0,0,_,(
17,0,assuming,1,0,Certainty,assume
17,0,you,0,0,_,you
17,0,leave,0,0,Departing,leave
17,0,without,1,0,_,without
17,0,buying,0,0,Commerce_buy,buy
17,0,something,0,0,_,something
17,0,),0,0,_,)
17,0,.,0,0,_,.
17,1,Three,0,0,Cardinal_numbers,three
17,1,of,0,0,Partitive,of
17,1,our,0,0,_,our
17,1,favorites,0,0,_,favorite
17,1,are,0,0,_,be
17,1,located,0,0,Being_located,locate
17,1,in,0,0,Interior_profile_relation,in
17,1,Times,0,0,_,time
17,1,Square,0,0,_,square
17,1,.,0,0,_,.
17,2,M,0,0,_,M
17,2,&,0,0,_,&
17,2,M,0,0,_,M
17,2,'s,0,0,_,be
17,2,;,0,0,_,;
17,2,World,1,1,_,world
17,2,at,0,0,Locative_relation,at
17,2,48th,0,0,_,48th
17,2,Street,0,0,_,street
17,2,is,0,0,_,be
17,2,a,0,0,_,a
17,2,chocolate,0,0,Food,chocolate
17,2,lovers,0,0,Experiencer_focus,lover
17,2,',0,0,_,'
18,0,the,0,0,_,the
18,0,appearances,0,0,Give_impression,appearance
18,0,",",0,0,_,","
18,0,as,0,0,_,as
18,0,Kant,0,0,_,Kant
18,0,now,0,0,Temporal_collocation,now
18,0,calls,1,0,Labeling,call
18,0,them,0,0,_,they
18,0,",",0,0,_,","
18,0,which,0,0,_,which
18,0,the,0,0,_,the
18,0,synthesis,1,1,Intentionally_create,synthesis
18,0,of,0,0,_,of
18,0,apprehension,0,0,Fear,apprehension
18,0,has,0,0,_,have
18,0,located,1,1,Being_located,locate
18,0,in,1,0,_,in
18,0,time,0,0,_,time
18,0,.,0,0,_,.
18,1,At,1,0,_,at
18,1,first,0,0,_,first
18,1,glance,0,0,Perception_active,glance
18,1,",",0,0,_,","
18,1,the,0,0,_,the
18,1,synthesis,1,1,Intentionally_create,synthesis
18,1,of,0,0,_,of
18,1,reproduction,0,0,_,reproduction
18,1,looks,0,0,Give_impression,look
18,1,very,0,0,_,very
18,1,much,0,0,_,much
18,1,like,0,0,Similarity,like
19,0,makes,1,0,Causation,make
19,0,it,0,0,_,it
19,0,``,0,0,_,`
19,0,more,0,0,_,more
19,0,likely,0,0,Likelihood,likely
19,0,that,0,0,_,that
19,0,killers,0,0,Killing,killers
19,0,like,0,0,Similarity,like
19,0,these,1,0,_,these
19,0,9/11,0,0,_,9/11
19,0,hijackers,0,0,_,hijacker
19,0,will,0,0,_,will
19,0,be,0,0,_,be
19,0,identified,0,0,Verification,identify
19,0,and,0,0,_,and
19,0,located,0,0,Being_located,locate
19,0,in,1,0,_,in
19,0,time.,0,0,_,time
19,0,``,0,0,_,`
19,1,G.O.P,0,0,_,g.o.p
19,1,.,0,0,_,.
19,2,strategists,0,0,_,strategist
19,2,argue,0,0,Reasoning,argue
19,2,that,0,0,_,that
19,2,Democrats,0,0,_,Democrats
19,2,have,1,0,Possession,have
19,2,little,0,0,_,little
19,2,leeway,1,1,_,leeway
19,2,to,0,0,_,to
19,2,attack,1,0,Attack,attack
19,2,on,1,0,_,on
20,0,authorized,0,0,Deny_or_grant_permission,authorize
20,0,make,1,0,Causation,make
20,0,it,0,0,_,it
20,0,more,0,0,_,more
20,0,likely,0,0,Likelihood,likely
20,0,that,0,0,_,that
20,0,killers,0,0,Killing,killers
20,0,like,0,0,Similarity,like
20,0,these,1,0,_,these
20,0,9/11,0,0,_,9/11
20,0,hijackers,0,0,_,hijacker
20,0,will,0,0,_,will
20,0,be,0,0,_,be
20,0,identified,0,0,Verification,identify
20,0,and,0,0,_,and
20,0,located,0,0,Being_located,locate
20,0,in,1,0,_,in
20,0,time,0,0,_,time
20,0,",",0,0,_,","
20,0,and,0,0,_,and
20,0,the,0,0,_,the
20,0,activities,0,0,Intentionally_act,activity
20,0,conducted,0,0,Intentionally_act,conduct
20,0,under,1,0,_,under
20,0,this,1,0,_,this
20,0,authorization,0,0,Deny_or_grant_permission,authorization
20,0,have,0,0,_,have
20,0,helped,0,0,Assistance,help
20,0,detect,0,0,Becoming_aware,detect
20,0,and,0,0,_,and
20,0,prevent,0,0,Preventing_or_letting,prevent
21,0,abolition,0,0,Removing,abolition
21,0,of,0,0,_,of
21,0,public,0,0,_,public
21,0,space,0,0,_,space
21,0,.,0,0,_,.
21,1,Describing,0,0,Statement,describe
21,1,a,0,0,_,a
21,1,1973,0,0,_,1973
21,1,Portman,0,0,_,Portman
21,1,proposal,0,0,Statement,proposal
21,1,for,0,0,_,for
21,1,a,0,0,_,a
21,1,hotel,0,0,Buildings,hotel
21,1,to,0,0,_,to
21,1,be,0,0,_,be
21,1,located,0,0,Being_located,locate
21,1,in,0,0,Interior_profile_relation,in
21,1,Times,0,0,_,time
21,1,Square,0,0,_,square
21,1,",",0,0,_,","
21,1,one,0,0,Cardinal_numbers,one
21,1,commentator,0,0,_,commentator
21,1,wrote,0,0,Statement,write
21,1,that,0,0,_,that
21,1,the,0,0,_,the
21,1,visitor,0,0,Visiting,visitor
21,1,``,0,0,_,`
21,1,is,0,0,_,be
21,1,contained,1,1,Containing,contain
21,1,in,0,0,_,in
21,1,a,0,0,_,a
22,0,distinguish,0,0,Differentiation,distinguish
22,0,different,0,0,Similarity,different
22,0,versions,0,0,Type,version
22,0,",",0,0,_,","
22,0,and,0,0,_,and
22,0,in,0,0,_,in
22,0,recognition,0,0,Becoming_aware,recognition
22,0,of,0,0,_,of
22,0,the,0,0,_,the
22,0,importance,0,0,Importance,importance
22,0,to,1,0,_,to
22,0,him,0,0,_,he
22,0,of,0,0,_,of
22,0,particular,0,0,Idiosyncrasy,particular
22,0,experiences,0,0,Perception_experience,experience
22,0,located,1,1,Being_located,locate
22,0,in,1,0,_,in
22,0,time,0,0,_,time
22,0,",",0,0,_,","
22,0,many,0,0,Quantified_mass,many
22,0,of,0,0,Partitive,of
22,0,the,0,0,_,the
22,0,titles,0,0,Being_named,title
22,0,give,1,0,_,give
22,0,seasons,0,0,Calendric_unit,season
22,0,and,0,0,_,and
22,0,times,0,0,_,time
22,0,of,0,0,_,of
22,0,day,0,0,Calendric_unit,day
22,0,.,0,0,_,.
22,1,But,0,0,_,but
23,0,in,1,0,_,in
23,0,effective,0,0,Usefulness,effective
23,0,areal,0,0,_,areal
23,0,density,0,0,_,density
23,0,.,0,0,_,.
23,1,#,0,0,_,#
23,1,We,0,0,_,we
23,1,can,0,0,Capability,can
23,1,also,0,0,_,also
23,1,analyze,0,0,Scrutiny,analyze
23,1,how,0,0,_,how
23,1,accurately,0,0,_,accurately
23,1,the,0,0,_,the
23,1,peaks,0,0,_,peak
23,1,are,0,0,_,be
23,1,located,0,0,Being_located,locate
23,1,in,0,0,_,in
23,1,time,0,0,_,time
23,1,or,0,0,_,or
23,1,space,0,0,_,space
23,1,to,0,0,_,to
23,1,determine,0,0,Contingency,determine
23,1,the,0,0,_,the
23,1,timing,0,0,_,timing
23,1,error,0,0,_,error
23,1,(,0,0,_,(
23,1,``,0,0,_,`
23,1,jitter,0,0,_,jitter
23,1,``,0,0,_,`
23,1,),0,0,_,)
23,1,.,0,0,_,.
24,0,ambiguous,0,0,_,ambiguous
24,0,or,0,0,_,or
24,0,equivocal,0,0,_,equivocal
24,0,meanings,0,0,_,meaning
24,0,;,0,0,_,;
24,0,authors,0,0,Text,author
24,0,are,0,0,_,be
24,0,not,0,0,_,not
24,0,disembodied,0,0,_,disembodied
24,0,literary,0,0,Fields,literary
24,0,souls,1,1,_,soul
24,0,but,0,0,_,but
24,0,are,0,0,_,be
24,0,human,0,0,People,human
24,0,beings,0,0,People,being
24,0,located,1,1,Being_located,locate
24,0,in,1,0,_,in
24,0,time,0,0,_,time
24,0,",",0,0,_,","
24,0,class,0,0,Type,class
24,0,",",0,0,_,","
24,0,and,0,0,_,and
24,0,society,0,0,_,society
24,0,;,0,0,_,;
24,0,scientific,0,0,_,scientific
24,0,certainty,0,0,Certainty,certainty
24,0,is,0,0,_,be
24,0,a,0,0,_,a
24,0,rarity,0,0,_,rarity
24,0,",",0,0,_,","
24,0,paradigms,0,0,_,paradigm
25,0,Anthropologists,0,0,_,anthropologist
25,0,have,0,0,_,have
25,0,characteristically,0,0,Distinctiveness,characteristically
25,0,talked,0,0,Statement,talk
25,0,about,1,0,Topic,about
25,0,cultures,0,0,_,culture
25,0,as,0,0,_,as
25,0,more,0,0,_,more
25,0,or,0,0,_,or
25,0,less,0,0,_,less
25,0,bounded,1,1,_,bound
25,0,units,0,0,_,unit
25,0,which,0,0,_,which
25,0,could,0,0,Possibility,could
25,0,be,0,0,_,be
25,0,located,0,0,Being_located,locate
25,0,in,1,0,_,in
25,0,time,0,0,_,time
25,0,and,0,0,_,and
25,0,space,0,0,_,space
25,0,and,0,0,_,and
25,0,sometimes,0,0,Frequency,sometimes
25,0,ranked,0,0,Assessing,rank
25,0,with,1,0,_,with
25,0,respect,0,0,_,respect
25,0,to,1,0,_,to
25,0,one,0,0,_,one
25,0,another,0,0,_,another
25,0,.,0,0,_,.
25,1,These,1,0,_,these
25,1,older,0,0,Age,old
26,0,the,0,0,_,the
26,0,nondirective,0,0,_,nondirective
26,0,approach,0,0,Means,approach
26,0,.,0,0,_,.
26,1,#,0,0,_,#
26,1,Perhaps,0,0,_,perhaps
26,1,her,0,0,_,she
26,1,unique,0,0,Idiosyncrasy,unique
26,1,theoretical,0,0,_,theoretical
26,1,contribution,1,1,_,contribution
26,1,has,0,0,_,have
26,1,been,0,0,_,be
26,1,the,0,0,_,the
26,1,emphasis,1,1,Emphasizing,emphasis
26,1,she,0,0,_,she
26,1,places,1,0,_,place
26,1,on,1,0,_,on
26,1,time,0,0,_,time
26,1,as,0,0,_,as
26,1,representing,0,0,Communicate_categorization,represent
26,1,the,0,0,_,the
26,1,whole,1,0,Ranked_expectation,whole
26,1,problem,0,0,Predicament,problem
26,1,of,0,0,_,of
26,1,living,0,0,Residence,live
26,1,and,0,0,_,and
26,1,of,0,0,_,of
26,1,therapy,0,0,Cure,therapy
26,1,.,0,0,_,.
26,2,It,0,0,_,it
26,2,would,0,0,_,would
27,0,our,0,0,_,our
27,0,modern,0,0,Temporal_collocation,modern
27,0,",",0,0,_,","
27,0,fast-paced,0,0,Speed_description,fast
27,0,culture,0,0,_,culture
27,0,of,0,0,_,of
27,0,today,0,0,Temporal_collocation,today
27,0,",",0,0,_,","
27,0,I,0,0,_,I
27,0,mourn,0,0,Experiencer_focus,mourn
27,0,the,0,0,_,the
27,0,lack,0,0,Possession,lack
27,0,of,0,0,_,of
27,0,the,0,0,_,the
27,0,importance,0,0,Importance,importance
27,0,placed,1,1,_,place
27,0,on,1,0,_,on
27,0,time,0,0,_,time
27,0,to,0,0,_,to
27,0,sit,0,0,Posture,sit
27,0,and,0,0,_,and
27,0,dream,0,0,_,dream
27,0,",",0,0,_,","
27,0,time,0,0,_,time
27,0,to,0,0,_,to
27,0,be,0,0,_,be
27,0,with,0,0,_,with
27,0,one,0,0,_,one
27,0,another,0,0,_,another
27,0,",",0,0,_,","
27,0,without,1,0,_,without
28,0,The,0,0,_,the
28,0,only,0,0,Sole_instance,only
28,0,value,1,1,Usefulness,value
28,0,I,0,0,_,I
28,0,would,0,0,_,would
28,0,say,0,0,Statement,say
28,0,was,0,0,_,be
28,0,better,0,0,Desirability,well
28,0,was,0,0,_,be
28,0,that,0,0,_,that
28,0,there,0,0,Existence,there
28,0,was,0,0,Existence,be
28,0,a,0,0,_,a
28,0,significant,0,0,Importance,significant
28,0,value,1,1,Usefulness,value
28,0,placed,1,1,_,place
28,0,on,1,0,_,on
28,0,time,0,0,_,time
28,0,.,0,0,_,.
28,1,Since,0,0,Causation,since
28,1,life,0,0,_,life
28,1,WAS,0,0,_,be
28,1,shorter,1,1,Duration_description,short
28,1,.,0,0,_,.
28,2,People,0,0,People,People
28,2,in,1,0,Interior_profile_relation,in
28,2,the,0,0,_,the
28,2,middle,0,0,_,middle
28,2,classes,0,0,Aggregate,class
28,2,who,0,0,_,who
28,2,had,0,0,Possession,have
29,0,and,0,0,_,and
29,0,57,0,0,_,57
29,0,percent,0,0,_,percent
29,0,for,0,0,_,for
29,0,more,0,0,Increment,more
29,0,time,0,0,Measure_duration,time
29,0,to,0,0,_,to
29,0,relax,0,0,Stimulus_focus,relax
29,0,.,0,0,_,.
29,1,#,0,0,_,#
29,1,Given,0,0,_,give
29,1,the,0,0,_,the
29,1,premium,1,1,_,premium
29,1,that,0,0,_,that
29,1,people,0,0,People,people
29,1,place,1,0,Placing,place
29,1,on,1,0,_,on
29,1,time,0,0,_,time
29,1,",",0,0,_,","
29,1,researchers,0,0,People_by_vocation,researcher
29,1,of,0,0,_,of
29,1,many,0,0,Quantified_mass,many
29,1,disciplines,0,0,Fields,discipline
29,1,are,0,0,_,be
29,1,studying,0,0,Scrutiny,study
29,1,its,0,0,_,its
29,1,effect,0,0,Objective_influence,effect
29,1,on,1,0,_,on
29,1,culture,0,0,_,culture
29,1,.,0,0,_,.
29,2,Chronobiologists,0,0,_,chronobiologist
30,0,fragile,1,1,_,fragile
30,0,movement,1,1,_,movement
30,0,",",0,0,_,","
30,0,a,0,0,_,a
30,0,readjustment,1,1,_,readjustment
30,0,amid,1,0,Interior_profile_relation,amid
30,0,that,1,0,_,that
30,0,timeless,0,0,_,timeless
30,0,lethargy,0,0,_,lethargy
30,0,.,0,0,_,.
30,1,The,0,0,_,the
30,1,faint,1,1,_,faint
30,1,perception,0,0,Awareness,perception
30,1,of,0,0,_,of
30,1,something,0,0,_,something
30,1,located,1,1,Being_located,locate
30,1,outside,1,0,_,outside
30,1,time,0,0,_,time
30,1,but,0,0,_,but
30,1,that,0,0,_,that
30,1,nevertheless,0,0,_,nevertheless
30,1,seemed,0,0,Give_impression,seem
30,1,immersed,1,1,Participation,immerse
30,1,in,1,0,_,in
30,1,it,0,0,_,it
30,1,",",0,0,_,","
30,1,that,0,0,_,that
30,1,in,1,0,_,in
30,1,some,0,0,_,some
30,1,way,1,0,_,way
30,1,had,0,0,_,have
31,0,s,0,0,_,s
31,0,up,0,0,_,up
31,0,?,0,0,_,?
31,1,-,0,0,_,-
31,1,What,0,0,_,what
31,1,'s,0,0,_,be
31,1,up,1,0,_,up
31,1,is,0,0,_,be
31,1,you,0,0,_,you
31,1,'re,0,0,_,be
31,1,late,0,0,Relative_time,late
31,1,",",0,0,_,","
31,1,We,0,0,_,we
31,1,gon,0,0,_,gon
31,1,na,0,0,_,na
31,1,dwell,1,1,_,dwell
31,1,on,1,0,_,on
31,1,time,0,0,_,time
31,1,or,0,0,_,or
31,1,we,0,0,_,we
31,1,gon,0,0,_,gon
31,1,na,0,0,_,na
31,1,do,0,0,Intentionally_act,do
31,1,this,1,0,_,this
31,1,deal,1,1,Make_agreement_on_action,deal
31,1,?,0,0,_,?
31,2,-,0,0,_,-
31,2,Pasale,0,0,_,pasale
31,2,bascula,0,0,_,bascula
31,2,.,0,0,_,.
31,3,-,0,0,_,-
32,0,the,0,0,_,the
32,0,sultan,0,0,Leadership,sultan
32,0,of,0,0,_,of
32,0,splat,0,0,_,splat
32,0,.,0,0,_,.
32,1,One,0,0,_,one
32,1,must,0,0,Required_event,must
32,1,admit,1,0,Reveal_secret,admit
32,1,",",0,0,_,","
32,1,it,0,0,_,it
32,1,can,0,0,Possibility,can
32,1,be,0,0,_,be
32,1,somewhat,0,0,Degree,somewhat
32,1,difficult,0,0,Difficulty,difficult
32,1,to,0,0,_,to
32,1,locate,0,0,Locating,locate
32,1,at,1,0,Temporal_collocation,at
32,1,times,0,0,Frequency,time
32,1,.,0,0,_,.
32,2,Hang,1,1,_,hang
32,2,on,1,0,_,on
32,2,.,0,0,_,.
32,3,Hang,1,1,_,hang
32,3,on,1,0,_,on
32,3,.,0,0,_,.
32,4,Why,0,0,_,why
32,4,were,0,0,_,be
32,4,you,0,0,_,you
32,4,not,0,0,_,not
32,4,in,0,0,Interior_profile_relation,in
32,4,the,0,0,_,the
33,0,``,0,0,_,`
33,0,America,0,0,_,America
33,0,that,0,0,_,that
33,0,prevented,1,0,Preventing_or_letting,prevent
33,0,them,0,0,_,they
33,0,from,1,0,_,from
33,0,seeing,1,0,Grasp,see
33,0,that,0,0,_,that
33,0,a,0,0,_,a
33,0,greater,1,1,_,great
33,0,*,0,0,_,*
33,0,*,0,0,_,*
33,0,26,0,0,_,26
33,0,;,0,0,_,;
33,0,24940,0,0,_,24940
33,0,;,0,0,_,;
33,0,TOOLONG,0,0,_,TOOLONG
33,0,priority,0,0,_,priority
33,0,should,0,0,Desirable_event,should
33,0,have,0,0,_,have
33,0,been,0,0,_,be
33,0,placed,1,1,_,place
33,0,on,1,0,_,on
33,0,actions,0,0,Intentionally_act,action
33,0,to,0,0,_,to
33,0,stimulate,1,1,Subjective_influence,stimulate
33,0,employment,0,0,Being_employed,employment
33,0,and,0,0,_,and
33,0,stemming,1,1,Preventing_or_letting,stem
33,0,the,0,0,_,the
33,0,tide,1,1,_,tide
33,0,of,0,0,_,of
33,0,rising,1,1,Change_position_on_a_scale,rise
33,0,home,0,0,Buildings,home
33,0,foreclosures,0,0,Removing,foreclosure
33,0,instead,0,0,_,instead
33,0,of,0,0,_,of
34,0,the,0,0,_,the
34,0,Bolshevik,0,0,_,bolshevik
34,0,revolution,0,0,Change_of_leadership,revolution
34,0,and,0,0,_,and
34,0,World,0,0,Political_locales,world
34,0,War,0,0,Hostile_encounter,war
34,0,I,0,0,_,I
34,0,.,0,0,_,.
34,1,(,0,0,_,(
34,1,n2,0,0,_,n2
34,1,),0,0,_,)
34,1,Yet,0,0,_,yet
34,1,the,0,0,_,the
34,1,importance,0,0,Importance,importance
34,1,that,0,0,_,that
34,1,Fascism,0,0,_,fascism
34,1,placed,1,1,_,place
34,1,on,1,0,_,on
34,1,action,0,0,Intentionally_act,action
34,1,as,0,0,_,as
34,1,``,0,0,_,`
34,1,revolution,1,1,Change_of_leadership,revolution
34,1,``,0,0,_,`
34,1,is,0,0,_,be
34,1,also,0,0,_,also
34,1,found,1,0,Locating,find
34,1,in,1,0,_,in
34,1,the,0,0,_,the
34,1,ideas,0,0,_,idea
34,1,of,0,0,_,of
34,1,Corradini,0,0,_,Corradini
34,1,and,0,0,_,and
35,0,"24,000",0,0,_,"24,000"
35,0,children,0,0,People_by_age,child
35,0,a,0,0,_,a
35,0,year,0,0,Calendric_unit,year
35,0,receive,0,0,Receiving,receive
35,0,medical,0,0,_,medical
35,0,treatment,0,0,Cure,treatment
35,0,.,0,0,_,.
35,1,#,0,0,_,#
35,1,I,0,0,_,I
35,1,point,1,0,Becoming_aware,point
35,1,this,1,0,_,this
35,1,out,1,0,Becoming_aware,out
35,1,because,0,0,Causation,because
35,1,media,0,0,_,medium
35,1,dwells,1,1,Topic,dwell
35,1,on,1,0,_,on
35,1,actions,0,0,Intentionally_act,action
35,1,like,0,0,_,like
35,1,took,1,0,Event,take
35,1,place,1,0,Event,place
35,1,Sunday,0,0,Calendric_unit,Sunday
35,1,that,0,0,_,that
35,1,reinforce,1,1,_,reinforce
35,1,their,0,0,_,their
35,1,smug,0,0,_,smug
35,1,opinion,0,0,Opinion,opinion
35,1,of,0,0,_,of
35,1,racing,0,0,_,racing
35,1,as,0,0,_,as
35,1,nothing,0,0,_,nothing
36,0,limits,1,1,_,limit
36,0,on,1,0,_,on
36,0,the,0,0,_,the
36,0,amount,0,0,Quantified_mass,amount
36,0,of,0,0,_,of
36,0,time,0,0,Measure_duration,time
36,0,an,0,0,_,an
36,0,already,0,0,Time_vector,already
36,0,failed,1,1,Successful_action,fail
36,0,diplomatic,0,0,_,diplomatic
36,0,track,1,1,_,track
36,0,would,0,0,_,would
36,0,be,0,0,_,be
36,0,allowed,0,0,Preventing_or_letting,allow
36,0,to,0,0,_,to
36,0,linger,1,1,Duration_description,linger
36,0,before,0,0,Time_vector,before
36,0,action,0,0,Intentionally_act,action
36,0,was,0,0,_,be
36,0,taken,1,0,_,take
36,0,.,0,0,_,.
36,1,#,0,0,_,#
36,1,All,0,0,_,all
36,1,of,0,0,_,of
36,1,which,0,0,_,which
36,1,is,0,0,_,be
36,1,to,0,0,_,to
36,1,say,1,0,Statement,say
36,1,that,0,0,_,that
36,1,the,0,0,_,the
36,1,president,0,0,Leadership,president
37,0,firmly,1,1,_,firmly
37,0,hold,0,0,Manipulation,hold
37,0,the,0,0,_,the
37,0,destalked,0,0,_,destalke
37,0,blades,0,0,_,blade
37,0,in,0,0,Interior_profile_relation,in
37,0,her,0,0,_,she
37,0,right,0,0,Part_orientational,right
37,0,hand,0,0,Body_parts,hand
37,0,without,1,0,_,without
37,0,restricting,1,1,Deny_or_grant_permission,restrict
37,0,her,0,0,_,she
37,0,thumb,0,0,Body_parts,thumb
37,0,and,0,0,_,and
37,0,index,0,0,Body_parts,index
37,0,linger,0,0,Visiting,linger
37,0,for,0,0,_,for
37,0,action,0,0,Intentionally_act,action
37,0,",",0,0,_,","
37,0,she,0,0,_,she
37,0,repeats,0,0,Activity_ongoing,repeat
37,0,the,0,0,_,the
37,0,whole,1,0,Ranked_expectation,whole
37,0,stripping,0,0,Removing,strip
37,0,and,0,0,_,and
37,0,fearing,0,0,Experiencer_focus,fear
37,0,process,0,0,Process,process
37,0,on,0,0,_,on
37,0,two,0,0,Cardinal_numbers,two
37,0,more,0,0,Increment,more
37,0,stems,0,0,_,stem
38,0,with,1,0,_,with
38,0,one,0,0,Cardinal_numbers,one
38,0,common,0,0,_,common
38,0,criterion,0,0,_,criterion
38,0,that,0,0,_,that
38,0,can,0,0,Capability,can
38,0,be,0,0,_,be
38,0,used,0,0,Using,use
38,0,to,0,0,_,to
38,0,compare,0,0,Evaluative_comparison,compare
38,0,all,0,0,Quantified_mass,all
38,0,applicants,0,0,_,applicant
38,0,.,0,0,_,.
38,1,The,0,0,_,the
38,1,weight,1,1,_,weight
38,1,placed,1,1,Placing,place
38,1,on,1,0,_,on
38,1,ACT,0,0,_,ACT
38,1,scores,0,0,_,score
38,1,varies,0,0,Similarity,vary
38,1,from,1,0,_,from
38,1,school,0,0,Locale_by_use,school
38,1,to,1,0,_,to
38,1,school,0,0,Locale_by_use,school
38,1,.,0,0,_,.
38,2,Other,0,0,Increment,other
38,2,important,0,0,Importance,important
38,2,factors,0,0,Contingency,factor
38,2,that,0,0,_,that
38,2,schools,0,0,Locale_by_use,school
38,2,consider,1,0,Cogitation,consider
39,0,but,0,0,Concessive,but
39,0,they,0,0,_,they
39,0,do,0,0,_,do
39,0,n't,0,0,_,not
39,0,become,0,0,Becoming,become
39,0,legitimate,0,0,Legality,legitimate
39,0,evidence,0,0,Evidence,evidence
39,0,until,0,0,Time_vector,until
39,0,they,0,0,_,they
39,0,can,0,0,_,can
39,0,at,0,0,_,at
39,0,least,0,0,_,least
39,0,be,0,0,_,be
39,0,shown,1,0,Evidence,show
39,0,via,1,0,_,via
39,0,communication,0,0,Communication,communication
39,0,.,0,0,_,.
39,1,#,0,0,_,#
39,1,Up,1,0,Continued_state_of_affairs,up
39,1,till,1,0,_,till
39,1,now,0,0,_,now
39,1,I,0,0,_,I
39,1,have,0,0,_,have
39,1,tried,0,0,Attempt,try
39,1,to,0,0,_,to
39,1,use,0,0,Using,use
39,1,objectively,0,0,_,objectively
39,1,verifiable,0,0,Verification,verifiable
39,1,arguments,0,0,Reasoning,argument
39,1,.,0,0,_,.
39,2,The,0,0,_,the
40,0,Jews,0,0,_,Jews
40,0,who,0,0,_,who
40,0,are,0,0,_,be
40,0,not,0,0,_,not
40,0,Christians,0,0,People_by_religion,Christians
40,0,.,0,0,_,.
40,1,#,0,0,_,#
40,1,by,0,0,_,by
40,1,a,0,0,_,a
40,1,weird,0,0,Idiosyncrasy,weird
40,1,coincident,0,0,_,coincident
40,1,Set,0,0,_,set
40,1,B,0,0,_,b
40,1,is,0,0,_,be
40,1,entirely,0,0,_,entirely
40,1,contained,1,1,Containing,contain
40,1,in,1,0,Interior_profile_relation,in
40,1,set,0,0,_,set
40,1,C,0,0,_,C
40,1,and,0,0,_,and
40,1,set,0,0,_,set
40,1,D,0,0,_,d
40,1,is,0,0,_,be
40,1,entirely,0,0,_,entirely
40,1,set,1,0,_,set
40,1,in,1,0,Interior_profile_relation,in
40,1,group,0,0,Aggregate,group
40,1,A.,0,0,_,a.
40,1,Amazing,0,0,Stimulus_focus,amazing
40,1,",",0,0,_,","
40,1,is,0,0,_,be
41,0,governmental,0,0,Leadership,governmental
41,0,intervention,0,0,Assistance,intervention
41,0,.,0,0,_,.
41,1,Thus,0,0,_,thus
41,1,",",0,0,_,","
41,1,it,0,0,_,it
41,1,too,0,0,_,too
41,1,was,0,0,_,be
41,1,a,0,0,_,a
41,1,real,0,0,Existence,real
41,1,revolution,1,1,Change_of_leadership,revolution
41,1,",",0,0,_,","
41,1,though,0,0,Concessive,though
41,1,not,0,0,Negation,not
41,1,as,0,0,_,as
41,1,contained,1,1,Containing,contain
41,1,in,1,0,_,in
41,1,time,0,0,_,time
41,1,as,0,0,_,as
41,1,the,0,0,_,the
41,1,first,0,0,Ordinal_numbers,first
41,1,.,0,0,_,.
41,2,It,0,0,_,it
41,2,took,1,0,_,take
41,2,the,0,0,_,the
41,2,Civil,0,0,_,civil
41,2,War,0,0,Hostile_encounter,war
41,2,",",0,0,_,","
41,2,the,0,0,_,the
41,2,industrialization,0,0,_,industrialization
41,2,of,0,0,_,of
42,0,hundreds,0,0,Quantified_mass,hundred
42,0,of,0,0,_,of
42,0,small,0,0,Size,small
42,0,fires,0,0,Fire_burning,fire
42,0,",",0,0,_,","
42,0,any,0,0,_,any
42,0,of,0,0,_,of
42,0,which,0,0,_,which
42,0,could,0,0,Capability,could
42,0,flare,0,0,Catching_fire,flare
42,0,out,0,0,_,out
42,0,of,0,0,_,of
42,0,control,0,0,_,control
42,0,if,0,0,_,if
42,0,not,0,0,_,not
42,0,contained,0,0,_,contain
42,0,in,1,0,_,in
42,0,time,0,0,_,time
42,0,.,0,0,_,.
42,1,Besides,0,0,_,besides
42,1,the,0,0,_,the
42,1,fires,0,0,Fire_burning,fire
42,1,",",0,0,_,","
42,1,a,0,0,_,a
42,1,wave,1,1,Quantified_mass,wave
42,1,of,0,0,_,of
42,1,looting,0,0,Theft,loot
42,1,",",0,0,_,","
42,1,robbery,0,0,Theft,robbery
42,1,",",0,0,_,","
42,1,and,0,0,_,and
43,0,every,0,0,_,every
43,0,bite,0,0,Part_piece,bite
43,0,and,0,0,_,and
43,0,become,0,0,Becoming,become
43,0,conscious,0,0,Awareness,conscious
43,0,of,0,0,_,of
43,0,the,0,0,_,the
43,0,flavors,0,0,_,flavor
43,0,so,0,0,_,so
43,0,that,0,0,_,that
43,0,she,0,0,_,she
43,0,was,0,0,_,be
43,0,n't,0,0,_,not
43,0,eating,0,0,Ingestion,eat
43,0,without,1,0,_,without
43,0,thinking,0,0,Awareness,think
43,0,.,0,0,_,.
43,1,#,0,0,_,#
43,1,Oh,0,0,_,oh
43,1,",",0,0,_,","
43,1,and,0,0,_,and
43,1,she,0,0,_,she
43,1,'s,0,0,_,be
43,1,beautiful,0,0,Aesthetics,beautiful
43,1,",",0,0,_,","
43,1,in,1,0,_,in
43,1,great,1,0,_,great
43,1,physical,0,0,_,physical
43,1,shape,0,0,Shapes,shape
43,1,",",0,0,_,","
43,1,very,0,0,Degree,very
44,0,and,0,0,_,and
44,0,Catholic,0,0,People_by_religion,catholic
44,0,",",0,0,_,","
44,0,a,0,0,_,a
44,0,South,0,0,_,south
44,0,African,0,0,_,african
44,0,rapprochement,0,0,_,rapprochement
44,0,Irish-style,0,0,_,irish
44,0,.,0,0,_,.
44,1,#,0,0,_,#
44,1,The,0,0,_,the
44,1,publicity,0,0,_,publicity
44,1,itself,0,0,_,itself
44,1,gorged,1,1,_,gorge
44,1,on,1,0,_,on
44,1,speculation,0,0,_,speculation
44,1,and,0,0,_,and
44,1,soared,1,1,Self_motion,soar
44,1,to,1,0,_,to
44,1,the,0,0,_,the
44,1,giddy,1,1,Emotion_directed,giddy
44,1,heights,1,1,_,height
44,1,of,0,0,_,of
44,1,hype,0,0,_,hype
44,1,;,0,0,_,;
44,1,someone,0,0,_,someone
44,1,even,0,0,_,even
44,1,suggested,0,0,Statement,suggest
44,1,a,0,0,_,a
44,1,Nobel,0,0,_,Nobel
44,1,Peace,0,0,_,peace
45,0,I,0,0,_,I
45,0,correct,0,0,_,correct
45,0,in,1,0,_,in
45,0,saying,0,0,Statement,say
45,0,that,0,0,_,that
45,0,you,0,0,_,you
45,0,have,0,0,_,have
45,0,come,0,0,Arriving,come
45,0,here,0,0,Locative_relation,here
45,0,today,0,0,Temporal_collocation,today
45,0,because,0,0,Causation,because
45,0,you,0,0,_,you
45,0,are,0,0,_,be
45,0,suffering,0,0,Catastrophe,suffer
45,0,from,1,0,_,from
45,0,feelings,1,1,Feeling,feeling
45,0,of,0,0,_,of
45,0,neglect,0,0,_,neglect
45,0,?,0,0,_,?
45,0,``,0,0,_,`
45,1,``,0,0,_,`
45,1,Yeah.,0,0,_,yeah
45,1,``,0,0,_,`
45,2,#,0,0,_,#
45,2,``,0,0,_,`
45,2,Do,0,0,_,do
45,2,you,0,0,_,you
45,2,believe,0,0,Certainty,believe
45,2,that,0,0,_,that
45,2,you,0,0,_,you
46,0,are,0,0,_,be
46,0,asserting,0,0,Statement,assert
46,0,that,0,0,_,that
46,0,ALL,0,0,Quantified_mass,all
46,0,",",0,0,_,","
46,0,or,0,0,_,or
46,0,even,0,0,_,even
46,0,most,0,0,_,most
46,0,",",0,0,_,","
46,0,bullies,0,0,_,bully
46,0,and,0,0,_,and
46,0,ruthless,1,1,_,ruthless
46,0,competitors,0,0,Competition,competitor
46,0,suffer,0,0,Catastrophe,suffer
46,0,from,1,0,_,from
46,0,feelings,1,1,Feeling,feeling
46,0,of,0,0,_,of
46,0,inferiority,0,0,_,inferiority
46,0,.,0,0,_,.
46,1,#,0,0,_,#
46,1,2,0,0,_,2
46,1,.,0,0,_,.
46,2,(,0,0,_,(
46,2,Paragraph,0,0,_,paragraph
46,2,25,0,0,_,25
46,2,),0,0,_,)
46,2,During,0,0,Temporal_collocation,during
46,2,the,0,0,_,the
46,2,Victorian,0,0,_,victorian
46,2,period,0,0,Frequency,period
46,2,many,0,0,Quantified_mass,many
47,0,as,0,0,_,as
47,0,unknown,0,0,Awareness,unknown
47,0,and,0,0,_,and
47,0,may,0,0,Likelihood,may
47,0,never,0,0,Frequency,never
47,0,truly,0,0,_,truly
47,0,be,0,0,_,be
47,0,known,0,0,Awareness,know
47,0,",",0,0,_,","
47,0,but,0,0,_,but
47,0,Latif,0,0,_,Latif
47,0,had,0,0,_,have
47,0,long,0,0,_,long
47,0,suffered,0,0,Catastrophe,suffer
47,0,from,1,0,_,from
47,0,feelings,1,0,Feeling,feeling
47,0,of,0,0,_,of
47,0,extreme,0,0,_,extreme
47,0,depression,0,0,_,depression
47,0,during,0,0,Temporal_collocation,during
47,0,his,0,0,_,his
47,0,time,0,0,_,time
47,0,in,0,0,_,in
47,0,jail,0,0,Prison,jail
47,0,",",0,0,_,","
47,0,having,0,0,_,have
47,0,made,1,0,_,make
47,0,several,0,0,Quantified_mass,several
47,0,suicide,0,0,Killing,suicide
47,0,attempts,0,0,Attempt,attempt
47,0,in,0,0,_,in
48,0,get,1,0,Getting,get
48,0,help,0,0,Assistance,help
48,0,.,0,0,_,.
48,1,Kos,0,0,_,Kos
48,1,is,0,0,_,be
48,1,nothing,0,0,_,nothing
48,1,more,0,0,_,more
48,1,than,0,0,_,than
48,1,a,0,0,_,a
48,1,malignant,0,0,_,malignant
48,1,narcissist,0,0,_,narcissist
48,1,who,0,0,_,who
48,1,is,0,0,_,be
48,1,suffering,0,0,Catastrophe,suffer
48,1,from,1,0,_,from
48,1,feelings,0,0,Feeling,feeling
48,1,of,0,0,_,of
48,1,true,0,0,_,true
48,1,inadequacy,0,0,_,inadequacy
48,1,masked,1,1,_,mask
48,1,as,0,0,_,as
48,1,true,0,0,_,true
48,1,belief,0,0,Opinion,belief
48,1,to,1,0,_,to
48,1,a,0,0,_,a
48,1,completely,0,0,_,completely
48,1,bankrupt,1,1,_,bankrupt
48,1,cause,0,0,Causation,cause
48,1,and,0,0,_,and
48,1,a,0,0,_,a
48,1,completely,0,0,_,completely
49,0,Many,0,0,Quantified_mass,many
49,0,close,1,0,Social_connection,close
49,0,to,1,0,_,to
49,0,Pignatiello,0,0,_,Pignatiello
49,0,were,0,0,_,be
49,0,surprised,0,0,Experiencer_obj,surprised
49,0,by,0,0,_,by
49,0,her,0,0,_,she
49,0,death,0,0,Death,death
49,0,but,0,0,_,but
49,0,knew,0,0,Awareness,know
49,0,that,0,0,_,that
49,0,Pignatiello,0,0,_,Pignatiello
49,0,suffered,0,0,Catastrophe,suffer
49,0,from,1,0,_,from
49,0,feelings,1,1,Feeling,feeling
49,0,of,0,0,_,of
49,0,depression,0,0,_,depression
49,0,",",0,0,_,","
49,0,Ponto,0,0,_,Ponto
49,0,said,0,0,Statement,say
49,0,.,0,0,_,.
49,1,#,0,0,_,#
49,1,While,0,0,Temporal_collocation,while
49,1,growing,0,0,_,grow
49,1,up,0,0,_,up
49,1,",",0,0,_,","
49,1,Pignatiello,0,0,_,Pignatiello
49,1,did,0,0,Intentionally_act,do
49,1,things,1,0,Intentionally_act,thing
49,1,her,0,0,_,she
50,0,on,0,0,_,on
50,0,the,0,0,_,the
50,0,ride,0,0,Operate_vehicle,ride
50,0,to,0,0,Goal,to
50,0,the,0,0,_,the
50,0,chateau,0,0,Buildings,chateau
50,0,.,0,0,_,.
50,1,The,0,0,_,the
50,1,awkward,0,0,_,awkward
50,1,",",0,0,_,","
50,1,myopic,0,0,_,myopic
50,1,heir,0,0,Kinship,heir
50,1,apparent,0,0,Leadership,apparent
50,1,suffered,0,0,Catastrophe,suffer
50,1,from,1,0,_,from
50,1,feelings,0,0,Feeling,feeling
50,1,of,0,0,_,of
50,1,unworthiness,0,0,_,unworthiness
50,1,",",0,0,_,","
50,1,despite,0,0,Concessive,despite
50,1,a,0,0,_,a
50,1,facility,1,1,Locale_by_use,facility
50,1,for,0,0,_,for
50,1,languages,0,0,_,language
50,1,and,0,0,_,and
50,1,a,0,0,_,a
50,1,passion,0,0,Experiencer_focus,passion
50,1,for,0,0,_,for
50,1,history,0,0,History,history
50,1,geography,0,0,_,geography
50,1,and,0,0,_,and
51,0,``,0,0,_,`
51,0,By,0,0,Means,by
51,0,reading,0,0,Reading_activity,read
51,0,Anna,0,0,_,Anna
51,0,'s,0,0,_,be
51,0,journals,0,0,Text,journal
51,0,",",0,0,_,","
51,0,we,0,0,_,we
51,0,are,0,0,_,be
51,0,very,0,0,Degree,very
51,0,aware,0,0,Awareness,aware
51,0,that,0,0,_,that
51,0,she,0,0,_,she
51,0,suffered,0,0,Catastrophe,suffer
51,0,from,1,0,_,from
51,0,feelings,0,0,Feeling,feeling
51,0,of,0,0,_,of
51,0,self-loathing,0,0,_,self
51,0,",",0,0,_,","
51,0,``,0,0,_,`
51,0,says,0,0,Statement,say
51,0,Westin.,0,0,_,Westin
51,0,``,0,0,_,`
51,1,She,0,0,_,she
51,1,never,0,0,Frequency,never
51,1,felt,1,0,Feeling,feel
51,1,perfect,0,0,Desirability,perfect
51,1,enough,0,0,Sufficiency,enough
51,1,",",0,0,_,","
51,1,and,0,0,_,and
52,0,land,0,0,Locale_by_ownership,land
52,0,for,0,0,_,for
52,0,various,0,0,_,various
52,0,reasons,0,0,Reason,reason
52,0,and,0,0,_,and
52,0,return,0,0,Arriving,return
52,0,home,0,0,Foreign_or_domestic_country,home
52,0,.,0,0,_,.
52,1,When,0,0,Temporal_collocation,when
52,1,back,1,0,_,back
52,1,home,0,0,Foreign_or_domestic_country,home
52,1,",",0,0,_,","
52,1,they,0,0,_,they
52,1,suffer,0,0,Catastrophe,suffer
52,1,from,1,0,_,from
52,1,feelings,0,0,Feeling,feeling
52,1,of,0,0,_,of
52,1,guilt,0,0,Experiencer_focus,guilt
52,1,",",0,0,_,","
52,1,humiliation,0,0,Experiencer_focus,humiliation
52,1,",",0,0,_,","
52,1,and,0,0,_,and
52,1,failure,0,0,Success_or_failure,failure
52,1,.,0,0,_,.
52,2,For,0,0,_,for
52,2,these,1,0,_,these
52,2,reasons,0,0,Reason,reason
52,2,",",0,0,_,","
52,2,there,0,0,Existence,there
52,2,are,0,0,Existence,be
52,2,many,0,0,Quantified_mass,many
53,0,.,0,0,_,.
53,1,A,0,0,_,a
53,1,friend,0,0,Personal_relationship,friend
53,1,of,0,0,_,of
53,1,mine,0,0,_,mine
53,1,who,0,0,_,who
53,1,is,0,0,_,be
53,1,a,0,0,_,a
53,1,practicing,0,0,Expertise,practice
53,1,psychologist,0,0,People_by_vocation,psychologist
53,1,says,0,0,Statement,say
53,1,my,0,0,_,my
53,1,plagiarist,0,0,_,plagiarist
53,1,suffers,0,0,Catastrophe,suffer
53,1,from,1,0,_,from
53,1,feelings,0,0,Feeling,feeling
53,1,of,0,0,_,of
53,1,inadequacy,0,0,_,inadequacy
53,1,.,0,0,_,.
53,2,He,0,0,_,he
53,2,wants,0,0,Desiring,want
53,2,to,0,0,_,to
53,2,be,0,0,_,be
53,2,a,0,0,_,a
53,2,poet,0,0,_,poet
53,2,but,0,0,_,but
53,2,can,0,0,Capability,can
53,2,not,0,0,_,not
53,2,make,1,0,_,make
53,2,it,0,0,_,it
53,2,on,1,0,_,on
54,0,children,0,0,People_by_age,child
54,0,.,0,0,_,.
54,1,#,0,0,_,#
54,1,These,1,0,_,these
54,1,children,0,0,Kinship,child
54,1,live,0,0,Residence,live
54,1,in,1,0,_,in
54,1,a,0,0,_,a
54,1,constant,1,0,Frequency,constant
54,1,state,1,0,State_of_entity,state
54,1,of,0,0,_,of
54,1,anxiety,0,0,Emotion_directed,anxiety
54,1,",",0,0,_,","
54,1,suffer,0,0,Catastrophe,suffer
54,1,from,1,0,_,from
54,1,feelings,0,0,Feeling,feeling
54,1,of,0,0,_,of
54,1,guilt,0,0,Experiencer_focus,guilt
54,1,for,0,0,_,for
54,1,not,0,0,_,not
54,1,being,0,0,_,be
54,1,able,0,0,Capability,able
54,1,to,0,0,_,to
54,1,stop,0,0,Preventing_or_letting,stop
54,1,the,0,0,_,the
54,1,violence,0,0,_,violence
54,1,",",0,0,_,","
54,1,and,0,0,_,and
54,1,live,0,0,Residence,live
54,1,in,1,0,_,in
54,1,perpetual,0,0,Frequency,perpetual
55,0,provided,0,0,Supply,provide
55,0,a,0,0,_,a
55,0,portrait,1,1,_,portrait
55,0,of,0,0,_,of
55,0,children,0,0,People_by_age,child
55,0,",",0,0,_,","
55,0,adolescents,0,0,People_by_age,adolescent
55,0,",",0,0,_,","
55,0,and,0,0,_,and
55,0,adults,0,0,People_by_age,adult
55,0,with,1,0,_,with
55,0,LDs,0,0,_,LDs
55,0,as,0,0,_,as
55,0,suffering,0,0,Catastrophe,suffer
55,0,from,1,0,_,from
55,0,feelings,0,0,Feeling,feeling
55,0,of,0,0,_,of
55,0,isolation,0,0,_,isolation
55,0,and,0,0,_,and
55,0,loneliness,0,0,_,loneliness
55,0,(,0,0,_,(
55,0,Gordon,0,0,_,Gordon
55,0,",",0,0,_,","
55,0,1984,0,0,_,1984
55,0,;,0,0,_,;
55,0,Siegel,0,0,_,Siegel
55,0,",",0,0,_,","
55,0,1974,0,0,_,1974
55,0,),0,0,_,)
55,0,",",0,0,_,","
55,0,of,0,0,_,of
56,0,And,0,0,_,and
56,0,Elijah,0,0,_,Elijah
56,0,Wood,0,0,_,wood
56,0,says,0,0,Statement,say
56,0,:,0,0,_,:
56,0,``,0,0,_,`
56,0,To,0,0,_,to
56,0,cry,0,0,Communication_noise,cry
56,0,",",0,0,_,","
56,0,you,0,0,_,you
56,0,have,0,0,Required_event,have
56,0,to,0,0,Required_event,to
56,0,be,0,0,_,be
56,0,aching,0,0,Experiencer_focus,ache
56,0,with,1,0,_,with
56,0,emotion,0,0,Emotion_directed,emotion
56,0,.,0,0,_,.
56,1,I,0,0,_,I
56,1,'ve,0,0,_,'
56,1,only,0,0,_,only
56,1,done,0,0,Intentionally_act,do
56,1,it,0,0,_,it
56,1,a,0,0,_,a
56,1,couple,0,0,Quantified_mass,couple
56,1,of,0,0,_,of
56,1,times,0,0,Event_instance,time
56,1,by,0,0,_,by
56,1,myself,0,0,_,myself
56,1,in,1,0,_,in
56,1,films,0,0,Text,film
56,1,.,0,0,_,.
57,0,like,0,0,Similarity,like
57,0,the,0,0,_,the
57,0,ones,0,0,_,one
57,0,where,0,0,_,where
57,0,nothing,0,0,_,nothing
57,0,catches,0,0,Catching_fire,catch
57,0,on,1,0,Catching_fire,on
57,0,fire,0,0,Catching_fire,fire
57,0,.,0,0,_,.
57,1,Yeah,0,0,_,yeah
57,1,.,0,0,_,.
57,2,Nothing,0,0,_,nothing
57,2,is,0,0,_,be
57,2,hurt,0,0,Experiencer_obj,hurt
57,2,except,0,0,_,except
57,2,feelings,0,0,Feeling,feeling
57,2,.,0,0,_,.
57,3,Walking,0,0,Self_motion,walk
57,3,to,0,0,_,to
57,3,hell,1,1,_,hell
57,3,and,0,0,_,and
57,3,back,1,0,_,back
57,3,again,0,0,_,again
57,3,Okay,0,0,_,okay
57,3,.,0,0,_,.
57,4,You,0,0,_,you
57,4,'ve,0,0,_,'
57,4,seen,0,0,Perception_experience,see
57,4,our,0,0,_,our
57,4,next,1,0,Relative_time,next
57,4,performer,0,0,Performing_arts,performer
58,0,for,0,0,_,for
58,0,the,0,0,_,the
58,0,first,0,0,Ordinal_numbers,first
58,0,time,0,0,_,time
58,0,;,0,0,_,;
58,0,and,0,0,_,and
58,0,a,0,0,Quantified_mass,a
58,0,few,0,0,Quantified_mass,few
58,0,had,0,0,_,have
58,0,never,0,0,Frequency,never
58,0,flown,0,0,Motion,fly
58,0,on,0,0,Spatial_contact,on
58,0,an,0,0,_,an
58,0,airplane,0,0,Vehicle,airplane
58,0,.,0,0,_,.
58,1,Nourished,1,0,Experiencer_focus,nourish
58,1,by,0,0,_,by
58,1,notions,0,0,Awareness,notion
58,1,of,0,0,_,of
58,1,America,0,0,_,America
58,1,derived,1,1,_,derive
58,1,from,1,0,_,from
58,1,movies,0,0,Text,movie
58,1,",",0,0,_,","
58,1,many,0,0,Quantified_mass,many
58,1,of,0,0,_,of
58,1,them,0,0,_,they
58,1,were,0,0,_,be
58,1,startled,1,1,Experiencer_obj,startle
58,1,to,0,0,_,to
58,1,end,0,0,Process_end,end
59,0,``,0,0,_,`
59,0,For,0,0,_,for
59,0,one,0,0,Cardinal_numbers,one
59,0,thing,1,0,_,thing
59,0,",",0,0,_,","
59,0,the,0,0,_,the
59,0,other,0,0,Increment,other
59,0,enforcement,0,0,Execute_plan,enforcement
59,0,provisions,0,0,Law,provision
59,0,in,1,0,_,in
59,0,the,0,0,_,the
59,0,law,0,0,Law,law
59,0,remain,0,0,State_continue,remain
59,0,in,1,0,_,in
59,0,full,1,0,Completeness,full
59,0,force,1,0,Being_in_effect,force
59,0,in,1,0,_,in
59,0,effect,0,0,Being_in_effect,effect
59,0,.,0,0,_,.
59,1,Their,0,0,_,their
59,1,Constitutionality,0,0,_,constitutionality
59,1,was,0,0,_,be
59,1,upheld,1,1,Ratification,uphold
59,1,in,1,0,_,in
59,1,1965,0,0,_,1965
59,1,and,0,0,_,and
59,1,has,0,0,_,have
59,1,never,0,0,Frequency,never
59,1,been,0,0,_,be
59,1,seriously,0,0,Importance,seriously
59,1,challenged,1,0,Judgment_communication,challenge
60,0,shouldnt,0,0,Desirable_event,should
60,0,come,0,0,Arriving,come
60,0,to,0,0,Goal,to
60,0,this,1,0,_,this
60,0,place,0,0,Locale,place
60,0,.,0,0,_,.
60,1,Im,0,0,_,I
60,1,wearing,0,0,Wearing,wear
60,1,white,0,0,Color,white
60,1,running,0,0,_,run
60,1,shoes,0,0,Accoutrements,shoe
60,1,.,0,0,_,.
60,2,I,0,0,_,I
60,2,did,0,0,_,do
60,2,not,0,0,Negation,not
60,2,get,1,0,Transition_to_state,get
60,2,to,0,0,_,to
60,2,change,0,0,Undergo_change,change
60,2,.,0,0,_,.
60,3,He,0,0,_,he
60,3,said,0,0,Statement,say
60,3,thats,0,0,_,that
60,3,all,0,0,_,all
60,3,right,0,0,Correctness,right
60,3,",",0,0,_,","
60,3,Richard,0,0,_,Richard
60,3,.,0,0,_,.
60,4,I,0,0,_,I
60,4,finally,0,0,Time_vector,finally
60,4,got,0,0,Arriving,get
60,4,there,0,0,_,there
60,4,",",0,0,_,","
60,4,opened,0,0,Closure,open
60,4,the,0,0,_,the
60,4,door,0,0,Connecting_architecture,door
61,0,We,0,0,_,we
61,0,Talked,0,0,Chatting,talk
61,0,About,1,0,_,about
61,0,This,1,0,_,this
61,0,",",0,0,_,","
61,0,Right,0,0,Correctness,right
61,0,?,0,0,_,?
61,1,I,0,0,_,I
61,1,Mean,0,0,_,mean
61,1,",",0,0,_,","
61,1,This,1,0,_,this
61,1,Place,0,0,Locale,place
61,1,Has,0,0,_,have
61,1,Got,0,0,Required_event,get
61,1,To,0,0,_,to
61,1,Change,0,0,Undergo_change,change
61,1,.,0,0,_,.
61,2,Sit,0,0,Change_posture,sit
61,2,Down,0,0,Change_posture,down
61,2,.,0,0,_,.
61,3,You,0,0,_,you
61,3,Know,0,0,Awareness,know
61,3,What,0,0,_,what
61,3,I,0,0,_,I
61,3,Did,0,0,Intentionally_act,do
61,3,Today,0,0,Temporal_collocation,today
61,3,?,0,0,_,?
61,4,I,0,0,_,I
61,4,Got,0,0,Getting,get
61,4,My,0,0,_,my
61,4,Real,0,0,_,real
62,0,protest,0,0,Change_of_leadership,protest
62,0,movements,0,0,_,movement
62,0,in,1,0,Temporal_collocation,in
62,0,the,0,0,_,the
62,0,past,0,0,Relative_time,past
62,0,year,0,0,Calendric_unit,year
62,0,",",0,0,_,","
62,0,Yemen,0,0,_,Yemen
62,0,arguably,0,0,Likelihood,arguably
62,0,had,1,0,Have_associated,have
62,0,the,0,0,_,the
62,0,most,0,0,_,most
62,0,to,0,0,_,to
62,0,gain,1,0,Earnings_and_losses,gain
62,0,from,1,0,_,from
62,0,change,0,0,Undergo_change,change
62,0,.,0,0,_,.
62,1,Under,1,0,_,under
62,1,Saleh,0,0,_,saleh
62,1,'s,0,0,_,be
62,1,authoritarian,0,0,Leadership,authoritarian
62,1,rule,0,0,Leadership,rule
62,1,",",0,0,_,","
62,1,tribalism,0,0,_,tribalism
62,1,",",0,0,_,","
62,1,corruption,0,0,_,corruption
62,1,",",0,0,_,","
62,1,internal,0,0,_,internal
62,1,conflicts,0,0,Hostile_encounter,conflict
62,1,and,0,0,_,and
62,1,an,0,0,_,an
63,0,North,0,0,_,north
63,0,America,0,0,_,America
63,0,.,0,0,_,.
63,1,Frequent,0,0,Frequency,frequent
63,1,business,0,0,Businesses,business
63,1,travelers,0,0,Travel,traveler
63,1,",",0,0,_,","
63,1,for,0,0,_,for
63,1,example,0,0,Instance,example
63,1,",",0,0,_,","
63,1,have,1,0,Have_associated,have
63,1,much,0,0,Proportional_quantity,much
63,1,to,0,0,_,to
63,1,gain,0,0,Getting,gain
63,1,from,1,0,_,from
63,1,changes,0,0,Undergo_change,change
63,1,in,1,0,_,in
63,1,border,0,0,Boundary,border
63,1,screening,0,0,_,screen
63,1,policies,0,0,Law,policy
63,1,",",0,0,_,","
63,1,as,0,0,_,as
63,1,do,0,0,_,do
63,1,transnational,0,0,Political_locales,transnational
63,1,shipping,0,0,_,ship
63,1,firms,0,0,Businesses,firm
63,1,that,0,0,_,that
63,1,need,0,0,Needing,need
63,1,a,0,0,_,a
63,1,smoother,1,1,_,smooth
63,1,way,1,0,Means,way
64,0,place,0,0,Placing,place
64,0,change,0,0,_,change
64,0,receptacles,0,0,_,receptacle
64,0,in,0,0,Interior_profile_relation,in
64,0,local,0,0,Political_locales,local
64,0,establishments,0,0,Businesses,establishment
64,0,",",0,0,_,","
64,0,so,0,0,_,so
64,0,patrons,0,0,_,patron
64,0,could,0,0,Capability,could
64,0,drop,0,0,Cause_motion,drop
64,0,coins,0,0,_,coin
64,0,they,0,0,_,they
64,0,got,0,0,Getting,get
64,0,in,1,0,_,in
64,0,change,0,0,_,change
64,0,from,1,0,_,from
64,0,a,0,0,_,a
64,0,cash,0,0,Money,cash
64,0,transaction,0,0,Exchange,transaction
64,0,(,0,0,_,(
64,0,something,0,0,_,something
64,0,used,0,0,Using,use
64,0,nowadays,0,0,Temporal_collocation,nowadays
64,0,mostly,0,0,_,mostly
64,0,by,0,0,_,by
64,0,those,1,0,_,those
64,0,who,0,0,_,who
64,0,could,0,0,Capability,could
64,0,use,0,0,Using,use
64,0,the,0,0,_,the
65,0,and,0,0,_,and
65,0,none,0,0,_,none
65,0,of,0,0,Partitive,of
65,0,us,0,0,_,we
65,0,had,0,0,Possession,have
65,0,cigarettes,0,0,Intoxicants,cigarette
65,0,.,0,0,_,.
65,1,However,0,0,Concessive,however
65,1,",",0,0,_,","
65,1,those,1,0,_,those
65,1,who,0,0,_,who
65,1,made,1,0,_,make
65,1,purchases,0,0,Commerce_buy,purchase
65,1,got,1,0,Getting,get
65,1,in,1,0,_,in
65,1,change,0,0,_,change
65,1,such,0,0,_,such
65,1,a,0,0,_,a
65,1,fistful,1,1,_,fistful
65,1,of,0,0,_,of
65,1,zlotys,0,0,_,zloty
65,1,that,0,0,_,that
65,1,Doc,0,0,_,doc
65,1,Solar,0,0,_,solar
65,1,'s,0,0,_,be
65,1,offer,0,0,_,offer
65,1,seemed,0,0,Give_impression,seem
65,1,ridiculous,0,0,Mental_property,ridiculous
65,1,.,0,0,_,.
65,2,He,0,0,_,he
65,2,was,0,0,_,be
66,0,quickly,0,0,_,quickly
66,0,catch,1,0,_,catch
66,0,a,0,0,_,a
66,0,parent,0,0,Kinship,parent
66,0,off-guard,1,0,_,off
66,0,.,0,0,_,.
66,1,Says,0,0,Statement,say
66,1,McGuigan,0,0,_,McGuigan
66,1,",",0,0,_,","
66,1,``,0,0,_,`
66,1,What,0,0,_,what
66,1,they,0,0,_,they
66,1,can,0,0,Capability,can
66,1,get,1,0,Transition_to_state,get
66,1,into,1,0,_,into
66,1,changes,0,0,Undergo_change,change
66,1,from,1,0,_,from
66,1,year,0,0,Calendric_unit,year
66,1,to,1,0,_,to
66,1,year,0,0,Calendric_unit,year
66,1,as,0,0,Relative_time,as
66,1,they,0,0,_,they
66,1,grow,1,0,Change_position_on_a_scale,grow
66,1,.,0,0,_,.
66,2,Children,0,0,People_by_age,child
66,2,in,0,0,_,in
66,2,diapers,0,0,Clothing,diaper
66,2,can,0,0,Capability,can
66,2,get,0,0,Transition_to_state,get
66,2,into,0,0,_,into
66,2,something,0,0,_,something
67,0,ft.,0,0,_,ft
67,0,#,0,0,_,#
67,0,Being,0,0,_,be
67,0,financially,0,0,Domain,financially
67,0,suit,1,1,Suitability,suit
67,0,personally,0,0,_,personally
67,0,is,0,0,_,be
67,0,perfect,0,0,Usefulness,perfect
67,0,",",0,0,_,","
67,0,and,0,0,_,and
67,0,can,0,0,Capability,can
67,0,be,0,0,_,be
67,0,acquired,0,0,Getting,acquire
67,0,with,1,0,_,with
67,0,modifications,0,0,Cause_change,modification
67,0,to,1,0,_,to
67,0,your,0,0,_,your
67,0,way,1,0,Means,way
67,0,of,0,0,_,of
67,0,life,0,0,_,life
67,0,.,0,0,_,.
67,1,In,1,0,_,in
67,1,a,0,0,_,a
67,1,nutshell,1,1,_,nutshell
67,1,",",0,0,_,","
67,1,you,0,0,_,you
67,1,need,0,0,Required_event,need
67,1,to,0,0,Required_event,to
67,1,improve,0,0,Cause_to_make_progress,improve
67,1,your,0,0,_,your
68,0,in,0,0,_,in
68,0,its,0,0,_,its
68,0,natural,0,0,_,natural
68,0,habitat,0,0,_,habitat
68,0,(,0,0,_,(
68,0,As,0,0,_,as
68,0,I,0,0,_,I
68,0,Lay,0,0,Posture,lay
68,0,Dying,0,0,Death,die
68,0,151,0,0,_,151
68,0,),0,0,_,)
68,0,.,0,0,_,.
68,1,Vardaman,0,0,_,vardaman
68,1,seizes,1,1,_,seize
68,1,on,1,0,_,on
68,1,transformation,1,1,Cause_change,transformation
68,1,",",0,0,_,","
68,1,rather,0,0,_,rather
68,1,than,0,0,_,than
68,1,believe,0,0,Certainty,believe
68,1,that,0,0,_,that
68,1,his,0,0,_,his
68,1,mother,0,0,Kinship,mother
68,1,simply,0,0,_,simply
68,1,no,0,0,Temporal_collocation,no
68,1,longer,0,0,Temporal_collocation,long
68,1,exists,0,0,Existence,exist
68,1,.,0,0,_,.
68,2,Lila,0,0,_,Lila
68,2,'s,0,0,_,be
68,2,concerns,0,0,Emotion_directed,concern
69,0,of,0,0,_,of
69,0,those,1,0,_,those
69,0,editors,0,0,_,editor
69,0,was,0,0,_,be
69,0,David,0,0,_,David
69,0,Breneman,0,0,_,Breneman
69,0,",",0,0,_,","
69,0,who,0,0,_,who
69,0,brokered,1,1,_,broker
69,0,a,0,0,_,a
69,0,deal,1,0,Make_agreement_on_action,deal
69,0,whereby,0,0,_,whereby
69,0,AAHE,0,0,_,AAHE
69,0,took,1,0,_,take
69,0,over,0,0,_,over
69,0,Change,0,0,_,change
69,0,'s,0,0,_,be
69,0,editorial,0,0,Text,editorial
69,0,leadership,0,0,Leadership,leadership
69,0,in,1,0,_,in
69,0,1984,0,0,_,1984
69,0,",",0,0,_,","
69,0,although,0,0,_,although
69,0,the,0,0,_,the
69,0,ownership,0,0,Possession,ownership
69,0,of,0,0,_,of
69,0,Change,0,0,_,change
69,0,remained,1,0,State_continue,remain
69,0,with,1,0,_,with
69,0,Heldref,0,0,_,Heldref
69,0,AAHE,0,0,_,AAHE
70,0,author,0,0,Text_creation,author
70,0,of,0,0,_,of
70,0,several,0,0,Quantified_mass,several
70,0,books,0,0,Text,book
70,0,",",0,0,_,","
70,0,including,0,0,Inclusion,include
70,0,',0,0,_,'
70,0,How,0,0,_,how
70,0,Many,0,0,Quantified_mass,many
70,0,Light,0,0,Measurable_attributes,light
70,0,Bulbs,0,0,_,Bulbs
70,0,Does,0,0,_,do
70,0,It,0,0,_,it
70,0,Take,1,0,Taking_time,take
70,0,To,0,0,_,to
70,0,Change,1,0,Cause_change,change
70,0,A,0,0,_,a
70,0,Planet,0,0,_,planet
70,0,?,0,0,_,?
70,0,',0,0,_,'
70,0,.,0,0,_,.
70,1,Senior,0,0,Subordinates_and_superiors,senior
70,1,Associate,0,0,_,associate
70,1,",",0,0,_,","
70,1,CPSL,0,0,_,CPSL
70,1,and,0,0,_,and
70,1,Special,0,0,_,special
70,1,Advisor,0,0,_,advisor
70,1,",",0,0,_,","
70,1,PRP,0,0,_,PRP
70,1,#,0,0,_,#
71,0,find,1,0,Coming_up_with,find
71,0,ways,1,0,Means,way
71,0,to,0,0,_,to
71,0,encompass,1,1,Inclusion,encompass
71,0,the,0,0,_,the
71,0,other,0,0,Increment,other
71,0,",",0,0,_,","
71,0,without,1,0,_,without
71,0,changing,1,0,Cause_change,change
71,0,oneself,0,0,_,oneself
71,0,.,0,0,_,.
71,1,The,0,0,_,the
71,1,position,1,1,_,position
71,1,taken,1,0,_,take
71,1,toward,1,0,_,toward
71,1,change,0,0,Undergo_change,change
71,1,is,0,0,_,be
71,1,an,0,0,_,an
71,1,effort,0,0,Attempt,effort
71,1,to,0,0,_,to
71,1,keep,1,0,Cause_to_continue,keep
71,1,things,1,0,_,thing
71,1,as,0,0,_,as
71,1,they,0,0,_,they
71,1,are,0,0,_,be
71,1,",",0,0,_,","
71,1,to,0,0,_,to
71,1,maintain,0,0,Activity_ongoing,maintain
71,1,the,0,0,_,the
71,1,status,0,0,_,status
71,1,quo,0,0,_,quo
72,0,This,1,0,_,this
72,0,HTML,0,0,_,html
72,0,Edition,0,0,_,Edition
72,0,of,0,0,_,of
72,0,The,0,0,_,the
72,0,Constitution,0,0,_,constitution
72,0,for,0,0,_,for
72,0,the,0,0,_,the
72,0,United,0,0,_,United
72,0,States,0,0,_,state
72,0,of,0,0,_,of
72,0,America,0,0,_,America
72,0,is,0,0,_,be
72,0,taken,1,0,_,take
72,0,with,1,0,_,with
72,0,changes,0,0,Cause_change,change
72,0,from,1,0,_,from
72,0,:,0,0,_,:
72,0,``,0,0,_,`
72,0,The,0,0,_,the
72,0,Constitution,0,0,_,constitution
72,0,of,0,0,_,of
72,0,the,0,0,_,the
72,0,United,0,0,_,United
72,0,States,0,0,_,state
72,0,",",0,0,_,","
72,0,Its,0,0,_,its
72,0,Sources,1,1,Source_of_getting,source
72,0,and,0,0,_,and
72,0,Its,0,0,_,its
72,0,Application,1,1,Using,application
73,0,work,0,0,Being_employed,work
73,0,.,0,0,_,.
73,1,As,0,0,Temporal_collocation,as
73,1,soon,0,0,_,soon
73,1,as,0,0,_,as
73,1,you,0,0,_,you
73,1,start,0,0,Activity_start,start
73,1,fermenting,0,0,Processing_materials,ferment
73,1,food,0,0,Food,food
73,1,",",0,0,_,","
73,1,you,0,0,_,you
73,1,'re,0,0,_,be
73,1,very,0,0,Degree,very
73,1,taken,1,0,Emotion_directed,take
73,1,with,1,0,_,with
73,1,transformation,0,0,Cause_change,transformation
73,1,.,0,0,_,.
73,2,#,0,0,_,#
73,2,The,0,0,_,the
73,2,fact,0,0,_,fact
73,2,that,0,0,_,that
73,2,you,0,0,_,you
73,2,can,0,0,Capability,can
73,2,transcend,1,1,_,transcend
73,2,something,0,0,_,something
73,2,very,0,0,Degree,very
73,2,basic,0,0,_,basic
73,2,",",0,0,_,","
73,2,and,0,0,_,and
73,2,turn,1,0,Cause_change,turn
73,2,it,0,0,_,it
74,0,The,0,0,_,the
74,0,videos,0,0,Text,video
74,0,teach,1,0,Education_teaching,teach
74,0,students,0,0,Education_teaching,student
74,0,that,0,0,_,that
74,0,appropriate,0,0,Suitability,appropriate
74,0,behavior,0,0,Conduct,behavior
74,0,is,0,0,_,be
74,0,a,0,0,_,a
74,0,skill,0,0,Expertise,skill
74,0,that,0,0,_,that
74,0,can,0,0,Capability,can
74,0,be,0,0,_,be
74,0,acquired,0,0,Getting,acquire
74,0,through,1,0,_,through
74,0,learning,0,0,Education_teaching,learn
74,0,and,0,0,_,and
74,0,practice,0,0,Practice,practice
74,0,",",0,0,_,","
74,0,and,0,0,_,and
74,0,they,0,0,_,they
74,0,also,0,0,_,also
74,0,model,1,1,_,model
74,0,how,0,0,_,how
74,0,to,0,0,_,to
74,0,teach,0,0,Education_teaching,teach
74,0,behavioral,0,0,_,behavioral
74,0,skills,0,0,Expertise,skill
74,0,for,0,0,_,for
74,0,teachers,0,0,Education_teaching,teacher
74,0,.,0,0,_,.
75,0,We,0,0,_,we
75,0,have,0,0,Required_event,have
75,0,to,0,0,Required_event,to
75,0,start,0,0,Activity_start,start
75,0,with,1,0,_,with
75,0,the,0,0,_,the
75,0,right,0,0,Correctness,right
75,0,view,1,0,Opinion,view
75,0,conforming,0,0,Compliance,conform
75,0,to,1,0,_,to
75,0,the,0,0,_,the
75,0,truths,0,0,_,truth
75,0,",",0,0,_,","
75,0,acquired,0,0,Getting,acquire
75,0,through,1,0,_,through
75,0,learning,0,0,Education_teaching,learn
75,0,and,0,0,_,and
75,0,fortified,1,1,Cause_change_of_strength,fortify
75,0,through,1,0,_,through
75,0,reflection,0,0,_,reflection
75,0,.,0,0,_,.
75,1,This,1,0,_,this
75,1,view,1,0,Opinion,view
75,1,inspires,1,1,Subjective_influence,inspire
75,1,us,0,0,_,we
75,1,to,0,0,_,to
75,1,take,1,0,_,take
75,1,up,1,0,_,up
75,1,the,0,0,_,the
75,1,practice,0,0,Practice,practice
75,1,",",0,0,_,","
76,0,",",0,0,_,","
76,0,and,0,0,_,and
76,0,logical,0,0,_,logical
76,0,thinking,0,0,Awareness,think
76,0,),0,0,_,)
76,0,that,0,0,_,that
76,0,are,0,0,_,be
76,0,deliberate,0,0,_,deliberate
76,0,",",0,0,_,","
76,0,mediated,0,0,_,mediate
76,0,",",0,0,_,","
76,0,internalized,0,0,_,internalize
76,0,behaviors,0,0,Conduct,behavior
76,0,acquired,0,0,Getting,acquire
76,0,through,1,0,_,through
76,0,learning,0,0,Education_teaching,learn
76,0,and,0,0,_,and
76,0,teaching,0,0,Education_teaching,teach
76,0,(,0,0,_,(
76,0,Bodrova,0,0,_,Bodrova
76,0,&,0,0,_,&
76,0,;,0,0,_,;
76,0,Leong,0,0,_,Leong
76,0,",",0,0,_,","
76,0,1996,0,0,_,1996
76,0,),0,0,_,)
76,0,.,0,0,_,.
76,1,#,0,0,_,#
76,1,Vygotsky,0,0,_,Vygotsky
76,1,(,0,0,_,(
76,1,1962,0,0,_,1962
76,1,),0,0,_,)
77,0,last,0,0,_,last
77,0,view,1,0,Opinion,view
77,0,is,0,0,_,be
77,0,that,1,0,_,that
77,0,of,0,0,_,of
77,0,social,0,0,_,social
77,0,learning,0,0,Education_teaching,learn
77,0,theory,0,0,_,theory
77,0,",",0,0,_,","
77,0,that,0,0,_,that
77,0,sexual,0,0,_,sexual
77,0,preferences,0,0,_,preference
77,0,are,0,0,_,be
77,0,acquired,0,0,Getting,acquire
77,0,through,1,0,_,through
77,0,learning,0,0,Education_teaching,learn
77,0,and,0,0,_,and
77,0,conditioning,0,0,_,conditioning
77,0,",",0,0,_,","
77,0,just,0,0,_,just
77,0,as,0,0,_,as
77,0,musical,0,0,Performing_arts,musical
77,0,tastes,0,0,Sensation,taste
77,0,are,0,0,_,be
77,0,.,0,0,_,.
77,1,#,0,0,_,#
77,1,The,0,0,_,the
77,1,parsimony,0,0,_,parsimony
77,1,produced,1,1,Creating,produce
77,1,by,0,0,_,by
77,1,limiting,0,0,_,limit
78,0,of,0,0,_,of
78,0,culture,1,1,_,culture
78,0,in,1,0,_,in
78,0,negotiation,0,0,Discussion,negotiation
78,0,?,0,0,_,?
78,1,Are,0,0,_,be
78,1,new,0,0,Age,new
78,1,versions,0,0,Type,version
78,1,of,0,0,_,of
78,1,the,0,0,_,the
78,1,cultural,0,0,_,cultural
78,1,software,0,0,_,software
78,1,",",0,0,_,","
78,1,gained,1,1,Getting,gain
78,1,through,1,0,_,through
78,1,learning,0,0,Education_teaching,learn
78,1,or,0,0,_,or
78,1,experience,0,0,Expertise,experience
78,1,",",0,0,_,","
78,1,compatible,0,0,_,compatible
78,1,with,1,0,_,with
78,1,the,0,0,_,the
78,1,available,0,0,_,available
78,1,hardware,0,0,Gizmo,hardware
78,1,of,0,0,_,of
78,1,structure,1,1,_,structure
78,1,?,0,0,_,?
78,2,And,0,0,_,and
78,2,how,0,0,_,how
78,2,can,0,0,_,can
78,2,the,0,0,_,the
79,0,to,0,0,_,to
79,0,know,0,0,Awareness,know
79,0,about,1,0,_,about
79,0,chow,0,0,_,chow
79,0,chows,0,0,_,chow
79,0,and,0,0,_,and
79,0,pugs,0,0,_,pug
79,0,",",0,0,_,","
79,0,Boobear,0,0,_,Boobear
79,0,.,0,0,_,.
79,1,So,0,0,_,so
79,1,let,0,0,_,let
79,1,'s,0,0,_,be
79,1,get,1,0,Transition_to_state,get
79,1,to,1,0,_,to
79,1,learning,0,0,Education_teaching,learn
79,1,.,0,0,_,.
79,2,Incredible,0,0,Stimulus_focus,incredible
79,2,!,0,0,_,!
79,3,Hit,1,0,Impact,hit
79,3,my,0,0,_,my
79,3,puppy,1,1,_,puppy
79,3,brain,1,1,_,brain
79,3,with,1,0,_,with
79,3,more,0,0,Increment,more
79,3,info,0,0,Information,info
79,3,",",0,0,_,","
79,3,Scuzzy,0,0,_,scuzzy
79,3,Bot,1,1,_,bot
79,3,.,0,0,_,.
79,4,Let,0,0,_,let
80,0,",",0,0,_,","
80,0,but,0,0,Concessive,but
80,0,the,0,0,_,the
80,0,uncertainty,0,0,Certainty,uncertainty
80,0,that,0,0,_,that
80,0,had,0,0,_,have
80,0,tinged,1,1,_,tinge
80,0,every,0,0,_,every
80,0,step,0,0,Intentionally_act,step
80,0,and,0,0,_,and
80,0,action,0,0,Intentionally_act,action
80,0,she,0,0,_,she
80,0,'d,0,0,_,would
80,0,taken,1,0,_,take
80,0,since,0,0,Time_vector,since
80,0,learning,0,0,Coming_to_believe,learn
80,0,of,0,0,_,of
80,0,Joe,0,0,_,Joe
80,0,'s,0,0,_,be
80,0,death,0,0,Death,death
80,0,six,0,0,Cardinal_numbers,six
80,0,days,0,0,Calendric_unit,day
80,0,before,1,0,Time_vector,before
80,0,",",0,0,_,","
80,0,as,0,0,_,as
80,0,if,0,0,_,if
80,0,gravity,1,1,_,gravity
80,0,had,0,0,_,have
80,0,ceased,0,0,Process_stop,cease
80,0,to,0,0,_,to
80,0,exist,0,0,Existence,exist
81,0,lack,0,0,Possession,lack
81,0,of,0,0,_,of
81,0,institutionalized,0,0,Institutions,institutionalize
81,0,educational,0,0,Education_teaching,educational
81,0,support,1,0,Supporting,support
81,0,for,0,0,_,for
81,0,the,0,0,_,the
81,0,varied,0,0,_,varied
81,0,approaches,1,0,Means,approach
81,0,African,0,0,_,african
81,0,American,0,0,Origin,american
81,0,students,0,0,Education_teaching,student
81,0,may,0,0,Likelihood,may
81,0,take,1,0,_,take
81,0,to,1,0,_,to
81,0,learning,0,0,Education_teaching,learn
81,0,.,0,0,_,.
81,1,African,0,0,_,african
81,1,American,0,0,People_by_origin,american
81,1,learning,0,0,Education_teaching,learn
81,1,styles,0,0,Type,style
81,1,are,0,0,_,be
81,1,highlighted,0,0,_,highlight
81,1,and,0,0,_,and
81,1,the,0,0,_,the
81,1,implications,0,0,_,implication
81,1,for,0,0,_,for
81,1,teachers,0,0,Education_teaching,teacher
81,1,are,0,0,_,be
81,1,discussed,0,0,Topic,discuss
81,1,.,0,0,_,.
82,0,.,0,0,_,.
82,1,The,0,0,_,the
82,1,week,0,0,Calendric_unit,week
82,1,of,0,0,_,of
82,1,August,0,0,Calendric_unit,August
82,1,30th,0,0,_,30th
82,1,",",0,0,_,","
82,1,your,0,0,_,your
82,1,teasing,0,0,_,tease
82,1,between,0,0,Interior_profile_relation,between
82,1,the,0,0,_,the
82,1,sheets,0,0,_,sheet
82,1,will,0,0,_,will
82,1,have,1,0,Causation,have
82,1,him,0,0,_,he
82,1,drooling,0,0,Make_noise,drool
82,1,with,1,0,_,with
82,1,desire,0,0,Desiring,desire
82,1,.,0,0,_,.
82,2,Do,0,0,_,do
82,2,n't,0,0,_,not
82,2,be,0,0,_,be
82,2,surprised,0,0,Experiencer_obj,surprised
82,2,if,0,0,_,if
82,2,he,0,0,_,he
82,2,just,0,0,_,just
82,2,pounces,0,0,Cause_harm,pounce
82,2,.,0,0,_,.
82,3,Fave,0,0,Experiencer_focus,fave
82,3,sex,0,0,_,sex
82,3,position,0,0,Posture,position
83,0,reeked,1,0,Give_impression,reek
83,0,of,0,0,_,of
83,0,ancient,0,0,Age,ancient
83,0,magic,0,0,Toxic_substance,magic
83,0,.,0,0,_,.
83,1,Kira,0,0,_,Kira
83,1,Solomon,0,0,_,Solomon
83,1,stared,0,0,Perception_active,stare
83,1,down,0,0,Perception_active,down
83,1,at,0,0,_,at
83,1,it,0,0,_,it
83,1,",",0,0,_,","
83,1,trying,0,0,Attempt,try
83,1,not,0,0,_,not
83,1,to,0,0,_,to
83,1,salivate,0,0,Making_faces,salivate
83,1,with,1,0,_,with
83,1,longing,0,0,Desiring,longing
83,1,.,0,0,_,.
83,2,The,0,0,_,the
83,2,blade,0,0,_,blade
83,2,itself,0,0,_,itself
83,2,",",0,0,_,","
83,2,shining,0,0,Location_of_light,shine
83,2,spotless,0,0,_,spotless
83,2,and,0,0,_,and
83,2,deadly,0,0,Killing,deadly
83,2,",",0,0,_,","
83,2,swept,1,1,_,sweep
83,2,proudly,0,0,_,proudly
83,2,from,0,0,_,from
84,0,cigarettes,0,0,Intoxicants,cigarette
84,0,from,0,0,_,from
84,0,his,0,0,_,his
84,0,trousers,0,0,Clothing,trouser
84,0,and,0,0,_,and
84,0,shook,0,0,Cause_motion,shake
84,0,one,0,0,_,one
84,0,out,0,0,_,out
84,0,for,0,0,_,for
84,0,him,0,0,_,he
84,0,.,0,0,_,.
84,1,Old,0,0,Age,old
84,1,Samson,0,0,_,Samson
84,1,'s,0,0,_,be
84,1,face,0,0,Body_parts,face
84,1,brightened,1,1,Location_of_light,brighten
84,1,with,1,0,_,with
84,1,joy,0,0,Emotion_directed,joy
84,1,",",0,0,_,","
84,1,he,0,0,_,he
84,1,forgot,0,0,Remembering_experience,forget
84,1,his,0,0,_,his
84,1,sorrows,0,0,Emotion_directed,sorrow
84,1,for,0,0,_,for
84,1,a,0,0,_,a
84,1,minute,0,0,Measure_duration,minute
84,1,.,0,0,_,.
84,2,He,0,0,_,he
84,2,gave,1,0,Giving,give
84,2,a,0,0,_,a
84,2,mock,0,0,_,mock
85,0,at,0,0,_,at
85,0,it,0,0,_,it
85,0,.,0,0,_,.
85,1,#,0,0,_,#
85,1,FERNANDO,0,0,_,FERNANDO
85,1,#,0,0,_,#
85,1,This,1,0,_,this
85,1,one,0,0,_,one
85,1,is,0,0,_,be
85,1,from,0,0,Origin,from
85,1,Mendez,0,0,_,Mendez
85,1,!,0,0,_,!
85,2,COLUMBUS,0,0,_,COLUMBUS
85,2,',0,0,_,'
85,2,eyes,0,0,Body_parts,eye
85,2,brighten,1,1,Location_of_light,brighten
85,2,with,1,0,_,with
85,2,joy,0,0,Emotion_directed,joy
85,2,.,0,0,_,.
85,3,#,0,0,_,#
85,3,COLUMBUS,0,0,_,COLUMBUS
85,3,#,0,0,_,#
85,3,What,0,0,_,what
85,3,does,0,0,_,do
85,3,he,0,0,_,he
85,3,say,0,0,Statement,say
85,3,?,0,0,_,?
85,4,#,0,0,_,#
85,4,FERNANDO,0,0,_,FERNANDO
85,4,#,0,0,_,#
85,4,He,0,0,_,he
86,0,Pearl,0,0,_,pearl
86,0,was,0,0,_,be
86,0,up,1,0,_,up
86,0,and,0,0,_,and
86,0,playing,0,0,_,play
86,0,with,0,0,_,with
86,0,Jeanne,0,0,_,Jeanne
86,0,and,0,0,_,and
86,0,Toby,0,0,_,Toby
86,0,in,0,0,_,in
86,0,the,0,0,_,the
86,0,study,0,0,Scrutiny,study
86,0,.,0,0,_,.
86,1,Her,0,0,_,her
86,1,eyes,0,0,Body_parts,eye
86,1,brightened,1,1,Location_of_light,brighten
86,1,with,1,0,_,with
86,1,happiness,0,0,Emotion_directed,happiness
86,1,when,0,0,Temporal_collocation,when
86,1,she,0,0,_,she
86,1,saw,0,0,Perception_experience,see
86,1,it,0,0,_,it
86,1,was,0,0,_,be
86,1,p249,0,0,_,p249
86,1,me,0,0,_,I
86,1,.,0,0,_,.
86,2,I,0,0,_,I
86,2,wanted,0,0,Desiring,want
86,2,to,0,0,_,to
86,2,rush,0,0,Self_motion,rush
86,2,to,0,0,_,to
87,0,not,0,0,_,not
87,0,flooded,0,0,_,flood
87,0,',0,0,_,'
87,0,#,0,0,_,#
87,0,Dennis,0,0,_,Dennis
87,0,Adams,0,0,_,Adams
87,0,",",0,0,_,","
87,0,a,0,0,_,a
87,0,maintenance,0,0,_,maintenance
87,0,worker,0,0,Employing,worker
87,0,for,0,0,_,for
87,0,MDOT,0,0,_,MDOT
87,0,",",0,0,_,","
87,0,moved,0,0,Motion,move
87,0,into,1,0,_,into
87,0,action,0,0,Intentionally_act,action
87,0,",",0,0,_,","
87,0,firing,0,0,_,fire
87,0,up,0,0,_,up
87,0,his,0,0,_,his
87,0,laptop,0,0,_,laptop
87,0,",",0,0,_,","
87,0,and,0,0,_,and
87,0,checking,0,0,Inspecting,check
87,0,the,0,0,_,the
87,0,software,0,0,_,software
87,0,MDOT,0,0,_,MDOT
87,0,uses,0,0,Using,use
87,0,to,0,0,_,to
87,0,monitor,0,0,Scrutiny,monitor
87,0,some,0,0,_,some
88,0,Elliott,0,0,_,Elliott
88,0,wants,0,0,Desiring,want
88,0,his,0,0,_,his
88,0,heart,0,0,_,heart
88,0,rate,0,0,Speed_description,rate
88,0,as,0,0,_,as
88,0,low,1,0,Position_on_a_scale,low
88,0,as,0,0,_,as
88,0,possible,0,0,Likelihood,possible
88,0,.,0,0,_,.
88,1,Then,0,0,Temporal_collocation,then
88,1,",",0,0,_,","
88,1,he,0,0,_,he
88,1,moves,1,0,Motion,move
88,1,into,1,0,_,into
88,1,action,0,0,Intentionally_act,action
88,1,.,0,0,_,.
88,2,He,0,0,_,he
88,2,slides,0,0,Self_motion,slide
88,2,to,0,0,_,to
88,2,the,0,0,_,the
88,2,left,0,0,Part_orientational,leave
88,2,like,0,0,_,like
88,2,he,0,0,_,he
88,2,'s,0,0,_,be
88,2,facing,1,0,_,face
88,2,a,0,0,_,a
88,2,shot,1,0,Hit_target,shoot
88,2,from,0,0,_,from
88,2,that,1,0,_,that
88,2,side,0,0,Part_orientational,side
89,0,the,0,0,_,the
89,0,ambulances,0,0,Vehicle,ambulance
89,0,they,0,0,_,they
89,0,have,0,0,Possession,have
89,0,",",0,0,_,","
89,0,have,0,0,_,have
89,0,revved,0,0,_,rev
89,0,up,0,0,_,up
89,0,like,0,0,_,like
89,0,they,0,0,_,they
89,0,'re,0,0,_,be
89,0,ready,0,0,Activity_ready_state,ready
89,0,to,0,0,_,to
89,0,move,1,0,Motion,move
89,0,into,1,0,_,into
89,0,action,0,0,Intentionally_act,action
89,0,.,0,0,_,.
89,1,But,0,0,_,but
89,1,right,0,0,_,right
89,1,now,0,0,Temporal_collocation,now
89,1,",",0,0,_,","
89,1,it,0,0,_,it
89,1,appears,0,0,Give_impression,appear
89,1,that,0,0,_,that
89,1,the,0,0,_,the
89,1,SWAT,0,0,_,SWAT
89,1,team,0,0,Aggregate,team
89,1,here,0,0,Locative_relation,here
89,1,has,0,0,_,have
89,1,moved,1,0,Motion,move
89,1,on,1,0,_,on
90,0,s,0,0,_,s
90,0,not,0,0,Negation,not
90,0,enough,0,0,Sufficiency,enough
90,0,to,0,0,_,to
90,0,just,0,0,_,just
90,0,recognize,0,0,Becoming_aware,recognize
90,0,their,0,0,_,their
90,0,needs,0,0,Needing,need
90,0,",",0,0,_,","
90,0,but,0,0,Concessive,but
90,0,I,0,0,_,I
90,0,need,0,0,Required_event,need
90,0,to,0,0,Required_event,to
90,0,move,1,0,Motion,move
90,0,into,1,0,_,into
90,0,action,0,0,Intentionally_act,action
90,0,to,0,0,_,to
90,0,meet,1,0,_,meet
90,0,those,1,0,_,those
90,0,needs,0,0,Needing,need
90,0,.,0,0,_,.
90,1,Sometimes,0,0,Frequency,sometimes
90,1,I,0,0,_,I
90,1,think,0,0,Awareness,think
90,1,it,0,0,_,it
90,1,would,0,0,_,would
90,1,be,0,0,_,be
90,1,too,0,0,Sufficiency,too
90,1,much,0,0,_,much
90,1,of,0,0,_,of
90,1,a,0,0,_,a
91,0,to,0,0,_,to
91,0,cover,1,1,_,cover
91,0,",",0,0,_,","
91,0,they,0,0,_,they
91,0,had,0,0,Required_event,have
91,0,to,0,0,Required_event,to
91,0,deal,1,0,Resolve_problem,deal
91,0,with,1,0,_,with
91,0,additional,0,0,Increment,additional
91,0,artillery,0,0,Weapon,artillery
91,0,that,0,0,_,that
91,0,Longstreet,0,0,_,Longstreet
91,0,had,0,0,_,have
91,0,moved,1,0,Motion,move
91,0,into,1,0,_,into
91,0,action,0,0,Intentionally_act,action
91,0,rather,0,0,_,rather
91,0,than,0,0,_,than
91,0,sending,0,0,Sending,send
91,0,infantry,0,0,_,infantry
91,0,reinforcements,0,0,_,reinforcement
91,0,.,0,0,_,.
91,1,One,0,0,Cardinal_numbers,one
91,1,soldier,0,0,Member_of_military,soldier
91,1,from,0,0,Origin,from
91,1,the,0,0,_,the
91,1,brigade,0,0,_,brigade
91,1,wrote,0,0,Statement,write
91,1,:,0,0,_,:
91,1,``,0,0,_,`
91,1,The,0,0,_,the
92,0,helpful,0,0,Assistance,helpful
92,0,and,0,0,_,and
92,0,inspiring,0,0,Subjective_influence,inspire
92,0,material,1,1,Ingredients,material
92,0,that,0,0,_,that
92,0,will,0,0,_,will
92,0,make,1,0,Causation,make
92,0,you,0,0,_,you
92,0,think,0,0,Awareness,think
92,0,",",0,0,_,","
92,0,learn,0,0,Education_teaching,learn
92,0,",",0,0,_,","
92,0,and,0,0,_,and
92,0,move,1,0,Motion,move
92,0,into,1,0,_,into
92,0,action.,0,0,Intentionally_act,action
92,0,``,0,0,_,`
92,1,Raam,0,0,_,Raam
92,1,Dev,0,0,_,dev
92,1,#,0,0,_,#
92,1,LOVE,0,0,Experiencer_focus,love
92,1,IT,0,0,_,it
92,1,!,0,0,_,!
92,2,Congratulations,0,0,Judgment_direct_address,congratulation
92,2,.,0,0,_,.
92,3,Beautiful,0,0,Aesthetics,beautiful
92,3,",",0,0,_,","
92,3,warm,0,0,Ambient_temperature,warm
92,3,",",0,0,_,","
92,3,inspiring,0,0,Subjective_influence,inspire
93,0,scenario,0,0,_,scenario
93,0,for,0,0,_,for
93,0,which,0,0,_,which
93,0,there,0,0,Existence,there
93,0,is,0,0,Existence,be
93,0,truly,0,0,_,truly
93,0,only,0,0,Sole_instance,only
93,0,one,0,0,Cardinal_numbers,one
93,0,obvious,0,0,Obviousness,obvious
93,0,solution,0,0,_,solution
93,0,",",0,0,_,","
93,0,instead,0,0,_,instead
93,0,of,0,0,_,of
93,0,moving,1,0,Motion,move
93,0,into,1,0,_,into
93,0,action,0,0,Intentionally_act,action
93,0,stand,0,0,Posture,stand
93,0,there,0,0,_,there
93,0,glassy-eyed,0,0,_,glassy
93,0,with,0,0,_,with
93,0,their,0,0,_,their
93,0,mouths,0,0,Body_parts,mouth
93,0,dangling,0,0,Fluidic_motion,dangle
93,0,open,0,0,Openness,open
93,0,.,0,0,_,.
93,1,Like,0,0,_,like
93,1,if,0,0,_,if
93,1,you,0,0,_,you
93,1,'re,0,0,_,be
93,1,at,0,0,Locative_relation,at
93,1,a,0,0,_,a
94,0,ship,0,0,Vehicle,ship
94,0,up,1,0,_,up
94,0,got,1,0,_,get
94,0,it,0,0,_,it
94,0,?,0,0,_,?
94,0,``,0,0,_,`
94,1,Without,1,0,_,without
94,1,even,0,0,_,even
94,1,a,0,0,_,a
94,1,hesitation,0,0,_,hesitation
94,1,",",0,0,_,","
94,1,Delta,0,0,_,Delta
94,1,team,0,0,Aggregate,team
94,1,moved,1,0,Motion,move
94,1,into,1,0,_,into
94,1,action,0,0,Intentionally_act,action
94,1,.,0,0,_,.
94,2,#,0,0,_,#
94,2,As,0,0,_,as
94,2,I,0,0,_,I
94,2,was,0,0,_,be
94,2,feeling,0,0,Perception_experience,feel
94,2,the,0,0,_,the
94,2,cold,0,0,Ambient_temperature,cold
94,2,steel,0,0,_,steel
94,2,of,0,0,_,of
94,2,Cracker,0,0,_,Cracker
94,2,Jack,0,0,_,Jack
94,2,'s,0,0,_,be
94,2,pistol,0,0,Weapon,pistol
94,2,on,1,0,Spatial_contact,on
95,0,Solo,0,0,_,solo
95,0,was,0,0,_,be
95,0,stricken,1,1,Emotion_directed,stricken
95,0,with,1,0,_,with
95,0,sorrow,0,0,Emotion_directed,sorrow
95,0,at,1,0,_,at
95,0,the,0,0,_,the
95,0,fate,0,0,_,fate
95,0,of,0,0,_,of
95,0,his,0,0,_,his
95,0,friend,0,0,Personal_relationship,friend
95,0,",",0,0,_,","
95,0,he,0,0,_,he
95,0,moved,1,0,Motion,move
95,0,into,1,0,_,into
95,0,action,0,0,Intentionally_act,action
95,0,along,0,0,Accompaniment,along
95,0,with,0,0,Accompaniment,with
95,0,the,0,0,_,the
95,0,rest,0,0,Rest,rest
95,0,of,0,0,_,of
95,0,the,0,0,_,the
95,0,Jedi,0,0,_,Jedi
95,0,",",0,0,_,","
95,0,raiding,0,0,Attack,raid
95,0,the,0,0,_,the
95,0,cloning,0,0,Cause_change,clone
95,0,site,0,0,Locale_by_use,site
95,0,.,0,0,_,.
95,1,Solo,0,0,_,solo
95,1,and,0,0,_,and
96,0,defense,0,0,Defending,defense
96,0,forces,0,0,Military,force
96,0,",",0,0,_,","
96,0,armed,1,1,Bearing_arms,armed
96,0,with,1,0,_,with
96,0,billions,0,0,Quantified_mass,billion
96,0,of,0,0,_,of
96,0,rounds,0,0,Ammunition,round
96,0,of,0,0,_,of
96,0,snub-nosed,1,1,_,snub
96,0,ammunition,0,0,Weapon,ammunition
96,0,",",0,0,_,","
96,0,will,0,0,_,will
96,0,move,1,0,Motion,move
96,0,into,1,0,_,into
96,0,action,0,0,Intentionally_act,action
96,0,to,0,0,_,to
96,0,halt,1,1,Activity_stop,halt
96,0,those,1,0,_,those
96,0,midterm,0,0,_,midterm
96,0,elections,0,0,Change_of_leadership,election
96,0,",",0,0,_,","
96,0,as,0,0,_,as
96,0,our,0,0,_,our
96,0,awakened,0,0,_,awaken
96,0,citizenry,0,0,People,citizenry
96,0,",",0,0,_,","
96,0,belatedly,0,0,Relative_time,belatedly
96,0,",",0,0,_,","
96,0,will,0,0,_,will
96,0,have,0,0,_,have
97,0,about,1,0,Topic,about
97,0,it,0,0,_,it
97,0,.,0,0,_,.
97,1,And,0,0,_,and
97,1,then,0,0,_,then
97,1,beyond,1,0,Locative_relation,beyond
97,1,talking,0,0,Chatting,talk
97,1,about,1,0,_,about
97,1,it,0,0,_,it
97,1,",",0,0,_,","
97,1,helping,0,0,Assistance,help
97,1,them,0,0,_,they
97,1,to,0,0,_,to
97,1,move,1,0,Motion,move
97,1,into,1,0,_,into
97,1,action,0,0,Intentionally_act,action
97,1,.,0,0,_,.
97,2,You,0,0,_,you
97,2,know,0,0,Awareness,know
97,2,",",0,0,_,","
97,2,networking,0,0,Network,networking
97,2,is,0,0,_,be
97,2,the,0,0,_,the
97,2,way,1,0,Means,way
97,2,to,0,0,_,to
97,2,connect,1,0,Social_connection,connect
97,2,to,1,0,_,to
97,2,new,0,0,Familiarity,new
97,2,opportunities,0,0,Alternatives,opportunity
97,2,and,0,0,_,and
97,2,if,0,0,_,if
98,0,business,0,0,Businesses,business
98,0,",",0,0,_,","
98,0,technology,0,0,Artifact,technology
98,0,",",0,0,_,","
98,0,and,0,0,_,and
98,0,academiasectors,0,0,_,academiasector
98,0,.,0,0,_,.
98,1,All,0,0,Quantified_mass,all
98,1,waited,0,0,Waiting,wait
98,1,for,0,0,_,for
98,1,their,0,0,_,their
98,1,opportunity,0,0,_,opportunity
98,1,to,0,0,_,to
98,1,move,1,0,Motion,move
98,1,into,1,0,_,into
98,1,action,0,0,Intentionally_act,action
98,1,.,0,0,_,.
98,2,For,0,0,_,for
98,2,many,0,0,Quantified_mass,many
98,2,of,0,0,Partitive,of
98,2,them,0,0,_,they
98,2,",",0,0,_,","
98,2,their,0,0,_,their
98,2,trails,1,0,Roadways,trail
98,2,were,0,0,_,be
98,2,obscured,1,1,_,obscure
98,2,",",0,0,_,","
98,2,their,0,0,_,their
98,2,lives,0,0,_,live
98,2,reshaped,1,1,Cause_change,reshape
98,2,",",0,0,_,","
99,0,Armstrong,0,0,_,Armstrong
99,0,'s,0,0,_,be
99,0,LiveStrong,0,0,_,LiveStrong
99,0,foundation,1,1,_,foundation
99,0,last,0,0,Relative_time,last
99,0,year,0,0,Calendric_unit,year
99,0,.,0,0,_,.
99,1,#,0,0,_,#
99,1,Beck,0,0,_,Beck
99,1,said,0,0,Statement,say
99,1,she,0,0,_,she
99,1,was,0,0,_,be
99,1,particularly,0,0,_,particularly
99,1,moved,1,0,Cause_to_start,move
99,1,into,1,0,_,into
99,1,action,0,0,Intentionally_act,action
99,1,when,0,0,Temporal_collocation,when
99,1,she,0,0,_,she
99,1,started,0,0,Activity_start,start
99,1,her,0,0,_,she
99,1,chemotherapy,0,0,_,chemotherapy
99,1,treatment,0,0,Cure,treatment
99,1,.,0,0,_,.
99,2,She,0,0,_,she
99,2,was,0,0,_,be
99,2,sitting,0,0,Posture,sit
99,2,in,0,0,Interior_profile_relation,in
99,2,a,0,0,_,a
99,2,clinic,0,0,Locale_by_use,clinic
99,2,with,0,0,_,with
99,2,a,0,0,_,a
100,0,and,0,0,_,and
100,0,participatory,0,0,Participation,participatory
100,0,research,0,0,Research,research
100,0,",",0,0,_,","
100,0,and,0,0,_,and
100,0,places,1,0,_,place
100,0,a,0,0,_,a
100,0,special,0,0,_,special
100,0,emphasis,1,1,Emphasizing,emphasis
100,0,on,1,0,_,on
100,0,critical,0,0,_,critical
100,0,thinking,0,0,Awareness,think
100,0,and,0,0,_,and
100,0,moving,1,0,Motion,move
100,0,into,1,0,_,into
100,0,action,0,0,Intentionally_act,action
100,0,``,0,0,_,`
100,0,(,0,0,_,(
100,0,p.,0,0,_,p.
100,0,8,0,0,_,8
100,0,),0,0,_,)
100,0,.,0,0,_,.
100,1,#,0,0,_,#
100,1,The,0,0,_,the
100,1,similarities,0,0,Similarity,similarity
100,1,between,1,0,_,between
100,1,empowerment-oriented,0,0,_,empowerment
100,1,school,0,0,Locale_by_use,school
100,1,interventions,0,0,_,intervention
100,1,like,0,0,_,like
100,1,ASIP,0,0,_,ASIP
101,0,",",0,0,_,","
101,0,fighting,1,1,Hostile_encounter,fight
101,0,for,0,0,_,for
101,0,any,0,0,Quantified_mass,any
101,0,news,0,0,_,news
101,0,of,0,0,_,of
101,0,Neil,0,0,_,Neil
101,0,.,0,0,_,.
101,1,#,0,0,_,#
101,1,At,0,0,_,at
101,1,least,0,0,_,least
101,1,he,0,0,_,he
101,1,could,0,0,Capability,could
101,1,move,1,0,Motion,move
101,1,into,1,0,_,into
101,1,action,0,0,Intentionally_act,action
101,1,now,0,0,Temporal_collocation,now
101,1,",",0,0,_,","
101,1,thanks,0,0,_,thank
101,1,to,1,0,_,to
101,1,that,1,0,_,that
101,1,asinine,0,0,_,asinine
101,1,European,0,0,_,european
101,1,decision,0,0,Deciding,decision
101,1,to,0,0,_,to
101,1,give,1,0,Giving,give
101,1,Russia,0,0,_,Russia
101,1,command,1,0,Leadership,command
101,1,of,0,0,_,of
101,1,the,0,0,_,the
101,1,army,0,0,Military,army
102,0,Everything,0,0,_,everything
102,0,is,0,0,_,be
102,0,in,1,0,_,in
102,0,place,0,0,Locale,place
102,0,.,0,0,_,.
102,1,Yegor,0,0,_,yegor
102,1,handle,1,1,Resolve_problem,handle
102,1,diversion,1,1,_,diversion
102,1,when,0,0,Temporal_collocation,when
102,1,re-entry,0,0,Arriving,re
102,1,begin,0,0,Process_start,begin
102,1,.,0,0,_,.
102,2,We,0,0,_,we
102,2,move,0,0,Motion,move
102,2,into,1,0,_,into
102,2,action,0,0,Intentionally_act,action
102,2,",",0,0,_,","
102,2,reset,0,0,_,reset
102,2,new,0,0,Age,new
102,2,landing,0,0,_,land
102,2,coordinates,0,0,_,coordinate
102,2,.,0,0,_,.
102,3,Ah,0,0,_,ah
102,3,",",0,0,_,","
102,3,not,0,0,_,not
102,3,worry,1,0,Emotion_directed,worry
102,3,",",0,0,_,","
102,3,Comrade,0,0,_,comrade
102,3,.,0,0,_,.
102,4,I,0,0,_,I
102,4,not,0,0,_,not
103,0,together,0,0,Collaboration,together
103,0,",",0,0,_,","
103,0,so,0,0,_,so
103,0,after,0,0,Relative_time,after
103,0,Darrel,0,0,_,Darrel
103,0,backed,0,0,Self_motion,back
103,0,up,0,0,_,up
103,0,to,0,0,_,to
103,0,the,0,0,_,the
103,0,front,0,0,Part_orientational,front
103,0,door,0,0,Connecting_architecture,door
103,0,",",0,0,_,","
103,0,we,0,0,_,we
103,0,moved,1,0,Motion,move
103,0,into,1,0,_,into
103,0,action,0,0,Intentionally_act,action
103,0,.,0,0,_,.
103,1,We,0,0,_,we
103,1,found,0,0,Becoming_aware,find
103,1,power,0,0,Electricity,power
103,1,and,0,0,_,and
103,1,water,0,0,Substance,water
103,1,in,0,0,Interior_profile_relation,in
103,1,the,0,0,_,the
103,1,basement,0,0,Building_subparts,basement
103,1,",",0,0,_,","
103,1,and,0,0,_,and
103,1,Darrel,0,0,_,Darrel
103,1,began,0,0,Activity_start,begin
103,1,beating,0,0,Cause_harm,beat
103,1,the,0,0,_,the
104,0,took,1,0,Event,take
104,0,place,0,0,Event,place
104,0,in,1,0,Temporal_collocation,in
104,0,March,0,0,_,March
104,0,2003,0,0,_,2003
104,0,",",0,0,_,","
104,0,on,1,0,_,on
104,0,the,0,0,_,the
104,0,day,0,0,Calendric_unit,day
104,0,before,0,0,Time_vector,before
104,0,they,0,0,_,they
104,0,were,0,0,_,be
104,0,to,0,0,_,to
104,0,move,1,0,Motion,move
104,0,into,1,0,_,into
104,0,action,0,0,Intentionally_act,action
104,0,in,0,0,Interior_profile_relation,in
104,0,Iraq,0,0,_,Iraq
104,0,.,0,0,_,.
104,1,At,1,0,Temporal_collocation,at
104,1,nine,0,0,Cardinal_numbers,nine
104,1,minutes,0,0,Measure_duration,minute
104,1,after,1,0,Time_vector,after
104,1,the,0,0,_,the
104,1,hour,0,0,Calendric_unit,hour
104,1,",",0,0,_,","
104,1,let,0,0,_,let
104,1,'s,0,0,_,be
104,1,check,0,0,_,check
104,1,in,0,0,_,in
104,1,with,0,0,_,with
105,0,voice,0,0,Body_parts,voice
105,0,hoarse,0,0,Make_noise,hoarse
105,0,and,0,0,_,and
105,0,faraway,0,0,_,faraway
105,0,and,0,0,_,and
105,0,not,0,0,Negation,not
105,0,his,0,0,_,his
105,0,own,0,0,_,own
105,0,",",0,0,_,","
105,0,even,0,0,_,even
105,0,as,0,0,_,as
105,0,his,0,0,_,his
105,0,body,0,0,Body_parts,body
105,0,moved,1,0,Motion,move
105,0,into,1,0,_,into
105,0,action,0,0,Intentionally_act,action
105,0,and,0,0,_,and
105,0,they,0,0,_,they
105,0,rapidly,0,0,Taking_time,rapidly
105,0,wheeled,0,0,Cause_motion,wheel
105,0,Milla,0,0,_,milla
105,0,into,0,0,Goal,into
105,0,the,0,0,_,the
105,0,surgical,0,0,_,surgical
105,0,bay,0,0,_,bay
105,0,he,0,0,_,he
105,0,had,0,0,_,have
105,0,just,0,0,_,just
105,0,left.,0,0,Departing,leave
105,0,``,0,0,_,`
106,0,HEROINE,0,0,_,heroine
106,0,#,0,0,_,#
106,0,Come,1,0,_,come
106,0,on,1,0,_,on
106,0,!,0,0,_,!
106,1,Let,0,0,_,let
106,1,'s,0,0,_,be
106,1,blow,0,0,_,blow
106,1,this,0,0,_,this
106,1,thing,0,0,Entity,thing
106,1,!,0,0,_,!
106,2,The,0,0,_,the
106,2,others,0,0,Increment,other
106,2,move,1,0,Motion,move
106,2,into,1,0,_,into
106,2,action,0,0,Intentionally_act,action
106,2,.,0,0,_,.
106,3,Beer,0,0,_,beer
106,3,Guy,0,0,_,guy
106,3,takes,0,0,Removing,take
106,3,off,0,0,Wearing,off
106,3,his,0,0,_,his
106,3,shirt,0,0,Clothing,shirt
106,3,and,0,0,_,and
106,3,shoves,0,0,Cause_motion,shove
106,3,it,0,0,_,it
106,3,into,0,0,_,into
106,3,the,0,0,_,the
106,3,fuel,0,0,_,fuel
106,3,tank,0,0,Containers,tank
106,3,.,0,0,_,.
107,0,man,0,0,People,man
107,0,.,0,0,_,.
107,1,#,0,0,_,#
107,1,#,0,0,_,#
107,1,NATALIE,0,0,_,NATALIE
107,1,#,0,0,_,#
107,1,Nice,0,0,Desirability,nice
107,1,work,0,0,Work,work
107,1,",",0,0,_,","
107,1,Dyl,0,0,_,dyl
107,1,.,0,0,_,.
107,2,#,0,0,_,#
107,2,They,0,0,_,they
107,2,move,1,0,Motion,move
107,2,into,1,0,_,into
107,2,action,0,0,Intentionally_act,action
107,2,.,0,0,_,.
107,3,#,0,0,_,#
107,3,EXT,0,0,_,EXT
107,3,.,0,0,_,.
107,4,SECOND,0,0,Ordinal_numbers,second
107,4,STORY,0,0,Text,story
107,4,VERANDAH,0,0,_,VERANDAH
107,4,-,0,0,_,-
107,4,DAY,0,0,Calendric_unit,DAY
107,4,#,0,0,_,#
107,4,Dylan,0,0,_,Dylan
107,4,is,0,0,_,be
107,4,led,0,0,Leadership,lead
107,4,inside,0,0,Part_inner_outer,inside
107,4,by,0,0,_,by
108,0,tide,1,1,_,tide
108,0,of,0,0,_,of
108,0,infectious,0,0,_,infectious
108,0,and,0,0,_,and
108,0,nutritional,0,0,_,nutritional
108,0,diseases,0,0,Medical_conditions,disease
108,0,was,0,0,_,be
108,0,rapidly,0,0,Taking_time,rapidly
108,0,receding,0,0,Change_position_on_a_scale,recede
108,0,when,0,0,Temporal_collocation,when
108,0,the,0,0,_,the
108,0,laboratory,0,0,Locale_by_use,laboratory
108,0,scientist,0,0,People_by_vocation,scientist
108,0,moved,1,0,Motion,move
108,0,into,1,0,_,into
108,0,action,0,0,Intentionally_act,action
108,0,at,1,0,Temporal_collocation,at
108,0,the,0,0,_,the
108,0,end,1,0,Temporal_subregion,end
108,0,of,0,0,_,of
108,0,the,0,0,_,the
108,0,past,0,0,Relative_time,past
108,0,century,0,0,Calendric_unit,century
108,0,.,0,0,_,.
108,1,(,0,0,_,(
108,1,n9,0,0,_,n9
108,1,),0,0,_,)
108,1,#,0,0,_,#
108,1,Our,0,0,_,our
108,1,social,0,0,_,social
108,1,systems,1,1,System,system
108,1,",",0,0,_,","
109,0,unceremoniously,0,0,_,unceremoniously
109,0,fired,0,0,Shoot_projectiles,fire
109,0,and,0,0,_,and
109,0,arrested,0,0,Arrest,arrest
109,0,",",0,0,_,","
109,0,his,0,0,_,his
109,0,wife,0,0,Personal_relationship,wife
109,0,",",0,0,_,","
109,0,Wan,0,0,_,Wan
109,0,Azizah,0,0,_,Azizah
109,0,Ismail,0,0,_,Ismail
109,0,",",0,0,_,","
109,0,quickly,0,0,Speed_description,quickly
109,0,moved,1,0,Motion,move
109,0,into,1,0,_,into
109,0,action,0,0,Intentionally_act,action
109,0,.,0,0,_,.
109,1,The,0,0,_,the
109,1,charges,1,0,Notification_of_charges,charge
109,1,against,1,0,_,against
109,1,Ibrahim,0,0,_,Ibrahim
109,1,are,0,0,_,be
109,1,widely,0,0,_,widely
109,1,believed,0,0,Awareness,believe
109,1,to,0,0,_,to
109,1,be,0,0,_,be
109,1,trumped,1,1,_,trump
109,1,up,1,0,_,up
109,1,by,0,0,_,by
109,1,Prime,0,0,Leadership,prime
109,1,Minister,0,0,Leadership,Minister
110,0,removed,1,1,Removing,remove
110,0,from,0,0,_,from
110,0,where,0,0,Locative_relation,where
110,0,it,0,0,_,it
110,0,started,1,0,Process_start,start
110,0,.,0,0,_,.
110,1,When,0,0,Temporal_collocation,when
110,1,she,0,0,_,she
110,1,talks,0,0,Chatting,talk
110,1,",",0,0,_,","
110,1,her,0,0,_,she
110,1,hands,0,0,Body_parts,hand
110,1,inevitably,0,0,_,inevitably
110,1,move,1,0,Motion,move
110,1,into,1,0,_,into
110,1,action,0,0,Intentionally_act,action
110,1,",",0,0,_,","
110,1,and,0,0,_,and
110,1,her,0,0,_,she
110,1,contributions,1,1,Giving,contribution
110,1,are,0,0,_,be
110,1,invariably,0,0,_,invariably
110,1,upbeat,0,0,_,upbeat
110,1,.,0,0,_,.
110,2,But,0,0,Concessive,but
110,2,she,0,0,_,she
110,2,holds,0,0,_,hold
110,2,back,0,0,_,back
110,2,",",0,0,_,","
110,2,seemingly,0,0,_,seemingly
110,2,aware,0,0,Awareness,aware
111,0,and,0,0,_,and
111,0,depress,1,1,Experiencer_obj,depress
111,0,readers,0,0,_,reader
111,0,.,0,0,_,.
111,1,I,0,0,_,I
111,1,personally,0,0,_,personally
111,1,want,0,0,Desiring,want
111,1,to,0,0,_,to
111,1,be,0,0,_,be
111,1,inspired,0,0,Subjective_influence,inspire
111,1,and,0,0,_,and
111,1,maybe,0,0,_,maybe
111,1,even,0,0,_,even
111,1,moved,1,0,_,move
111,1,into,1,0,_,into
111,1,action,0,0,Intentionally_act,action
111,1,!,0,0,_,!
111,2,#,0,0,_,#
111,2,The,0,0,_,the
111,2,status,0,0,_,status
111,2,quo,0,0,_,quo
111,2,style,0,0,Type,style
111,2,of,0,0,_,of
111,2,journalism,0,0,_,journalism
111,2,has,0,0,_,have
111,2,certainly,0,0,Likelihood,certainly
111,2,chased,1,1,Cotheme,chase
111,2,me,0,0,_,I
111,2,away,1,0,_,away
111,2,from,1,0,_,from
111,2,editorial,0,0,Text,editorial
112,0,restaurant,0,0,Locale_by_use,restaurant
112,0,quietly,0,0,_,quietly
112,0,.,0,0,_,.
112,1,But,0,0,Concessive,but
112,1,when,0,0,Temporal_collocation,when
112,1,Mr.,0,0,_,Mr.
112,1,Carrillo,0,0,_,carrillo
112,1,died,0,0,Death,die
112,1,last,0,0,Relative_time,last
112,1,year,0,0,Calendric_unit,year
112,1,",",0,0,_,","
112,1,Mr.,0,0,_,Mr.
112,1,Munoz,0,0,_,Munoz
112,1,moved,1,0,Motion,move
112,1,into,1,0,_,into
112,1,action,0,0,Intentionally_act,action
112,1,",",0,0,_,","
112,1,officials,0,0,Leadership,official
112,1,from,0,0,Origin,from
112,1,both,0,0,Quantified_mass,both
112,1,countries,0,0,Political_locales,country
112,1,said,0,0,Statement,say
112,1,.,0,0,_,.
112,2,#,0,0,_,#
112,2,Francisco,0,0,_,Francisco
112,2,Barrio,0,0,_,Barrio
112,2,Terrazas,0,0,_,Terrazas
112,2,",",0,0,_,","
112,2,the,0,0,_,the
112,2,Governor,0,0,Leadership,Governor
112,2,of,0,0,_,of
113,0,#,0,0,_,#
113,0,The,0,0,_,the
113,0,second,0,0,Ordinal_numbers,second
113,0,hand,0,0,Body_parts,hand
113,0,on,1,0,_,on
113,0,Luther,0,0,_,Luther
113,0,'s,0,0,_,be
113,0,watch,0,0,_,watch
113,0,hits,1,0,Impact,hit
113,0,the,0,0,_,the
113,0,top,0,0,Part_orientational,top
113,0,and,0,0,_,and
113,0,he,0,0,_,he
113,0,moves,0,0,Motion,move
113,0,into,1,0,_,into
113,0,action,0,0,Intentionally_act,action
113,0,.,0,0,_,.
113,1,#,0,0,_,#
113,1,--,0,0,_,--
113,1,He,0,0,_,he
113,1,points,0,0,Manipulation,point
113,1,the,0,0,_,the
113,1,clicker,0,0,_,clicker
113,1,at,0,0,_,at
113,1,the,0,0,_,the
113,1,door,0,0,Connecting_architecture,door
113,1,--,0,0,_,--
113,1,#,0,0,_,#
113,1,--,0,0,_,--
113,1,the,0,0,_,the
113,1,door,0,0,Connecting_architecture,door
114,0,explicit,0,0,_,explicit
114,0,preference,0,0,Choosing,preference
114,0,.,0,0,_,.
114,1,However,0,0,_,however
114,1,",",0,0,_,","
114,1,we,0,0,_,we
114,1,are,0,0,_,be
114,1,equipped,0,0,Supply,equip
114,1,and,0,0,_,and
114,1,would,0,0,_,would
114,1,be,0,0,_,be
114,1,able,0,0,Capability,able
114,1,to,0,0,_,to
114,1,move,0,0,Motion,move
114,1,into,1,0,_,into
114,1,action,0,0,Intentionally_act,action
114,1,within,1,0,Temporal_collocation,within
114,1,days,0,0,Calendric_unit,day
114,1,in,1,0,_,in
114,1,our,0,0,_,our
114,1,traditional,0,0,Custom,traditional
114,1,capacity,0,0,Capability,capacity
114,1,of,0,0,_,of
114,1,",",0,0,_,","
114,1,after,0,0,Time_vector,after
114,1,initial,0,0,Version_sequence,initial
114,1,eligibility,0,0,_,eligibility
114,1,has,0,0,_,have
114,1,been,0,0,_,be
114,1,established,0,0,Intentionally_create,establish
114,1,",",0,0,_,","
115,0,are,0,0,_,be
115,0,born,1,0,Being_born,bear
115,0,with,1,0,_,with
115,0,a,0,0,_,a
115,0,tendency,0,0,Likelihood,tendency
115,0,to,0,0,_,to
115,0,venture,1,1,Motion,venture
115,0,",",0,0,_,","
115,0,respond,1,0,Response,respond
115,0,openly,0,0,_,openly
115,0,",",0,0,_,","
115,0,and,0,0,_,and
115,0,quickly,0,0,Speed_description,quickly
115,0,move,1,0,Motion,move
115,0,into,1,0,_,into
115,0,action,0,0,Intentionally_act,action
115,0,.,0,0,_,.
115,1,It,0,0,_,it
115,1,is,0,0,_,be
115,1,observed,0,0,Perception_experience,observe
115,1,when,0,0,Temporal_collocation,when
115,1,they,0,0,_,they
115,1,reach,0,0,Arriving,reach
115,1,out,0,0,_,out
115,1,",",0,0,_,","
115,1,touch,0,0,_,touch
115,1,",",0,0,_,","
115,1,grab,0,0,_,grab
115,1,",",0,0,_,","
115,1,get,0,0,Transition_to_state,get
115,1,involved,0,0,Participation,involve
116,0,reflect,0,0,Cogitation,reflect
116,0,and,0,0,_,and
116,0,think,0,0,Cogitation,think
116,0,.,0,0,_,.
116,1,However,0,0,Concessive,however
116,1,",",0,0,_,","
116,1,we,0,0,_,we
116,1,also,0,0,_,also
116,1,want,0,0,Desiring,want
116,1,them,0,0,_,they
116,1,to,0,0,_,to
116,1,respond,0,0,Response,respond
116,1,",",0,0,_,","
116,1,move,1,0,Motion,move
116,1,into,1,0,_,into
116,1,action,0,0,Intentionally_act,action
116,1,",",0,0,_,","
116,1,and,0,0,_,and
116,1,get,0,0,Transition_to_state,get
116,1,involved,0,0,Participation,involve
116,1,.,0,0,_,.
116,2,Perceiving,0,0,_,perceive
116,2,children,0,0,Kinship,child
116,2,with,1,0,_,with
116,2,these,1,0,_,these
116,2,two,0,0,Cardinal_numbers,two
116,2,resources,1,0,_,resource
116,2,as,0,0,_,as
116,2,inherent,0,0,_,inherent
116,2,strengths,1,1,_,strength
116,2,enables,0,0,_,enable
117,0,child,0,0,People_by_age,child
117,0,who,0,0,_,who
117,0,has,1,0,Possession,have
117,0,a,0,0,_,a
117,0,key,0,0,Importance,key
117,0,resource,1,1,_,resource
117,0,of,0,0,_,of
117,0,venturing,1,1,Self_motion,venture
117,0,--,0,0,_,--
117,0,that,1,0,_,that
117,0,is,0,0,_,be
117,0,",",0,0,_,","
117,0,who,0,0,_,who
117,0,moves,1,0,Motion,move
117,0,into,1,0,_,into
117,0,action,0,0,Intentionally_act,action
117,0,",",0,0,_,","
117,0,gets,0,0,Transition_to_state,get
117,0,involved,0,0,Participation,involve
117,0,quickly,0,0,Speed_description,quickly
117,0,",",0,0,_,","
117,0,responds,0,0,Response,respond
117,0,",",0,0,_,","
117,0,and,0,0,_,and
117,0,is,0,0,_,be
117,0,``,0,0,_,`
117,0,into,1,0,_,into
117,0,everything,0,0,_,everything
117,0,",",0,0,_,","
117,0,``,0,0,_,`
117,0,can,0,0,Capability,can
118,0,.,0,0,_,.
118,0,``,0,0,_,`
118,1,#,0,0,_,#
118,1,And,0,0,_,and
118,1,behind,1,0,_,behind
118,1,the,0,0,_,the
118,1,scenes,1,1,_,scene
118,1,",",0,0,_,","
118,1,authorities,0,0,Leadership,authority
118,1,say,0,0,Statement,say
118,1,",",0,0,_,","
118,1,Patrick,0,0,_,Patrick
118,1,Hallinan,0,0,_,Hallinan
118,1,moved,1,0,Motion,move
118,1,into,1,0,_,into
118,1,action,0,0,Intentionally_act,action
118,1,again,0,0,_,again
118,1,on,0,0,_,on
118,1,behalf,0,0,_,behalf
118,1,of,0,0,_,of
118,1,Mancuso,0,0,_,Mancuso
118,1,and,0,0,_,and
118,1,his,0,0,_,his
118,1,cohorts,0,0,Aggregate,cohort
118,1,.,0,0,_,.
118,2,#,0,0,_,#
118,2,On,1,0,Temporal_collocation,on
118,2,March,0,0,Calendric_unit,March
118,2,3,0,0,_,3
118,2,",",0,0,_,","
118,2,1989,0,0,_,1989
119,0,that,0,0,_,that
119,0,by,1,0,_,by
119,0,this,1,0,_,this
119,0,weekend,0,0,Calendric_unit,weekend
119,0,the,0,0,_,the
119,0,Clinton,0,0,_,Clinton
119,0,administration,0,0,_,administration
119,0,has,0,0,_,have
119,0,gotten,1,0,Transition_to_state,get
119,0,off,1,0,_,off
119,0,the,0,0,_,the
119,0,sidelines,1,1,_,sideline
119,0,and,0,0,_,and
119,0,moved,1,0,_,move
119,0,into,1,0,_,into
119,0,action,0,0,Intentionally_act,action
119,0,on,1,0,_,on
119,0,both,0,0,_,both
119,0,the,0,0,_,the
119,0,military,0,0,Military,military
119,0,and,0,0,_,and
119,0,diplomatic,0,0,_,diplomatic
119,0,fronts,1,1,_,front
119,0,-,0,0,_,-
119,0,that,1,0,_,that
119,0,'s,0,0,_,be
119,0,to,0,0,_,to
119,0,say,0,0,Statement,say
119,0,the,0,0,_,the
119,0,NATO,0,0,_,NATO
119,0,ultimatum,0,0,_,ultimatum
120,0,after,1,0,Relative_time,after
120,0,Alquist,0,0,_,alquist
120,0,'s,0,0,_,be
120,0,bill,0,0,Law,bill
120,0,was,0,0,_,be
120,0,introduced,0,0,_,introduce
120,0,in,1,0,Temporal_collocation,in
120,0,February,0,0,_,February
120,0,",",0,0,_,","
120,0,the,0,0,_,the
120,0,California,0,0,_,California
120,0,Judges,0,0,_,judge
120,0,Association,0,0,Organization,association
120,0,moved,1,0,_,move
120,0,into,1,0,_,into
120,0,action,0,0,Intentionally_act,action
120,0,",",0,0,_,","
120,0,convening,0,0,Come_together,convene
120,0,meetings,0,0,Discussion,meeting
120,0,of,0,0,_,of
120,0,its,0,0,_,its
120,0,top,1,0,Occupy_rank,top
120,0,officers,0,0,Leadership,officer
120,0,and,0,0,_,and
120,0,faxing,0,0,Sending,fax
120,0,copies,0,0,_,copy
120,0,of,0,0,_,of
120,0,the,0,0,_,the
120,0,bill,0,0,_,bill
120,0,to,1,0,Goal,to
120,0,members,1,0,Membership,member
121,0,",",0,0,_,","
121,0,and,0,0,_,and
121,0,supernovas,0,0,_,supernova
121,0,.,0,0,_,.
121,1,On,1,0,_,on
121,1,the,0,0,_,the
121,1,basis,0,0,_,basis
121,1,of,0,0,_,of
121,1,amateur,0,0,_,amateur
121,1,reports,0,0,Statement,report
121,1,",",0,0,_,","
121,1,professionals,0,0,Expertise,professional
121,1,quickly,0,0,Speed_description,quickly
121,1,move,1,0,Motion,move
121,1,into,1,0,_,into
121,1,action,0,0,Intentionally_act,action
121,1,;,0,0,_,;
121,1,they,0,0,_,they
121,1,stop,0,0,Preventing_or_letting,stop
121,1,giant,0,0,Size,giant
121,1,research,0,0,Research,research
121,1,telescopes,0,0,_,telescope
121,1,in,0,0,Interior_profile_relation,in
121,1,places,0,0,Locale,place
121,1,like,0,0,_,like
121,1,Mt,0,0,_,Mt
121,1,.,0,0,_,.
121,2,Kea,0,0,_,Kea
121,2,in,0,0,Interior_profile_relation,in
121,2,Hawaii,0,0,_,Hawaii
121,2,and,0,0,_,and
122,0,on,1,0,Spatial_contact,on
122,0,him,0,0,_,he
122,0,now,0,0,Temporal_collocation,now
122,0,.,0,0,_,.
122,1,SMITH,0,0,_,SMITH
122,1,:,0,0,_,:
122,1,(,1,0,_,(
122,1,Voiceover,0,0,_,voiceover
122,1,),0,0,_,)
122,1,And,0,0,_,and
122,1,the,0,0,_,the
122,1,task,0,0,_,task
122,1,force,1,1,Military,force
122,1,moves,1,0,Motion,move
122,1,into,1,0,_,into
122,1,action,0,0,Intentionally_act,action
122,1,.,0,0,_,.
122,2,Officer,0,0,_,officer
122,2,3,0,0,_,3
122,2,:,0,0,_,:
122,2,Tony,0,0,_,Tony
122,2,",",0,0,_,","
122,2,this,0,0,_,this
122,2,is,0,0,_,be
122,2,it,0,0,_,it
122,2,over,0,0,Locative_relation,over
122,2,here,0,0,Locative_relation,here
122,2,on,0,0,Spatial_contact,on
122,2,the,0,0,_,the
122,2,left,0,0,Part_orientational,leave
122,2,--,0,0,_,--
123,0,iron,0,0,Substance,iron
123,0,wings,1,1,Architectural_part,wing
123,0,shut,0,0,Openness,shut
123,0,with,1,0,_,with
123,0,a,0,0,_,a
123,0,bang,0,0,Sounds,bang
123,0,.,0,0,_,.
123,1,Ten,0,0,Cardinal_numbers,ten
123,1,guys,0,0,People,guy
123,1,who,0,0,_,who
123,1,watched,0,0,Perception_active,watch
123,1,it,0,0,_,it
123,1,happen,0,0,Event,happen
123,1,moved,1,0,Motion,move
123,1,into,1,0,_,into
123,1,action,0,0,Intentionally_act,action
123,1,as,0,0,_,as
123,1,one,0,0,Cardinal_numbers,one
123,1,.,0,0,_,.
123,2,Omani,0,0,_,omani
123,2,quicked,0,0,Self_motion,quicke
123,2,over,0,0,_,over
123,2,to,0,0,_,to
123,2,his,0,0,_,his
123,2,bench,0,0,_,bench
123,2,and,0,0,_,and
123,2,stood,0,0,Posture,stand
123,2,close,0,0,_,close
123,2,over,0,0,_,over
123,2,the,0,0,_,the
123,2,couple,0,0,Personal_relationship,couple
124,0,the,0,0,_,the
124,0,era,0,0,Calendric_unit,era
124,0,of,0,0,_,of
124,0,American,0,0,Origin,american
124,0,climate,0,0,_,climate
124,0,change,0,0,Undergo_change,change
124,0,denialism,0,0,_,denialism
124,0,over,0,0,Process_completed_state,over
124,0,.,0,0,_,.
124,1,WILLIAM-BRANGHAM,0,0,_,WILLIAM
124,1,),0,0,_,)
124,1,:,0,0,_,:
124,1,Villasenor,0,0,_,Villasenor
124,1,was,0,0,_,be
124,1,moved,1,0,Cause_motion,move
124,1,to,1,0,_,to
124,1,action,0,0,Intentionally_act,action
124,1,after,0,0,Relative_time,after
124,1,a,0,0,_,a
124,1,trip,0,0,Travel,trip
124,1,back,1,0,_,back
124,1,to,0,0,_,to
124,1,her,0,0,_,she
124,1,home,0,0,Foreign_or_domestic_country,home
124,1,state,0,0,Political_locales,state
124,1,of,0,0,_,of
124,1,California,0,0,_,California
124,1,was,0,0,_,be
124,1,cut,1,0,Cause_change_of_position_on_a_scale,cut
124,1,short,1,0,Duration_description,short
124,1,by,0,0,_,by
124,1,last,0,0,Ordinal_numbers,last
125,0,or,0,0,_,or
125,0,",",0,0,_,","
125,0,more,0,0,_,more
125,0,broadly,1,1,_,broadly
125,0,",",0,0,_,","
125,0,of,0,0,Partitive,of
125,0,the,0,0,_,the
125,0,millions,0,0,Quantified_mass,million
125,0,of,0,0,_,of
125,0,women,0,0,People,woman
125,0,who,0,0,_,who
125,0,had,0,0,_,have
125,0,been,0,0,_,be
125,0,moved,1,0,Subjective_influence,move
125,0,to,1,0,_,to
125,0,action,0,0,Intentionally_act,action
125,0,in,1,0,_,in
125,0,past,0,0,Relative_time,past
125,0,two,0,0,Cardinal_numbers,two
125,0,years,0,0,Calendric_unit,year
125,0,?,0,0,_,?
125,1,It,0,0,_,it
125,1,was,0,0,_,be
125,1,unclear,0,0,Obviousness,unclear
125,1,",",0,0,_,","
125,1,but,0,0,_,but
125,1,she,0,0,_,she
125,1,repeated,0,0,Adducing,repeat
125,1,her,0,0,_,she
125,1,words,0,0,Statement,word
125,1,.,0,0,_,.
126,0,threw,1,0,_,throw
126,0,themselves,0,0,_,themselves
126,0,against,1,0,_,against
126,0,danger,0,0,Risky_situation,danger
126,0,to,0,0,_,to
126,0,assist,0,0,Assistance,assist
126,0,fellow,0,0,_,fellow
126,0,crew,0,0,Aggregate,crew
126,0,without,1,0,_,without
126,0,thought,0,0,Cogitation,think
126,0,for,0,0,_,for
126,0,themselves,0,0,_,themselves
126,0,",",0,0,_,","
126,0,moved,1,0,Motion,move
126,0,to,1,0,_,to
126,0,action,0,0,Intentionally_act,action
126,0,regardless,0,0,_,regardless
126,0,of,0,0,_,of
126,0,accompanying,0,0,_,accompany
126,0,terror,0,0,Fear,terror
126,0,.,0,0,_,.
126,1,They,0,0,_,they
126,1,seem,0,0,Give_impression,seem
126,1,alien,0,0,_,alien
126,1,to,1,0,_,to
126,1,me,0,0,_,I
126,1,.,0,0,_,.
126,2,I,0,0,_,I
126,2,'m,0,0,_,'
126,2,fully,0,0,_,fully
126,2,aware,0,0,Awareness,aware
127,0,liberal,0,0,_,liberal
127,0,",",0,0,_,","
127,0,we,0,0,_,we
127,0,are,0,0,_,be
127,0,all,0,0,Quantified_mass,all
127,0,Americans,0,0,People_by_origin,Americans
127,0,--,0,0,_,--
127,0,and,0,0,_,and
127,0,we,0,0,_,we
127,0,all,0,0,_,all
127,0,are,0,0,_,be
127,0,human,0,0,People,human
127,0,beings,0,0,People,being
127,0,moved,1,0,Subjective_influence,move
127,0,to,1,0,_,to
127,0,action,0,0,Intentionally_act,action
127,0,by,0,0,_,by
127,0,the,0,0,_,the
127,0,suffering,0,0,Catastrophe,suffer
127,0,we,0,0,_,we
127,0,see,1,0,Perception_experience,see
127,0,.,0,0,_,.
127,1,#,0,0,_,#
127,1,The,0,0,_,the
127,1,tragic,0,0,Killing,tragic
127,1,events,0,0,Event,event
127,1,of,0,0,_,of
127,1,recent,0,0,Relative_time,recent
127,1,weeks,0,0,Calendric_unit,week
127,1,prove,1,1,Evidence,prove
127,1,we,0,0,_,we
128,0,Kurdish,0,0,_,kurdish
128,0,women,0,0,People,woman
128,0,were,0,0,_,be
128,0,carrying,0,0,Bringing,carry
128,0,guns,0,0,Weapon,gun
128,0,",",0,0,_,","
128,0,Leyla,0,0,_,Leyla
128,0,Zana,0,0,_,Zana
128,0,said,0,0,Statement,say
128,0,",",0,0,_,","
128,0,``,0,0,_,`
128,0,I,0,0,_,I
128,0,was,0,0,_,be
128,0,moved,1,0,Subjective_influence,move
128,0,to,1,0,_,to
128,0,action,0,0,Intentionally_act,action
128,0,.,0,0,_,.
128,1,This,1,0,_,this
128,1,changes,1,0,Cause_change,change
128,1,everything,0,0,_,everything
128,1,",",0,0,_,","
128,1,I,0,0,_,I
128,1,told,0,0,Telling,tell
128,1,myself,0,0,_,myself
128,1,",",0,0,_,","
128,1,a,0,0,_,a
128,1,woman,0,0,People,woman
128,1,is,0,0,_,be
128,1,also,0,0,_,also
128,1,a,0,0,_,a
128,1,human,0,0,People,human
129,0,School,0,0,Locale_by_use,school
129,0,in,1,0,Temporal_collocation,in
129,0,1999,0,0,_,1999
129,0,and,0,0,_,and
129,0,an,0,0,_,an
129,0,Aurora,0,0,_,Aurora
129,0,movie,0,0,_,movie
129,0,theater,0,0,Locale_by_use,theater
129,0,in,1,0,Temporal_collocation,in
129,0,2012,0,0,_,2012
129,0,--,0,0,_,--
129,0,and,0,0,_,and
129,0,further,1,1,Increment,far
129,0,moved,1,0,Motion,move
129,0,to,1,0,_,to
129,0,action,0,0,Intentionally_act,action
129,0,after,0,0,Relative_time,after
129,0,first-graders,0,0,_,first
129,0,were,0,0,_,be
129,0,slain,0,0,Killing,slay
129,0,at,0,0,Locative_relation,at
129,0,a,0,0,_,a
129,0,Connecticut,0,0,_,Connecticut
129,0,elementary,0,0,_,elementary
129,0,school,0,0,Locale_by_use,school
129,0,in,1,0,Temporal_collocation,in
129,0,December.,0,0,Calendric_unit,December
129,0,``,0,0,_,`
129,1,We,0,0,_,we
129,1,are,0,0,_,be
130,0,social,0,0,_,social
130,0,issues,0,0,Point_of_dispute,issue
130,0,related,0,0,Cognitive_connection,relate
130,0,to,1,0,_,to
130,0,justice,0,0,_,justice
130,0,.,0,0,_,.
130,1,Taking,1,0,_,take
130,1,action,0,0,Intentionally_act,action
130,1,and,0,0,_,and
130,1,promoting,0,0,_,promote
130,1,social,0,0,_,social
130,1,justice,0,0,_,justice
130,1,--,0,0,_,--
130,1,Moving,1,0,Motion,move
130,1,to,1,0,_,to
130,1,action,0,0,Intentionally_act,action
130,1,(,0,0,_,(
130,1,through,1,0,_,through
130,1,talk,0,0,Text,talk
130,1,",",0,0,_,","
130,1,letter,0,0,Text,letter
130,1,writing,0,0,Text_creation,write
130,1,",",0,0,_,","
130,1,etc,0,0,_,etc
130,1,.,0,0,_,.
130,1,),0,0,_,)
130,2,based,1,0,_,base
130,2,on,1,0,_,on
130,2,an,0,0,_,an
130,2,inquiry,0,0,Criminal_investigation,inquiry
130,2,.,0,0,_,.
130,3,#,0,0,_,#
131,0,learned,0,0,Coming_to_believe,learn
131,0,from,1,0,_,from
131,0,Protagoras,0,0,_,protagora
131,0,and,0,0,_,and
131,0,Gorgias,0,0,_,Gorgias
131,0,the,0,0,_,the
131,0,supreme,0,0,_,supreme
131,0,importance,0,0,Importance,importance
131,0,of,0,0,_,of
131,0,persuasion,0,0,Subjective_influence,persuasion
131,0,.,0,0,_,.
131,1,Men,0,0,People,man
131,1,are,0,0,_,be
131,1,moved,1,0,Subjective_influence,move
131,1,to,1,0,_,to
131,1,action,0,0,Intentionally_act,action
131,1,not,0,0,_,not
131,1,by,0,0,_,by
131,1,things,1,0,_,thing
131,1,as,0,0,_,as
131,1,they,0,0,_,they
131,1,are,0,0,_,be
131,1,",",0,0,_,","
131,1,but,0,0,_,but
131,1,by,0,0,_,by
131,1,their,0,0,_,their
131,1,own,0,0,_,own
131,1,opinions,0,0,Opinion,opinion
131,1,and,0,0,_,and
131,1,convictions,0,0,Opinion,conviction
131,1,.,0,0,_,.
132,0,and,0,0,_,and
132,0,finally,0,0,_,finally
132,0,we,0,0,_,we
132,0,will,0,0,_,will
132,0,focus,1,0,Emphasizing,focus
132,0,on,0,0,_,on
132,0,the,0,0,_,the
132,0,importance,0,0,Importance,importance
132,0,role,0,0,_,role
132,0,of,0,0,_,of
132,0,Civil,0,0,_,civil
132,0,society,0,0,_,society
132,0,when,0,0,_,when
132,0,moving,0,0,Motion,move
132,0,to,1,0,_,to
132,0,action,0,0,Intentionally_act,action
132,0,through,0,0,_,through
132,0,leading,0,0,Leadership,lead
132,0,the,0,0,_,the
132,0,Wasteful,0,0,_,wasteful
132,0,System,0,0,System,system
132,0,AWARENESS,0,0,_,awareness
132,0,MOVEMENT,0,0,_,MOVEMENT
132,0,aiming,1,1,Purpose,aim
132,0,to,0,0,_,to
132,0,correct,0,0,Cure,correct
132,0,misconceptions,0,0,_,misconception
132,0,for,0,0,_,for
132,0,the,0,0,_,the
132,0,nature,0,0,_,nature
132,0,resources,0,0,_,resource
133,0,bill,0,0,Documents,bill
133,0,as,0,0,_,as
133,0,a,0,0,_,a
133,0,silly,0,0,Mental_property,silly
133,0,hypothetical,0,0,_,hypothetical
133,0,",",0,0,_,","
133,0,consider,1,0,Categorization,consider
133,0,this,0,0,_,this
133,0,.,0,0,_,.
133,1,What,0,0,_,what
133,1,if,0,0,_,if
133,1,Congress,0,0,Leadership,Congress
133,1,(,0,0,_,(
133,1,moved,1,0,_,move
133,1,to,1,0,_,to
133,1,action,0,0,Intentionally_act,action
133,1,by,0,0,_,by
133,1,my,0,0,_,my
133,1,last,0,0,Relative_time,last
133,1,post,0,0,Text,post
133,1,",",0,0,_,","
133,1,on,1,0,_,on
133,1,overseas,0,0,_,overseas
133,1,voting,0,0,_,vote
133,1,),0,0,_,)
133,1,decided,1,0,Deciding,decide
133,1,to,0,0,_,to
133,1,let,0,0,Preventing_or_letting,let
133,1,American,0,0,Origin,american
133,1,citizens,0,0,People_by_jurisdiction,citizen
133,1,who,0,0,_,who
134,0,power,1,1,_,power
134,0,of,0,0,_,of
134,0,philanthropy,0,0,_,philanthropy
134,0,?,0,0,_,?
134,1,Upon,1,0,_,upon
134,1,further,0,0,Increment,far
134,1,reflection,0,0,Cogitation,reflection
134,1,",",0,0,_,","
134,1,however,0,0,_,however
134,1,",",0,0,_,","
134,1,I,0,0,_,I
134,1,found,1,0,Becoming_aware,find
134,1,myself,0,0,_,myself
134,1,moved,1,0,Subjective_influence,move
134,1,to,1,0,_,to
134,1,action,0,0,Intentionally_act,action
134,1,by,0,0,_,by
134,1,the,0,0,_,the
134,1,words,0,0,_,word
134,1,of,0,0,_,of
134,1,the,0,0,_,the
134,1,great,1,0,_,great
134,1,Jewish,0,0,_,jewish
134,1,sage,0,0,_,sage
134,1,",",0,0,_,","
134,1,Hillel,0,0,_,Hillel
134,1,",",0,0,_,","
134,1,found,1,0,Becoming_aware,find
134,1,in,1,0,Interior_profile_relation,in
134,1,the,0,0,_,the
134,1,text,0,0,Text,text
135,0,So,0,0,_,so
135,0,if,0,0,_,if
135,0,you,0,0,_,you
135,0,are,0,0,_,be
135,0,the,0,0,_,the
135,0,type,0,0,Type,type
135,0,of,0,0,_,of
135,0,person,0,0,People,person
135,0,that,0,0,_,that
135,0,tends,0,0,Likelihood,tend
135,0,to,0,0,_,to
135,0,not,0,0,_,not
135,0,move,1,0,Motion,move
135,0,to,1,0,_,to
135,0,action,0,0,Intentionally_act,action
135,0,quickly,0,0,Speed_description,quickly
135,0,",",0,0,_,","
135,0,then,0,0,_,then
135,0,I,0,0,_,I
135,0,think,0,0,Opinion,think
135,0,giving,1,0,Giving,give
135,0,yourself,0,0,_,yourself
135,0,a,0,0,_,a
135,0,timeframe,0,0,_,timeframe
135,0,of,0,0,_,of
135,0,two,0,0,Cardinal_numbers,two
135,0,to,1,0,_,to
135,0,three,0,0,Cardinal_numbers,three
135,0,months,0,0,Measure_duration,month
135,0,for,0,0,_,for
136,0,;,0,0,_,;
136,0,but,0,0,Concessive,but
136,0,what,0,0,_,what
136,0,else,0,0,_,else
136,0,could,0,0,Possibility,could
136,0,you,0,0,_,you
136,0,expect,0,0,Expectation,expect
136,0,from,1,0,_,from
136,0,a,0,0,_,a
136,0,man,0,0,People,man
136,0,whose,0,0,_,whose
136,0,music,0,0,Performing_arts,music
136,0,has,0,0,_,have
136,0,moved,1,0,Motion,move
136,0,to,1,0,_,to
136,0,action,0,0,Intentionally_act,action
136,0,civil,0,0,_,civil
136,0,rights,0,0,_,right
136,0,activists,0,0,_,activist
136,0,and,0,0,_,and
136,0,union,0,0,Organization,union
136,0,organizers,0,0,_,organizer
136,0,.,0,0,_,.
136,1,This,1,0,_,this
136,1,book,0,0,Text,book
136,1,describes,1,0,Statement,describe
136,1,Pete,0,0,_,pete
136,1,Seeger,0,0,_,Seeger
136,1,'s,0,0,_,be
136,1,life,0,0,_,life
136,1,",",0,0,_,","
137,0,everywhere,0,0,Locative_relation,everywhere
137,0,.,0,0,_,.
137,1,#,0,0,_,#
137,1,I,0,0,_,I
137,1,'m,0,0,_,'
137,1,past,1,0,_,past
137,1,being,0,0,_,be
137,1,angry,0,0,Emotion_directed,angry
137,1,and,0,0,_,and
137,1,enraged,0,0,Emotion_directed,enrage
137,1,.,0,0,_,.
137,2,I,0,0,_,I
137,2,am,0,0,_,be
137,2,moved,1,0,Subjective_influence,move
137,2,to,1,0,_,to
137,2,action,0,0,Intentionally_act,action
137,2,.,0,0,_,.
137,3,I,0,0,_,I
137,3,have,0,0,_,have
137,3,contacted,0,0,Visiting,contact
137,3,my,0,0,_,my
137,3,states,0,0,Political_locales,state
137,3,elected,0,0,Change_of_leadership,elect
137,3,representatives,0,0,Leadership,representative
137,3,and,0,0,_,and
137,3,am,0,0,_,be
137,3,requesting,0,0,Request,request
137,3,the,0,0,_,the
137,3,Federal,0,0,Political_locales,Federal
137,3,Department,0,0,_,department
137,3,of,0,0,_,of
138,0,in,0,0,Interior_profile_relation,in
138,0,Pasadena,0,0,_,Pasadena
138,0,.,0,0,_,.
138,1,most,0,0,_,most
138,1,of,0,0,Partitive,of
138,1,us,0,0,_,we
138,1,were,0,0,_,be
138,1,strangers,0,0,Indigenous_origin,stranger
138,1,",",0,0,_,","
138,1,but,0,0,Concessive,but
138,1,we,0,0,_,we
138,1,were,0,0,_,be
138,1,all,0,0,Quantified_mass,all
138,1,moved,1,0,Subjective_influence,move
138,1,to,1,0,_,to
138,1,action,0,0,Intentionally_act,action
138,1,by,0,0,_,by
138,1,Troy,0,0,_,Troy
138,1,.,0,0,_,.
138,2,We,0,0,_,we
138,2,listened,0,0,Perception_active,listen
138,2,to,0,0,_,to
138,2,the,0,0,_,the
138,2,live,0,0,_,live
138,2,radio,0,0,_,radio
138,2,coverage,0,0,_,coverage
138,2,with,1,0,_,with
138,2,bated,1,1,_,bate
138,2,breath,0,0,Breathing,breath
138,2,waiting,0,0,Waiting,wait
138,2,for,0,0,_,for
139,0,woman,0,0,People,woman
139,0,.,0,0,_,.
139,0,?,0,0,_,?
139,1,#,0,0,_,#
139,1,?,0,0,_,?
139,2,Levine,0,0,_,Levine
139,2,Museum,0,0,Locale_by_use,museum
139,2,of,0,0,_,of
139,2,the,0,0,_,the
139,2,New,0,0,_,new
139,2,South,0,0,_,south
139,2,#,0,0,_,#
139,2,#,0,0,_,#
139,2,Collector,0,0,_,collector
139,2,moved,1,0,Motion,move
139,2,to,1,0,_,to
139,2,action,0,0,Intentionally_act,action
139,2,#,0,0,_,#
139,2,?,0,0,_,?
139,3,Without,0,0,_,without
139,3,Sanctuary,0,0,_,sanctuary
139,3,?,0,0,_,?
139,4,was,0,0,_,be
139,4,sparked,1,0,Cause_to_start,spark
139,4,by,0,0,_,by
139,4,a,0,0,_,a
139,4,curious,0,0,Typicality,curious
139,4,event,0,0,Event,event
139,4,.,0,0,_,.
139,5,Atlanta,0,0,_,Atlanta
139,5,antique,0,0,_,antique
139,5,dealer,0,0,_,dealer
140,0,my,0,0,_,my
140,0,life,0,0,_,life
140,0,``,0,0,_,`
140,0,...,0,0,_,...
140,0,total,0,0,Completeness,total
140,0,joke,0,0,_,joke
140,0,",",0,0,_,","
140,0,he,0,0,_,he
140,0,just,0,0,_,just
140,0,knows,0,0,Awareness,know
140,0,I,0,0,_,I
140,0,have,0,0,_,have
140,0,been,0,0,_,be
140,0,moved,1,0,Subjective_influence,move
140,0,to,1,0,_,to
140,0,action,0,0,Intentionally_act,action
140,0,a,0,0,Quantified_mass,a
140,0,few,0,0,Quantified_mass,few
140,0,times,0,0,Event_instance,time
140,0,now,0,0,Temporal_collocation,now
140,0,by,0,0,_,by
140,0,your,0,0,_,your
140,0,words,0,0,Simple_name,word
140,0,and,0,0,_,and
140,0,the,0,0,_,the
140,0,response,0,0,Response,response
140,0,required,0,0,Being_necessary,require
140,0,has,0,0,_,have
140,0,not,0,0,_,not
140,0,always,0,0,Frequency,always
140,0,made,1,0,Causation,make
141,0,.,0,0,_,.
141,1,(,0,0,_,(
141,1,Personally,0,0,_,personally
141,1,the,0,0,_,the
141,1,idea,0,0,Awareness,idea
141,1,of,0,0,_,of
141,1,a,0,0,_,a
141,1,frothing,1,1,Moving_in_place,froth
141,1,animal,0,0,_,animal
141,1,rights,0,0,_,right
141,1,``,0,0,_,`
141,1,psychotic,0,0,_,psychotic
141,1,``,0,0,_,`
141,1,moved,1,0,Motion,move
141,1,to,1,0,_,to
141,1,action,0,0,Intentionally_act,action
141,1,to,1,0,_,to
141,1,the,0,0,_,the
141,1,point,1,0,_,point
141,1,of,0,0,_,of
141,1,being,0,0,_,be
141,1,willing,0,0,Willingness,will
141,1,to,0,0,_,to
141,1,harass,0,0,_,harass
141,1,someone,0,0,_,someone
141,1,who,0,0,_,who
141,1,is,0,0,_,be
141,1,nonetheless,0,0,_,nonetheless
141,1,too,0,0,Sufficiency,too
141,1,lazy,0,0,Mental_property,lazy
141,1,to,0,0,_,to
142,0,.,0,0,_,.
142,1,Thus,0,0,_,thus
142,1,they,0,0,_,they
142,1,get,1,0,Transition_to_state,get
142,1,nowhere,1,0,_,nowhere
142,1,and,0,0,_,and
142,1,give,1,0,Giving,give
142,1,the,0,0,_,the
142,1,fascists,0,0,_,fascist
142,1,the,0,0,_,the
142,1,upper,1,0,_,upper
142,1,hand,1,0,Body_parts,hand
142,1,.,0,0,_,.
142,2,Moving,1,0,Motion,move
142,2,to,1,0,_,to
142,2,action,0,0,Intentionally_act,action
142,2,without,1,0,_,without
142,2,sufficient,0,0,Sufficiency,sufficient
142,2,theory,0,0,_,theory
142,2,quickly,0,0,_,quickly
142,2,illustrates,1,1,Evidence,illustrate
142,2,why,0,0,_,why
142,2,failing,0,0,Success_or_failure,fail
142,2,to,0,0,_,to
142,2,articulate,1,1,Communicate_categorization,articulate
142,2,a,0,0,_,a
142,2,general,0,0,_,general
142,2,set,0,0,Aggregate,set
142,2,of,0,0,_,of
142,2,political,0,0,_,political
142,2,values,0,0,_,value
143,0,The,0,0,_,the
143,0,self-absorbed,0,0,_,self
143,0,need,0,0,Needing,need
143,0,to,0,0,_,to
143,0,know,0,0,Awareness,know
143,0,how,0,0,_,how
143,0,it,0,0,_,it
143,0,benefits,0,0,_,benefit
143,0,THEM,0,0,_,they
143,0,in,0,0,Purpose,in
143,0,order,0,0,Purpose,order
143,0,to,0,0,_,to
143,0,be,0,0,_,be
143,0,moved,1,0,Cause_motion,move
143,0,to,1,0,_,to
143,0,action,0,0,Intentionally_act,action
143,0,.,0,0,_,.
143,1,Pathetic,0,0,_,pathetic
143,1,",",0,0,_,","
143,1,but,0,0,Concessive,but
143,1,true,1,0,_,true
143,1,where,0,0,Locative_relation,where
143,1,I,0,0,_,I
143,1,live,0,0,Residence,live
143,1,.,0,0,_,.
143,2,#,0,0,_,#
143,2,Mess,1,1,_,mess
143,2,with,1,0,_,with
143,2,Friday,0,0,Calendric_unit,Friday
143,2,night,0,0,Calendric_unit,night
143,2,bingo,0,0,Social_event,bingo
144,0,to,0,0,_,to
144,0,keep,0,0,Cause_to_continue,keep
144,0,their,0,0,_,their
144,0,babies,0,0,Kinship,baby
144,0,in,0,0,_,in
144,0,a,0,0,_,a
144,0,single,0,0,Sole_instance,single
144,0,diaper,0,0,Clothing,diaper
144,0,all,0,0,_,all
144,0,day,0,0,Calendric_unit,day
144,0,",",0,0,_,","
144,0,she,0,0,_,she
144,0,was,0,0,_,be
144,0,moved,1,0,Subjective_influence,move
144,0,to,1,0,_,to
144,0,action,0,0,Intentionally_act,action
144,0,.,0,0,_,.
144,1,She,0,0,_,she
144,1,began,0,0,Activity_start,begin
144,1,researching,0,0,Research,research
144,1,and,0,0,_,and
144,1,learned,0,0,Coming_to_believe,learn
144,1,that,0,0,_,that
144,1,few,0,0,Quantified_mass,few
144,1,social,0,0,_,social
144,1,services,0,0,Public_services,service
144,1,",",0,0,_,","
144,1,not,0,0,Negation,not
144,1,even,0,0,_,even
144,1,food,0,0,_,food
144,1,stamps,0,0,_,stamp
145,0,It,0,0,_,it
145,0,is,0,0,_,be
145,0,only,0,0,_,only
145,0,when,0,0,Temporal_collocation,when
145,0,the,0,0,_,the
145,0,experience,0,0,Perception_experience,experience
145,0,transi,0,0,_,transi
145,0,ends,0,0,Process_end,end
145,0,the,0,0,_,the
145,0,expectation,0,0,Expectation,expectation
145,0,that,0,0,_,that
145,0,people,0,0,People,people
145,0,are,0,0,_,be
145,0,moved,1,0,Subjective_influence,move
145,0,to,1,0,_,to
145,0,action,0,0,Intentionally_act,action
145,0,.,0,0,_,.
145,1,That,1,0,_,that
145,1,is,0,0,_,be
145,1,when,0,0,Temporal_collocation,when
145,1,they,0,0,_,they
145,1,change,1,0,Undergo_change,change
145,1,from,1,0,_,from
145,1,customers,0,0,_,customer
145,1,to,1,0,_,to
145,1,loyal,0,0,Social_interaction_evaluation,loyal
145,1,customers,0,0,_,customer
145,1,",",0,0,_,","
145,1,and,0,0,_,and
145,1,finally,0,0,Time_vector,finally
145,1,to,1,0,_,to
146,0,although,0,0,Concessive,although
146,0,we,0,0,_,we
146,0,started,0,0,Activity_start,start
146,0,with,1,0,_,with
146,0,the,0,0,_,the
146,0,women,0,0,People,woman
146,0,in,1,0,Interior_profile_relation,in
146,0,prison,0,0,Prison,prison
146,0,pictures,0,0,Physical_artworks,picture
146,0,",",0,0,_,","
146,0,we,0,0,_,we
146,0,very,0,0,Degree,very
146,0,quickly,0,0,Speed_description,quickly
146,0,moved,1,0,Motion,move
146,0,to,1,0,_,to
146,0,action,0,0,_,action
146,0,films,0,0,Text,film
146,0,.,0,0,_,.
146,1,Black,0,0,Color,black
146,1,mama,0,0,_,mama
146,1,",",0,0,_,","
146,1,white,0,0,Color,white
146,1,mama,0,0,_,mama
146,1,",",0,0,_,","
146,1,from,1,0,_,from
146,1,a,0,0,_,a
146,1,hellhole,1,1,_,hellhole
146,1,of,0,0,_,of
146,1,twisted,1,1,_,twisted
146,1,passions,0,0,_,passion
146,1,",",0,0,_,","
147,0,BEDFORD,0,0,_,BEDFORD
147,0,IMMIGRANT,0,0,Personal_relationship,IMMIGRANT
147,0,RAID,0,0,_,raid
147,0,Given,0,0,_,give
147,0,our,0,0,_,our
147,0,values,0,0,_,value
147,0,",",0,0,_,","
147,0,how,0,0,_,how
147,0,can,0,0,Capability,can
147,0,we,0,0,_,we
147,0,as,0,0,_,as
147,0,social,0,0,_,social
147,0,workers,0,0,Employing,worker
147,0,move,1,0,Motion,move
147,0,to,1,0,_,to
147,0,action,0,0,Intentionally_act,action
147,0,on,0,0,_,on
147,0,behalf,0,0,_,behalf
147,0,of,0,0,_,of
147,0,the,0,0,_,the
147,0,immigrant,0,0,Importing,immigrant
147,0,community,0,0,Aggregate,community
147,0,",",0,0,_,","
147,0,how,0,0,_,how
147,0,do,0,0,_,do
147,0,we,0,0,_,we
147,0,link,1,0,Make_cognitive_connection,link
147,0,policy,0,0,Law,policy
147,0,and,0,0,_,and
147,0,practice,0,0,_,practice
147,0,?,0,0,_,?
148,0,round-heeled,0,0,_,round
148,0,is,0,0,_,be
148,0,an,0,0,_,an
148,0,antiquated,0,0,Stage_of_progress,antiquated
148,0,slang,0,0,_,slang
148,0,expression,0,0,_,expression
148,0,for,0,0,_,for
148,0,a,0,0,_,a
148,0,promiscuous,0,0,Social_interaction_evaluation,promiscuous
148,0,woman,0,0,People,woman
148,0,),0,0,_,)
148,0,",",0,0,_,","
148,0,was,0,0,_,be
148,0,moved,1,0,Subjective_influence,move
148,0,to,1,0,_,to
148,0,action,0,0,Intentionally_act,action
148,0,after,1,0,Relative_time,after
148,0,seeing,0,0,Perception_experience,see
148,0,Eric,0,0,_,Eric
148,0,Rohmer,0,0,_,rohmer
148,0,'s,0,0,_,be
148,0,film,0,0,Text,film
148,0,``,0,0,_,`
148,0,Autumn,0,0,_,Autumn
148,0,Tale.,0,0,_,tale
148,0,``,0,0,_,`
148,1,Its,0,0,_,its
148,1,plot,1,0,_,plot
148,1,involves,1,0,_,involve
148,1,a,0,0,_,a
149,0,the,0,0,_,the
149,0,protests,0,0,Change_of_leadership,protest
149,0,and,0,0,_,and
149,0,to,1,0,_,to
149,0,the,0,0,_,the
149,0,many,0,0,Quantified_mass,many
149,0,pleas,0,0,Request,plea
149,0,for,0,0,_,for
149,0,clemency,0,0,_,clemency
149,0,he,0,0,_,he
149,0,describes,0,0,Statement,describe
149,0,",",0,0,_,","
149,0,were,0,0,_,be
149,0,moved,1,0,Subjective_influence,move
149,0,to,1,0,_,to
149,0,action,0,0,Intentionally_act,action
149,0,by,0,0,_,by
149,0,allegations,0,0,Statement,allegation
149,0,that,0,0,_,that
149,0,the,0,0,_,the
149,0,conversos,0,0,_,converso
149,0,were,0,0,_,be
149,0,inspired,1,1,Subjective_influence,inspire
149,0,to,0,0,_,to
149,0,return,1,0,Arriving,return
149,0,to,1,0,_,to
149,0,the,0,0,_,the
149,0,ways,1,0,Means,way
149,0,of,0,0,_,of
149,0,the,0,0,_,the
149,0,Old,1,1,Age,old
150,0,feel,1,0,Feeling,feel
150,0,like,0,0,_,like
150,0,you,0,0,_,you
150,0,deserve,0,0,Deserving,deserve
150,0,anything,0,0,_,anything
150,0,.,0,0,_,.
150,1,When,0,0,Temporal_collocation,when
150,1,you,0,0,_,you
150,1,'re,0,0,_,be
150,1,angry,0,0,Emotion_directed,angry
150,1,",",0,0,_,","
150,1,you,0,0,_,you
150,1,'re,0,0,_,be
150,1,moved,1,0,Subjective_influence,move
150,1,to,1,0,_,to
150,1,action,0,0,Intentionally_act,action
150,1,;,0,0,_,;
150,1,you,0,0,_,you
150,1,'re,0,0,_,be
150,1,empowered.,1,1,_,empower
150,1,``,0,0,_,`
150,2,One,0,0,Cardinal_numbers,one
150,2,of,0,0,Partitive,of
150,2,the,0,0,_,the
150,2,most,0,0,_,most
150,2,difficult,0,0,Difficulty,difficult
150,2,memories,0,0,Memory,memory
150,2,for,0,0,_,for
150,2,an,0,0,_,an
150,2,abuse,0,0,Cause_harm,abuse
151,0,In,0,0,Interior_profile_relation,in
151,0,at,0,0,Proportional_quantity,at
151,0,least,0,0,Proportional_quantity,least
151,0,a,0,0,Quantified_mass,a
151,0,few,0,0,Quantified_mass,few
151,0,places,0,0,Locale,place
151,0,like,0,0,_,like
151,0,Lutou,0,0,_,Lutou
151,0,",",0,0,_,","
151,0,local,0,0,Political_locales,local
151,0,officials,0,0,Leadership,official
151,0,have,0,0,_,have
151,0,been,0,0,_,be
151,0,moved,1,0,Subjective_influence,move
151,0,to,1,0,_,to
151,0,action,0,0,Intentionally_act,action
151,0,by,0,0,Means,by
151,0,watching,0,0,Perception_active,watch
151,0,neighbors,0,0,People_by_residence,neighbor
151,0,and,0,0,_,and
151,0,relatives,0,0,Kinship,relative
151,0,die,0,0,Death,die
151,0,.,0,0,_,.
151,1,Simple,1,0,_,simple
151,1,steps,1,0,Intentionally_act,step
151,1,have,0,0,_,have
151,1,reduced,1,0,Cause_change_of_position_on_a_scale,reduce
151,1,suicide,0,0,Death,suicide
151,1,rates,0,0,Proportion,rate
151,1,--,0,0,_,--
151,1,restricting,0,0,Deny_or_grant_permission,restrict
152,0,mother,0,0,Kinship,mother
152,0,of,0,0,_,of
152,0,two,0,0,Cardinal_numbers,two
152,0,teenagers,0,0,People_by_age,teenager
152,0,.,0,0,_,.
152,1,Vincent,0,0,_,Vincent
152,1,P.,0,0,_,P.
152,1,Courtney,0,0,_,Courtney
152,1,St.,0,0,_,st.
152,1,Paul,0,0,_,Paul
152,1,",",0,0,_,","
152,1,Minn,0,0,_,Minn
152,1,.,0,0,_,.
152,2,Moved,1,0,_,move
152,2,to,1,0,_,to
152,2,action,0,0,Intentionally_act,action
152,2,Joe,0,0,_,Joe
152,2,Sullivan,0,0,_,Sullivan
152,2,",",0,0,_,","
152,2,in,1,0,_,in
152,2,his,0,0,_,his
152,2,otherwise,0,0,_,otherwise
152,2,excellent,0,0,Desirability,excellent
152,2,article,0,0,Text,article
152,2,",",0,0,_,","
152,2,``,0,0,_,`
152,2,Social,0,0,_,social
152,2,justice,0,0,_,justice
152,2,for,0,0,_,for
152,2,dummies,0,0,_,dummy
152,2,``,0,0,_,`
153,0,Ohio,0,0,_,Ohio
153,0,.,0,0,_,.
153,1,MAYOR-ASHE,0,0,_,MAYOR
153,1,:,0,0,_,:
153,1,Maybe,0,0,Likelihood,maybe
153,1,by,0,0,Means,by
153,1,bringing,0,0,_,bring
153,1,it,0,0,_,it
153,1,up,1,0,_,up
153,1,tonight,0,0,Calendric_unit,tonight
153,1,",",0,0,_,","
153,1,it,0,0,_,it
153,1,'ll,0,0,_,will
153,1,move,1,0,Motion,move
153,1,to,1,0,_,to
153,1,action,0,0,Intentionally_act,action
153,1,--,0,0,_,--
153,1,laughter,0,0,Make_noise,laughter
153,1,--,0,0,_,--
153,1,should,0,0,Desirable_event,should
153,1,take,1,0,_,take
153,1,a,0,0,_,a
153,1,note,0,0,_,note
153,1,on,1,0,_,on
153,1,it,0,0,_,it
153,1,.,0,0,_,.
153,2,But,0,0,_,but
153,2,he,0,0,_,he
153,2,ca,0,0,_,can
153,2,n't,0,0,_,not
153,2,get,1,0,Getting,get
154,0,meaning,0,0,Linguistic_meaning,mean
154,0,for,0,0,_,for
154,0,him,0,0,_,he
154,0,?,0,0,_,?
154,1,Like,0,0,Similarity,like
154,1,any,0,0,Quantified_mass,any
154,1,other,0,0,Increment,other
154,1,human,0,0,People,human
154,1,being,0,0,People,be
154,1,",",0,0,_,","
154,1,he,0,0,_,he
154,1,could,0,0,Capability,could
154,1,be,0,0,_,be
154,1,moved,1,0,Cause_motion,move
154,1,to,1,0,_,to
154,1,action,0,0,Intentionally_act,action
154,1,if,0,0,_,if
154,1,the,0,0,_,the
154,1,right,0,0,Correctness,right
154,1,chord,1,1,_,chord
154,1,were,0,0,_,be
154,1,struck,1,0,Impact,strike
154,1,.,0,0,_,.
154,2,By,0,0,Means,by
154,2,what,0,0,_,what
154,2,method,0,0,Means,method
154,2,could,0,0,Capability,could
154,2,he,0,0,_,he
154,2,be,0,0,_,be
154,2,moved,0,0,Cause_motion,move
154,2,?,0,0,_,?
155,0,running,1,0,Self_motion,run
155,0,and,0,0,_,and
155,0,has,0,0,_,have
155,0,developed,1,1,Cause_to_make_progress,develop
155,0,a,0,0,_,a
155,0,high,1,0,Position_on_a_scale,high
155,0,tolerance,0,0,_,tolerance
155,0,for,0,0,_,for
155,0,suffering,0,0,Catastrophe,suffer
155,0,may,0,0,Likelihood,may
155,0,no,0,0,Temporal_collocation,no
155,0,longer,0,0,Temporal_collocation,long
155,0,be,0,0,_,be
155,0,moved,1,0,Cause_motion,move
155,0,to,1,0,_,to
155,0,action,0,0,Intentionally_act,action
155,0,by,0,0,_,by
155,0,impending,0,0,_,impend
155,0,doom,0,0,_,doom
155,0,.,0,0,_,.
155,1,#,0,0,_,#
155,1,``,0,0,_,`
155,1,We,0,0,_,we
155,1,are,0,0,_,be
155,1,faced,1,0,_,face
155,1,with,1,0,_,with
155,1,a,0,0,_,a
155,1,situation,1,0,_,situation
155,1,fraught,1,1,_,fraught
155,1,with,1,0,_,with
155,1,unconsious,0,0,_,unconsious
156,0,speaker,0,0,_,speaker
156,0,with,1,0,_,with
156,0,a,0,0,_,a
156,0,full,1,0,Completeness,full
156,0,account,1,1,Statement,account
156,0,of,0,0,_,of
156,0,the,0,0,_,the
156,0,ways,1,0,Means,way
156,0,in,1,0,_,in
156,0,which,0,0,_,which
156,0,an,0,0,_,an
156,0,audience,0,0,_,audience
156,0,is,0,0,_,be
156,0,moved,1,0,Subjective_influence,move
156,0,to,1,0,_,to
156,0,action,0,0,Intentionally_act,action
156,0,.,0,0,_,.
156,1,For,0,0,_,for
156,1,example,0,0,Instance,example
156,1,",",0,0,_,","
156,1,audiences,0,0,_,audience
156,1,may,0,0,Likelihood,may
156,1,frequently,0,0,Frequency,frequently
156,1,be,0,0,_,be
156,1,persuaded,0,0,Subjective_influence,persuade
156,1,to,0,0,_,to
156,1,think,0,0,Cogitation,think
156,1,about,1,0,Topic,about
156,1,the,0,0,_,the
156,1,poor,0,0,Wealthiness,poor
156,1,;,0,0,_,;
157,0,is,0,0,_,be
157,0,",",0,0,_,","
157,0,you,0,0,_,you
157,0,know,0,0,Awareness,know
157,0,",",0,0,_,","
157,0,what,0,0,_,what
157,0,does,0,0,_,do
157,0,it,0,0,_,it
157,0,take,1,0,Have_as_requirement,take
157,0,to,0,0,_,to
157,0,get,1,0,Getting,get
157,0,people,0,0,People,people
157,0,to,0,0,_,to
157,0,move,1,0,Motion,move
157,0,to,1,0,_,to
157,0,action,0,0,Intentionally_act,action
157,0,?,0,0,_,?
157,1,And,0,0,_,and
157,1,at,0,0,_,at
157,1,least,0,0,_,least
157,1,some,0,0,_,some
157,1,of,0,0,_,of
157,1,these,1,0,_,these
157,1,folks,0,0,People,folk
157,1,are,0,0,_,be
157,1,now,0,0,Temporal_collocation,now
157,1,standing,0,0,Change_posture,stand
157,1,up,0,0,Change_posture,up
157,1,to,0,0,_,to
157,1,be,0,0,_,be
157,1,counted,0,0,Categorization,count
158,0,what,0,0,_,what
158,0,'s,0,0,_,be
158,0,happening,0,0,Event,happen
158,0,to,1,0,_,to
158,0,a,0,0,Quantified_mass,a
158,0,lot,1,0,Quantified_mass,lot
158,0,of,0,0,_,of
158,0,gay,0,0,_,gay
158,0,people,0,0,People,people
158,0,.,0,0,_,.
158,1,We,0,0,_,we
158,1,'re,0,0,_,be
158,1,being,0,0,_,be
158,1,moved,1,0,Subjective_influence,move
158,1,to,1,0,_,to
158,1,action,0,0,Intentionally_act,action
158,1,",",0,0,_,","
158,1,and,0,0,_,and
158,1,I,0,0,_,I
158,1,want,0,0,Desiring,want
158,1,to,0,0,_,to
158,1,be,0,0,_,be
158,1,part,1,0,Membership,part
158,1,of,0,0,_,of
158,1,it.,0,0,_,it
158,1,``,0,0,_,`
158,2,#,0,0,_,#
158,2,For,0,0,_,for
158,2,more,0,0,Increment,more
158,2,information,0,0,Information,information
159,0,as,0,0,_,as
159,0,group,0,0,Aggregate,group
159,0,evaluations,0,0,Assessing,evaluation
159,0,.,0,0,_,.
159,1,Around,1,0,Locative_relation,around
159,1,all,0,0,Quantified_mass,all
159,1,these,1,0,_,these
159,1,practices,0,0,Practice,practice
159,1,there,0,0,Existence,there
159,1,is,0,0,Existence,be
159,1,the,0,0,_,the
159,1,praxis,0,0,_,praxis
159,1,of,0,0,_,of
159,1,moving,1,0,Motion,move
159,1,from,1,0,_,from
159,1,action,0,0,Intentionally_act,action
159,1,(,0,0,_,(
159,1,current,0,0,Temporal_collocation,current
159,1,practice,0,0,Practice,practice
159,1,),0,0,_,)
159,1,to,1,0,Goal,to
159,1,reflection,0,0,_,reflection
159,1,(,0,0,_,(
159,1,theory,0,0,_,theory
159,1,building,1,1,Building,build
159,1,),0,0,_,)
159,1,to,1,0,Goal,to
159,1,action,0,0,Intentionally_act,action
159,1,(,0,0,_,(
159,1,new,0,0,Age,new
159,1,practice,0,0,Custom,practice
160,0,as,0,0,_,as
160,0,E.,0,0,_,E.
160,0,H.,0,0,_,H.
160,0,Gombrich,0,0,_,gombrich
160,0,and,0,0,_,and
160,0,Frances,0,0,_,france
160,0,Yates,0,0,_,yate
160,0,.,0,0,_,.
160,1,The,0,0,_,the
160,1,library,0,0,Buildings,library
160,1,'s,0,0,_,be
160,1,four-floored,0,0,_,four
160,1,arrangement,1,1,_,arrangement
160,1,moves,1,0,Motion,move
160,1,from,1,0,_,from
160,1,ACTION,0,0,Intentionally_act,action
160,1,(,0,0,_,(
160,1,politics,0,0,_,politic
160,1,",",0,0,_,","
160,1,customs,0,0,Custom,custom
160,1,),0,0,_,)
160,1,to,1,0,Goal,to
160,1,ORIENTATION,0,0,_,orientation
160,1,(,0,0,_,(
160,1,the,0,0,_,the
160,1,turn,1,0,Undergo_change,turn
160,1,from,1,0,_,from
160,1,superstition,0,0,_,superstition
160,1,and,0,0,_,and
160,1,magic,0,0,Toxic_substance,magic
160,1,to,1,0,_,to
161,0,substitute,0,0,Take_place_of,substitute
161,0,one,0,0,Cardinal_numbers,one
161,0,object,0,0,Purpose,object
161,0,for,0,0,_,for
161,0,another,0,0,Increment,another
161,0,using,0,0,Using,use
161,0,increasingly,0,0,Change_position_on_a_scale,increasingly
161,0,abstract,0,0,_,abstract
161,0,forms,1,1,Type,form
161,0,),0,0,_,)
161,0,",",0,0,_,","
161,0,decentration,0,0,_,decentration
161,0,(,0,0,_,(
161,0,moving,1,0,Motion,move
161,0,from,1,0,_,from
161,0,actions,0,0,Intentionally_act,action
161,0,on,1,0,_,on
161,0,the,0,0,_,the
161,0,self,0,0,_,self
161,0,to,1,0,_,to
161,0,actions,0,0,Intentionally_act,action
161,0,on,1,0,_,on
161,0,",",0,0,_,","
161,0,then,0,0,_,then
161,0,for,0,0,_,for
161,0,",",0,0,_,","
161,0,another,0,0,Increment,another
161,0,),0,0,_,)
161,0,",",0,0,_,","
161,0,sequencing,0,0,_,sequencing
161,0,(,0,0,_,(
162,0,to,0,0,_,to
162,0,keep,0,0,Activity_ongoing,keep
162,0,working,0,0,Work,work
162,0,hard,1,0,_,hard
162,0,and,0,0,_,and
162,0,to,0,0,_,to
162,0,not,0,0,_,not
162,0,only,0,0,_,only
162,0,take,1,0,_,take
162,0,a,0,0,_,a
162,0,tough,1,0,Difficulty,tough
162,0,stance,1,1,_,stance
162,0,but,0,0,_,but
162,0,move,1,0,Motion,move
162,0,toward,1,0,_,toward
162,0,action.,0,0,Intentionally_act,action
162,0,``,0,0,_,`
162,1,#,0,0,_,#
162,1,But,0,0,Concessive,but
162,1,there,0,0,Existence,there
162,1,is,0,0,Existence,be
162,1,considerable,0,0,_,considerable
162,1,skepticism,0,0,Certainty,skepticism
162,1,whether,0,0,_,whether
162,1,Mr.,0,0,_,Mr.
162,1,Almagro,0,0,_,Almagro
162,1,'s,0,0,_,be
162,1,activism,0,0,_,activism
162,1,",",0,0,_,","
162,1,headline-grabbing,0,0,_,headline
163,0,sustainable,0,0,_,sustainable
163,0,development,0,0,Progression,development
163,0,or,0,0,_,or
163,0,to,0,0,_,to
163,0,have,1,0,Have_associated,have
163,0,the,0,0,_,the
163,0,community,0,0,Aggregate,community
163,0,presence,0,0,Presence,presence
163,0,to,0,0,_,to
163,0,convene,0,0,Come_together,convene
163,0,multiple,0,0,Quantified_mass,multiple
163,0,stakeholders,0,0,_,stakeholder
163,0,and,0,0,_,and
163,0,move,0,0,Motion,move
163,0,toward,1,0,_,toward
163,0,actions,0,0,Intentionally_act,action
163,0,that,0,0,_,that
163,0,may,0,0,Likelihood,may
163,0,challenge,0,0,_,challenge
163,0,existing,0,0,Existence,exist
163,0,norms,0,0,Custom,norm
163,0,and,0,0,_,and
163,0,practices,0,0,Custom,practice
163,0,.,0,0,_,.
163,1,Residents,0,0,Residence,resident
163,1,of,0,0,_,of
163,1,rural,0,0,Locale_by_use,rural
163,1,communities,0,0,Aggregate,community
163,1,",",0,0,_,","
163,1,especially,0,0,_,especially
163,1,those,1,0,_,those
164,0,committed,1,1,Commitment,commit
164,0,to,1,0,_,to
164,0,diversity,0,0,_,diversity
164,0,and,0,0,_,and
164,0,inclusion,0,0,_,inclusion
164,0,",",0,0,_,","
164,0,so,0,0,_,so
164,0,this,1,0,_,this
164,0,legislation,0,0,Law,legislation
164,0,compels,1,1,Subjective_influence,compel
164,0,the,0,0,_,the
164,0,university,0,0,Locale_by_use,university
164,0,to,0,0,_,to
164,0,move,1,0,_,move
164,0,towards,1,0,_,towards
164,0,action,0,0,Intentionally_act,action
164,0,--,0,0,_,--
164,0,which,0,0,_,which
164,0,is,0,0,_,be
164,0,imperative,0,0,Being_necessary,imperative
164,0,",",0,0,_,","
164,0,``,0,0,_,`
164,0,the,0,0,_,the
164,0,resolution,0,0,_,resolution
164,0,'s,0,0,_,be
164,0,author,0,0,_,author
164,0,",",0,0,_,","
164,0,ASM,0,0,_,asm
164,0,Student,0,0,_,student
164,0,Council,0,0,_,council
164,0,Rep,0,0,_,rep
164,0,.,0,0,_,.
165,0,context,1,1,_,context
165,0,",",0,0,_,","
165,0,this,0,0,_,this
165,0,paper,0,0,Text,paper
165,0,describes,0,0,Statement,describe
165,0,how,0,0,_,how
165,0,Texas,0,0,_,Texas
165,0,A,0,0,_,a
165,0,&,0,0,_,&
165,0,M,0,0,_,M
165,0,University,0,0,Locale_by_use,university
165,0,(,0,0,_,(
165,0,TAMU,0,0,_,TAMU
165,0,),0,0,_,)
165,0,Libraries,0,0,_,library
165,0,moved,1,0,Motion,move
165,0,towards,1,0,_,towards
165,0,action,0,0,Intentionally_act,action
165,0,and,0,0,_,and
165,0,innovation,0,0,Cause_to_make_progress,innovation
165,0,by,0,0,Means,by
165,0,testing,0,0,Operational_testing,testing
165,0,a,0,0,_,a
165,0,free,0,0,Expensiveness,free
165,0,",",0,0,_,","
165,0,open,0,0,Secrecy_status,open
165,0,source,0,0,_,source
165,0,visualization,0,0,_,visualization
165,0,platform,0,0,_,platform
165,0,",",0,0,_,","
165,0,Viewshare,0,0,_,viewshare
165,0,(,0,0,_,(
165,0,http,0,0,_,http
166,0,years,0,0,Measure_duration,year
166,0,",",0,0,_,","
166,0,film,0,0,Text,film
166,0,and,0,0,_,and
166,0,music,0,0,Performing_arts,music
166,0,have,0,0,_,have
166,0,used,1,0,Using,use
166,0,the,0,0,_,the
166,0,bicycle,0,0,Vehicle,bicycle
166,0,as,0,0,_,as
166,0,a,0,0,_,a
166,0,way,1,0,Means,way
166,0,of,0,0,_,of
166,0,moving,0,0,Motion,move
166,0,along,1,0,_,along
166,0,action,0,0,Intentionally_act,action
166,0,",",0,0,_,","
166,0,and,0,0,_,and
166,0,as,0,0,_,as
166,0,prop,1,1,_,prop
166,0,for,0,0,_,for
166,0,comedy,0,0,_,comedy
166,0,",",0,0,_,","
166,0,hope,0,0,Desiring,hope
166,0,",",0,0,_,","
166,0,fear,0,0,Experiencer_focus,fear
166,0,",",0,0,_,","
166,0,courtship,0,0,Personal_relationship,courtship
166,0,and,0,0,_,and
166,0,even,0,0,_,even
166,0,awe,0,0,Experiencer_focus,awe
167,0,a,0,0,_,a
167,0,huge,1,0,Size,huge
167,0,amount,0,0,Quantified_mass,amount
167,0,of,0,0,_,of
167,0,explanation,0,0,Statement,explanation
167,0,before,0,0,Time_vector,before
167,0,they,0,0,_,they
167,0,are,0,0,_,be
167,0,accepted,0,0,Receiving,accept
167,0,and,0,0,_,and
167,0,the,0,0,_,the
167,0,meeting,0,0,Discussion,meet
167,0,can,0,0,_,can
167,0,move,1,0,Motion,move
167,0,onto,1,0,_,onto
167,0,actions,0,0,Intentionally_act,action
167,0,around,1,0,Locative_relation,around
167,0,them,0,0,_,they
167,0,",",0,0,_,","
167,0,even,0,0,_,even
167,0,internalised,0,0,_,internalise
167,0,feelings,0,0,Feeling,feeling
167,0,of,0,0,_,of
167,0,inferiority,0,0,_,inferiority
167,0,are,0,0,_,be
167,0,triggered,1,1,Cause_to_start,trigger
167,0,by,0,0,_,by
167,0,our,0,0,_,our
167,0,own,0,0,_,own
167,0,awareness,0,0,Awareness,awareness
167,0,of,0,0,_,of
168,0,infuses,1,1,Filling,infuse
168,0,the,0,0,_,the
168,0,whole,1,0,Ranked_expectation,whole
168,0,feel,1,1,Sensation,feel
168,0,of,0,0,_,of
168,0,a,0,0,_,a
168,0,film,0,0,Text,film
168,0,to,0,0,_,to
168,0,have,1,0,Possession,have
168,0,a,0,0,_,a
168,0,camera,0,0,_,camera
168,0,that,0,0,_,that
168,0,can,0,0,Capability,can
168,0,move,0,0,Motion,move
168,0,with,1,0,_,with
168,0,actors,0,0,Performers_and_roles,actor
168,0,",",0,0,_,","
168,0,can,0,0,Capability,can
168,0,move,0,0,Motion,move
168,0,counter,0,0,_,counter
168,0,to,0,0,_,to
168,0,actors,0,0,Performers_and_roles,actor
168,0,Are,0,0,_,be
168,0,you,0,0,_,you
168,0,giving,1,0,Giving,give
168,0,me,0,0,_,I
168,0,the,0,0,_,the
168,0,run-around,0,0,_,run
168,0,?,0,0,_,?
168,0,?,0,0,_,?
168,1,ln,0,0,_,ln
169,0,.,0,0,_,.
169,1,He,0,0,_,he
169,1,made,1,0,_,make
169,1,his,0,0,_,his
169,1,choice,0,0,Choosing,choice
169,1,",",0,0,_,","
169,1,he,0,0,_,he
169,1,was,0,0,_,be
169,1,n't,0,0,_,not
169,1,happy,0,0,Emotion_directed,happy
169,1,and,0,0,_,and
169,1,wanted,0,0,Desiring,want
169,1,to,0,0,_,to
169,1,move,1,0,_,move
169,1,on,1,0,_,on
169,1,actors,0,0,Performers_and_roles,actor
169,1,do,0,0,Intentionally_act,do
169,1,that,1,0,_,that
169,1,.,0,0,_,.
169,2,It,0,0,_,it
169,2,'s,0,0,_,be
169,2,almost,0,0,Proportional_quantity,almost
169,2,two,0,0,Cardinal_numbers,two
169,2,years,0,0,Measure_duration,year
169,2,",",0,0,_,","
169,2,He,0,0,_,he
169,2,'s,0,0,_,be
169,2,not,0,0,_,not
169,2,coming,0,0,Arriving,come
169,2,back,0,0,_,back
169,2,..,0,0,_,..
170,0,a,0,0,_,a
170,0,transition,1,1,Undergo_change,transition
170,0,or,0,0,_,or
170,0,a,0,0,_,a
170,0,scene,0,0,_,scene
170,0,change,0,0,Undergo_change,change
170,0,;,0,0,_,;
170,0,in,1,0,Temporal_collocation,in
170,0,such,0,0,_,such
170,0,moments,0,0,Calendric_unit,moment
170,0,",",0,0,_,","
170,0,they,0,0,_,they
170,0,were,0,0,_,be
170,0,moved,0,0,Cause_motion,move
170,0,by,0,0,_,by
170,0,actors,0,0,People_by_vocation,actor
170,0,or,0,0,_,or
170,0,stagehands,0,0,People_by_vocation,stagehand
170,0,and,0,0,_,and
170,0,not,0,0,Negation,not
170,0,by,0,0,Means,by
170,0,mechanical,0,0,_,mechanical
170,0,means,0,0,Means,mean
170,0,.,0,0,_,.
170,1,In,0,0,_,in
170,1,their,0,0,_,their
170,1,different,0,0,Similarity,different
170,1,positions,0,0,Posture,position
170,1,",",0,0,_,","
170,1,up,1,0,_,up
170,1,or,0,0,_,or
171,0,the,0,0,_,the
171,0,lament,0,0,Emotion_directed,lament
171,0,``,0,0,_,`
171,0,Momma,0,0,Kinship,Momma
171,0,",",0,0,_,","
171,0,Look,0,0,Perception_active,look
171,0,Sharp.,0,0,_,sharp
171,0,``,0,0,_,`
171,1,The,0,0,_,the
171,1,play,0,0,Text,play
171,1,'s,0,0,_,be
171,1,focus,1,0,Emphasizing,focus
171,1,moves,1,0,Motion,move
171,1,from,1,0,_,from
171,1,actor,0,0,People_by_vocation,actor
171,1,to,1,0,_,to
171,1,actor,0,0,People_by_vocation,actor
171,1,",",0,0,_,","
171,1,but,0,0,_,but
171,1,perhaps,0,0,_,perhaps
171,1,the,0,0,_,the
171,1,biggest,1,0,Size,big
171,1,star,1,0,Performers_and_roles,star
171,1,of,0,0,_,of
171,1,the,0,0,_,the
171,1,production,0,0,_,production
171,1,is,0,0,_,be
171,1,James,0,0,_,James
171,1,Noone,0,0,_,noone
171,1,'s,0,0,_,be
172,0,unification,0,0,Cause_to_amalgamate,unification
172,0,and,0,0,_,and
172,0,recognition,0,0,_,recognition
172,0,of,0,0,_,of
172,0,multiple,0,0,Quantified_mass,multiple
172,0,objects,0,0,Entity,object
172,0,existing,0,0,Existence,exist
172,0,at,1,0,Temporal_collocation,at
172,0,the,0,0,_,the
172,0,same,0,0,Identicality,same
172,0,time,0,0,_,time
172,0,.,0,0,_,.
172,1,He,0,0,_,he
172,1,moves,1,0,Motion,move
172,1,from,1,0,_,from
172,1,acts,0,0,Intentionally_act,act
172,1,of,0,0,_,of
172,1,recognition,0,0,_,recognition
172,1,of,0,0,_,of
172,1,individual,0,0,_,individual
172,1,objects,0,0,Entity,object
172,1,to,1,0,_,to
172,1,unified,0,0,_,unify
172,1,acts,0,0,Intentionally_act,act
172,1,of,0,0,_,of
172,1,recognition,0,0,_,recognition
172,1,of,0,0,_,of
172,1,multiple,0,0,Quantified_mass,multiple
172,1,objects,0,0,Entity,object
172,1,which,0,0,_,which
172,1,``,0,0,_,`
173,0,only,0,0,_,only
173,0,will,0,0,_,will
173,0,they,0,0,_,they
173,0,be,0,0,_,be
173,0,saddened,0,0,Emotion_directed,sadden
173,0,by,0,0,_,by
173,0,this,1,0,_,this
173,0,",",0,0,_,","
173,0,but,0,0,_,but
173,0,they,0,0,_,they
173,0,may,0,0,Likelihood,may
173,0,also,0,0,_,also
173,0,be,0,0,_,be
173,0,moved,1,0,Subjective_influence,move
173,0,to,1,0,_,to
173,0,acts,0,0,Intentionally_act,act
173,0,of,0,0,_,of
173,0,dire,1,1,_,dire
173,0,and,0,0,_,and
173,0,irreversible,0,0,_,irreversible
173,0,revenge,0,0,Revenge,revenge
173,0,.,0,0,_,.
173,1,#,0,0,_,#
173,1,The,0,0,_,the
173,1,night,0,0,Calendric_unit,night
173,1,is,0,0,_,be
173,1,spent,1,0,_,spend
173,1,in,0,0,Interior_profile_relation,in
173,1,this,0,0,_,this
173,1,communion,0,0,_,communion
173,1,",",0,0,_,","
174,0,cut,1,0,Removing,cut
174,0,out,1,0,Removing,out
174,0,the,0,0,_,the
174,0,melodrama,0,0,_,melodrama
174,0,.,0,0,_,.
174,1,And,0,0,_,and
174,1,I,0,0,_,I
174,1,limit,1,0,_,limit
174,1,scene,0,0,_,scene
174,1,changes,0,0,Undergo_change,change
174,1,so,0,0,_,so
174,1,that,0,0,_,that
174,1,any,0,0,_,any
174,1,shift,1,0,Change_position_on_a_scale,shift
174,1,in,1,0,_,in
174,1,action,0,0,Intentionally_act,action
174,1,is,0,0,_,be
174,1,psychological,0,0,_,psychological
174,1,.,0,0,_,.
174,2,#,0,0,_,#
174,2,``,0,0,_,`
174,2,Something,0,0,_,something
174,2,really,0,0,_,really
174,2,significant,0,0,Importance,significant
174,2,occurs,0,0,Event,occur
174,2,in,0,0,Interior_profile_relation,in
174,2,theater,0,0,Fields,theater
174,2,",",0,0,_,","
174,2,in,1,0,_,in
174,2,the,0,0,_,the
174,2,collaborative,0,0,Collaboration,collaborative
175,0,than,0,0,_,than
175,0,others,0,0,Increment,other
175,0,.,0,0,_,.
175,1,#,0,0,_,#
175,1,There,0,0,Existence,there
175,1,was,0,0,Existence,be
175,1,a,0,0,_,a
175,1,palpable,1,1,_,palpable
175,1,moment,0,0,_,moment
175,1,when,0,0,_,when
175,1,the,0,0,_,the
175,1,whole,0,0,Ranked_expectation,whole
175,1,group,0,0,Aggregate,group
175,1,shifted,1,1,_,shift
175,1,into,1,0,_,into
175,1,action,0,0,Intentionally_act,action
175,1,together,1,0,Collaboration,together
175,1,",",0,0,_,","
175,1,when,0,0,Temporal_collocation,when
175,1,those,1,0,_,those
175,1,who,0,0,_,who
175,1,were,0,0,_,be
175,1,most,0,0,_,most
175,1,comfortable,0,0,Experiencer_focus,comfortable
175,1,delaying,0,0,Change_event_time,delay
175,1,knew,0,0,Awareness,know
175,1,that,0,0,_,that
175,1,they,0,0,_,they
175,1,could,0,0,Capability,could
175,1,delay,0,0,Change_event_time,delay
175,1,no,0,0,_,no
176,0,gave,1,0,Giving,give
176,0,her,0,0,_,she
176,0,life,0,0,_,life
176,0,.,0,0,_,.
176,1,FILM,0,0,_,film
176,1,FORUM,0,0,_,FORUM
176,1,:,0,0,_,:
176,1,BLOCKBUSTER,0,0,_,blockbuster
176,1,EDITION,0,0,_,EDITION
176,1,This,1,0,_,this
176,1,month,0,0,Calendric_unit,month
176,1,",",0,0,_,","
176,1,Hollywood,0,0,_,Hollywood
176,1,shifts,1,1,Change_position_on_a_scale,shift
176,1,into,1,0,_,into
176,1,action,1,1,Intentionally_act,action
176,1,mode,1,1,_,mode
176,1,.,0,0,_,.
176,2,Let,0,0,_,let
176,2,the,0,0,_,the
176,2,adventures,0,0,_,adventure
176,2,begin,0,0,Process_start,begin
176,2,!,0,0,_,!
176,3,Iron,0,0,_,iron
176,3,Man,0,0,_,man
176,3,2,0,0,_,2
176,3,It,0,0,_,it
176,3,'s,0,0,_,be
176,3,going,0,0,_,go
176,3,to,0,0,_,to
176,3,be,0,0,_,be
177,0,a,0,0,_,a
177,0,plan,1,0,Purpose,plan
177,0,to,0,0,_,to
177,0,provide,0,0,Supply,provide
177,0,coverage,0,0,_,coverage
177,0,to,1,0,_,to
177,0,the,0,0,_,the
177,0,uninsured,0,0,_,uninsured
177,0,",",0,0,_,","
177,0,three,0,0,Cardinal_numbers,three
177,0,House,0,0,_,House
177,0,committees,0,0,_,committee
177,0,shifted,1,1,_,shift
177,0,into,1,0,_,into
177,0,action,0,0,Intentionally_act,action
177,0,on,1,0,_,on
177,0,their,0,0,_,their
177,0,version,1,0,Type,version
177,0,of,0,0,_,of
177,0,the,0,0,_,the
177,0,legislation,0,0,Law,legislation
177,0,.,0,0,_,.
177,1,The,0,0,_,the
177,1,Democratic,0,0,_,democratic
177,1,bills,0,0,_,bill
177,1,also,0,0,_,also
177,1,call,1,0,Request,call
177,1,for,1,0,_,for
177,1,the,0,0,_,the
177,1,creation,0,0,Intentionally_create,creation
178,0,4714140,0,0,_,4714140
178,0,#,0,0,_,#
178,0,Shift,1,1,Change_position_on_a_scale,shift
178,0,into,1,0,_,into
178,0,action,0,0,Intentionally_act,action
178,0,#,0,0,_,#
178,0,#,0,0,_,#
178,0,Anything,0,0,_,anything
178,0,can,0,0,Possibility,can
178,0,happen,0,0,Event,happen
178,0,#,0,0,_,#
178,0,#,0,0,_,#
178,0,Go,0,0,Motion,go
178,0,with,1,0,_,with
178,0,power,1,1,Electricity,power
178,0,to,0,0,_,to
178,0,burn,1,1,Fire_burning,burn
178,0,#,0,0,_,#
178,0,#,0,0,_,#
178,0,Here,0,0,Locative_relation,here
179,0,in,1,0,_,in
179,0,slow,0,0,Taking_time,slow
179,0,motion,0,0,Speed_description,motion
179,0,",",0,0,_,","
179,0,cell-phone,0,0,_,cell
179,0,photos,0,0,Physical_artworks,photo
179,0,come,1,0,Arriving,come
179,0,to,1,0,_,to
179,0,life,1,0,_,life
179,0,",",0,0,_,","
179,0,the,0,0,_,the
179,0,ground,0,0,_,ground
179,0,literally,0,0,_,literally
179,0,shifts,1,1,Change_position_on_a_scale,shift
179,0,in,1,0,_,in
179,0,acts,1,1,Intentionally_act,act
179,0,of,0,0,_,of
179,0,video,0,0,_,video
179,0,fluxes,1,1,_,flux
179,0,.,0,0,_,.
179,1,The,0,0,_,the
179,1,only,0,0,Sole_instance,only
179,1,constant,0,0,_,constant
179,1,is,0,0,_,be
179,1,their,0,0,_,their
179,1,disorientation,0,0,_,disorientation
179,1,",",0,0,_,","
179,1,their,0,0,_,their
179,1,indeterminacy,0,0,_,indeterminacy
179,1,",",0,0,_,","
179,1,and,0,0,_,and
180,0,this,1,0,_,this
180,0,woman,0,0,People,woman
180,0,was,0,0,_,be
180,0,a,0,0,_,a
180,0,total,0,0,_,total
180,0,stranger,0,0,Indigenous_origin,stranger
180,0,and,0,0,_,and
180,0,this,1,0,_,this
180,0,was,0,0,_,be
180,0,no,0,0,_,no
180,0,game,1,1,_,game
180,0,.,0,0,_,.
180,1,I,0,0,_,I
180,1,moved,0,0,Motion,move
180,1,without,1,0,_,without
180,1,thinking,0,0,Cogitation,think
180,1,",",0,0,_,","
180,1,without,1,0,_,without
180,1,question,0,0,Questioning,question
180,1,",",0,0,_,","
180,1,my,0,0,_,my
180,1,legs,0,0,Body_parts,leg
180,1,heavy,0,0,Measurable_attributes,heavy
180,1,with,0,0,_,with
180,1,the,0,0,_,the
180,1,mud,0,0,Substance,mud
180,1,.,0,0,_,.
180,2,By,1,0,_,by
180,2,the,0,0,_,the
180,2,time,0,0,_,time
180,2,we,0,0,_,we
181,0,in,1,0,_,in
181,0,an,0,0,_,an
181,0,attempt,0,0,Attempt,attempt
181,0,to,0,0,_,to
181,0,block,1,0,_,block
181,0,out,1,0,_,out
181,0,the,0,0,_,the
181,0,deafening,0,0,Stimulus_focus,deafen
181,0,ROAR,0,0,_,roar
181,0,.,0,0,_,.
181,1,#,0,0,_,#
181,1,NICK,0,0,_,NICK
181,1,#,0,0,_,#
181,1,moves,0,0,Motion,move
181,1,without,1,0,_,without
181,1,thinking,0,0,Awareness,think
181,1,",",0,0,_,","
181,1,picking,0,0,_,pick
181,1,up,0,0,_,up
181,1,a,0,0,_,a
181,1,nearby,0,0,Locative_relation,nearby
181,1,chair,0,0,_,chair
181,1,and,0,0,_,and
181,1,SLAMMING,0,0,Cause_motion,SLAMMING
181,1,it,0,0,_,it
181,1,into,0,0,Goal,into
181,1,the,0,0,_,the
181,1,television,0,0,_,television
181,1,.,0,0,_,.
181,2,It,0,0,_,it
181,2,EXPLODES,1,1,_,explode
182,0,forehead,0,0,Body_parts,forehead
182,0,--,0,0,_,--
182,0,well,0,0,_,well
182,0,",",0,0,_,","
182,0,why,0,0,_,why
182,0,not,0,0,_,not
182,0,do,0,0,Intentionally_act,do
182,0,it,0,0,_,it
182,0,?,0,0,_,?
182,1,#,0,0,_,#
182,1,Another,0,0,Increment,another
182,1,area,0,0,Locale,area
182,1,we,0,0,_,we
182,1,move,0,0,Motion,move
182,1,without,1,0,_,without
182,1,thinking,0,0,Awareness,think
182,1,is,0,0,_,be
182,1,around,0,0,Locative_relation,around
182,1,the,0,0,_,the
182,1,eyes,0,0,Body_parts,eye
182,1,.,0,0,_,.
182,2,The,0,0,_,the
182,2,delicacy,0,0,_,delicacy
182,2,of,0,0,_,of
182,2,this,1,0,_,this
182,2,skin,0,0,Body_parts,skin
182,2,makes,1,0,Causation,make
182,2,it,0,0,_,it
182,2,a,0,0,_,a
182,2,prime,0,0,_,prime
182,2,target,1,0,_,target
183,0,my,0,0,_,my
183,0,awkwardness,0,0,Stimulus_focus,awkwardness
183,0,--,0,0,_,--
183,0,yes,0,0,_,yes
183,0,",",0,0,_,","
183,0,I,0,0,_,I
183,0,was,0,0,_,be
183,0,getting,0,0,Transition_to_state,get
183,0,sloppier,0,0,_,sloppy
183,0,all,0,0,Frequency,all
183,0,the,0,0,Frequency,the
183,0,time,0,0,Frequency,time
183,0,",",0,0,_,","
183,0,moving,0,0,Motion,move
183,0,without,1,0,_,without
183,0,thinking,0,0,Awareness,think
183,0,",",0,0,_,","
183,0,doing,0,0,Intentionally_act,do
183,0,just,0,0,_,just
183,0,what,0,0,_,what
183,0,my,0,0,_,my
183,0,parents,0,0,Kinship,parent
183,0,all,0,0,_,all
183,0,ways,1,1,Means,way
183,0,warned,0,0,Attempt_suasion,warn
183,0,me,0,0,_,I
183,0,against,1,0,_,against
183,0,--,0,0,_,--
183,0,I,0,0,_,I
183,0,put,1,0,Placing,put
183,0,my,0,0,_,my
184,0,we,0,0,_,we
184,0,view,1,0,Categorization,view
184,0,the,0,0,_,the
184,0,structure,1,1,_,structure
184,0,of,0,0,_,of
184,0,our,0,0,_,our
184,0,educational,0,0,Education_teaching,educational
184,0,institutions,0,0,Institutions,institution
184,0,.,0,0,_,.
184,1,JSB,0,0,_,JSB
184,1,says,1,0,Statement,say
184,1,that,0,0,_,that
184,1,we,0,0,_,we
184,1,move,1,0,Motion,move
184,1,from,1,0,_,from
184,1,thinking,0,0,Awareness,think
184,1,of,0,0,_,of
184,1,knowledge,0,0,Awareness,knowledge
184,1,as,0,0,_,as
184,1,a,0,0,_,a
184,1,``,0,0,_,`
184,1,substance,1,1,_,substance
184,1,``,0,0,_,`
184,1,that,0,0,_,that
184,1,we,0,0,_,we
184,1,transfer,1,1,Transfer,transfer
184,1,from,1,0,_,from
184,1,student,0,0,Education_teaching,student
184,1,to,1,0,_,to
184,1,teacher,0,0,Education_teaching,teacher
184,1,",",0,0,_,","
185,0,to,0,0,_,to
185,0,center,1,1,_,center
185,0,on,1,0,_,on
185,0,the,0,0,_,the
185,0,process,0,0,Process,process
185,0,of,0,0,_,of
185,0,transformation,1,1,Cause_change,transformation
185,0,in,1,0,_,in
185,0,negotiations,0,0,Discussion,negotiation
185,0,--,0,0,_,--
185,0,the,0,0,_,the
185,0,point,1,0,_,point
185,0,at,1,0,_,at
185,0,which,0,0,_,which
185,0,parties,0,0,Aggregate,party
185,0,move,1,0,Motion,move
185,0,from,1,0,_,from
185,0,thinking,1,0,Awareness,think
185,0,of,0,0,_,of
185,0,themselves,0,0,_,themselves
185,0,as,0,0,_,as
185,0,representing,0,0,_,represent
185,0,countries,0,0,Political_locales,country
185,0,or,0,0,_,or
185,0,political,0,0,_,political
185,0,bodies,1,1,Aggregate,body
185,0,to,1,0,_,to
185,0,perceiving,1,1,Categorization,perceive
185,0,more,0,0,_,more
185,0,broadly,1,1,_,broadly
185,0,the,0,0,_,the
185,0,needs,0,0,Needing,need
185,0,of,0,0,_,of
186,0,might,0,0,Likelihood,might
186,0,be,0,0,_,be
186,0,developed,0,0,Cause_to_make_progress,develop
186,0,basin-wide,0,0,_,basin
186,0,.,0,0,_,.
186,1,This,1,0,_,this
186,1,shift,1,0,Change_position_on_a_scale,shift
186,1,is,0,0,_,be
186,1,transformative,0,0,_,transformative
186,1,--,0,0,_,--
186,1,the,0,0,_,the
186,1,point,1,0,_,point
186,1,at,1,0,_,at
186,1,which,0,0,_,which
186,1,parties,0,0,Aggregate,party
186,1,move,1,0,Motion,move
186,1,from,1,0,_,from
186,1,thinking,1,0,Awareness,think
186,1,of,0,0,_,of
186,1,themselves,0,0,_,themselves
186,1,as,0,0,_,as
186,1,representing,0,0,_,represent
186,1,countries,0,0,Political_locales,country
186,1,or,0,0,_,or
186,1,states/provinces,0,0,Political_locales,state
186,1,to,1,0,_,to
186,1,perceiving,1,1,Categorization,perceive
186,1,more,0,0,_,more
186,1,broadly,1,1,_,broadly
186,1,the,0,0,_,the
186,1,needs,0,0,Needing,need
186,1,of,0,0,_,of
186,1,all,0,0,_,all
187,0,discovery,0,0,Becoming_aware,discovery
187,0,and,0,0,_,and
187,0,commerce,0,0,_,commerce
187,0,",",0,0,_,","
187,0,thereby,0,0,_,thereby
187,0,driving,1,1,Subjective_influence,drive
187,0,sales,0,0,Commerce_sell,sale
187,0,.,0,0,_,.
187,1,#,0,0,_,#
187,1,Companies,0,0,Businesses,company
187,1,will,0,0,_,will
187,1,begin,0,0,Activity_start,begin
187,1,to,0,0,_,to
187,1,shift,1,0,Change_position_on_a_scale,shift
187,1,from,1,0,_,from
187,1,thinking,1,0,Awareness,think
187,1,of,0,0,_,of
187,1,``,0,0,_,`
187,1,Social,0,0,_,social
187,1,Media,0,0,_,medium
187,1,``,0,0,_,`
187,1,as,0,0,_,as
187,1,a,0,0,_,a
187,1,department,0,0,_,department
187,1,",",0,0,_,","
187,1,or,0,0,_,or
187,1,as,0,0,_,as
187,1,a,0,0,_,a
187,1,component,1,1,Ingredients,component
187,1,headed,1,0,Leadership,head
187,1,by,0,0,_,by
188,0,own.,0,0,Possession,own
188,0,``,0,0,_,`
188,1,``,0,0,_,`
188,1,Brain,0,0,_,brain
188,1,transference,0,0,_,transference
188,1,?,0,0,_,?
188,1,``,0,0,_,`
188,2,Roger,0,0,_,Roger
188,2,found,1,0,Coming_to_believe,find
188,2,it,0,0,_,it
188,2,hard,1,0,Difficulty,hard
188,2,to,0,0,_,to
188,2,shift,1,0,_,shift
188,2,from,1,0,_,from
188,2,thinking,0,0,Awareness,think
188,2,of,0,0,_,of
188,2,his,0,0,_,his
188,2,furry,0,0,_,furry
188,2,friends,0,0,Personal_relationship,friend
188,2,as,0,0,_,as
188,2,not,0,0,_,not
188,2,zoo,0,0,_,zoo
188,2,animals,0,0,Animals,animal
188,2,",",0,0,_,","
188,2,but,0,0,_,but
188,2,beings,0,0,People,being
188,2,from,1,0,Origin,from
188,2,an,0,0,_,an
188,2,advanced,0,0,Stage_of_progress,advanced
188,2,civilization,0,0,_,civilization
189,0,intellectual,0,0,_,intellectual
189,0,tools,1,1,Gizmo,tool
189,0,and,0,0,_,and
189,0,insights,0,0,_,insight
189,0,from,1,0,_,from
189,0,family,0,0,Kinship,family
189,0,systems,0,0,System,system
189,0,theory,0,0,_,theory
189,0,(,0,0,_,(
189,0,fst,0,0,_,fst
189,0,),0,0,_,)
189,0,?,0,0,_,?
189,1,What,0,0,_,what
189,1,shifts,1,0,Change_position_on_a_scale,shift
189,1,in,1,0,_,in
189,1,thinking,0,0,Awareness,think
189,1,would,0,0,_,would
189,1,be,0,0,_,be
189,1,required,0,0,Being_necessary,require
189,1,",",0,0,_,","
189,1,especially,0,0,_,especially
189,1,if,0,0,_,if
189,1,one,0,0,_,one
189,1,grants,1,1,_,grant
189,1,that,1,0,_,that
189,1,psychoanalysis,0,0,_,psychoanalysis
189,1,and,0,0,_,and
189,1,almost,0,0,Proportional_quantity,almost
189,1,all,0,0,Quantified_mass,all
189,1,of,0,0,_,of
189,1,contemporary,0,0,Temporal_collocation,contemporary
190,0,I,0,0,_,I
190,0,did,0,0,_,do
190,0,n't,0,0,_,not
190,0,notice,0,0,Becoming_aware,notice
190,0,the,0,0,_,the
190,0,slight,0,0,_,slight
190,0,pressure,0,0,_,pressure
190,0,against,0,0,_,against
190,0,my,0,0,_,my
190,0,right,0,0,Part_orientational,right
190,0,leg,0,0,Body_parts,leg
190,0,.,0,0,_,.
190,1,I,0,0,_,I
190,1,shifted,0,0,Change_position_on_a_scale,shift
190,1,without,1,0,_,without
190,1,thinking,0,0,Awareness,think
190,1,",",0,0,_,","
190,1,but,0,0,Concessive,but
190,1,in,1,0,_,in
190,1,a,0,0,_,a
190,1,moment,0,0,Measure_duration,moment
190,1,it,0,0,_,it
190,1,was,0,0,_,be
190,1,there,0,0,Locative_relation,there
190,1,again,0,0,_,again
190,1,",",0,0,_,","
190,1,not,0,0,_,not
190,1,accidental,0,0,_,accidental
190,1,but,0,0,_,but
190,1,persistent,0,0,Duration_description,persistent
190,1,.,0,0,_,.
191,0,by,0,0,_,by
191,0,8,0,0,Cardinal_numbers,8
191,0,percentage,0,0,_,percentage
191,0,points,0,0,_,point
191,0,.,0,0,_,.
191,1,#,0,0,_,#
191,1,As,0,0,_,as
191,1,the,0,0,_,the
191,1,focus,1,0,Emphasizing,focus
191,1,of,0,0,_,of
191,1,the,0,0,_,the
191,1,campaign,0,0,_,campaign
191,1,trail,1,1,Roadways,trail
191,1,shifts,1,0,Change_position_on_a_scale,shift
191,1,to,1,0,_,to
191,1,speculation,0,0,_,speculation
191,1,over,1,0,_,over
191,1,Mr.,0,0,_,Mr.
191,1,Romney,0,0,_,Romney
191,1,'s,0,0,_,be
191,1,choice,0,0,Choosing,choice
191,1,of,0,0,_,of
191,1,a,0,0,_,a
191,1,running,0,0,_,run
191,1,mate,0,0,_,mate
191,1,",",0,0,_,","
191,1,only,0,0,Sole_instance,only
191,1,a,0,0,_,a
191,1,quarter,0,0,Part_whole,quarter
191,1,of,0,0,Partitive,of
191,1,voters,0,0,_,voter
192,0,know,0,0,Awareness,know
192,0,--,0,0,_,--
192,0,it,0,0,_,it
192,0,can,0,0,Capability,can
192,0,run,1,0,_,run
192,0,the,0,0,_,the
192,0,gamut,1,1,_,gamut
192,0,DOBBS,0,0,_,DOBBS
192,0,But,0,0,_,but
192,0,at,1,0,_,at
192,0,that,1,0,_,that
192,0,point,1,0,_,point
192,0,we,0,0,_,we
192,0,move,1,0,Motion,move
192,0,into,1,0,_,into
192,0,speculation,0,0,_,speculation
192,0,ARENA,0,0,_,arena
192,0,Right,0,0,_,right
192,0,DOBBS,0,0,_,DOBBS
192,0,And,0,0,_,and
192,0,what,0,0,_,what
192,0,I,0,0,_,I
192,0,think,0,0,Opinion,think
192,0,we,0,0,_,we
192,0,ought,0,0,Required_event,ought
192,0,to,0,0,_,to
192,0,do,0,0,Intentionally_act,do
192,0,and,0,0,_,and
192,0,I,0,0,_,I
192,0,know,0,0,Awareness,know
192,0,you,0,0,_,you
193,0,``,0,0,_,`
193,0,World,0,0,_,world
193,0,News,0,0,_,news
193,0,Tonight,0,0,_,tonight
193,0,``,0,0,_,`
193,0,has,0,0,_,have
193,0,been,0,0,_,be
193,0,consistently,0,0,Frequency,consistently
193,0,first,0,0,Ordinal_numbers,first
193,0,.,0,0,_,.
193,1,#,0,0,_,#
193,1,CBS,0,0,_,CBS
193,1,Stock,0,0,_,stock
193,1,Moves,1,0,Motion,move
193,1,on,1,0,_,on
193,1,Speculation,0,0,_,speculation
193,1,About,1,0,_,about
193,1,Sale,0,0,Commerce_sell,sale
193,1,of,0,0,_,of
193,1,Paley,0,0,_,Paley
193,1,'s,0,0,_,be
193,1,Holdings,0,0,_,holding
193,1,#,0,0,_,#
193,1,NEW,0,0,_,new
193,1,YORK,0,0,_,YORK
193,1,(,0,0,_,(
193,1,AP,0,0,_,AP
193,1,),0,0,_,)
193,1,-,0,0,_,-
193,1,CBS,0,0,_,CBS
193,1,Inc,0,0,_,Inc
193,1,.,0,0,_,.
194,0,about,1,0,_,about
194,0,what,0,0,_,what
194,0,people,0,0,People,people
194,0,think,0,0,Awareness,think
194,0,he,0,0,_,he
194,0,might,0,0,Likelihood,might
194,0,have,0,0,_,have
194,0,said,0,0,Statement,say
194,0,.,0,0,_,.
194,1,It,0,0,_,it
194,1,is,0,0,_,be
194,1,impossible,0,0,Difficulty,impossible
194,1,to,0,0,_,to
194,1,move,1,0,Motion,move
194,1,beyond,1,0,Locative_relation,beyond
194,1,speculation,0,0,_,speculation
194,1,.,0,0,_,.
194,2,#,0,0,_,#
194,2,The,0,0,_,the
194,2,goal,1,0,Purpose,goal
194,2,of,0,0,_,of
194,2,my,0,0,_,my
194,2,chapter,0,0,Part_ordered_segments,chapter
194,2,on,1,0,_,on
194,2,the,0,0,_,the
194,2,Socratic,0,0,_,socratic
194,2,Method,0,0,_,method
194,2,was,0,0,_,be
194,2,to,0,0,_,to
194,2,present,0,0,_,present
194,2,the,0,0,_,the
195,0,far,1,0,_,far
195,0,less,0,0,_,less
195,0,capable,0,0,Capability,capable
195,0,in,1,0,_,in
195,0,the,0,0,_,the
195,0,early,0,0,Temporal_subregion,early
195,0,going,1,1,_,go
195,0,.,0,0,_,.
195,1,#,0,0,_,#
195,1,Coaching,0,0,Leadership,coach
195,1,#,0,0,_,#
195,1,We,0,0,_,we
195,1,have,0,0,_,have
195,1,moved,1,0,Motion,move
195,1,from,1,0,_,from
195,1,speculation,0,0,_,speculation
195,1,to,1,0,_,to
195,1,reality,0,0,_,reality
195,1,with,1,0,_,with
195,1,Offensive,0,0,_,offensive
195,1,Coordinator,0,0,_,coordinator
195,1,Todd,0,0,_,Todd
195,1,Haley,0,0,_,Haley
195,1,",",0,0,_,","
195,1,and,0,0,_,and
195,1,the,0,0,_,the
195,1,reports,0,0,Statement,report
195,1,of,0,0,_,of
195,1,Defensive,0,0,_,defensive
195,1,Coordinator,0,0,_,coordinator
195,1,Dick,0,0,_,Dick
196,0,what,0,0,_,what
196,0,they,0,0,_,they
196,0,have,0,0,_,have
196,0,taught,0,0,Education_teaching,teach
196,0,us.,0,0,_,we
196,0,``,0,0,_,`
196,1,Damn,0,0,_,damn
196,1,Baker,0,0,_,Baker
196,1,of,0,0,Origin,of
196,1,Milwaukee,0,0,_,Milwaukee
196,1,was,0,0,_,be
196,1,also,0,0,_,also
196,1,moved,1,0,Experiencer_obj,move
196,1,to,1,0,_,to
196,1,introspection.,0,0,Scrutiny,introspection
196,1,``,0,0,_,`
196,2,Read,0,0,Reading_activity,read
196,2,the,0,0,_,the
196,2,whole,1,0,Ranked_expectation,whole
196,2,issue,0,0,Text,issue
196,2,",",0,0,_,","
196,2,learned,0,0,Coming_to_believe,learn
196,2,quite,0,0,Proportional_quantity,quite
196,2,a,0,0,Quantified_mass,a
196,2,few,0,0,Quantified_mass,few
196,2,things,1,0,_,thing
196,2,",",0,0,_,","
196,2,and,0,0,_,and
196,2,thought,0,0,Awareness,think
197,0,lives,0,0,_,live
197,0,of,0,0,_,of
197,0,individual,0,0,_,individual
197,0,listeners,0,0,_,listener
197,0,.,0,0,_,.
197,1,This,1,0,_,this
197,1,means,1,0,Evidence,mean
197,1,that,0,0,_,that
197,1,we,0,0,_,we
197,1,must,0,0,Required_event,must
197,1,help,0,0,Assistance,help
197,1,students,0,0,Education_teaching,student
197,1,to,0,0,_,to
197,1,move,1,0,Motion,move
197,1,between,1,0,_,between
197,1,contemplation,0,0,Cogitation,contemplation
197,1,of,0,0,_,of
197,1,an,0,0,_,an
197,1,artistic,0,0,Fields,artistic
197,1,object,0,0,Purpose,object
197,1,and,0,0,_,and
197,1,contemplation,0,0,Cogitation,contemplation
197,1,of,0,0,_,of
197,1,the,0,0,_,the
197,1,personal,0,0,_,personal
197,1,effects,0,0,Objective_influence,effect
197,1,of,0,0,_,of
197,1,their,0,0,_,their
197,1,interaction,0,0,_,interaction
197,1,with,1,0,_,with
197,1,it,0,0,_,it
198,0,.,0,0,_,.
198,1,His,0,0,_,his
198,1,accumulated,0,0,_,accumulate
198,1,anger,0,0,Emotion_directed,anger
198,1,makes,1,0,Causation,make
198,1,him,0,0,_,he
198,1,so,0,0,Degree,so
198,1,critical,0,0,Judgment,critical
198,1,;,0,0,_,;
198,1,he,0,0,_,he
198,1,eventually,0,0,Time_vector,eventually
198,1,decides,0,0,Deciding,decide
198,1,to,0,0,_,to
198,1,move,1,0,Motion,move
198,1,from,1,0,_,from
198,1,contemplation,0,0,Cogitation,contemplation
198,1,to,1,0,_,to
198,1,praxis,0,0,_,praxis
198,1,.,0,0,_,.
198,2,#,0,0,_,#
198,2,The,0,0,_,the
198,2,whole,1,0,Ranked_expectation,whole
198,2,dialectic,0,0,_,dialectic
198,2,of,0,0,_,of
198,2,nonsimultaneity,0,0,_,nonsimultaneity
198,2,appears,1,0,Give_impression,appear
198,2,in,1,0,_,in
198,2,full,1,0,_,full
198,2,light,1,0,_,light
198,2,in,1,0,_,in
198,2,the,0,0,_,the
198,2,destruction,1,1,Destroying,destruction
199,0,Swift,0,0,_,swift
199,0,is,0,0,_,be
199,0,unfazed.,0,0,Experiencer_focus,unfazed
199,0,``,0,0,_,`
199,1,You,0,0,_,you
199,1,want,0,0,Desiring,want
199,1,to,0,0,_,to
199,1,know,0,0,Awareness,know
199,1,a,0,0,_,a
199,1,trick,1,1,Means,trick
199,1,to,0,0,_,to
199,1,immediately,0,0,_,immediately
199,1,go,1,0,Motion,go
199,1,from,1,0,_,from
199,1,feeling,0,0,Feeling,feel
199,1,victimized,0,0,Catastrophe,victimize
199,1,to,1,0,_,to
199,1,feeling,1,0,Feeling,feel
199,1,awesome,0,0,Desirability,awesome
199,1,?,0,0,_,?
199,1,``,0,0,_,`
199,2,she,0,0,_,she
199,2,says,0,0,Statement,say
199,2,.,0,0,_,.
199,3,She,0,0,_,she
199,3,pulls,0,0,Cause_motion,pull
199,3,out,0,0,_,out
199,3,her,0,0,_,she
199,3,phone,0,0,_,phone
199,3,and,0,0,_,and
200,0,look,0,0,Give_impression,look
200,0,like,0,0,_,like
200,0,to,1,0,_,to
200,0,not,0,0,_,not
200,0,knowing,0,0,Awareness,know
200,0,.,0,0,_,.
200,1,For,0,0,_,for
200,1,me,0,0,_,I
200,1,this,1,0,_,this
200,1,period,0,0,Frequency,period
200,1,of,0,0,_,of
200,1,transition,1,1,Undergo_change,transition
200,1,involves,1,0,_,involve
200,1,going,1,0,Motion,go
200,1,from,1,0,_,from
200,1,feeling,0,0,Feeling,feel
200,1,overwhelmed,0,0,_,overwhelmed
200,1,with,1,0,_,with
200,1,possibilities,0,0,Alternatives,possibility
200,1,and,0,0,_,and
200,1,ideas,0,0,_,idea
200,1,to,1,0,_,to
200,1,totally,0,0,Degree,totally
200,1,underwhelmed,0,0,Emotion_directed,underwhelmed
200,1,with,1,0,_,with
200,1,the,0,0,_,the
200,1,banality,0,0,_,banality
200,1,of,0,0,_,of
200,1,the,0,0,_,the
200,1,choices,0,0,Choosing,choice
200,1,I,0,0,_,I
201,0,a,0,0,_,a
201,0,job,0,0,Being_employed,job
201,0,.,0,0,_,.
201,1,Please,0,0,_,please
201,1,note,0,0,Becoming_aware,note
201,1,the,0,0,_,the
201,1,NINE,0,0,_,nine
201,1,YEARS,0,0,Measure_duration,year
201,1,part,1,0,Part_whole,part
201,1,of,0,0,_,of
201,1,this,1,0,_,this
201,1,story,0,0,_,story
201,1,.,0,0,_,.
201,2,Going,1,0,_,go
201,2,from,1,0,_,from
201,2,feeling,0,0,Feeling,feel
201,2,lost,1,0,_,lose
201,2,and,0,0,_,and
201,2,frustrated,0,0,Emotion_directed,frustrate
201,2,about,1,0,_,about
201,2,not,0,0,_,not
201,2,knowing,0,0,Awareness,know
201,2,what,0,0,_,what
201,2,to,0,0,_,to
201,2,do,0,0,Intentionally_act,do
201,2,or,0,0,_,or
201,2,how,0,0,_,how
201,2,to,0,0,_,to
201,2,do,0,0,Intentionally_act,do
201,2,it,0,0,_,it
201,2,to,0,0,_,to
202,0,even,0,0,_,even
202,0,companionship,0,0,Personal_relationship,companionship
202,0,disappear,1,1,Departing,disappear
202,0,from,1,0,_,from
202,0,their,0,0,_,their
202,0,marriages,0,0,Forming_relationships,marriage
202,0,.,0,0,_,.
202,1,Mr.,0,0,_,Mr.
202,1,HARSHBERGER,0,0,_,HARSHBERGER
202,1,:,0,0,_,:
202,1,You,0,0,_,you
202,1,ca,0,0,_,can
202,1,n't,0,0,_,not
202,1,go,1,0,Motion,go
202,1,from,1,0,_,from
202,1,feelings,0,0,Feeling,feeling
202,1,of,0,0,_,of
202,1,a,0,0,_,a
202,1,caregiver,0,0,Medical_professionals,caregiver
202,1,to,1,0,_,to
202,1,feelings,0,0,Feeling,feeling
202,1,of,0,0,_,of
202,1,a,0,0,_,a
202,1,husband,0,0,Personal_relationship,husband
202,1,or,0,0,_,or
202,1,a,0,0,_,a
202,1,wife,0,0,Personal_relationship,wife
202,1,back,1,0,_,back
202,1,and,0,0,_,and
202,1,forth,1,0,_,forth
202,1,",",0,0,_,","
203,0,painting,0,0,_,paint
203,0,",",0,0,_,","
203,0,there,0,0,Existence,there
203,0,was,0,0,Existence,be
203,0,the,0,0,_,the
203,0,thought,0,0,Awareness,think
203,0,.,0,0,_,.
203,1,It,0,0,_,it
203,1,was,0,0,_,be
203,1,so,0,0,Degree,so
203,1,terrible,0,0,Desirability,terrible
203,1,that,0,0,_,that
203,1,it,0,0,_,it
203,1,went,1,0,_,go
203,1,beyond,1,0,_,beyond
203,1,feeling,0,0,Perception_experience,feel
203,1,",",0,0,_,","
203,1,and,0,0,_,and
203,1,left,1,0,Causation,leave
203,1,him,0,0,_,he
203,1,inspecting,0,0,Inspecting,inspect
203,1,it,0,0,_,it
203,1,with,1,0,_,with
203,1,a,0,0,_,a
203,1,kind,0,0,Type,kind
203,1,of,0,0,_,of
203,1,stark,1,1,_,stark
203,1,detachment,1,1,_,detachment
203,1,",",0,0,_,","
203,1,while,0,0,Temporal_collocation,while
203,1,the,0,0,_,the
204,0,while,0,0,_,while
204,0,others,0,0,Increment,other
204,0,believe,0,0,Certainty,believe
204,0,that,0,0,_,that
204,0,enjoyment,0,0,Experiencer_focus,enjoyment
204,0,of,0,0,_,of
204,0,sport,0,0,_,sport
204,0,is,0,0,_,be
204,0,broader,1,1,Dimension,broad
204,0,than,0,0,_,than
204,0,intrinsic,0,0,_,intrinsic
204,0,motivation,0,0,Reason,motivation
204,0,and,0,0,_,and
204,0,goes,1,0,_,go
204,0,beyond,1,0,_,beyond
204,0,feelings,1,1,Feeling,feeling
204,0,of,0,0,_,of
204,0,competence,0,0,Expertise,competence
204,0,and,0,0,_,and
204,0,control,0,0,Being_in_control,control
204,0,(,0,0,_,(
204,0,Scanlan,0,0,_,Scanlan
204,0,&,0,0,_,&
204,0,;,0,0,_,;
204,0,Lewthwaite,0,0,_,Lewthwaite
204,0,",",0,0,_,","
204,0,1986,0,0,_,1986
204,0,;,0,0,_,;
204,0,Scanlan,0,0,_,Scanlan
204,0,&,0,0,_,&
204,0,;,0,0,_,;
204,0,Simons,0,0,_,Simons
204,0,",",0,0,_,","
205,0,a,0,0,_,a
205,0,very,0,0,Degree,very
205,0,minor,1,1,_,minor
205,0,way,1,0,Means,way
205,0,tells,1,0,Telling,tell
205,0,you,0,0,_,you
205,0,something,0,0,_,something
205,0,of,0,0,_,of
205,0,what,0,0,_,what
205,0,is,0,0,_,be
205,0,going,1,0,Event,go
205,0,on,1,0,Event,on
205,0,that,0,0,_,that
205,0,goes,1,0,_,go
205,0,beyond,1,0,_,beyond
205,0,feelings,1,0,Feeling,feeling
205,0,about,1,0,Topic,about
205,0,abortion,0,0,_,abortion
205,0,",",0,0,_,","
205,0,social,0,0,_,social
205,0,issues,0,0,Point_of_dispute,issue
205,0,and,0,0,_,and
205,0,taxes,0,0,_,taxis
205,0,.,0,0,_,.
205,1,Though,0,0,_,though
205,1,of,0,0,_,of
205,1,course,0,0,_,course
205,1,all,0,0,_,all
205,1,of,0,0,_,of
205,1,these,1,0,_,these
205,1,are,0,0,_,be
206,0,think,0,0,Opinion,think
206,0,it,0,0,_,it
206,0,is,0,0,_,be
206,0,fact,0,0,_,fact
206,0,and,0,0,_,and
206,0,only,0,0,_,only
206,0,seek,0,0,Seeking_to_achieve,seek
206,0,to,0,0,_,to
206,0,argue,0,0,Reasoning,argue
206,0,its,0,0,_,its
206,0,particulars,0,0,_,particular
206,0,or,0,0,_,or
206,0,just,0,0,_,just
206,0,go,1,0,_,go
206,0,by,0,0,_,by
206,0,feelings,0,0,Feeling,feeling
206,0,.,0,0,_,.
206,1,However,0,0,_,however
206,1,in,1,0,_,in
206,1,fact,0,0,_,fact
206,1,",",0,0,_,","
206,1,it,0,0,_,it
206,1,is,0,0,_,be
206,1,not,0,0,_,not
206,1,a,0,0,_,a
206,1,biblical,0,0,_,biblical
206,1,idea,0,0,Desirable_event,idea
206,1,or,0,0,_,or
206,1,even,0,0,_,even
206,1,a,0,0,_,a
206,1,word,0,0,Simple_name,word
207,0,?,0,0,_,?
207,1,You,0,0,_,you
207,1,never,0,0,Frequency,never
207,1,had,1,0,_,have
207,1,a,0,0,_,a
207,1,period,0,0,Frequency,period
207,1,",",0,0,_,","
207,1,never,0,0,Frequency,never
207,1,been,0,0,_,be
207,1,pregnant,0,0,_,pregnant
207,1,...,0,0,_,...
207,2,If,0,0,_,if
207,2,you,0,0,_,you
207,2,go,1,0,Motion,go
207,2,by,0,0,_,by
207,2,feelings,0,0,Feeling,feeling
207,2,you,0,0,_,you
207,2,will,0,0,_,will
207,2,always,0,0,Frequency,always
207,2,go,1,0,Motion,go
207,2,downhill,1,1,_,downhill
207,2,.,0,0,_,.
207,3,What,0,0,_,what
207,3,about,1,0,_,about
207,3,people,0,0,People,people
207,3,who,0,0,_,who
207,3,have,1,0,Possession,have
207,3,feelings,1,1,Feeling,feeling
207,3,to,0,0,_,to
207,3,kill,0,0,Killing,kill
207,3,",",0,0,_,","
208,0,is,0,0,_,be
208,0,full,0,0,Abounding_with,full
208,0,of,0,0,_,of
208,0,fluff,0,0,_,fluff
208,0,.,0,0,_,.
208,1,You,0,0,_,you
208,1,do,0,0,_,do
208,1,n't,0,0,_,not
208,1,have,1,0,Possession,have
208,1,any,0,0,Quantified_mass,any
208,1,research,0,0,Research,research
208,1,",",0,0,_,","
208,1,just,0,0,_,just
208,1,going,1,0,Motion,go
208,1,by,0,0,_,by
208,1,feelings,0,0,Feeling,feeling
208,1,and,0,0,_,and
208,1,personal,0,0,_,personal
208,1,intuition,0,0,_,intuition
208,1,(,0,0,_,(
208,1,faith,0,0,_,faith
208,1,based,1,0,_,base
208,1,parenting,0,0,Kinship,parenting
208,1,),0,0,_,)
208,1,.,0,0,_,.
208,2,There,0,0,Existence,there
208,2,are,0,0,Existence,be
208,2,so,0,0,_,so
208,2,many,0,0,Quantified_mass,many
208,2,other,0,0,Increment,other
208,2,factors,0,0,Contingency,factor
209,0,",",0,0,_,","
209,0,but,0,0,Concessive,but
209,0,admits,1,0,Reveal_secret,admit
209,0,",",0,0,_,","
209,0,``,0,0,_,`
209,0,There,0,0,Existence,there
209,0,'s,0,0,Existence,be
209,0,a,0,0,Quantified_mass,a
209,0,lot,1,0,Quantified_mass,lot
209,0,of,0,0,_,of
209,0,sadness,0,0,Emotion_directed,sadness
209,0,.,0,0,_,.
209,1,I,0,0,_,I
209,1,go,1,0,Motion,go
209,1,through,1,0,_,through
209,1,feelings,0,0,Feeling,feeling
209,1,",",0,0,_,","
209,1,thinking,0,0,Awareness,think
209,1,about,1,0,Topic,about
209,1,stuff,1,0,_,stuff
209,1,",",0,0,_,","
209,1,what,0,0,_,what
209,1,could,0,0,Possibility,could
209,1,have,0,0,_,have
209,1,been,0,0,_,be
209,1,different,0,0,Similarity,different
209,1,and,0,0,_,and
209,1,so,0,0,_,so
209,1,on,1,0,_,on
209,1,and,0,0,_,and
209,1,so,0,0,_,so
210,0,Sheehy,0,0,_,Sheehy
210,0,things,1,1,Entity,thing
210,0,?,0,0,_,?
210,1,Yeah,0,0,_,yeah
210,1,",",0,0,_,","
210,1,from,0,0,_,from
210,1,the,0,0,_,the
210,1,book,0,0,Text,book
210,1,",",0,0,_,","
210,1,you,0,0,_,you
210,1,know,0,0,Awareness,know
210,1,?,0,0,_,?
210,2,Everybody,0,0,_,everybody
210,2,goes,1,0,Motion,go
210,2,through,1,0,_,through
210,2,feelings,0,0,Feeling,feeling
210,2,like,0,0,_,like
210,2,these,1,0,_,these
210,2,",",0,0,_,","
210,2,honey,0,0,_,honey
210,2,.,0,0,_,.
210,3,No,0,0,_,no
210,3,",",0,0,_,","
210,3,I,0,0,_,I
210,3,do,0,0,_,do
210,3,n't,0,0,_,not
210,3,think,0,0,Opinion,think
210,3,so,0,0,_,so
210,3,.,0,0,_,.
210,4,Johnny,0,0,_,Johnny
210,4,",",0,0,_,","
211,0,rather,0,0,_,rather
211,0,upsetting,0,0,Stimulus_focus,upset
211,0,to,0,0,_,to
211,0,see,0,0,Perception_experience,see
211,0,on,1,0,Spatial_contact,on
211,0,a,0,0,_,a
211,0,social,0,0,_,social
211,0,justice,0,0,_,justice
211,0,site,0,0,Locale_by_use,site
211,0,where,0,0,Locative_relation,where
211,0,I,0,0,_,I
211,0,can,0,0,Possibility,can
211,0,usually,0,0,Frequency,usually
211,0,go,0,0,Motion,go
211,0,without,1,0,_,without
211,0,feeling,1,0,Feeling,feel
211,0,",",0,0,_,","
211,0,for,0,0,_,for
211,0,once,0,0,Event_instance,once
211,0,",",0,0,_,","
211,0,that,0,0,_,that
211,0,the,0,0,_,the
211,0,people,0,0,People,people
211,0,there,0,0,Locative_relation,there
211,0,hate,0,0,Experiencer_focus,hate
211,0,me,0,0,_,I
211,0,for,0,0,_,for
211,0,who,0,0,_,who
211,0,I,0,0,_,I
211,0,am,0,0,_,be
211,0,.,0,0,_,.
212,0,its,0,0,_,its
212,0,aftermath,0,0,_,aftermath
212,0,",",0,0,_,","
212,0,all,0,0,_,all
212,0,became,0,0,Becoming,become
212,0,a,0,0,_,a
212,0,blur,1,1,_,blur
212,0,.,0,0,_,.
212,1,Like,0,0,Similarity,like
212,1,a,0,0,_,a
212,1,zombie,1,1,_,zombie
212,1,",",0,0,_,","
212,1,I,0,0,_,I
212,1,went,1,0,Motion,go
212,1,through,1,0,_,through
212,1,emotions,0,0,_,emotion
212,1,--,0,0,_,--
212,1,I,0,0,_,I
212,1,mean,0,0,_,mean
212,1,--,0,0,_,--
212,1,a,0,0,_,a
212,1,Donald,0,0,_,Donald
212,1,would,0,0,_,would
212,1,show,0,0,Arriving,show
212,1,up,0,0,Arriving,up
212,1,with,0,0,_,with
212,1,a,0,0,_,a
212,1,game,1,1,_,game
212,1,face,0,0,Body_parts,face
212,1,",",0,0,_,","
212,1,with,0,0,_,with
213,0,surfing,0,0,_,surf
213,0,has,0,0,_,have
213,0,ever,0,0,_,ever
213,0,had,1,0,Have_associated,have
213,0,is,0,0,_,be
213,0,BY,0,0,_,by
213,0,FAR,1,1,_,far
213,0,Ronnie,0,0,_,Ronnie
213,0,Blakey,0,0,_,Blakey
213,0,",",0,0,_,","
213,0,does,0,0,_,do
213,0,not,0,0,_,not
213,0,let,0,0,_,let
213,0,go,1,0,_,go
213,0,through,1,0,_,through
213,0,emotions,0,0,_,emotion
213,0,and,0,0,_,and
213,0,makes,1,0,Causation,make
213,0,every,0,0,_,every
213,0,comment,0,0,Statement,comment
213,0,with,1,0,_,with
213,0,great,1,0,_,great
213,0,precision,0,0,_,precision
213,0,...,0,0,_,...
213,0,#,0,0,_,#
213,0,Kelly,0,0,_,Kelly
213,0,is,0,0,_,be
213,0,a,0,0,_,a
213,0,freak,1,1,_,freak
213,0,and,0,0,_,and
213,0,still,0,0,Continued_state_of_affairs,still
214,0,",",0,0,_,","
214,0,I,0,0,_,I
214,0,hated,0,0,Experiencer_focus,hate
214,0,the,0,0,_,the
214,0,circumstance,0,0,_,circumstance
214,0,.,0,0,_,.
214,1,Now,0,0,Temporal_collocation,now
214,1,I,0,0,_,I
214,1,like,0,0,Experiencer_focus,like
214,1,people,0,0,People,people
214,1,again,0,0,_,again
214,1,.,0,0,_,.
214,2,I,0,0,_,I
214,2,went,1,0,Motion,go
214,2,through,1,0,_,through
214,2,emotions,0,0,_,emotion
214,2,that,0,0,_,that
214,2,were,0,0,_,be
214,2,startling,0,0,Stimulus_focus,startle
214,2,to,1,0,_,to
214,2,me,0,0,_,I
214,2,.,0,0,_,.
214,3,#,0,0,_,#
214,3,BH,0,0,_,BH
214,3,:,0,0,_,:
214,3,How,0,0,_,how
214,3,did,0,0,_,do
214,3,you,0,0,_,you
214,3,sleep,0,0,Sleep,sleep
214,3,in,1,0,_,in
214,3,those,1,0,_,those
214,3,times,0,0,_,time
215,0,.,0,0,_,.
215,1,When,0,0,Temporal_collocation,when
215,1,asked,0,0,Questioning,ask
215,1,to,0,0,_,to
215,1,decide,0,0,Deciding,decide
215,1,a,0,0,_,a
215,1,patent,0,0,_,patent
215,1,case,0,0,_,case
215,1,",",0,0,_,","
215,1,juries,0,0,_,jury
215,1,are,0,0,_,be
215,1,likely,0,0,Likelihood,likely
215,1,to,0,0,_,to
215,1,go,1,0,_,go
215,1,with,1,0,_,with
215,1,emotion,0,0,_,emotion
215,1,over,1,0,_,over
215,1,evidence,0,0,Evidence,evidence
215,1,--,0,0,_,--
215,1,deciding,0,0,Deciding,decide
215,1,a,0,0,_,a
215,1,case,0,0,_,case
215,1,based,1,0,_,base
215,1,on,1,0,_,on
215,1,brand,0,0,_,brand
215,1,loyalty,0,0,_,loyalty
215,1,rather,0,0,_,rather
215,1,than,0,0,_,than
215,1,the,0,0,_,the
215,1,law,0,0,Law,law
215,1,at,1,0,_,at
216,0,:,0,0,_,:
216,0,...,0,0,_,...
216,0,to,0,0,_,to
216,0,oppose,0,0,Taking_sides,oppose
216,0,this,1,0,_,this
216,0,disastrous,0,0,Catastrophe,disastrous
216,0,war,0,0,Hostile_encounter,war
216,0,.,0,0,_,.
216,1,But,0,0,Concessive,but
216,1,people,0,0,People,people
216,1,are,0,0,_,be
216,1,going,0,0,_,go
216,1,to,0,0,_,to
216,1,go,0,0,Motion,go
216,1,with,1,0,_,with
216,1,emotion,0,0,_,emotion
216,1,",",0,0,_,","
216,1,they,0,0,_,they
216,1,'re,0,0,_,be
216,1,going,0,0,_,go
216,1,to,0,0,_,to
216,1,go,0,0,Motion,go
216,1,with,1,0,_,with
216,1,their,0,0,_,their
216,1,heart,1,0,_,heart
216,1,",",0,0,_,","
216,1,and,0,0,_,and
216,1,it,0,0,_,it
216,1,'s,0,0,_,be
216,1,a,0,0,_,a
216,1,tough,1,1,Difficulty,tough
217,0,(,0,0,_,(
217,0,and,0,0,_,and
217,0,thus,0,0,_,thus
217,0,a,0,0,_,a
217,0,fanatic,0,0,_,fanatic
217,0,per,0,0,_,per
217,0,ESR,0,0,_,ESR
217,0,'s,0,0,_,be
217,0,definition,0,0,Communicate_categorization,definition
217,0,),0,0,_,)
217,0,",",0,0,_,","
217,0,or,0,0,_,or
217,0,just,0,0,_,just
217,0,going,1,0,_,go
217,0,by,0,0,_,by
217,0,emotion,0,0,_,emotion
217,0,(,0,0,_,(
217,0,which,0,0,_,which
217,0,would,0,0,_,would
217,0,be,0,0,_,be
217,0,no,0,0,_,no
217,0,better,0,0,Desirability,well
217,0,.,0,0,_,.
217,0,),0,0,_,)
217,1,#,0,0,_,#
217,1,Of,0,0,_,of
217,1,course,0,0,_,course
217,1,",",0,0,_,","
217,1,some,0,0,Proportional_quantity,some
217,1,animal,0,0,_,animal
217,1,rights,0,0,_,right
218,0,if,0,0,_,if
218,0,when,0,0,Temporal_collocation,when
218,0,you,0,0,_,you
218,0,have,0,0,Required_event,have
218,0,to,0,0,Required_event,to
218,0,--,0,0,_,--
218,0,wrong,0,0,Correctness,wrong
218,0,decisions,0,0,Deciding,decision
218,0,happen,0,0,Event,happen
218,0,in,1,0,Interior_profile_relation,in
218,0,courts,0,0,Judicial_body,court
218,0,because,0,0,Causation,because
218,0,you,0,0,_,you
218,0,go,1,0,Motion,go
218,0,by,0,0,_,by
218,0,emotion,0,0,_,emotion
218,0,",",0,0,_,","
218,0,not,0,0,Negation,not
218,0,by,0,0,_,by
218,0,evidence,0,0,Evidence,evidence
218,0,.,0,0,_,.
218,1,And,0,0,_,and
218,1,all,0,0,_,all
218,1,I,0,0,_,I
218,1,would,0,0,_,would
218,1,say,0,0,Statement,say
218,1,is,0,0,_,be
218,1,look,0,0,Perception_active,look
218,1,at,0,0,_,at
218,1,the,0,0,_,the
218,1,evidence,0,0,Evidence,evidence
219,0,years,0,0,Measure_duration,year
219,0,.,0,0,_,.
219,1,Yeah,0,0,_,yeah
219,1,",",0,0,_,","
219,1,the,0,0,_,the
219,1,whole,0,0,Ranked_expectation,whole
219,1,thing,0,0,_,thing
219,1,",",0,0,_,","
219,1,Ivan,0,0,_,Ivan
219,1,.,0,0,_,.
219,2,He,0,0,_,he
219,2,said,0,0,Statement,say
219,2,he,0,0,_,he
219,2,goes,1,0,_,go
219,2,on,1,0,_,on
219,2,emotion,0,0,_,emotion
219,2,.,0,0,_,.
219,3,He,0,0,_,he
219,3,said,0,0,Statement,say
219,3,the,0,0,_,the
219,3,stuff,1,0,_,stuff
219,3,about,1,0,_,about
219,3,the,0,0,_,the
219,3,biggest,0,0,Size,big
219,3,pour,0,0,_,pour
219,3,in,0,0,Interior_profile_relation,in
219,3,Europe,0,0,_,Europe
219,3,.,0,0,_,.
219,4,Outside,0,0,Interior_profile_relation,outside
219,4,the,0,0,_,the
219,4,nuclear,0,0,Weapon,nuclear
220,0,God,0,0,_,God
220,0,",",0,0,_,","
220,0,and,0,0,_,and
220,0,they,0,0,_,they
220,0,just,0,0,_,just
220,0,ate,0,0,Ingestion,eat
220,0,it,0,0,_,it
220,0,up,0,0,_,up
220,0,.,0,0,_,.
220,1,You,0,0,_,you
220,1,ca,0,0,_,can
220,1,n't,0,0,_,not
220,1,just,0,0,_,just
220,1,go,1,0,Activity_ongoing,go
220,1,on,1,0,_,on
220,1,emotions,0,0,_,emotion
220,1,and,0,0,_,and
220,1,be,0,0,_,be
220,1,a,0,0,_,a
220,1,whole,1,0,Ranked_expectation,whole
220,1,person,0,0,People,person
220,1,.,0,0,_,.
220,2,Even,0,0,_,even
220,2,folks,0,0,People,folk
220,2,in,1,0,Interior_profile_relation,in
220,2,this,1,0,_,this
220,2,sub-culture,1,1,_,sub
220,2,of,0,0,_,of
220,2,Charismatic,0,0,_,charismatic
220,2,and,0,0,_,and
220,2,Pentecostal,0,0,_,pentecostal
221,0,pleasure,0,0,Experiencer_focus,pleasure
221,0,could,0,0,Possibility,could
221,0,bring,1,0,Cause_to_start,bring
221,0,about,0,0,Cause_to_start,about
221,0,illness,0,0,Medical_conditions,illness
221,0,in,0,0,Interior_profile_relation,in
221,0,the,0,0,_,the
221,0,human,0,0,People,human
221,0,body,0,0,Body_parts,body
221,0,.,0,0,_,.
221,1,However,0,0,Concessive,however
221,1,",",0,0,_,","
221,1,he,0,0,_,he
221,1,went,1,0,_,go
221,1,beyond,1,0,_,beyond
221,1,emotions,0,0,_,emotion
221,1,to,0,0,_,to
221,1,configure,1,1,_,configure
221,1,the,0,0,_,the
221,1,psychosocial,0,0,_,psychosocial
221,1,body,0,0,Body_parts,body
221,1,",",0,0,_,","
221,1,where,1,0,_,where
221,1,the,0,0,_,the
221,1,visceral,0,0,_,visceral
221,1,arrangement,1,1,_,arrangement
221,1,and,0,0,_,and
221,1,the,0,0,_,the
221,1,physiological,0,0,_,physiological
221,1,workings,1,1,_,working
221,1,are,0,0,_,be
222,0,n't,0,0,_,not
222,0,Want,0,0,Desiring,want
222,0,You,0,0,_,you
222,0,Going,0,0,Motion,go
222,0,Back,0,0,_,back
222,0,There,0,0,_,there
222,0,Until,0,0,Time_vector,until
222,0,After,1,0,Time_vector,after
222,0,The,0,0,_,the
222,0,Trial,0,0,Trial,trial
222,0,.,0,0,_,.
222,1,We,0,0,_,we
222,1,'re,0,0,_,be
222,1,Going,1,0,Motion,go
222,1,For,0,0,_,for
222,1,Emotion,0,0,_,Emotion
222,1,Here,0,0,Locative_relation,here
222,1,.,0,0,_,.
222,2,I,0,0,_,I
222,2,Want,0,0,Desiring,want
222,2,To,0,0,_,to
222,2,Be,0,0,_,be
222,2,Able,0,0,Capability,able
222,2,To,0,0,_,to
222,2,Tell,0,0,Telling,tell
222,2,The,0,0,_,the
222,2,Jury,0,0,_,jury
222,2,That,0,0,_,that
222,2,You,0,0,_,you
222,2,Were,0,0,_,be
222,2,Too,0,0,_,too
223,0,our,0,0,_,our
223,0,emotions,0,0,_,emotion
223,0,.,0,0,_,.
223,1,Everything,0,0,_,everything
223,1,has,1,0,Have_associated,have
223,1,an,0,0,_,an
223,1,emotional,0,0,_,emotional
223,1,weighting,1,1,_,weight
223,1,to,1,0,_,to
223,1,it,0,0,_,it
223,1,.,0,0,_,.
223,2,We,0,0,_,we
223,2,'ve,0,0,_,'
223,2,gone,1,0,Undergo_change,gone
223,2,from,1,0,_,from
223,2,emotions,0,0,_,emotion
223,2,being,0,0,_,be
223,2,these,1,0,_,these
223,2,spiritual,0,0,_,spiritual
223,2,...,0,0,_,...
223,2,immaterial,0,0,_,immaterial
223,2,things,1,0,_,thing
223,2,to,1,0,_,to
223,2,things-,1,0,_,things-
223,2,they,0,0,_,they
223,2,'re,0,0,_,be
223,2,not,0,0,_,not
223,2,even,0,0,_,even
223,2,things-,1,0,_,things-
223,2,to,1,0,_,to
223,2,actual,0,0,Existence,actual
224,0,.,0,0,_,.
224,0,',0,0,_,'
224,1,They,0,0,_,they
224,1,did,0,0,_,do
224,1,not,0,0,Negation,not
224,1,seem,0,0,Give_impression,seem
224,1,irrational,0,0,Mental_property,irrational
224,1,",",0,0,_,","
224,1,in,1,0,_,in
224,1,flamed,1,1,_,flame
224,1,",",0,0,_,","
224,1,bigoted,0,0,_,bigoted
224,1,",",0,0,_,","
224,1,swept,1,1,_,sweep
224,1,by,0,0,_,by
224,1,emotion,0,0,_,emotion
224,1,and,0,0,_,and
224,1,angry,1,0,Emotion_directed,angry
224,1,self-righteousness,0,0,_,self
224,1,.,0,0,_,.
224,2,They,0,0,_,they
224,2,felt,1,0,Opinion,feel
224,2,strongly,1,0,_,strongly
224,2,enough,0,0,Sufficiency,enough
224,2,about,1,0,_,about
224,2,justice,0,0,_,justice
224,2,in,0,0,Interior_profile_relation,in
224,2,this,1,0,_,this
224,2,new,0,0,Age,new
224,2,country,0,0,Political_locales,country
224,2,to,0,0,_,to
225,0,and,0,0,_,and
225,0,declination,0,0,_,declination
225,0,+5.72°,0,0,_,+5.72
225,0,.,0,0,_,.
225,1,With,0,0,_,with
225,1,these,0,0,_,these
225,1,coordinates,0,0,_,coordinate
225,1,",",0,0,_,","
225,1,IceCube,0,0,_,icecube
225,1,'s,0,0,_,be
225,1,automatic,0,0,_,automatic
225,1,notification,0,0,Telling,notification
225,1,system,0,0,System,system
225,1,went,0,0,Transition_to_a_quality,go
225,1,into,0,0,_,into
225,1,action,0,0,Intentionally_act,action
225,1,",",0,0,_,","
225,1,notifying,0,0,Telling,notify
225,1,ground-based,0,0,_,ground
225,1,and,0,0,_,and
225,1,space-based,0,0,_,space
225,1,observatories,0,0,_,observatory
225,1,around,0,0,Locative_relation,around
225,1,the,0,0,_,the
225,1,world,0,0,Political_locales,world
225,1,of,0,0,_,of
225,1,their,0,0,_,their
225,1,estimate,0,0,Estimated_value,estimate
225,1,of,0,0,_,of
225,1,the,0,0,_,the
225,1,coordinates,0,0,_,coordinate
226,0,#,0,0,_,#
226,0,Through,1,0,_,through
226,0,recommendations,0,0,_,recommendation
226,0,from,1,0,Origin,from
226,0,school,0,0,Locale_by_use,school
226,0,counselors,0,0,_,counselor
226,0,",",0,0,_,","
226,0,families,0,0,Kinship,family
226,0,were,0,0,_,be
226,0,recognized,0,0,_,recognize
226,0,and,0,0,_,and
226,0,then,0,0,_,then
226,0,volunteers,0,0,_,volunteer
226,0,went,1,0,Transition_to_a_quality,go
226,0,into,1,0,_,into
226,0,action,0,0,Intentionally_act,action
226,0,to,0,0,_,to
226,0,get,0,0,Getting,get
226,0,the,0,0,_,the
226,0,gifts,0,0,Giving,gift
226,0,",",0,0,_,","
226,0,coats,0,0,Accoutrements,coat
226,0,",",0,0,_,","
226,0,hats,0,0,Accoutrements,hat
226,0,",",0,0,_,","
226,0,gloves,0,0,Accoutrements,glove
226,0,and,0,0,_,and
226,0,food,0,0,Food,food
226,0,for,0,0,_,for
226,0,the,0,0,_,the
226,0,many,0,0,Quantified_mass,many
227,0,",",0,0,_,","
227,0,when,0,0,Temporal_collocation,when
227,0,you,0,0,_,you
227,0,get,0,0,Transition_to_state,get
227,0,angry,0,0,Emotion_directed,angry
227,0,",",0,0,_,","
227,0,the,0,0,_,the
227,0,amygdale,0,0,_,amygdale
227,0,",",0,0,_,","
227,0,a,0,0,_,a
227,0,basic,0,0,_,basic
227,0,brain,0,0,_,brain
227,0,region,0,0,Locale,region
227,0,goes,1,0,Transition_to_a_quality,go
227,0,into,1,0,_,into
227,0,action,0,0,Intentionally_act,action
227,0,.,0,0,_,.
227,1,And,0,0,_,and
227,1,you,0,0,_,you
227,1,drive,1,1,Operate_vehicle,drive
227,1,up,1,0,_,up
227,1,norepinephrine,0,0,_,norepinephrine
227,1,and,0,0,_,and
227,1,epinephrine,0,0,_,epinephrine
227,1,",",0,0,_,","
227,1,the,0,0,_,the
227,1,adrenaline,0,0,_,adrenaline
227,1,and,0,0,_,and
227,1,you,0,0,_,you
227,1,can,0,0,Capability,can
227,1,stay,1,0,Residence,stay
228,0,created,0,0,Intentionally_create,create
228,0,--,0,0,_,--
228,0,what,0,0,_,what
228,0,created,0,0,Cause_to_start,create
228,0,this,1,0,_,this
228,0,immediate,0,0,_,immediate
228,0,reaction,1,0,Response,reaction
228,0,of,0,0,_,of
228,0,President,0,0,Leadership,President
228,0,Obama,0,0,_,Obama
228,0,?,0,0,_,?
228,1,And,0,0,_,and
228,1,we,0,0,_,we
228,1,went,1,0,_,go
228,1,into,1,0,_,into
228,1,action,0,0,Intentionally_act,action
228,1,to,0,0,_,to
228,1,get,1,0,Getting,get
228,1,the,0,0,_,the
228,1,briefing,0,0,_,briefing
228,1,as,0,0,_,as
228,1,quickly,0,0,_,quickly
228,1,as,0,0,_,as
228,1,possible,0,0,Likelihood,possible
228,1,on,1,0,_,on
228,1,Tuesday,0,0,Calendric_unit,Tuesday
228,1,that,0,0,_,that
228,1,we,0,0,_,we
228,1,thought,0,0,Awareness,think
228,1,the,0,0,_,the
228,1,president,0,0,Leadership,president
229,0,a,0,0,_,a
229,0,drink,0,0,Food,drink
229,0,and,0,0,_,and
229,0,then,0,0,Temporal_collocation,then
229,0,fell,0,0,Motion,fall
229,0,into,0,0,_,into
229,0,the,0,0,_,the
229,0,lake,0,0,Natural_features,lake
229,0,.,0,0,_,.
229,1,That,1,0,_,that
229,1,'s,0,0,_,be
229,1,when,0,0,Temporal_collocation,when
229,1,Farris,0,0,_,Farris
229,1,went,1,0,Transition_to_a_quality,go
229,1,into,1,0,_,into
229,1,action,0,0,Intentionally_act,action
229,1,",",0,0,_,","
229,1,reaching,0,0,Self_motion,reach
229,1,down,0,0,_,down
229,1,and,0,0,_,and
229,1,heaving,0,0,Cause_motion,heaving
229,1,the,0,0,_,the
229,1,flailing,0,0,Moving_in_place,flail
229,1,50-pound,0,0,_,50
229,1,dog,0,0,Animals,dog
229,1,out,0,0,_,out
229,1,of,0,0,_,of
229,1,the,0,0,_,the
229,1,water,0,0,_,water
229,1,.,0,0,_,.
229,2,#,0,0,_,#
230,0,off,1,0,_,off
230,0,the,0,0,_,the
230,0,daily,0,0,Frequency,daily
230,0,double,1,1,_,double
230,0,of,0,0,_,of
230,0,pitching,0,0,Cause_motion,pitch
230,0,disgrace,0,0,Social_interaction_evaluation,disgrace
230,0,.,0,0,_,.
230,1,Both,0,0,Quantified_mass,both
230,1,their,0,0,_,their
230,1,starters,0,0,_,starter
230,1,and,0,0,_,and
230,1,relievers,0,0,_,reliever
230,1,went,1,0,Transition_to_a_quality,go
230,1,into,1,0,_,into
230,1,action,0,0,Intentionally_act,action
230,1,on,1,0,Temporal_collocation,on
230,1,Tuesday,0,0,Calendric_unit,Tuesday
230,1,night,0,0,Calendric_unit,night
230,1,with,1,0,_,with
230,1,ERAs,0,0,_,era
230,1,over,1,0,Proportional_quantity,over
230,1,5.00,0,0,_,5.00
230,1,.,0,0,_,.
230,2,#,0,0,_,#
230,2,On,1,0,_,on
230,2,cue,0,0,_,cue
230,2,",",0,0,_,","
230,2,Mets,0,0,_,met
230,2,starter,0,0,_,starter
230,2,Tommy,0,0,_,Tommy
231,0,4171631,0,0,_,4171631
231,0,ERNEST-HEMINGWAY,0,0,_,ERNEST
231,0,#,0,0,_,#
231,0,This,1,0,_,this
231,0,is,0,0,_,be
231,0,the,0,0,_,the
231,0,true,0,0,_,true
231,0,face,1,1,Body_parts,face
231,0,of,0,0,_,of
231,0,men,0,0,People,man
231,0,going,1,0,Transition_to_a_quality,go
231,0,into,1,0,_,into
231,0,action,0,0,Intentionally_act,action
231,0,.,0,0,_,.
231,1,It,0,0,_,it
231,1,'s,0,0,_,be
231,1,a,0,0,_,a
231,1,little,0,0,_,little
231,1,different,0,0,Similarity,different
231,1,from,1,0,_,from
231,1,any,0,0,_,any
231,1,other,0,0,Increment,other
231,1,face,0,0,Body_parts,face
231,1,that,0,0,_,that
231,1,you,0,0,_,you
231,1,will,0,0,_,will
231,1,ever,0,0,_,ever
231,1,see,0,0,Perception_experience,see
232,0,It,0,0,_,it
232,0,'s,0,0,_,be
232,0,almost,0,0,_,almost
232,0,as,0,0,_,as
232,0,if,0,0,_,if
232,0,someone,0,0,_,someone
232,0,was,0,0,_,be
232,0,waiting,0,0,Waiting,wait
232,0,for,0,0,_,for
232,0,you,0,0,_,you
232,0,to,0,0,_,to
232,0,leave,0,0,Departing,leave
232,0,to,0,0,_,to
232,0,go,1,0,Transition_to_a_quality,go
232,0,into,1,0,_,into
232,0,action,0,0,Intentionally_act,action
232,0,.,0,0,_,.
232,1,It,0,0,_,it
232,1,happened,0,0,Event,happen
232,1,down,1,0,Locative_relation,down
232,1,at,0,0,Locative_relation,at
232,1,The,0,0,_,the
232,1,Twinkle,0,0,_,Twinkle
232,1,when,0,0,Temporal_collocation,when
232,1,no,0,0,_,no
232,1,one,0,0,_,one
232,1,was,0,0,_,be
232,1,looking,0,0,Perception_active,look
232,1,-,0,0,_,-
232,1,some,0,0,Proportional_quantity,some
232,1,big,0,0,Size,big
233,0,swung,0,0,Self_motion,swing
233,0,left,0,0,Direction,leave
233,0,to,0,0,_,to
233,0,approach,0,0,Arriving,approach
233,0,the,0,0,_,the
233,0,ranch,0,0,Locale_by_use,ranch
233,0,from,0,0,_,from
233,0,an,0,0,_,an
233,0,unexpected,0,0,Expectation,unexpected
233,0,direction,0,0,_,direction
233,0,.,0,0,_,.
233,1,Before,0,0,Time_vector,before
233,1,they,0,0,_,they
233,1,went,1,0,Transition_to_a_quality,go
233,1,into,1,0,_,into
233,1,action,0,0,Intentionally_act,action
233,1,",",0,0,_,","
233,1,Rolfe,0,0,_,Rolfe
233,1,lined,1,1,_,line
233,1,up,1,0,_,up
233,1,his,0,0,_,his
233,1,war,0,0,Hostile_encounter,war
233,1,party,0,0,Aggregate,party
233,1,and,0,0,_,and
233,1,rode,0,0,Operate_vehicle,ride
233,1,from,0,0,_,from
233,1,man,0,0,People,man
233,1,to,1,0,_,to
233,1,man,0,0,People,man
233,1,",",0,0,_,","
233,1,checking,0,0,Inspecting,check
234,0,",",0,0,_,","
234,0,when,0,0,Temporal_collocation,when
234,0,a,0,0,_,a
234,0,lull,1,1,_,lull
234,0,came,1,0,Arriving,come
234,0,in,1,0,_,in
234,0,the,0,0,_,the
234,0,endless,0,0,_,endless
234,0,list,0,0,Text,list
234,0,of,0,0,_,of
234,0,chores,0,0,Being_obligated,chore
234,0,",",0,0,_,","
234,0,I,0,0,_,I
234,0,went,1,0,Transition_to_a_quality,go
234,0,into,1,0,_,into
234,0,action,0,0,Intentionally_act,action
234,0,.,0,0,_,.
234,1,Digging,0,0,_,dig
234,1,out,0,0,_,out
234,1,a,0,0,_,a
234,1,semi-healthy,0,0,_,semi
234,1,segment,0,0,Part_whole,segment
234,1,of,0,0,_,of
234,1,each,0,0,_,each
234,1,salvageable,0,0,_,salvageable
234,1,and,0,0,_,and
234,1,desirable,0,0,Desirability,desirable
234,1,perennial,0,0,_,perennial
234,1,to,0,0,_,to
234,1,reserve,0,0,_,reserve
234,1,for,0,0,_,for
235,0,``,0,0,_,`
235,0,He,0,0,_,he
235,0,and,0,0,_,and
235,0,other,0,0,Increment,other
235,0,experts,0,0,Expertise,expert
235,0,dismiss,1,1,Respond_to_proposal,dismiss
235,0,``,0,0,_,`
235,0,newspaper,0,0,Text,newspaper
235,0,reports,0,0,Statement,report
235,0,``,0,0,_,`
235,0,of,0,0,_,of
235,0,Russian,0,0,Origin,russian
235,0,troops,0,0,Member_of_military,troop
235,0,going,0,0,Transition_to_a_quality,go
235,0,into,1,0,_,into
235,0,action,0,0,Intentionally_act,action
235,0,in,0,0,Interior_profile_relation,in
235,0,Syria,0,0,_,Syria
235,0,",",0,0,_,","
235,0,but,0,0,_,but
235,0,say,0,0,Statement,say
235,0,that,0,0,_,that
235,0,one,0,0,Cardinal_numbers,one
235,0,marine,0,0,_,marine
235,0,battalion,0,0,_,battalion
235,0,-,0,0,_,-
235,0,about,1,0,Proportional_quantity,about
235,0,500,0,0,_,500
235,0,men,0,0,People,man
235,0,-,0,0,_,-
235,0,has,0,0,_,have
236,0,and,0,0,_,and
236,0,though,0,0,Concessive,though
236,0,they,0,0,_,they
236,0,have,0,0,_,have
236,0,n't,0,0,_,not
236,0,really,0,0,_,really
236,0,healed,1,1,Cure,heal
236,0,",",0,0,_,","
236,0,Cairo,0,0,_,Cairo
236,0,demanded,0,0,Request,demand
236,0,that,0,0,_,that
236,0,Petralds,0,0,_,petrald
236,0,not,0,0,_,not
236,0,go,1,0,Transition_to_a_quality,go
236,0,into,1,0,_,into
236,0,action,0,0,Intentionally_act,action
236,0,without,1,0,_,without
236,0,a,0,0,_,a
236,0,partner,0,0,Collaboration,partner
236,0,.,0,0,_,.
236,1,The,0,0,_,the
236,1,pungent,0,0,_,pungent
236,1,smell,0,0,Sensation,smell
236,1,of,0,0,_,of
236,1,ointment,0,0,Substance,ointment
236,1,adds,1,0,_,add
236,1,a,0,0,_,a
236,1,curative,0,0,_,curative
236,1,whiff,0,0,Sensation,whiff
236,1,to,1,0,_,to
236,1,the,0,0,_,the
237,0,score,1,1,_,score
237,0,it,0,0,_,it
237,0,.,0,0,_,.
237,1,If,0,0,_,if
237,1,it,0,0,_,it
237,1,received,1,0,Receiving,receive
237,1,a,0,0,_,a
237,1,high,1,0,Position_on_a_scale,high
237,1,enough,0,0,Sufficiency,enough
237,1,score,0,0,_,score
237,1,",",0,0,_,","
237,1,it,0,0,_,it
237,1,could,0,0,Capability,could
237,1,go,1,0,Transition_to_a_quality,go
237,1,into,1,0,_,into
237,1,action,1,0,Intentionally_act,action
237,1,.,0,0,_,.
237,2,#,0,0,_,#
237,2,Darlage,0,0,_,darlage
237,2,recalled,1,0,Statement,recall
237,2,one,0,0,_,one
237,2,day,0,0,Calendric_unit,day
237,2,when,0,0,_,when
237,2,the,0,0,_,the
237,2,mayor,0,0,Leadership,mayor
237,2,visited,0,0,Visiting,visit
237,2,him,0,0,_,he
237,2,and,0,0,_,and
237,2,told,0,0,Telling,tell
237,2,him,0,0,_,he
237,2,of,0,0,_,of
238,0,hand,0,0,Body_parts,hand
238,0,?,0,0,_,?
238,1,He,0,0,_,he
238,1,had,0,0,Possession,have
238,1,a,0,0,_,a
238,1,right,0,0,_,right
238,1,hand,0,0,Body_parts,hand
238,1,of,0,0,_,of
238,1,iron,0,0,Substance,iron
238,1,made,0,0,_,make
238,1,for,0,0,_,for
238,1,him,0,0,_,he
238,1,and,0,0,_,and
238,1,going,1,0,Transition_to_a_quality,go
238,1,into,1,0,_,into
238,1,action,0,0,Intentionally_act,action
238,1,with,0,0,_,with
238,1,it,0,0,_,it
238,1,tied,0,0,Being_attached,tie
238,1,to,0,0,_,to
238,1,his,0,0,_,his
238,1,arm,0,0,Body_parts,arm
238,1,",",0,0,_,","
238,1,raised,1,1,_,raise
238,1,the,0,0,_,the
238,1,siege,0,0,Besieging,siege
238,1,of,0,0,_,of
238,1,Cremona,0,0,_,Cremona
238,1,?,0,0,_,?
238,2,(,0,0,_,(
238,2,2,0,0,_,2
239,0,Shortly,0,0,_,shortly
239,0,after,0,0,Time_vector,after
239,0,the,0,0,_,the
239,0,blast,0,0,Fire_burning,blast
239,0,",",0,0,_,","
239,0,officials,0,0,Leadership,official
239,0,of,0,0,_,of
239,0,other,0,0,Increment,other
239,0,cities,0,0,Political_locales,city
239,0,along,0,0,Locative_relation,along
239,0,the,0,0,_,the
239,0,east,0,0,Part_orientational,east
239,0,coast,0,0,Relational_natural_features,coast
239,0,went,1,0,Transition_to_a_quality,go
239,0,into,1,0,_,into
239,0,action,0,0,Intentionally_act,action
239,0,.,0,0,_,.
239,1,We,0,0,_,we
239,1,have,1,0,Possession,have
239,1,Fox,0,0,_,Fox
239,1,team,0,0,Aggregate,team
239,1,coverage,0,0,_,coverage
239,1,.,0,0,_,.
239,2,Senior,0,0,Subordinates_and_superiors,senior
239,2,correspondent,0,0,_,correspondent
239,2,Eric,0,0,_,Eric
239,2,Shawn,0,0,_,Shawn
239,2,in,0,0,Interior_profile_relation,in
239,2,New,0,0,_,new
239,2,York,0,0,_,york
239,2,tonight,0,0,Calendric_unit,tonight
240,0,seconds,0,0,Measure_duration,second
240,0,later,0,0,Time_vector,later
240,0,",",0,0,_,","
240,0,Grossnickle,0,0,_,grossnickle
240,0,felt,1,0,Opinion,feel
240,0,as,0,0,_,as
240,0,if,0,0,_,if
240,0,God,0,0,_,God
240,0,were,0,0,_,be
240,0,telling,1,0,Telling,tell
240,0,him,0,0,_,he
240,0,",",0,0,_,","
240,0,``,0,0,_,`
240,0,Go,1,0,Transition_to_a_quality,go
240,0,into,1,0,_,into
240,0,action,0,0,Intentionally_act,action
240,0,.,0,0,_,.
240,1,Go,0,0,_,go
240,1,do,0,0,Intentionally_act,do
240,1,something.,0,0,_,something
240,1,``,0,0,_,`
240,2,#,0,0,_,#
240,2,``,0,0,_,`
240,2,I,0,0,_,I
240,2,slid,0,0,Self_motion,slide
240,2,down,0,0,_,down
240,2,the,0,0,_,the
240,2,face,0,0,Body_parts,face
240,2,of,0,0,_,of
240,2,the,0,0,_,the
241,0,by,0,0,_,by
241,0,me,0,0,_,I
241,0,to,1,0,_,to
241,0,any,0,0,Quantified_mass,any
241,0,group,0,0,Aggregate,group
241,0,.,0,0,_,.
241,1,I,0,0,_,I
241,1,am,0,0,_,be
241,1,an,0,0,_,an
241,1,ordinary,0,0,Typicality,ordinary
241,1,citizen,0,0,People_by_jurisdiction,citizen
241,1,",",0,0,_,","
241,1,which,0,0,_,which
241,1,went,1,0,Transition_to_a_quality,go
241,1,into,1,0,_,into
241,1,action,0,0,Intentionally_act,action
241,1,.,0,0,_,.
241,2,Maybe,0,0,Likelihood,maybe
241,2,I,0,0,_,I
241,2,'m,0,0,_,'
241,2,just,0,0,_,just
241,2,a,0,0,_,a
241,2,Christian,0,0,People_by_religion,christian
241,2,or,0,0,_,or
241,2,a,0,0,_,a
241,2,Buddhist,0,0,People_by_religion,buddhist
241,2,.,0,0,_,.
241,3,Communist,0,0,_,communist
241,3,or,0,0,_,or
241,3,an,0,0,_,an
241,3,atheist,0,0,_,atheist
242,0,",",0,0,_,","
242,0,once,0,0,_,once
242,0,we,0,0,_,we
242,0,saw,0,0,Perception_experience,see
242,0,it,0,0,_,it
242,0,go,1,0,Motion,go
242,0,by,0,0,_,by
242,0,",",0,0,_,","
242,0,we,0,0,_,we
242,0,just,0,0,_,just
242,0,--,0,0,_,--
242,0,everybody,0,0,_,everybody
242,0,just,0,0,_,just
242,0,went,1,0,Motion,go
242,0,into,1,0,_,into
242,0,action,0,0,Intentionally_act,action
242,0,and,0,0,_,and
242,0,there,1,0,_,there
242,0,we,0,0,_,we
242,0,went,1,0,Motion,go
242,0,.,0,0,_,.
242,1,JEFF-GLOR,0,0,_,JEFF
242,1,:,0,0,_,:
242,1,Sandy,0,0,_,sandy
242,1,",",0,0,_,","
242,1,what,0,0,_,what
242,1,surprised,0,0,Experiencer_obj,surprised
242,1,you,0,0,_,you
242,1,most,0,0,_,most
242,1,about,1,0,_,about
242,1,what,0,0,_,what
242,1,you,0,0,_,you
243,0,faith,0,0,Certainty,faith
243,0,in,1,0,_,in
243,0,them,0,0,_,they
243,0,and,0,0,_,and
243,0,mould,1,1,Cause_change,mould
243,0,them,0,0,_,they
243,0,into,1,0,_,into
243,0,a,0,0,_,a
243,0,good,0,0,Desirability,good
243,0,team,0,0,Aggregate,team
243,0,.,0,0,_,.
243,1,When,0,0,Temporal_collocation,when
243,1,they,0,0,_,they
243,1,go,1,0,_,go
243,1,into,1,0,_,into
243,1,action,0,0,Intentionally_act,action
243,1,in,0,0,_,in
243,1,N.,0,0,_,n.
243,1,Africa,0,0,_,Africa
243,1,they,0,0,_,they
243,1,realise,0,0,Coming_to_believe,realise
243,1,what,0,0,_,what
243,1,it,0,0,_,it
244,0,unions,0,0,Organization,union
244,0,can,0,0,Capability,can
244,0,avoid,1,0,Avoiding,avoid
244,0,having,1,0,_,have
244,0,it,0,0,_,it
244,0,apply,1,0,_,apply
244,0,to,1,0,_,to
244,0,them,0,0,_,they
244,0,",",0,0,_,","
244,0,the,0,0,_,the
244,0,Obamacare,0,0,_,Obamacare
244,0,has,0,0,_,have
244,0,n't,0,0,_,not
244,0,gone,1,0,Transition_to_a_quality,gone
244,0,into,1,0,_,into
244,0,action,1,0,Intentionally_act,action
244,0,(,0,0,_,(
244,0,dysfunction,0,0,_,dysfunction
244,0,),0,0,_,)
244,0,yet,0,0,_,yet
244,0,but,0,0,_,but
244,0,will,0,0,_,will
244,0,be,0,0,_,be
244,0,collecting,1,1,Earnings_and_losses,collect
244,0,taxes,0,0,_,taxis
244,0,for,0,0,_,for
244,0,it,0,0,_,it
244,0,for,0,0,_,for
244,0,a,0,0,Quantified_mass,a
244,0,few,0,0,Quantified_mass,few
244,0,years,0,0,Measure_duration,year
245,0,VA,0,0,_,VA
245,0,and,0,0,_,and
245,0,FL,0,0,_,FL
245,0,are,0,0,_,be
245,0,very,0,0,Degree,very
245,0,considerable,0,0,Importance,considerable
245,0,and,0,0,_,and
245,0,the,0,0,_,the
245,0,Obama,0,0,_,Obama
245,0,campaign,1,1,_,campaign
245,0,has,0,0,_,have
245,0,n't,0,0,_,not
245,0,really,0,0,_,really
245,0,gone,1,0,Transition_to_a_quality,gone
245,0,into,1,0,_,into
245,0,action,1,0,Intentionally_act,action
245,0,yet,0,0,_,yet
245,0,.,0,0,_,.
245,1,Against,1,0,_,against
245,1,this,1,0,_,this
245,1,background,1,1,_,background
245,1,a,0,0,_,a
245,1,platform,1,1,_,platform
245,1,of,0,0,_,of
245,1,Elect,0,0,Change_of_leadership,Elect
245,1,me,0,0,_,I
245,1,president,0,0,Leadership,president
245,1,and,0,0,_,and
245,1,then,0,0,_,then
245,1,I,0,0,_,I
245,1,'ll,0,0,_,will
246,0,N10,0,0,_,N10
246,0,is,0,0,_,be
246,0,docked,0,0,_,dock
246,0,or,0,0,_,or
246,0,on,1,0,Spatial_contact,on
246,0,a,0,0,_,a
246,0,charger,0,0,_,charger
246,0,",",0,0,_,","
246,0,you,0,0,_,you
246,0,can,0,0,Possibility,can
246,0,set,1,0,_,set
246,0,Daydreams,0,0,_,daydream
246,0,to,0,0,_,to
246,0,go,1,0,Transition_to_a_quality,go
246,0,into,1,0,_,into
246,0,action,1,0,Intentionally_act,action
246,0,",",0,0,_,","
246,0,displaying,0,0,_,display
246,0,the,0,0,_,the
246,0,clock,0,0,_,clock
246,0,",",0,0,_,","
246,0,photos,0,0,Physical_artworks,photo
246,0,(,0,0,_,(
246,0,in,0,0,_,in
246,0,``,0,0,_,`
246,0,frame,0,0,_,frame
246,0,``,0,0,_,`
246,0,or,0,0,_,or
246,0,``,0,0,_,`
246,0,table,0,0,_,table
246,0,``,0,0,_,`
247,0,",",0,0,_,","
247,0,and,0,0,_,and
247,0,they,0,0,_,they
247,0,take,1,0,_,take
247,0,a,0,0,_,a
247,0,recess,0,0,_,recess
247,0,",",0,0,_,","
247,0,the,0,0,_,the
247,0,19,0,0,_,19
247,0,Senate,0,0,_,Senate
247,0,Republicans,0,0,_,Republicans
247,0,could,0,0,Possibility,could
247,0,then,0,0,Temporal_collocation,then
247,0,go,1,0,Transition_to_a_quality,go
247,0,into,1,0,_,into
247,0,action,0,0,Intentionally_act,action
247,0,and,0,0,_,and
247,0,they,0,0,_,they
247,0,'d,0,0,_,would
247,0,have,1,0,Possession,have
247,0,quorum,0,0,_,quorum
247,0,because,0,0,Causation,because
247,0,they,0,0,_,they
247,0,started,0,0,Activity_start,start
247,0,out,1,0,Activity_start,out
247,0,that,1,0,_,that
247,0,way,1,0,Means,way
247,0,",",0,0,_,","
247,0,so,0,0,Causation,so
247,0,we,0,0,_,we
247,0,'re,0,0,_,be
248,0,;,0,0,_,;
248,0,radicals,0,0,_,radical
248,0,rebel,0,0,Change_of_leadership,rebel
248,0,.,0,0,_,.
248,1,Liberals,0,0,_,liberal
248,1,become,0,0,Becoming,become
248,1,indignant,0,0,Emotion_directed,indignant
248,1,;,0,0,_,;
248,1,radicals,0,0,_,radical
248,1,become,0,0,Becoming,become
248,1,fighting,1,1,Hostile_encounter,fight
248,1,mad,1,1,Experiencer_focus,mad
248,1,and,0,0,_,and
248,1,go,1,0,Transition_to_a_quality,go
248,1,into,1,0,_,into
248,1,action,0,0,Intentionally_act,action
248,1,.,0,0,_,.
248,2,Liberals,0,0,_,liberal
248,2,do,0,0,_,do
248,2,not,0,0,_,not
248,2,modify,0,0,Cause_change,modify
248,2,their,0,0,_,their
248,2,personal,0,0,_,personal
248,2,lives,0,0,_,live
248,2,",",0,0,_,","
248,2,and,0,0,_,and
248,2,what,0,0,_,what
248,2,they,0,0,_,they
248,2,give,0,0,Giving,give
248,2,to,1,0,_,to
248,2,a,0,0,_,a
249,0,to,0,0,_,to
249,0,be,0,0,_,be
249,0,attacked,0,0,Attack,attack
249,0,on,0,0,Spatial_contact,on
249,0,the,0,0,_,the
249,0,streets,0,0,Roadways,street
249,0,of,0,0,_,of
249,0,New,0,0,_,new
249,0,Delhi,0,0,_,Delhi
249,0,.,0,0,_,.
249,1,The,0,0,_,the
249,1,Delhi,0,0,_,Delhi
249,1,police,0,0,_,police
249,1,went,1,0,Transition_to_a_quality,go
249,1,into,1,0,_,into
249,1,action,0,0,Intentionally_act,action
249,1,.,0,0,_,.
249,2,The,0,0,_,the
249,2,international,0,0,Political_locales,international
249,2,media,0,0,_,medium
249,2,wanted,0,0,Desiring,want
249,2,to,0,0,_,to
249,2,know,0,0,Awareness,know
249,2,who,0,0,_,who
249,2,had,0,0,_,have
249,2,done,0,0,Intentionally_act,do
249,2,the,0,0,_,the
249,2,attack,1,0,Attack,attack
249,2,minutes,0,0,Calendric_unit,minute
249,2,after,1,0,Time_vector,after
249,2,it,0,0,_,it
250,0,do,0,0,_,do
250,0,n't,0,0,_,not
250,0,work,0,0,Usefulness,work
250,0,.,0,0,_,.
250,1,It,0,0,_,it
250,1,'s,0,0,_,be
250,1,obvious,0,0,Obviousness,obvious
250,1,that,0,0,_,that
250,1,the,0,0,_,the
250,1,amount,0,0,Quantified_mass,amount
250,1,of,0,0,_,of
250,1,effort,0,0,Attempt,effort
250,1,that,0,0,_,that
250,1,went,1,0,_,go
250,1,into,1,0,_,into
250,1,Action,0,0,Intentionally_act,action
250,1,52,0,0,_,52
250,1,was,0,0,_,be
250,1,almost,0,0,Proportional_quantity,almost
250,1,nil,0,0,_,nil
250,1,.,0,0,_,.
250,2,#,0,0,_,#
250,2,Interplay,0,0,_,interplay
250,2,tried,0,0,Attempt,try
250,2,to,0,0,_,to
250,2,cash,1,1,_,cash
250,2,in,1,0,_,in
250,2,on,1,0,_,on
250,2,its,0,0,_,its
250,2,Fallout,0,0,_,fallout
250,2,franchise,0,0,Fields,franchise
251,0,into,1,0,_,into
251,0,practice,0,0,_,practice
251,0,",",0,0,_,","
251,0,we,0,0,_,we
251,0,must,0,0,Required_event,must
251,0,weld,1,1,Building,weld
251,0,the,0,0,_,the
251,0,cadres,0,0,_,cadre
251,0,together,0,0,Cause_to_amalgamate,together
251,0,and,0,0,_,and
251,0,encourage,0,0,Subjective_influence,encourage
251,0,them,0,0,_,they
251,0,to,0,0,_,to
251,0,go,1,0,_,go
251,0,into,1,0,_,into
251,0,action,0,0,Intentionally_act,action
251,0,;,0,0,_,;
251,0,this,1,0,_,this
251,0,comes,1,0,Arriving,come
251,0,into,1,0,_,into
251,0,the,0,0,_,the
251,0,category,0,0,Type,category
251,0,of,0,0,_,of
251,0,``,0,0,_,`
251,0,using,0,0,Using,use
251,0,the,0,0,_,the
251,0,cadres,0,0,_,cadre
251,0,well,0,0,_,well
251,0,``,0,0,_,`
251,0,.,0,0,_,.
251,1,#,0,0,_,#
252,0,",",0,0,_,","
252,0,nevertheless,0,0,_,nevertheless
252,0,",",0,0,_,","
252,0,decide,0,0,Deciding,decide
252,0,to,0,0,_,to
252,0,form,1,0,Creating,form
252,0,the,0,0,_,the
252,0,Arab,0,0,_,arab
252,0,Liberation,0,0,_,liberation
252,0,Army,0,0,Military,army
252,0,",",0,0,_,","
252,0,which,0,0,_,which
252,0,would,0,0,_,would
252,0,go,1,0,Transition_to_a_quality,go
252,0,into,1,0,_,into
252,0,action,0,0,Intentionally_act,action
252,0,in,1,0,_,in
252,0,the,0,0,_,the
252,0,following,1,0,Relative_time,follow
252,0,weeks,0,0,Calendric_unit,week
252,0,.,0,0,_,.
252,1,On,1,0,Temporal_collocation,on
252,1,the,0,0,_,the
252,1,night,0,0,Calendric_unit,night
252,1,of,0,0,_,of
252,1,20,0,0,_,20
252,1,--,0,0,_,--
252,1,21,0,0,_,21
252,1,January,0,0,_,January
252,1,1948,0,0,_,1948
252,1,",",0,0,_,","
253,0,order,0,0,Purpose,order
253,0,to,0,0,_,to
253,0,save,1,0,Protecting,save
253,0,the,0,0,_,the
253,0,baby,0,0,People_by_age,baby
253,0,.,0,0,_,.
253,1,Rocio,0,0,_,Rocio
253,1,had,0,0,_,have
253,1,been,0,0,_,be
253,1,deemed,0,0,Categorization,deem
253,1,dead,0,0,Dead_or_alive,dead
253,1,and,0,0,_,and
253,1,Cuesta,0,0,_,Cuesta
253,1,went,1,0,_,go
253,1,into,1,0,_,into
253,1,action,0,0,Intentionally_act,action
253,1,to,0,0,_,to
253,1,prevent,0,0,Preventing_or_letting,prevent
253,1,the,0,0,_,the
253,1,loss,0,0,Earnings_and_losses,loss
253,1,of,0,0,_,of
253,1,another,0,0,Increment,another
253,1,life,0,0,_,life
253,1,.,0,0,_,.
253,2,The,0,0,_,the
253,2,baby,0,0,People_by_age,baby
253,2,was,0,0,_,be
253,2,due,0,0,_,due
253,2,for,0,0,_,for
253,2,a,0,0,_,a
253,2,natural,0,0,_,natural
254,0,puppies,0,0,_,puppy
254,0,",",0,0,_,","
254,0,is,0,0,_,be
254,0,horrified,0,0,Emotion_directed,horrify
254,0,by,0,0,_,by
254,0,the,0,0,_,the
254,0,violence,0,0,_,violence
254,0,unleashed,1,1,_,unleash
254,0,as,0,0,_,as
254,0,a,0,0,_,a
254,0,result,0,0,Causation,result
254,0,of,0,0,_,of
254,0,Conan,0,0,_,Conan
254,0,going,1,0,Transition_to_a_quality,go
254,0,into,1,0,_,into
254,0,action,0,0,Intentionally_act,action
254,0,",",0,0,_,","
254,0,and,0,0,_,and
254,0,tries,0,0,Attempt,try
254,0,to,0,0,_,to
254,0,suppress,0,0,_,suppress
254,0,and,0,0,_,and
254,0,deny,0,0,Affirm_or_deny,deny
254,0,her,0,0,_,she
254,0,yearning,0,0,Desiring,yearn
254,0,for,0,0,_,for
254,0,Conan,0,0,_,Conan
254,0,to,0,0,_,to
254,0,go,1,0,Transition_to_a_quality,go
254,0,into,1,0,_,into
254,0,action,0,0,Intentionally_act,action
255,0,action,1,0,Intentionally_act,action
255,0,",",0,0,_,","
255,0,and,0,0,_,and
255,0,tries,0,0,Attempt,try
255,0,to,0,0,_,to
255,0,suppress,0,0,_,suppress
255,0,and,0,0,_,and
255,0,deny,0,0,Affirm_or_deny,deny
255,0,her,0,0,_,she
255,0,yearning,0,0,Desiring,yearn
255,0,for,0,0,_,for
255,0,Conan,0,0,_,Conan
255,0,to,0,0,_,to
255,0,go,1,0,Transition_to_a_quality,go
255,0,into,1,0,_,into
255,0,action,0,0,Intentionally_act,action
255,0,with,1,0,_,with
255,0,her,0,0,_,she
255,0,naked-style,0,0,_,naked
255,0,.,0,0,_,.
255,1,Blit,0,0,_,blit
255,1,",",0,0,_,","
255,1,conversely,0,0,_,conversely
255,1,",",0,0,_,","
255,1,is,0,0,_,be
255,1,just,0,0,_,just
255,1,free,1,0,_,free
255,1,and,0,0,_,and
255,1,liberated,1,1,Removing,liberate
255,1,enough,0,0,Sufficiency,enough
255,1,to,0,0,_,to
256,0,turned,1,0,_,turn
256,0,its,0,0,_,its
256,0,attention,1,0,Attention,attention
256,0,to,1,0,_,to
256,0,the,0,0,_,the
256,0,urgent,0,0,Importance,urgent
256,0,problems,0,0,Predicament,problem
256,0,of,0,0,_,of
256,0,logistic,0,0,_,logistic
256,0,support,1,0,Supporting,support
256,0,for,0,0,_,for
256,0,the,0,0,_,the
256,0,forces,1,0,Military,force
256,0,going,1,0,Transition_to_a_quality,go
256,0,into,1,0,_,into
256,0,action,0,0,Intentionally_act,action
256,0,in,0,0,Interior_profile_relation,in
256,0,the,0,0,_,the
256,0,Far,0,0,_,far
256,0,East,0,0,_,east
256,0,.,0,0,_,.
256,1,#,0,0,_,#
256,1,Ammunition,0,0,Ammunition,ammunition
256,1,came,1,0,Arriving,come
256,1,first,0,0,Ordinal_numbers,first
256,1,.,0,0,_,.
256,2,At,0,0,Locative_relation,at
256,2,Yokosuka,0,0,_,Yokosuka
256,2,",",0,0,_,","
256,2,under,0,0,_,under
256,2,the,0,0,_,the
257,0,and,0,0,_,and
257,0,can,0,0,Capability,can
257,0,be,0,0,_,be
257,0,configured,0,0,_,configure
257,0,for,0,0,_,for
257,0,different,0,0,Similarity,different
257,0,tasks,0,0,Being_obligated,task
257,0,",",0,0,_,","
257,0,ready,0,0,Activity_ready_state,ready
257,0,upon,1,0,_,upon
257,0,air,0,0,_,air
257,0,delivery,0,0,Delivery,delivery
257,0,to,0,0,_,to
257,0,go,1,0,_,go
257,0,into,1,0,_,into
257,0,action,0,0,Intentionally_act,action
257,0,.,0,0,_,.
257,1,Here,0,0,Locative_relation,here
257,1,General,0,0,_,general
257,1,Gavin,0,0,_,Gavin
257,1,has,0,0,Possession,have
257,1,an,0,0,_,an
257,1,arctic,0,0,_,arctic
257,1,scene,0,0,_,scene
257,1,and,0,0,_,and
257,1,today,0,0,Temporal_collocation,today
257,1,as,0,0,_,as
257,1,we,0,0,_,we
257,1,speak,0,0,Chatting,speak
257,1,",",0,0,_,","
257,1,scientists,0,0,People_by_vocation,scientist
258,0,to,0,0,_,to
258,0,find,0,0,Becoming_aware,find
258,0,out,0,0,Becoming_aware,out
258,0,their,0,0,_,their
258,0,effect,0,0,Objective_influence,effect
258,0,in,1,0,Time_vector,in
258,0,advance,1,0,Time_vector,advance
258,0,",",0,0,_,","
258,0,or,0,0,_,or
258,0,alert,0,0,_,alert
258,0,their,0,0,_,their
258,0,friends,0,0,Personal_relationship,friend
258,0,to,0,0,_,to
258,0,go,1,0,_,go
258,0,into,1,0,_,into
258,0,action,0,0,Intentionally_act,action
258,0,with,1,0,_,with
258,0,letter-writing,0,0,Text,letter
258,0,and,0,0,_,and
258,0,phone-calling,0,0,Contacting,phone
258,0,.,0,0,_,.
258,1,Congressmen,0,0,Leadership,congressman
258,1,and,0,0,_,and
258,1,State,0,0,Political_locales,state
258,1,Legislators,0,0,Leadership,legislator
258,1,who,0,0,_,who
258,1,have,0,0,_,have
258,1,been,0,0,_,be
258,1,elected,0,0,Change_of_leadership,elect
258,1,by,0,0,_,by
258,1,liberal,0,0,_,liberal
259,0,",",0,0,_,","
259,0,and,0,0,_,and
259,0,they,0,0,_,they
259,0,take,1,0,_,take
259,0,a,0,0,_,a
259,0,recess,0,0,_,recess
259,0,",",0,0,_,","
259,0,the,0,0,_,the
259,0,19,0,0,_,19
259,0,Senate,0,0,_,Senate
259,0,Republicans,0,0,_,Republicans
259,0,could,0,0,Possibility,could
259,0,then,0,0,Temporal_collocation,then
259,0,go,1,0,Transition_to_a_quality,go
259,0,into,1,0,_,into
259,0,action,0,0,Intentionally_act,action
259,0,and,0,0,_,and
259,0,they,0,0,_,they
259,0,'d,0,0,_,would
259,0,have,1,0,Possession,have
259,0,quorum,0,0,_,quorum
259,0,because,0,0,Causation,because
259,0,it,0,0,_,it
259,0,'s,0,0,_,be
259,0,turned,1,0,Turning_out,turn
259,0,out,1,0,Turning_out,out
259,0,that,1,0,_,that
259,0,way,1,0,_,way
259,0,.,0,0,_,.
259,1,So,0,0,_,so
259,1,we,0,0,_,we
260,0,You,0,0,_,you
260,0,can,0,0,Capability,can
260,0,excavate,0,0,_,excavate
260,0,it,0,0,_,it
260,0,or,0,0,_,or
260,0,just,0,0,_,just
260,0,wait,0,0,Waiting,wait
260,0,for,0,0,_,for
260,0,the,0,0,_,the
260,0,machine,0,0,Gizmo,machine
260,0,'s,0,0,_,be
260,0,vacuums,0,0,_,vacuum
260,0,to,0,0,_,to
260,0,go,1,0,Transition_to_a_quality,go
260,0,into,1,0,_,into
260,0,action,1,0,Intentionally_act,action
260,0,",",0,0,_,","
260,0,storing,0,0,Storing,store
260,0,the,0,0,_,the
260,0,powder,0,0,Substance,powder
260,0,away,0,0,_,away
260,0,for,0,0,_,for
260,0,future,0,0,Temporal_collocation,future
260,0,jobs,0,0,Being_employed,job
260,0,.,0,0,_,.
260,1,The,0,0,_,the
260,1,technology,0,0,Artifact,technology
260,1,",",0,0,_,","
260,1,while,0,0,_,while
260,1,streamlining,0,0,_,streamline
260,1,certain,0,0,Likelihood,certain
261,0,Hoover,0,0,_,Hoover
261,0,(,0,0,_,(
261,0,March,0,0,Calendric_unit,March
261,0,3,0,0,_,3
261,0,",",0,0,_,","
261,0,1932,0,0,_,1932
261,0,),0,0,_,)
261,0,All,0,0,Quantified_mass,all
261,0,criminal-detection,0,0,_,criminal
261,0,agencies,0,0,Organization,agency
261,0,of,0,0,_,of
261,0,the,0,0,_,the
261,0,government,0,0,Organization,government
261,0,went,1,0,Transition_to_a_quality,go
261,0,into,1,0,_,into
261,0,action,0,0,Intentionally_act,action
261,0,to,0,0,_,to
261,0,aid,0,0,Assistance,aid
261,0,in,1,0,_,in
261,0,the,0,0,_,the
261,0,recovery,0,0,_,recovery
261,0,of,0,0,_,of
261,0,Lindbergh,0,0,_,Lindbergh
261,0,'s,0,0,_,be
261,0,son,0,0,Kinship,son
261,0,.,0,0,_,.
261,1,From,0,0,_,from
261,1,the,0,0,_,the
261,1,White,0,0,_,white
261,1,House,0,0,Buildings,House
261,1,to,0,0,_,to
262,0,example,0,0,Instance,example
262,0,Arendt,0,0,_,Arendt
262,0,gives,1,0,Giving,give
262,0,lies,1,1,_,lie
262,0,in,1,0,_,in
262,0,modern,0,0,Temporal_collocation,modern
262,0,warfare,0,0,Hostile_encounter,warfare
262,0,.,0,0,_,.
262,1,In,1,0,_,in
262,1,these,1,0,_,these
262,1,cases,0,0,Instance,case
262,1,",",0,0,_,","
262,1,men,0,0,People,man
262,1,go,1,0,_,go
262,1,into,1,0,_,into
262,1,action,0,0,Intentionally_act,action
262,1,and,0,0,_,and
262,1,use,0,0,Using,use
262,1,means,1,0,Means,mean
262,1,of,0,0,_,of
262,1,violence,0,0,_,violence
262,1,in,0,0,Purpose,in
262,1,order,0,0,Purpose,order
262,1,to,0,0,_,to
262,1,achieve,0,0,Accomplishment,achieve
262,1,certain,0,0,Idiosyncrasy,certain
262,1,objectives,0,0,Purpose,objective
262,1,for,0,0,_,for
262,1,their,0,0,_,their
262,1,own,0,0,_,own
262,1,sake,0,0,_,sake
263,0,was,0,0,_,be
263,0,time,0,0,_,time
263,0,.,0,0,_,.
263,1,All,0,0,Quantified_mass,all
263,1,drawers,0,0,Building_subparts,drawer
263,1,and,0,0,_,and
263,1,shelves,0,0,Building_subparts,shelf
263,1,were,0,0,_,be
263,1,removed,0,0,Removing,remove
263,1,and,0,0,_,and
263,1,warm,0,0,Ambient_temperature,warm
263,1,soapy,0,0,Substance,soapy
263,1,water,0,0,Substance,water
263,1,went,1,0,Transition_to_a_quality,go
263,1,into,1,0,_,into
263,1,action,1,0,Intentionally_act,action
263,1,.,0,0,_,.
263,2,With,1,0,_,with
263,2,all,0,0,Quantified_mass,all
263,2,this,1,0,_,this
263,2,happening,0,0,Event,happen
263,2,it,0,0,_,it
263,2,meant,1,0,Evidence,mean
263,2,tonight,0,0,Calendric_unit,tonight
263,2,was,0,0,_,be
263,2,another,0,0,Increment,another
263,2,fridge,0,0,_,fridge
263,2,clean-out,0,0,_,clean
263,2,meal,0,0,Social_event,meal
263,2,.,0,0,_,.
263,3,#,0,0,_,#
264,0,",",0,0,_,","
264,0,and,0,0,_,and
264,0,entertaining,0,0,Stimulus_focus,entertain
264,0,themselves,0,0,_,themselves
264,0,in,1,0,_,in
264,0,various,0,0,_,various
264,0,ways,1,0,Means,way
264,0,.,0,0,_,.
264,1,#,0,0,_,#
264,1,However,0,0,Concessive,however
264,1,",",0,0,_,","
264,1,when,0,0,Temporal_collocation,when
264,1,they,0,0,_,they
264,1,go,1,0,Transition_to_a_quality,go
264,1,into,1,0,_,into
264,1,action,0,0,Intentionally_act,action
264,1,",",0,0,_,","
264,1,they,0,0,_,they
264,1,more,0,0,_,more
264,1,than,0,0,_,than
264,1,earn,0,0,Earnings_and_losses,earn
264,1,the,0,0,_,the
264,1,money,0,0,Money,money
264,1,they,0,0,_,they
264,1,were,0,0,_,be
264,1,paid,0,0,Commerce_pay,pay
264,1,for,0,0,_,for
264,1,``,0,0,_,`
264,1,sitting,1,0,Posture,sit
264,1,on,0,0,_,on
264,1,their,0,0,_,their
265,0,Benghazi,0,0,_,Benghazi
265,0,.,0,0,_,.
265,1,#,0,0,_,#
265,1,Our,0,0,_,our
265,1,sources,1,0,Source_of_getting,source
265,1,add,1,0,Statement,add
265,1,that,0,0,_,that
265,1,Libyan,0,0,_,libyan
265,1,army,0,0,Military,army
265,1,units,0,0,_,unit
265,1,based,0,0,_,base
265,1,in,0,0,Interior_profile_relation,in
265,1,Benghazi,0,0,_,Benghazi
265,1,went,1,0,Transition_to_a_quality,go
265,1,into,1,0,_,into
265,1,action,0,0,Intentionally_act,action
265,1,ahead,1,0,Time_vector,ahead
265,1,of,0,0,_,of
265,1,the,0,0,_,the
265,1,main,0,0,Importance,main
265,1,body,1,1,Aggregate,body
265,1,'s,0,0,_,be
265,1,arrival,0,0,Arriving,arrival
265,1,.,0,0,_,.
265,2,Those,1,0,_,those
265,2,troops,0,0,Member_of_military,troop
265,2,were,0,0,_,be
265,2,caught,1,1,_,catch
265,2,by,0,0,_,by
265,2,the,0,0,_,the
265,2,onset,0,0,Process_start,onset
266,0,n't,0,0,_,not
266,0,",",0,0,_,","
266,0,so,0,0,_,so
266,0,go,1,0,Motion,go
266,0,for,0,0,_,for
266,0,it,0,0,_,it
266,0,and,0,0,_,and
266,0,watch,0,0,Perception_active,watch
266,0,the,0,0,_,the
266,0,law,1,0,Law,law
266,0,of,0,0,_,of
266,0,unintended,0,0,_,unintended
266,0,consequences,0,0,_,consequence
266,0,go,1,0,Transition_to_a_quality,go
266,0,into,1,0,_,into
266,0,action,1,0,Intentionally_act,action
266,0,!,0,0,_,!
266,1,#,0,0,_,#
266,1,It,0,0,_,it
266,1,is,0,0,_,be
266,1,uncontested,0,0,_,uncontested
266,1,that,0,0,_,that
266,1,GAAP,0,0,_,GAAP
266,1,financials,0,0,_,financial
266,1,overstate,1,1,_,overstate
266,1,profitablity,0,0,_,profitablity
266,1,because,0,0,Causation,because
266,1,",",0,0,_,","
266,1,while,0,0,_,while
266,1,interest,0,0,_,interest
266,1,costs,0,0,Expensiveness,cost
267,0,issuing,0,0,Creating,issue
267,0,a,0,0,_,a
267,0,warning,0,0,_,warn
267,0,.,0,0,_,.
267,1,#,0,0,_,#
267,1,I,0,0,_,I
267,1,would,0,0,_,would
267,1,have,0,0,_,have
267,1,expected,0,0,Expectation,expect
267,1,the,0,0,_,the
267,1,Human,0,0,_,human
267,1,Mic,0,0,_,mic
267,1,to,0,0,_,to
267,1,go,1,0,Transition_to_a_quality,go
267,1,into,1,0,_,into
267,1,action,1,0,Intentionally_act,action
267,1,.,0,0,_,.
267,2,It,0,0,_,it
267,2,got,1,0,Getting,get
267,2,my,0,0,_,my
267,2,attention,0,0,Attention,attention
267,2,while,0,0,_,while
267,2,looking,0,0,Scrutiny,look
267,2,to,0,0,_,to
267,2,see,0,0,Grasp,see
267,2,if,0,0,_,if
267,2,the,0,0,_,the
267,2,police,0,0,_,police
267,2,acted,0,0,Intentionally_act,act
267,2,inappropropriately,0,0,_,inappropropriately
267,2,.,0,0,_,.
268,0,what,0,0,_,what
268,0,appeared,0,0,Give_impression,appear
268,0,to,0,0,_,to
268,0,be,0,0,_,be
268,0,the,0,0,_,the
268,0,edge,0,0,Part_inner_outer,edge
268,0,of,0,0,_,of
268,0,another,0,0,Increment,another
268,0,coffin,0,0,Containers,coffin
268,0,.,0,0,_,.
268,1,#,0,0,_,#
268,1,The,0,0,_,the
268,1,group,0,0,Aggregate,group
268,1,went,1,0,Transition_to_a_quality,go
268,1,into,1,0,_,into
268,1,action,0,0,Intentionally_act,action
268,1,without,1,0,_,without
268,1,Pelleter,0,0,_,pelleter
268,1,saying,0,0,Statement,say
268,1,anything,0,0,_,anything
268,1,.,0,0,_,.
268,2,The,0,0,_,the
268,2,two,0,0,Cardinal_numbers,two
268,2,shovels,0,0,_,shovel
268,2,were,0,0,_,be
268,2,brought,0,0,Bringing,bring
268,2,over,0,0,_,over
268,2,",",0,0,_,","
268,2,and,0,0,_,and
268,2,the,0,0,_,the
268,2,farmer,0,0,People_by_vocation,farmer
269,0,in,1,0,_,in
269,0,a,0,0,_,a
269,0,windfall,1,1,_,windfall
269,0,of,0,0,_,of
269,0,federal,0,0,Political_locales,federal
269,0,dollars,0,0,_,dollar
269,0,.,0,0,_,.
269,1,Sen.,0,0,_,sen.
269,1,Kirk,0,0,_,Kirk
269,1,Watson,0,0,_,Watson
269,1,",",0,0,_,","
269,1,D-Austin,0,0,_,D
269,1,",",0,0,_,","
269,1,went,1,0,Transition_to_a_quality,go
269,1,into,1,0,_,into
269,1,action,0,0,Intentionally_act,action
269,1,.,0,0,_,.
269,2,This,1,0,_,this
269,2,is,0,0,_,be
269,2,personal,0,0,_,personal
269,2,to,1,0,_,to
269,2,him,0,0,_,he
269,2,.,0,0,_,.
269,3,He,0,0,_,he
269,3,'s,0,0,_,be
269,3,had,0,0,_,have
269,3,cancer,0,0,Medical_conditions,cancer
269,3,",",0,0,_,","
269,3,and,0,0,_,and
269,3,he,0,0,_,he
269,3,represents,0,0,_,represent
270,0,was,0,0,_,be
270,0,right,0,0,Correctness,right
270,0,.,0,0,_,.
270,1,They,0,0,_,they
270,1,did,0,0,_,do
270,1,n't,0,0,_,not
270,1,show,0,0,Evidence,show
270,1,.,0,0,_,.
270,2,That,1,0,_,that
270,2,meant,1,0,Evidence,mean
270,2,that,0,0,_,that
270,2,plan,1,0,Project,plan
270,2,B,0,0,_,b
270,2,went,1,0,Transition_to_a_quality,go
270,2,into,1,0,_,into
270,2,action,1,0,Intentionally_act,action
270,2,.,0,0,_,.
270,3,We,0,0,_,we
270,3,headed,0,0,Self_motion,head
270,3,for,0,0,_,for
270,3,the,0,0,_,the
270,3,sea,0,0,Natural_features,sea
270,3,",",0,0,_,","
270,3,and,0,0,_,and
270,3,ran,0,0,Self_motion,run
270,3,along,0,0,Locative_relation,along
270,3,the,0,0,_,the
270,3,moonlit,0,0,Weather,moonlit
270,3,beach,0,0,Natural_features,beach
270,3,to,0,0,_,to
270,3,pirate,0,0,_,pirate
271,0,of,0,0,Partitive,of
271,0,them,0,0,_,they
271,0,",",0,0,_,","
271,0,up,1,0,_,up
271,0,to,1,0,_,to
271,0,twenty,0,0,Cardinal_numbers,twenty
271,0,times,0,0,Event_instance,time
271,0,per,0,0,_,per
271,0,day,0,0,Calendric_unit,day
271,0,.,0,0,_,.
271,1,#,0,0,_,#
271,1,Our,0,0,_,our
271,1,minds,0,0,_,mind
271,1,went,1,0,Transition_to_a_quality,go
271,1,into,1,0,_,into
271,1,action,1,0,Intentionally_act,action
271,1,.,0,0,_,.
271,2,The,0,0,_,the
271,2,need,0,0,Needing,need
271,2,for,0,0,_,for
271,2,sound,0,0,Desirability,sound
271,2,research,0,0,Research,research
271,2,and,0,0,_,and
271,2,approach,0,0,Means,approach
271,2,collided,1,1,_,collide
271,2,with,1,0,_,with
271,2,an,0,0,_,an
271,2,immediate,0,0,_,immediate
271,2,sense,0,0,Sensation,sense
271,2,of,0,0,_,of
271,2,urgency,0,0,_,urgency
272,0,to,0,0,_,to
272,0,cut,1,0,Cause_change_of_position_on_a_scale,cut
272,0,their,0,0,_,their
272,0,bills,0,0,_,bill
272,0,.,0,0,_,.
272,1,#,0,0,_,#
272,1,Blaming,0,0,Judgment_communication,blame
272,1,the,0,0,_,the
272,1,Property,0,0,Possession,property
272,1,Owner,0,0,Possession,owner
272,1,:,0,0,_,:
272,1,Another,0,0,Increment,another
272,1,plan,1,0,Project,plan
272,1,going,1,0,Transition_to_a_quality,go
272,1,into,1,0,_,into
272,1,action,1,0,Intentionally_act,action
272,1,right,0,0,_,right
272,1,now,0,0,Temporal_collocation,now
272,1,will,0,0,_,will
272,1,be,0,0,_,be
272,1,causation,0,0,_,causation
272,1,studies,0,0,Scrutiny,study
272,1,and,0,0,_,and
272,1,surveys,0,0,Scrutiny,survey
272,1,that,0,0,_,that
272,1,the,0,0,_,the
272,1,industry,0,0,Fields,industry
272,1,will,0,0,_,will
272,1,do,0,0,Intentionally_act,do
272,1,to,0,0,_,to
272,1,find,1,0,Becoming_aware,find
273,0,was,0,0,_,be
273,0,trying,0,0,Attempt,try
273,0,to,0,0,_,to
273,0,so-call,0,0,_,so
273,0,run,0,0,Self_motion,run
273,0,away,0,0,_,away
273,0,",",0,0,_,","
273,0,plot,1,1,_,plot
273,0,my,0,0,_,my
273,0,escape,0,0,Escaping,escape
273,0,",",0,0,_,","
273,0,before,0,0,Time_vector,before
273,0,it,0,0,_,it
273,0,went,1,0,Transition_to_a_quality,go
273,0,into,1,0,_,into
273,0,action,0,0,Intentionally_act,action
273,0,",",0,0,_,","
273,0,I,0,0,_,I
273,0,was,0,0,_,be
273,0,in,1,0,_,in
273,0,my,0,0,_,my
273,0,mind,0,0,_,mind
273,0,going,1,0,Motion,go
273,0,",",0,0,_,","
273,0,She,0,0,_,she
273,0,--,0,0,_,--
273,0,I,0,0,_,I
273,0,'m,0,0,_,'
273,0,going,0,0,_,go
273,0,to,0,0,_,to
273,0,show,0,0,_,show
274,0,the,0,0,_,the
274,0,first,0,0,Ordinal_numbers,first
274,0,yell,0,0,Make_noise,yell
274,0,",",0,0,_,","
274,0,the,0,0,_,the
274,0,first,0,0,Ordinal_numbers,first
274,0,scream,0,0,Make_noise,scream
274,0,",",0,0,_,","
274,0,the,0,0,_,the
274,0,first,0,0,Ordinal_numbers,first
274,0,violence,0,0,_,violence
274,0,",",0,0,_,","
274,0,you,0,0,_,you
274,0,go,1,0,Transition_to_a_quality,go
274,0,into,1,0,_,into
274,0,action,0,0,Intentionally_act,action
274,0,.,0,0,_,.
274,1,BOB-SCHIEFFER,0,0,_,BOB
274,1,:,0,0,_,:
274,1,You,0,0,_,you
274,1,were,0,0,_,be
274,1,operating,1,1,Operating_a_system,operate
274,1,on,1,0,_,on
274,1,more,0,0,_,more
274,1,than,0,0,_,than
274,1,in,1,0,_,in
274,1,training,0,0,Education_teaching,training
274,1,--,0,0,_,--
274,1,JERRY-PARR,0,0,_,JERRY
274,1,:,0,0,_,:
274,1,It,0,0,_,it
275,0,went,1,0,Motion,go
275,0,well,0,0,_,well
275,0,over,1,0,Locative_relation,over
275,0,Preacher,0,0,_,preacher
275,0,'s,0,0,_,be
275,0,head,0,0,Body_parts,head
275,0,.,0,0,_,.
275,1,At,1,0,_,at
275,1,the,0,0,_,the
275,1,same,0,0,Identicality,same
275,1,time,0,0,_,time
275,1,",",0,0,_,","
275,1,Preacher,0,0,_,preacher
275,1,went,0,0,Transition_to_a_quality,go
275,1,into,1,0,_,into
275,1,action,0,0,Intentionally_act,action
275,1,with,1,0,_,with
275,1,the,0,0,_,the
275,1,same,0,0,Identicality,same
275,1,sort,0,0,Type,sort
275,1,of,0,0,_,of
275,1,deadly,1,1,Killing,deadly
275,1,speed,0,0,Speed_description,speed
275,1,.,0,0,_,.
275,2,He,0,0,_,he
275,2,lashed,0,0,Cause_harm,lash
275,2,out,0,0,_,out
275,2,with,0,0,_,with
275,2,the,0,0,_,the
275,2,flintlock,0,0,_,flintlock
275,2,rifle,0,0,Weapon,rifle
276,0,power,1,0,Electricity,power
276,0,tie,0,0,Make_cognitive_connection,tie
276,0,and,0,0,_,and
276,0,hauled,1,1,Cause_motion,haul
276,0,him,0,0,_,he
276,0,to,0,0,_,to
276,0,his,0,0,_,his
276,0,feet,0,0,Body_parts,foot
276,0,.,0,0,_,.
276,1,Shawna,0,0,_,Shawna
276,1,screamed,0,0,Make_noise,scream
276,1,and,0,0,_,and
276,1,Trace,0,0,_,trace
276,1,went,1,0,Transition_to_a_quality,go
276,1,into,1,0,_,into
276,1,action,0,0,Intentionally_act,action
276,1,.,0,0,_,.
276,2,#,0,0,_,#
276,2,Tossing,0,0,Removing,toss
276,2,Lenny,0,0,_,Lenny
276,2,out,0,0,_,out
276,2,of,0,0,_,of
276,2,the,0,0,_,the
276,2,way,0,0,_,way
276,2,like,0,0,_,like
276,2,the,0,0,_,the
276,2,skinny,0,0,Measurable_attributes,skinny
276,2,little,0,0,_,little
276,2,runt,1,1,_,runt
276,2,he,0,0,_,he
276,2,was,0,0,_,be
277,0,of,0,0,_,of
277,0,city-states,0,0,Political_locales,city
277,0,since,0,0,Time_vector,since
277,0,1785,0,0,_,1785
277,0,",",0,0,_,","
277,0,and,0,0,_,and
277,0,when,0,0,Temporal_collocation,when
277,0,he,0,0,_,he
277,0,became,0,0,Becoming,become
277,0,president,0,0,Leadership,president
277,0,in,1,0,Temporal_collocation,in
277,0,1801,0,0,_,1801
277,0,he,0,0,_,he
277,0,went,1,0,Transition_to_a_quality,go
277,0,into,1,0,_,into
277,0,action,0,0,Intentionally_act,action
277,0,against,1,0,Taking_sides,against
277,0,them,0,0,_,they
277,0,without,1,0,_,without
277,0,asking,1,0,Request,ask
277,0,the,0,0,_,the
277,0,permission,0,0,Deny_or_grant_permission,permission
277,0,of,0,0,_,of
277,0,Congress,0,0,_,Congress
277,0,.,0,0,_,.
277,1,This,1,0,_,this
277,1,first,0,0,Ordinal_numbers,first
277,1,of,0,0,_,of
277,1,two,0,0,Cardinal_numbers,two
277,1,Barbary,0,0,_,Barbary
277,1,wars,0,0,Hostile_encounter,war
278,0,the,0,0,_,the
278,0,faces,1,1,Body_parts,face
278,0,of,0,0,_,of
278,0,intolerance,0,0,_,intolerance
278,0,show,1,0,_,show
278,0,themselves,0,0,_,themselves
278,0,",",0,0,_,","
278,0,the,0,0,_,the
278,0,forces,1,1,_,force
278,0,of,0,0,_,of
278,0,inclusiveness,0,0,_,inclusiveness
278,0,in,0,0,Interior_profile_relation,in
278,0,America,0,0,_,America
278,0,go,1,0,Transition_to_a_quality,go
278,0,into,1,0,_,into
278,0,action,1,0,Intentionally_act,action
278,0,.,0,0,_,.
278,1,On,1,0,Temporal_collocation,on
278,1,Friday,0,0,Calendric_unit,Friday
278,1,afternoon,0,0,Calendric_unit,afternoon
278,1,",",0,0,_,","
278,1,when,0,0,Temporal_collocation,when
278,1,I,0,0,_,I
278,1,came,0,0,Arriving,come
278,1,back,0,0,_,back
278,1,to,0,0,_,to
278,1,my,0,0,_,my
278,1,office,0,0,Building_subparts,office
278,1,after,1,0,Relative_time,after
278,1,Eid,0,0,_,Eid
278,1,prayers,0,0,Rite,prayer
279,0,",",0,0,_,","
279,0,Mike,0,0,_,Mike
279,0,'s,0,0,_,be
279,0,voice,0,0,Body_parts,voice
279,0,was,0,0,_,be
279,0,as,0,0,_,as
279,0,intimidating,0,0,Stimulus_focus,intimidate
279,0,as,0,0,_,as
279,0,his,0,0,_,his
279,0,body,0,0,Body_parts,body
279,0,was,0,0,_,be
279,0,when,0,0,Temporal_collocation,when
279,0,he,0,0,_,he
279,0,went,1,0,Transition_to_a_quality,go
279,0,into,1,0,_,into
279,0,action.,0,0,Intentionally_act,action
279,0,``,0,0,_,`
279,1,Ever,0,0,_,ever
279,1,hear,0,0,Hearsay,hear
279,1,of,0,0,_,of
279,1,...,0,0,_,...
279,1,?,0,0,_,?
279,1,``,0,0,_,`
279,2,As,0,0,_,as
279,2,the,0,0,_,the
279,2,captain,0,0,Leadership,captain
279,2,fumbled,0,0,Manipulation,fumble
279,2,in,0,0,_,in
279,2,his,0,0,_,his
279,2,shirt,0,0,Clothing,shirt
280,0,",",0,0,_,","
280,0,in,0,0,_,in
280,0,",",0,0,_,","
280,0,out,0,0,_,out
280,0,.,0,0,_,.
280,1,#,0,0,_,#
280,1,Point,1,1,_,point
280,1,eight,0,0,_,eight
280,1,:,0,0,_,:
280,1,suicide,0,0,_,suicide
280,1,bombers,0,0,_,bomber
280,1,about,1,0,_,about
280,1,to,0,0,_,to
280,1,go,1,0,Transition_to_a_quality,go
280,1,into,1,0,_,into
280,1,action,0,0,Intentionally_act,action
280,1,stare,0,0,Perception_active,stare
280,1,rigidly,1,1,_,rigidly
280,1,ahead,0,0,Locative_relation,ahead
280,1,.,0,0,_,.
280,2,No,0,0,_,no
280,2,one,0,0,_,one
280,2,knows,0,0,Awareness,know
280,2,why,0,0,_,why
280,2,",",0,0,_,","
280,2,but,0,0,_,but
280,2,video,0,0,_,video
280,2,evidence,0,0,Evidence,evidence
280,2,and,0,0,_,and
280,2,surviving,0,0,Dead_or_alive,survive
280,2,eyewitnesses,0,0,_,eyewitness
281,0,pouch,0,0,Containers,pouch
281,0,I,0,0,_,I
281,0,can,0,0,Capability,can
281,0,carry,0,0,Bringing,carry
281,0,in,0,0,Interior_profile_relation,in
281,0,my,0,0,_,my
281,0,pocket,0,0,Building_subparts,pocket
281,0,",",0,0,_,","
281,0,for,0,0,_,for
281,0,when,0,0,Temporal_collocation,when
281,0,I,0,0,_,I
281,0,have,0,0,Required_event,have
281,0,to,0,0,Required_event,to
281,0,go,0,0,Motion,go
281,0,into,1,0,_,into
281,0,action,0,0,Intentionally_act,action
281,0,on,1,0,_,on
281,0,short,1,0,Duration_description,short
281,0,notice.,0,0,_,notice
281,0,``,0,0,_,`
281,1,The,0,0,_,the
281,1,oversized,0,0,Size,oversized
281,1,weasel,0,0,_,weasel
281,1,eyes,0,0,Body_parts,eye
281,1,rolled,1,1,Moving_in_place,roll
281,1,",",0,0,_,","
281,1,but,0,0,_,but
281,1,the,0,0,_,the
281,1,demon,1,1,_,demon
281,1,was,0,0,_,be
282,0,that,0,0,_,that
282,0,were,0,0,_,be
282,0,radio-controlled,0,0,_,radio
282,0,.,0,0,_,.
282,1,The,0,0,_,the
282,1,Great,1,1,_,great
282,1,War,0,0,Hostile_encounter,war
282,1,ended,0,0,Process_end,end
282,1,before,0,0,Time_vector,before
282,1,any,0,0,Quantified_mass,any
282,1,of,0,0,Partitive,of
282,1,them,0,0,_,they
282,1,could,0,0,Possibility,could
282,1,go,1,0,Transition_to_a_quality,go
282,1,into,1,0,_,into
282,1,action,0,0,Intentionally_act,action
282,1,.,0,0,_,.
282,2,Now,0,0,Temporal_collocation,now
282,2,",",0,0,_,","
282,2,Daso,0,0,_,Daso
282,2,adds,1,0,Statement,add
282,2,",",0,0,_,","
282,2,``,0,0,_,`
282,2,there,0,0,Existence,there
282,2,are,0,0,Existence,be
282,2,so,0,0,_,so
282,2,many,0,0,Quantified_mass,many
282,2,UAVs,0,0,_,uav
282,2,in,0,0,Interior_profile_relation,in
282,2,the,0,0,_,the
282,2,air,0,0,_,air
283,0,I,0,0,_,I
283,0,think,0,0,Opinion,think
283,0,you,0,0,_,you
283,0,should,0,0,Desirable_event,should
283,0,go,0,0,_,go
283,0,bring,0,0,Bringing,bring
283,0,in,0,0,_,in
283,0,some,0,0,_,some
283,0,firewood.,0,0,_,firewood
283,0,``,0,0,_,`
283,1,Dad,0,0,Kinship,dad
283,1,immediately,0,0,_,immediately
283,1,went,1,0,Transition_to_a_quality,go
283,1,into,1,0,_,into
283,1,action,0,0,Intentionally_act,action
283,1,.,0,0,_,.
283,2,He,0,0,_,he
283,2,got,0,0,Getting,get
283,2,a,0,0,_,a
283,2,long,0,0,Measurable_attributes,long
283,2,stick,0,0,_,stick
283,2,and,0,0,_,and
283,2,began,0,0,Activity_start,begin
283,2,probing,0,0,Scrutiny,probe
283,2,the,0,0,_,the
283,2,mounds,1,1,Aggregate,mound
283,2,of,0,0,_,of
283,2,snow,0,0,_,snow
283,2,outside,0,0,Part_inner_outer,outside
283,2,our,0,0,_,our
284,0,(,0,0,_,(
284,0,Voiceover,0,0,_,voiceover
284,0,),0,0,_,)
284,0,With,1,0,_,with
284,0,her,0,0,_,she
284,0,son,0,0,Kinship,son
284,0,in,1,0,_,in
284,0,danger,0,0,Being_at_risk,danger
284,0,and,0,0,_,and
284,0,far,0,0,_,far
284,0,from,0,0,_,from
284,0,home,0,0,Foreign_or_domestic_country,home
284,0,",",0,0,_,","
284,0,a,0,0,_,a
284,0,mother,0,0,Kinship,mother
284,0,goes,1,0,Transition_to_a_quality,go
284,0,into,1,0,_,into
284,0,action,0,0,Intentionally_act,action
284,0,when,0,0,Temporal_collocation,when
284,0,Murder,0,0,Killing,murder
284,0,by,0,0,_,by
284,0,the,0,0,_,the
284,0,Sea,0,0,Natural_features,sea
284,0,continues,0,0,Process_continue,continue
284,0,.,0,0,_,.
284,1,(,0,0,_,(
284,1,Volz-in-crowd,0,0,_,Volz
284,1,;,0,0,_,;
284,1,-Mag,0,0,_,-Mag
284,1,(,0,0,_,(
284,1,Announcements,0,0,Statement,announcement
284,1,),0,0,_,)
284,1,MORRISON,0,0,_,MORRISON
285,0,you,0,0,_,you
285,0,exhaust,1,1,Used_up,exhaust
285,0,all,0,0,Quantified_mass,all
285,0,options,0,0,Alternatives,option
285,0,",",0,0,_,","
285,0,but,0,0,Concessive,but
285,0,when,0,0,Temporal_collocation,when
285,0,you,0,0,_,you
285,0,go,0,0,Motion,go
285,0,to,0,0,_,to
285,0,",",0,0,_,","
285,0,when,0,0,Temporal_collocation,when
285,0,you,0,0,_,you
285,0,go,1,0,Motion,go
285,0,into,1,0,_,into
285,0,action,0,0,Intentionally_act,action
285,0,you,0,0,_,you
285,0,do,0,0,Intentionally_act,do
285,0,so,0,0,_,so
285,0,with,1,0,_,with
285,0,a,0,0,_,a
285,0,clear,1,0,Obviousness,clear
285,0,exit,1,0,Departing,exit
285,0,strategy,0,0,_,strategy
285,0,and,0,0,_,and
285,0,with,1,0,_,with
285,0,overwhelming,0,0,_,overwhelm
285,0,force,1,1,Military,force
285,0,.,0,0,_,.
285,1,He,0,0,_,he
285,1,'s,0,0,_,be
286,0,and,0,0,_,and
286,0,Manni,0,0,_,Manni
286,0,",",0,0,_,","
286,0,both,0,0,Quantified_mass,both
286,0,wearing,0,0,Wearing,wear
286,0,overcoats,0,0,Accoutrements,overcoat
286,0,and,0,0,_,and
286,0,looking,0,0,Give_impression,look
286,0,startled,0,0,Experiencer_obj,startle
286,0,.,0,0,_,.
286,1,Sebastian,0,0,_,Sebastian
286,1,and,0,0,_,and
286,1,Ziggy,0,0,_,Ziggy
286,1,went,1,0,Transition_to_a_quality,go
286,1,into,1,0,_,into
286,1,action,0,0,Intentionally_act,action
286,1,making,1,0,Intentionally_create,make
286,1,introductions,0,0,_,introduction
286,1,",",0,0,_,","
286,1,and,0,0,_,and
286,1,soon,0,0,_,soon
286,1,everyone,0,0,_,everyone
286,1,had,0,0,_,have
286,1,agreed,0,0,Make_agreement_on_action,agree
286,1,to,0,0,_,to
286,1,help,0,0,Assistance,help
286,1,the,0,0,_,the
286,1,Fhrer,0,0,_,Fhrer
286,1,in,1,0,_,in
286,1,any,0,0,_,any
286,1,way,1,0,_,way
287,0,on,1,0,Process_continue,on
287,0,in,1,0,Interior_profile_relation,in
287,0,your,0,0,_,your
287,0,head,0,0,Body_parts,head
287,0,.,0,0,_,.
287,1,Every,0,0,_,every
287,1,nerve,1,1,_,nerve
287,1,must,0,0,Required_event,must
287,1,be,0,0,_,be
287,1,screaming,1,1,Make_noise,scream
287,1,for,0,0,_,for
287,1,you,0,0,_,you
287,1,to,0,0,_,to
287,1,go,1,0,_,go
287,1,into,1,0,_,into
287,1,action,0,0,Intentionally_act,action
287,1,.,0,0,_,.
287,2,The,0,0,_,the
287,2,urge,0,0,Desiring,urge
287,2,must,0,0,Required_event,must
287,2,be,0,0,_,be
287,2,uncontrollable,0,0,_,uncontrollable
287,2,",",0,0,_,","
287,2,but,0,0,Concessive,but
287,2,you,0,0,_,you
287,2,'re,0,0,_,be
287,2,gon,0,0,_,gon
287,2,na,0,0,_,na
287,2,have,0,0,Required_event,have
287,2,to,0,0,Required_event,to
287,2,damp,0,0,_,damp
288,0,",",0,0,_,","
288,0,despite,0,0,Concessive,despite
288,0,that,1,0,_,that
288,0,",",0,0,_,","
288,0,the,0,0,_,the
288,0,soldiers,0,0,Member_of_military,soldier
288,0,marched,0,0,Self_motion,march
288,0,on,0,0,_,on
288,0,cheerily,0,0,Experiencer_focus,cheerily
288,0,",",0,0,_,","
288,0,as,0,0,_,as
288,0,always,0,0,Frequency,always
288,0,when,0,0,Temporal_collocation,when
288,0,going,1,0,Motion,go
288,0,into,1,0,_,into
288,0,action,0,0,Intentionally_act,action
288,0,",",0,0,_,","
288,0,especially,0,0,_,especially
288,0,on,1,0,_,on
288,0,the,0,0,_,the
288,0,offensive,1,0,Attack,offensive
288,0,.,0,0,_,.
288,1,But,0,0,Concessive,but
288,1,",",0,0,_,","
288,1,having,0,0,_,have
288,1,gone,0,0,Motion,gone
288,1,for,0,0,_,for
288,1,about,1,0,Proportional_quantity,about
288,1,an,0,0,_,an
288,1,hour,0,0,Measure_duration,hour
288,1,in,0,0,_,in
289,0,rode,0,0,Self_motion,ride
289,0,along,0,0,_,along
289,0,the,0,0,_,the
289,0,line,1,0,_,line
289,0,of,0,0,_,of
289,0,Bagration,0,0,_,bagration
289,0,'s,0,0,_,be
289,0,troops,0,0,Member_of_military,troop
289,0,",",0,0,_,","
289,0,who,0,0,_,who
289,0,had,0,0,_,have
289,0,not,0,0,_,not
289,0,yet,0,0,_,yet
289,0,gone,1,0,Motion,gone
289,0,into,1,0,_,into
289,0,action,0,0,Intentionally_act,action
289,0,and,0,0,_,and
289,0,stood,0,0,Posture,stand
289,0,motionless,0,0,Lively_place,motionless
289,0,;,0,0,_,;
289,0,then,0,0,_,then
289,0,he,0,0,_,he
289,0,rode,0,0,Self_motion,ride
289,0,into,0,0,_,into
289,0,the,0,0,_,the
289,0,space,0,0,_,space
289,0,occupied,0,0,Residence,occupy
289,0,by,0,0,_,by
289,0,Uvarov,0,0,_,Uvarov
289,0,'s,0,0,_,be
289,0,cavalry,0,0,Military,cavalry
290,0,line,1,0,_,line
290,0,",",0,0,_,","
290,0,penetrating,1,1,Arriving,penetrate
290,0,further,0,0,Increment,far
290,0,and,0,0,_,and
290,0,further,0,0,_,far
290,0,into,0,0,_,into
290,0,the,0,0,_,the
290,0,area,0,0,Locale,area
290,0,of,0,0,_,of
290,0,the,0,0,_,the
290,0,troops,0,0,Member_of_military,troop
290,0,already,0,0,_,already
290,0,going,1,0,Transition_to_a_quality,go
290,0,into,1,0,_,into
290,0,action.,0,0,Intentionally_act,action
290,0,``,0,0,_,`
290,1,How,0,0,_,how
290,1,it,0,0,_,it
290,1,'s,0,0,_,be
290,1,going,0,0,_,go
290,1,to,0,0,_,to
290,1,be,0,0,_,be
290,1,",",0,0,_,","
290,1,I,0,0,_,I
290,1,do,0,0,_,do
290,1,n't,0,0,_,not
290,1,know,0,0,Awareness,know
290,1,",",0,0,_,","
290,1,but,0,0,_,but
291,0,next,1,0,Relative_time,next
291,0,part,1,0,Part_whole,part
291,0,of,0,0,_,of
291,0,the,0,0,_,the
291,0,line,1,1,_,line
291,0,(,0,0,_,(
291,0,this,1,0,_,this
291,0,was,0,0,_,be
291,0,the,0,0,_,the
291,0,guards,0,0,_,guard
291,0,),0,0,_,)
291,0,had,0,0,_,have
291,0,already,0,0,Time_vector,already
291,0,gone,1,0,Transition_to_a_quality,gone
291,0,into,1,0,_,into
291,0,action.,0,0,Intentionally_act,action
291,0,``,0,0,_,`
291,1,So,0,0,Degree,so
291,1,much,0,0,Proportional_quantity,much
291,1,the,0,0,_,the
291,1,better,0,0,Desirability,well
291,1,!,0,0,_,!
291,2,I,0,0,_,I
291,2,'ll,0,0,_,will
291,2,see,0,0,Perception_experience,see
291,2,it,0,0,_,it
291,2,close,0,0,_,close
291,2,up,0,0,_,up
291,2,",",0,0,_,","
291,2,``,0,0,_,`
292,0,",",0,0,_,","
292,0,realized,0,0,Coming_to_believe,realize
292,0,that,0,0,_,that
292,0,they,0,0,_,they
292,0,were,0,0,_,be
292,0,in,1,0,Interior_profile_relation,in
292,0,the,0,0,_,the
292,0,front,1,0,_,front
292,0,line,1,0,_,line
292,0,and,0,0,_,and
292,0,had,0,0,Required_event,have
292,0,unexpectedly,0,0,_,unexpectedly
292,0,to,0,0,Required_event,to
292,0,go,1,0,Transition_to_a_quality,go
292,0,into,1,0,_,into
292,0,action,0,0,Intentionally_act,action
292,0,.,0,0,_,.
292,1,Rostov,0,0,_,Rostov
292,1,",",0,0,_,","
292,1,not,0,0,_,not
292,1,hearing,0,0,Perception_experience,hear
292,1,Boris,0,0,_,Boris
292,1,out,0,0,_,out
292,1,",",0,0,_,","
292,1,touched,0,0,_,touch
292,1,up,0,0,_,up
292,1,his,0,0,_,his
292,1,horse.,0,0,Vehicle,horse
292,1,``,0,0,_,`
292,2,Where,0,0,Locative_relation,where
293,0,Dolokhov.,0,0,_,Dolokhov
293,0,``,0,0,_,`
293,1,We,0,0,_,we
293,1,'ll,0,0,_,will
293,1,have,0,0,Required_event,have
293,1,to,0,0,Required_event,to
293,1,go,0,0,Motion,go
293,1,there,0,0,Locative_relation,there
293,1,.,0,0,_,.
293,2,We,0,0,_,we
293,2,ca,0,0,_,can
293,2,n't,0,0,_,not
293,2,go,1,0,Transition_to_a_quality,go
293,2,into,1,0,_,into
293,2,action,0,0,Intentionally_act,action
293,2,without,1,0,_,without
293,2,knowing,0,0,Awareness,know
293,2,for,0,0,_,for
293,2,certain,0,0,Certainty,certain
293,2,how,0,0,_,how
293,2,many,0,0,Quantified_mass,many
293,2,they,0,0,_,they
293,2,are,0,0,_,be
293,2,.,0,0,_,.
293,3,I,0,0,_,I
293,3,like,0,0,Desiring,like
293,3,to,0,0,_,to
293,3,do,0,0,Intentionally_act,do
293,3,things,1,0,_,thing
293,3,neatly,0,0,_,neatly
294,0,military,0,0,Military,military
294,0,in,0,0,Interior_profile_relation,in
294,0,Ramadi,0,0,_,ramadi
294,0,.,0,0,_,.
294,1,He,0,0,_,he
294,1,spent,1,0,_,spend
294,1,last,0,0,Relative_time,last
294,1,night,0,0,Calendric_unit,night
294,1,with,0,0,_,with
294,1,American,0,0,Origin,american
294,1,forces,0,0,Military,force
294,1,as,0,0,Temporal_collocation,as
294,1,they,0,0,_,they
294,1,went,1,0,Transition_to_a_quality,go
294,1,into,1,0,_,into
294,1,action,0,0,Intentionally_act,action
294,1,.,0,0,_,.
294,2,He,0,0,_,he
294,2,sent,0,0,Sending,send
294,2,this,0,0,_,this
294,2,report,0,0,Text,report
294,2,.,0,0,_,.
294,3,PHILIP-REEVES-repo,0,0,_,PHILIP
294,3,:,0,0,_,:
294,3,Dusk,0,0,_,Dusk
294,3,is,0,0,_,be
294,3,falling,1,0,_,fall
294,3,over,0,0,Locative_relation,over
294,3,Ramadi,0,0,_,ramadi
294,3,.,0,0,_,.
294,4,Colonel,0,0,Leadership,Colonel
295,0,.,0,0,_,.
295,1,That,1,0,_,that
295,1,was,0,0,_,be
295,1,when,0,0,Temporal_collocation,when
295,1,the,0,0,_,the
295,1,wolf,0,0,_,wolf
295,1,",",0,0,_,","
295,1,with,1,0,_,with
295,1,a,0,0,_,a
295,1,shrill,0,0,Make_noise,shrill
295,1,eager,1,1,Desiring,eager
295,1,whine,0,0,Make_noise,whine
295,1,",",0,0,_,","
295,1,went,1,0,Transition_to_a_quality,go
295,1,into,1,0,_,into
295,1,action,0,0,Intentionally_act,action
295,1,.,0,0,_,.
295,2,A,0,0,_,a
295,2,hundred,0,0,_,hundred
295,2,and,0,0,_,and
295,2,ninety,0,0,_,ninety
295,2,pounds,0,0,Measure_mass,pound
295,2,of,0,0,_,of
295,2,fur,0,0,_,fur
295,2,",",0,0,_,","
295,2,muscle,0,0,Body_parts,muscle
295,2,",",0,0,_,","
295,2,and,0,0,_,and
295,2,preternatural,0,0,_,preternatural
295,2,fury,1,1,Emotion_directed,fury
295,2,slammed,1,1,_,slam
296,0,her,0,0,_,she
296,0,purse,0,0,Containers,purse
296,0,",",0,0,_,","
296,0,Jamie,0,0,_,Jamie
296,0,suddenly,0,0,_,suddenly
296,0,realized,0,0,Coming_to_believe,realize
296,0,the,0,0,_,the
296,0,doors,0,0,Connecting_architecture,door
296,0,were,0,0,_,be
296,0,closing,0,0,Closure,close
296,0,",",0,0,_,","
296,0,and,0,0,_,and
296,0,she,0,0,_,she
296,0,went,1,0,Transition_to_a_quality,go
296,0,into,1,0,_,into
296,0,action,0,0,Intentionally_act,action
296,0,",",0,0,_,","
296,0,skidding,0,0,Self_motion,skid
296,0,through,0,0,_,through
296,0,sideways,0,0,_,sideways
296,0,",",0,0,_,","
296,0,bracelets,0,0,Cause_to_make_noise,bracelet
296,0,jangling,0,0,Moving_in_place,jangle
296,0,and,0,0,_,and
296,0,hair,0,0,Body_parts,hair
296,0,bouncing,0,0,Moving_in_place,bounce
296,0,.,0,0,_,.
296,1,She,0,0,_,she
296,1,was,0,0,_,be
296,1,about,1,0,_,about
296,1,to,0,0,_,to
297,0,afraid,0,0,Experiencer_focus,afraid
297,0,to,0,0,_,to
297,0,tackle,1,1,Attack,tackle
297,0,a,0,0,_,a
297,0,violent,0,0,_,violent
297,0,customer,0,0,_,customer
297,0,like,0,0,Similarity,like
297,0,Mr.,0,0,_,Mr.
297,0,Jorgensen,0,0,_,Jorgensen
297,0,.,0,0,_,.
297,1,I,0,0,_,I
297,1,have,0,0,_,have
297,1,already,0,0,Time_vector,already
297,1,gone,1,0,Transition_to_a_quality,gone
297,1,into,1,0,_,into
297,1,action,0,0,Intentionally_act,action
297,1,.,0,0,_,.
297,2,Immediately,0,0,_,immediately
297,2,after,1,0,Time_vector,after
297,2,receiving,0,0,Receiving,receive
297,2,your,0,0,_,your
297,2,letter,0,0,Text,letter
297,2,last,0,0,Relative_time,last
297,2,night,0,0,Calendric_unit,night
297,2,",",0,0,_,","
297,2,I,0,0,_,I
297,2,took,0,0,Ride_vehicle,take
297,2,the,0,0,_,the
297,2,10:30,0,0,_,10:30
297,2,p.m.,0,0,_,p.m.
297,2,train,0,0,Vehicle,train
298,0,holidays,0,0,_,holiday
298,0,",",0,0,_,","
298,0,and,0,0,_,and
298,0,as,0,0,_,as
298,0,soon,0,0,_,soon
298,0,as,0,0,_,as
298,0,the,0,0,_,the
298,0,doors,0,0,Connecting_architecture,door
298,0,open,0,0,Openness,open
298,0,",",0,0,_,","
298,0,the,0,0,_,the
298,0,automated,0,0,_,automate
298,0,machines,0,0,Gizmo,machine
298,0,go,1,0,Transition_to_a_quality,go
298,0,into,1,0,_,into
298,0,action,1,0,Intentionally_act,action
298,0,",",0,0,_,","
298,0,flashing,1,1,_,flash
298,0,orders,0,0,Request,order
298,0,on,0,0,Spatial_contact,on
298,0,flat-screen,0,0,_,flat
298,0,panels,0,0,_,panel
298,0,.,0,0,_,.
298,1,Staff,0,0,Employing,staff
298,1,members,0,0,Membership,member
298,1,man,0,0,Employing,man
298,1,various,0,0,_,various
298,1,stations,0,0,Locale_by_use,station
298,1,",",0,0,_,","
298,1,while,0,0,Temporal_collocation,while
298,1,a,0,0,_,a
299,0,the,0,0,_,the
299,0,wall,0,0,Architectural_part,wall
299,0,.,0,0,_,.
299,1,Then,0,0,_,then
299,1,there,0,0,Existence,there
299,1,was,0,0,Existence,be
299,1,a,0,0,_,a
299,1,whir,0,0,Sounds,whir
299,1,of,0,0,_,of
299,1,distant,0,0,Locative_relation,distant
299,1,motors,0,0,_,motor
299,1,and,0,0,_,and
299,1,Dannette,0,0,_,dannette
299,1,went,1,0,Transition_to_a_quality,go
299,1,into,1,0,_,into
299,1,action,0,0,Intentionally_act,action
299,1,.,0,0,_,.
299,2,She,0,0,_,she
299,2,turned,0,0,_,turn
299,2,to,0,0,_,to
299,2,the,0,0,_,the
299,2,map,0,0,_,map
299,2,and,0,0,_,and
299,2,leaned,0,0,Body_movement,lean
299,2,forward,0,0,_,forward
299,2,to,0,0,_,to
299,2,study,0,0,Scrutiny,study
299,2,it,0,0,_,it
299,2,",",0,0,_,","
299,2,the,0,0,_,the
299,2,angle,0,0,_,angle
300,0,s,0,0,_,s
300,0,crew,0,0,Aggregate,crew
300,0,had,0,0,_,have
300,0,cut,0,0,Cause_change_of_position_on_a_scale,cut
300,0,",",0,0,_,","
300,0,growing,0,0,Expansion,grow
300,0,from,1,0,_,from
300,0,30,0,0,Cardinal_numbers,30
300,0,acres,0,0,Measure_area,acre
300,0,to,1,0,_,to
300,0,50,0,0,Cardinal_numbers,50
300,0,.,0,0,_,.
300,1,Mackey,0,0,_,Mackey
300,1,went,1,0,Transition_to_a_quality,go
300,1,into,1,0,_,into
300,1,action,0,0,Intentionally_act,action
300,1,against,1,0,Taking_sides,against
300,1,the,0,0,_,the
300,1,blaze.,0,0,Fire_burning,blaze
300,1,``,0,0,_,`
300,2,We,0,0,_,we
300,2,all,0,0,_,all
300,2,thought,0,0,Awareness,think
300,2,we,0,0,_,we
300,2,were,0,0,_,be
300,2,going,0,0,_,go
300,2,to,0,0,_,to
300,2,dig,0,0,Building,dig
300,2,a,0,0,_,a
300,2,line,1,1,_,line
301,0,WEDEMAN,0,0,_,WEDEMAN
301,0,",",0,0,_,","
301,0,CNN,0,0,_,CNN
301,0,CORRESPONDENT,0,0,_,correspondent
301,0,:,0,0,_,:
301,0,Yes,0,0,_,yes
301,0,",",0,0,_,","
301,0,Daryn,0,0,_,Daryn
301,0,.,0,0,_,.
301,1,Well,0,0,_,well
301,1,",",0,0,_,","
301,1,U.S.,0,0,_,U.S.
301,1,forces,0,0,Military,force
301,1,went,1,0,Transition_to_a_quality,go
301,1,into,1,0,_,into
301,1,action,0,0,Intentionally_act,action
301,1,in,0,0,Interior_profile_relation,in
301,1,Sadr,0,0,_,Sadr
301,1,City,0,0,Political_locales,city
301,1,",",0,0,_,","
301,1,a,0,0,_,a
301,1,stronghold,1,1,_,stronghold
301,1,of,0,0,_,of
301,1,Shiite,0,0,_,shiite
301,1,--,0,0,_,--
301,1,radical,0,0,_,radical
301,1,Shiite,0,0,_,shiite
301,1,cleric,0,0,_,cleric
301,1,Muqtada,0,0,_,Muqtada
301,1,Sadr,0,0,_,Sadr
301,1,.,0,0,_,.
302,0,all,0,0,_,all
302,0,dressed,0,0,Wearing,dress
302,0,alike,0,0,Similarity,alike
302,0,in,0,0,_,in
302,0,work,0,0,_,work
302,0,boots,0,0,Accoutrements,boot
302,0,",",0,0,_,","
302,0,gas,0,0,Accoutrements,gas
302,0,masks,0,0,Accoutrements,mask
302,0,and,0,0,_,and
302,0,coveralls,0,0,Accoutrements,coverall
302,0,.,0,0,_,.
302,1,They,0,0,_,they
302,1,go,1,0,Transition_to_a_quality,go
302,1,into,1,0,_,into
302,1,action,0,0,Intentionally_act,action
302,1,honing,1,1,_,hone
302,1,in,1,0,_,in
302,1,on,1,0,_,on
302,1,rubble,0,0,_,rubble
302,1,with,1,0,_,with
302,1,SENSORS,0,0,_,sensor
302,1,and,0,0,_,and
302,1,COUNTERS,0,0,_,counter
302,1,.,0,0,_,.
302,2,THE,0,0,_,the
302,2,MAN,0,0,People,man
302,2,IN,0,0,_,in
302,2,TAN,0,0,_,TAN
302,2,What,0,0,_,what
302,2,'s,0,0,_,be
303,0,arguments,0,0,Reasoning,argument
303,0,.,0,0,_,.
303,1,Edward,0,0,_,Edward
303,1,had,0,0,_,have
303,1,apparently,0,0,_,apparently
303,1,called,0,0,Contacting,call
303,1,Ibrahim,0,0,_,Ibrahim
303,1,about,1,0,Topic,about
303,1,the,0,0,_,the
303,1,situation,1,1,_,situation
303,1,",",0,0,_,","
303,1,and,0,0,_,and
303,1,Ibrahim,0,0,_,Ibrahim
303,1,went,1,0,Transition_to_a_quality,go
303,1,into,1,0,_,into
303,1,action,0,0,Intentionally_act,action
303,1,.,0,0,_,.
303,2,In,1,0,_,in
303,2,the,0,0,_,the
303,2,end,1,0,_,end
303,2,",",0,0,_,","
303,2,it,0,0,_,it
303,2,was,0,0,_,be
303,2,not,0,0,_,not
303,2,necessary,0,0,Being_necessary,necessary
303,2,to,0,0,_,to
303,2,organize,0,0,_,organize
303,2,the,0,0,_,the
303,2,suggested,0,0,Statement,suggest
303,2,session,0,0,_,session
303,2,.,0,0,_,.
304,0,time,0,0,_,time
304,0,.,0,0,_,.
304,1,RNA,0,0,_,rna
304,1,extracted,0,0,Removing,extract
304,1,from,0,0,_,from
304,1,the,0,0,_,the
304,1,strains,0,0,Type,strain
304,1,provides,0,0,Supply,provide
304,1,tell-tale,0,0,Obviousness,tell
304,1,evidence,0,0,Evidence,evidence
304,1,of,0,0,_,of
304,1,genes,0,0,_,gene
304,1,that,0,0,_,that
304,1,went,1,0,Transition_to_a_quality,go
304,1,into,1,0,_,into
304,1,action,0,0,Intentionally_act,action
304,1,.,0,0,_,.
304,2,The,0,0,_,the
304,2,work,0,0,Work,work
304,2,is,0,0,_,be
304,2,much,0,0,_,much
304,2,like,0,0,Similarity,like
304,2,that,1,0,_,that
304,2,of,0,0,_,of
304,2,police,0,0,_,police
304,2,detectives,0,0,People_by_vocation,detective
304,2,who,0,0,_,who
304,2,analyze,0,0,Scrutiny,analyze
304,2,evidence,0,0,Evidence,evidence
304,2,to,0,0,_,to
304,2,reconstruct,0,0,_,reconstruct
305,0,hands,0,0,Body_parts,hand
305,0,.,0,0,_,.
305,1,Unfortunately,0,0,_,unfortunately
305,1,",",0,0,_,","
305,1,it,0,0,_,it
305,1,was,0,0,_,be
305,1,at,1,0,Temporal_collocation,at
305,1,this,1,0,_,this
305,1,moment,0,0,_,moment
305,1,...,0,0,_,...
305,1,that,0,0,_,that
305,1,the,0,0,_,the
305,1,investigators,0,0,Scrutiny,investigator
305,1,went,1,0,Transition_to_a_quality,go
305,1,into,1,0,_,into
305,1,action,0,0,Intentionally_act,action
305,1,.,0,0,_,.
305,2,-,0,0,_,-
305,2,There,0,0,Existence,there
305,2,'s,0,0,Existence,be
305,2,the,0,0,_,the
305,2,kid,0,0,People_by_age,kid
305,2,.,0,0,_,.
305,3,-,0,0,_,-
305,3,Our,0,0,_,our
305,3,cover,1,0,_,cover
305,3,'s,0,0,_,be
305,3,blown,1,1,_,blow
305,3,.,0,0,_,.
305,4,Get,0,0,Transition_to_state,get
305,4,out,0,0,_,out
306,0,",",0,0,_,","
306,0,but,0,0,_,but
306,0,you,0,0,_,you
306,0,mentioned,0,0,Statement,mention
306,0,that,0,0,_,that
306,0,the,0,0,_,the
306,0,101st,0,0,_,101st
306,0,was,0,0,_,be
306,0,one,0,0,Cardinal_numbers,one
306,0,of,0,0,Partitive,of
306,0,the,0,0,_,the
306,0,first,0,0,Ordinal_numbers,first
306,0,to,0,0,_,to
306,0,go,1,0,Transition_to_a_quality,go
306,0,into,1,0,_,into
306,0,action,0,0,Intentionally_act,action
306,0,in,1,0,Temporal_collocation,in
306,0,1991,0,0,_,1991
306,0,.,0,0,_,.
306,1,Anybody,0,0,_,anybody
306,1,serving,0,0,Assistance,serve
306,1,now,0,0,Temporal_collocation,now
306,1,who,0,0,_,who
306,1,served,0,0,Assistance,serve
306,1,back,1,0,_,back
306,1,then,0,0,Temporal_collocation,then
306,1,?,0,0,_,?
306,2,Have,0,0,_,have
306,2,they,0,0,_,they
306,2,been,0,0,_,be
306,2,able,0,0,Capability,able
307,0,do,0,0,_,do
307,0,n't,0,0,_,not
307,0,bother,0,0,_,bother
307,0,to,0,0,_,to
307,0,tell,0,0,Telling,tell
307,0,me,0,0,_,I
307,0,where,0,0,Locative_relation,where
307,0,it,0,0,_,it
307,0,'s,0,0,_,be
307,0,stored-why,1,1,Storing,store
307,0,did,0,0,_,do
307,0,n't,0,0,_,not
307,0,you,0,0,_,you
307,0,go,1,0,Motion,go
307,0,into,1,0,_,into
307,0,action,0,0,Intentionally_act,action
307,0,immediately,0,0,_,immediately
307,0,and,0,0,_,and
307,0,stop,0,0,Preventing_or_letting,stop
307,0,those,1,0,_,those
307,0,guys,0,0,People,guy
307,0,?,0,0,_,?
307,0,``,0,0,_,`
307,1,``,0,0,_,`
307,1,Unfortunately,0,0,_,unfortunately
307,1,",",0,0,_,","
307,1,the,0,0,_,the
307,1,switch-over,0,0,_,switch
307,1,takes,1,0,Taking_time,take
307,1,several,0,0,Quantified_mass,several
307,1,minutes,0,0,Measure_duration,minute
308,0,of,0,0,_,of
308,0,the,0,0,_,the
308,0,ascendent,0,0,Change_position_on_a_scale,ascendent
308,0,Christian,0,0,_,christian
308,0,Socials,0,0,_,social
308,0,",",0,0,_,","
308,0,warned,1,0,Telling,warn
308,0,that,0,0,_,that
308,0,``,0,0,_,`
308,0,fists,1,1,Body_parts,fist
308,0,will,0,0,_,will
308,0,have,0,0,Required_event,have
308,0,to,0,0,Required_event,to
308,0,go,1,0,Transition_to_a_quality,go
308,0,into,1,0,_,into
308,0,action,0,0,Intentionally_act,action
308,0,on,1,0,Temporal_collocation,on
308,0,January,0,0,Calendric_unit,January
308,0,20,0,0,_,20
308,0,",",0,0,_,","
308,0,``,0,0,_,`
308,0,while,0,0,Temporal_collocation,while
308,0,the,0,0,_,the
308,0,writers,0,0,Text_creation,writer
308,0,of,0,0,_,of
308,0,the,0,0,_,the
308,0,Young,0,0,Age,young
308,0,Vienna,0,0,_,Vienna
308,0,movement,0,0,_,movement
308,0,published,0,0,Text,publish
308,0,a,0,0,_,a
309,0,for,0,0,_,for
309,0,us,0,0,_,we
309,0,.,0,0,_,.
309,1,When,0,0,Temporal_collocation,when
309,1,Dougherty,0,0,_,dougherty
309,1,gave,1,0,Giving,give
309,1,the,0,0,_,the
309,1,operator,0,0,_,operator
309,1,the,0,0,_,the
309,1,thumbs-up,0,0,_,thumb
309,1,",",0,0,_,","
309,1,the,0,0,_,the
309,1,machine,0,0,Gizmo,machine
309,1,went,1,0,Transition_to_a_quality,go
309,1,into,1,0,_,into
309,1,action,0,0,Intentionally_act,action
309,1,",",0,0,_,","
309,1,clearing,0,0,Emptying,clear
309,1,brush,0,0,_,brush
309,1,and,0,0,_,and
309,1,saplings,0,0,_,sapling
309,1,in,1,0,_,in
309,1,a,0,0,_,a
309,1,rough,1,1,Measurable_attributes,rough
309,1,V-shape,0,0,_,v
309,1,",",0,0,_,","
309,1,with,0,0,_,with
309,1,the,0,0,_,the
309,1,pine,0,0,_,pine
309,1,at,1,0,Locative_relation,at
309,1,its,0,0,_,its
310,0,was,0,0,_,be
310,0,the,0,0,_,the
310,0,spare,0,0,_,spare
310,0,",",0,0,_,","
310,0,the,0,0,_,the
310,0,guy,0,0,People,guy
310,0,who,0,0,_,who
310,0,hovered,1,1,_,hover
310,0,in,1,0,_,in
310,0,the,0,0,_,the
310,0,background,1,1,_,background
310,0,",",0,0,_,","
310,0,and,0,0,_,and
310,0,went,1,0,Transition_to_a_quality,go
310,0,into,1,0,_,into
310,0,action,0,0,Intentionally_act,action
310,0,only,0,0,_,only
310,0,if,0,0,_,if
310,0,something,0,0,_,something
310,0,went,1,0,Successful_action,go
310,0,wrong,0,0,Successful_action,wrong
310,0,with,1,0,_,with
310,0,one,0,0,Cardinal_numbers,one
310,0,of,0,0,Partitive,of
310,0,the,0,0,_,the
310,0,other,0,0,Increment,other
310,0,planes,0,0,_,plane
310,0,.,0,0,_,.
310,1,#,0,0,_,#
310,1,He,0,0,_,he
310,1,went,0,0,Motion,go
311,0,was,0,0,_,be
311,0,an,0,0,_,an
311,0,irresistible,1,1,_,irresistible
311,0,tonic,1,1,_,tonic
311,0,for,0,0,_,for
311,0,violence,0,0,_,violence
311,0,.,0,0,_,.
311,1,#,0,0,_,#
311,1,And,0,0,_,and
311,1,so,0,0,_,so
311,1,the,0,0,_,the
311,1,political,0,0,_,political
311,1,machine,1,1,Gizmo,machine
311,1,went,1,0,Transition_to_a_quality,go
311,1,into,1,0,_,into
311,1,action,1,0,Intentionally_act,action
311,1,.,0,0,_,.
311,2,While,0,0,_,while
311,2,no,0,0,_,no
311,2,credible,0,0,Trust,credible
311,2,evidence,0,0,Evidence,evidence
311,2,linked,1,0,Cognitive_connection,link
311,2,Hussein,0,0,_,Hussein
311,2,to,1,0,_,to
311,2,9/11,0,0,_,9/11
311,2,",",0,0,_,","
311,2,the,0,0,_,the
311,2,administration,0,0,_,administration
311,2,fomented,1,1,_,foment
311,2,a,0,0,_,a
311,2,string,1,1,_,string
312,0,metabolism,0,0,_,metabolism
312,0,",",0,0,_,","
312,0,I,0,0,_,I
312,0,ca,0,0,_,can
312,0,n't,0,0,_,not
312,0,always,0,0,Frequency,always
312,0,be,0,0,_,be
312,0,choosy,0,0,_,choosy
312,0,.,0,0,_,.
312,1,Especially,0,0,_,especially
312,1,if,0,0,_,if
312,1,we,0,0,_,we
312,1,'re,0,0,_,be
312,1,going,1,0,Transition_to_a_quality,go
312,1,into,1,0,_,into
312,1,action,0,0,Intentionally_act,action
312,1,.,0,0,_,.
312,2,Kilowog,0,0,_,kilowog
312,2,",",0,0,_,","
312,2,your,0,0,_,your
312,2,rings,0,0,Cause_to_make_noise,ring
312,2,and,0,0,_,and
312,2,Lantern,0,0,_,lantern
312,2,batteries,0,0,_,battery
312,2,Are,0,0,_,be
312,2,all,0,0,Quantified_mass,all
312,2,fed,1,0,_,feed
312,2,from,0,0,_,from
312,2,a,0,0,_,a
312,2,much,0,0,_,much
312,2,larger,0,0,Size,large
313,0,can,0,0,Capability,can
313,0,retaliate,0,0,Revenge,retaliate
313,0,COSTELLO,0,0,_,COSTELLO
313,0,Yes,0,0,_,yes
313,0,BOORTZ,0,0,_,BOORTZ
313,0,The,0,0,_,the
313,0,minute,0,0,_,minute
313,0,that,1,0,_,that
313,0,hand,0,0,Body_parts,hand
313,0,goes,1,0,Transition_to_a_quality,go
313,0,back,0,0,_,back
313,0,",",0,0,_,","
313,0,you,0,0,_,you
313,0,go,1,0,Transition_to_a_quality,go
313,0,into,1,0,_,into
313,0,action,0,0,Intentionally_act,action
313,0,.,0,0,_,.
313,1,His,0,0,_,his
313,1,hand,0,0,Body_parts,hand
313,1,is,0,0,_,be
313,1,back,1,0,_,back
313,1,COSTELLO,0,0,_,COSTELLO
313,1,Well,0,0,_,well
313,1,",",0,0,_,","
313,1,that,1,0,_,that
313,1,'s,0,0,_,be
313,1,an,0,0,_,an
313,1,argument,0,0,Reasoning,argument
313,1,many,0,0,Quantified_mass,many
313,1,people,0,0,People,people
313,1,have,1,0,_,have
314,0,Pershing,0,0,_,Pershing
314,0,responded,0,0,Response,respond
314,0,by,0,0,_,by
314,0,ordering,0,0,Request,order
314,0,Liggett,0,0,_,Liggett
314,0,and,0,0,_,and
314,0,Bullard,0,0,_,Bullard
314,0,",",0,0,_,","
314,0,whose,0,0,_,whose
314,0,Second,0,0,Ordinal_numbers,second
314,0,Army,0,0,Military,army
314,0,had,0,0,_,have
314,0,also,0,0,_,also
314,0,gone,1,0,Transition_to_a_quality,gone
314,0,into,1,0,_,into
314,0,action,0,0,Intentionally_act,action
314,0,",",0,0,_,","
314,0,to,0,0,_,to
314,0,attack,0,0,Attack,attack
314,0,without,1,0,_,without
314,0,respite,0,0,_,respite
314,0,.,0,0,_,.
314,1,The,0,0,_,the
314,1,offensive,1,1,Attack,offensive
314,1,'s,0,0,_,be
314,1,main,0,0,First_rank,main
314,1,goal,1,0,Purpose,goal
314,1,soon,0,0,_,soon
314,1,became,0,0,Becoming,become
314,1,the,0,0,_,the
314,1,city,0,0,Political_locales,city
315,0,always,0,0,Frequency,always
315,0,thought,0,0,Opinion,think
315,0,it,0,0,_,it
315,0,would,0,0,_,would
315,0,do,0,0,Usefulness,do
315,0,good,0,0,Usefulness,good
315,0,to,0,0,_,to
315,0,make,1,0,Cause_change,make
315,0,these,1,0,_,these
315,0,addresses,0,0,Statement,address
315,0,to,1,0,_,to
315,0,troops,0,0,Member_of_military,troop
315,0,before,1,0,Time_vector,before
315,0,going,0,0,Transition_to_a_quality,go
315,0,into,1,0,_,into
315,0,action,0,0,Intentionally_act,action
315,0,",",0,0,_,","
315,0,to,0,0,_,to
315,0,rouse,1,1,Subjective_influence,rouse
315,0,their,0,0,_,their
315,0,enthusiasm,0,0,Emotion_directed,enthusiasm
315,0,and,0,0,_,and
315,0,make,1,0,Cause_change,make
315,0,them,0,0,_,they
315,0,fight,0,0,Hostile_encounter,fight
315,0,much,0,0,Degree,much
315,0,better,0,0,Desirability,well
315,0,.,0,0,_,.
315,1,Napoleon,0,0,_,Napoleon
315,1,used,0,0,Using,use
315,1,to,0,0,_,to
316,0,be,0,0,_,be
316,0,when,0,0,Temporal_collocation,when
316,0,he,0,0,_,he
316,0,stands,0,0,Posture,stand
316,0,at,1,0,_,at
316,0,attention,0,0,Attention,attention
316,0,",",0,0,_,","
316,0,the,0,0,_,the
316,0,magic,0,0,Toxic_substance,magic
316,0,takes,1,0,_,take
316,0,over,1,0,Process_start,over
316,0,when,0,0,Temporal_collocation,when
316,0,he,0,0,_,he
316,0,goes,0,0,Transition_to_a_quality,go
316,0,into,1,0,_,into
316,0,action,0,0,Intentionally_act,action
316,0,.,0,0,_,.
316,1,#,0,0,_,#
316,1,Just,0,0,_,just
316,1,watch,0,0,Perception_active,watch
316,1,a,0,0,_,a
316,1,thoroughbred,0,0,_,thoroughbred
316,1,break,1,0,_,break
316,1,from,1,0,_,from
316,1,a,0,0,_,a
316,1,canter,0,0,Self_motion,canter
316,1,into,1,0,_,into
316,1,a,0,0,_,a
316,1,trot,0,0,Self_motion,trot
316,1,and,0,0,_,and
316,1,then,0,0,_,then
317,0,``,0,0,_,`
317,0,The,0,0,_,the
317,0,old,0,0,Age,old
317,0,fiReenth,0,0,_,fireenth
317,0,``,0,0,_,`
317,0,.,0,0,_,.
317,1,They,0,0,_,they
317,1,was,0,0,_,be
317,1,the,0,0,_,the
317,1,first,0,0,Ordinal_numbers,first
317,1,Negro,0,0,People_by_religion,Negro
317,1,troops,0,0,Member_of_military,troop
317,1,to,0,0,_,to
317,1,go,1,0,Transition_to_a_quality,go
317,1,into,1,0,_,into
317,1,action,0,0,Intentionally_act,action
317,1,in,0,0,_,in
317,1,france,0,0,_,france
317,1,.,0,0,_,.
317,2,Did,0,0,_,do
317,2,your,0,0,_,your
317,2,father,0,0,Kinship,father
317,2,serve,0,0,Assistance,serve
317,2,?,0,0,_,?
317,3,Mm,0,0,_,mm
317,3,.,0,0,_,.
317,4,My,0,0,_,my
317,4,father,0,0,Kinship,father
317,4,was,0,0,_,be
317,4,in,0,0,_,in
317,4,headquaners,0,0,_,headquaner
318,0,communication,0,0,Communication,communication
318,0,terminal,0,0,_,terminal
318,0,and,0,0,_,and
318,0,a,0,0,_,a
318,0,new,0,0,Familiarity,new
318,0,virus,0,0,_,virus
318,0,created,0,0,Intentionally_create,create
318,0,by,0,0,_,by
318,0,the,0,0,_,the
318,0,sisters,0,0,Kinship,sister
318,0,Reggie,0,0,_,reggie
318,0,and,0,0,_,and
318,0,Veggie,0,0,_,veggie
318,0,went,1,0,Transition_to_a_quality,go
318,0,into,1,0,_,into
318,0,action,1,0,Intentionally_act,action
318,0,.,0,0,_,.
318,1,This,1,0,_,this
318,1,virus,0,0,_,virus
318,1,took,1,0,Conquering,take
318,1,over,0,0,_,over
318,1,the,0,0,_,the
318,1,computers,0,0,_,computer
318,1,that,0,0,_,that
318,1,ran,1,0,Operating_a_system,run
318,1,the,0,0,_,the
318,1,stadium,0,0,Buildings,stadium
318,1,",",0,0,_,","
318,1,shut,0,0,Change_operational_state,shut
318,1,down,0,0,_,down
318,1,the,0,0,_,the
319,0,to,1,0,Goal,to
319,0,the,0,0,_,the
319,0,military,0,0,Military,military
319,0,chiefs,0,0,Leadership,chief
319,0,.,0,0,_,.
319,1,//,0,0,_,//
319,1,The,0,0,_,the
319,1,Suez,0,0,_,suez
319,1,Capace,0,0,_,Capace
319,1,",",0,0,_,","
319,1,1956,0,0,_,1956
319,1,//,0,0,_,//
319,1,Israel,0,0,_,Israel
319,1,went,1,0,Transition_to_a_quality,go
319,1,into,1,0,_,into
319,1,action,0,0,Intentionally_act,action
319,1,at,1,0,Temporal_collocation,at
319,1,between,1,0,_,between
319,1,2:15,0,0,_,2:15
319,1,and,0,0,_,and
319,1,2:35,0,0,_,2:35
319,1,p.m.,0,0,_,p.m.
319,1,on,0,0,Temporal_collocation,on
319,1,October,0,0,Calendric_unit,October
319,1,29,0,0,_,29
319,1,",",0,0,_,","
319,1,1956,0,0,_,1956
319,1,.,0,0,_,.
319,2,Two,0,0,Cardinal_numbers,two
319,2,pairs,0,0,Aggregate,pair
319,2,of,0,0,_,of
320,0,.,0,0,_,.
320,1,The,0,0,_,the
320,1,third,0,0,Ordinal_numbers,third
320,1,",",0,0,_,","
320,1,made,0,0,_,make
320,1,up,0,0,_,up
320,1,of,0,0,_,of
320,1,twin-boom,0,0,_,twin
320,1,Nord,0,0,_,Nord
320,1,Aviation,0,0,_,aviation
320,1,Noratlas,0,0,_,Noratlas
320,1,transports,0,0,Vehicle,transport
320,1,",",0,0,_,","
320,1,went,1,0,Transition_to_a_quality,go
320,1,into,1,0,_,into
320,1,action,0,0,Intentionally_act,action
320,1,only,0,0,_,only
320,1,four,0,0,Cardinal_numbers,four
320,1,hours,0,0,Calendric_unit,hour
320,1,after,1,0,Time_vector,after
320,1,the,0,0,_,the
320,1,parachute,0,0,_,parachute
320,1,landing,0,0,Arriving,land
320,1,at,0,0,Locative_relation,at
320,1,Mitla,0,0,_,mitla
320,1,Pass,0,0,Natural_features,pass
320,1,.,0,0,_,.
320,2,The,0,0,_,the
320,2,French,0,0,Origin,french
320,2,aircraft,0,0,Vehicle,aircraft
320,2,roared,0,0,Make_noise,roar
321,0,The,0,0,_,the
321,0,potato,0,0,Food,potato
321,0,cooks,0,0,Processing_materials,cook
321,0,",",0,0,_,","
321,0,the,0,0,_,the
321,0,water,0,0,Substance,water
321,0,drains,0,0,_,drain
321,0,out,0,0,_,out
321,0,",",0,0,_,","
321,0,and,0,0,_,and
321,0,then,0,0,_,then
321,0,the,0,0,_,the
321,0,beaters,0,0,_,beater
321,0,go,1,0,Transition_to_a_quality,go
321,0,into,1,0,_,into
321,0,action,1,0,Intentionally_act,action
321,0,.,0,0,_,.
321,1,As,0,0,_,as
321,1,the,0,0,_,the
321,1,beaters,0,0,_,beater
321,1,spin,0,0,Moving_in_place,spin
321,1,",",0,0,_,","
321,1,they,0,0,_,they
321,1,also,0,0,_,also
321,1,rotate,0,0,Moving_in_place,rotate
321,1,in,1,0,_,in
321,1,a,0,0,_,a
321,1,circular,0,0,Shapes,circular
321,1,motion,0,0,Moving_in_place,motion
321,1,so,0,0,_,so
321,1,as,0,0,_,as
322,0,front,0,0,Part_orientational,front
322,0,.,0,0,_,.
322,1,I,0,0,_,I
322,1,remind,0,0,Evoking,remind
322,1,you,0,0,_,you
322,1,that,0,0,_,that
322,1,during,0,0,_,during
322,1,the,0,0,_,the
322,1,raid,0,0,Attack,raid
322,1,you,0,0,_,you
322,1,are,0,0,_,be
322,1,forbidden,0,0,Deny_or_grant_permission,forbidden
322,1,to,0,0,_,to
322,1,go,0,0,_,go
322,1,into,1,0,_,into
322,1,action,0,0,Intentionally_act,action
322,1,against,1,0,_,against
322,1,the,0,0,_,the
322,1,enemy,0,0,_,enemy
322,1,and,0,0,_,and
322,1,take,0,0,Taking,take
322,1,captives,0,0,_,captive
322,1,to,0,0,_,to
322,1,avoid,1,0,Avoiding,avoid
322,1,detection,0,0,Becoming_aware,detection
322,1,.,0,0,_,.
322,2,Follow,0,0,Cotheme,follow
322,2,me,0,0,_,I
322,2,.,0,0,_,.
322,3,Crawl,0,0,Self_motion,crawl
322,3,to,0,0,_,to
323,0,At,1,0,Temporal_collocation,at
323,0,about,1,0,_,about
323,0,5,0,0,_,5
323,0,o'clock,0,0,_,o'clock
323,0,in,1,0,_,in
323,0,the,0,0,_,the
323,0,morning,0,0,Calendric_unit,morning
323,0,of,0,0,_,of
323,0,December,0,0,Calendric_unit,December
323,0,11th,0,0,_,11th
323,0,",",0,0,_,","
323,0,it,0,0,_,it
323,0,would,0,0,_,would
323,0,go,1,0,Transition_to_a_quality,go
323,0,into,1,0,_,into
323,0,action,1,0,Intentionally_act,action
323,0,near,0,0,Locative_relation,near
323,0,the,0,0,_,the
323,0,village,0,0,Political_locales,village
323,0,of,0,0,_,of
323,0,El,0,0,_,El
323,0,Mozote,0,0,_,mozote
323,0,.,0,0,_,.
323,1,Hundreds,0,0,Quantified_mass,hundred
323,1,of,0,0,_,of
323,1,civilians,0,0,_,civilian
323,1,were,0,0,_,be
323,1,slaughtered,0,0,Killing,slaughter
323,1,.,0,0,_,.
323,2,The,0,0,_,the
323,2,US,0,0,_,US
324,0,Really,0,0,_,really
324,0,bitching,0,0,Judgment_communication,bitch
324,0,.,0,0,_,.
324,1,Wait,0,0,Waiting,wait
324,1,till,0,0,_,till
324,1,it,0,0,_,it
324,1,chimes,0,0,_,chime
324,1,the,0,0,_,the
324,1,hour,0,0,Calendric_unit,hour
324,1,.,0,0,_,.
324,2,When,0,0,Temporal_collocation,when
324,2,this,1,0,_,this
324,2,baby,1,1,People_by_age,baby
324,2,goes,1,0,Transition_to_a_quality,go
324,2,into,1,0,_,into
324,2,action,1,0,Intentionally_act,action
324,2,...,0,0,_,...
324,2,it,0,0,_,it
324,2,'ll,0,0,_,will
324,2,take,1,0,_,take
324,2,your,0,0,_,your
324,2,breath,0,0,Breathing,breath
324,2,away,1,0,_,away
324,2,.,0,0,_,.
324,3,I,0,0,_,I
324,3,guarantee,0,0,Commitment,guarantee
324,3,it,0,0,_,it
324,3,.,0,0,_,.
324,4,Cool,0,0,Stimulus_focus,cool
324,4,.,0,0,_,.
324,5,Now,0,0,Temporal_collocation,now
325,0,young,0,0,Age,young
325,0,Americans,0,0,People_by_origin,Americans
325,0,who,0,0,_,who
325,0,bore,1,1,_,bore
325,0,World,0,0,_,world
325,0,War,0,0,Hostile_encounter,war
325,0,II,0,0,_,ii
325,0,'s,0,0,_,be
325,0,battle,0,0,Hostile_encounter,battle
325,0,60,0,0,Cardinal_numbers,60
325,0,years,0,0,Calendric_unit,year
325,0,ago,0,0,Time_vector,ago
325,0,often,0,0,Frequency,often
325,0,went,1,0,Transition_to_a_quality,go
325,0,into,1,0,_,into
325,0,action,0,0,Intentionally_act,action
325,0,after,1,0,Time_vector,after
325,0,giving,1,0,_,give
325,0,a,0,0,_,a
325,0,playful,1,1,_,playful
325,0,slap,0,0,_,slap
325,0,to,1,0,_,to
325,0,pin-up,0,0,_,pin
325,0,posters,0,0,Physical_artworks,poster
325,0,of,0,0,_,of
325,0,Rita,0,0,_,Rita
325,0,Hayworth,0,0,_,Hayworth
325,0,.,0,0,_,.
325,1,They,0,0,_,they
325,1,listened,0,0,Perception_active,listen
325,1,to,0,0,_,to
326,0,to,0,0,_,to
326,0,set,0,0,Intentionally_create,set
326,0,up,0,0,Intentionally_create,up
326,0,a,0,0,_,a
326,0,protective,0,0,_,protective
326,0,perimeter,0,0,Part_inner_outer,perimeter
326,0,",",0,0,_,","
326,0,which,0,0,_,which
326,0,he,0,0,_,he
326,0,did,0,0,Intentionally_act,do
326,0,.,0,0,_,.
326,1,They,0,0,_,they
326,1,immediately,0,0,_,immediately
326,1,went,1,0,Transition_to_a_quality,go
326,1,into,1,0,_,into
326,1,action,0,0,Intentionally_act,action
326,1,around,0,0,Locative_relation,around
326,1,the,0,0,_,the
326,1,president,0,0,Leadership,president
326,1,",",0,0,_,","
326,1,taking,0,0,Removing,take
326,1,his,0,0,_,his
326,1,clothes,0,0,Clothing,clothe
326,1,off,0,0,Spatial_contact,off
326,1,",",0,0,_,","
326,1,measuring,0,0,_,measure
326,1,his,0,0,_,his
326,1,blood,0,0,_,blood
326,1,pressure,0,0,_,pressure
326,1,",",0,0,_,","
326,1,his,0,0,_,his
327,0,(,0,0,_,(
327,0,Voiceover,0,0,_,voiceover
327,0,),0,0,_,)
327,0,The,0,0,_,the
327,0,boats,0,0,Vehicle,boat
327,0,were,0,0,_,be
327,0,coming,1,0,Arriving,come
327,0,off,0,0,_,off
327,0,the,0,0,_,the
327,0,line,1,0,_,line
327,0,so,0,0,Degree,so
327,0,fast,0,0,Speed_description,fast
327,0,to,0,0,_,to
327,0,go,1,0,Motion,go
327,0,into,1,0,_,into
327,0,action,0,0,Intentionally_act,action
327,0,that,0,0,_,that
327,0,Higgins,0,0,_,Higgins
327,0,',0,0,_,'
327,0,employees,0,0,Employing,employee
327,0,would,0,0,_,would
327,0,ride,0,0,Operate_vehicle,ride
327,0,the,0,0,_,the
327,0,freight,0,0,_,freight
327,0,trains,0,0,Vehicle,train
327,0,to,0,0,_,to
327,0,paint,0,0,Coming_up_with,paint
327,0,them,0,0,_,they
327,0,.,0,0,_,.
327,1,Unidentified,0,0,Secrecy_status,unidentified
327,1,Man,0,0,People,man
328,0,those,1,0,_,those
328,0,soldiers,0,0,Member_of_military,soldier
328,0,by,0,0,_,by
328,0,--,0,0,_,--
328,0,apparently,0,0,_,apparently
328,0,by,0,0,_,by
328,0,Hezbollah,0,0,_,Hezbollah
328,0,",",0,0,_,","
328,0,Israel,0,0,_,Israel
328,0,says,0,0,Statement,say
328,0,",",0,0,_,","
328,0,his,0,0,_,his
328,0,forces,0,0,Military,force
328,0,went,1,0,Transition_to_a_quality,go
328,0,into,1,0,_,into
328,0,action,0,0,Intentionally_act,action
328,0,mainly,0,0,_,mainly
328,0,in,0,0,_,in
328,0,the,0,0,_,the
328,0,air,0,0,_,air
328,0,",",0,0,_,","
328,0,and,0,0,_,and
328,0,there,0,0,Existence,there
328,0,'s,0,0,Existence,be
328,0,been,0,0,Existence,be
328,0,an,0,0,_,an
328,0,enormous,0,0,Size,enormous
328,0,amount,0,0,Quantified_mass,amount
328,0,of,0,0,_,of
328,0,military,0,0,Military,military
328,0,activity,0,0,Intentionally_act,activity
329,0,Elvis,0,0,_,Elvis
329,0,grinned,0,0,Making_faces,grin
329,0,",",0,0,_,","
329,0,``,0,0,_,`
329,0,Good,0,0,Desirability,good
329,0,to,0,0,_,to
329,0,see,0,0,Perception_experience,see
329,0,ya,0,0,_,ya
329,0,",",0,0,_,","
329,0,son,0,0,Kinship,son
329,0,.,0,0,_,.
329,1,Ready,0,0,Activity_ready_state,ready
329,1,to,0,0,_,to
329,1,go,1,0,_,go
329,1,into,1,0,_,into
329,1,action,0,0,Intentionally_act,action
329,1,?,0,0,_,?
329,1,``,0,0,_,`
329,2,``,0,0,_,`
329,2,Doing,0,0,Intentionally_act,do
329,2,what,0,0,_,what
329,2,?,0,0,_,?
329,2,``,0,0,_,`
329,3,Defoe,0,0,_,Defoe
329,3,felt,1,0,Feeling,feel
329,3,absurdly,0,0,_,absurdly
329,3,foolish,0,0,Mental_property,foolish
329,3,",",0,0,_,","
329,3,asking,1,0,Request,ask
329,3,advice,0,0,Attempt_suasion,advice
329,3,from,1,0,_,from
330,0,Maj.,0,0,_,Maj
330,0,Gen.,0,0,_,Gen.
330,0,Horatio,0,0,_,Horatio
330,0,Herbert,0,0,_,Herbert
330,0,Kitchener,0,0,_,Kitchener
330,0,",",0,0,_,","
330,0,as,0,0,_,as
330,0,his,0,0,_,his
330,0,deputy,0,0,_,deputy
330,0,",",0,0,_,","
330,0,the,0,0,_,the
330,0,military,0,0,Military,military
330,0,machine,1,1,Gizmo,machine
330,0,went,1,0,Transition_to_a_quality,go
330,0,into,1,0,_,into
330,0,action,0,0,Intentionally_act,action
330,0,.,0,0,_,.
330,1,The,0,0,_,the
330,1,situation,1,0,_,situation
330,1,remained,0,0,State_continue,remain
330,1,serious,1,1,Importance,serious
330,1,",",0,0,_,","
330,1,however,0,0,Concessive,however
330,1,",",0,0,_,","
330,1,because,0,0,Causation,because
330,1,the,0,0,_,the
330,1,resourceful,0,0,_,resourceful
330,1,and,0,0,_,and
330,1,hardy,0,0,_,hardy
330,1,Boers,0,0,People_by_origin,boer
330,1,were,0,0,_,be
331,0,airstrikes,0,0,Attack,airstrike
331,0,within,1,0,Temporal_collocation,within
331,0,90,0,0,_,90
331,0,minutes,0,0,Calendric_unit,minute
331,0,",",0,0,_,","
331,0,Lebanese,0,0,_,lebanese
331,0,security,0,0,Being_at_risk,security
331,0,officials,0,0,Leadership,official
331,0,said,0,0,Statement,say
331,0,.,0,0,_,.
331,1,#,0,0,_,#
331,1,Israeli,0,0,_,israeli
331,1,warplanes,0,0,_,warplane
331,1,went,1,0,Transition_to_a_quality,go
331,1,into,1,0,_,into
331,1,action,0,0,Intentionally_act,action
331,1,shortly,0,0,_,shortly
331,1,after,1,0,Time_vector,after
331,1,the,0,0,_,the
331,1,midday,0,0,Calendric_unit,midday
331,1,(,0,0,_,(
331,1,1000GMT,0,0,_,1000gmt
331,1,),0,0,_,)
331,1,rocket,0,0,_,rocket
331,1,and,0,0,_,and
331,1,mortar,0,0,Weapon,mortar
331,1,attack,0,0,Attack,attack
331,1,on,1,0,Spatial_contact,on
331,1,the,0,0,_,the
331,1,mountaintop,0,0,_,mountaintop
331,1,army,0,0,Military,army
332,0,worked,0,0,Work,work
332,0,to,0,0,_,to
332,0,curb,1,1,Preventing_or_letting,curb
332,0,hostilities,0,0,Hostile_encounter,hostility
332,0,",",0,0,_,","
332,0,Lebanese,0,0,_,lebanese
332,0,security,0,0,Being_at_risk,security
332,0,officials,0,0,Leadership,official
332,0,said,0,0,Statement,say
332,0,.,0,0,_,.
332,1,#,0,0,_,#
332,1,Israeli,0,0,_,israeli
332,1,warplanes,0,0,_,warplane
332,1,went,1,0,Transition_to_a_quality,go
332,1,into,1,0,_,into
332,1,action,0,0,Intentionally_act,action
332,1,less,0,0,_,less
332,1,than,0,0,_,than
332,1,90,0,0,_,90
332,1,minutes,0,0,Calendric_unit,minute
332,1,after,1,0,Time_vector,after
332,1,the,0,0,_,the
332,1,midday,0,0,Calendric_unit,midday
332,1,(,0,0,_,(
332,1,1000GMT,0,0,_,1000gmt
332,1,),0,0,_,)
332,1,rocket,0,0,_,rocket
332,1,and,0,0,_,and
332,1,mortar,0,0,Weapon,mortar
332,1,attack,0,0,Attack,attack
332,1,on,1,0,Process_continue,on
333,0,Teaching,0,0,Education_teaching,teach
333,0,",",0,0,_,","
333,0,recognizes,0,0,Becoming_aware,recognize
333,0,SPRINGBOARD,0,0,_,springboard
333,0,fodder,1,1,_,fodder
333,0,when,0,0,Temporal_collocation,when
333,0,she,0,0,_,she
333,0,comes,1,0,Becoming_aware,come
333,0,upon,1,0,_,upon
333,0,it,0,0,_,it
333,0,and,0,0,_,and
333,0,promptly,0,0,_,promptly
333,0,goes,1,0,Transition_to_a_quality,go
333,0,into,1,0,_,into
333,0,action,0,0,Intentionally_act,action
333,0,.,0,0,_,.
333,1,At,0,0,Locative_relation,at
333,1,the,0,0,_,the
333,1,landmark,0,0,_,landmark
333,1,rehabilitation,0,0,Cure,rehabilitation
333,1,teaching,0,0,Education_teaching,teach
333,1,conference,0,0,Discussion,conference
333,1,last,0,0,_,last
333,1,July,0,0,Calendric_unit,July
333,1,",",0,0,_,","
333,1,she,0,0,_,she
333,1,spotted,1,0,Becoming_aware,spot
333,1,ideas,0,0,_,idea
333,1,presented,1,1,_,present
333,1,by,0,0,_,by
334,0,the,0,0,_,the
334,0,environment,0,0,_,environment
334,0,will,0,0,_,will
334,0,be,0,0,_,be
334,0,safe,0,0,Risky_situation,safe
334,0,enough,0,0,Sufficiency,enough
334,0,in,0,0,Interior_profile_relation,in
334,0,or,0,0,_,or
334,0,over,0,0,Locative_relation,over
334,0,Kosovo,0,0,_,Kosovo
334,0,that,0,0,_,that
334,0,they,0,0,_,they
334,0,can,0,0,Capability,can
334,0,go,1,0,Transition_to_a_quality,go
334,0,into,1,0,_,into
334,0,action,0,0,Intentionally_act,action
334,0,?,0,0,_,?
334,1,Gen.,0,0,_,Gen.
334,1,WESLEY,0,0,_,WESLEY
334,1,CLARK,0,0,_,CLARK
334,1,:,0,0,_,:
334,1,Well,0,0,_,well
334,1,",",0,0,_,","
334,1,I,0,0,_,I
334,1,'m,0,0,_,'
334,1,not,0,0,_,not
334,1,going,0,0,_,go
334,1,to,0,0,_,to
334,1,give,1,0,Giving,give
334,1,a,0,0,_,a
334,1,specific,0,0,_,specific
335,0,I,0,0,_,I
335,0,'m,0,0,_,'
335,0,not,0,0,_,not
335,0,going,0,0,_,go
335,0,to,0,0,_,to
335,0,give,1,0,Giving,give
335,0,a,0,0,_,a
335,0,specific,0,0,_,specific
335,0,date,0,0,_,date
335,0,for,0,0,_,for
335,0,when,0,0,Temporal_collocation,when
335,0,they,0,0,_,they
335,0,'ll,0,0,_,will
335,0,go,1,0,Transition_to_a_quality,go
335,0,into,1,0,_,into
335,0,action,1,0,Intentionally_act,action
335,0,but,0,0,_,but
335,0,I,0,0,_,I
335,0,'ll,0,0,_,will
335,0,tell,0,0,Telling,tell
335,0,you,0,0,_,you
335,0,that,0,0,_,that
335,0,we,0,0,_,we
335,0,brought,0,0,Bringing,bring
335,0,them,0,0,_,they
335,0,in,0,0,_,in
335,0,in,0,0,_,in
335,0,a,0,0,_,a
335,0,very,0,0,_,very
335,0,",",0,0,_,","
335,0,very,0,0,_,very
336,0,other,0,0,Increment,other
336,0,athlete,0,0,_,athlete
336,0,",",0,0,_,","
336,0,they,0,0,_,they
336,0,'re,0,0,_,be
336,0,sitting,0,0,Posture,sit
336,0,there,0,0,_,there
336,0,on,0,0,Spatial_contact,on
336,0,the,0,0,_,the
336,0,bench,0,0,_,bench
336,0,watching,0,0,Perception_active,watch
336,0,the,0,0,_,the
336,0,team,0,0,Aggregate,team
336,0,go,1,0,Motion,go
336,0,into,1,0,_,into
336,0,action,1,0,Intentionally_act,action
336,0,and,0,0,_,and
336,0,they,0,0,_,they
336,0,'re,0,0,_,be
336,0,just,0,0,_,just
336,0,crazy,0,0,_,crazy
336,0,to,0,0,_,to
336,0,go,0,0,Motion,go
336,0,.,0,0,_,.
336,1,Next,1,0,Relative_time,next
336,1,time,0,0,Event_instance,time
336,1,",",0,0,_,","
336,1,they,0,0,_,they
336,1,run,1,0,Self_motion,run
336,1,.,0,0,_,.
336,2,DIAZ-BALART,0,0,_,DIAZ
337,0,that,0,0,_,that
337,0,that,1,0,_,that
337,0,``,0,0,_,`
337,0,if,0,0,_,if
337,0,``,0,0,_,`
337,0,happened,0,0,Event,happen
337,0,.,0,0,_,.
337,1,LARSON,0,0,_,LARSON
337,1,:,0,0,_,:
337,1,(,1,0,_,(
337,1,Voiceover,0,0,_,voiceover
337,1,),0,0,_,)
337,1,Paula,0,0,_,Paula
337,1,goes,1,0,Transition_to_a_quality,go
337,1,into,1,0,_,into
337,1,action,0,0,Intentionally_act,action
337,1,.,0,0,_,.
337,2,She,0,0,_,she
337,2,begins,0,0,Activity_start,begin
337,2,calling,0,0,Referring_by_name,call
337,2,the,0,0,_,the
337,2,FAA,0,0,_,FAA
337,2,",",0,0,_,","
337,2,the,0,0,_,the
337,2,Civil,0,0,_,civil
337,2,Air,0,0,_,air
337,2,Patrol,0,0,_,patrol
337,2,",",0,0,_,","
337,2,the,0,0,_,the
337,2,police,0,0,_,police
337,2,",",0,0,_,","
338,0,almost,0,0,_,almost
338,0,knocking,0,0,Cause_harm,knock
338,0,Murphy,0,0,_,Murphy
338,0,off,0,0,_,off
338,0,his,0,0,_,his
338,0,feet,0,0,Body_parts,foot
338,0,.,0,0,_,.
338,1,But,0,0,Concessive,but
338,1,waking,0,0,Setting_fire,wake
338,1,him,0,0,_,he
338,1,up,0,0,_,up
338,1,.,0,0,_,.
338,2,Murphy,0,0,_,Murphy
338,2,goes,1,0,Transition_to_a_quality,go
338,2,into,1,0,_,into
338,2,action,0,0,Intentionally_act,action
338,2,",",0,0,_,","
338,2,using,0,0,Using,use
338,2,judo,0,0,_,judo
338,2,",",0,0,_,","
338,2,akido,0,0,_,akido
338,2,",",0,0,_,","
338,2,and,0,0,_,and
338,2,street,0,0,_,street
338,2,fighting,0,0,Hostile_encounter,fight
338,2,skills,0,0,Expertise,skill
338,2,to,0,0,_,to
338,2,evade,0,0,Avoiding,evade
338,2,Delmar,0,0,_,Delmar
338,2,'s,0,0,_,be
338,2,next,1,0,Relative_time,next
339,0,an,0,0,_,an
339,0,assailant,0,0,Attack,assailant
339,0,.,0,0,_,.
339,1,When,0,0,Temporal_collocation,when
339,1,the,0,0,_,the
339,1,assailant,0,0,_,assailant
339,1,tries,0,0,Attempt,try
339,1,to,0,0,_,to
339,1,pin,0,0,Judgment_communication,pin
339,1,him,0,0,_,he
339,1,there,0,0,_,there
339,1,",",0,0,_,","
339,1,Murphy,0,0,_,Murphy
339,1,goes,0,0,Transition_to_a_quality,go
339,1,into,1,0,_,into
339,1,action,0,0,Intentionally_act,action
339,1,.,0,0,_,.
339,2,Murphy,0,0,_,Murphy
339,2,twists,0,0,Cause_change,twist
339,2,",",0,0,_,","
339,2,tossing,0,0,Cause_motion,toss
339,2,the,0,0,_,the
339,2,assailant,0,0,_,assailant
339,2,across,0,0,_,across
339,2,the,0,0,_,the
339,2,dark,0,0,Measurable_attributes,dark
339,2,bathroom,0,0,Building_subparts,bathroom
339,2,.,0,0,_,.
339,3,(,0,0,_,(
339,3,CONTINUED,0,0,Process_continue,continued
339,3,),0,0,_,)
340,0,only,0,0,_,only
340,0,his,0,0,_,his
340,0,childhood,0,0,_,childhood
340,0,friend,0,0,Personal_relationship,friend
340,0,",",0,0,_,","
340,0,the,0,0,_,the
340,0,shrewd,0,0,Mental_property,shrewd
340,0,and,0,0,_,and
340,0,streetsmart,0,0,_,streetsmart
340,0,Al,0,0,_,Al
340,0,Glordino,0,0,_,Glordino
340,0,.,0,0,_,.
340,1,Pitt,0,0,_,pitt
340,1,goes,0,0,Transition_to_a_quality,go
340,1,into,1,0,_,into
340,1,action,0,0,Intentionally_act,action
340,1,when,0,0,Temporal_collocation,when
340,1,an,0,0,_,an
340,1,unknown,0,0,Awareness,unknown
340,1,force,1,1,Military,force
340,1,kills,0,0,Killing,kill
340,1,thousands,0,0,Quantified_mass,thousand
340,1,of,0,0,_,of
340,1,marine,0,0,_,marine
340,1,animals-and,0,0,Animals,animal
340,1,sends,0,0,Sending,send
340,1,a,0,0,_,a
340,1,cruise,0,0,_,cruise
340,1,ship,0,0,Vehicle,ship
340,1,out,0,0,_,out
340,1,of,0,0,_,of
341,0,the,0,0,_,the
341,0,plans,1,0,Project,plan
341,0,of,0,0,_,of
341,0,the,0,0,_,the
341,0,reformers,0,0,Reforming_a_system,reformer
341,0,became,0,0,Becoming,become
341,0,public,0,0,Secrecy_status,public
341,0,knowledge,0,0,Awareness,knowledge
341,0,",",0,0,_,","
341,0,the,0,0,_,the
341,0,opponents,0,0,Taking_sides,opponent
341,0,of,0,0,_,of
341,0,reform,0,0,Reforming_a_system,reform
341,0,went,1,0,Transition_to_a_quality,go
341,0,into,1,0,_,into
341,0,action,0,0,Intentionally_act,action
341,0,.,0,0,_,.
341,1,It,0,0,_,it
341,1,must,0,0,_,must
341,1,have,0,0,_,have
341,1,appeared,0,0,Give_impression,appear
341,1,to,1,0,_,to
341,1,the,0,0,_,the
341,1,members,1,0,Membership,member
341,1,of,0,0,_,of
341,1,the,0,0,_,the
341,1,Board,0,0,_,Board
341,1,of,0,0,_,of
341,1,Trustees,0,0,_,trustee
341,1,as,0,0,_,as
341,1,if,0,0,_,if
342,0,have,0,0,_,have
342,0,developed,0,0,Cause_to_make_progress,develop
342,0,to,0,0,_,to
342,0,serve,1,0,Assistance,serve
342,0,the,0,0,_,the
342,0,adaptive,0,0,_,adaptive
342,0,needs,0,0,Needing,need
342,0,of,0,0,_,of
342,0,the,0,0,_,the
342,0,individual,0,0,People,individual
342,0,.,0,0,_,.
342,1,Cognitive,0,0,_,cognitive
342,1,operations,1,1,Businesses,operation
342,1,go,1,0,_,go
342,1,into,1,0,_,into
342,1,action,0,0,Intentionally_act,action
342,1,to,0,0,_,to
342,1,solve,0,0,Resolve_problem,solve
342,1,problems,0,0,Predicament,problem
342,1,presented,1,1,_,present
342,1,by,0,0,_,by
342,1,the,0,0,_,the
342,1,actual,0,0,_,actual
342,1,environment,0,0,_,environment
342,1,of,0,0,_,of
342,1,the,0,0,_,the
342,1,individual,0,0,People,individual
342,1,.,0,0,_,.
342,2,Unlike,0,0,Similarity,unlike
342,2,the,0,0,_,the
342,2,articulated,0,0,_,articulate
343,0,.,0,0,_,.
343,1,Fire,0,0,_,fire
343,1,up,0,0,_,up
343,1,the,0,0,_,the
343,1,Bad,0,0,_,bad
343,1,Boy,0,0,_,boy
343,1,bit,1,0,_,bit
343,1,.,0,0,_,.
343,2,Chick,0,0,_,Chick
343,2,",",0,0,_,","
343,2,Max,0,0,_,Max
343,2,and,0,0,_,and
343,2,Bear,0,0,_,Bear
343,2,go,1,0,Transition_to_a_quality,go
343,2,into,1,0,_,into
343,2,action,0,0,Intentionally_act,action
343,2,.,0,0,_,.
343,3,Max,0,0,_,Max
343,3,screws,0,0,Cause_harm,screw
343,3,the,0,0,_,the
343,3,Bad,0,0,_,bad
343,3,Boy,0,0,_,boy
343,3,bit,0,0,_,bit
343,3,onto,0,0,_,onto
343,3,the,0,0,_,the
343,3,first,0,0,Ordinal_numbers,first
343,3,drilling,0,0,_,drill
343,3,pipe,0,0,_,pipe
343,3,.,0,0,_,.
343,4,Bear,0,0,_,Bear
343,4,hoists,0,0,_,hoist
344,0,said.,0,0,Statement,say
344,0,``,0,0,_,`
344,1,Please,0,0,_,please
344,1,stand,0,0,Posture,stand
344,1,to,0,0,_,to
344,1,one,0,0,Cardinal_numbers,one
344,1,side,0,0,Part_orientational,side
344,1,at,0,0,_,at
344,1,once.,0,0,_,once
344,1,``,0,0,_,`
344,2,Hickok,0,0,_,Hickok
344,2,went,1,0,Transition_to_a_quality,go
344,2,into,1,0,_,into
344,2,action,0,0,Intentionally_act,action
344,2,.,0,0,_,.
344,3,His,0,0,_,his
344,3,left,0,0,Part_orientational,leave
344,3,hand,0,0,Body_parts,hand
344,3,slipped,1,0,Motion,slip
344,3,to,0,0,_,to
344,3,his,0,0,_,his
344,3,left,0,0,Part_orientational,leave
344,3,hip,0,0,Body_parts,hip
344,3,and,0,0,_,and
344,3,came,1,0,_,come
344,3,up,1,0,_,up
344,3,with,0,0,_,with
344,3,a,0,0,_,a
344,3,Colt,0,0,Weapon,Colt
345,0,great,1,0,Desirability,great
345,0,physical,0,0,_,physical
345,0,shape,0,0,Shapes,shape
345,0,",",0,0,_,","
345,0,too,0,0,_,too
345,0,.,0,0,_,.
345,1,When,0,0,Temporal_collocation,when
345,1,you,0,0,_,you
345,1,swim,0,0,Self_motion,swim
345,1,",",0,0,_,","
345,1,big,1,0,Size,big
345,1,muscle,0,0,Body_parts,muscle
345,1,groups,1,1,Aggregate,group
345,1,go,1,0,Transition_to_a_quality,go
345,1,into,1,0,_,into
345,1,action,1,0,Intentionally_act,action
345,1,",",0,0,_,","
345,1,especially,0,0,_,especially
345,1,in,0,0,Interior_profile_relation,in
345,1,your,0,0,_,your
345,1,arms,0,0,Body_parts,arm
345,1,and,0,0,_,and
345,1,legs,0,0,Body_parts,leg
345,1,.,0,0,_,.
345,2,But,0,0,Concessive,but
345,2,muscles,0,0,Body_parts,muscle
345,2,in,0,0,Interior_profile_relation,in
345,2,your,0,0,_,your
345,2,wrists,0,0,Body_parts,wrist
345,2,",",0,0,_,","
345,2,ankles,0,0,Body_parts,ankle
346,0,health,0,0,Medical_conditions,health
346,0,reasons,0,0,Reason,reason
346,0,.,0,0,_,.
346,1,His,0,0,_,his
346,1,kidney,0,0,Body_parts,kidney
346,1,problems,0,0,Predicament,problem
346,1,required,0,0,Have_as_requirement,require
346,1,regular,0,0,Frequency,regular
346,1,dialysis,0,0,_,dialysis
346,1,.,0,0,_,.
346,2,An,0,0,_,an
346,2,incensed,0,0,Emotion_directed,incense
346,2,Ward,0,0,_,Ward
346,2,went,1,0,Transition_to_a_quality,go
346,2,into,1,0,_,into
346,2,action,0,0,Intentionally_act,action
346,2,on,1,0,_,on
346,2,a,0,0,_,a
346,2,project,0,0,Project,project
346,2,that,0,0,_,that
346,2,would,0,0,_,would
346,2,keep,1,0,Cause_to_continue,keep
346,2,him,0,0,_,he
346,2,in,0,0,_,in
346,2,prison,0,0,Prison,prison
346,2,",",0,0,_,","
346,2,and,0,0,_,and
346,2,later,0,0,Time_vector,later
346,2,may,0,0,Likelihood,may
346,2,have,0,0,_,have
346,2,given,0,0,Giving,give
347,0,AMERICAN,0,0,_,AMERICAN
347,0,RED,0,0,_,red
347,0,CROSS,0,0,_,cross
347,0,:,0,0,_,:
347,0,Well,0,0,_,well
347,0,",",0,0,_,","
347,0,at,1,0,Temporal_collocation,at
347,0,this,1,0,_,this
347,0,point,1,0,_,point
347,0,",",0,0,_,","
347,0,the,0,0,_,the
347,0,Red,0,0,_,red
347,0,Cross,0,0,_,Cross
347,0,went,1,0,Transition_to_a_quality,go
347,0,into,1,0,_,into
347,0,action,0,0,Intentionally_act,action
347,0,last,0,0,Relative_time,last
347,0,night,0,0,Calendric_unit,night
347,0,.,0,0,_,.
347,1,They,0,0,_,they
347,1,opened,0,0,_,open
347,1,two,0,0,Cardinal_numbers,two
347,1,shelters,0,0,Buildings,shelter
347,1,",",0,0,_,","
347,1,and,0,0,_,and
347,1,they,0,0,_,they
347,1,'re,0,0,_,be
347,1,still,0,0,Continued_state_of_affairs,still
347,1,open,0,0,_,open
347,1,today,0,0,Temporal_collocation,today
347,1,and,0,0,_,and
348,0,",",0,0,_,","
348,0,Sonny,0,0,_,Sonny
348,0,.,0,0,_,.
348,1,McKEOWN,0,0,_,mckeown
348,1,:,0,0,_,:
348,1,(,0,0,_,(
348,1,Voiceover,0,0,_,voiceover
348,1,),0,0,_,)
348,1,Modern,0,0,Temporal_collocation,modern
348,1,training,0,0,Education_teaching,training
348,1,and,0,0,_,and
348,1,age-old,0,0,Age,age
348,1,technique,0,0,Means,technique
348,1,went,1,0,Transition_to_a_quality,go
348,1,into,1,0,_,into
348,1,action,1,0,Intentionally_act,action
348,1,as,0,0,Temporal_collocation,as
348,1,the,0,0,_,the
348,1,firefighters,0,0,People_by_vocation,firefighter
348,1,entered,0,0,Arriving,enter
348,1,the,0,0,_,the
348,1,blazing,0,0,Fire_burning,blaze
348,1,building,0,0,Buildings,build
348,1,.,0,0,_,.
348,2,(,0,0,_,(
348,2,Firefighters,0,0,People_by_vocation,firefighter
348,2,;,0,0,_,;
348,2,-flam,0,0,_,-flam
348,2,Mr-WATSON,0,0,_,Mr
349,0,.,0,0,_,.
349,0,``,0,0,_,`
349,1,There,0,0,Existence,there
349,1,she,0,0,_,she
349,1,is,0,0,Existence,be
349,1,",",0,0,_,","
349,1,``,0,0,_,`
349,1,Enoch,0,0,_,Enoch
349,1,Skaggs,0,0,_,Skaggs
349,1,says,0,0,Statement,say
349,1,quietly.,0,0,_,quietly
349,1,``,0,0,_,`
349,2,Go,1,0,Transition_to_a_quality,go
349,2,into,1,0,_,into
349,2,action,0,0,Intentionally_act,action
349,2,",",0,0,_,","
349,2,Dog-girl.,0,0,_,dog
349,2,``,0,0,_,`
349,3,#,0,0,_,#
349,3,Dog-girl,0,0,_,dog
349,3,'s,0,0,_,be
349,3,just,0,0,_,just
349,3,teasing,0,0,_,tease
349,3,",",0,0,_,","
349,3,Enoch,0,0,_,Enoch
349,3,Skaggs,0,0,_,Skaggs
349,3,is,0,0,_,be
349,3,so,0,0,Degree,so
349,3,wild,1,1,_,wild
350,0,down,0,0,Direction,down
350,0,the,0,0,_,the
350,0,virtual,0,0,_,virtual
350,0,roller,0,0,_,roller
350,0,coaster.,0,0,_,coaster
350,0,``,0,0,_,`
350,1,I,0,0,_,I
350,1,can,0,0,Possibility,can
350,1,see,1,0,Grasp,see
350,1,how,0,0,_,how
350,1,the,0,0,_,the
350,1,numbers,0,0,_,number
350,1,go,1,0,Transition_to_a_quality,go
350,1,into,1,0,_,into
350,1,action.,1,0,Intentionally_act,action
350,1,``,0,0,_,`
350,2,This,1,0,_,this
350,2,was,0,0,_,be
350,2,lunch,0,0,Calendric_unit,lunch
350,2,hour,0,0,Calendric_unit,hour
350,2,",",0,0,_,","
350,2,and,0,0,_,and
350,2,the,0,0,_,the
350,2,students,0,0,Education_teaching,student
350,2,',0,0,_,'
350,2,excitement,0,0,Emotion_directed,excitement
350,2,about,1,0,_,about
350,2,what,0,0,_,what
350,2,they,0,0,_,they
351,0,the,0,0,_,the
351,0,wheel,0,0,_,wheel
351,0,",",0,0,_,","
351,0,Seth,0,0,_,Seth
351,0,in,0,0,_,in
351,0,the,0,0,_,the
351,0,passenger,0,0,_,passenger
351,0,seat,0,0,_,seat
351,0,.,0,0,_,.
351,1,Seth,0,0,_,Seth
351,1,jumps,0,0,Self_motion,jump
351,1,up,0,0,_,up
351,1,and,0,0,_,and
351,1,goes,0,0,Transition_to_a_quality,go
351,1,into,1,0,_,into
351,1,action,0,0,Intentionally_act,action
351,1,.,0,0,_,.
351,2,#,0,0,_,#
351,2,SETH,0,0,_,SETH
351,2,#,0,0,_,#
351,2,Okay,0,0,_,okay
351,2,everybody,0,0,_,everybody
351,2,",",0,0,_,","
351,2,it,0,0,_,it
351,2,'s,0,0,_,be
351,2,show,0,0,_,show
351,2,time,0,0,_,time
351,2,.,0,0,_,.
351,3,Richie,0,0,_,richie
351,3,",",0,0,_,","
351,3,take,0,0,_,take
352,0,on,0,0,Spatial_contact,on
352,0,Mars,0,0,_,Mars
352,0,.,0,0,_,.
352,1,Only,0,0,_,only
352,1,when,0,0,Temporal_collocation,when
352,1,the,0,0,_,the
352,1,rockets,0,0,_,rocket
352,1,are,0,0,_,be
352,1,fired,0,0,Shoot_projectiles,fire
352,1,does,0,0,_,do
352,1,the,0,0,_,the
352,1,straightening,0,0,_,straighten
352,1,mechanism,0,0,Gizmo,mechanism
352,1,go,1,0,Transition_to_a_quality,go
352,1,into,1,0,_,into
352,1,action,0,0,Intentionally_act,action
352,1,.,0,0,_,.
352,2,FIGURE,0,0,_,figure
352,2,3,0,0,_,3
352,2,#,0,0,_,#
352,2,PHOTO,0,0,Physical_artworks,photo
352,2,(,0,0,_,(
352,2,COLOR,0,0,_,COLOR
352,2,),0,0,_,)
352,2,:,0,0,_,:
352,2,CRYOGENIC,0,0,_,cryogenic
352,2,INSERT,0,0,_,insert
352,2,for,0,0,_,for
352,2,the,0,0,_,the
352,2,axion,0,0,_,axion
352,2,search,0,0,Scrutiny,search
353,0,just,0,0,_,just
353,0,killing,0,0,Killing,kill
353,0,people,0,0,People,people
353,0,",",0,0,_,","
353,0,I,0,0,_,I
353,0,think,0,0,Awareness,think
353,0,a,0,0,_,a
353,0,question,0,0,Point_of_dispute,question
353,0,of,0,0,_,of
353,0,capturing,0,0,Conquering,capture
353,0,them,0,0,_,they
353,0,before,0,0,Time_vector,before
353,0,they,0,0,_,they
353,0,go,1,0,Transition_to_a_quality,go
353,0,into,1,0,_,into
353,0,action,0,0,Intentionally_act,action
353,0,",",0,0,_,","
353,0,taking,0,0,Bringing,take
353,0,them,0,0,_,they
353,0,to,0,0,Goal,to
353,0,court,0,0,Judicial_body,court
353,0,",",0,0,_,","
353,0,prosecuting,0,0,Trial,prosecute
353,0,them,0,0,_,they
353,0,",",0,0,_,","
353,0,disarming,0,0,Removing,disarm
353,0,them,0,0,_,they
353,0,and,0,0,_,and
353,0,",",0,0,_,","
353,0,eventually,0,0,Time_vector,eventually
353,0,",",0,0,_,","
354,0,it,0,0,_,it
354,0,out,0,0,_,out
354,0,!,0,0,_,!
354,1,It,0,0,_,it
354,1,had,1,0,Have_associated,have
354,1,no,0,0,_,no
354,1,shame,0,0,Experiencer_focus,shame
354,1,and,0,0,_,and
354,1,fear,0,0,Experiencer_focus,fear
354,1,",",0,0,_,","
354,1,and,0,0,_,and
354,1,wanted,1,0,Desiring,want
354,1,to,0,0,_,to
354,1,go,1,0,_,go
354,1,into,1,0,_,into
354,1,action,0,0,Intentionally_act,action
354,1,even,0,0,_,even
354,1,in,1,0,_,in
354,1,the,0,0,_,the
354,1,face,1,0,Body_parts,face
354,1,of,0,0,_,of
354,1,danger,0,0,Risky_situation,danger
354,1,and,0,0,_,and
354,1,annihilation,0,0,Destroying,annihilation
354,1,.,0,0,_,.
354,2,He,0,0,_,he
354,2,got,0,0,Transition_to_state,get
354,2,up,0,0,_,up
354,2,and,0,0,_,and
354,2,put,0,0,Placing,put
354,2,on,0,0,Wearing,on
355,0,the,0,0,_,the
355,0,same,0,0,Identicality,same
355,0,time,0,0,_,time
355,0,.,0,0,_,.
355,1,#,0,0,_,#
355,1,Faced,1,0,_,face
355,1,with,1,0,_,with
355,1,a,0,0,_,a
355,1,dead,1,0,_,dead
355,1,end,1,0,_,end
355,1,",",0,0,_,","
355,1,the,0,0,_,the
355,1,board,0,0,_,board
355,1,went,1,0,Transition_to_a_quality,go
355,1,into,1,0,_,into
355,1,action.,1,0,Intentionally_act,action
355,1,``,0,0,_,`
355,2,They,0,0,_,they
355,2,appreciated,0,0,Judgment,appreciate
355,2,that,0,0,_,that
355,2,in,1,0,_,in
355,2,a,0,0,_,a
355,2,time,0,0,_,time
355,2,of,0,0,_,of
355,2,diminishing,0,0,Change_position_on_a_scale,diminish
355,2,public,0,0,_,public
355,2,resources,1,0,_,resource
355,2,for,0,0,_,for
355,2,culture,0,0,_,culture
355,2,and,0,0,_,and
356,0,ca,0,0,Possibility,can
356,0,n't,0,0,_,not
356,0,teach,0,0,Education_teaching,teach
356,0,our,0,0,_,our
356,0,children,0,0,Kinship,child
356,0,positive,1,0,_,positive
356,0,problem-solving,0,0,_,problem
356,0,if,0,0,_,if
356,0,we,0,0,_,we
356,0,'re,0,0,_,be
356,0,saying,0,0,Statement,say
356,0,",",0,0,_,","
356,0,',0,0,_,'
356,0,Go,1,0,Transition_to_a_quality,go
356,0,into,1,0,_,into
356,0,action,0,0,Intentionally_act,action
356,0,",",0,0,_,","
356,0,',0,0,_,'
356,0,automatically,0,0,_,automatically
356,0,",",0,0,_,","
356,0,because,0,0,Causation,because
356,0,then,0,0,_,then
356,0,we,0,0,_,we
356,0,'re,0,0,_,be
356,0,saying,0,0,Statement,say
356,0,",",0,0,_,","
356,0,',0,0,_,'
356,0,If,0,0,_,if
356,0,Jimmy,0,0,_,Jimmy
356,0,takes,0,0,Taking,take
356,0,your,0,0,_,your
357,0,sting,1,1,_,sting
357,0,out,1,0,_,out
357,0,of,0,0,_,of
357,0,the,0,0,_,the
357,0,U.N.,0,0,_,U.N.
357,0,',0,0,_,'
357,0,s,0,0,_,s
357,0,refusal,0,0,Agree_or_refuse_to_act,refusal
357,0,to,0,0,_,to
357,0,let,0,0,Preventing_or_letting,let
357,0,NATO,0,0,_,NATO
357,0,bombers,0,0,_,bomber
357,0,go,1,0,Transition_to_a_quality,go
357,0,into,1,0,_,into
357,0,action,0,0,Intentionally_act,action
357,0,",",0,0,_,","
357,0,which,0,0,_,which
357,0,sources,1,0,Source_of_getting,source
357,0,say,1,0,Statement,say
357,0,ignited,1,1,Setting_fire,ignite
357,0,a,0,0,_,a
357,0,sharp,1,0,_,sharp
357,0,telephone,0,0,_,telephone
357,0,exchange,0,0,Exchange,exchange
357,0,between,0,0,_,between
357,0,NATO,0,0,_,NATO
357,0,Secretary,0,0,_,Secretary
357,0,General,0,0,Leadership,general
357,0,Worner,0,0,_,Worner
357,0,and,0,0,_,and
358,0,initiative,0,0,_,initiative
358,0,.,0,0,_,.
358,1,Strike,1,0,Attack,strike
358,1,deep,0,0,_,deep
358,1,.,0,0,_,.
358,2,Prevent,0,0,Preventing_or_letting,prevent
358,2,the,0,0,_,the
358,2,enemy,0,0,_,enemy
358,2,'s,0,0,_,be
358,2,backup,1,1,_,backup
358,2,echelons,0,0,_,echelon
358,2,from,1,0,_,from
358,2,ever,0,0,_,ever
358,2,going,1,0,Transition_to_a_quality,go
358,2,into,1,0,_,into
358,2,action,0,0,Intentionally_act,action
358,2,.,0,0,_,.
358,3,Integrate,0,0,_,integrate
358,3,air,0,0,_,air
358,3,",",0,0,_,","
358,3,land,0,0,_,land
358,3,",",0,0,_,","
358,3,and,0,0,_,and
358,3,sea,0,0,_,sea
358,3,operations,0,0,Businesses,operation
358,3,.,0,0,_,.
358,4,Synchronized,0,0,_,synchronize
358,4,combined,0,0,_,combine
358,4,operations,0,0,Businesses,operation
358,4,.,0,0,_,.
358,5,Avoid,0,0,Avoiding,avoid
359,0,),0,0,_,)
359,0,ANCHORS,0,0,_,anchor
359,0,AWAIT,0,0,_,await
359,0,:,0,0,_,:
359,0,Mike,0,0,_,Mike
359,0,Morrisey,0,0,_,Morrisey
359,0,(,0,0,_,(
359,0,above,1,0,Directional_locative_relation,above
359,0,",",0,0,_,","
359,0,left,0,0,Part_orientational,leave
359,0,),0,0,_,)
359,0,waits,0,0,Waiting,wait
359,0,to,0,0,_,to
359,0,go,0,0,Transition_to_a_quality,go
359,0,into,1,0,_,into
359,0,action,0,0,Intentionally_act,action
359,0,with,0,0,_,with
359,0,a,0,0,_,a
359,0,hand-held,0,0,_,hand
359,0,camera,0,0,_,camera
359,0,in,0,0,Interior_profile_relation,in
359,0,the,0,0,_,the
359,0,studio,0,0,Locale_by_use,studio
359,0,.,0,0,_,.
359,1,Co-anchors,0,0,_,Co
359,1,Margie,0,0,_,Margie
359,1,Reedy,0,0,_,reedy
359,1,and,0,0,_,and
359,1,Jonathan,0,0,_,Jonathan
359,1,Hall,0,0,_,hall
359,1,chat,0,0,Chatting,chat
360,0,",",0,0,_,","
360,0,Pentagon,0,0,_,Pentagon
360,0,officials,0,0,Leadership,official
360,0,said,0,0,Statement,say
360,0,.,0,0,_,.
360,1,#,0,0,_,#
360,1,At,1,0,_,at
360,1,Rose,0,0,_,Rose
360,1,'s,0,0,_,be
360,1,request,0,0,Request,request
360,1,",",0,0,_,","
360,1,NATO,0,0,_,NATO
360,1,again,0,0,_,again
360,1,went,1,0,Transition_to_a_quality,go
360,1,into,1,0,_,into
360,1,action,0,0,Intentionally_act,action
360,1,",",0,0,_,","
360,1,sending,0,0,Sending,send
360,1,two,0,0,Cardinal_numbers,two
360,1,F/A-18s,0,0,_,F
360,1,that,0,0,_,that
360,1,attacked,0,0,Attack,attack
360,1,a,0,0,_,a
360,1,column,0,0,_,column
360,1,of,0,0,_,of
360,1,Serbian,0,0,Origin,serbian
360,1,armor,0,0,_,armor
360,1,.,0,0,_,.
360,2,#,0,0,_,#
360,2,U.N,0,0,_,U.N
360,2,.,0,0,_,.
361,0,seen,0,0,Perception_experience,see
361,0,the,0,0,_,the
361,0,tears,0,0,Communication_noise,tear
361,0,come,1,0,Arriving,come
361,0,.,0,0,_,.
361,1,Yeah,0,0,_,yeah
361,1,JARRIEL,0,0,_,JARRIEL
361,1,voice-over,0,0,_,voice
361,1,Americans,0,0,People_by_origin,Americans
361,1,opened,1,0,Closure,open
361,1,their,0,0,_,their
361,1,hearts,1,1,_,heart
361,1,and,0,0,_,and
361,1,went,1,0,Transition_to_a_quality,go
361,1,into,1,0,_,into
361,1,action,0,0,Intentionally_act,action
361,1,to,0,0,_,to
361,1,help,0,0,Assistance,help
361,1,.,0,0,_,.
361,2,School,0,0,Locale_by_use,school
361,2,children,0,0,Kinship,child
361,2,of,0,0,_,of
361,2,New,0,0,_,new
361,2,York,0,0,_,york
361,2,were,0,0,_,be
361,2,typical,0,0,Distinctiveness,typical
361,2,of,0,0,_,of
361,2,those,1,0,_,those
361,2,who,0,0,_,who
361,2,raised,1,0,_,raise
361,2,money,0,0,Money,money
362,0,dangerous,0,0,Risky_situation,dangerous
362,0,than,0,0,_,than
362,0,a,0,0,_,a
362,0,``,0,0,_,`
362,0,serial,0,0,_,serial
362,0,killer.,0,0,Killing,killer
362,0,``,0,0,_,`
362,1,Silence,0,0,_,silence
362,1,.,0,0,_,.
362,2,Then,0,0,_,then
362,2,the,0,0,_,the
362,2,room,0,0,Building_subparts,room
362,2,goes,1,0,Transition_to_a_quality,go
362,2,into,1,0,_,into
362,2,action,1,0,Intentionally_act,action
362,2,.,0,0,_,.
362,3,C.J,0,0,_,C.J
362,3,.,0,0,_,.
362,4,Let,0,0,_,let
362,4,'s,0,0,_,be
362,4,bring,0,0,Bringing,bring
362,4,him,0,0,_,he
362,4,in,0,0,_,in
362,4,.,0,0,_,.
362,5,And,0,0,_,and
362,5,no,0,0,_,no
362,5,Police,0,0,_,Police
362,5,!,0,0,_,!
362,6,SLAM,0,0,_,slam
362,6,CUT,0,0,_,cut
362,6,TO,0,0,_,to
363,0,--,0,0,_,--
363,0,EXT,0,0,_,EXT
363,0,.,0,0,_,.
363,1,RIVER,0,0,_,RIVER
363,1,ISLAND,0,0,_,island
363,1,SITE,0,0,_,site
363,1,-,0,0,_,-
363,1,EXPLOSION,0,0,_,explosion
363,1,IN,1,0,_,in
363,1,VIEW,0,0,Perception_active,view
363,1,The,0,0,_,the
363,1,AIT,0,0,_,AIT
363,1,'s,0,0,_,be
363,1,go,1,0,Transition_to_a_quality,go
363,1,into,1,0,_,into
363,1,action,0,0,Intentionally_act,action
363,1,.,0,0,_,.
363,2,They,0,0,_,they
363,2,'re,0,0,_,be
363,2,not,0,0,_,not
363,2,waiting,0,0,Waiting,wait
363,2,any,0,0,Temporal_collocation,any
363,2,longer,0,0,Temporal_collocation,long
363,2,.,0,0,_,.
363,3,Helicopter,0,0,Vehicle,helicopter
363,3,engine,0,0,Artifact,engine
363,3,whines,0,0,Sounds,whine
363,3,up,0,0,_,up
363,3,--,0,0,_,--
363,3,RESUME,0,0,_,resume
363,3,:,0,0,_,:
364,0,clothing,0,0,Clothing,clothing
364,0,.,0,0,_,.
364,1,#,0,0,_,#
364,1,When,0,0,Temporal_collocation,when
364,1,the,0,0,_,the
364,1,news,0,0,_,news
364,1,reached,1,0,Arriving,reach
364,1,the,0,0,_,the
364,1,East,0,0,Part_orientational,east
364,1,Coast,0,0,Relational_natural_features,coast
364,1,",",0,0,_,","
364,1,Congress,0,0,_,Congress
364,1,promptly,0,0,_,promptly
364,1,went,1,0,Transition_to_a_quality,go
364,1,into,1,0,_,into
364,1,action,1,0,Intentionally_act,action
364,1,.,0,0,_,.
364,2,It,0,0,_,it
364,2,passed,1,0,Sign_agreement,pass
364,2,a,0,0,_,a
364,2,law,0,0,Law,law
364,2,in,1,0,Temporal_collocation,in
364,2,March,0,0,Calendric_unit,March
364,2,1792,0,0,_,1792
364,2,reorganizing,0,0,_,reorganize
364,2,and,0,0,_,and
364,2,strengthening,1,1,Cause_change_of_strength,strengthen
364,2,the,0,0,_,the
364,2,federal,0,0,Political_locales,federal
364,2,Army,0,0,Military,army
364,2,",",0,0,_,","
365,0,the,0,0,_,the
365,0,leash,0,0,Connectors,leash
365,0,as,0,0,_,as
365,0,if,0,0,_,if
365,0,to,0,0,_,to
365,0,pull,0,0,Cause_motion,pull
365,0,the,0,0,_,the
365,0,dog,0,0,Animals,dog
365,0,up,0,0,_,up
365,0,.,0,0,_,.
365,1,The,0,0,_,the
365,1,opposition,0,0,Taking_sides,opposition
365,1,reflex,1,1,_,reflex
365,1,goes,1,0,Transition_to_a_quality,go
365,1,into,1,0,_,into
365,1,action,1,0,Intentionally_act,action
365,1,.,0,0,_,.
365,2,Now,0,0,Temporal_collocation,now
365,2,the,0,0,_,the
365,2,dog,0,0,Animals,dog
365,2,will,0,0,_,will
365,2,not,0,0,_,not
365,2,get,0,0,Transition_to_state,get
365,2,up,0,0,Change_posture,up
365,2,.,0,0,_,.
365,3,After,1,0,Time_vector,after
365,3,practicing,0,0,Practice,practice
365,3,that,1,0,_,that
365,3,",",0,0,_,","
365,3,Dobbs,0,0,_,dobbs
365,3,walks,0,0,Self_motion,walk
366,0,moment,0,0,Temporal_collocation,moment
366,0,you,0,0,_,you
366,0,put,0,0,Placing,put
366,0,the,0,0,_,the
366,0,food,0,0,Food,food
366,0,in,0,0,Interior_profile_relation,in
366,0,your,0,0,_,your
366,0,mouth,0,0,Body_parts,mouth
366,0,",",0,0,_,","
366,0,the,0,0,_,the
366,0,whole,0,0,Ranked_expectation,whole
366,0,body,0,0,Body_parts,body
366,0,should,0,0,Desirable_event,should
366,0,go,1,0,Transition_to_a_quality,go
366,0,into,1,0,_,into
366,0,action.,1,0,Intentionally_act,action
366,0,``,0,0,_,`
366,1,#,0,0,_,#
366,1,If,0,0,_,if
366,1,it,0,0,_,it
366,1,did,0,0,_,do
366,1,n't,0,0,_,not
366,1,",",0,0,_,","
366,1,it,0,0,_,it
366,1,was,0,0,_,be
366,1,n't,0,0,_,not
366,1,because,0,0,Causation,because
366,1,the,0,0,_,the
366,1,chefs,0,0,People_by_vocation,chef
366,1,had,0,0,Possession,have
367,0,",",0,0,_,","
367,0,though,0,0,Concessive,though
367,0,",",0,0,_,","
367,0,none,0,0,_,none
367,0,of,0,0,Partitive,of
367,0,the,0,0,_,the
367,0,other,0,0,Increment,other
367,0,men,0,0,People,man
367,0,from,0,0,Origin,from
367,0,America,0,0,_,America
367,0,Will,0,0,_,will
367,0,Break,1,1,_,break
367,0,had,0,0,_,have
367,0,gone,1,0,Transition_to_a_quality,gone
367,0,into,1,0,_,into
367,0,action,0,0,Intentionally_act,action
367,0,.,0,0,_,.
367,1,He,0,0,_,he
367,1,thought,0,0,Awareness,think
367,1,of,0,0,_,of
367,1,them,0,0,_,they
367,1,more,0,0,_,more
367,1,as,0,0,_,as
367,1,military,0,0,Military,military
367,1,engineers,0,0,People_by_vocation,engineer
367,1,than,0,0,_,than
367,1,frontline,0,0,_,frontline
367,1,troops,0,0,Member_of_military,troop
367,1,.,0,0,_,.
367,2,Of,0,0,_,of
367,2,course,0,0,_,course
368,0,stood,0,0,Posture,stand
368,0,aside,0,0,_,aside
368,0,when,0,0,Temporal_collocation,when
368,0,Azeri,0,0,_,azeri
368,0,activists,0,0,_,activist
368,0,rioted,0,0,Change_of_leadership,riot
368,0,against,1,0,Taking_sides,against
368,0,Armenians,0,0,People_by_origin,Armenians
368,0,in,0,0,Interior_profile_relation,in
368,0,the,0,0,_,the
368,0,capital,0,0,Relational_political_locales,capital
368,0,",",0,0,_,","
368,0,but,0,0,_,but
368,0,went,1,0,Transition_to_a_quality,go
368,0,into,1,0,_,into
368,0,action,0,0,Intentionally_act,action
368,0,when,0,0,Temporal_collocation,when
368,0,an,0,0,_,an
368,0,Azeri,0,0,_,azeri
368,0,crowd,0,0,Aggregate,crowd
368,0,threatened,0,0,Commitment,threaten
368,0,to,0,0,_,to
368,0,burn,0,0,Fire_burning,burn
368,0,down,0,0,_,down
368,0,Party,0,0,Organization,party
368,0,headquarters,0,0,_,headquarters
368,0,.,0,0,_,.
368,1,Tanks,0,0,Vehicle,tank
368,1,and,0,0,_,and
368,1,troops,0,0,Member_of_military,troop
368,1,broke,0,0,_,break
369,0,operating,0,0,Operating_a_system,operate
369,0,room,0,0,Building_subparts,room
369,0,to,0,0,_,to
369,0,receive,0,0,Receiving,receive
369,0,the,0,0,_,the
369,0,body,0,0,Body_parts,body
369,0,of,0,0,_,of
369,0,Hatchford,0,0,_,hatchford
369,0,Benjamin,0,0,_,Benjamin
369,0,Harrison,0,0,_,Harrison
369,0,.,0,0,_,.
369,1,They,0,0,_,they
369,1,had,0,0,_,have
369,1,gone,1,0,Transition_to_a_quality,gone
369,1,into,1,0,_,into
369,1,action,0,0,Intentionally_act,action
369,1,the,0,0,_,the
369,1,moment,0,0,Temporal_collocation,moment
369,1,the,0,0,_,the
369,1,on-site,0,0,_,on
369,1,paramedics,0,0,Medical_professionals,paramedic
369,1,in,0,0,Interior_profile_relation,in
369,1,the,0,0,_,the
369,1,San,0,0,_,San
369,1,Bernardino,0,0,_,Bernardino
369,1,Mountains,0,0,Natural_features,mountain
369,1,had,0,0,_,have
369,1,reported,0,0,Statement,report
369,1,",",0,0,_,","
369,1,by,0,0,_,by
369,1,police-band,0,0,_,police
370,0,!,0,0,_,!
370,1,Ripley,0,0,_,Ripley
370,1,climbs,0,0,Self_motion,climb
370,1,hand-over-hand,0,0,_,hand
370,1,along,0,0,_,along
370,1,the,0,0,_,the
370,1,chain,0,0,Connectors,chain
370,1,towards,0,0,_,towards
370,1,the,0,0,_,the
370,1,gantry,0,0,_,gantry
370,1,platform,0,0,_,platform
370,1,.,0,0,_,.
370,2,Morse,0,0,_,Morse
370,2,goes,0,0,Transition_to_a_quality,go
370,2,into,1,0,_,into
370,2,action,0,0,Intentionally_act,action
370,2,and,0,0,_,and
370,2,maneuvers,0,0,Cause_motion,maneuver
370,2,the,0,0,_,the
370,2,platform,0,0,_,platform
370,2,towards,0,0,_,towards
370,2,her,0,0,_,she
370,2,.,0,0,_,.
370,3,202,0,0,_,202
370,3,THE,0,0,_,the
370,3,GANTRY,0,0,_,GANTRY
370,3,Morse,0,0,_,Morse
370,3,helps,0,0,Assistance,help
370,3,Ripley,0,0,_,Ripley
370,3,onto,0,0,_,onto
370,3,the,0,0,_,the
371,0,few,0,0,Quantified_mass,few
371,0,months,0,0,Measure_duration,month
371,0,whether,0,0,_,whether
371,0,Operation,0,0,_,operation
371,0,Restore,0,0,_,restore
371,0,Hope,0,0,_,hope
371,0,conforms,0,0,Compliance,conform
371,0,to,1,0,_,to
371,0,that,1,0,_,that
371,0,basic,0,0,_,basic
371,0,rule,1,0,Law,rule
371,0,.,0,0,_,.
371,1,#,0,0,_,#
371,1,Going,1,0,Transition_to_a_quality,go
371,1,Into,1,0,_,into
371,1,Action,0,0,Intentionally_act,action
371,1,#,0,0,_,#
371,1,The,0,0,_,the
371,1,mission,0,0,_,mission
371,1,is,0,0,_,be
371,1,humanitarian,0,0,_,humanitarian
371,1,",",0,0,_,","
371,1,but,0,0,Concessive,but
371,1,in,0,0,Purpose,in
371,1,order,0,0,Purpose,order
371,1,to,0,0,_,to
371,1,work,1,0,Work,work
371,1,",",0,0,_,","
371,1,it,0,0,_,it
371,1,will,0,0,_,will
371,1,have,1,0,Possession,have
372,0,of,0,0,_,of
372,0,new,0,0,Age,new
372,0,and,0,0,_,and
372,0,different,0,0,Similarity,different
372,0,or,0,0,_,or
372,0,improved,0,0,Cause_to_make_progress,improve
372,0,gear,0,0,Gizmo,gear
372,0,that,0,0,_,that
372,0,deserves,1,0,Deserving,deserve
372,0,attention,0,0,Attention,attention
372,0,.,0,0,_,.
372,1,Some,0,0,Proportional_quantity,some
372,1,can,0,0,Capability,can
372,1,go,1,0,Transition_to_a_quality,go
372,1,into,1,0,_,into
372,1,action,0,0,Intentionally_act,action
372,1,right,0,0,_,right
372,1,now,0,0,Temporal_collocation,now
372,1,before,0,0,Time_vector,before
372,1,you,0,0,_,you
372,1,ever,0,0,_,ever
372,1,go,0,0,Motion,go
372,1,afloat,0,0,_,afloat
372,1,.,0,0,_,.
372,2,Here,0,0,_,here
372,2,'s,0,0,_,be
372,2,one,0,0,_,one
372,2,to,0,0,_,to
372,2,start,0,0,Process_start,start
372,2,with,0,0,_,with
372,2,at,0,0,_,at
373,0,California,0,0,_,California
373,0,Legislature,0,0,Leadership,legislature
373,0,was,0,0,_,be
373,0,persuaded,0,0,Subjective_influence,persuade
373,0,",",0,0,_,","
373,0,so,0,0,_,so
373,0,Muir,0,0,_,Muir
373,0,and,0,0,_,and
373,0,his,0,0,_,his
373,0,colleagues,0,0,Personal_relationship,colleague
373,0,in,1,0,_,in
373,0,the,0,0,_,the
373,0,club,1,1,Organization,club
373,0,went,1,0,Transition_to_a_quality,go
373,0,into,1,0,_,into
373,0,action,0,0,Intentionally_act,action
373,0,in,0,0,Interior_profile_relation,in
373,0,Sacramento,0,0,_,Sacramento
373,0,and,0,0,_,and
373,0,finally,0,0,Time_vector,finally
373,0,triumphed,0,0,Finish_competition,triumph
373,0,in,1,0,Temporal_collocation,in
373,0,1905,0,0,_,1905
373,0,.,0,0,_,.
373,1,The,0,0,_,the
373,1,valley,0,0,Natural_features,valley
373,1,belatedly,0,0,_,belatedly
373,1,became,0,0,Becoming,become
373,1,part,0,0,Part_whole,part
373,1,of,0,0,_,of
373,1,the,0,0,_,the
374,0,They,0,0,_,they
374,0,marched,0,0,Self_motion,march
374,0,briskly,0,0,Speed_description,briskly
374,0,and,0,0,_,and
374,0,with,1,0,_,with
374,0,a,0,0,_,a
374,0,certain,0,0,Idiosyncrasy,certain
374,0,kind,0,0,Type,kind
374,0,of,0,0,_,of
374,0,professional,0,0,People_by_vocation,professional
374,0,swagger,0,0,Speed_description,swagger
374,0,like,0,0,Similarity,like
374,0,firefighters,0,0,People_by_vocation,firefighter
374,0,going,1,0,Motion,go
374,0,into,1,0,_,into
374,0,action,0,0,Intentionally_act,action
374,0,:,0,0,_,:
374,0,``,0,0,_,`
374,0,We,0,0,_,we
374,0,are,0,0,_,be
374,0,Biafrans,0,0,_,biafran
374,0,",",0,0,_,","
374,0,Nigeria,0,0,_,Nigeria
374,0,is,0,0,_,be
374,0,dead,1,0,Dead_or_alive,dead
374,0,.,0,0,_,.
374,1,We,0,0,_,we
374,1,are,0,0,_,be
374,1,Biafrans,0,0,_,biafran
374,1,",",0,0,_,","
374,1,Nigeria,0,0,_,Nigeria
375,0,lets,0,0,Preventing_or_letting,let
375,0,her,0,0,_,she
375,0,go,0,0,Motion,go
375,0,into,0,0,_,into
375,0,the,0,0,_,the
375,0,smoke,0,0,_,smoke
375,0,.,0,0,_,.
375,1,#,0,0,_,#
375,1,230B,0,0,_,230b
375,1,ANNA,0,0,_,ANNA
375,1,230A,0,0,_,230A
375,1,#,0,0,_,#
375,1,Hawk,0,0,_,hawk
375,1,goes,1,0,Transition_to_a_quality,go
375,1,into,1,0,_,into
375,1,action,0,0,Intentionally_act,action
375,1,.,0,0,_,.
375,2,#,0,0,_,#
375,2,Darwin,0,0,_,Darwin
375,2,turns,0,0,_,turn
375,2,to,0,0,_,to
375,2,see,0,0,Perception_experience,see
375,2,this,1,0,_,this
375,2,and,0,0,_,and
375,2,raises,0,0,Cause_motion,raise
375,2,his,0,0,_,his
375,2,gun,0,0,Weapon,gun
375,2,.,0,0,_,.
375,3,#,0,0,_,#
375,3,Hawk,0,0,_,hawk
375,3,takes,1,1,Conquering,take
376,0,that,1,0,_,that
376,0,country,0,0,Political_locales,country
376,0,'s,0,0,_,be
376,0,largest,1,0,Size,large
376,0,dollar,0,0,_,dollar
376,0,earner,0,0,Earnings_and_losses,earner
376,0,.,0,0,_,.
376,1,At,1,0,_,at
376,1,this,1,0,_,this
376,1,point,1,0,_,point
376,1,",",0,0,_,","
376,1,Western,0,0,_,western
376,1,governments,0,0,Leadership,government
376,1,went,1,0,Transition_to_a_quality,go
376,1,into,1,0,_,into
376,1,action,1,0,Intentionally_act,action
376,1,.,0,0,_,.
376,2,The,0,0,_,the
376,2,U.S.,0,0,_,U.S.
376,2,",",0,0,_,","
376,2,Britain,0,0,_,Britain
376,2,",",0,0,_,","
376,2,France,0,0,_,France
376,2,",",0,0,_,","
376,2,and,0,0,_,and
376,2,Canada,0,0,_,Canada
376,2,slapped,1,1,_,slap
376,2,quotas,0,0,_,quota
376,2,on,1,0,_,on
376,2,Bangladeshi,0,0,_,Bangladeshi
376,2,exports,0,0,Exporting,export
377,0,by,0,0,_,by
377,0,Tim,0,0,_,Tim
377,0,Uert,0,0,_,uert
377,0,of,0,0,_,of
377,0,Independent,0,0,_,independent
377,0,Television,0,0,_,television
377,0,News,0,0,_,news
377,0,.,0,0,_,.
377,1,MR-UERT,0,0,_,MR
377,1,:,0,0,_,:
377,1,The,0,0,_,the
377,1,KGB,0,0,_,KGB
377,1,now,0,0,Temporal_collocation,now
377,1,goes,1,0,Transition_to_a_quality,go
377,1,into,1,0,_,into
377,1,action,1,0,Intentionally_act,action
377,1,against,1,0,_,against
377,1,new,0,0,Age,new
377,1,enemies,0,0,_,enemy
377,1,of,0,0,_,of
377,1,the,0,0,_,the
377,1,Soviet,0,0,_,soviet
377,1,state,0,0,Leadership,state
377,1,",",0,0,_,","
377,1,not,0,0,_,not
377,1,spies,0,0,_,spy
377,1,and,0,0,_,and
377,1,dissidents,0,0,_,dissident
377,1,",",0,0,_,","
377,1,but,0,0,_,but
377,1,black,0,0,Color,black
378,0,we,0,0,_,we
378,0,'re,0,0,_,be
378,0,talking,0,0,Chatting,talk
378,0,about,1,0,_,about
378,0,"450,000",0,0,_,"450,000"
378,0,U.S.,0,0,_,U.S.
378,0,troops,0,0,Member_of_military,troop
378,0,in,0,0,Interior_profile_relation,in
378,0,the,0,0,_,the
378,0,region,0,0,Locale,region
378,0,?,0,0,_,?
378,1,If,0,0,_,if
378,1,they,0,0,_,they
378,1,went,1,0,Transition_to_a_quality,go
378,1,into,1,0,_,into
378,1,action,0,0,Intentionally_act,action
378,1,",",0,0,_,","
378,1,that,1,0,_,that
378,1,is,0,0,_,be
378,1,not,0,0,_,not
378,1,a,0,0,_,a
378,1,war,0,0,Hostile_encounter,war
378,1,?,0,0,_,?
378,2,Sen.,0,0,_,sen.
378,2,LUGAR,0,0,_,LUGAR
378,2,:,0,0,_,:
378,2,That,1,0,_,that
378,2,would,0,0,_,would
378,2,be,0,0,_,be
378,2,a,0,0,_,a
378,2,war,0,0,Hostile_encounter,war
379,0,the,0,0,_,the
379,0,hall,0,0,Buildings,hall
379,0,.,0,0,_,.
379,1,#,0,0,_,#
379,1,There,0,0,Existence,there
379,1,is,0,0,Existence,be
379,1,a,0,0,_,a
379,1,HISS,0,0,_,hiss
379,1,as,0,0,_,as
379,1,the,0,0,_,the
379,1,apartment,0,0,Building_subparts,apartment
379,1,'s,0,0,_,be
379,1,hydraulics,0,0,_,hydraulic
379,1,go,1,0,Transition_to_a_quality,go
379,1,into,1,0,_,into
379,1,action,1,0,Intentionally_act,action
379,1,and,0,0,_,and
379,1,the,0,0,_,the
379,1,front,0,0,Part_orientational,front
379,1,door,0,0,Connecting_architecture,door
379,1,slides,0,0,_,slide
379,1,open,0,0,Openness,open
379,1,on,0,0,_,on
379,1,steel,0,0,_,steel
379,1,runners,0,0,_,runner
379,1,to,0,0,_,to
379,1,reveal,1,0,Evidence,reveal
379,1,Mo,0,0,_,mo
379,1,and,0,0,_,and
379,1,Shades,0,0,_,shade
379,1,standing,0,0,Posture,stand
380,0,TO,1,0,_,to
380,0,ANNIE,0,0,_,ANNIE
380,0,--,0,0,_,--
380,0,the,0,0,_,the
380,0,moment,0,0,Temporal_collocation,moment
380,0,she,0,0,_,she
380,0,sees,0,0,Perception_experience,see
380,0,him,0,0,_,he
380,0,come,1,0,Arriving,come
380,0,to,1,0,_,to
380,0,life,0,0,_,life
380,0,",",0,0,_,","
380,0,she,0,0,_,she
380,0,goes,1,0,Transition_to_a_quality,go
380,0,into,1,0,_,into
380,0,action,0,0,Intentionally_act,action
380,0,",",0,0,_,","
380,0,lifting,0,0,Cause_motion,lift
380,0,PAUL,0,0,_,PAUL
380,0,in,0,0,_,in
380,0,a,0,0,_,a
380,0,fireman,0,0,People_by_vocation,fireman
380,0,'s,0,0,_,be
380,0,carry,0,0,Bringing,carry
380,0,",",0,0,_,","
380,0,starting,0,0,Activity_start,start
380,0,the,0,0,_,the
380,0,difficult,0,0,Difficulty,difficult
380,0,climb,0,0,Self_motion,climb
380,0,back,0,0,_,back
380,0,up,0,0,Locative_relation,up
381,0,",",0,0,_,","
381,0,who,0,0,_,who
381,0,balked,0,0,_,balk
381,0,.,0,0,_,.
381,1,#,0,0,_,#
381,1,Almost,0,0,_,almost
381,1,immediately,0,0,_,immediately
381,1,",",0,0,_,","
381,1,the,0,0,_,the
381,1,White,0,0,_,white
381,1,House,0,0,_,House
381,1,damage-control,0,0,_,damage
381,1,team,1,0,Aggregate,team
381,1,went,1,0,Transition_to_a_quality,go
381,1,into,1,0,_,into
381,1,action,1,0,Intentionally_act,action
381,1,.,0,0,_,.
381,2,A,0,0,_,a
381,2,top,1,0,_,top
381,2,Bush,0,0,_,Bush
381,2,official,0,0,Leadership,official
381,2,called,0,0,Contacting,call
381,2,Paul,0,0,_,Paul
381,2,Weyrich,0,0,_,Weyrich
381,2,to,0,0,_,to
381,2,say,0,0,Statement,say
381,2,the,0,0,_,the
381,2,invitations,0,0,Request,invitation
381,2,to,1,0,_,to
381,2,homosexual,0,0,_,homosexual
381,2,activists,0,0,_,activist
382,0,",",0,0,_,","
382,0,particularly,0,0,_,particularly
382,0,in,0,0,Interior_profile_relation,in
382,0,Nashville,0,0,_,Nashville
382,0,.,0,0,_,.
382,1,I,0,0,_,I
382,1,'m,0,0,_,'
382,1,waiting,0,0,Waiting,wait
382,1,for,0,0,_,for
382,1,the,0,0,_,the
382,1,right,0,0,Correctness,right
382,1,moment,0,0,_,moment
382,1,to,0,0,_,to
382,1,go,1,0,Transition_to_a_quality,go
382,1,into,1,0,_,into
382,1,action,0,0,Intentionally_act,action
382,1,.,0,0,_,.
382,2,I,0,0,_,I
382,2,think,0,0,Opinion,think
382,2,the,0,0,_,the
382,2,timing,0,0,_,timing
382,2,is,0,0,_,be
382,2,right,0,0,Correctness,right
382,2,:,0,0,_,:
382,2,It,0,0,_,it
382,2,should,0,0,Desirable_event,should
382,2,be,0,0,_,be
382,2,fairly,0,0,_,fairly
382,2,soon,0,0,_,soon
382,2,because,0,0,Causation,because
382,2,I,0,0,_,I
383,0,",",0,0,_,","
383,0,you,0,0,_,you
383,0,walk,0,0,Self_motion,walk
383,0,carefully,0,0,_,carefully
383,0,over,0,0,Locative_relation,over
383,0,broken,0,0,Being_operational,break
383,0,asphalt,0,0,Substance,asphalt
383,0,",",0,0,_,","
383,0,avoid,0,0,Avoiding,avoid
383,0,crowds,0,0,Aggregate,crowd
383,0,",",0,0,_,","
383,0,do,0,0,_,do
383,0,n't,0,0,_,not
383,0,go,0,0,Motion,go
383,0,to,0,0,Goal,to
383,0,action,0,0,Intentionally_act,action
383,0,movies,0,0,Text,movie
383,0,.,0,0,_,.
383,1,When,0,0,Temporal_collocation,when
383,1,someone,0,0,_,someone
383,1,is,0,0,_,be
383,1,following,0,0,Cotheme,follow
383,1,you,0,0,_,you
383,1,on,0,0,Spatial_contact,on
383,1,the,0,0,_,the
383,1,sidewalk,0,0,Roadways,sidewalk
383,1,",",0,0,_,","
383,1,you,0,0,_,you
383,1,'ll,0,0,_,will
383,1,stop,0,0,Halt,stop
383,1,sometimes,0,0,Frequency,sometimes
384,0,.,0,0,_,.
384,1,If,0,0,_,if
384,1,it,0,0,_,it
384,1,does,0,0,_,do
384,1,n't,0,0,_,not
384,1,appear,0,0,Coming_to_be,appear
384,1,right,0,0,_,right
384,1,away,0,0,_,away
384,1,",",0,0,_,","
384,1,try,0,0,Attempt,try
384,1,resetting,0,0,_,reset
384,1,adb,0,0,_,adb
384,1,by,0,0,Means,by
384,1,going,1,0,Motion,go
384,1,to,1,0,_,to
384,1,Actions,0,0,Intentionally_act,action
384,1,",",0,0,_,","
384,1,then,0,0,_,then
384,1,selecting,0,0,Choosing,select
384,1,``,0,0,_,`
384,1,Reset,0,0,_,reset
384,1,adb.,0,0,_,adb
384,1,``,0,0,_,`
384,2,#,0,0,_,#
384,2,(,0,0,_,(
384,2,Credit,0,0,_,credit
384,2,:,0,0,_,:
384,2,Screenshot,0,0,_,screenshot
384,2,by,0,0,_,by
384,2,Ed,0,0,_,Ed
385,0,add,1,0,_,add
385,0,three,0,0,Cardinal_numbers,three
385,0,stages,1,1,_,stage
385,0,",",0,0,_,","
385,0,name,0,0,Being_named,name
385,0,them,0,0,_,they
385,0,properly,0,0,_,properly
385,0,",",0,0,_,","
385,0,and,0,0,_,and
385,0,then,0,0,_,then
385,0,link,1,0,Make_cognitive_connection,link
385,0,them,0,0,_,they
385,0,using,0,0,Using,use
385,0,Go,0,0,_,go
385,0,To,0,0,_,to
385,0,actions,0,0,Intentionally_act,action
385,0,.,0,0,_,.
385,1,Stage,0,0,_,stage
385,1,1,0,0,_,1
385,1,#,0,0,_,#
385,1,Name,0,0,Being_named,name
385,1,Stage,0,0,_,stage
385,1,1,0,0,_,1
385,1,``,0,0,_,`
385,1,Get,1,0,Getting,get
385,1,eBay,0,0,_,eBay
385,1,Daily,0,0,Frequency,Daily
385,1,Deals,0,0,_,deal
385,1,``,0,0,_,`
385,1,and,0,0,_,and
386,0,this,1,0,_,this
386,0,",",0,0,_,","
386,0,if,0,0,_,if
386,0,we,0,0,_,we
386,0,are,0,0,_,be
386,0,to,0,0,_,to
386,0,move,1,0,Motion,move
386,0,beyond,1,0,Locative_relation,beyond
386,0,``,0,0,_,`
386,0,feel,1,0,Feeling,feel
386,0,good,0,0,Desirability,good
386,0,``,0,0,_,`
386,0,and,0,0,_,and
386,0,go,0,0,Motion,go
386,0,to,1,0,Goal,to
386,0,action,0,0,Intentionally_act,action
386,0,",",0,0,_,","
386,0,someone,0,0,_,someone
386,0,needs,0,0,Required_event,need
386,0,to,0,0,Required_event,to
386,0,pick,0,0,_,pick
386,0,up,0,0,_,up
386,0,the,0,0,_,the
386,0,ball,0,0,_,ball
386,0,.,0,0,_,.
386,1,From,1,0,_,from
386,1,my,0,0,_,my
386,1,knowledge,0,0,Awareness,knowledge
386,1,of,0,0,_,of
386,1,what,0,0,_,what
386,1,is,0,0,_,be
387,0,gone,0,0,Transition_to_a_quality,gone
387,0,off,0,0,Successful_action,off
387,0,.,0,0,_,.
387,1,Uh-oh,0,0,_,uh
387,1,.,0,0,_,.
387,2,God,0,0,_,God
387,2,save,0,0,_,save
387,2,the,0,0,_,the
387,2,queen,0,0,Leadership,queen
387,2,.,0,0,_,.
387,3,All,0,0,Quantified_mass,all
387,3,units,0,0,_,unit
387,3,",",0,0,_,","
387,3,go,1,0,Motion,go
387,3,to,1,0,_,to
387,3,action,0,0,Intentionally_act,action
387,3,zebra,0,0,_,zebra
387,3,.,0,0,_,.
387,4,-,0,0,_,-
387,4,What,0,0,_,what
387,4,'s,0,0,_,be
387,4,going,1,0,Event,go
387,4,on,1,0,Event,on
387,4,?,0,0,_,?
387,5,-,0,0,_,-
387,5,Have,0,0,_,have
387,5,n't,0,0,_,not
387,5,the,0,0,_,the
387,5,foggiest,0,0,_,foggiest
387,5,.,0,0,_,.
387,6,Someone,0,0,_,someone
388,0,",",0,0,_,","
388,0,but,0,0,Concessive,but
388,0,we,0,0,_,we
388,0,can,0,0,Capability,can
388,0,stop,1,0,Preventing_or_letting,stop
388,0,the,0,0,_,the
388,0,blame,0,0,Judgment,blame
388,0,and,0,0,_,and
388,0,the,0,0,_,the
388,0,shame,0,0,Experiencer_focus,shame
388,0,and,0,0,_,and
388,0,we,0,0,_,we
388,0,can,0,0,Capability,can
388,0,go,1,0,Motion,go
388,0,to,1,0,_,to
388,0,action,0,0,Intentionally_act,action
388,0,",",0,0,_,","
388,0,and,0,0,_,and
388,0,the,0,0,_,the
388,0,action,0,0,Intentionally_act,action
388,0,is,0,0,_,be
388,0,you,0,0,_,you
388,0,have,0,0,Required_event,have
388,0,to,0,0,Required_event,to
388,0,take,1,0,_,take
388,0,inventory,0,0,_,inventory
388,0,in,1,0,_,in
388,0,your,0,0,_,your
388,0,life,0,0,_,life
388,0,",",0,0,_,","
388,0,how,0,0,_,how
389,0,Move,0,0,Motion,move
389,0,in,0,0,_,in
389,0,on,0,0,_,on
389,0,Gates,0,0,_,gate
389,0,!,0,0,_,!
389,1,Divers,0,0,_,diver
389,1,are,0,0,_,be
389,1,a,0,0,_,a
389,1,go,1,0,_,go
389,1,.,0,0,_,.
389,2,-,0,0,_,-
389,2,Snipers,0,0,_,sniper
389,2,",",0,0,_,","
389,2,go,1,0,Motion,go
389,2,to,1,0,_,to
389,2,action,0,0,Intentionally_act,action
389,2,zebra,0,0,_,zebra
389,2,.,0,0,_,.
389,3,-,0,0,_,-
389,3,All,0,0,Quantified_mass,all
389,3,teams,0,0,Aggregate,team
389,3,",",0,0,_,","
389,3,move,1,0,Motion,move
389,3,in,1,0,_,in
389,3,.,0,0,_,.
389,4,Pursue,0,0,Cotheme,pursue
389,4,at,1,0,_,at
389,4,own,0,0,_,own
389,4,risk,0,0,Risky_situation,risk
389,4,.,0,0,_,.
389,5,-,0,0,_,-
390,0,watch,0,0,Perception_active,watch
390,0,his,0,0,_,his
390,0,movies,0,0,Text,movie
390,0,SCOTT,0,0,_,SCOTT
390,0,Mostly,0,0,_,mostly
390,0,",",0,0,_,","
390,0,probably,0,0,Likelihood,probably
390,0,",",0,0,_,","
390,0,you,0,0,_,you
390,0,know,0,0,Awareness,know
390,0,",",0,0,_,","
390,0,people,0,0,People,people
390,0,who,0,0,_,who
390,0,go,0,0,Motion,go
390,0,to,0,0,Goal,to
390,0,action,0,0,_,action
390,0,movies,0,0,Text,movie
390,0,",",0,0,_,","
390,0,which,0,0,_,which
390,0,is,0,0,_,be
390,0,to,0,0,_,to
390,0,say,0,0,Statement,say
390,0,young,0,0,Age,young
390,0,males,0,0,People,male
390,0,",",0,0,_,","
390,0,you,0,0,_,you
390,0,know,0,0,Awareness,know
390,0,",",0,0,_,","
390,0,males,0,0,People,male
390,0,between,1,0,_,between
390,0,16,0,0,_,16
391,0,candy,0,0,Food,candy
391,0,and,0,0,_,and
391,0,stale,0,0,Biological_urge,stale
391,0,popcorn,0,0,Food,popcorn
391,0,from,0,0,_,from
391,0,the,0,0,_,the
391,0,concrete,0,0,_,concrete
391,0,floor,0,0,Architectural_part,floor
391,0,.,0,0,_,.
391,1,In,1,0,Temporal_collocation,in
391,1,the,0,0,_,the
391,1,beginning,0,0,Temporal_subregion,begin
391,1,they,0,0,_,they
391,1,went,0,0,Transition_to_a_quality,go
391,1,to,1,0,_,to
391,1,action,0,0,_,action
391,1,films,0,0,Text,film
391,1,",",0,0,_,","
391,1,but,0,0,_,but
391,1,after,1,0,Time_vector,after
391,1,a,0,0,Quantified_mass,a
391,1,few,0,0,Quantified_mass,few
391,1,weeks,0,0,Measure_duration,week
391,1,he,0,0,_,he
391,1,could,0,0,Possibility,could
391,1,no,0,0,_,no
391,1,longer,0,0,Temporal_collocation,long
391,1,bear,0,0,Experiencer_focus,bear
391,1,to,0,0,_,to
391,1,watch,0,0,Perception_active,watch
391,1,them,0,0,_,they
392,0,call,0,0,Referring_by_name,call
392,0,me,0,0,_,I
392,0,a,0,0,_,a
392,0,NAZI,0,0,_,nazi
392,0,!,0,0,_,!
392,0,``,0,0,_,`
392,1,#,0,0,_,#
392,1,Because,0,0,Causation,because
392,1,in,1,0,Interior_profile_relation,in
392,1,this,1,0,_,this
392,1,world,1,1,Political_locales,world
392,1,",",0,0,_,","
392,1,we,0,0,_,we
392,1,go,1,0,Activity_ongoing,go
392,1,on,1,0,_,on
392,1,action,0,0,Intentionally_act,action
392,1,",",0,0,_,","
392,1,on,1,0,_,on
392,1,words,0,0,_,word
392,1,",",0,0,_,","
392,1,on,1,0,_,on
392,1,deeds,0,0,Intentionally_act,deed
392,1,",",0,0,_,","
392,1,as,0,0,_,as
392,1,opposed,0,0,_,oppose
392,1,to,1,0,_,to
392,1,silent,1,1,_,silent
392,1,thoughts,0,0,Cogitation,thought
392,1,that,0,0,_,that
392,1,are,0,0,_,be
392,1,written,0,0,Text_creation,write
393,0,in,1,0,_,in
393,0,the,0,0,_,the
393,0,complexity,0,0,_,complexity
393,0,of,0,0,_,of
393,0,thought,0,0,_,think
393,0,",",0,0,_,","
393,0,with,1,0,_,with
393,0,every,0,0,_,every
393,0,ascertained,0,0,Coming_to_believe,ascertain
393,0,fact,0,0,_,fact
393,0,so,0,0,_,so
393,0,gained,1,1,Getting,gain
393,0,",",0,0,_,","
393,0,went,1,0,Process_continue,go
393,0,on,1,0,Process_continue,on
393,0,action,0,0,Intentionally_act,action
393,0,and,0,0,_,and
393,0,reaction,1,1,Response,reaction
393,0,in,1,0,_,in
393,0,the,0,0,_,the
393,0,gray,1,1,_,gray
393,0,matter,0,0,_,matter
393,0,of,0,0,_,of
393,0,the,0,0,_,the
393,0,speech,0,0,_,speech
393,0,discoverer,0,0,_,discoverer
393,0,",",0,0,_,","
393,0,and,0,0,_,and
393,0,slowly,0,0,Taking_time,slowly
393,0,",",0,0,_,","
393,0,step,1,0,Intentionally_act,step
394,0,Cammarato,0,0,_,cammarato
394,0,and,0,0,_,and
394,0,Fine,0,0,_,fine
394,0,(,0,0,_,(
394,0,2008,0,0,_,2008
394,0,),0,0,_,)
394,0,",",0,0,_,","
394,0,for,0,0,_,for
394,0,example,0,0,Instance,example
394,0,",",0,0,_,","
394,0,observed,0,0,Becoming_aware,observe
394,0,that,0,0,_,that
394,0,YPAR,0,0,_,YPAR
394,0,goes,1,0,_,go
394,0,beyond,1,0,_,beyond
394,0,actions,0,0,Intentionally_act,action
394,0,and,0,0,_,and
394,0,products,0,0,_,product
394,0,to,0,0,_,to
394,0,have,0,0,_,have
394,0,important,0,0,Importance,important
394,0,implications,0,0,_,implication
394,0,for,0,0,_,for
394,0,youth,0,0,People_by_age,youth
394,0,development,0,0,Progression,development
394,0,.,0,0,_,.
394,1,In,0,0,_,in
394,1,YPAR,0,0,_,YPAR
394,1,",",0,0,_,","
394,1,young,0,0,Age,young
394,1,people,0,0,People,people
395,0,for,0,0,_,for
395,0,a,0,0,_,a
395,0,pinging,0,0,Sounds,ping
395,0,sound,0,0,Sounds,sound
395,0,",",0,0,_,","
395,0,and,0,0,_,and
395,0,then,0,0,_,then
395,0,name,0,0,Being_named,name
395,0,the,0,0,_,the
395,0,property,0,0,Possession,property
395,0,.,0,0,_,.
395,1,The,0,0,_,the
395,1,same,0,0,_,same
395,1,goes,1,0,_,go
395,1,for,0,0,_,for
395,1,actions,0,0,Intentionally_act,action
395,1,like,0,0,_,like
395,1,paying,0,0,Commerce_pay,pay
395,1,rent,0,0,_,rent
395,1,or,0,0,_,or
395,1,trading,0,0,Exchange,trade
395,1,property,0,0,Possession,property
395,1,with,1,0,_,with
395,1,another,0,0,Increment,another
395,1,player,0,0,_,player
395,1,.,0,0,_,.
395,2,Other,0,0,Increment,other
395,2,key,0,0,Importance,key
395,2,changes,0,0,Undergo_change,change
395,2,:,0,0,_,:
395,2,The,0,0,_,the
396,0,As,0,0,_,as
396,0,soon,0,0,_,soon
396,0,as,0,0,_,as
396,0,your,0,0,_,your
396,0,personal,0,0,_,personal
396,0,lever,0,0,_,lever
396,0,is,0,0,_,be
396,0,definitely,0,0,Likelihood,definitely
396,0,pulled,0,0,Manipulation,pull
396,0,",",0,0,_,","
396,0,your,0,0,_,your
396,0,RNG,0,0,_,RNG
396,0,is,0,0,_,be
396,0,going,1,0,_,go
396,0,towards,1,0,_,towards
396,0,actions,0,0,Intentionally_act,action
396,0,providing,0,0,Supply,provide
396,0,haphazard,0,0,_,haphazard
396,0,preventing,0,0,Preventing_or_letting,prevent
396,0,tips,1,0,_,tip
396,0,for,0,0,_,for
396,0,all,0,0,Quantified_mass,all
396,0,those,1,0,_,those
396,0,some,0,0,_,some
396,0,reels,0,0,Cause_to_make_noise,reel
396,0,.,0,0,_,.
396,1,#,0,0,_,#
396,1,Your,0,0,_,your
396,1,RNG,0,0,_,RNG
396,1,provides,0,0,Supply,provide
396,1,your,0,0,_,your
397,0,you,0,0,_,you
397,0,can,0,0,Capability,can
397,0,you,0,0,_,you
397,0,'ll,0,0,_,will
397,0,pass,0,0,Traversing,pass
397,0,with,1,0,_,with
397,0,flying,1,1,_,fly
397,0,colours,0,0,_,colour
397,0,.,0,0,_,.
397,1,So,0,0,_,so
397,1,",",0,0,_,","
397,1,let,0,0,_,let
397,1,'s,0,0,_,be
397,1,go,1,0,_,go
397,1,with,1,0,_,with
397,1,action,0,0,Intentionally_act,action
397,1,.,0,0,_,.
397,2,-,0,0,_,-
397,2,No,0,0,_,no
397,2,",",0,0,_,","
397,2,no,0,0,_,no
397,2,",",0,0,_,","
397,2,no,0,0,_,no
397,2,.,0,0,_,.
397,3,No,0,0,_,no
397,3,",",0,0,_,","
397,3,Miss,0,0,_,Miss
397,3,Taylor,0,0,_,Taylor
397,3,",",0,0,_,","
397,3,do,0,0,_,do
397,3,you,0,0,_,you
398,0,to,1,0,Goal,to
398,0,Rothman,0,0,_,Rothman
398,0,.,0,0,_,.
398,1,At,1,0,_,at
398,1,each,0,0,_,each
398,1,he,0,0,_,he
398,1,spoke,0,0,Statement,speak
398,1,briefly,0,0,_,briefly
398,1,",",0,0,_,","
398,1,announcing,0,0,Statement,announce
398,1,that,0,0,_,that
398,1,he,0,0,_,he
398,1,had,0,0,_,have
398,1,gone,1,0,Motion,gone
398,1,without,1,0,_,without
398,1,action,0,0,Intentionally_act,action
398,1,the,0,0,_,the
398,1,week,0,0,Calendric_unit,week
398,1,before,1,0,Relative_time,before
398,1,and,0,0,_,and
398,1,felt,1,0,Feeling,feel
398,1,terrific,1,1,Desirability,terrific
398,1,about,1,0,_,about
398,1,it,0,0,_,it
398,1,but,0,0,_,but
398,1,knew,0,0,Awareness,know
398,1,he,0,0,_,he
398,1,still,0,0,Continued_state_of_affairs,still
398,1,had,1,0,Possession,have
398,1,a,0,0,_,a
398,1,long,1,0,Duration_description,long
399,0,As,0,0,_,as
399,0,the,0,0,_,the
399,0,convoy,0,0,Vehicle,convoy
399,0,carrying,0,0,Bringing,carry
399,0,Pakistani,0,0,_,pakistani
399,0,leader,0,0,Leadership,leader
399,0,Pervez,0,0,_,Pervez
399,0,Musharraf,0,0,_,Musharraf
399,0,approached,0,0,Arriving,approach
399,0,",",0,0,_,","
399,0,the,0,0,_,the
399,0,suicide,0,0,_,suicide
399,0,drivers,0,0,_,driver
399,0,sped,0,0,Self_motion,speed
399,0,into,1,0,_,into
399,0,action,0,0,Intentionally_act,action
399,0,.,0,0,_,.
399,1,A,0,0,_,a
399,1,guard,0,0,_,guard
399,1,stepped,0,0,Self_motion,step
399,1,into,0,0,_,into
399,1,the,0,0,_,the
399,1,path,0,0,Roadways,path
399,1,of,0,0,_,of
399,1,one,0,0,Cardinal_numbers,one
399,1,vehicle,0,0,Vehicle,vehicle
399,1,",",0,0,_,","
399,1,costing,0,0,Expensiveness,cost
399,1,him,0,0,_,he
399,1,his,0,0,_,his
399,1,life,0,0,_,life
400,0,an,0,0,_,an
400,0,edge,1,1,_,edge
400,0,when,0,0,Temporal_collocation,when
400,0,Jeff,0,0,_,Jeff
400,0,Immelt,0,0,_,Immelt
400,0,was,0,0,_,be
400,0,anointed,0,0,Change_of_leadership,anoint
400,0,the,0,0,_,the
400,0,next,1,0,Relative_time,next
400,0,CEO.,0,0,Leadership,CEO
400,0,``,0,0,_,`
400,1,Roche,0,0,_,Roche
400,1,swept,1,1,Self_motion,sweep
400,1,into,1,0,_,into
400,1,action,0,0,Intentionally_act,action
400,1,!,0,0,_,!
400,1,``,0,0,_,`
400,2,Roche,0,0,_,Roche
400,2,says,0,0,Statement,say
400,2,.,0,0,_,.
400,3,In,1,0,_,in
400,3,a,0,0,_,a
400,3,frenzied,0,0,Lively_place,frenzied
400,3,two-day,0,0,_,two
400,3,period,0,0,Frequency,period
400,3,",",0,0,_,","
400,3,he,0,0,_,he
400,3,placed,1,1,Placing,place
400,3,GE,0,0,_,GE
400,3,'s,0,0,_,be
401,0,things,1,0,Entity,thing
401,0,?,0,0,_,?
401,1,I,0,0,_,I
401,1,may,0,0,Likelihood,may
401,1,have,0,0,_,have
401,1,said,0,0,Statement,say
401,1,that,1,0,_,that
401,1,if,0,0,_,if
401,1,that,1,0,_,that
401,1,'s,0,0,_,be
401,1,what,0,0,_,what
401,1,she,0,0,_,she
401,1,was,0,0,_,be
401,1,going,0,0,_,go
401,1,to,0,0,_,to
401,1,doI,0,0,Intentionally_act,doi
401,1,did,0,0,_,do
401,1,n't,0,0,_,not
401,1,care,0,0,Experiencer_focus,care
401,1,if,0,0,_,if
401,1,she,0,0,_,she
401,1,lived,0,0,Residence,live
401,1,or,0,0,_,or
401,1,died,0,0,Death,die
401,1,.,0,0,_,.
401,2,Oh,0,0,_,oh
401,2,man,0,0,People,man
401,2,.,0,0,_,.
401,3,I,0,0,_,I
401,3,did,0,0,_,do
401,3,n't,0,0,_,not
402,0,I,0,0,_,I
402,0,have,0,0,Required_event,have
402,0,to,0,0,Required_event,to
402,0,do,0,0,Intentionally_act,do
402,0,",",0,0,_,","
402,0,then,0,0,_,then
402,0,that,1,0,_,that
402,0,?,0,0,_,?
402,1,s,0,0,_,s
402,1,what,0,0,_,what
402,1,I,0,0,_,I
402,1,?,0,0,_,?
402,2,m,0,0,_,m
402,2,going,0,0,_,go
402,2,to,0,0,_,to
402,2,do,0,0,Intentionally_act,do
402,2,.,0,0,_,.
402,2,?,0,0,_,?
402,3,#,0,0,_,#
402,3,Some,0,0,Proportional_quantity,some
402,3,people,0,0,People,people
402,3,are,0,0,_,be
402,3,torn,1,1,_,tear
402,3,about,1,0,_,about
402,3,how,0,0,_,how
402,3,they,0,0,_,they
402,3,?,0,0,_,?
402,4,re,0,0,_,re
402,4,going,0,0,_,go
402,4,to,0,0,_,to
402,4,get,0,0,Transition_to_state,get
402,4,uptown,0,0,_,uptown
403,0,right,0,0,Correctness,right
403,0,.,0,0,_,.
403,1,Just,0,0,_,just
403,1,to,0,0,_,to
403,1,make,1,0,Verification,make
403,1,sure,0,0,Verification,sure
403,1,that,0,0,_,that
403,1,everyone,0,0,_,everyone
403,1,sticks,0,0,_,stick
403,1,around,0,0,_,around
403,1,",",0,0,_,","
403,1,heres,0,0,_,here
403,1,what,0,0,_,what
403,1,Im,0,0,_,I
403,1,going,0,0,_,go
403,1,to,0,0,_,to
403,1,do,0,0,Intentionally_act,do
403,1,.,0,0,_,.
403,2,Because,0,0,Causation,because
403,2,this,1,0,_,this
403,2,does,0,0,_,do
403,2,get,0,0,Transition_to_state,get
403,2,pretty,0,0,_,pretty
403,2,technical,0,0,_,technical
403,2,.,0,0,_,.
403,3,So,0,0,_,so
403,3,Im,0,0,_,I
403,3,going,0,0,_,go
403,3,to,0,0,_,to
403,3,keep,0,0,Activity_ongoing,keep
403,3,trying,0,0,Attempt,try
403,3,to,0,0,_,to
403,3,intersperse,0,0,_,intersperse
403,3,into,1,0,_,into
404,0,the,0,0,_,the
404,0,baby,0,0,People_by_age,baby
404,0,home,0,0,Buildings,home
404,0,to,0,0,_,to
404,0,live,0,0,Residence,live
404,0,in,0,0,Interior_profile_relation,in
404,0,a,0,0,_,a
404,0,vacuum-sealed,0,0,_,vacuum
404,0,chamber,0,0,Building_subparts,chamber
404,0,or,0,0,_,or
404,0,whatever,0,0,_,whatever
404,0,they,0,0,_,they
404,0,are,0,0,_,be
404,0,going,0,0,_,go
404,0,to,0,0,_,to
404,0,do,0,0,Intentionally_act,do
404,0,.,0,0,_,.
404,1,CARLSON,0,0,_,CARLSON
404,1,:,0,0,_,:
404,1,There,0,0,Existence,there
404,1,'s,0,0,Existence,be
404,1,no,0,0,Quantified_mass,no
404,1,placenta,0,0,_,placenta
404,1,eating,0,0,Ingestion,eat
404,1,--,0,0,_,--
404,1,GEIST,0,0,_,GEIST
404,1,:,0,0,_,:
404,1,Right,0,0,Correctness,right
404,1,",",0,0,_,","
404,1,the,0,0,_,the
404,1,end,1,0,Process_end,end
404,1,of,0,0,_,of
405,0,know,0,0,Awareness,know
405,0,",",0,0,_,","
405,0,and,0,0,_,and
405,0,we,0,0,_,we
405,0,quite,0,0,_,quite
405,0,like,0,0,Experiencer_focus,like
405,0,the,0,0,_,the
405,0,fact,0,0,_,fact
405,0,we,0,0,_,we
405,0,never,0,0,Frequency,never
405,0,know,0,0,Awareness,know
405,0,what,0,0,_,what
405,0,shes,0,0,_,she
405,0,going,0,0,_,go
405,0,to,0,0,_,to
405,0,do,0,0,Intentionally_act,do
405,0,.,0,0,_,.
405,1,COWELL,0,0,_,COWELL
405,1,:,0,0,_,:
405,1,I,0,0,_,I
405,1,agree,0,0,Agree_or_refuse_to_act,agree
405,1,.,0,0,_,.
405,2,I,0,0,_,I
405,2,love,0,0,Experiencer_focus,love
405,2,it,0,0,_,it
405,2,WARWICK,0,0,_,WARWICK
405,2,You,0,0,_,you
405,2,know,0,0,Awareness,know
405,2,",",0,0,_,","
405,2,its,0,0,_,its
405,2,great,1,0,Desirability,great
405,2,COWELL,0,0,_,COWELL
405,2,I,0,0,_,I
406,0,have,0,0,_,have
406,0,been,0,0,_,be
406,0,helping,0,0,Assistance,help
406,0,us,0,0,_,we
406,0,through,1,0,_,through
406,0,this,1,0,_,this
406,0,breaking,1,0,_,break
406,0,news,0,0,_,news
406,0,coverage,0,0,_,coverage
406,0,.,0,0,_,.
406,1,Heres,0,0,_,heres
406,1,what,0,0,_,what
406,1,we,0,0,_,we
406,1,are,0,0,_,be
406,1,going,0,0,_,go
406,1,to,0,0,_,to
406,1,do,0,0,Intentionally_act,do
406,1,.,0,0,_,.
406,2,We,0,0,_,we
406,2,are,0,0,_,be
406,2,going,0,0,_,go
406,2,to,0,0,_,to
406,2,follow,1,0,Cotheme,follow
406,2,this,1,0,_,this
406,2,story,0,0,_,story
406,2,.,0,0,_,.
406,3,Our,0,0,_,our
406,3,reporting,0,0,_,report
406,3,team,0,0,Aggregate,team
406,3,is,0,0,_,be
406,3,on,1,0,_,on
406,3,the,0,0,_,the
406,3,story,0,0,_,story
406,3,.,0,0,_,.
406,4,They,0,0,_,they
407,0,",",0,0,_,","
407,0,I,0,0,_,I
407,0,mean,0,0,_,mean
407,0,its,0,0,_,its
407,0,hard,1,0,Difficulty,hard
407,0,to,0,0,_,to
407,0,see,1,0,Grasp,see
407,0,what,0,0,_,what
407,0,the,0,0,_,the
407,0,state,0,0,Political_locales,state
407,0,of,0,0,_,of
407,0,Alabama,0,0,_,Alabama
407,0,is,0,0,_,be
407,0,going,0,0,_,go
407,0,to,0,0,_,to
407,0,do,1,0,Intentionally_act,do
407,0,.,0,0,_,.
407,1,You,0,0,_,you
407,1,know,0,0,Awareness,know
407,1,you,0,0,_,you
407,1,hate,0,0,Experiencer_focus,hate
407,1,to,0,0,_,to
407,1,...,0,0,_,...
407,1,(,0,0,_,(
407,1,CROSSTALK,0,0,_,CROSSTALK
407,1,),0,0,_,)
407,1,CARLSON,0,0,_,CARLSON
407,1,:,0,0,_,:
407,1,...,0,0,_,...
407,1,laugh,0,0,Make_noise,laugh
407,1,at,1,0,_,at
407,1,something,0,0,_,something
408,0,pick,0,0,Choosing,pick
408,0,your,0,0,_,your
408,0,opponent,0,0,Taking_sides,opponent
408,0,and,0,0,_,and
408,0,you,0,0,_,you
408,0,ca,0,0,_,can
408,0,n't,0,0,_,not
408,0,choose,0,0,Choosing,choose
408,0,what,0,0,_,what
408,0,the,0,0,_,the
408,0,other,0,0,Increment,other
408,0,side,1,1,Taking_sides,side
408,0,is,0,0,_,be
408,0,going,0,0,_,go
408,0,to,0,0,_,to
408,0,do,0,0,Intentionally_act,do
408,0,.,0,0,_,.
408,1,But,0,0,_,but
408,1,I,0,0,_,I
408,1,think,0,0,Opinion,think
408,1,the,0,0,_,the
408,1,people,0,0,People,people
408,1,in,0,0,_,in
408,1,Nebraska,0,0,_,Nebraska
408,1,are,0,0,_,be
408,1,looking,1,0,Seeking_to_achieve,look
408,1,for,0,0,_,for
408,1,somebody,0,0,_,somebody
408,1,who,0,0,_,who
408,1,will,0,0,_,will
408,1,support,1,0,Taking_sides,support
408,1,the,0,0,_,the
409,0,Bush,0,0,_,Bush
409,0,is,0,0,_,be
409,0,going,0,0,_,go
409,0,to,0,0,_,to
409,0,do,0,0,Intentionally_act,do
409,0,by,0,0,_,by
409,0,listening,0,0,Perception_active,listen
409,0,to,1,0,_,to
409,0,what,0,0,_,what
409,0,he,0,0,_,he
409,0,says,0,0,Statement,say
409,0,he,0,0,_,he
409,0,is,0,0,_,be
409,0,going,0,0,_,go
409,0,to,0,0,_,to
409,0,do,0,0,Intentionally_act,do
409,0,.,0,0,_,.
409,1,And,0,0,_,and
409,1,a,0,0,Quantified_mass,a
409,1,lot,1,0,Quantified_mass,lot
409,1,of,0,0,_,of
409,1,people,0,0,People,people
409,1,in,0,0,Interior_profile_relation,in
409,1,this,1,0,_,this
409,1,town,0,0,Political_locales,town
409,1,cant,0,0,_,can
409,1,believe,0,0,Awareness,believe
409,1,he,0,0,_,he
409,1,is,0,0,_,be
409,1,actually,0,0,_,actually
409,1,going,0,0,_,go
409,1,to,0,0,_,to
410,0,limits,1,0,_,limit
410,0,",",0,0,_,","
410,0,saying,0,0,Statement,say
410,0,too,0,0,Sufficiency,too
410,0,much,0,0,Proportional_quantity,much
410,0,of,0,0,_,of
410,0,the,0,0,_,the
410,0,incentive,0,0,_,incentive
410,0,program,0,0,Project,program
410,0,is,0,0,_,be
410,0,flowing,1,1,Fluidic_motion,flow
410,0,out-of-state,0,0,Locative_relation,out
410,0,and,0,0,_,and
410,0,going,1,0,_,go
410,0,to,1,0,_,to
410,0,actors,0,0,Performers_and_roles,actor
410,0,.,0,0,_,.
410,1,#,0,0,_,#
410,1,The,0,0,_,the
410,1,Massachusetts,0,0,_,Massachusetts
410,1,Production,0,0,Manufacturing,production
410,1,Coalition,0,0,_,coalition
410,1,complains,1,1,Statement,complain
410,1,the,0,0,_,the
410,1,proposal,0,0,_,proposal
410,1,would,0,0,_,would
410,1,``,0,0,_,`
410,1,cripple,1,1,_,cripple
410,1,``,0,0,_,`
410,1,the,0,0,_,the
410,1,local,0,0,Political_locales,local
411,0,see,1,0,Perception_experience,see
411,0,the,0,0,_,the
411,0,acting,0,0,Performers_and_roles,act
411,0,in,1,0,_,in
411,0,the,0,0,_,the
411,0,performance,0,0,Performers_and_roles,performance
411,0,.,0,0,_,.
411,1,It,0,0,_,it
411,1,'s,0,0,_,be
411,1,--,0,0,_,--
411,1,sometimes,0,0,Frequency,sometimes
411,1,the,0,0,_,the
411,1,words,0,0,Simple_name,word
411,1,go,1,0,Motion,go
411,1,to,1,0,_,to
411,1,actors,0,0,Performers_and_roles,actor
411,1,where,0,0,Locative_relation,where
411,1,you,0,0,_,you
411,1,can,0,0,Possibility,can
411,1,see,1,0,Perception_experience,see
411,1,the,0,0,_,the
411,1,acting,0,0,Performers_and_roles,act
411,1,.,0,0,_,.
411,2,And,0,0,_,and
411,2,Cate,0,0,_,Cate
411,2,Blanchett,0,0,_,Blanchett
411,2,has,0,0,_,have
411,2,had,1,0,_,have
411,2,it,0,0,_,it
411,2,locked,1,1,Storing,lock
411,2,up,1,0,_,up
412,0,also,0,0,_,also
412,0,auditioned,0,0,Education_teaching,audition
412,0,to,0,0,_,to
412,0,play,0,0,Performers_and_roles,play
412,0,the,0,0,_,the
412,0,role,0,0,Performers_and_roles,role
412,0,of,0,0,_,of
412,0,Brad,0,0,_,Brad
412,0,",",0,0,_,","
412,0,a,0,0,_,a
412,0,part,0,0,Performers_and_roles,part
412,0,that,0,0,_,that
412,0,eventually,0,0,Time_vector,eventually
412,0,went,1,0,_,go
412,0,to,1,0,_,to
412,0,actor,0,0,People_by_vocation,actor
412,0,Barry,0,0,_,Barry
412,0,Boswick,0,0,_,Boswick
412,0,.,0,0,_,.
412,1,The,0,0,_,the
412,1,actor,0,0,People_by_vocation,actor
412,1,the,0,0,_,the
412,1,crew,0,0,Aggregate,crew
412,1,really,0,0,_,really
412,1,wanted,0,0,Desiring,want
412,1,to,0,0,_,to
412,1,appear,0,0,Performers_and_roles,appear
412,1,in,1,0,_,in
412,1,the,0,0,_,the
412,1,film,0,0,_,film
412,1,was,0,0,_,be
413,0,",",0,0,_,","
413,0,scheduling,0,0,_,scheduling
413,0,conflicts,0,0,Hostile_encounter,conflict
413,0,prevented,0,0,Preventing_or_letting,prevent
413,0,him,0,0,_,he
413,0,from,1,0,_,from
413,0,accepting,0,0,Receiving,accept
413,0,and,0,0,_,and
413,0,the,0,0,_,the
413,0,role,0,0,Performers_and_roles,role
413,0,of,0,0,_,of
413,0,the,0,0,_,the
413,0,narrator,0,0,_,narrator
413,0,went,1,0,_,go
413,0,to,1,0,_,to
413,0,actor,0,0,People_by_vocation,actor
413,0,Charles,0,0,_,Charles
413,0,Gray,0,0,_,gray
413,0,.,0,0,_,.
413,1,2,0,0,_,2
413,1,.,0,0,_,.
413,2,Meatloaf,0,0,_,Meatloaf
413,2,walked,0,0,Self_motion,walk
413,2,out,0,0,_,out
413,2,of,0,0,_,of
413,2,the,0,0,_,the
413,2,American,0,0,Origin,american
413,2,stage,0,0,_,stage
413,2,production,0,0,Manufacturing,production
413,2,when,0,0,_,when
414,0,had,0,0,Possession,have
414,0,a,0,0,_,a
414,0,manual,0,0,Text,manual
414,0,that,0,0,_,that
414,0,told,1,0,Telling,tell
414,0,us,0,0,_,we
414,0,what,0,0,_,what
414,0,directors,0,0,_,director
414,0,should,0,0,Desirable_event,should
414,0,do,0,0,Intentionally_act,do
414,0,",",0,0,_,","
414,0,we,0,0,_,we
414,0,could,0,0,Capability,could
414,0,go,0,0,Motion,go
414,0,to,0,0,_,to
414,0,Actors,0,0,People_by_vocation,actor
414,0,',0,0,_,'
414,0,Equity,0,0,_,equity
414,0,and,0,0,_,and
414,0,hire,0,0,Hiring,hire
414,0,six,0,0,Cardinal_numbers,six
414,0,or,0,0,_,or
414,0,eight,0,0,Cardinal_numbers,eight
414,0,very,0,0,_,very
414,0,attractive,0,0,Stimulus_focus,attractive
414,0,people,0,0,People,people
414,0,",",0,0,_,","
414,0,take,0,0,Bringing,take
414,0,them,0,0,_,they
414,0,to,0,0,Goal,to
414,0,Brooks,0,0,_,Brooks
415,0,as,0,0,_,as
415,0,a,0,0,_,a
415,0,minor,0,0,_,minor
415,0,character,0,0,_,character
415,0,",",0,0,_,","
415,0,auditioned,0,0,Education_teaching,audition
415,0,to,0,0,_,to
415,0,play,0,0,Performers_and_roles,play
415,0,himself,0,0,_,himself
415,0,",",0,0,_,","
415,0,but,0,0,_,but
415,0,the,0,0,_,the
415,0,role,0,0,Performers_and_roles,role
415,0,went,1,0,_,go
415,0,to,1,0,_,to
415,0,actor,0,0,People_by_vocation,actor
415,0,William,0,0,_,William
415,0,Fichtner,0,0,_,Fichtner
415,0,.,0,0,_,.
415,1,Photograph,0,0,_,photograph
415,1,``,0,0,_,`
415,1,We,0,0,_,we
415,1,should,0,0,Desirable_event,should
415,1,try,0,0,Attempt,try
415,1,to,0,0,_,to
415,1,touch,1,1,_,touch
415,1,the,0,0,_,the
415,1,universe,0,0,_,universe
415,1,",",0,0,_,","
415,1,``,0,0,_,`
415,1,says,0,0,Statement,say
416,0,mind,0,0,_,mind
416,0,frame,1,1,_,frame
416,0,that,0,0,_,that
416,0,they,0,0,_,they
416,0,could,0,0,Capability,could
416,0,",",0,0,_,","
416,0,and,0,0,_,and
416,0,would,0,0,_,would
416,0,",",0,0,_,","
416,0,and,0,0,_,and
416,0,actually,0,0,_,actually
416,0,did,0,0,_,do
416,0,",",0,0,_,","
416,0,go,1,0,Motion,go
416,0,for,0,0,_,for
416,0,actors,0,0,People_by_vocation,actor
416,0,and,0,0,_,and
416,0,actresses,0,0,_,actress
416,0,with,1,0,_,with
416,0,such,0,0,_,such
416,0,diverse,0,0,Diversity,diverse
416,0,",",0,0,_,","
416,0,pedigreed,0,0,_,pedigreed
416,0,",",0,0,_,","
416,0,and,0,0,_,and
416,0,respected,0,0,Judgment,respect
416,0,bodies,1,1,Aggregate,body
416,0,of,0,0,_,of
416,0,work,0,0,Work,work
416,0,.,0,0,_,.
416,1,Plummer,0,0,_,Plummer
417,0,rug,0,0,_,rug
417,0,with,0,0,_,with
417,0,nose,0,0,Body_parts,nose
417,0,.,0,0,_,.
417,1,Walk,0,0,Self_motion,walk
417,1,on,0,0,Spatial_contact,on
417,1,hind,0,0,_,hind
417,1,legs,0,0,Body_parts,leg
417,1,.,0,0,_,.
417,2,Look,0,0,Perception_active,look
417,2,at,0,0,_,at
417,2,actor,0,0,People_by_vocation,actor
417,2,.,0,0,_,.
417,3,Go,0,0,Motion,go
417,3,with,0,0,_,with
417,3,actor,0,0,People_by_vocation,actor
417,3,.,0,0,_,.
417,4,STAMBERG,0,0,_,STAMBERG
417,4,:,0,0,_,:
417,4,That,1,0,_,that
417,4,story,0,0,_,story
417,4,was,0,0,_,be
417,4,produced,1,1,Manufacturing,produce
417,4,by,0,0,_,by
417,4,Daniel,0,0,_,Daniel
417,4,Hinerfeld,0,0,_,hinerfeld
417,4,.,0,0,_,.
417,5,To,0,0,_,to
417,5,see,0,0,Perception_experience,see
417,5,the,0,0,_,the
417,5,lovely,0,0,Stimulus_focus,lovely
418,0,the,0,0,_,the
418,0,upper,0,0,_,upper
418,0,atmosphere,0,0,_,atmosphere
418,0,are,0,0,_,be
418,0,represented,0,0,_,represent
418,0,by,0,0,_,by
418,0,rock,0,0,_,rock
418,0,singer,0,0,People_by_vocation,singer
418,0,Joan,0,0,_,Joan
418,0,Jett,0,0,_,Jett
418,0,",",0,0,_,","
418,0,and,0,0,_,and
418,0,wind,0,0,_,wind
418,0,speeds,0,0,_,speed
418,0,by,0,0,_,by
418,0,actor,0,0,People_by_vocation,actor
418,0,Don,0,0,_,Don
418,0,Knotts,0,0,_,Knotts
418,0,.,0,0,_,.
418,1,Smaller,0,0,Size,small
418,1,scales,0,0,_,scale
418,1,of,0,0,_,of
418,1,atmospheric,0,0,_,atmospheric
418,1,circulation,0,0,_,circulation
418,1,are,0,0,_,be
418,1,addressed,0,0,Topic,address
418,1,in,1,0,_,in
418,1,the,0,0,_,the
418,1,surname,0,0,_,surname
418,1,of,0,0,_,of
418,1,Mary,0,0,_,Mary
419,0,Obama,0,0,_,Obama
419,0,:,0,0,_,:
419,0,',0,0,_,'
419,0,When,0,0,Temporal_collocation,when
419,0,Congress,0,0,_,Congress
419,0,Refuses,0,0,Commitment,refuse
419,0,to,0,0,_,to
419,0,Act,0,0,Intentionally_act,Act
419,0,",",0,0,_,","
419,0,Joe,0,0,_,Joe
419,0,and,0,0,_,and
419,0,I,0,0,_,I
419,0,Are,0,0,_,be
419,0,Going,0,0,_,go
419,0,to,0,0,_,to
419,0,Act,0,0,Intentionally_act,Act
419,0,',0,0,_,'
419,0,#,0,0,_,#
419,0,President,0,0,Leadership,President
419,0,Barack,0,0,_,Barack
419,0,Obama,0,0,_,Obama
419,0,",",0,0,_,","
419,0,accompanied,0,0,Cotheme,accompany
419,0,by,0,0,_,by
419,0,Vice,0,0,_,vice
419,0,President,0,0,Leadership,President
419,0,Joe,0,0,_,Joe
419,0,Biden,0,0,_,Biden
419,0,",",0,0,_,","
419,0,speaks,0,0,Statement,speak
419,0,in,0,0,_,in
420,0,.,0,0,_,.
420,1,Nature,0,0,_,nature
420,1,abhors,1,1,Experiencer_focus,abhor
420,1,a,0,0,_,a
420,1,vacuum,1,1,_,vacuum
420,1,.,0,0,_,.
420,2,#,0,0,_,#
420,2,If,0,0,_,if
420,2,You,0,0,_,you
420,2,Think,0,0,Awareness,think
420,2,Elizabeth,0,0,_,Elizabeth
420,2,Warren,0,0,_,Warren
420,2,Is,0,0,_,be
420,2,Going,0,0,_,go
420,2,To,0,0,_,to
420,2,Act,0,0,Intentionally_act,Act
420,2,Like,0,0,_,like
420,2,A,0,0,_,a
420,2,Junior,0,0,_,junior
420,2,Senator,0,0,Leadership,Senator
420,2,",",0,0,_,","
420,2,Think,0,0,Cogitation,think
420,2,Again,0,0,_,again
420,2,Neil,0,0,_,Neil
420,2,Barofsky,0,0,_,Barofsky
420,2,",",0,0,_,","
420,2,Clusterstock,0,0,_,Clusterstock
420,2,.,0,0,_,.
420,3,I,0,0,_,I
420,3,'m,0,0,_,'
420,3,sure,0,0,Certainty,sure
421,0,?,0,0,_,?
421,1,-,0,0,_,-
421,1,Yeah,0,0,_,yeah
421,1,.,0,0,_,.
421,2,I,0,0,_,I
421,2,'m,0,0,_,'
421,2,not,0,0,_,not
421,2,sorry,0,0,Experiencer_focus,sorry
421,2,I,0,0,_,I
421,2,woke,0,0,Cause_to_wake,wake
421,2,you,0,0,_,you
421,2,.,0,0,_,.
421,3,I,0,0,_,I
421,3,went,0,0,Motion,go
421,3,to,0,0,Goal,to
421,3,Act,0,0,_,Act
421,3,Bar,0,0,Buildings,bar
421,3,tonight,0,0,Calendric_unit,tonight
421,3,.,0,0,_,.
421,4,-,0,0,_,-
421,4,You,0,0,_,you
421,4,did,0,0,Intentionally_act,do
421,4,?,0,0,_,?
421,5,-,0,0,_,-
421,5,Yeah,0,0,_,yeah
421,5,.,0,0,_,.
421,6,They,0,0,_,they
421,6,had,1,0,Possession,have
421,6,some,0,0,Proportional_quantity,some
421,6,wonderfully,0,0,_,wonderfully
421,6,loud,0,0,_,loud
422,0,.,0,0,_,.
422,1,Are,0,0,_,be
422,1,We,0,0,_,we
422,1,Clear,1,1,_,clear
422,1,?,0,0,_,?
422,2,Yes,0,0,_,yes
422,2,",",0,0,_,","
422,2,Sir,0,0,_,Sir
422,2,.,0,0,_,.
422,3,Good,0,0,Desirability,good
422,3,.,0,0,_,.
422,4,We,0,0,_,we
422,4,Are,0,0,_,be
422,4,Going,0,0,_,go
422,4,To,0,0,_,to
422,4,Act,0,0,Intentionally_act,Act
422,4,As,0,0,_,as
422,4,If,0,0,_,if
422,4,Everything,0,0,_,everything
422,4,Is,0,0,_,be
422,4,Absolutely,0,0,_,absolutely
422,4,Perfect,0,0,Desirability,perfect
422,4,",",0,0,_,","
422,4,While,0,0,_,while
422,4,Praying,0,0,Rite,pray
422,4,That,0,0,_,that
422,4,It,0,0,_,it
422,4,Actually,0,0,_,actually
422,4,Will,0,0,_,will
422,4,Be,0,0,_,be
422,4,.,0,0,_,.
423,0,did,0,0,_,do
423,0,you,0,0,_,you
423,0,first,0,0,First_experience,first
423,0,learn,0,0,Coming_to_believe,learn
423,0,about,1,0,_,about
423,0,AIDS,0,0,_,AIDS
423,0,?,0,0,_,?
423,1,SYLVANO,0,0,_,SYLVANO
423,1,:,0,0,_,:
423,1,When,0,0,Temporal_collocation,when
423,1,my,0,0,_,my
423,1,mom,0,0,Kinship,mom
423,1,started,0,0,Activity_start,start
423,1,going,0,0,Motion,go
423,1,to,0,0,_,to
423,1,Act,0,0,_,Act
423,1,Up,0,0,_,up
423,1,meetings,0,0,Discussion,meeting
423,1,and,0,0,_,and
423,1,Test,0,0,Operational_testing,test
423,1,Positive,0,0,_,positive
423,1,Aware,0,0,Awareness,aware
423,1,Network,0,0,Network,network
423,1,",",0,0,_,","
423,1,I,0,0,_,I
423,1,would,0,0,_,would
423,1,go,0,0,Motion,go
423,1,with,0,0,Accompaniment,with
423,1,her,0,0,_,she
423,1,and,0,0,_,and
423,1,I,0,0,_,I
424,0,high,0,0,Locale_by_use,high
424,0,school,0,0,Locale_by_use,school
424,0,in,1,0,Temporal_collocation,in
424,0,this,1,0,_,this
424,0,era,0,0,Calendric_unit,era
424,0,",",0,0,_,","
424,0,and,0,0,_,and
424,0,the,0,0,_,the
424,0,kids,0,0,People_by_age,kid
424,0,who,0,0,_,who
424,0,were,0,0,_,be
424,0,this,1,0,_,this
424,0,far,1,0,_,far
424,0,gone,1,0,_,gone
424,0,into,1,0,_,into
424,0,acts,0,0,Intentionally_act,act
424,0,of,0,0,_,of
424,0,rebellion,0,0,Change_of_leadership,rebellion
424,0,were,0,0,_,be
424,0,very,0,0,Degree,very
424,0,notably,0,0,_,notably
424,0,on,1,0,Spatial_contact,on
424,0,the,0,0,_,the
424,0,fringe,1,1,Part_inner_outer,fringe
424,0,.,0,0,_,.
424,1,Most,0,0,_,Most
424,1,of,0,0,Partitive,of
424,1,us,0,0,_,we
424,1,",",0,0,_,","
424,1,as,0,0,_,as
424,1,I,0,0,_,I
425,0,Okay,0,0,_,okay
425,0,",",0,0,_,","
425,0,you,0,0,_,you
425,0,guys,0,0,_,guy
425,0,",",0,0,_,","
425,0,um,0,0,_,um
425,0,--,0,0,_,--
425,0,Well,0,0,_,well
425,0,",",0,0,_,","
425,0,we,0,0,_,we
425,0,'re,0,0,_,be
425,0,gon,0,0,_,gon
425,0,na,0,0,_,na
425,0,go,1,0,Motion,go
425,0,into,1,0,_,into
425,0,Act,0,0,_,Act
425,0,III,0,0,_,iii
425,0,tomorrow,0,0,Calendric_unit,tomorrow
425,0,",",0,0,_,","
425,0,where,1,0,Locative_relation,where
425,0,we,0,0,_,we
425,0,are,0,0,_,be
425,0,introduced,1,1,_,introduce
425,0,to,1,0,_,to
425,0,...,0,0,_,...
425,0,the,0,0,_,the
425,0,family,0,0,Kinship,family
425,0,history,0,0,Individual_history,history
425,0,.,0,0,_,.
425,1,And,0,0,_,and
425,1,you,0,0,_,you
426,0,do,0,0,Intentionally_act,do
426,0,some,0,0,Proportional_quantity,some
426,0,interstitial,0,0,_,interstitial
426,0,stuff,1,0,_,stuff
426,0,",",0,0,_,","
426,0,you,0,0,_,you
426,0,know,0,0,Awareness,know
426,0,?,0,0,_,?
426,1,Wan,0,0,_,Wan
426,1,na,0,0,_,na
426,1,keep,1,0,Activity_ongoing,keep
426,1,the,0,0,_,the
426,1,vibe,1,1,Sensation,vibe
426,1,going,1,0,Process_continue,go
426,1,between,1,0,_,between
426,1,acts,0,0,_,act
426,1,.,0,0,_,.
426,2,Like,0,0,_,like
426,2,if,0,0,_,if
426,2,there,0,0,Existence,there
426,2,'s,0,0,Existence,be
426,2,a,0,0,_,a
426,2,sad,1,0,Stimulus_focus,sad
426,2,moment,0,0,_,moment
426,2,",",0,0,_,","
426,2,I,0,0,_,I
426,2,could,0,0,Capability,could
426,2,play,0,0,Performers_and_roles,play
426,2,...,0,0,_,...
426,2,(,0,0,_,(
426,2,Humsmelancholytune,0,0,_,humsmelancholytune
427,0,move,0,0,_,move
427,0,to,0,0,_,to
427,0,leave,1,0,Departing,leave
427,0,the,0,0,_,the
427,0,stage,0,0,_,stage
427,0,for,0,0,_,for
427,0,CAZ,0,0,_,CAZ
427,0,and,0,0,_,and
427,0,BILLIBUDD,0,0,_,BILLIBUDD
427,0,to,0,0,_,to
427,0,keep,1,0,Activity_ongoing,keep
427,0,the,0,0,_,the
427,0,disco,0,0,_,disco
427,0,going,1,0,Process_continue,go
427,0,between,1,0,_,between
427,0,acts,0,0,Aggregate,act
427,0,.,0,0,_,.
427,1,The,0,0,_,the
427,1,stage,0,0,_,stage
427,1,is,0,0,_,be
427,1,stacked,1,1,Abounding_with,stacked
427,1,with,0,0,_,with
427,1,large,0,0,Size,large
427,1,",",0,0,_,","
427,1,heavy,0,0,_,heavy
427,1,speakers,0,0,_,speaker
427,1,.,0,0,_,.
427,2,Drum,0,0,_,drum
427,2,kits,0,0,_,kit
427,2,and,0,0,_,and
427,2,electrical,0,0,Electricity,electrical
428,0,",",0,0,_,","
428,0,and,0,0,_,and
428,0,ought,0,0,Required_event,ought
428,0,to,0,0,_,to
428,0,be,0,0,_,be
428,0,",",0,0,_,","
428,0,something,0,0,_,something
428,0,immoderate,0,0,_,immoderate
428,0,and,0,0,_,and
428,0,crazy,1,1,_,crazy
428,0,about,1,0,_,about
428,0,painting,0,0,_,paint
428,0,that,0,0,_,that
428,0,goes,1,0,_,go
428,0,beyond,1,0,_,beyond
428,0,acts,0,0,Intentionally_act,act
428,0,of,0,0,_,of
428,0,taste,0,0,Sensation,taste
428,0,and,0,0,_,and
428,0,comparison,0,0,Evaluative_comparison,comparison
428,0,.,0,0,_,.
428,1,Hodgkin,0,0,_,Hodgkin
428,1,'s,0,0,_,be
428,1,failures,0,0,Success_or_failure,failure
428,1,may,0,0,Likelihood,may
428,1,be,0,0,_,be
428,1,the,0,0,_,the
428,1,outcome,0,0,Causation,outcome
428,1,of,0,0,_,of
428,1,too,0,0,_,too
428,1,much,0,0,_,much
429,0,property,0,0,Possession,property
429,0,.,0,0,_,.
429,1,The,0,0,_,the
429,1,second,0,0,Ordinal_numbers,second
429,1,reason,0,0,Reason,reason
429,1,is,0,0,_,be
429,1,to,0,0,_,to
429,1,begin,0,0,Activity_start,begin
429,1,to,0,0,_,to
429,1,build,1,0,Building,build
429,1,the,0,0,_,the
429,1,case,0,0,Reasoning,case
429,1,for,0,0,_,for
429,1,going,1,0,Motion,go
429,1,beyond,1,0,_,beyond
429,1,Acts,0,0,_,act
429,1,theories,0,0,_,theory
429,1,to,1,0,_,to
429,1,the,0,0,_,the
429,1,Practice,0,0,_,practice
429,1,theory,0,0,_,theory
429,1,",",0,0,_,","
429,1,which,0,0,_,which
429,1,asserts,1,1,Statement,assert
429,1,that,0,0,_,that
429,1,there,0,0,Existence,there
429,1,must,0,0,Required_event,must
429,1,be,0,0,Existence,be
429,1,within,1,0,_,within
429,1,classical,0,0,_,classical
429,1,liberalism,0,0,_,liberalism
430,0,jail,0,0,Prison,jail
430,0,cell,0,0,Building_subparts,cell
430,0,.,0,0,_,.
430,1,At,1,0,_,at
430,1,the,0,0,_,the
430,1,point,1,0,_,point
430,1,in,1,0,_,in
430,1,the,0,0,_,the
430,1,recounting,0,0,Statement,recount
430,1,where,1,0,Locative_relation,where
430,1,the,0,0,_,the
430,1,play,0,0,Fields,play
430,1,had,0,0,_,have
430,1,gone,1,0,Motion,gone
430,1,from,1,0,_,from
430,1,act,0,0,Part_ordered_segments,act
430,1,I,0,0,_,I
430,1,to,1,0,_,to
430,1,act,0,0,Part_ordered_segments,act
430,1,II,0,0,_,ii
430,1,",",0,0,_,","
430,1,he,0,0,_,he
430,1,shouts,0,0,Make_noise,shout
430,1,``,0,0,_,`
430,1,Intermission,0,0,_,intermission
430,1,!,0,0,_,!
430,2,``,0,0,_,`
430,2,",",0,0,_,","
430,2,the,0,0,_,the
430,2,stage,0,0,_,stage
430,2,lights,0,0,_,light
431,0,this,1,0,_,this
431,0,is,0,0,_,be
431,0,why,0,0,Reason,why
431,0,I,0,0,_,I
431,0,was,0,0,_,be
431,0,so,0,0,Degree,so
431,0,disappointed,0,0,Emotion_directed,disappoint
431,0,in,1,0,_,in
431,0,the,0,0,_,the
431,0,direction,1,1,_,direction
431,0,that,0,0,_,that
431,0,the,0,0,_,the
431,0,story,1,0,_,story
431,0,goes,1,0,Transition_to_a_quality,go
431,0,in,1,0,_,in
431,0,Act,0,0,_,Act
431,0,2,0,0,_,2
431,0,.,0,0,_,.
431,1,I,0,0,_,I
431,1,do,0,0,_,do
431,1,n't,0,0,_,not
431,1,want,0,0,Desiring,want
431,1,to,0,0,_,to
431,1,full,1,1,_,full
431,1,on,1,0,_,on
431,1,spoil,0,0,_,spoil
431,1,the,0,0,_,the
431,1,story,0,0,_,story
431,1,for,0,0,_,for
431,1,those,1,0,_,those
431,1,who,0,0,_,who
432,0,your,0,0,_,your
432,0,statement,0,0,Statement,statement
432,0,that,0,0,_,that
432,0,a,0,0,_,a
432,0,forgiven,0,0,_,forgive
432,0,Catholic,0,0,People_by_religion,catholic
432,0,is,0,0,_,be
432,0,better,0,0,Desirability,well
432,0,than,0,0,_,than
432,0,a,0,0,_,a
432,0,forgiven,0,0,_,forgive
432,0,Mormon,0,0,People_by_religion,mormon
432,0,directly,1,1,_,directly
432,0,goes,1,0,_,go
432,0,against,1,0,Taking_sides,against
432,0,Acts,0,0,_,act
432,0,10:34-35,0,0,_,10:34
432,0,which,0,0,_,which
432,0,states,1,0,Statement,state
432,0,that,0,0,_,that
432,0,``,0,0,_,`
432,0,God,0,0,_,God
432,0,is,0,0,_,be
432,0,no,0,0,_,no
432,0,respecter,0,0,_,respecter
432,0,of,0,0,_,of
432,0,persons.,0,0,People,person
432,0,``,0,0,_,`
432,1,So,0,0,_,so
432,1,a,0,0,_,a
433,0,the,0,0,_,the
433,0,Master,0,0,_,Master
433,0,stuff,1,1,_,stuff
433,0,.,0,0,_,.
433,1,Let,0,0,_,let
433,1,'s,0,0,_,be
433,1,do,0,0,Intentionally_act,do
433,1,an,0,0,_,an
433,1,evangelism,0,0,_,evangelism
433,1,class,0,0,_,class
433,1,.,0,0,_,.
433,2,Let,0,0,_,let
433,2,'s,0,0,_,be
433,2,go,0,0,Motion,go
433,2,through,1,0,_,through
433,2,Acts,0,0,Intentionally_act,act
433,2,together,0,0,Collaboration,together
433,2,.,0,0,_,.
433,3,Let,0,0,_,let
433,3,'s,0,0,_,be
433,3,look,1,0,Perception_active,look
433,3,at,1,0,_,at
433,3,evangelism,0,0,_,evangelism
433,3,in,1,0,Interior_profile_relation,in
433,3,the,0,0,_,the
433,3,Book,0,0,Part_ordered_segments,book
433,3,of,0,0,_,of
433,3,Acts,0,0,_,act
433,3,.,0,0,_,.
433,4,Let,0,0,_,let
433,4,'s,0,0,_,be
434,0,appropriate,0,0,Suitability,appropriate
434,0,.,0,0,_,.
434,1,So,0,0,_,so
434,1,",",0,0,_,","
434,1,what,0,0,_,what
434,1,I,0,0,_,I
434,1,know,0,0,Awareness,know
434,1,at,1,0,_,at
434,1,this,1,0,_,this
434,1,time,0,0,_,time
434,1,is,0,0,_,be
434,1,the,0,0,_,the
434,1,information,0,0,Information,information
434,1,we,0,0,_,we
434,1,'re,0,0,_,be
434,1,going,1,0,_,go
434,1,to,1,0,_,to
434,1,time,0,0,_,time
434,1,.,0,0,_,.
434,2,As,0,0,_,as
434,2,we,0,0,_,we
434,2,receive,0,0,Receiving,receive
434,2,additional,0,0,Increment,additional
434,2,information,0,0,Information,information
434,2,",",0,0,_,","
434,2,we,0,0,_,we
434,2,will,0,0,_,will
434,2,release,0,0,Releasing,release
434,2,it,0,0,_,it
434,2,when,0,0,Temporal_collocation,when
434,2,it,0,0,_,it
435,0,cool,0,0,Stimulus_focus,cool
435,0,",",0,0,_,","
435,0,now,0,0,Temporal_collocation,now
435,0,",",0,0,_,","
435,0,come,0,0,Arriving,come
435,0,over,0,0,Locative_relation,over
435,0,here,0,0,Locative_relation,here
435,0,and,0,0,_,and
435,0,put,0,0,Placing,put
435,0,your,0,0,_,your
435,0,head,0,0,Body_parts,head
435,0,underwater,0,0,Locative_relation,underwater
435,0,.,0,0,_,.
435,1,I,0,0,_,I
435,1,'m,0,0,_,'
435,1,gon,0,0,_,gon
435,1,na,0,0,_,na
435,1,time,0,0,_,time
435,1,you,0,0,_,you
435,1,.,0,0,_,.
435,2,What,0,0,_,what
435,2,?,0,0,_,?
435,3,No,0,0,_,no
435,3,",",0,0,_,","
435,3,no,0,0,_,no
435,3,",",0,0,_,","
435,3,no,0,0,_,no
435,3,.,0,0,_,.
435,4,He,0,0,_,he
435,4,ca,0,0,_,can
435,4,n't,0,0,_,not
436,0,place,0,0,Event,place
436,0,in,1,0,Temporal_collocation,in
436,0,2029,0,0,_,2029
436,0,and,0,0,_,and
436,0,the,0,0,_,the
436,0,other,0,0,Increment,other
436,0,X-Men,0,0,_,X
436,0,movies,0,0,_,movie
436,0,are,0,0,_,be
436,0,in,1,0,_,in
436,0,the,0,0,_,the
436,0,past,0,0,Individual_history,past
436,0,.,0,0,_,.
436,1,Is,0,0,_,be
436,1,Laura,0,0,_,Laura
436,1,going,0,0,_,go
436,1,to,0,0,_,to
436,1,time,0,0,_,time
436,1,travel,0,0,Travel,travel
436,1,back,1,0,_,back
436,1,to,1,0,_,to
436,1,the,0,0,_,the
436,1,First,0,0,_,first
436,1,Class,0,0,_,class
436,1,timeline,0,0,_,timeline
436,1,?,0,0,_,?
436,2,Are,0,0,_,be
436,2,new,0,0,Age,new
436,2,Wolverine,0,0,_,Wolverine
436,2,movies,0,0,Text,movie
436,2,still,0,0,Continued_state_of_affairs,still
437,0,hard,0,0,Difficulty,hard
437,0,.,0,0,_,.
437,1,And,0,0,_,and
437,1,hit,1,0,Impact,hit
437,1,often,0,0,Frequency,often
437,1,.,0,0,_,.
437,2,Oh,0,0,_,oh
437,2,",",0,0,_,","
437,2,what,0,0,_,what
437,2,'s,0,0,_,be
437,2,going,1,0,Event,go
437,2,on,1,0,Event,on
437,2,?,0,0,_,?
437,3,Everyone,0,0,_,everyone
437,3,is,0,0,_,be
437,3,going,0,0,Motion,go
437,3,to,0,0,Goal,to
437,3,Time,0,0,_,time
437,3,Warp,0,0,_,warp
437,3,square,0,0,Locale_by_use,square
437,3,.,0,0,_,.
437,4,World,0,0,Political_locales,world
437,4,champion,0,0,_,champion
437,4,Big,0,0,_,big
437,4,Show,0,0,_,show
437,4,and,0,0,_,and
437,4,his,0,0,_,his
437,4,destruction,0,0,Destroying,destruction
437,4,bots,0,0,_,bot
437,4,are,0,0,_,be
437,4,about,1,0,_,about
438,0,the,0,0,_,the
438,0,Star,0,0,_,star
438,0,Folded,0,0,_,fold
438,0,.,0,0,_,.
438,1,DOWD,0,0,_,DOWD
438,1,#,0,0,_,#
438,1,The,0,0,_,the
438,1,Star,0,0,_,star
438,1,Folded,0,0,_,fold
438,1,.,0,0,_,.
438,2,AXELROD,0,0,_,AXELROD
438,2,#,0,0,_,#
438,2,Yeah,0,0,_,yeah
438,2,.,0,0,_,.
438,3,DWD,0,0,_,DWD
438,3,#,0,0,_,#
438,3,Then,0,0,_,then
438,3,I,0,0,_,I
438,3,went,0,0,Motion,go
438,3,to,0,0,_,to
438,3,Time,0,0,_,time
438,3,Magazine,0,0,Text,magazine
438,3,and,0,0,_,and
438,3,was,0,0,_,be
438,3,in,1,0,Interior_profile_relation,in
438,3,the,0,0,_,the
438,3,nation,0,0,Political_locales,nation
438,3,section,1,1,Part_whole,section
438,3,for,0,0,_,for
438,3,a,0,0,_,a
438,3,couple,1,0,Cardinal_numbers,couple
438,3,years,0,0,Measure_duration,year
438,3,in,0,0,Interior_profile_relation,in
438,3,New,0,0,_,new
439,0,``,0,0,_,`
439,0,the,0,0,_,the
439,0,bereaving,0,0,_,bereave
439,0,girlfriend,0,0,Personal_relationship,girlfriend
439,0,wrote.,0,0,Statement,write
439,0,``,0,0,_,`
439,1,This,1,0,_,this
439,1,morning,0,0,Calendric_unit,morning
439,1,I,0,0,_,I
439,1,remembered,0,0,Memory,remember
439,1,the,0,0,_,the
439,1,first,0,0,Ordinal_numbers,first
439,1,time,0,0,_,time
439,1,I,0,0,_,I
439,1,went,0,0,Motion,go
439,1,to,0,0,Goal,to
439,1,Times,0,0,_,time
439,1,Square,0,0,_,square
439,1,",",0,0,_,","
439,1,June,0,0,Calendric_unit,June
439,1,16,0,0,_,16
439,1,of,0,0,_,of
439,1,2015.,0,0,_,2015
439,1,``,0,0,_,`
439,2,#,0,0,_,#
439,2,``,0,0,_,`
439,2,Griffin,0,0,_,Griffin
439,2,and,0,0,_,and
439,2,I,0,0,_,I
440,0,m,0,0,_,m
440,0,embarrassed,0,0,Experiencer_focus,embarrassed
440,0,.,0,0,_,.
440,1,I,0,0,_,I
440,1,told,0,0,Telling,tell
440,1,them,0,0,_,they
440,1,to,0,0,_,to
440,1,fix,0,0,Resolve_problem,fix
440,1,it,0,0,_,it
440,1,ASAP,0,0,_,asap
440,1,Rocky,0,0,_,rocky
440,1,because,0,0,Causation,because
440,1,I,0,0,_,I
440,1,will,0,0,_,will
440,1,be,0,0,_,be
440,1,going,0,0,Motion,go
440,1,to,0,0,_,to
440,1,Times,0,0,_,time
440,1,Square,0,0,_,square
440,1,to,0,0,_,to
440,1,play,0,0,_,play
440,1,it,0,0,_,it
440,1,for,0,0,_,for
440,1,my,0,0,_,my
440,1,fans,0,0,_,fan
440,1,so,0,0,_,so
440,1,I,0,0,_,I
440,1,hope,0,0,Desiring,hope
440,1,they,0,0,_,they
440,1,fix,0,0,Resolve_problem,fix
440,1,it,0,0,_,it
441,0,Square,0,0,Locale_by_use,square
441,0,in,1,0,Temporal_collocation,in
441,0,June,0,0,Calendric_unit,June
441,0,2015,0,0,_,2015
441,0,.,0,0,_,.
441,1,#,0,0,_,#
441,1,``,0,0,_,`
441,1,This,1,0,_,this
441,1,morning,0,0,Calendric_unit,morning
441,1,I,0,0,_,I
441,1,remembered,0,0,Memory,remember
441,1,the,0,0,_,the
441,1,first,0,0,Ordinal_numbers,first
441,1,time,0,0,_,time
441,1,I,0,0,_,I
441,1,went,0,0,Motion,go
441,1,to,0,0,Goal,to
441,1,Times,0,0,_,time
441,1,Square,0,0,_,square
441,1,",",0,0,_,","
441,1,June,0,0,Calendric_unit,June
441,1,16,0,0,_,16
441,1,of,0,0,_,of
441,1,2015,0,0,_,2015
441,1,",",0,0,_,","
441,1,``,0,0,_,`
441,1,she,0,0,_,she
441,1,said,0,0,Statement,say
441,1,in,1,0,_,in
441,1,a,0,0,_,a
441,1,Facebook,0,0,_,Facebook
442,0,",",0,0,_,","
442,0,I,0,0,_,I
442,0,might,0,0,Likelihood,might
442,0,just,0,0,_,just
442,0,end,0,0,Transition_to_state,end
442,0,up,0,0,Transition_to_state,up
442,0,walking,0,0,Self_motion,walk
442,0,around,0,0,Locative_relation,around
442,0,here,0,0,Locative_relation,here
442,0,...,0,0,_,...
442,0,No,0,0,_,no
442,0,.,0,0,_,.
442,1,You,0,0,_,you
442,1,have,0,0,Required_event,have
442,1,to,0,0,Required_event,to
442,1,go,0,0,Motion,go
442,1,to,0,0,Goal,to
442,1,Times,0,0,_,time
442,1,Square,0,0,_,square
442,1,at,0,0,Proportional_quantity,at
442,1,least,0,0,Proportional_quantity,least
442,1,once,0,0,Event_instance,once
442,1,.,0,0,_,.
442,2,Um,0,0,_,um
442,2,",",0,0,_,","
442,2,I,0,0,_,I
442,2,'m,0,0,_,'
442,2,going,0,0,Motion,go
442,2,to,0,0,Goal,to
442,2,a,0,0,_,a
442,2,party,0,0,Social_event,party
443,0,-,0,0,_,-
443,0,Times,0,0,_,time
443,0,Square,0,0,_,square
443,0,was,0,0,_,be
443,0,still,0,0,Continued_state_of_affairs,still
443,0,kind,0,0,Degree,kind
443,0,of,0,0,_,of
443,0,raunchy,0,0,Social_interaction_evaluation,raunchy
443,0,back,1,0,Temporal_collocation,back
443,0,then,0,0,Temporal_collocation,then
443,0,.,0,0,_,.
443,1,You,0,0,_,you
443,1,did,0,0,_,do
443,1,n't,0,0,_,not
443,1,really,0,0,_,really
443,1,go,0,0,Motion,go
443,1,to,0,0,Goal,to
443,1,Times,0,0,_,time
443,1,Square,0,0,_,square
443,1,.,0,0,_,.
443,2,-,0,0,_,-
443,2,Prostitutes,0,0,_,prostitute
443,2,everywhere,0,0,Locative_relation,everywhere
443,2,",",0,0,_,","
443,2,wearing,0,0,Wearing,wear
443,2,outrageous,0,0,_,outrageous
443,2,outfits,0,0,Clothing,outfits
443,2,",",0,0,_,","
443,2,or,0,0,_,or
443,2,walking,0,0,Self_motion,walk
443,2,around,0,0,_,around
444,0,Broadway,0,0,_,Broadway
444,0,show,0,0,_,show
444,0,.,0,0,_,.
444,1,Jeannie,0,0,_,Jeannie
444,1,would,0,0,_,would
444,1,love,0,0,Desiring,love
444,1,that,1,0,_,that
444,1,...,0,0,_,...
444,1,but,0,0,Concessive,but
444,1,I,0,0,_,I
444,1,find,1,0,Coming_to_believe,find
444,1,it,0,0,_,it
444,1,hard,1,0,Difficulty,hard
444,1,to,0,0,_,to
444,1,voluntarily,0,0,_,voluntarily
444,1,go,0,0,Motion,go
444,1,to,0,0,Goal,to
444,1,Times,0,0,_,time
444,1,Square,0,0,_,square
444,1,.,0,0,_,.
444,2,It,0,0,_,it
444,2,'s,0,0,_,be
444,2,like,0,0,Similarity,like
444,2,a,0,0,_,a
444,2,refugee,0,0,_,refugee
444,2,camp,0,0,Locale_by_use,camp
444,2,for,0,0,_,for
444,2,tourists,0,0,Visiting,tourist
444,2,.,0,0,_,.
444,3,-,0,0,_,-
444,3,Right,0,0,Correctness,right
445,0,.,0,0,_,.
445,1,-,0,0,_,-
445,1,I,0,0,_,I
445,1,should,0,0,Desirable_event,should
445,1,go,0,0,Motion,go
445,1,.,0,0,_,.
445,2,-,0,0,_,-
445,2,No,0,0,_,no
445,2,",",0,0,_,","
445,2,no,0,0,_,no
445,2,",",0,0,_,","
445,2,wait,0,0,Waiting,wait
445,2,.,0,0,_,.
445,3,I,0,0,_,I
445,3,'m,0,0,_,'
445,3,gon,0,0,_,gon
445,3,na,0,0,_,na
445,3,time,0,0,_,time
445,3,you,0,0,_,you
445,3,.,0,0,_,.
445,4,You,0,0,_,you
445,4,have,1,0,Possession,have
445,4,ten,0,0,Cardinal_numbers,ten
445,4,minutes,0,0,Measure_duration,minute
445,4,to,0,0,_,to
445,4,talk,0,0,Chatting,talk
445,4,about,1,0,Topic,about
445,4,Duke,0,0,_,Duke
445,4,.,0,0,_,.
445,5,Timer,0,0,_,timer
445,5,'s,0,0,_,be
446,0,ask,0,0,Questioning,ask
446,0,you,0,0,_,you
446,0,something,0,0,_,something
446,0,",",0,0,_,","
446,0,I,0,0,_,I
446,0,hate,0,0,Experiencer_focus,hate
446,0,to,0,0,_,to
446,0,cut,1,0,Separating,cut
446,0,you,0,0,_,you
446,0,off,1,0,_,off
446,0,here,0,0,Locative_relation,here
446,0,.,0,0,_,.
446,1,FEYERICK,0,0,_,FEYERICK
446,1,#,0,0,_,#
446,1,When,0,0,Temporal_collocation,when
446,1,they,0,0,_,they
446,1,gone,0,0,Motion,gone
446,1,to,0,0,Goal,to
446,1,Times,0,0,_,time
446,1,Square,0,0,_,square
446,1,--,0,0,_,--
446,1,LEMON,0,0,_,lemon
446,1,#,0,0,_,#
446,1,I,0,0,_,I
446,1,want,0,0,Desiring,want
446,1,to,0,0,_,to
446,1,ask,0,0,Questioning,ask
446,1,you,0,0,_,you
446,1,something,0,0,_,something
446,1,.,0,0,_,.
446,2,FEYERICK,0,0,_,FEYERICK
446,2,#,0,0,_,#
446,2,Yeah,0,0,_,yeah
446,2,",",0,0,_,","
447,0,Back,0,0,_,back
447,0,Up,0,0,_,up
447,0,Computer,0,0,_,computer
447,0,.,0,0,_,.
447,1,On,0,0,_,on
447,1,a,0,0,_,a
447,1,Mac,0,0,_,Mac
447,1,",",0,0,_,","
447,1,once,0,0,Temporal_collocation,once
447,1,the,0,0,_,the
447,1,drive,0,0,_,drive
447,1,is,0,0,_,be
447,1,plugged,0,0,Placing,plug
447,1,in,1,0,_,in
447,1,",",0,0,_,","
447,1,go,1,0,Motion,go
447,1,to,0,0,_,to
447,1,Time,0,0,_,time
447,1,Machine,0,0,_,machine
447,1,Preferences,0,0,_,preference
447,1,to,0,0,_,to
447,1,select,0,0,Choosing,select
447,1,it,0,0,_,it
447,1,as,0,0,_,as
447,1,the,0,0,_,the
447,1,backup,0,0,_,backup
447,1,location,0,0,Locale,location
447,1,.,0,0,_,.
447,2,Then,0,0,_,then
447,2,choose,0,0,Choosing,choose
447,2,Back,1,0,_,back
448,0,PARTNER,0,0,Collaboration,PARTNER
448,0,AT,0,0,Locative_relation,at
448,0,BGC,0,0,_,BGC
448,0,;,0,0,_,;
448,0,THOMAS,0,0,_,THOMAS
448,0,J.,0,0,_,J.
448,0,HOLMES,0,0,_,HOLMES
448,0,;,0,0,_,;
448,0,WORLD,0,0,Political_locales,world
448,0,BANK,0,0,_,BANK
448,0,#,0,0,_,#
448,0,FOR,0,0,_,for
448,0,A,0,0,_,a
448,0,VIDEO,0,0,_,video
448,0,",",0,0,_,","
448,0,GO,1,0,_,go
448,0,to,1,0,_,to
448,0,time,0,0,_,time
448,0,.,0,0,_,.
448,1,4140387,0,0,_,4140387
448,1,#,0,0,_,#
449,0,.,0,0,_,.
449,1,You,0,0,_,you
449,1,just,0,0,_,just
449,1,have,0,0,Required_event,have
449,1,to,0,0,Required_event,to
449,1,ask,0,0,Questioning,ask
449,1,the,0,0,_,the
449,1,right,0,0,Correctness,right
449,1,questions,0,0,Questioning,question
449,1,.,0,0,_,.
449,2,#,0,0,_,#
449,2,FOR,0,0,_,for
449,2,EVEN,0,0,_,even
449,2,MORE,0,0,Increment,MORE
449,2,ANSWERS,0,0,_,answer
449,2,",",0,0,_,","
449,2,GO,1,0,_,go
449,2,TO,1,0,_,to
449,2,time,0,0,_,time
449,2,.,0,0,_,.
449,3,4140632,0,0,_,4140632
449,3,#,0,0,_,#
449,3,THE,0,0,_,the
449,3,ANSWERS,0,0,_,answer
449,3,ISSUE,0,0,_,issue
449,3,#,0,0,_,#
449,3,Your,0,0,_,your
449,3,guide,1,0,_,guide
449,3,to,1,0,_,to
449,3,everything,0,0,_,everything
449,3,you,0,0,_,you
449,3,didn,0,0,_,didn
449,3,',0,0,_,'
450,0,",",0,0,_,","
450,0,``,0,0,_,`
450,0,I,0,0,_,I
450,0,am,0,0,_,be
450,0,going,0,0,_,go
450,0,to,0,0,_,to
450,0,give,1,0,Giving,give
450,0,you,0,0,_,you
450,0,a,0,0,_,a
450,0,story,0,0,Text,story
450,0,to,0,0,_,to
450,0,read,0,0,Reading_activity,read
450,0,:,0,0,_,:
450,0,I,0,0,_,I
450,0,am,0,0,_,be
450,0,going,0,0,_,go
450,0,to,0,0,_,to
450,0,time,0,0,_,time
450,0,you,0,0,_,you
450,0,for,0,0,_,for
450,0,1,0,0,Cardinal_numbers,1
450,0,minute,0,0,Measure_duration,minute
450,0,to,0,0,_,to
450,0,see,1,0,Grasp,see
450,0,how,0,0,_,how
450,0,many,0,0,Quantified_mass,many
450,0,words,0,0,Simple_name,word
450,0,you,0,0,_,you
450,0,read,0,0,Reading_activity,read
450,0,``,0,0,_,`
450,0,),0,0,_,)
451,0,IT,0,0,_,it
451,0,IN,0,0,_,in
451,0,YOUR,0,0,_,your
451,0,HAND,0,0,_,hand
451,0,AS,0,0,_,as
451,0,HARD,1,1,_,hard
451,0,AND,0,0,_,and
451,0,AS,0,0,_,as
451,0,LONG,0,0,_,long
451,0,AS,0,0,_,as
451,0,YOU,0,0,_,you
451,0,CAN,0,0,Possibility,can
451,0,.,0,0,_,.
451,1,I,0,0,_,I
451,1,'M,0,0,_,'
451,1,GON,0,0,_,gon
451,1,,0,0,_,
451,1,TIME,0,0,_,TIME
451,1,YOU,0,0,_,you
451,1,.,0,0,_,.
451,2,IT,0,0,_,it
451,2,'S,0,0,_,be
451,2,A,0,0,_,a
451,2,PIECE,0,0,_,piece
451,2,Of,0,0,_,of
451,2,CAKE,0,0,_,cake
451,2,.,0,0,_,.
451,3,OH,0,0,_,oh
451,3,",",0,0,_,","
451,3,YOU,0,0,_,you
451,3,WO,0,0,_,wo
452,0,how,0,0,_,how
452,0,much,0,0,_,much
452,0,power,1,1,Leadership,power
452,0,he,0,0,_,he
452,0,really,0,0,_,really
452,0,has,1,0,Possession,have
452,0,",",0,0,_,","
452,0,``,0,0,_,`
452,0,Lee,0,0,_,Lee
452,0,told,0,0,Telling,tell
452,0,me,0,0,_,I
452,0,",",0,0,_,","
452,0,``,0,0,_,`
452,0,he,0,0,_,he
452,0,is,0,0,_,be
452,0,going,0,0,_,go
452,0,to,0,0,_,to
452,0,time,0,0,_,time
452,0,it,0,0,_,it
452,0,to,0,0,_,to
452,0,coincide,0,0,_,coincide
452,0,with,1,0,_,with
452,0,--,0,0,_,--
452,0,``,0,0,_,`
452,0,Lee,0,0,_,Lee
452,0,broke,1,0,_,break
452,0,off,1,0,_,off
452,0,",",0,0,_,","
452,0,but,0,0,Concessive,but
452,0,of,0,0,_,of
452,0,course,0,0,_,course
453,0,",",0,0,_,","
453,0,metropolitan,0,0,_,metropolitan
453,0,reporter,0,0,_,reporter
453,0,and,0,0,_,and
453,0,feature,0,0,_,feature
453,0,writer,0,0,_,writer
453,0,.,0,0,_,.
453,1,When,0,0,Temporal_collocation,when
453,1,the,0,0,_,the
453,1,Star,0,0,_,star
453,1,closed,0,0,_,close
453,1,in,1,0,Temporal_collocation,in
453,1,1981,0,0,_,1981
453,1,",",0,0,_,","
453,1,she,0,0,_,she
453,1,went,0,0,Motion,go
453,1,to,0,0,Goal,to
453,1,Time,0,0,_,time
453,1,magazine,0,0,Text,magazine
453,1,.,0,0,_,.
453,2,#,0,0,_,#
453,2,Born,0,0,Being_born,bear
453,2,in,0,0,Interior_profile_relation,in
453,2,Washington,0,0,_,Washington
453,2,D.C.,0,0,_,D.C.
453,2,",",0,0,_,","
453,2,Ms.,0,0,_,Ms.
453,2,Dowd,0,0,_,Dowd
453,2,received,0,0,Receiving,receive
453,2,a,0,0,_,a
453,2,B.A,0,0,_,B.A
453,2,.,0,0,_,.
454,0,walking,0,0,Self_motion,walk
454,0,by,0,0,_,by
454,0,",",0,0,_,","
454,0,and,0,0,_,and
454,0,all,0,0,Quantified_mass,all
454,0,that,0,0,_,that
454,0,this,1,0,_,this
454,0,city,0,0,Political_locales,city
454,0,has,1,0,Possession,have
454,0,to,0,0,_,to
454,0,offer,1,0,Offering,offer
454,0,.,0,0,_,.
454,1,We,0,0,_,we
454,1,do,0,0,_,do
454,1,n't,0,0,_,not
454,1,go,0,0,Motion,go
454,1,to,0,0,Goal,to
454,1,Times,0,0,_,time
454,1,Square,0,0,_,square
454,1,often,0,0,Frequency,often
454,1,",",0,0,_,","
454,1,but,0,0,Concessive,but
454,1,when,0,0,Temporal_collocation,when
454,1,we,0,0,_,we
454,1,do,0,0,_,do
454,1,",",0,0,_,","
454,1,it,0,0,_,it
454,1,'s,0,0,_,be
454,1,always,0,0,Frequency,always
454,1,with,0,0,_,with
454,1,the,0,0,_,the
455,0,wormholes,0,0,_,wormhole
455,0,or,0,0,_,or
455,0,pre-existing,0,0,Time_vector,pre
455,0,advanced,0,0,Stage_of_progress,advanced
455,0,alien,0,0,Origin,alien
455,0,civilizations,0,0,_,civilization
455,0,with,1,0,_,with
455,0,such,0,0,_,such
455,0,technology,0,0,Artifact,technology
455,0,",",0,0,_,","
455,0,building,0,0,Building,build
455,0,a,0,0,_,a
455,0,time,0,0,_,time
455,0,machine,0,0,Gizmo,machine
455,0,to,0,0,_,to
455,0,go,1,0,Motion,go
455,0,to,1,0,_,to
455,0,times,0,0,_,time
455,0,before,0,0,Time_vector,before
455,0,it,0,0,_,it
455,0,was,0,0,_,be
455,0,built,0,0,Building,build
455,0,is,0,0,_,be
455,0,a,0,0,_,a
455,0,tough,1,0,Difficulty,tough
455,0,one,0,0,_,one
455,0,",",0,0,_,","
455,0,as,0,0,_,as
455,0,Ron,0,0,_,Ron
455,0,L,0,0,_,l
455,0,Mallete,0,0,_,mallete
456,0,to,0,0,_,to
456,0,come,0,0,Collaboration,come
456,0,together,0,0,Collaboration,together
456,0,and,0,0,_,and
456,0,care,0,0,_,care
456,0,for,0,0,_,for
456,0,each,0,0,_,each
456,0,other,0,0,_,other
456,0,.,0,0,_,.
456,1,Some,0,0,Proportional_quantity,some
456,1,Broadway,0,0,_,Broadway
456,1,actors,0,0,People_by_vocation,actor
456,1,were,0,0,_,be
456,1,going,0,0,_,go
456,1,to,0,0,_,to
456,1,go,0,0,Motion,go
456,1,to,0,0,Goal,to
456,1,Times,0,0,_,time
456,1,Square,0,0,_,square
456,1,and,0,0,_,and
456,1,sing,0,0,Make_noise,sing
456,1,cheerful,0,0,_,cheerful
456,1,songs,0,0,Text,song
456,1,in,1,0,_,in
456,1,one,0,0,Cardinal_numbers,one
456,1,article,0,0,Text,article
456,1,I,0,0,_,I
456,1,read,0,0,Reading_activity,read
456,1,",",0,0,_,","
456,1,and,0,0,_,and
456,1,in,1,0,_,in
457,0,she,0,0,_,she
457,0,'s,0,0,_,be
457,0,more,0,0,Increment,more
457,0,",",0,0,_,","
457,0,she,0,0,_,she
457,0,'s,0,0,_,be
457,0,more,0,0,Increment,more
457,0,People,0,0,_,People
457,0,say,0,0,Statement,say
457,0,she,0,0,_,she
457,0,'s,0,0,_,be
457,0,only,0,0,_,only
457,0,in,1,0,Interior_profile_relation,in
457,0,my,0,0,_,my
457,0,head,0,0,_,head
457,0,Going,1,1,_,go
457,0,to,1,0,_,to
457,0,time,0,0,_,time
457,0,but,0,0,_,but
457,0,I,0,0,_,I
457,0,'ll,0,0,_,will
457,0,forget,0,0,Memory,forget
457,0,But,0,0,_,but
457,0,when,0,0,Temporal_collocation,when
457,0,she,0,0,_,she
457,0,'s,0,0,_,be
457,0,in,1,0,_,in
457,0,every,0,0,_,every
457,0,minute,0,0,Measure_duration,minute
457,0,of,0,0,_,of
457,0,everyday,0,0,Frequency,everyday
458,0,achievement,0,0,Accomplishment,achievement
458,0,called,1,0,Labeling,call
458,0,``,0,0,_,`
458,0,88,0,0,_,88
458,0,miles,0,0,_,mile
458,0,per,0,0,_,per
458,0,hour,0,0,_,hour
458,0,``,0,0,_,`
458,0,which,0,0,_,which
458,0,is,0,0,_,be
458,0,how,0,0,_,how
458,0,fast,0,0,Speed_description,fast
458,0,you,0,0,_,you
458,0,have,0,0,Required_event,have
458,0,to,0,0,Required_event,to
458,0,go,0,0,Motion,go
458,0,to,0,0,_,to
458,0,time,0,0,_,time
458,0,travel,0,0,Travel,travel
458,0,.,0,0,_,.
458,1,As,0,0,_,as
458,1,Sonic,0,0,_,sonic
458,1,time,0,0,_,time
458,1,travels,1,1,Travel,travel
458,1,just,0,0,_,just
458,1,like,0,0,Similarity,like
458,1,in,1,0,_,in
458,1,Back,1,0,_,back
458,1,to,1,0,_,to
458,1,the,0,0,_,the
458,1,Future,0,0,_,future
459,0,so,0,0,Degree,so
459,0,bad,0,0,Desirability,bad
459,0,--,0,0,_,--
459,0,it,0,0,_,it
459,0,'s,0,0,_,be
459,0,the,0,0,_,the
459,0,huge,0,0,Size,huge
459,0,crowds,0,0,Aggregate,crowd
459,0,that,0,0,_,that
459,0,panic,0,0,_,panic
459,0,me,0,0,_,I
459,0,.,0,0,_,.
459,1,Why,0,0,_,why
459,1,would,0,0,_,would
459,1,anyone,0,0,_,anyone
459,1,go,0,0,Motion,go
459,1,to,0,0,Goal,to
459,1,Times,0,0,_,time
459,1,Square,0,0,_,square
459,1,on,1,0,Temporal_collocation,on
459,1,New,0,0,Calendric_unit,new
459,1,Year,0,0,Calendric_unit,year
459,1,'s,0,0,_,be
459,1,Eve,0,0,Calendric_unit,Eve
459,1,?,0,0,_,?
459,1,?,0,0,_,?
459,1,?,0,0,_,?
459,1,?,0,0,_,?
459,1,?,0,0,_,?
459,2,#,0,0,_,#
459,2,That,0,0,_,that
460,0,from,0,0,_,from
460,0,the,0,0,_,the
460,0,App,0,0,_,App
460,0,Store,0,0,_,store
460,0,),0,0,_,)
460,0,then,0,0,_,then
460,0,you,0,0,_,you
460,0,can,0,0,Possibility,can
460,0,skip,1,0,Avoiding,skip
460,0,re-downloading,0,0,Activity_resume,re
460,0,the,0,0,_,the
460,0,4Gb,0,0,_,4gb
460,0,file,0,0,_,file
460,0,.,0,0,_,.
460,1,Just,0,0,_,just
460,1,go,0,0,Motion,go
460,1,to,0,0,_,to
460,1,Time,0,0,_,time
460,1,Machine,0,0,_,machine
460,1,",",0,0,_,","
460,1,visit,0,0,Arriving,visit
460,1,your,0,0,_,your
460,1,Applications,0,0,_,application
460,1,folder,0,0,_,folder
460,1,",",0,0,_,","
460,1,find,0,0,Locating,find
460,1,the,0,0,_,the
460,1,TM,0,0,_,tm
460,1,backup,0,0,_,backup
460,1,with,0,0,_,with
460,1,the,0,0,_,the
461,0,",",0,0,_,","
461,0,white-washing,0,0,_,white
461,0,of,0,0,_,of
461,0,New,0,0,_,new
461,0,York,0,0,_,york
461,0,City,0,0,_,city
461,0,.,0,0,_,.
461,1,My,0,0,_,my
461,1,first,0,0,Ordinal_numbers,first
461,1,Thanksgiving,0,0,Calendric_unit,thanksgiving
461,1,in,0,0,Interior_profile_relation,in
461,1,New,0,0,_,new
461,1,York,0,0,_,york
461,1,",",0,0,_,","
461,1,I,0,0,_,I
461,1,went,0,0,Motion,go
461,1,to,0,0,Goal,to
461,1,Times,0,0,_,time
461,1,Square,0,0,_,square
461,1,and,0,0,_,and
461,1,watched,0,0,Perception_active,watch
461,1,a,0,0,_,a
461,1,strip,0,0,_,strip
461,1,show,0,0,_,show
461,1,.,0,0,_,.
461,2,Now,0,0,Temporal_collocation,now
461,2,Times,0,0,_,time
461,2,Square,0,0,_,square
461,2,is,0,0,_,be
461,2,just,0,0,_,just
461,2,Disney,0,0,_,Disney
462,0,do,0,0,_,do
462,0,n't,0,0,_,not
462,0,understand,0,0,Grasp,understand
462,0,.,0,0,_,.
462,1,#,0,0,_,#
462,1,DP,0,0,_,dp
462,1,My,0,0,_,my
462,1,sister,0,0,Kinship,sister
462,1,was,0,0,_,be
462,1,just,0,0,_,just
462,1,here,0,0,Locative_relation,here
462,1,and,0,0,_,and
462,1,wanted,0,0,Desiring,want
462,1,me,0,0,_,I
462,1,to,0,0,_,to
462,1,go,0,0,Motion,go
462,1,to,0,0,Goal,to
462,1,Times,0,0,_,time
462,1,Square,0,0,_,square
462,1,on,1,0,Temporal_collocation,on
462,1,a,0,0,_,a
462,1,Saturday,0,0,Calendric_unit,Saturday
462,1,afternoon,0,0,Calendric_unit,afternoon
462,1,in,1,0,Temporal_collocation,in
462,1,the,0,0,_,the
462,1,middle,1,0,Temporal_subregion,middle
462,1,of,0,0,_,of
462,1,the,0,0,_,the
462,1,summer,0,0,Calendric_unit,summer
462,1,",",0,0,_,","
462,1,and,0,0,_,and
463,0,``,0,0,_,`
463,0,news.,0,0,_,news
463,0,``,0,0,_,`
463,1,This,1,0,_,this
463,1,is,0,0,_,be
463,1,just,0,0,_,just
463,1,a,0,0,_,a
463,1,tired,1,1,Biological_urge,tired
463,1,freak,1,1,_,freak
463,1,show,1,0,_,show
463,1,of,0,0,_,of
463,1,a,0,0,_,a
463,1,well,0,0,_,well
463,1,they,0,0,_,they
463,1,go,1,0,_,go
463,1,to,1,0,_,to
463,1,time,0,0,_,time
463,1,and,0,0,_,and
463,1,again,0,0,_,again
463,1,with,1,0,_,with
463,1,any,0,0,_,any
463,1,real,0,0,Existence,real
463,1,attention,0,0,Attention,attention
463,1,to,1,0,_,to
463,1,detail,0,0,_,detail
463,1,.,0,0,_,.
463,2,#,0,0,_,#
463,2,It,0,0,_,it
463,2,is,0,0,_,be
463,2,akin,0,0,Similarity,akin
464,0,hardly,0,0,_,hardly
464,0,shocked,1,0,Experiencer_obj,shock
464,0,maybe,0,0,_,maybe
464,0,even,0,0,_,even
464,0,a,0,0,_,a
464,0,little,0,0,_,little
464,0,amused,0,0,Experiencer_obj,amuse
464,0,.,0,0,_,.
464,1,She,0,0,_,she
464,1,knew,0,0,Awareness,know
464,1,what,0,0,_,what
464,1,was,0,0,_,be
464,1,happening,0,0,Event,happen
464,1,",",0,0,_,","
464,1,she,0,0,_,she
464,1,went,0,0,Motion,go
464,1,to,0,0,Goal,to
464,1,Times,0,0,_,time
464,1,Square,0,0,_,square
464,1,just,0,0,_,just
464,1,to,0,0,_,to
464,1,get,0,0,Transition_to_state,get
464,1,in,0,0,_,in
464,1,on,1,0,_,on
464,1,the,0,0,_,the
464,1,V-J,0,0,_,V
464,1,Day,0,0,_,day
464,1,celebration,0,0,Social_event,celebration
464,1,.,0,0,_,.
464,2,To,0,0,_,to
464,2,really,0,0,_,really
465,0,",",0,0,_,","
465,0,we,0,0,_,we
465,0,like,0,0,Experiencer_focus,like
465,0,going,0,0,Motion,go
465,0,to,0,0,Goal,to
465,0,antiques,0,0,_,antique
465,0,shops,0,0,Locale_by_use,shop
465,0,and,0,0,_,and
465,0,finding,0,0,Locating,find
465,0,old,0,0,Age,old
465,0,Coke,0,0,_,coke
465,0,memorabilia,0,0,_,memorabilia
465,0,",",0,0,_,","
465,0,when,0,0,Temporal_collocation,when
465,0,we,0,0,_,we
465,0,go,0,0,Motion,go
465,0,to,0,0,Goal,to
465,0,Times,0,0,_,time
465,0,Square,0,0,_,square
465,0,we,0,0,_,we
465,0,want,0,0,Desiring,want
465,0,to,0,0,_,to
465,0,see,0,0,Perception_experience,see
465,0,the,0,0,_,the
465,0,flashing,0,0,Location_of_light,flash
465,0,lights,0,0,_,light
465,0,and,0,0,_,and
465,0,30,0,0,Cardinal_numbers,30
465,0,foot,0,0,Measure_linear_extent,foot
465,0,high,0,0,Dimension,high
465,0,Gap,0,0,_,gap
466,0,does,0,0,_,do
466,0,not,0,0,_,not
466,0,even,0,0,_,even
466,0,criminalize,0,0,_,criminalize
466,0,the,0,0,_,the
466,0,absolute,0,0,_,absolute
466,0,practice,0,0,_,practice
466,0,of,0,0,_,of
466,0,Shariah,0,0,_,Shariah
466,0,.,0,0,_,.
466,1,In,1,0,_,in
466,1,fact,0,0,_,fact
466,1,",",0,0,_,","
466,1,you,0,0,_,you
466,1,could,0,0,Possibility,could
466,1,go,0,0,Motion,go
466,1,to,0,0,Goal,to
466,1,Times,0,0,_,time
466,1,Square,0,0,_,square
466,1,and,0,0,_,and
466,1,you,0,0,_,you
466,1,could,0,0,Capability,could
466,1,print,0,0,Text_creation,print
466,1,out,0,0,Text_creation,out
466,1,:,0,0,_,:
466,1,I,0,0,_,I
466,1,advocate,0,0,Taking_sides,advocate
466,1,Shariah,0,0,_,Shariah
466,1,",",0,0,_,","
466,1,I,0,0,_,I
466,1,even,0,0,_,even
467,0,",",0,0,_,","
467,0,there,0,0,Existence,there
467,0,he,0,0,_,he
467,0,is,0,0,Existence,be
467,0,",",0,0,_,","
467,0,and,0,0,_,and
467,0,he,0,0,_,he
467,0,'s,0,0,_,be
467,0,carrying,0,0,Bringing,carry
467,0,a,0,0,_,a
467,0,...,0,0,_,...
467,0,stopwatch,0,0,_,stopwatch
467,0,?,0,0,_,?
467,1,Is,0,0,_,be
467,1,he,0,0,_,he
467,1,going,0,0,_,go
467,1,to,0,0,_,to
467,1,time,0,0,_,time
467,1,the,0,0,_,the
467,1,gaps,1,1,_,gap
467,1,in,1,0,_,in
467,1,his,0,0,_,his
467,1,synapses,0,0,_,synapsis
467,1,?,0,0,_,?
467,1,``,0,0,_,`
467,2,Dante,0,0,_,Dante
467,2,will,0,0,_,will
467,2,be,0,0,_,be
467,2,by,0,0,_,by
467,2,here,0,0,Locative_relation,here
467,2,in,0,0,_,in
468,0,",",0,0,_,","
468,0,Ishiwaka,0,0,_,Ishiwaka
468,0,says,0,0,Statement,say
468,0,these,1,0,_,these
468,0,ridiculous,0,0,Mental_property,ridiculous
468,0,things,1,0,_,thing
468,0,",",0,0,_,","
468,0,like,0,0,Similarity,like
468,0,slippage,1,1,_,slippage
468,0,is,0,0,_,be
468,0,n't,0,0,_,not
468,0,to,0,0,_,to
468,0,stop,1,0,Preventing_or_letting,stop
468,0,historians,0,0,People_by_vocation,historian
468,0,from,1,0,_,from
468,0,going,0,0,Motion,go
468,0,to,0,0,_,to
468,0,times,0,0,_,time
468,0,and,0,0,_,and
468,0,places,0,0,Locale,place
468,0,where,0,0,_,where
468,0,they,0,0,_,they
468,0,'ll,0,0,_,will
468,0,affect,0,0,Objective_influence,affect
468,0,events,0,0,Event,event
468,0,at,0,0,_,at
468,0,all,0,0,_,all
468,0,.,0,0,_,.
468,1,He,0,0,_,he
468,1,says,0,0,Statement,say
468,1,it,0,0,_,it
469,0,Square,0,0,Locale_by_use,square
469,0,tonight,0,0,Calendric_unit,tonight
469,0,",",0,0,_,","
469,0,but,0,0,Concessive,but
469,0,he,0,0,_,he
469,0,'s,0,0,_,be
469,0,all,0,0,_,all
469,0,tied,1,1,Make_cognitive_connection,tie
469,0,up,1,0,_,up
469,0,with,1,0,_,with
469,0,these,1,0,_,these
469,0,interviews,0,0,Discussion,interview
469,0,.,0,0,_,.
469,1,I,0,0,_,I
469,1,'m,0,0,_,'
469,1,going,0,0,Motion,go
469,1,to,0,0,Goal,to
469,1,Times,0,0,_,time
469,1,Square,0,0,_,square
469,1,tonight,0,0,Calendric_unit,tonight
469,1,with,0,0,Accompaniment,with
469,1,my,0,0,_,my
469,1,mom,0,0,Kinship,mom
469,1,and,0,0,_,and
469,1,Malvo,0,0,_,Malvo
469,1,.,0,0,_,.
469,2,Why,0,0,_,why
469,2,do,0,0,_,do
469,2,n't,0,0,_,not
469,2,you,0,0,_,you
469,2,come,0,0,Arriving,come
470,0,know,0,0,Awareness,know
470,0,why,0,0,_,why
470,0,.,0,0,_,.
470,1,Well,0,0,_,well
470,1,",",0,0,_,","
470,1,you,0,0,_,you
470,1,can,0,0,Possibility,can
470,1,at,0,0,_,at
470,1,least,0,0,_,least
470,1,ask,0,0,Questioning,ask
470,1,.,0,0,_,.
470,2,Ma,0,0,_,Ma
470,2,!,0,0,_,!
470,3,Can,0,0,Capability,can
470,3,I,0,0,_,I
470,3,go,0,0,Motion,go
470,3,to,0,0,Goal,to
470,3,Times,0,0,_,time
470,3,Square,0,0,_,square
470,3,with,0,0,Accompaniment,with
470,3,Tasha,0,0,_,Tasha
470,3,",",0,0,_,","
470,3,Peaches,0,0,_,peach
470,3,and,0,0,_,and
470,3,Malvo,0,0,_,Malvo
470,3,?,0,0,_,?
470,4,Hell,0,0,_,hell
470,4,",",0,0,_,","
470,4,no,0,0,_,no
470,4,!,0,0,_,!
470,5,While,0,0,_,while
471,0,Years,0,0,Measure_duration,year
471,0,",",0,0,_,","
471,0,Peaches,0,0,_,peach
471,0,got,0,0,_,get
471,0,ready,0,0,Activity_ready_state,ready
471,0,to,0,0,_,to
471,0,rumble,0,0,Moving_in_place,rumble
471,0,.,0,0,_,.
471,1,How,0,0,_,how
471,1,come,0,0,Arriving,come
471,1,you,0,0,_,you
471,1,wo,0,0,_,will
471,1,n't,0,0,_,not
471,1,let,0,0,Preventing_or_letting,let
471,1,Chris,0,0,_,Chris
471,1,go,0,0,Motion,go
471,1,to,0,0,Goal,to
471,1,Times,0,0,_,time
471,1,Square,0,0,_,square
471,1,with,0,0,Accompaniment,with
471,1,me,0,0,_,I
471,1,?,0,0,_,?
471,2,Well,0,0,_,well
471,2,",",0,0,_,","
471,2,hello,0,0,_,hello
471,2,",",0,0,_,","
471,2,Peaches,0,0,_,peach
471,2,.,0,0,_,.
471,3,You,0,0,_,you
471,3,know,0,0,Awareness,know
471,3,what,0,0,_,what
472,0,do,0,0,_,do
472,0,n't,0,0,_,not
472,0,you,0,0,_,you
472,0,get,1,0,Getting,get
472,0,your,0,0,_,your
472,0,mother,0,0,Kinship,mother
472,0,to,0,0,_,to
472,0,take,0,0,Bringing,take
472,0,you,0,0,_,you
472,0,?,0,0,_,?
472,1,Just,0,0,_,just
472,1,because,0,0,Causation,because
472,1,I,0,0,_,I
472,1,ca,0,0,_,can
472,1,n't,0,0,_,not
472,1,go,0,0,Motion,go
472,1,to,0,0,Goal,to
472,1,Times,0,0,_,time
472,1,Square,0,0,_,square
472,1,tonight,0,0,Calendric_unit,tonight
472,1,",",0,0,_,","
472,1,am,0,0,_,be
472,1,I,0,0,_,I
472,1,gon,0,0,_,gon
472,1,na,0,0,_,na
472,1,jump,0,0,Self_motion,jump
472,1,off,0,0,Spatial_contact,off
472,1,a,0,0,_,a
472,1,bridge,0,0,Roadways,bridge
472,1,?,0,0,_,?
472,2,When,0,0,Temporal_collocation,when
473,0,Mom,0,0,Kinship,mom
473,0,...,0,0,_,...
473,0,No,0,0,_,no
473,0,",",0,0,_,","
473,0,Chris,0,0,_,Chris
473,0,.,0,0,_,.
473,1,But,0,0,_,but
473,1,I,0,0,_,I
473,1,made,1,0,Intentionally_create,make
473,1,one,0,0,Cardinal_numbers,one
473,1,resolution,0,0,_,resolution
473,1,and,0,0,_,and
473,1,that,1,0,_,that
473,1,was,0,0,_,be
473,1,to,0,0,_,to
473,1,go,0,0,Motion,go
473,1,to,0,0,Goal,to
473,1,Times,0,0,_,time
473,1,Square,0,0,_,square
473,1,.,0,0,_,.
473,2,That,1,0,_,that
473,2,'s,0,0,_,be
473,2,not,0,0,_,not
473,2,my,0,0,_,my
473,2,fault,1,0,Judgment,fault
473,2,.,0,0,_,.
473,3,But,0,0,_,but
473,3,it,0,0,_,it
473,3,'s,0,0,_,be
473,3,my,0,0,_,my
473,3,resolution,1,1,_,resolution
474,0,why,0,0,_,why
474,0,not,0,0,_,not
474,0,.,0,0,_,.
474,1,All,0,0,_,all
474,1,I,0,0,_,I
474,1,got,0,0,Required_event,get
474,1,to,0,0,Required_event,to
474,1,do,0,0,Intentionally_act,do
474,1,is,0,0,_,be
474,1,ask,0,0,Request,ask
474,1,.,0,0,_,.
474,2,Ma,0,0,_,Ma
474,2,",",0,0,_,","
474,2,can,0,0,Capability,can
474,2,I,0,0,_,I
474,2,go,0,0,Motion,go
474,2,to,0,0,Goal,to
474,2,Times,0,0,_,time
474,2,Square,0,0,_,square
474,2,to,0,0,_,to
474,2,watch,0,0,Perception_active,watch
474,2,the,0,0,_,the
474,2,ball,0,0,_,ball
474,2,drop,0,0,Cause_motion,drop
474,2,?,0,0,_,?
474,3,No,0,0,_,no
474,3,.,0,0,_,.
474,4,Happy,0,0,Emotion_directed,happy
474,4,New,0,0,_,new
474,4,Year,0,0,Calendric_unit,year
474,4,!,0,0,_,!
475,0,!,0,0,_,!
475,1,Well,0,0,_,well
475,1,",",0,0,_,","
475,1,obviously,0,0,_,obviously
475,1,",",0,0,_,","
475,1,you,0,0,_,you
475,1,do,0,0,Intentionally_act,do
475,1,.,0,0,_,.
475,2,That,1,0,_,that
475,2,'s,0,0,_,be
475,2,what,0,0,_,what
475,2,happens,0,0,Eventive_affecting,happen
475,2,to,1,0,_,to
475,2,people,0,0,People,people
475,2,who,0,0,_,who
475,2,go,0,0,Motion,go
475,2,to,0,0,Goal,to
475,2,Times,0,0,_,time
475,2,Square,0,0,_,square
475,2,.,0,0,_,.
475,3,I,0,0,_,I
475,3,just,0,0,_,just
475,3,want,0,0,Desiring,want
475,3,to,0,0,_,to
475,3,see,0,0,Perception_experience,see
475,3,the,0,0,_,the
475,3,ball,0,0,_,ball
475,3,drop,0,0,Motion_directional,drop
475,3,.,0,0,_,.
475,4,You,0,0,_,you
475,4,ca,0,0,_,can
476,0,YORK,0,0,_,YORK
476,0,CITY,0,0,_,city
476,0,Find,0,0,Locating,find
476,0,a,0,0,_,a
476,0,cheap,0,0,Expensiveness,cheap
476,0,hotel,0,0,Buildings,hotel
476,0,and,0,0,_,and
476,0,use,0,0,Using,use
476,0,it,0,0,_,it
476,0,only,0,0,_,only
476,0,for,0,0,_,for
476,0,sleep,0,0,Sleep,sleep
476,0,.,0,0,_,.
476,1,Do,0,0,_,do
476,1,not,0,0,_,not
476,1,go,0,0,Motion,go
476,1,to,0,0,Goal,to
476,1,Times,0,0,_,time
476,1,Square,0,0,_,square
476,1,or,0,0,_,or
476,1,the,0,0,_,the
476,1,Empire,0,0,_,empire
476,1,State,0,0,_,state
476,1,Building,0,0,Buildings,build
476,1,.,0,0,_,.
476,2,Do,0,0,_,do
476,2,not,0,0,_,not
476,2,enter,0,0,Arriving,enter
476,2,the,0,0,_,the
476,2,Gap,0,0,_,gap
476,2,.,0,0,_,.
477,0,Chief,0,0,Leadership,chief
477,0,Randall,0,0,_,Randall
477,0,!,0,0,_,!
477,1,Lock,0,0,Placing,lock
477,1,it,0,0,_,it
477,1,in,0,0,Interior_profile_relation,in
477,1,.,0,0,_,.
477,2,It,0,0,_,it
477,2,'s,0,0,_,be
477,2,simple,0,0,_,simple
477,2,physics,0,0,_,physics
477,2,.,0,0,_,.
477,3,We,0,0,_,we
477,3,'re,0,0,_,be
477,3,just,0,0,_,just
477,3,gon,0,0,_,gon
477,3,na,0,0,_,na
477,3,time,0,0,_,time
477,3,the,0,0,_,the
477,3,flush,0,0,_,flush
477,3,",",0,0,_,","
477,3,all,0,0,_,all
477,3,right,0,0,Correctness,right
477,3,?,0,0,_,?
477,4,All,0,0,_,all
477,4,right,0,0,Correctness,right
477,4,.,0,0,_,.
477,5,You,0,0,_,you
477,5,call,0,0,Referring_by_name,call
477,5,it,0,0,_,it
477,5,",",0,0,_,","
478,0,Gon,0,0,_,gon
478,0,na,0,0,_,na
478,0,make,1,0,Intentionally_create,make
478,0,a,0,0,_,a
478,0,tiny,0,0,Size,tiny
478,0,nick,0,0,_,nick
478,0,in,0,0,Interior_profile_relation,in
478,0,your,0,0,_,your
478,0,forearm,0,0,Body_parts,forearm
478,0,",",0,0,_,","
478,0,okay,0,0,_,okay
478,0,?,0,0,_,?
478,1,Then,0,0,_,then
478,1,I,0,0,_,I
478,1,'m,0,0,_,'
478,1,gon,0,0,_,gon
478,1,na,0,0,_,na
478,1,time,0,0,_,time
478,1,how,0,0,_,how
478,1,long,1,0,Duration_description,long
478,1,it,0,0,_,it
478,1,takes,1,0,Taking_time,take
478,1,for,0,0,_,for
478,1,you,0,0,_,you
478,1,to,0,0,_,to
478,1,stop,0,0,Activity_stop,stop
478,1,bleeding,0,0,Medical_conditions,bleed
478,1,.,0,0,_,.
478,2,This,0,0,_,this
478,2,is,0,0,_,be
478,2,gon,0,0,_,gon
479,0,clear,1,0,Obviousness,clear
479,0,",",0,0,_,","
479,0,Rove,0,0,_,Rove
479,0,is,0,0,_,be
479,0,going,0,0,Motion,go
479,0,.,0,0,_,.
479,1,It,0,0,_,it
479,1,'s,0,0,_,be
479,1,just,0,0,_,just
479,1,a,0,0,_,a
479,1,matter,0,0,_,matter
479,1,when,0,0,Temporal_collocation,when
479,1,.,0,0,_,.
479,2,They,0,0,_,they
479,2,'re,0,0,_,be
479,2,going,0,0,_,go
479,2,to,0,0,_,to
479,2,time,0,0,_,time
479,2,his,0,0,_,his
479,2,resignation,0,0,Withdraw_from_participation,resignation
479,2,to,1,0,_,to
479,2,the,0,0,_,the
479,2,right,0,0,Correctness,right
479,2,moment,0,0,_,moment
479,2,.,0,0,_,.
479,3,I,0,0,_,I
479,3,'m,0,0,_,'
479,3,not,0,0,_,not
479,3,so,0,0,_,so
479,3,sure,0,0,Certainty,sure
479,3,I,0,0,_,I
480,0,also,0,0,_,also
480,0,--,0,0,_,--
480,0,if,0,0,_,if
480,0,you,0,0,_,you
480,0,do,0,0,_,do
480,0,not,0,0,_,not
480,0,want,0,0,Desiring,want
480,0,to,0,0,_,to
480,0,watch,0,0,Perception_active,watch
480,0,it,0,0,_,it
480,0,on,1,0,_,on
480,0,TV,0,0,_,tv
480,0,",",0,0,_,","
480,0,you,0,0,_,you
480,0,can,0,0,Possibility,can
480,0,go,0,0,Motion,go
480,0,to,0,0,Goal,to
480,0,Times,0,0,_,time
480,0,Square,0,0,_,square
480,0,.,0,0,_,.
480,1,Theyre,0,0,_,they
480,1,playing,0,0,_,play
480,1,it,0,0,_,it
480,1,tonight,0,0,Calendric_unit,tonight
480,1,at,1,0,Temporal_collocation,at
480,1,9:00,0,0,_,9:00
480,1,p.m.,0,0,_,p.m.
480,1,on,1,0,_,on
480,1,Bravo,0,0,_,Bravo
480,1,on,1,0,_,on
480,1,the,0,0,_,the
481,0,to,0,0,Goal,to
481,0,Westchester,0,0,_,Westchester
481,0,.,0,0,_,.
481,1,On,1,0,Temporal_collocation,on
481,1,New,0,0,_,new
481,1,Year,0,0,Calendric_unit,year
481,1,'s,0,0,_,be
481,1,Eve,0,0,Calendric_unit,Eve
481,1,",",0,0,_,","
481,1,Davis,0,0,_,Davis
481,1,recruited,0,0,Cause_motion,recruit
481,1,church,0,0,Buildings,church
481,1,youth,0,0,People_by_age,youth
481,1,groups,0,0,Aggregate,group
481,1,to,0,0,_,to
481,1,go,0,0,Motion,go
481,1,to,0,0,Goal,to
481,1,Times,0,0,_,time
481,1,Square,0,0,_,square
481,1,to,0,0,_,to
481,1,hand,0,0,Giving,hand
481,1,out,0,0,Giving,out
481,1,hot,0,0,Food,hot
481,1,chocolate,0,0,Food,chocolate
481,1,and,0,0,_,and
481,1,church,0,0,Buildings,church
481,1,literature,0,0,Text,literature
481,1,.,0,0,_,.
481,2,Salem,0,0,_,Salem
481,2,'s,0,0,_,be
481,2,DJs,0,0,_,dj
482,0,had,1,0,Possession,have
482,0,movies,0,0,Text,movie
482,0,you,0,0,_,you
482,0,could,0,0,Possibility,could
482,0,n't,0,0,_,not
482,0,see,0,0,Perception_experience,see
482,0,in,0,0,Interior_profile_relation,in
482,0,Baltimore,0,0,_,Baltimore
482,0,.,0,0,_,.
482,1,I,0,0,_,I
482,1,saw,0,0,Perception_experience,see
482,1,everything,0,0,_,everything
482,1,.,0,0,_,.
482,2,I,0,0,_,I
482,2,'d,0,0,_,would
482,2,go,0,0,Motion,go
482,2,to,0,0,Goal,to
482,2,Times,0,0,_,time
482,2,Square,0,0,_,square
482,2,",",0,0,_,","
482,2,I,0,0,_,I
482,2,'d,0,0,_,would
482,2,go,0,0,Motion,go
482,2,to,0,0,Goal,to
482,2,all,0,0,Quantified_mass,all
482,2,the,0,0,_,the
482,2,art,0,0,Craft,art
482,2,theaters,0,0,Locale_by_use,theater
482,2,.,0,0,_,.
482,3,I,0,0,_,I
482,3,'d,0,0,_,would
483,0,note,0,0,_,note
483,0,",",0,0,_,","
483,0,bring,0,0,Bringing,bring
483,0,it,0,0,_,it
483,0,to,0,0,_,to
483,0,that,1,0,_,that
483,0,blonde,0,0,_,blonde
483,0,girl,0,0,People,girl
483,0,.,0,0,_,.
483,1,Hurry,0,0,_,hurry
483,1,",",0,0,_,","
483,1,',0,0,_,'
483,1,cause,0,0,Causation,cause
483,1,I,0,0,_,I
483,1,'m,0,0,_,'
483,1,gon,0,0,_,gon
483,1,na,0,0,_,na
483,1,time,0,0,_,time
483,1,you,0,0,_,you
483,1,.,0,0,_,.
483,2,Go,0,0,Motion,go
483,2,!,0,0,_,!
483,3,Hi,0,0,_,hi
483,3,.,0,0,_,.
483,4,Who,0,0,_,who
483,4,gave,0,0,Giving,give
483,4,this,0,0,_,this
483,4,to,0,0,_,to
483,4,you,0,0,_,you
483,4,?,0,0,_,?
483,5,You,0,0,_,you
484,0,Is,0,0,_,be
484,0,it,0,0,_,it
484,0,right,0,0,Correctness,right
484,0,for,0,0,_,for
484,0,people,0,0,People,people
484,0,say,0,0,Statement,say
484,0,",",0,0,_,","
484,0,``,0,0,_,`
484,0,Well,0,0,_,well
484,0,",",0,0,_,","
484,0,I,0,0,_,I
484,0,'m,0,0,_,'
484,0,not,0,0,_,not
484,0,going,0,0,_,go
484,0,to,0,0,_,to
484,0,go,0,0,Motion,go
484,0,to,0,0,Goal,to
484,0,Times,0,0,_,time
484,0,Square,0,0,_,square
484,0,in,0,0,Interior_profile_relation,in
484,0,New,0,0,_,new
484,0,York,0,0,_,york
484,0,on,1,0,Temporal_collocation,on
484,0,New,0,0,Calendric_unit,new
484,0,Year,0,0,Calendric_unit,year
484,0,'s,0,0,_,be
484,0,Eve,0,0,Calendric_unit,Eve
484,0,?,0,0,_,?
484,0,``,0,0,_,`
484,1,Is,0,0,_,be
484,1,that,1,0,_,that
485,0,2123975,0,0,_,2123975
485,0,``,0,0,_,`
485,0,Secretary,0,0,_,Secretary
485,0,Ridge,0,0,_,Ridge
485,0,says,0,0,Statement,say
485,0,just,0,0,_,just
485,0,do,0,0,Intentionally_act,do
485,0,what,0,0,_,what
485,0,you,0,0,_,you
485,0,normally,0,0,_,normally
485,0,do,0,0,Intentionally_act,do
485,0,...,0,0,_,...
485,1,If,0,0,_,if
485,1,normally,0,0,_,normally
485,1,you,0,0,_,you
485,1,go,0,0,Motion,go
485,1,to,0,0,Goal,to
485,1,Times,0,0,_,time
485,1,Square,0,0,_,square
485,1,",",0,0,_,","
485,1,I,0,0,_,I
485,1,would,0,0,_,would
485,1,n't,0,0,_,not
485,1,do,0,0,Intentionally_act,do
485,1,what,0,0,_,what
485,1,you,0,0,_,you
485,1,normally,0,0,_,normally
485,1,do.,0,0,Intentionally_act,do
485,1,``,0,0,_,`
485,2,CHRISTOPHER,0,0,_,CHRISTOPHER
486,0,doing,0,0,Intentionally_act,do
486,0,petitioning,0,0,Attempt_suasion,petition
486,0,and,0,0,_,and
486,0,churches,0,0,Buildings,church
486,0,and,0,0,_,and
486,0,things,1,0,_,thing
486,0,.,0,0,_,.
486,1,But,0,0,Concessive,but
486,1,I,0,0,_,I
486,1,would,0,0,_,would
486,1,not,0,0,_,not
486,1,tell,0,0,Telling,tell
486,1,people,0,0,People,people
486,1,not,0,0,_,not
486,1,to,0,0,_,to
486,1,go,0,0,Motion,go
486,1,to,0,0,Goal,to
486,1,Times,0,0,_,time
486,1,Square,0,0,_,square
486,1,.,0,0,_,.
486,2,I,0,0,_,I
486,2,think,0,0,Opinion,think
486,2,people,0,0,People,people
486,2,ought,0,0,Required_event,ought
486,2,to,0,0,_,to
486,2,be,0,0,_,be
486,2,cautious,0,0,Risky_situation,cautious
486,2,.,0,0,_,.
486,3,But,0,0,_,but
486,3,I,0,0,_,I
486,3,think,0,0,Awareness,think
487,0,but,0,0,_,but
487,0,Congressman,0,0,Leadership,congressman
487,0,Christopher,0,0,_,Christopher
487,0,Shays,0,0,_,Shays
487,0,",",0,0,_,","
487,0,a,0,0,_,a
487,0,Republican,0,0,_,republican
487,0,from,0,0,Origin,from
487,0,Connecticut,0,0,_,Connecticut
487,0,",",0,0,_,","
487,0,has,0,0,_,have
487,0,said,0,0,Statement,say
487,0,he,0,0,_,he
487,0,would,0,0,_,would
487,0,n't,0,0,_,not
487,0,go,0,0,Motion,go
487,0,to,0,0,Goal,to
487,0,Times,0,0,_,time
487,0,Square,0,0,_,square
487,0,on,1,0,Temporal_collocation,on
487,0,New,0,0,Calendric_unit,new
487,0,Year,0,0,Calendric_unit,year
487,0,'s,0,0,_,be
487,0,Eve,0,0,Calendric_unit,Eve
487,0,.,0,0,_,.
487,1,He,0,0,_,he
487,1,thinks,0,0,Opinion,think
487,1,it,0,0,_,it
487,1,'s,0,0,_,be
487,1,a,0,0,_,a
487,1,crazy,0,0,_,crazy
488,0,preparations,0,0,Activity_prepare,preparation
488,0,in,0,0,Interior_profile_relation,in
488,0,New,0,0,_,new
488,0,York,0,0,_,york
488,0,and,0,0,_,and
488,0,nationwide,0,0,Locative_relation,nationwide
488,0,",",0,0,_,","
488,0,Connecticut,0,0,_,Connecticut
488,0,Congressman,0,0,Leadership,congressman
488,0,Christopher,0,0,_,Christopher
488,0,Shays,0,0,_,Shays
488,0,says,0,0,Statement,say
488,0,he,0,0,_,he
488,0,would,0,0,_,would
488,0,not,0,0,_,not
488,0,go,0,0,Motion,go
488,0,to,0,0,Goal,to
488,0,Times,0,0,_,time
488,0,Square-quote,0,0,_,square
488,0,--,0,0,_,--
488,0,``,0,0,_,`
488,0,for,0,0,_,for
488,0,anything.,0,0,_,anything
488,0,``,0,0,_,`
488,1,In,1,0,_,in
488,1,Shays,0,0,_,Shays
488,1,',0,0,_,'
488,1,words,0,0,Simple_name,word
488,1,",",0,0,_,","
488,1,``,0,0,_,`
489,0,they,0,0,_,they
489,0,might,0,0,Likelihood,might
489,0,strike,1,0,Impact,strike
489,0,anywhere,0,0,Locative_relation,anywhere
489,0,.,0,0,_,.
489,1,They,0,0,_,they
489,1,'re,0,0,_,be
489,1,likely,0,0,Likelihood,likely
489,1,going,0,0,_,go
489,1,strike,1,0,Attack,strike
489,1,nowhere,0,0,Locative_relation,nowhere
489,1,.,0,0,_,.
489,2,If,0,0,_,if
489,2,you,0,0,_,you
489,2,'re,0,0,_,be
489,2,going,0,0,Motion,go
489,2,to,0,0,Goal,to
489,2,Times,0,0,_,time
489,2,Square,0,0,_,square
489,2,",",0,0,_,","
489,2,you,0,0,_,you
489,2,should,0,0,Desirable_event,should
489,2,dress,0,0,Wearing,dress
489,2,for,0,0,_,for
489,2,the,0,0,_,the
489,2,weather,0,0,Weather,weather
489,2,",",0,0,_,","
489,2,you,0,0,_,you
489,2,should,0,0,Desirable_event,should
489,2,worry,0,0,Emotion_directed,worry
489,2,about,1,0,_,about
490,0,are,0,0,_,be
490,0,for,0,0,_,for
490,0,.,0,0,_,.
490,1,They,0,0,_,they
490,1,'re,0,0,_,be
490,1,for,0,0,_,for
490,1,professionals,0,0,People_by_vocation,professional
490,1,.,0,0,_,.
490,2,The,0,0,_,the
490,2,rest,0,0,Rest,rest
490,2,of,0,0,Partitive,of
490,2,us,0,0,_,we
490,2,",",0,0,_,","
490,2,let,0,0,_,let
490,2,'s,0,0,_,be
490,2,go,0,0,Motion,go
490,2,to,0,0,Goal,to
490,2,Times,0,0,_,time
490,2,Square,0,0,_,square
490,2,.,0,0,_,.
490,3,It,0,0,_,it
490,3,'s,0,0,_,be
490,3,going,0,0,_,go
490,3,to,0,0,_,to
490,3,be,0,0,_,be
490,3,a,0,0,_,a
490,3,fantastic,0,0,Desirability,fantastic
490,3,night,0,0,Calendric_unit,night
490,3,.,0,0,_,.
490,4,A,0,0,_,a
490,4,great,1,0,Desirability,great
491,0,re,0,0,_,re
491,0,Ready,0,0,Activity_ready_state,ready
491,0,For,0,0,_,for
491,0,This,1,0,_,this
491,0,?,0,0,_,?
491,1,Yes,0,0,_,yes
491,1,",",0,0,_,","
491,1,Sir,0,0,_,Sir
491,1,.,0,0,_,.
491,2,All,0,0,_,all
491,2,Right,0,0,Correctness,right
491,2,.,0,0,_,.
491,3,I,0,0,_,I
491,3,'m,0,0,_,'
491,3,Going,0,0,_,go
491,3,To,0,0,_,to
491,3,Time,0,0,_,time
491,3,This,1,0,_,this
491,3,Test,0,0,Operational_testing,test
491,3,.,0,0,_,.
491,4,So,0,0,_,so
491,4,",",0,0,_,","
491,4,When,0,0,Temporal_collocation,when
491,4,You,0,0,_,you
491,4,'re,0,0,_,be
491,4,Ready,0,0,Activity_ready_state,ready
491,4,",",0,0,_,","
491,4,Put,1,0,Placing,put
491,4,It,0,0,_,it
491,4,In,0,0,_,in
492,0,people,0,0,People,people
492,0,in,0,0,Interior_profile_relation,in
492,0,the,0,0,_,the
492,0,federation,0,0,Political_locales,federation
492,0,--,0,0,_,--
492,0,they,0,0,_,they
492,0,told,0,0,Telling,tell
492,0,us,0,0,_,we
492,0,to,0,0,_,to
492,0,go,0,0,_,go
492,0,raise,1,0,_,raise
492,0,money,0,0,Money,money
492,0,.,0,0,_,.
492,1,We,0,0,_,we
492,1,should,0,0,Desirable_event,should
492,1,go,0,0,Motion,go
492,1,to,0,0,_,to
492,1,Times,0,0,_,time
492,1,Square,0,0,_,square
492,1,and,0,0,_,and
492,1,sell,0,0,Commerce_sell,sell
492,1,bumper,0,0,_,bumper
492,1,stickers,0,0,_,sticker
492,1,so,0,0,_,so
492,1,that,0,0,_,that
492,1,we,0,0,_,we
492,1,could,0,0,Capability,could
492,1,go,0,0,_,go
492,1,compete,0,0,Competition,compete
492,1,and,0,0,_,and
492,1,find,0,0,Locating,find
493,0,resting,0,0,_,rest
493,0,on,0,0,_,on
493,0,your,0,0,_,your
493,0,shoulders,0,0,Body_parts,shoulder
493,0,in,1,0,Temporal_collocation,in
493,0,the,0,0,_,the
493,0,next,1,0,_,next
493,0,minute,0,0,Measure_duration,minute
493,0,or,0,0,_,or
493,0,so,0,0,_,so
493,0,.,0,0,_,.
493,1,JAMES,0,0,_,JAMES
493,1,:,0,0,_,:
493,1,I,0,0,_,I
493,1,was,0,0,_,be
493,1,going,0,0,_,go
493,1,to,0,0,_,to
493,1,time,0,0,_,time
493,1,the,0,0,_,the
493,1,car,0,0,Vehicle,car
493,1,with,0,0,_,with
493,1,my,0,0,_,my
493,1,trusty,0,0,_,trusty
493,1,stopwatch,0,0,_,stopwatch
493,1,.,0,0,_,.
493,2,And,0,0,_,and
493,2,Hammond,0,0,_,Hammond
493,2,'s,0,0,_,be
493,2,bob,0,0,_,bob
493,2,would,0,0,_,would
493,2,be,0,0,_,be
494,0,",",0,0,_,","
494,0,``,0,0,_,`
494,0,she,0,0,_,she
494,0,said,0,0,Statement,say
494,0,",",0,0,_,","
494,0,through,0,0,_,through
494,0,the,0,0,_,the
494,0,helmet,0,0,Accoutrements,helmet
494,0,'s,0,0,_,be
494,0,open,0,0,Openness,open
494,0,visor.,0,0,Accoutrements,visor
494,0,``,0,0,_,`
494,1,Who,0,0,_,who
494,1,'s,0,0,_,be
494,1,gon,0,0,_,gon
494,1,na,0,0,_,na
494,1,time,0,0,_,time
494,1,me,0,0,_,I
494,1,?,0,0,_,?
494,1,``,0,0,_,`
494,2,``,0,0,_,`
494,2,I,0,0,_,I
494,2,will,0,0,_,will
494,2,",",0,0,_,","
494,2,``,0,0,_,`
494,2,said,0,0,Statement,say
494,2,one,0,0,Cardinal_numbers,one
494,2,of,0,0,Partitive,of
494,2,the,0,0,_,the
494,2,guys,0,0,People,guy
495,0,come,0,0,Arriving,come
495,0,to,0,0,Goal,to
495,0,Harlem,0,0,_,Harlem
495,0,.,0,0,_,.
495,1,When,0,0,Temporal_collocation,when
495,1,tourists,0,0,Visiting,tourist
495,1,come,0,0,Arriving,come
495,1,to,0,0,Goal,to
495,1,New,0,0,_,new
495,1,York,0,0,_,york
495,1,City,0,0,_,city
495,1,",",0,0,_,","
495,1,they,0,0,_,they
495,1,want,0,0,Desiring,want
495,1,to,0,0,_,to
495,1,go,0,0,Motion,go
495,1,to,0,0,Goal,to
495,1,Times,0,0,_,time
495,1,Square,0,0,_,square
495,1,",",0,0,_,","
495,1,and,0,0,_,and
495,1,they,0,0,_,they
495,1,want,0,0,Desiring,want
495,1,to,0,0,_,to
495,1,go,0,0,Motion,go
495,1,Harlem,0,0,_,Harlem
495,1,.,0,0,_,.
495,2,They,0,0,_,they
495,2,can,0,0,Capability,can
495,2,buy,0,0,Commerce_buy,buy
495,2,souvenirs,0,0,_,souvenir
496,0,in,0,0,Interior_profile_relation,in
496,0,there,0,0,_,there
496,0,.,0,0,_,.
496,1,TINA,0,0,_,TINA
496,1,:,0,0,_,:
496,1,Stop,1,0,Activity_stop,stop
496,1,it,0,0,_,it
496,1,!,0,0,_,!
496,2,Both,0,0,Quantified_mass,both
496,2,of,0,0,_,of
496,2,you,0,0,_,you
496,2,!,0,0,_,!
496,3,Or,0,0,_,or
496,3,you,0,0,_,you
496,3,'re,0,0,_,be
496,3,going,0,0,_,go
496,3,to,0,0,_,to
496,3,time,0,0,Institutionalization,time
496,3,out,0,0,_,out
496,3,.,0,0,_,.
496,4,I,0,0,_,I
496,4,'m,0,0,_,'
496,4,not,0,0,_,not
496,4,their,0,0,_,their
496,4,mother,0,0,Kinship,mother
496,4,.,0,0,_,.
496,5,It,0,0,_,it
496,5,'s,0,0,_,be
496,5,not,0,0,_,not
496,5,my,0,0,_,my
496,5,position,1,0,Being_employed,position
497,0,the,0,0,_,the
497,0,point,1,0,_,point
497,0,where,1,0,_,where
497,0,I,0,0,_,I
497,0,literally,0,0,_,literally
497,0,was,0,0,_,be
497,0,trying,0,0,Attempt,try
497,0,to,0,0,_,to
497,0,figure,0,0,Coming_to_believe,figure
497,0,out,0,0,Coming_to_believe,out
497,0,",",0,0,_,","
497,0,OK,0,0,_,ok
497,0,",",0,0,_,","
497,0,I,0,0,_,I
497,0,'m,0,0,_,'
497,0,going,0,0,_,go
497,0,to,0,0,_,to
497,0,time,0,0,_,time
497,0,this,1,0,_,this
497,0,performance,0,0,_,performance
497,0,so,0,0,_,so
497,0,that,0,0,_,that
497,0,I,0,0,_,I
497,0,can,0,0,Capability,can
497,0,do,0,0,Intentionally_act,do
497,0,one,0,0,Cardinal_numbers,one
497,0,layback,0,0,_,layback
497,0,spin,0,0,_,spin
497,0,and,0,0,_,and
497,0,",",0,0,_,","
497,0,you,0,0,_,you
498,0,very,0,0,Degree,very
498,0,intentionally,0,0,_,intentionally
498,0,do,0,0,_,do
498,0,not,0,0,_,not
498,0,engage,1,1,Intentionally_act,engage
498,0,in,1,0,_,in
498,0,large,1,0,Size,large
498,0,",",0,0,_,","
498,0,loud,0,0,_,loud
498,0,parties,0,0,Aggregate,party
498,0,;,0,0,_,;
498,0,we,0,0,_,we
498,0,certainly,0,0,Likelihood,certainly
498,0,do,0,0,_,do
498,0,n't,0,0,_,not
498,0,go,0,0,Motion,go
498,0,to,0,0,Goal,to
498,0,Times,0,0,_,time
498,0,Square,0,0,_,square
498,0,.,0,0,_,.
498,1,Actually,0,0,_,actually
498,1,",",0,0,_,","
498,1,I,0,0,_,I
498,1,'ve,0,0,_,'
498,1,always,0,0,Frequency,always
498,1,found,1,1,Becoming_aware,find
498,1,the,0,0,_,the
498,1,changing,0,0,Undergo_change,change
498,1,of,0,0,_,of
498,1,the,0,0,_,the
498,1,year,0,0,Calendric_unit,year
499,0,Well,0,0,_,well
499,0,",",0,0,_,","
499,0,fear,0,0,Experiencer_focus,fear
499,0,of,0,0,_,of
499,0,the,0,0,_,the
499,0,unknown,0,0,Awareness,unknown
499,0,is,0,0,_,be
499,0,going,0,0,_,go
499,0,to,0,0,_,to
499,0,keep,1,0,Preventing_or_letting,keep
499,0,Jan,0,0,_,Jan
499,0,from,0,0,_,from
499,0,the,0,0,_,the
499,0,Bronx,0,0,_,Bronx
499,0,from,1,0,_,from
499,0,going,0,0,Motion,go
499,0,to,0,0,Goal,to
499,0,Times,0,0,_,time
499,0,Square,0,0,_,square
499,0,.,0,0,_,.
499,1,Jan,0,0,_,Jan
499,1,",",0,0,_,","
499,1,are,0,0,_,be
499,1,you,0,0,_,you
499,1,there,0,0,Locative_relation,there
499,1,?,0,0,_,?
499,2,JAN,0,0,_,JAN
499,2,:,0,0,_,:
499,2,Yes,0,0,_,yes
499,2,",",0,0,_,","
499,2,I,0,0,_,I
500,0,could,0,0,Possibility,could
500,0,trip,0,0,_,trip
500,0,or,0,0,_,or
500,0,hurt,0,0,Cause_harm,hurt
500,0,somebody,0,0,_,somebody
500,0,when,0,0,Temporal_collocation,when
500,0,you,0,0,_,you
500,0,run,0,0,Self_motion,run
500,0,in,0,0,_,in
500,0,here,0,0,_,here
500,0,.,0,0,_,.
500,1,You,0,0,_,you
500,1,'ll,0,0,_,will
500,1,have,0,0,Required_event,have
500,1,to,0,0,Required_event,to
500,1,go,0,0,Motion,go
500,1,to,0,0,_,to
500,1,time,0,0,_,time
500,1,out,0,0,_,out
500,1,and,0,0,_,and
500,1,calm,0,0,_,calm
500,1,down.,0,0,_,down
500,1,``,0,0,_,`
500,2,Melissa,0,0,_,Melissa
500,2,is,0,0,_,be
500,2,installed,0,0,Installing,instal
500,2,in,0,0,_,in
500,2,a,0,0,_,a
500,2,chair,0,0,_,chair
500,2,in,0,0,_,in
501,0,Charlottetown.,0,0,_,Charlottetown
501,0,``,0,0,_,`
501,1,Until,0,0,Time_vector,until
501,1,children,0,0,Kinship,child
501,1,understand,0,0,Grasp,understand
501,1,that,0,0,_,that
501,1,you,0,0,_,you
501,1,really,0,0,_,really
501,1,mean,0,0,_,mean
501,1,it,0,0,_,it
501,1,",",0,0,_,","
501,1,they,0,0,_,they
501,1,may,0,0,Likelihood,may
501,1,resist,1,1,_,resist
501,1,going,0,0,Motion,go
501,1,to,1,0,_,to
501,1,time,0,0,_,time
501,1,out,0,0,_,out
501,1,",",0,0,_,","
501,1,leave,1,1,Abandonment,leave
501,1,time,0,0,_,time
501,1,out,0,0,_,out
501,1,repeatedly,0,0,Frequency,repeatedly
501,1,or,0,0,_,or
501,1,have,1,0,_,have
501,1,tantrums,0,0,_,tantrum
501,1,during,0,0,Temporal_collocation,during
501,1,time,0,0,_,time
501,1,out,0,0,_,out
501,1,.,0,0,_,.
502,0,on,0,0,Spatial_contact,on
502,0,your,0,0,_,your
502,0,shoulders,0,0,Body_parts,shoulder
502,0,for,0,0,_,for
502,0,the,0,0,_,the
502,0,next,1,0,_,next
502,0,minute,0,0,Measure_duration,minute
502,0,or,0,0,_,or
502,0,so,0,0,_,so
502,0,.,0,0,_,.
502,1,(,0,0,_,(
502,1,JAMES,0,0,_,JAMES
502,1,),0,0,_,)
502,1,I,0,0,_,I
502,1,was,0,0,_,be
502,1,going,0,0,_,go
502,1,to,0,0,_,to
502,1,time,0,0,_,time
502,1,the,0,0,_,the
502,1,car,0,0,Vehicle,car
502,1,with,0,0,_,with
502,1,my,0,0,_,my
502,1,stopwatch,0,0,_,stopwatch
502,1,and,0,0,_,and
502,1,Hammond,0,0,_,Hammond
502,1,'s,0,0,_,be
502,1,bob,0,0,_,bob
502,1,would,0,0,_,would
502,1,be,0,0,_,be
502,1,timed,0,0,_,time
502,1,by,0,0,_,by
503,0,on,1,0,_,on
503,0,the,0,0,_,the
503,0,program,0,0,Project,program
503,0,(,0,0,_,(
503,0,call,0,0,Contacting,call
503,0,212-382-4020,0,0,_,212
503,0,for,0,0,_,for
503,0,a,0,0,_,a
503,0,free,1,0,Expensiveness,free
503,0,season,0,0,_,season
503,0,brochure,0,0,Text,brochure
503,0,),0,0,_,)
503,0,.,0,0,_,.
503,1,IF,0,0,_,if
503,1,YOU,0,0,_,you
503,1,GO,0,0,Motion,go
503,1,TO,0,0,_,to
503,1,TIMES,0,0,_,TIMES
503,1,SQUARE,0,0,_,square
503,1,#,0,0,_,#
503,1,Where,0,0,Locative_relation,where
503,1,to,0,0,_,to
503,1,eat,0,0,Ingestion,eat
503,1,:,0,0,_,:
503,1,Hangouts,0,0,_,hangout
503,1,for,0,0,_,for
503,1,theater,0,0,Fields,theater
503,1,types,0,0,Type,type
503,1,include,0,0,Inclusion,include
503,1,side-by-side,0,0,_,side
503,1,bistros,0,0,Locale_by_use,bistro
504,0,pull,0,0,Manipulation,pull
504,0,lose,0,0,_,lose
504,0,We,0,0,_,we
504,0,have,0,0,Required_event,have
504,0,to,0,0,Required_event,to
504,0,go,0,0,Motion,go
504,0,through,0,0,_,through
504,0,this,1,0,_,this
504,0,river,0,0,Natural_features,river
504,0,on,0,0,Spatial_contact,on
504,0,this,1,0,_,this
504,0,wooden,0,0,_,wooden
504,0,stroke,1,1,_,stroke
504,0,",",0,0,_,","
504,0,now,0,0,Temporal_collocation,now
504,0,go,0,0,_,go
504,0,to,1,0,_,to
504,0,time,0,0,_,time
504,0,Go,0,0,Motion,go
504,0,to,0,0,_,to
504,0,us,0,0,_,we
504,0,always,0,0,Frequency,always
504,0,to,0,0,_,to
504,0,go,0,0,Motion,go
504,0,home,0,0,Foreign_or_domestic_country,home
504,0,Appreciate,0,0,Judgment,appreciate
504,0,God,0,0,_,God
504,0,Fei,0,0,_,fei
504,0,metre,0,0,Measure_linear_extent,metre
504,0,You,0,0,_,you
504,0,have,0,0,Possession,have
505,0,weekend,0,0,Calendric_unit,weekend
505,0,.,0,0,_,.
505,1,Right,0,0,_,right
505,1,now,0,0,Temporal_collocation,now
505,1,.,0,0,_,.
505,2,This,0,0,_,this
505,2,.,0,0,_,.
505,3,This,0,0,_,this
505,3,?,0,0,_,?
505,4,Oh,0,0,_,oh
505,4,",",0,0,_,","
505,4,come,1,1,_,come
505,4,on,1,0,_,on
505,4,.,0,0,_,.
505,5,We,0,0,_,we
505,5,went,0,0,Motion,go
505,5,to,0,0,Goal,to
505,5,Times,0,0,_,time
505,5,Square,0,0,_,square
505,5,.,0,0,_,.
505,6,We,0,0,_,we
505,6,found,0,0,Locating,find
505,6,ninja,0,0,_,ninja
505,6,stars,0,0,_,star
505,6,.,0,0,_,.
505,7,I,0,0,_,I
505,7,almost,0,0,_,almost
505,7,get,0,0,Transition_to_state,get
505,7,my,0,0,_,my
505,7,arm,0,0,Body_parts,arm
505,7,broken,0,0,Being_operational,break
506,0,Marlon,0,0,_,Marlon
506,0,",",0,0,_,","
506,0,get,1,0,Getting,get
506,0,a,0,0,_,a
506,0,girlfriend,0,0,Personal_relationship,girlfriend
506,0,.,0,0,_,.
506,1,You,0,0,_,you
506,1,know,0,0,Awareness,know
506,1,what,0,0,_,what
506,1,?,0,0,_,?
506,2,Here,0,0,Spatial_co-location,here
506,2,'s,0,0,_,be
506,2,a,0,0,_,a
506,2,quarter,0,0,Part_whole,quarter
506,2,.,0,0,_,.
506,3,Go,0,0,Motion,go
506,3,to,0,0,Goal,to
506,3,Times,0,0,_,time
506,3,Square,0,0,_,square
506,3,",",0,0,_,","
506,3,you,0,0,_,you
506,3,could,0,0,Possibility,could
506,3,get,0,0,Getting,get
506,3,your,0,0,_,your
506,3,own,0,0,_,own
506,3,booth,0,0,_,booth
506,3,.,0,0,_,.
506,4,Hey,0,0,_,hey
506,4,!,0,0,_,!
506,5,You,0,0,_,you
506,5,know,0,0,Awareness,know
507,0,the,0,0,_,the
507,0,telephone,0,0,_,telephone
507,0,began,0,0,Process_start,begin
507,0,to,0,0,_,to
507,0,ring,0,0,Cause_to_make_noise,ring
507,0,again.,0,0,_,again
507,0,``,0,0,_,`
507,1,Come,1,0,_,come
507,1,on,1,0,_,on
507,1,!,0,0,_,!
507,2,The,0,0,_,the
507,2,whole,1,0,Ranked_expectation,whole
507,2,world,0,0,Political_locales,world
507,2,is,0,0,_,be
507,2,going,0,0,Motion,go
507,2,to,0,0,Goal,to
507,2,Times,0,0,_,time
507,2,Square,0,0,_,square
507,2,!,0,0,_,!
507,3,Hurry,0,0,_,hurry
507,3,!,0,0,_,!
507,4,Hurry,0,0,_,hurry
507,4,!,0,0,_,!
507,4,``,0,0,_,`
507,5,From,0,0,_,from
507,5,the,0,0,_,the
507,5,hallway,0,0,Connecting_architecture,hallway
507,5,",",0,0,_,","
507,5,Trudy,0,0,_,Trudy
507,5,could,0,0,Capability,could
508,0,Henson,0,0,_,Henson
508,0,Elementary,0,0,_,elementary
508,0,School,0,0,Locale_by_use,school
508,0,.,0,0,_,.
508,1,Do,0,0,_,do
508,1,you,0,0,_,you
508,1,think,0,0,Opinion,think
508,1,it,0,0,_,it
508,1,'s,0,0,_,be
508,1,a,0,0,_,a
508,1,good,0,0,Desirable_event,good
508,1,idea,0,0,Desirable_event,idea
508,1,to,0,0,_,to
508,1,make,1,0,Causation,make
508,1,people,0,0,People,people
508,1,go,0,0,Motion,go
508,1,to,1,0,_,to
508,1,time,0,0,_,time
508,1,out,0,0,_,out
508,1,?,0,0,_,?
508,2,EMMIT,0,0,_,EMMIT
508,2,WATSON,0,0,_,WATSON
508,2,:,0,0,_,:
508,2,It,0,0,_,it
508,2,'s,0,0,_,be
508,2,hard,1,0,Difficulty,hard
508,2,",",0,0,_,","
508,2,but,0,0,Concessive,but
508,2,it,0,0,_,it
508,2,'s,0,0,_,be
508,2,fair,1,0,_,fair
509,0,:,0,0,_,:
509,0,Mark,0,0,_,mark
509,0,'s,0,0,_,be
509,0,colleagues,0,0,Personal_relationship,colleague
509,0,in,0,0,Interior_profile_relation,in
509,0,the,0,0,_,the
509,0,DA,0,0,_,da
509,0,'s,0,0,_,be
509,0,office,0,0,Building_subparts,office
509,0,admired,0,0,Judgment,admire
509,0,his,0,0,_,his
509,0,strength,0,0,_,strength
509,0,to,0,0,_,to
509,0,fight,1,0,Firefighting,fight
509,0,through,1,0,_,through
509,0,adversity,0,0,_,adversity
509,0,",",0,0,_,","
509,0,but,0,0,_,but
509,0,they,0,0,_,they
509,0,also,0,0,_,also
509,0,got,1,0,_,get
509,0,a,0,0,_,a
509,0,kick,1,0,Experiencer_focus,kick
509,0,out,1,0,_,out
509,0,of,0,0,_,of
509,0,his,0,0,_,his
509,0,weakness,0,0,_,weakness
509,0,",",0,0,_,","
509,0,his,0,0,_,his
509,0,love,0,0,Experiencer_focus,love
509,0,for,0,0,_,for
510,0,a,0,0,_,a
510,0,choice,0,0,Choosing,choice
510,0,whether,0,0,_,whether
510,0,if,0,0,_,if
510,0,you,0,0,_,you
510,0,want,0,0,Desiring,want
510,0,to,0,0,_,to
510,0,just,0,0,_,just
510,0,continue,0,0,Activity_ongoing,continue
510,0,to,0,0,_,to
510,0,go,1,0,Activity_ongoing,go
510,0,on,1,0,Activity_ongoing,on
510,0,and,0,0,_,and
510,0,fight,1,0,Hostile_encounter,fight
510,0,through,1,0,_,through
510,0,adversity,0,0,_,adversity
510,0,",",0,0,_,","
510,0,or,0,0,_,or
510,0,you,0,0,_,you
510,0,can,0,0,Possibility,can
510,0,just,0,0,_,just
510,0,sit,0,0,Posture,sit
510,0,there,0,0,_,there
510,0,and,0,0,_,and
510,0,let,0,0,Preventing_or_letting,let
510,0,it,0,0,_,it
510,0,take,1,0,Conquering,take
510,0,over,1,0,_,over
510,0,you,0,0,_,you
510,0,.,0,0,_,.
510,1,Most,0,0,_,Most
511,0,.,0,0,_,.
511,1,He,0,0,_,he
511,1,taught,0,0,Education_teaching,teach
511,1,me,0,0,_,I
511,1,a,0,0,_,a
511,1,valuable,0,0,Usefulness,valuable
511,1,lesson,0,0,Education_teaching,lesson
511,1,by,0,0,Means,by
511,1,allowing,0,0,Preventing_or_letting,allow
511,1,me,0,0,_,I
511,1,to,0,0,_,to
511,1,fail,0,0,Success_or_failure,fail
511,1,and,0,0,_,and
511,1,fight,1,0,Firefighting,fight
511,1,through,1,0,_,through
511,1,adversity,0,0,_,adversity
511,1,.,0,0,_,.
511,2,#,0,0,_,#
511,2,Oct.,0,0,_,Oct.
511,2,14,0,0,_,14
511,2,",",0,0,_,","
511,2,1984,0,0,_,1984
511,2,:,0,0,_,:
511,2,Detroit,0,0,_,Detroit
511,2,Tigers,0,0,_,tiger
511,2,',0,0,_,'
511,2,Jack,0,0,_,Jack
511,2,Morris,0,0,_,Morris
511,2,pouring,0,0,Filling,pour
511,2,champagne,0,0,_,champagne
511,2,on,0,0,_,on
512,0,.,0,0,_,.
512,0,``,0,0,_,`
512,1,He,0,0,_,he
512,1,'s,0,0,_,be
512,1,a,0,0,_,a
512,1,warrior,1,1,_,warrior
512,1,",",0,0,_,","
512,1,and,0,0,_,and
512,1,he,0,0,_,he
512,1,'s,0,0,_,be
512,1,a,0,0,_,a
512,1,guy,0,0,People,guy
512,1,that,0,0,_,that
512,1,fights,1,0,Firefighting,fight
512,1,through,1,0,_,through
512,1,adversity,0,0,_,adversity
512,1,",",0,0,_,","
512,1,and,0,0,_,and
512,1,I,0,0,_,I
512,1,knew,0,0,Awareness,know
512,1,at,1,0,_,at
512,1,some,0,0,_,some
512,1,point,1,0,_,point
512,1,he,0,0,_,he
512,1,was,0,0,_,be
512,1,going,0,0,_,go
512,1,to,0,0,_,to
512,1,go,0,0,_,go
512,1,win,0,0,Finish_competition,win
512,1,the,0,0,_,the
512,1,game,0,0,_,game
513,0,we,0,0,_,we
513,0,had,1,0,Have_associated,have
513,0,some,0,0,Proportional_quantity,some
513,0,lows,1,1,Position_on_a_scale,low
513,0,.,0,0,_,.
513,1,In,1,0,_,in
513,1,the,0,0,_,the
513,1,end,1,0,_,end
513,1,",",0,0,_,","
513,1,we,0,0,_,we
513,1,'ve,0,0,_,'
513,1,got,0,0,Required_event,get
513,1,to,0,0,Required_event,to
513,1,fight,1,0,Hostile_encounter,fight
513,1,through,1,0,_,through
513,1,adversity,0,0,_,adversity
513,1,.,0,0,_,.
513,2,It,0,0,_,it
513,2,'s,0,0,_,be
513,2,only,0,0,_,only
513,2,going,0,0,_,go
513,2,to,0,0,_,to
513,2,help,0,0,Assistance,help
513,2,you,0,0,_,you
513,2,as,0,0,_,as
513,2,you,0,0,_,you
513,2,go,1,0,Activity_ongoing,go
513,2,on,1,0,Activity_ongoing,on
513,2,.,0,0,_,.
513,3,Football,0,0,_,football
513,3,'s,0,0,_,be
514,0,will,0,0,_,will
514,0,fight,0,0,Hostile_encounter,fight
514,0,until,1,0,_,until
514,0,I,0,0,_,I
514,0,succeed,0,0,Success_or_failure,succeed
514,0,",",0,0,_,","
514,0,``,0,0,_,`
514,0,Parinella,0,0,_,parinella
514,0,said.,0,0,Statement,say
514,0,``,0,0,_,`
514,1,I,0,0,_,I
514,1,will,0,0,_,will
514,1,fight,1,0,Hostile_encounter,fight
514,1,through,1,0,_,through
514,1,adversity,0,0,_,adversity
514,1,.,0,0,_,.
514,2,I,0,0,_,I
514,2,will,0,0,_,will
514,2,fight,1,0,Hostile_encounter,fight
514,2,through,1,0,_,through
514,2,the,0,0,_,the
514,2,tough,1,0,Difficulty,tough
514,2,times,0,0,_,time
514,2,.,0,0,_,.
514,3,I,0,0,_,I
514,3,will,0,0,_,will
514,3,strive,0,0,Attempt,strive
514,3,to,0,0,_,to
514,3,get,0,0,Transition_to_state,get
514,3,where,0,0,_,where
515,0,relationship,0,0,Collaboration,relationship
515,0,.,0,0,_,.
515,1,There,0,0,Existence,there
515,1,will,0,0,_,will
515,1,be,0,0,Existence,be
515,1,times,0,0,Frequency,time
515,1,where,0,0,_,where
515,1,they,0,0,_,they
515,1,bump,1,1,_,bump
515,1,heads,1,0,_,head
515,1,and,0,0,_,and
515,1,have,0,0,Required_event,have
515,1,to,0,0,Required_event,to
515,1,fight,1,0,Hostile_encounter,fight
515,1,through,1,0,_,through
515,1,adversity,0,0,_,adversity
515,1,.,0,0,_,.
515,2,It,0,0,_,it
515,2,might,0,0,Likelihood,might
515,2,be,0,0,_,be
515,2,Monday,0,0,Calendric_unit,Monday
515,2,night.,0,0,Calendric_unit,night
515,2,``,0,0,_,`
515,3,Jon,0,0,_,Jon
515,3,told,0,0,Telling,tell
515,3,USA,0,0,_,USA
515,3,TODAY,0,0,_,today
515,3,Sports,0,0,_,sport
515,3,if,0,0,_,if
515,3,he,0,0,_,he
516,0,impact,1,1,Objective_influence,impact
516,0,on,1,0,_,on
516,0,the,0,0,_,the
516,0,four,0,0,Cardinal_numbers,four
516,0,of,0,0,Partitive,of
516,0,us,0,0,_,we
516,0,.,0,0,_,.
516,1,We,0,0,_,we
516,1,learned,0,0,Education_teaching,learn
516,1,how,0,0,_,how
516,1,to,0,0,_,to
516,1,try,0,0,Attempt,try
516,1,and,0,0,_,and
516,1,fight,1,0,Hostile_encounter,fight
516,1,through,1,0,_,through
516,1,adversity,0,0,_,adversity
516,1,.,0,0,_,.
516,2,Coach,0,0,_,Coach
516,2,got,1,0,Getting,get
516,2,all,0,0,_,all
516,2,in,1,0,_,in
516,2,us,0,0,_,we
516,2,and,0,0,_,and
516,2,made,1,0,Verification,make
516,2,sure,0,0,Verification,sure
516,2,we,0,0,_,we
516,2,were,0,0,_,be
516,2,doing,0,0,Intentionally_act,do
516,2,the,0,0,_,the
516,2,right,0,0,Correctness,right
516,2,thing,1,0,_,thing
517,0,",",0,0,_,","
517,0,the,0,0,_,the
517,0,Pole,0,0,_,pole
517,0,expressed,0,0,Expressing_publicly,express
517,0,his,0,0,_,his
517,0,pleasure,0,0,Experiencer_focus,pleasure
517,0,with,1,0,_,with
517,0,his,0,0,_,his
517,0,race,0,0,Type,race
517,0,so,0,0,Continued_state_of_affairs,so
517,0,far,1,0,Continued_state_of_affairs,far
517,0,",",0,0,_,","
517,0,even,0,0,_,even
517,0,fighting,1,0,Hostile_encounter,fight
517,0,through,1,0,_,through
517,0,adversity,0,0,_,adversity
517,0,.,0,0,_,.
517,1,#,0,0,_,#
517,1,``,0,0,_,`
517,1,So,0,0,Continued_state_of_affairs,so
517,1,far,1,0,Continued_state_of_affairs,far
517,1,",",0,0,_,","
517,1,everything,0,0,_,everything
517,1,is,0,0,_,be
517,1,going,1,0,Successful_action,go
517,1,well,0,0,_,well
517,1,",",0,0,_,","
517,1,``,0,0,_,`
517,1,Marczynski,0,0,_,Marczynski
517,1,noted,0,0,Statement,note
517,1,.,0,0,_,.
518,0,the,0,0,_,the
518,0,break,1,1,_,break
518,0,.,0,0,_,.
518,1,#,0,0,_,#
518,1,Amaker,0,0,_,Amaker
518,1,was,0,0,_,be
518,1,pleased,0,0,Emotion_directed,please
518,1,with,1,0,_,with
518,1,his,0,0,_,his
518,1,team,0,0,Aggregate,team
518,1,'s,0,0,_,be
518,1,ability,0,0,Capability,ability
518,1,to,0,0,_,to
518,1,fight,1,0,Firefighting,fight
518,1,through,1,0,_,through
518,1,adversity,0,0,_,adversity
518,1,in,1,0,_,in
518,1,the,0,0,_,the
518,1,first,0,0,Ordinal_numbers,first
518,1,half,0,0,_,half
518,1,to,0,0,_,to
518,1,keep,1,0,Cause_to_continue,keep
518,1,the,0,0,_,the
518,1,game,0,0,_,game
518,1,close,1,0,Social_connection,close
518,1,.,0,0,_,.
518,2,#,0,0,_,#
518,2,``,0,0,_,`
518,2,We,0,0,_,we
518,2,talked,0,0,Chatting,talk
518,2,about,1,0,_,about
519,0,``,0,0,_,`
519,0,We,0,0,_,we
519,0,understand,0,0,Awareness,understand
519,0,that,0,0,_,that
519,0,.,0,0,_,.
519,1,And,0,0,_,and
519,1,we,0,0,_,we
519,1,just,0,0,_,just
519,1,have,0,0,Required_event,have
519,1,to,0,0,Required_event,to
519,1,be,0,0,_,be
519,1,able,0,0,Capability,able
519,1,to,0,0,_,to
519,1,fight,1,0,Hostile_encounter,fight
519,1,through,1,0,_,through
519,1,adversity,0,0,_,adversity
519,1,and,0,0,_,and
519,1,keep,0,0,Activity_ongoing,keep
519,1,moving,1,0,Motion,move
519,1,forward.,1,0,_,forward
519,1,``,0,0,_,`
519,2,#,0,0,_,#
519,2,BRADSHAW,0,0,_,BRADSHAW
519,2,EXPLAINS,0,0,_,explain
519,2,NON-START,0,0,_,non
519,2,Ahmad,0,0,_,Ahmad
519,2,Bradshaw,0,0,_,Bradshaw
519,2,did,0,0,_,do
519,2,n't,0,0,_,not
519,2,start,0,0,Process_start,start
520,0,3229330,0,0,_,3229330
520,0,Wisconsin,0,0,_,Wisconsin
520,0,Fights,1,0,Hostile_encounter,fight
520,0,Through,1,0,_,through
520,0,Adversity,0,0,_,adversity
520,0,To,0,0,_,to
520,0,Earn,1,0,Getting,earn
520,0,Road,0,0,Roadways,road
520,0,Tie,1,1,Make_cognitive_connection,tie
520,0,At,1,0,_,at
520,0,Minnesota,0,0,_,Minnesota
520,0,#,0,0,_,#
520,0,MINNEAPOLIS,0,0,_,MINNEAPOLIS
520,0,--,0,0,_,--
520,0,It,0,0,_,it
520,0,'s,0,0,_,be
520,0,been,0,0,_,be
520,0,quite,0,0,_,quite
520,0,the,0,0,_,the
520,0,first,0,0,Ordinal_numbers,first
521,0,hung,0,0,_,hang
521,0,int,0,0,_,int
521,0,here,0,0,Locative_relation,here
521,0,and,0,0,_,and
521,0,they,0,0,_,they
521,0,are,0,0,_,be
521,0,hanging,0,0,_,hang
521,0,in,0,0,_,in
521,0,there,0,0,_,there
521,0,together,0,0,_,together
521,0,.,0,0,_,.
521,1,They,0,0,_,they
521,1,have,0,0,_,have
521,1,fought,1,0,Hostile_encounter,fight
521,1,through,1,0,_,through
521,1,adversity,0,0,_,adversity
521,1,since,0,0,Time_vector,since
521,1,a,0,0,_,a
521,1,spring,0,0,Calendric_unit,spring
521,1,ago,0,0,Time_vector,ago
521,1,.,0,0,_,.
521,2,It,0,0,_,it
521,2,'s,0,0,_,be
521,2,almost,0,0,Proportional_quantity,almost
521,2,a,0,0,_,a
521,2,year,0,0,Measure_duration,year
521,2,now,0,0,Temporal_collocation,now
521,2,.,0,0,_,.
521,3,They,0,0,_,they
521,3,'re,0,0,_,be
521,3,going,0,0,Motion,go
522,0,it,0,0,_,it
522,0,'s,0,0,_,be
522,0,going,0,0,_,go
522,0,to,0,0,_,to
522,0,get,0,0,Transition_to_state,get
522,0,better,0,0,Desirability,well
522,0,.,0,0,_,.
522,1,I,0,0,_,I
522,1,'ve,0,0,_,'
522,1,just,0,0,_,just
522,1,got,0,0,Required_event,get
522,1,to,0,0,Required_event,to
522,1,keep,0,0,Activity_ongoing,keep
522,1,fighting,1,0,Firefighting,fight
522,1,through,1,0,_,through
522,1,adversity,0,0,_,adversity
522,1,.,0,0,_,.
522,2,I,0,0,_,I
522,2,can,0,0,Capability,can
522,2,make,1,0,Intentionally_create,make
522,2,plays,0,0,_,play
522,2,",",0,0,_,","
522,2,and,0,0,_,and
522,2,I,0,0,_,I
522,2,know,0,0,Awareness,know
522,2,that,1,0,_,that
522,2,",",0,0,_,","
522,2,and,0,0,_,and
522,2,I,0,0,_,I
522,2,know,0,0,Awareness,know
522,2,my,0,0,_,my
523,0,#,0,0,_,#
523,0,Rivers,0,0,_,river
523,0,says,0,0,Statement,say
523,0,the,0,0,_,the
523,0,team,0,0,Aggregate,team
523,0,has,0,0,_,have
523,0,matured,1,1,Progression,mature
523,0,",",0,0,_,","
523,0,developing,1,1,Cause_to_make_progress,develop
523,0,more,0,0,Increment,more
523,0,week-to-week,0,0,Calendric_unit,week
523,0,focus,1,0,Emphasizing,focus
523,0,in,1,0,_,in
523,0,fighting,1,1,Firefighting,fight
523,0,through,1,0,_,through
523,0,adversity,0,0,_,adversity
523,0,.,0,0,_,.
523,1,He,0,0,_,he
523,1,pointed,0,0,Cause_to_perceive,point
523,1,to,0,0,_,to
523,1,the,0,0,_,the
523,1,calm,1,0,_,calm
523,1,locker,0,0,Building_subparts,locker
523,1,room,0,0,Building_subparts,room
523,1,Sunday,0,0,Calendric_unit,Sunday
523,1,night,0,0,Calendric_unit,night
523,1,",",0,0,_,","
523,1,as,0,0,_,as
523,1,the,0,0,_,the
523,1,team,0,0,Aggregate,team
523,1,that,0,0,_,that
524,0,situation,1,0,_,situation
524,0,is,0,0,_,be
524,0,different,0,0,Similarity,different
524,0,",",0,0,_,","
524,0,and,0,0,_,and
524,0,not,0,0,_,not
524,0,easily,0,0,_,easily
524,0,captured,1,1,_,capture
524,0,in,1,0,_,in
524,0,statistics,0,0,_,statistic
524,0,.,0,0,_,.
524,1,Some,0,0,Proportional_quantity,some
524,1,have,0,0,_,have
524,1,battled,1,1,Hostile_encounter,battle
524,1,through,1,0,_,through
524,1,adversity,0,0,_,adversity
524,1,to,0,0,_,to
524,1,emerge,0,0,Coming_to_be,emerge
524,1,better,0,0,Desirability,well
524,1,off,0,0,_,off
524,1,;,0,0,_,;
524,1,others,0,0,Increment,other
524,1,are,0,0,_,be
524,1,still,0,0,Continued_state_of_affairs,still
524,1,left,0,0,Abandonment,leave
524,1,behind,1,0,Abandonment,behind
524,1,.,0,0,_,.
524,2,Five,0,0,Cardinal_numbers,five
524,2,years,0,0,Calendric_unit,year
524,2,into,1,0,_,into
524,2,the,0,0,_,the
525,0,we,0,0,_,we
525,0,asked,0,0,Questioning,ask
525,0,you,0,0,_,you
525,0,to,0,0,_,to
525,0,send,0,0,Sending,send
525,0,us,0,0,_,we
525,0,your,0,0,_,your
525,0,stories,0,0,_,story
525,0,",",0,0,_,","
525,0,telling,0,0,Telling,tell
525,0,us,0,0,_,we
525,0,how,0,0,_,how
525,0,you,0,0,_,you
525,0,battled,1,1,Hostile_encounter,battle
525,0,through,1,0,_,through
525,0,adversity,0,0,_,adversity
525,0,.,0,0,_,.
525,1,Thousands,0,0,Quantified_mass,thousand
525,1,and,0,0,_,and
525,1,thousands,0,0,Quantified_mass,thousand
525,1,wrote,0,0,Text_creation,write
525,1,in,0,0,_,in
525,1,",",0,0,_,","
525,1,telling,0,0,Telling,tell
525,1,us,0,0,_,we
525,1,how,0,0,_,how
525,1,as,0,0,_,as
525,1,",",0,0,_,","
525,1,in,1,0,_,in
525,1,the,0,0,_,the
525,1,words,0,0,Simple_name,word
526,0,shown,0,0,_,show
526,0,on,1,0,_,on
526,0,ESPN2,0,0,_,ESPN2
526,0,Montreal,0,0,_,Montreal
526,0,coach,0,0,_,coach
526,0,Dan,0,0,_,Dan
526,0,Hawkins,0,0,_,Hawkins
526,0,said,0,0,Statement,say
526,0,:,0,0,_,:
526,0,``,0,0,_,`
526,0,You,0,0,_,you
526,0,have,0,0,Required_event,have
526,0,to,0,0,Required_event,to
526,0,battle,1,1,Hostile_encounter,battle
526,0,through,1,0,_,through
526,0,adversity,0,0,_,adversity
526,0,.,0,0,_,.
526,1,How,0,0,_,how
526,1,you,0,0,_,you
526,1,handle,1,0,Resolve_problem,handle
526,1,that,1,0,_,that
526,1,determines,0,0,Contingency,determine
526,1,a,0,0,Quantified_mass,a
526,1,lot,1,0,Quantified_mass,lot
526,1,who,0,0,_,who
526,1,you,0,0,_,you
526,1,are,0,0,_,be
526,1,as,0,0,_,as
526,1,a,0,0,_,a
526,1,person,0,0,People,person
526,1,and,0,0,_,and
527,0,#,0,0,_,#
527,0,Things,1,0,_,thing
527,0,are,0,0,_,be
527,0,tough,1,0,Difficulty,tough
527,0,right,0,0,Temporal_collocation,right
527,0,now,0,0,Temporal_collocation,now
527,0,",",0,0,_,","
527,0,but,0,0,Concessive,but
527,0,great,1,0,Desirability,great
527,0,teams,0,0,Aggregate,team
527,0,are,0,0,_,be
527,0,made,1,0,Intentionally_create,make
527,0,from,1,0,_,from
527,0,battling,1,1,Hostile_encounter,battle
527,0,through,1,0,_,through
527,0,adversity,0,0,_,adversity
527,0,.,0,0,_,.
527,1,For,0,0,_,for
527,1,UW,0,0,_,UW
527,1,",",0,0,_,","
527,1,there,0,0,Existence,there
527,1,'s,0,0,Existence,be
527,1,no,0,0,_,no
527,1,time,0,0,_,time
527,1,like,0,0,Similarity,like
527,1,the,0,0,_,the
527,1,present,0,0,Temporal_collocation,present
527,1,.,0,0,_,.
527,2,#,0,0,_,#
527,2,Wisconsin,0,0,_,Wisconsin
527,2,heads,1,1,_,head
528,0,ability,0,0,Capability,ability
528,0,to,0,0,_,to
528,0,be,0,0,_,be
528,0,patient,0,0,Waiting,patient
528,0,",",0,0,_,","
528,0,to,0,0,_,to
528,0,not,0,0,_,not
528,0,let,0,0,Preventing_or_letting,let
528,0,mistakes,0,0,Catastrophe,mistake
528,0,bother,0,0,Experiencer_obj,bother
528,0,him,0,0,_,he
528,0,",",0,0,_,","
528,0,to,0,0,_,to
528,0,battle,1,0,Hostile_encounter,battle
528,0,through,1,0,_,through
528,0,adversity,0,0,_,adversity
528,0,of,0,0,_,of
528,0,all,0,0,Quantified_mass,all
528,0,kinds,0,0,Type,kind
528,0,",",0,0,_,","
528,0,struck,1,0,Experiencer_obj,strike
528,0,a,0,0,_,a
528,0,chord,1,1,_,chord
528,0,.,0,0,_,.
528,1,And,0,0,_,and
528,1,so,0,0,_,so
528,1,",",0,0,_,","
528,1,when,0,0,Temporal_collocation,when
528,1,he,0,0,_,he
528,1,shot,1,0,Hit_target,shoot
528,1,74,0,0,_,74
529,0,found,1,0,Coming_to_believe,find
529,0,intractable,0,0,_,intractable
529,0,.,0,0,_,.
529,1,We,0,0,_,we
529,1,are,0,0,_,be
529,1,then,0,0,Temporal_collocation,then
529,1,introduced,1,0,_,introduce
529,1,to,1,0,_,to
529,1,the,0,0,_,the
529,1,``,0,0,_,`
529,1,hero,0,0,_,hero
529,1,``,0,0,_,`
529,1,who,0,0,_,who
529,1,struggles,1,0,Hostile_encounter,struggle
529,1,against,1,0,_,against
529,1,adversity,0,0,_,adversity
529,1,to,0,0,_,to
529,1,emerge,1,1,Coming_to_be,emerge
529,1,vindicated,0,0,Evidence,vindicate
529,1,.,0,0,_,.
529,2,Conflict,0,0,Hostile_encounter,conflict
529,2,",",0,0,_,","
529,2,essential,0,0,Being_necessary,essential
529,2,to,1,0,_,to
529,2,all,0,0,Quantified_mass,all
529,2,good,0,0,Desirability,good
529,2,storytelling,0,0,_,storytelle
529,2,",",0,0,_,","
529,2,is,0,0,_,be
529,2,introduced,1,0,_,introduce
529,2,in,1,0,_,in
530,0,the,0,0,_,the
530,0,Lost,0,0,_,lose
530,0,Civilization,0,0,_,civilization
530,0,.,0,0,_,.
530,1,The,0,0,_,the
530,1,Vindicated,0,0,_,vindicate
530,1,Thinker,0,0,Cogitation,thinker
530,1,",",0,0,_,","
530,1,in,1,0,_,in
530,1,this,1,0,_,this
530,1,case,0,0,Instance,case
530,1,Hancock,0,0,_,Hancock
530,1,",",0,0,_,","
530,1,struggles,1,0,Hostile_encounter,struggle
530,1,against,1,0,_,against
530,1,adversity,0,0,_,adversity
530,1,to,0,0,_,to
530,1,prove,0,0,Evidence,prove
530,1,his,0,0,_,his
530,1,dearly,0,0,_,dearly
530,1,held,1,0,_,hold
530,1,notions,0,0,Awareness,notion
530,1,.,0,0,_,.
530,2,The,0,0,_,the
530,2,locations,0,0,Locale,location
530,2,are,0,0,_,be
530,2,spectacular,0,0,Stimulus_focus,spectacular
530,2,and,0,0,_,and
530,2,come,1,0,_,come
530,2,hard,1,0,_,hard
530,2,on,1,0,_,on
531,0,became,0,0,Becoming,become
531,0,addicted,0,0,Intoxicants,addict
531,0,.,0,0,_,.
531,1,But,0,0,Concessive,but
531,1,essentially,0,0,_,essentially
531,1,",",0,0,_,","
531,1,the,0,0,_,the
531,1,message,1,1,_,message
531,1,of,0,0,_,of
531,1,Lew,0,0,_,Lew
531,1,Puller,0,0,_,puller
531,1,is,0,0,_,be
531,1,really,0,0,_,really
531,1,struggling,1,1,Hostile_encounter,struggle
531,1,against,1,0,_,against
531,1,adversity,0,0,_,adversity
531,1,.,0,0,_,.
531,2,CHRIS,0,0,_,CHRIS
531,2,BURY,0,0,_,bury
531,2,:,0,0,_,:
531,2,voice-over,0,0,_,voice
531,2,From,1,0,Time_vector,from
531,2,the,0,0,_,the
531,2,beginning,0,0,Temporal_subregion,begin
531,2,",",0,0,_,","
531,2,Lewis,0,0,_,Lewis
531,2,Puller,0,0,_,puller
531,2,",",0,0,_,","
531,2,Junior,0,0,_,junior
531,2,had,1,0,Possession,have
531,2,a,0,0,_,a
532,0,are,0,0,_,be
532,0,persistent,0,0,Duration_description,persistent
532,0,in,0,0,Interior_profile_relation,in
532,0,America,0,0,_,America
532,0,.,0,0,_,.
532,1,We,0,0,_,we
532,1,cling,1,1,_,cling
532,1,to,1,0,_,to
532,1,images,1,0,Impression,image
532,1,of,0,0,_,of
532,1,the,0,0,_,the
532,1,farm,0,0,Locale_by_use,farm
532,1,family,0,0,Kinship,family
532,1,struggling,1,1,Hostile_encounter,struggle
532,1,against,1,0,_,against
532,1,adversity,0,0,_,adversity
532,1,",",0,0,_,","
532,1,nurturing,1,1,_,nurture
532,1,life,0,0,_,life
532,1,from,1,0,_,from
532,1,the,0,0,_,the
532,1,land,0,0,_,land
532,1,;,0,0,_,;
532,1,to,1,0,_,to
532,1,ideals,0,0,_,ideal
532,1,of,0,0,_,of
532,1,honesty,0,0,_,honesty
532,1,and,0,0,_,and
532,1,hard,1,0,Difficulty,hard
532,1,work,0,0,Work,work
532,1,;,0,0,_,;
533,0,look,0,0,Perception_active,look
533,0,at,0,0,_,at
533,0,this,0,0,_,this
533,0,is,0,0,_,be
533,0,",",0,0,_,","
533,0,is,0,0,Existence,be
533,0,there,0,0,Existence,there
533,0,some,0,0,Proportional_quantity,some
533,0,benefit,0,0,_,benefit
533,0,to,1,0,_,to
533,0,learning,0,0,Education_teaching,learn
533,0,how,0,0,_,how
533,0,to,0,0,_,to
533,0,struggle,1,1,Hostile_encounter,struggle
533,0,with,1,0,_,with
533,0,adversity,0,0,_,adversity
533,0,?,0,0,_,?
533,1,We,0,0,_,we
533,1,'re,0,0,_,be
533,1,not,0,0,_,not
533,1,convinced,0,0,Certainty,convince
533,1,confidence,0,0,Certainty,confidence
533,1,is,0,0,_,be
533,1,gained,1,0,Getting,gain
533,1,by,0,0,Means,by
533,1,changing,0,0,Cause_change,change
533,1,the,0,0,_,the
533,1,way,1,0,Manner,way
533,1,you,0,0,_,you
533,1,look,0,0,Give_impression,look
533,1,.,0,0,_,.
534,0,1999,0,0,_,1999
534,0,50,0,0,_,50
534,0,Cent,0,0,_,cent
534,0,was,0,0,_,be
534,0,one,0,0,Cardinal_numbers,one
534,0,of,0,0,Partitive,of
534,0,the,0,0,_,the
534,0,thousands,0,0,Quantified_mass,thousand
534,0,of,0,0,_,of
534,0,young,0,0,Age,young
534,0,MC,0,0,_,MC
534,0,'s,0,0,_,be
534,0,",",0,0,_,","
534,0,struggling,1,1,_,struggle
534,0,with,1,0,_,with
534,0,adversity,0,0,_,adversity
534,0,.,0,0,_,.
534,1,My,0,0,_,my
534,1,best,0,0,Personal_relationship,good
534,1,friend,0,0,Personal_relationship,friend
534,1,and,0,0,_,and
534,1,favorite,0,0,_,favorite
534,1,rapper,0,0,_,rapper
534,1,all,0,0,Locative_relation,all
534,1,around,0,0,Locative_relation,around
534,1,the,0,0,_,the
534,1,world,0,0,Political_locales,world
534,1,.,0,0,_,.
534,2,Bring,0,0,Bringing,bring
534,2,forth,1,1,_,forth
534,2,the,0,0,_,the
535,0,",",0,0,_,","
535,0,was,0,0,_,be
535,0,erected,0,0,Building,erect
535,0,in,1,0,Temporal_collocation,in
535,0,1848,0,0,_,1848
535,0,.,0,0,_,.
535,1,The,0,0,_,the
535,1,German,0,0,People_by_origin,german
535,1,Catholics,0,0,People_by_religion,catholic
535,1,of,0,0,Origin,of
535,1,Albany,0,0,_,Albany
535,1,",",0,0,_,","
535,1,though,0,0,Concessive,though
535,1,struggling,1,1,Hostile_encounter,struggle
535,1,with,1,0,_,with
535,1,difficulties,0,0,Difficulty,difficulty
535,1,",",0,0,_,","
535,1,were,0,0,_,be
535,1,soon,0,0,Temporal_collocation,soon
535,1,rearing,1,1,_,rear
535,1,a,0,0,_,a
535,1,near,0,0,_,near
535,1,Gothing,0,0,_,gothing
535,1,church,0,0,Buildings,church
535,1,on,0,0,Spatial_contact,on
535,1,Hamilton,0,0,_,Hamilton
535,1,and,0,0,_,and
535,1,Philip,0,0,_,Philip
535,1,Streets,0,0,Roadways,street
535,1,.,0,0,_,.
535,2,Addressing,0,0,Statement,address
536,0,at,0,0,_,at
536,0,last,0,0,_,last
536,0,.,0,0,_,.
536,1,The,0,0,_,the
536,1,thought,0,0,Awareness,think
536,1,that,0,0,_,that
536,1,many,0,0,Quantified_mass,many
536,1,eyes,0,0,Body_parts,eye
536,1,are,0,0,_,be
536,1,upon,1,0,_,upon
536,1,believers,0,0,_,believer
536,1,",",0,0,_,","
536,1,when,0,0,Temporal_collocation,when
536,1,struggling,1,1,Hostile_encounter,struggle
536,1,with,1,0,_,with
536,1,difficulties,0,0,Difficulty,difficulty
536,1,or,0,0,_,or
536,1,temptations,0,0,Subjective_influence,temptation
536,1,",",0,0,_,","
536,1,should,0,0,Desirable_event,should
536,1,encourage,0,0,Subjective_influence,encourage
536,1,constancy,0,0,_,constancy
536,1,and,0,0,_,and
536,1,patience,0,0,Experiencer_focus,patience
536,1,.,0,0,_,.
536,2,We,0,0,_,we
536,2,are,0,0,_,be
536,2,weak,1,1,Level_of_force_exertion,weak
536,2,",",0,0,_,","
536,2,but,0,0,Concessive,but
536,2,ye,0,0,_,ye
537,0,at,0,0,_,at
537,0,last,0,0,_,last
537,0,.,0,0,_,.
537,1,The,0,0,_,the
537,1,thought,0,0,Awareness,think
537,1,that,0,0,_,that
537,1,many,0,0,Quantified_mass,many
537,1,eyes,0,0,Body_parts,eye
537,1,are,0,0,_,be
537,1,upon,1,0,_,upon
537,1,believers,0,0,_,believer
537,1,",",0,0,_,","
537,1,when,0,0,Temporal_collocation,when
537,1,struggling,1,1,Hostile_encounter,struggle
537,1,with,1,0,_,with
537,1,difficulties,0,0,Difficulty,difficulty
537,1,or,0,0,_,or
537,1,temptations,0,0,Subjective_influence,temptation
537,1,",",0,0,_,","
537,1,should,0,0,Desirable_event,should
537,1,encourage,0,0,Subjective_influence,encourage
537,1,constancy,0,0,_,constancy
537,1,and,0,0,_,and
537,1,patience,0,0,Experiencer_focus,patience
537,1,.,0,0,_,.
537,2,We,0,0,_,we
537,2,are,0,0,_,be
537,2,weak,1,1,Level_of_force_exertion,weak
537,2,",",0,0,_,","
537,2,but,0,0,Concessive,but
537,2,ye,0,0,_,ye
538,0,etc,0,0,_,etc
538,0,.,0,0,_,.
538,1,are,0,0,_,be
538,1,few,1,0,Quantified_mass,few
538,1,and,0,0,_,and
538,1,far,1,0,_,far
538,1,between,1,0,_,between
538,1,.,0,0,_,.
538,2,Maybe,0,0,Likelihood,maybe
538,2,non,0,0,_,non
538,2,existent,0,0,Existence,existent
538,2,.,0,0,_,.
538,3,Families,0,0,Kinship,family
538,3,always,0,0,Frequency,always
538,3,struggle,1,1,Hostile_encounter,struggle
538,3,with,1,0,_,with
538,3,hardship,0,0,_,hardship
538,3,at,1,0,_,at
538,3,times,0,0,Frequency,time
538,3,and,0,0,_,and
538,3,often,0,0,Frequency,often
538,3,misunderstandings,0,0,_,misunderstanding
538,3,and,0,0,_,and
538,3,hurt,1,0,Cause_harm,hurt
538,3,.,0,0,_,.
538,4,#,0,0,_,#
538,4,I,0,0,_,I
538,4,think,0,0,Opinion,think
538,4,the,0,0,_,the
538,4,key,1,0,Importance,key
538,4,is,0,0,_,be
538,4,to,0,0,_,to
539,0,consider,1,0,Cogitation,consider
539,0,those,1,0,_,those
539,0,who,0,0,_,who
539,0,came,1,0,Arriving,come
539,0,before,1,0,Time_vector,before
539,0,us,0,0,_,we
539,0,",",0,0,_,","
539,0,you,0,0,_,you
539,0,realize,0,0,Coming_to_believe,realize
539,0,that,0,0,_,that
539,0,every,0,0,Frequency,every
539,0,age,0,0,Calendric_unit,age
539,0,has,0,0,_,have
539,0,struggled,1,1,Hostile_encounter,struggle
539,0,with,1,0,_,with
539,0,hardship,0,0,_,hardship
539,0,and,0,0,_,and
539,0,uncertainty,0,0,Certainty,uncertainty
539,0,",",0,0,_,","
539,0,suffering,0,0,Catastrophe,suffer
539,0,and,0,0,_,and
539,0,war,0,0,Hostile_encounter,war
539,0,.,0,0,_,.
539,1,#,0,0,_,#
539,1,Every,0,0,_,every
539,1,generation,0,0,_,generation
539,1,has,0,0,_,have
539,1,turned,1,0,_,turn
539,1,to,1,0,_,to
539,1,God,0,0,_,God
539,1,in,1,0,_,in
540,0,Hard,1,0,Difficulty,hard
540,0,Choices,0,0,Choosing,choice
540,0,",",0,0,_,","
540,0,``,0,0,_,`
540,0,right,0,0,Correctness,right
540,0,?,0,0,_,?
540,1,So,0,0,_,so
540,1,",",0,0,_,","
540,1,you,0,0,_,you
540,1,know,0,0,Awareness,know
540,1,",",0,0,_,","
540,1,Mrs.,0,0,_,Mrs.
540,1,Clinton,0,0,_,Clinton
540,1,grappling,1,1,_,grapple
540,1,with,1,0,_,with
540,1,difficulties,0,0,Difficulty,difficulty
540,1,.,0,0,_,.
540,2,She,0,0,_,she
540,2,was,0,0,_,be
540,2,in,1,0,_,in
540,2,difficult,0,0,Difficulty,difficult
540,2,times,0,0,_,time
540,2,.,0,0,_,.
540,3,that,1,0,_,that
540,3,does,0,0,_,do
540,3,n't,0,0,_,not
540,3,have,1,0,_,have
540,3,much,0,0,_,much
540,3,consequence,0,0,_,consequence
540,3,for,0,0,_,for
540,3,her,0,0,_,she
541,0,become,0,0,Becoming,become
541,0,a,0,0,_,a
541,0,hallowed,0,0,_,hallowed
541,0,memory,0,0,Memory,memory
541,0,.,0,0,_,.
541,1,He,0,0,_,he
541,1,is,0,0,_,be
541,1,no,0,0,Temporal_collocation,no
541,1,longer,0,0,Temporal_collocation,long
541,1,a,0,0,_,a
541,1,man,0,0,People,man
541,1,struggling,1,1,Hostile_encounter,struggle
541,1,and,0,0,_,and
541,1,grappling,1,1,Hostile_encounter,grapple
541,1,with,1,0,_,with
541,1,difficulties,0,0,Difficulty,difficulty
541,1,",",0,0,_,","
541,1,as,0,0,_,as
541,1,in,1,0,_,in
541,1,his,0,0,_,his
541,1,letters,0,0,Text,letter
541,1,;,0,0,_,;
541,1,he,0,0,_,he
541,1,has,0,0,_,have
541,1,become,0,0,Becoming,become
541,1,a,0,0,_,a
541,1,heroic,0,0,_,heroic
541,1,figure,0,0,_,figure
541,1,and,0,0,_,and
541,1,towers,1,1,Buildings,tower
541,1,above,0,0,Directional_locative_relation,above
542,0,lesson,1,1,Education_teaching,lesson
542,0,on,1,0,Topic,on
542,0,world,0,0,Political_locales,world
542,0,religions,0,0,_,religion
542,0,.,0,0,_,.
542,1,#,0,0,_,#
542,1,But,0,0,Concessive,but
542,1,in,1,0,Temporal_collocation,in
542,1,recent,0,0,Relative_time,recent
542,1,years,0,0,Calendric_unit,year
542,1,the,0,0,_,the
542,1,school,0,0,Locale_by_use,school
542,1,has,0,0,_,have
542,1,wrestled,1,1,Hostile_encounter,wrestle
542,1,with,1,0,_,with
542,1,difficulties,0,0,Difficulty,difficulty
542,1,that,0,0,_,that
542,1,are,0,0,_,be
542,1,emblematic,0,0,Distinctiveness,emblematic
542,1,of,0,0,_,of
542,1,other,0,0,Increment,other
542,1,small,0,0,Size,small
542,1,schools,0,0,Locale_by_use,school
542,1,',0,0,_,'
542,1,struggles,1,1,Hostile_encounter,struggle
542,1,.,0,0,_,.
542,2,Museum,0,0,Locale_by_use,museum
542,2,'s,0,0,_,be
542,2,founding,0,0,_,found
542,2,co-directors,0,0,_,co
542,2,were,0,0,_,be
543,0,whiteboards,0,0,_,whiteboard
543,0,were,0,0,_,be
543,0,purchased,0,0,Commerce_buy,purchase
543,0,through,1,0,_,through
543,0,a,0,0,_,a
543,0,federal,0,0,Political_locales,federal
543,0,grant,0,0,_,grant
543,0,that,0,0,_,that
543,0,mandated,0,0,Deny_or_grant_permission,mandate
543,0,a,0,0,_,a
543,0,portion,1,0,Part_whole,portion
543,0,of,0,0,_,of
543,0,the,0,0,_,the
543,0,funds,0,0,Money,fund
543,0,be,0,0,_,be
543,0,reserved,0,0,_,reserve
543,0,for,0,0,_,for
543,0,training,0,0,Education_teaching,training
543,0,in,1,0,_,in
543,0,the,0,0,_,the
543,0,use,0,0,Using,use
543,0,of,0,0,_,of
543,0,the,0,0,_,the
543,0,boards,0,0,_,board
543,0,and,0,0,_,and
543,0,other,0,0,Increment,other
543,0,technologies,0,0,Artifact,technology
543,0,obtained,0,0,Getting,obtain
543,0,with,1,0,_,with
543,0,the,0,0,_,the
543,0,funding,0,0,_,fund
544,0,.,0,0,_,.
544,1,I,0,0,_,I
544,1,see,1,0,Perception_experience,see
544,1,.,0,0,_,.
544,2,So,0,0,_,so
544,2,",",0,0,_,","
544,2,now,0,0,Temporal_collocation,now
544,2,my,0,0,_,my
544,2,son,0,0,Kinship,son
544,2,lives,0,0,Residence,live
544,2,on,1,0,Process_continue,on
544,2,forever,0,0,_,forever
544,2,in,0,0,Interior_profile_relation,in
544,2,some,0,0,Proportional_quantity,some
544,2,Valhalla,0,0,_,Valhalla
544,2,reserved,1,1,_,reserve
544,2,for,0,0,_,for
544,2,training,0,0,Education_teaching,training
544,2,accidents,0,0,Catastrophe,accident
544,2,.,0,0,_,.
544,3,The,0,0,_,the
544,3,tragedy,0,0,Catastrophe,tragedy
544,3,of,0,0,_,of
544,3,his,0,0,_,his
544,3,death,0,0,Death,death
544,3,does,0,0,_,do
544,3,n't,0,0,_,not
544,3,diminish,0,0,_,diminish
544,3,the,0,0,_,the
544,3,honour,0,0,Stimulus_focus,honour
544,3,",",0,0,_,","
545,0,Projects,0,0,Project,project
545,0,By,0,0,_,by
545,0,The,0,0,_,the
545,0,Gorilla,0,0,_,Gorilla
545,0,About,1,0,Topic,about
545,0,GreyscaleGorilla,0,0,_,GreyscaleGorilla
545,0,#,0,0,_,#
545,0,Greyscalegorilla,0,0,_,greyscalegorilla
545,0,is,0,0,_,be
545,0,an,0,0,_,an
545,0,active,1,0,Being_active,active
545,0,community,0,0,Aggregate,community
545,0,and,0,0,_,and
545,0,resource,1,0,_,resource
545,0,for,0,0,_,for
545,0,training,0,0,Education_teaching,training
545,0,and,0,0,_,and
545,0,tools,1,1,Gizmo,tool
545,0,for,0,0,_,for
545,0,creative,0,0,_,creative
545,0,types,0,0,Type,type
545,0,.,0,0,_,.
545,1,We,0,0,_,we
545,1,want,0,0,Desiring,want
545,1,to,0,0,_,to
545,1,make,1,0,Cause_change,make
545,1,learning,0,0,Education_teaching,learn
545,1,more,0,0,_,more
545,1,accessible,0,0,Having_or_lacking_access,accessible
546,0,I,0,0,_,I
546,0,thought,0,0,Awareness,think
546,0,.,0,0,_,.
546,1,JON-WERTHEIM,0,0,_,JON
546,1,),0,0,_,)
546,1,(,0,0,_,(
546,1,voiceover,0,0,_,voiceover
546,1,:,0,0,_,:
546,1,When,0,0,Temporal_collocation,when
546,1,a,0,0,_,a
546,1,rolldown,0,0,_,rolldown
546,1,was,0,0,_,be
546,1,announced,0,0,Statement,announce
546,1,",",0,0,_,","
546,1,Jerry,0,0,_,jerry
546,1,sprang,1,0,Self_motion,spring
546,1,into,1,0,_,into
546,1,action,0,0,Intentionally_act,action
546,1,.,0,0,_,.
546,2,He,0,0,_,he
546,2,bought,0,0,Commerce_buy,buy
546,2,thirty-six,0,0,_,thirty
546,2,hundred,0,0,_,hundred
546,2,dollars,0,0,_,dollar
546,2,in,1,0,_,in
546,2,Winfall,0,0,_,Winfall
546,2,tickets,0,0,_,ticket
546,2,and,0,0,_,and
546,2,won,0,0,Earnings_and_losses,win
546,2,sixty-three,0,0,_,sixty
546,2,hundred,0,0,_,hundred
546,2,dollars,0,0,_,dollar
546,2,.,0,0,_,.
547,0,the,0,0,_,the
547,0,lifeless,0,0,Dead_or_alive,lifeless
547,0,form,0,0,_,form
547,0,on,0,0,Spatial_contact,on
547,0,the,0,0,_,the
547,0,ground,0,0,_,ground
547,0,",",0,0,_,","
547,0,Rhett,0,0,_,Rhett
547,0,broke,1,0,_,break
547,0,from,1,0,_,from
547,0,the,0,0,_,the
547,0,spell,1,1,_,spell
547,0,and,0,0,_,and
547,0,sprung,1,1,Self_motion,spring
547,0,into,1,0,_,into
547,0,action,0,0,Intentionally_act,action
547,0,.,0,0,_,.
547,1,#,0,0,_,#
547,1,This,1,0,_,this
547,1,was,0,0,_,be
547,1,wrong,0,0,Correctness,wrong
547,1,",",0,0,_,","
547,1,so,0,0,_,so
547,1,incredibly,0,0,_,incredibly
547,1,wrong,0,0,Correctness,wrong
547,1,.,0,0,_,.
547,2,He,0,0,_,he
547,2,was,0,0,_,be
547,2,n't,0,0,_,not
547,2,supposed,0,0,_,suppose
547,2,to,0,0,_,to
548,0,#,0,0,_,#
548,0,Carus,0,0,_,Carus
548,0,",",0,0,_,","
548,0,living,0,0,Residence,live
548,0,on,0,0,Spatial_contact,on
548,0,the,0,0,_,the
548,0,streets,0,0,Roadways,street
548,0,and,0,0,_,and
548,0,a,0,0,_,a
548,0,fentanyl,0,0,Intoxicants,fentanyl
548,0,user,0,0,Using,user
548,0,himself,0,0,_,himself
548,0,",",0,0,_,","
548,0,sprang,1,0,Self_motion,spring
548,0,into,1,0,_,into
548,0,action,0,0,Intentionally_act,action
548,0,.,0,0,_,.
548,1,He,0,0,_,he
548,1,prepared,0,0,Activity_prepare,prepare
548,1,a,0,0,_,a
548,1,shot,0,0,Hit_target,shoot
548,1,of,0,0,_,of
548,1,naloxone,0,0,Substance,naloxone
548,1,and,0,0,_,and
548,1,told,0,0,Telling,tell
548,1,a,0,0,_,a
548,1,bystander,0,0,_,bystander
548,1,to,0,0,_,to
548,1,call,0,0,Contacting,call
548,1,911,0,0,_,911
548,1,.,0,0,_,.
549,0,Meili,0,0,_,meili
549,0,picked,0,0,Getting,pick
549,0,up,0,0,_,up
549,0,a,0,0,_,a
549,0,girl,0,0,People,girl
549,0,he,0,0,_,he
549,0,met,0,0,Make_acquaintance,meet
549,0,on,1,0,_,on
549,0,his,0,0,_,his
549,0,dating,0,0,Forming_relationships,date
549,0,app,0,0,_,app
549,0,",",0,0,_,","
549,0,police,0,0,_,police
549,0,sprang,1,1,Self_motion,spring
549,0,into,1,0,_,into
549,0,action,0,0,Intentionally_act,action
549,0,.,0,0,_,.
549,1,#,0,0,_,#
549,1,They,0,0,_,they
549,1,scoured,0,0,Scrutiny,scour
549,1,the,0,0,_,the
549,1,nearby,0,0,Locative_relation,nearby
549,1,woods,0,0,Biological_area,woods
549,1,and,0,0,_,and
549,1,knocked,0,0,_,knock
549,1,on,0,0,_,on
549,1,doors,0,0,Connecting_architecture,door
549,1,in,0,0,Interior_profile_relation,in
549,1,Republic,0,0,_,Republic
549,1,",",0,0,_,","
549,1,Mo,0,0,_,mo
549,1,.,0,0,_,.
550,0,public,0,0,Secrecy_status,public
550,0,outcry,0,0,Attempt_suasion,outcry
550,0,to,0,0,_,to
550,0,``,0,0,_,`
550,0,do,0,0,Intentionally_act,do
550,0,something,0,0,_,something
550,0,",",0,0,_,","
550,0,``,0,0,_,`
550,0,prompted,0,0,Cause_to_start,prompt
550,0,the,0,0,_,the
550,0,DeWine,0,0,_,dewine
550,0,administration,0,0,_,administration
550,0,to,0,0,_,to
550,0,spring,1,0,Self_motion,spring
550,0,into,1,0,_,into
550,0,action,0,0,Intentionally_act,action
550,0,.,0,0,_,.
550,1,The,0,0,_,the
550,1,move,1,0,Intentionally_act,move
550,1,drew,1,0,Cause_motion,draw
550,1,praise,0,0,Judgment_communication,praise
550,1,from,1,0,_,from
550,1,Democrats,0,0,_,Democrats
550,1,across,1,0,Locative_relation,across
550,1,the,0,0,_,the
550,1,state,0,0,Political_locales,state
550,1,",",0,0,_,","
550,1,and,0,0,_,and
550,1,a,0,0,_,a
550,1,public,0,0,Secrecy_status,public
550,1,reaction,1,0,Response,reaction
551,0,that,0,0,_,that
551,0,had,0,0,_,have
551,0,fallen,0,0,Motion_directional,fall
551,0,through,0,0,_,through
551,0,the,0,0,_,the
551,0,ice,0,0,_,ice
551,0,into,0,0,Goal,into
551,0,a,0,0,_,a
551,0,pond,0,0,Natural_features,pond
551,0,.,0,0,_,.
551,1,The,0,0,_,the
551,1,firefighters,0,0,People_by_vocation,firefighter
551,1,quickly,0,0,Speed_description,quickly
551,1,spring,1,0,Self_motion,spring
551,1,into,1,0,_,into
551,1,action,0,0,Intentionally_act,action
551,1,",",0,0,_,","
551,1,rushed,0,0,Self_motion,rush
551,1,to,0,0,_,to
551,1,the,0,0,_,the
551,1,dog,0,0,Animals,dog
551,1,'s,0,0,_,be
551,1,location,0,0,Locale,location
551,1,.,0,0,_,.
551,2,They,0,0,_,they
551,2,found,0,0,Becoming_aware,find
551,2,him,0,0,_,he
551,2,struggling,0,0,Hostile_encounter,struggle
551,2,in,0,0,Interior_profile_relation,in
551,2,the,0,0,_,the
551,2,frigid,0,0,Ambient_temperature,frigid
552,0,hit,0,0,Attack,hit
552,0,man,0,0,People,man
552,0,",",0,0,_,","
552,0,but,0,0,Concessive,but
552,0,Javier,0,0,_,Javier
552,0,was,0,0,_,be
552,0,really,0,0,_,really
552,0,an,0,0,_,an
552,0,undercover,0,0,_,undercover
552,0,cop,0,0,People_by_vocation,cop
552,0,.,0,0,_,.
552,1,So,0,0,_,so
552,1,police,0,0,_,police
552,1,spring,1,0,Self_motion,spring
552,1,into,1,0,_,into
552,1,action,0,0,Intentionally_act,action
552,1,",",0,0,_,","
552,1,immediately,0,0,_,immediately
552,1,reaching,1,0,_,reach
552,1,out,1,0,_,out
552,1,to,1,0,_,to
552,1,Valerie,0,0,_,Valerie
552,1,'s,0,0,_,be
552,1,ex-husband,0,0,Personal_relationship,ex
552,1,Mack,0,0,_,Mack
552,1,to,0,0,_,to
552,1,tip,0,0,_,tip
552,1,him,0,0,_,he
552,1,off,0,0,_,off
552,1,.,0,0,_,.
552,2,And,0,0,_,and
553,0,the,0,0,_,the
553,0,country,0,0,Political_locales,country
553,0,.,0,0,_,.
553,1,And,0,0,_,and
553,1,",",0,0,_,","
553,1,with,1,0,_,with
553,1,American,0,0,Origin,american
553,1,jobs,0,0,Being_employed,job
553,1,in,1,0,_,in
553,1,jeopardy,0,0,Risky_situation,jeopardy
553,1,",",0,0,_,","
553,1,Trump,0,0,_,trump
553,1,immediately,0,0,_,immediately
553,1,sprung,1,1,Self_motion,spring
553,1,into,1,0,_,into
553,1,action,0,0,Intentionally_act,action
553,1,and,0,0,_,and
553,1,wrote,0,0,Text_creation,write
553,1,a,0,0,_,a
553,1,tweet,0,0,Text,tweet
553,1,about,1,0,_,about
553,1,how,0,0,_,how
553,1,that,1,0,_,that
553,1,hurts,1,0,Experiencer_obj,hurt
553,1,his,0,0,_,his
553,1,feelings,0,0,Feeling,feeling
553,1,.,0,0,_,.
553,2,(,0,0,_,(
553,2,LAUGHTER,0,0,_,laughter
553,2,SAGAL,0,0,_,SAGAL
553,2,),0,0,_,)
553,2,:,0,0,_,:
553,2,It,0,0,_,it
554,0,was,0,0,_,be
554,0,Russian-,0,0,Origin,russian-
554,0,linked,1,1,Cognitive_connection,link
554,0,bots,0,0,_,bot
554,0,.,0,0,_,.
554,1,It,0,0,_,it
554,1,was,0,0,_,be
554,1,meant,0,0,_,mean
554,1,to,0,0,_,to
554,1,amplify,0,0,_,amplify
554,1,political,0,0,_,political
554,1,divisions,1,1,_,division
554,1,",",0,0,_,","
554,1,sprang,1,1,_,spring
554,1,into,1,0,_,into
554,1,action,0,0,Intentionally_act,action
554,1,on,1,0,_,on
554,1,social,0,0,_,social
554,1,media,0,0,_,medium
554,1,",",0,0,_,","
554,1,calling,1,0,Request,call
554,1,for,0,0,_,for
554,1,that,1,0,_,that
554,1,memo,0,0,Text,memo
554,1,'s,0,0,_,be
554,1,release,0,0,Releasing,release
554,1,.,0,0,_,.
554,2,And,0,0,_,and
554,2,of,0,0,_,of
554,2,course,0,0,_,course
554,2,they,0,0,_,they
555,0,Mrs.,0,0,_,Mrs.
555,0,Proulx,0,0,_,Proulx
555,0,.,0,0,_,.
555,1,#,0,0,_,#
555,1,Like,0,0,Similarity,like
555,1,Joan,0,0,_,Joan
555,1,of,0,0,_,of
555,1,Arc,0,0,_,arc
555,1,",",0,0,_,","
555,1,like,0,0,Similarity,like
555,1,Clara,0,0,_,Clara
555,1,Barton,0,0,_,Barton
555,1,",",0,0,_,","
555,1,Meg,0,0,_,Meg
555,1,sprang,1,0,Self_motion,spring
555,1,into,1,0,_,into
555,1,action,0,0,Intentionally_act,action
555,1,",",0,0,_,","
555,1,racing,1,1,Self_motion,racing
555,1,for,0,0,_,for
555,1,the,0,0,_,the
555,1,broom,0,0,_,broom
555,1,closet,0,0,Building_subparts,closet
555,1,while,0,0,Temporal_collocation,while
555,1,Joe,0,0,_,Joe
555,1,ran,0,0,Self_motion,run
555,1,through,0,0,_,through
555,1,the,0,0,_,the
555,1,glass,0,0,Substance,glass
555,1,and,0,0,_,and
555,1,went,0,0,Motion,go
555,1,down,0,0,_,down
556,0,did,0,0,_,do
556,0,not,0,0,_,not
556,0,mention,1,0,Statement,mention
556,0,Wendy,0,0,_,wendy
556,0,'s,0,0,_,be
556,0,in,1,0,_,in
556,0,its,0,0,_,its
556,0,marketing,0,0,_,marketing
556,0,",",0,0,_,","
556,0,the,0,0,_,the
556,0,rival,0,0,Evaluative_comparison,rival
556,0,chain,0,0,Businesses,chain
556,0,quickly,0,0,_,quickly
556,0,sprung,1,1,_,spring
556,0,into,1,0,_,into
556,0,action,1,0,Intentionally_act,action
556,0,to,0,0,_,to
556,0,respond,1,0,Response,respond
556,0,to,1,0,_,to
556,0,the,0,0,_,the
556,0,larger,1,1,Size,large
556,0,chain,0,0,Businesses,chain
556,0,encroaching,1,1,_,encroach
556,0,on,1,0,_,on
556,0,its,0,0,_,its
556,0,fresh-beef,0,0,_,fresh
556,0,territory,1,1,Political_locales,territory
556,0,.,0,0,_,.
557,0,of,0,0,_,of
557,0,a,0,0,_,a
557,0,freezer,0,0,_,freezer
557,0,in,0,0,Interior_profile_relation,in
557,0,Atlanta,0,0,_,Atlanta
557,0,",",0,0,_,","
557,0,a,0,0,_,a
557,0,symbol,0,0,Sign,symbol
557,0,of,0,0,_,of
557,0,a,0,0,_,a
557,0,system,0,0,System,system
557,0,that,0,0,_,that
557,0,often,0,0,Frequency,often
557,0,springs,1,1,_,spring
557,0,into,1,0,_,into
557,0,action,1,0,Intentionally_act,action
557,0,only,0,0,_,only
557,0,when,0,0,Temporal_collocation,when
557,0,a,0,0,_,a
557,0,pathogen,0,0,Toxic_substance,pathogen
557,0,is,0,0,_,be
557,0,deemed,0,0,Categorization,deem
557,0,a,0,0,_,a
557,0,threat,0,0,Risky_situation,threat
557,0,to,0,0,_,to
557,0,Americans,0,0,People_by_origin,Americans
557,0,.,0,0,_,.
557,1,#,0,0,_,#
557,1,In,1,0,Temporal_collocation,in
557,1,September,0,0,Calendric_unit,September
557,1,2017,0,0,_,2017
558,0,had,1,0,Possession,have
558,0,a,0,0,_,a
558,0,lead,1,0,_,lead
558,0,to,0,0,_,to
558,0,take,1,0,Bringing,take
558,0,to,0,0,Goal,to
558,0,Old,0,0,_,old
558,0,Trafford,0,0,_,Trafford
558,0,.,0,0,_,.
558,1,#,0,0,_,#
558,1,The,0,0,_,the
558,1,Spain,0,0,_,Spain
558,1,international,0,0,Foreign_or_domestic_country,international
558,1,sprung,1,1,Self_motion,spring
558,1,into,1,0,_,into
558,1,action,0,0,Intentionally_act,action
558,1,in,1,0,Temporal_collocation,in
558,1,the,0,0,_,the
558,1,first,0,0,Ordinal_numbers,first
558,1,half,0,0,_,half
558,1,to,0,0,_,to
558,1,somehow,0,0,_,somehow
558,1,keep,0,0,Protecting,keep
558,1,out,0,0,_,out
558,1,Luis,0,0,_,Luis
558,1,Muriel,0,0,_,Muriel
558,1,'s,0,0,_,be
558,1,bullet,0,0,Weapon,bullet
558,1,header,0,0,_,header
558,1,.,0,0,_,.
558,2,As,0,0,_,as
559,0,When,0,0,Temporal_collocation,when
559,0,Corbin,0,0,_,Corbin
559,0,'s,0,0,_,be
559,0,husband,0,0,Personal_relationship,husband
559,0,was,0,0,_,be
559,0,killed,0,0,Killing,kill
559,0,by,0,0,_,by
559,0,enemy,0,0,_,enemy
559,0,fire,0,0,_,fire
559,0,",",0,0,_,","
559,0,the,0,0,_,the
559,0,young,0,0,Age,young
559,0,woman,0,0,People,woman
559,0,sprang,1,1,Self_motion,spring
559,0,into,1,0,_,into
559,0,action,0,0,Intentionally_act,action
559,0,.,0,0,_,.
559,1,Well-versed,0,0,Expertise,well
559,1,in,1,0,_,in
559,1,how,0,0,_,how
559,1,to,0,0,_,to
559,1,operate,0,0,Operating_a_system,operate
559,1,a,0,0,_,a
559,1,cannon,0,0,Weapon,cannon
559,1,",",0,0,_,","
559,1,she,0,0,_,she
559,1,assumed,1,0,Adopt_selection,assume
559,1,an,0,0,_,an
559,1,artilleryman,0,0,_,artilleryman
559,1,'s,0,0,_,be
559,1,position,1,0,Posture,position
560,0,has,1,0,_,have
560,0,his,0,0,_,his
560,0,attention,0,0,Attention,attention
560,0,focused,1,0,Emphasizing,focus
560,0,on,1,0,_,on
560,0,the,0,0,_,the
560,0,field,0,0,Fields,field
560,0,.,0,0,_,.
560,1,#,0,0,_,#
560,1,Revolution,0,0,Change_of_leadership,revolution
560,1,keeper,0,0,People_by_vocation,keeper
560,1,Matt,0,0,_,Matt
560,1,Turner,0,0,_,Turner
560,1,sprang,1,0,Self_motion,spring
560,1,into,1,0,_,into
560,1,action,0,0,Intentionally_act,action
560,1,",",0,0,_,","
560,1,though,0,0,Concessive,though
560,1,",",0,0,_,","
560,1,diving,0,0,Self_motion,dive
560,1,to,0,0,_,to
560,1,his,0,0,_,his
560,1,left,0,0,Direction,leave
560,1,and,0,0,_,and
560,1,turning,0,0,_,turn
560,1,aside,0,0,_,aside
560,1,Jack,0,0,_,Jack
560,1,Price,0,0,_,price
560,1,'s,0,0,_,be
560,1,penalty,0,0,_,penalty
560,1,in,0,0,_,in
561,0,So,0,0,_,so
561,0,by,0,0,Means,by
561,0,playing,0,0,_,play
561,0,the,0,0,_,the
561,0,sound,0,0,Sensation,sound
561,0,of,0,0,_,of
561,0,puppies,0,0,People_by_age,puppy
561,0,crying,0,0,Communication_noise,cry
561,0,on,0,0,Spatial_contact,on
561,0,a,0,0,_,a
561,0,phone,0,0,_,phone
561,0,",",0,0,_,","
561,0,she,0,0,_,she
561,0,sprung,1,1,Self_motion,spring
561,0,into,1,0,_,into
561,0,action,0,0,Intentionally_act,action
561,0,",",0,0,_,","
561,0,leading,0,0,Cotheme,lead
561,0,the,0,0,_,the
561,0,rescuers,0,0,Rescuing,rescuer
561,0,to,0,0,_,to
561,0,two,0,0,Cardinal_numbers,two
561,0,miles,0,0,Measure_linear_extent,mile
561,0,out,0,0,_,out
561,0,into,0,0,_,into
561,0,the,0,0,_,the
561,0,country,0,0,Locale_by_use,country
561,0,into,0,0,_,into
561,0,an,0,0,_,an
561,0,abandoned,0,0,Abandonment,abandon
561,0,farmhouse,0,0,Locale_by_use,farmhouse
562,0,.,0,0,_,.
562,1,So,0,0,_,so
562,1,``,0,0,_,`
562,1,The,0,0,_,the
562,1,Weekly,0,0,_,weekly
562,1,Standard,0,0,_,standard
562,1,``,0,0,_,`
562,1,reports,1,0,Statement,report
562,1,that,0,0,_,that
562,1,Republican,0,0,_,republican
562,1,Senator,0,0,_,Senator
562,1,Tom,0,0,_,Tom
562,1,Cotton,0,0,_,cotton
562,1,sprung,1,1,Self_motion,spring
562,1,into,1,0,_,into
562,1,action,0,0,Intentionally_act,action
562,1,and,0,0,_,and
562,1,demanded,0,0,Request,demand
562,1,that,0,0,_,that
562,1,Schumer,0,0,_,Schumer
562,1,keep,1,0,Compliance,keep
562,1,his,0,0,_,his
562,1,word,0,0,_,word
562,1,.,0,0,_,.
562,2,After,0,0,Time_vector,after
562,2,Donald,0,0,_,Donald
562,2,Trump,0,0,_,trump
562,2,was,0,0,_,be
562,2,a,0,0,_,a
562,2,sworn,0,0,_,swear
562,2,in,1,0,_,in
563,0,when,0,0,Temporal_collocation,when
563,0,we,0,0,_,we
563,0,get,0,0,Getting,get
563,0,it.,0,0,_,it
563,0,``,0,0,_,`
563,1,#,0,0,_,#
563,1,The,0,0,_,the
563,1,rest,0,0,Increment,rest
563,1,of,0,0,_,of
563,1,the,0,0,_,the
563,1,watch,0,0,_,watch
563,1,team,0,0,Aggregate,team
563,1,sprang,1,0,Self_motion,spring
563,1,into,1,0,_,into
563,1,action,0,0,Intentionally_act,action
563,1,as,0,0,_,as
563,1,chat,0,0,Chatting,chat
563,1,windows,0,0,Connecting_architecture,window
563,1,opened,0,0,Openness,open
563,1,and,0,0,_,and
563,1,questions,0,0,Questioning,question
563,1,-,0,0,_,-
563,1,but,0,0,Concessive,but
563,1,few,0,0,Quantified_mass,few
563,1,answers,0,0,Communication_response,answer
563,1,-,0,0,_,-
563,1,streamed,1,1,Self_motion,stream
563,1,back,1,0,_,back
563,1,and,0,0,_,and
563,1,forth,1,0,_,forth
564,0,zombie,0,0,_,zombie
564,0,fungus,0,0,Medical_conditions,fungus
564,0,is,0,0,_,be
564,0,that,0,0,_,that
564,0,it,0,0,_,it
564,0,gets,1,0,Getting,get
564,0,a,0,0,_,a
564,0,slow-motion,0,0,_,slow
564,0,response,1,0,Response,response
564,0,.,0,0,_,.
564,1,Instead,0,0,_,instead
564,1,of,0,0,_,of
564,1,everyone,0,0,_,everyone
564,1,springing,1,1,Self_motion,spring
564,1,into,1,0,_,into
564,1,action,0,0,Intentionally_act,action
564,1,",",0,0,_,","
564,1,everyone,0,0,_,everyone
564,1,writes,0,0,Text_creation,write
564,1,procedures,0,0,Means,procedure
564,1,on,1,0,_,on
564,1,how,0,0,_,how
564,1,to,0,0,_,to
564,1,deal,1,0,Resolve_problem,deal
564,1,with,1,0,_,with
564,1,the,0,0,_,the
564,1,crisis,1,1,Catastrophe,crisis
564,1,",",0,0,_,","
564,1,and,0,0,_,and
564,1,it,0,0,_,it
564,1,all,0,0,_,all
565,0,and,0,0,_,and
565,0,a,0,0,_,a
565,0,team,0,0,Aggregate,team
565,0,of,0,0,_,of
565,0,pilots,0,0,People_by_vocation,pilot
565,0,",",0,0,_,","
565,0,engineers,0,0,People_by_vocation,engineer
565,0,",",0,0,_,","
565,0,navigators,0,0,_,navigator
565,0,",",0,0,_,","
565,0,technicians,0,0,People_by_vocation,technician
565,0,and,0,0,_,and
565,0,scientists,0,0,People_by_vocation,scientist
565,0,spring,1,0,Self_motion,spring
565,0,into,1,0,_,into
565,0,action,0,0,Intentionally_act,action
565,0,.,0,0,_,.
565,1,About,1,0,Proportional_quantity,about
565,1,100,0,0,Cardinal_numbers,100
565,1,people,0,0,People,people
565,1,work,0,0,Being_employed,work
565,1,alongside,0,0,_,alongside
565,1,her,0,0,_,she
565,1,at,0,0,Locative_relation,at
565,1,MacDill,0,0,_,macdill
565,1,",",0,0,_,","
565,1,where,0,0,Locative_relation,where
565,1,she,0,0,_,she
565,1,is,0,0,_,be
565,1,NOAA,0,0,_,NOAA
565,1,'s,0,0,_,be
566,0,4195843,0,0,_,4195843
566,0,#,0,0,_,#
566,0,Information,0,0,Information,information
566,0,technology,0,0,Artifact,technology
566,0,professionals,0,0,Expertise,professional
566,0,at,0,0,Locative_relation,at
566,0,hospitals,0,0,Buildings,hospital
566,0,across,0,0,Locative_relation,across
566,0,Minnesota,0,0,_,Minnesota
566,0,sprang,1,1,Self_motion,spring
566,0,into,1,0,_,into
566,0,action,0,0,Intentionally_act,action
566,0,and,0,0,_,and
566,0,worked,0,0,Work,work
566,0,on,1,0,_,on
566,0,cybersecurity,0,0,_,cybersecurity
566,0,preparations,0,0,Activity_prepare,preparation
566,0,throughout,1,0,_,throughout
566,0,the,0,0,Calendric_unit,the
566,0,weekend,0,0,Calendric_unit,weekend
566,0,to,0,0,_,to
566,0,avoid,0,0,Preventing_or_letting,avoid
566,0,the,0,0,_,the
566,0,crippling,0,0,_,cripple
566,0,``,0,0,_,`
566,0,ransomware,0,0,_,ransomware
566,0,``,0,0,_,`
567,0,(,0,0,_,(
567,0,plane,0,0,Vehicle,plane
567,0,crash,0,0,_,crash
567,0,",",0,0,_,","
567,0,rig,0,0,_,rig
567,0,explosion,0,0,_,explosion
567,0,",",0,0,_,","
567,0,insurgent,0,0,Terrorism,insurgent
567,0,attack,0,0,Attack,attack
567,0,),0,0,_,)
567,0,requires,0,0,Have_as_requirement,require
567,0,that,0,0,_,that
567,0,he,0,0,_,he
567,0,springs,1,1,Self_motion,spring
567,0,into,1,0,_,into
567,0,action,0,0,Intentionally_act,action
567,0,and,0,0,_,and
567,0,transforms,0,0,Cause_change,transform
567,0,into,1,0,_,into
567,0,the,0,0,_,the
567,0,pillar,1,1,_,pillar
567,0,of,0,0,_,of
567,0,courage,0,0,_,courage
567,0,that,0,0,_,that
567,0,has,0,0,_,have
567,0,captured,1,1,Conquering,capture
567,0,the,0,0,_,the
567,0,American,0,0,Origin,american
567,0,imagination,0,0,_,imagination
567,0,again,0,0,_,again
567,0,and,0,0,_,and
568,0,Michigan,0,0,_,Michigan
568,0,'s,0,0,_,be
568,0,voters,0,0,_,voter
568,0,did,0,0,Intentionally_act,do
568,0,in,1,0,Temporal_collocation,in
568,0,November,0,0,Calendric_unit,November
568,0,2012,0,0,_,2012
568,0,.,0,0,_,.
568,1,The,0,0,_,the
568,1,lame,0,0,_,lame
568,1,duck,1,1,_,duck
568,1,legislature,0,0,Leadership,legislature
568,1,then,0,0,Temporal_collocation,then
568,1,sprang,1,1,Self_motion,spring
568,1,into,1,0,_,into
568,1,action,0,0,Intentionally_act,action
568,1,",",0,0,_,","
568,1,passing,1,0,Sign_agreement,pass
568,1,a,0,0,_,a
568,1,new,0,0,Age,new
568,1,emergency,0,0,_,emergency
568,1,manager,0,0,People_by_vocation,manager
568,1,law,0,0,Law,law
568,1,",",0,0,_,","
568,1,which,0,0,_,which
568,1,Snyder,0,0,_,Snyder
568,1,signed,0,0,Sign_agreement,sign
568,1,just,0,0,_,just
568,1,after,1,0,Time_vector,after
568,1,Christmas,0,0,Calendric_unit,Christmas
568,1,",",0,0,_,","
569,0,O'Donnell,0,0,_,O'Donnell
569,0,finished,0,0,Activity_finish,finish
569,0,his,0,0,_,his
569,0,rebuttal,0,0,Communication_response,rebuttal
569,0,interview,0,0,Discussion,interview
569,0,of,0,0,_,of
569,0,Read,0,0,_,read
569,0,",",0,0,_,","
569,0,Redstone,0,0,_,Redstone
569,0,'s,0,0,_,be
569,0,attorney,0,0,People_by_vocation,attorney
569,0,Gabrielle,0,0,_,Gabrielle
569,0,Vidal,0,0,_,Vidal
569,0,sprung,1,0,Self_motion,spring
569,0,into,1,0,_,into
569,0,action,0,0,Intentionally_act,action
569,0,and,0,0,_,and
569,0,revived,1,1,Cause_to_resume,revive
569,0,their,0,0,_,their
569,0,motion,0,0,_,motion
569,0,to,0,0,_,to
569,0,dismiss,0,0,Removing,dismiss
569,0,.,0,0,_,.
569,1,#,0,0,_,#
569,1,``,0,0,_,`
569,1,Mr.,0,0,_,Mr.
569,1,Redstone,0,0,_,Redstone
569,1,testified,0,0,Statement,testify
569,1,today,0,0,Temporal_collocation,today
569,1,...,0,0,_,...
569,1,that,1,0,_,that
570,0,as,0,0,_,as
570,0,``,0,0,_,`
570,0,racist,0,0,_,racist
570,0,skinheads,0,0,_,skinhead
570,0,``,0,0,_,`
570,0,and,0,0,_,and
570,0,an,0,0,_,an
570,0,anti-immigrant,0,0,_,anti
570,0,group,0,0,Aggregate,group
570,0,.,0,0,_,.
570,1,Community,0,0,Aggregate,community
570,1,groups,0,0,Aggregate,group
570,1,spring,1,0,Self_motion,spring
570,1,into,1,0,_,into
570,1,action,0,0,Intentionally_act,action
570,1,#,0,0,_,#
570,1,In,0,0,_,in
570,1,response,0,0,Response,response
570,1,to,1,0,_,to
570,1,experiences,0,0,Perception_experience,experience
570,1,like,0,0,_,like
570,1,Magee-Uhlik,0,0,_,Magee
570,1,'s,0,0,_,be
570,1,and,0,0,_,and
570,1,other,0,0,Increment,other
570,1,acts,0,0,Intentionally_act,act
570,1,",",0,0,_,","
570,1,YWCA,0,0,_,YWCA
570,1,",",0,0,_,","
570,1,Pantsuit,0,0,Clothing,pantsuit
571,0,kicked,1,0,Process_start,kick
571,0,off,0,0,Process_start,off
571,0,with,1,0,_,with
571,0,people,0,0,People,people
571,0,rushing,0,0,Self_motion,rush
571,0,through,0,0,_,through
571,0,store,0,0,Locale_by_use,store
571,0,doors,0,0,Connecting_architecture,door
571,0,early,0,0,Relative_time,early
571,0,Friday,0,0,Calendric_unit,Friday
571,0,morning,0,0,Calendric_unit,morning
571,0,.,0,0,_,.
571,1,Shoppers,0,0,_,shopper
571,1,sprang,1,0,Self_motion,spring
571,1,into,1,0,_,into
571,1,action,0,0,Intentionally_act,action
571,1,at,0,0,Locative_relation,at
571,1,the,0,0,_,the
571,1,Best,0,0,_,good
571,1,Buy,0,0,_,buy
571,1,in,0,0,Interior_profile_relation,in
571,1,Watertown,0,0,_,Watertown
571,1,",",0,0,_,","
571,1,Massachusetts,0,0,_,Massachusetts
571,1,at,1,0,Temporal_collocation,at
571,1,1,0,0,_,1
571,1,A.M.,0,0,_,A.M.
571,1,(,1,0,_,(
571,1,Nov.,0,0,Calendric_unit,Nov.
571,1,25,0,0,_,25
571,1,),0,0,_,)
572,0,three,0,0,Cardinal_numbers,three
572,0,and,0,0,_,and
572,0,her,0,0,_,she
572,0,best,0,0,Personal_relationship,good
572,0,friend,0,0,Personal_relationship,friend
572,0,",",0,0,_,","
572,0,Cassietta,0,0,_,Cassietta
572,0,Pringle,0,0,_,Pringle
572,0,",",0,0,_,","
572,0,a,0,0,_,a
572,0,single,0,0,_,single
572,0,mom,0,0,Kinship,mom
572,0,",",0,0,_,","
572,0,sprung,1,0,Self_motion,spring
572,0,into,1,0,_,into
572,0,action,0,0,Intentionally_act,action
572,0,.,0,0,_,.
572,1,With,1,0,_,with
572,1,$,0,0,_,$
572,1,"25,000",0,0,_,"25,000"
572,1,of,0,0,_,of
572,1,their,0,0,_,their
572,1,combined,0,0,_,combine
572,1,savings,0,0,Expensiveness,saving
572,1,",",0,0,_,","
572,1,the,0,0,_,the
572,1,women,0,0,People,woman
572,1,launched,1,0,Launch_process,launch
572,1,Mamatoto,0,0,_,mamatoto
572,1,Village,0,0,Locale_by_use,village
572,1,.,0,0,_,.
572,2,(,0,0,_,(
573,0,the,0,0,_,the
573,0,Falcons,0,0,_,falcon
573,0,',0,0,_,'
573,0,coaching,0,0,_,coach
573,0,search,1,0,Scrutiny,search
573,0,is,0,0,_,be
573,0,over,1,0,Process_completed_state,over
573,0,",",0,0,_,","
573,0,the,0,0,_,the
573,0,restructured,0,0,_,restructure
573,0,front,0,0,_,front
573,0,office,0,0,_,office
573,0,must,0,0,Required_event,must
573,0,spring,1,1,Self_motion,spring
573,0,into,1,0,_,into
573,0,action,1,0,Intentionally_act,action
573,0,to,0,0,_,to
573,0,turn,1,0,Cause_change,turn
573,0,around,1,0,_,around
573,0,the,0,0,_,the
573,0,franchise,0,0,_,franchise
573,0,'s,0,0,_,be
573,0,fortunes.,1,1,Thriving,fortune
573,0,``,0,0,_,`
573,1,I,0,0,_,I
573,1,understand,0,0,Awareness,understand
573,1,that,0,0,_,that
573,1,we,0,0,_,we
573,1,have,0,0,Possession,have
573,1,a,0,0,_,a
574,0,he,0,0,_,he
574,0,'s,0,0,_,be
574,0,going,0,0,Motion,go
574,0,to,0,0,Goal,to
574,0,Vegas,0,0,_,Vegas
574,0,with,0,0,Accompaniment,with
574,0,his,0,0,_,his
574,0,daughter,0,0,Kinship,daughter
574,0,",",0,0,_,","
574,0,but,0,0,Concessive,but
574,0,he,0,0,_,he
574,0,has,0,0,Required_event,have
574,0,to,0,0,Required_event,to
574,0,spring,1,1,Self_motion,spring
574,0,into,1,0,_,into
574,0,action,0,0,Intentionally_act,action
574,0,when,0,0,Temporal_collocation,when
574,0,duty,0,0,Being_obligated,duty
574,0,calls,1,0,Request,call
574,0,.,0,0,_,.
574,1,It,0,0,_,it
574,1,has,1,0,Have_associated,have
574,1,slapstick,0,0,_,slapstick
574,1,and,0,0,_,and
574,1,sight,0,0,_,sight
574,1,gags,1,1,_,gag
574,1,",",0,0,_,","
574,1,but,0,0,_,but
574,1,they,0,0,_,they
574,1,just,0,0,_,just
574,1,are,0,0,_,be
575,0,on,1,0,_,on
575,0,that,1,0,_,that
575,0,case,0,0,Criminal_investigation,case
575,0,-,0,0,_,-
575,0,Megaro,0,0,_,megaro
575,0,",",0,0,_,","
575,0,and,0,0,_,and
575,0,St.,0,0,_,st.
575,0,Louis,0,0,_,Louis
575,0,attorney,0,0,People_by_vocation,attorney
575,0,Samuel,0,0,_,Samuel
575,0,Henderson,0,0,_,Henderson
575,0,-,0,0,_,-
575,0,sprung,1,1,Self_motion,spring
575,0,into,1,0,_,into
575,0,action,0,0,Intentionally_act,action
575,0,after,1,0,Relative_time,after
575,0,the,0,0,_,the
575,0,more,0,0,_,more
575,0,recent,0,0,Relative_time,recent
575,0,arrest,0,0,Arrest,arrest
575,0,.,0,0,_,.
575,1,They,0,0,_,they
575,1,issued,1,0,Creating,issue
575,1,subpoenas,0,0,_,subpoena
575,1,to,1,0,_,to
575,1,businesses,0,0,Businesses,business
575,1,all,0,0,Locative_relation,all
575,1,around,0,0,Locative_relation,around
575,1,the,0,0,_,the
575,1,Soulard,0,0,_,Soulard
576,0,",",0,0,_,","
576,0,Former,0,0,Time_vector,former
576,0,lifeguard,0,0,People_by_vocation,lifeguard
576,0,on,1,0,Spatial_contact,on
576,0,the,0,0,_,the
576,0,tribe,0,0,Aggregate,tribe
576,0,",",0,0,_,","
576,0,jenn,0,0,_,jenn
576,0,immediately,0,0,_,immediately
576,0,sprung,1,1,Self_motion,spring
576,0,into,1,0,_,into
576,0,Jenn,0,0,_,Jenn
576,0,immediately,0,0,_,immediately
576,0,sprung,1,1,Self_motion,spring
576,0,into,1,0,_,into
576,0,action,0,0,Intentionally_act,action
576,0,.,0,0,_,.
576,1,Action,0,0,Intentionally_act,action
576,1,.,0,0,_,.
576,2,She,0,0,_,she
576,2,took,0,0,Removing,take
576,2,a,0,0,_,a
576,2,pot,0,0,Containers,pot
576,2,of,0,0,_,of
576,2,boiling,0,0,Apply_heat,boil
576,2,water,0,0,Substance,water
576,2,She,0,0,_,she
576,2,took,0,0,Removing,take
576,2,a,0,0,_,a
576,2,pot,0,0,Containers,pot
576,2,of,0,0,_,of
577,0,thousands,0,0,Quantified_mass,thousand
577,0,of,0,0,_,of
577,0,people,0,0,People,people
577,0,from,1,0,_,from
577,0,their,0,0,_,their
577,0,jobs,0,0,Being_employed,job
577,0,in,1,0,_,in
577,0,fishing,0,0,_,fishing
577,0,or,0,0,_,or
577,0,tourism,0,0,Touring,tourism
577,0,",",0,0,_,","
577,0,the,0,0,_,the
577,0,community,0,0,Aggregate,community
577,0,sprang,1,1,_,spring
577,0,into,1,0,_,into
577,0,action,0,0,Intentionally_act,action
577,0,and,0,0,_,and
577,0,was,0,0,_,be
577,0,on,0,0,_,on
577,0,the,0,0,_,the
577,0,front,1,0,Front_for,front
577,0,lines,1,0,_,line
577,0,of,0,0,_,of
577,0,the,0,0,_,the
577,0,massive,0,0,Size,massive
577,0,cleanup,0,0,_,cleanup
577,0,effort,0,0,Attempt,effort
577,0,paid,0,0,Commerce_pay,pay
577,0,for,0,0,_,for
577,0,by,0,0,_,by
577,0,BP,0,0,_,BP
578,0,Rob,0,0,_,Rob
578,0,Huebel,0,0,_,Huebel
578,0,plays,0,0,Performers_and_roles,play
578,0,Dr.,0,0,_,Dr.
578,0,Owen,0,0,_,Owen
578,0,Maestro,0,0,_,Maestro
578,0,.,0,0,_,.
578,1,Rob,0,0,_,Rob
578,1,:,0,0,_,:
578,1,And,0,0,_,and
578,1,so,0,0,_,so
578,1,I,0,0,_,I
578,1,sprung,1,1,Self_motion,spring
578,1,into,1,0,_,into
578,1,action,0,0,Intentionally_act,action
578,1,",",0,0,_,","
578,1,you,0,0,_,you
578,1,know,0,0,Awareness,know
578,1,.,0,0,_,.
578,2,My,0,0,_,my
578,2,television-doctor,0,0,_,television
578,2,instincts,0,0,_,instinct
578,2,just,0,0,_,just
578,2,kicked,1,0,_,kick
578,2,in,1,0,_,in
578,2,.,0,0,_,.
578,3,Clear,0,0,_,clear
578,3,!,0,0,_,!
578,4,Aah,0,0,_,aah
578,4,!,0,0,_,!
579,0,scores,1,1,Quantified_mass,score
579,0,of,0,0,_,of
579,0,tech-savvy,0,0,_,tech
579,0,youth,0,0,People_by_age,youth
579,0,in,1,0,Interior_profile_relation,in
579,0,Israel,0,0,_,Israel
579,0,'s,0,0,_,be
579,0,government,0,0,Leadership,government
579,0,media,0,0,_,medium
579,0,command,1,1,_,command
579,0,center,1,0,Locale_by_use,center
579,0,in,0,0,Interior_profile_relation,in
579,0,Jerusalem,0,0,_,Jerusalem
579,0,sprang,1,1,_,spring
579,0,into,1,0,_,into
579,0,action,0,0,Intentionally_act,action
579,0,.,0,0,_,.
579,1,#,0,0,_,#
579,1,They,0,0,_,they
579,1,began,0,0,Activity_start,begin
579,1,flooding,1,1,Filling,flood
579,1,social,0,0,_,social
579,1,media,0,0,_,medium
579,1,with,1,0,_,with
579,1,updates,0,0,_,update
579,1,and,0,0,_,and
579,1,created,0,0,Intentionally_create,create
579,1,a,0,0,_,a
579,1,graphic,0,0,_,graphic
579,1,exclaiming,0,0,Statement,exclaim
579,1,:,0,0,_,:
580,0,Dog,0,0,Animals,dog
580,0,:,0,0,_,:
580,0,American,0,0,Origin,american
580,0,Water,0,0,_,water
580,0,Spaniel,0,0,_,spaniel
580,0,Full,1,0,Abounding_with,full
580,0,of,0,0,_,of
580,0,life,0,0,_,life
580,0,",",0,0,_,","
580,0,and,0,0,_,and
580,0,always,0,0,Frequency,always
580,0,ready,0,0,Activity_ready_state,ready
580,0,to,0,0,_,to
580,0,spring,1,1,Self_motion,spring
580,0,into,1,0,_,into
580,0,action,0,0,Intentionally_act,action
580,0,for,0,0,_,for
580,0,the,0,0,_,the
580,0,hunt,0,0,Hunting,hunt
580,0,",",0,0,_,","
580,0,the,0,0,_,the
580,0,American,0,0,Origin,american
580,0,water,0,0,_,water
580,0,spaniel,0,0,_,spaniel
580,0,won,1,0,Finish_competition,win
580,0,the,0,0,_,the
580,0,hearts,1,0,_,heart
580,0,of,0,0,_,of
580,0,the,0,0,_,the
580,0,citizens,0,0,People_by_jurisdiction,citizen
580,0,of,0,0,_,of
581,0,need,0,0,Required_event,need
581,0,to,0,0,_,to
581,0,be,0,0,_,be
581,0,a,0,0,_,a
581,0,warrior,0,0,_,warrior
581,0,.,0,0,_,.
581,1,Focused,0,0,_,focus
581,1,.,0,0,_,.
581,2,On,1,0,_,on
581,2,message,0,0,_,message
581,2,.,0,0,_,.
581,3,Ready,0,0,Activity_ready_state,ready
581,3,to,0,0,_,to
581,3,spring,1,1,Self_motion,spring
581,3,into,1,0,_,into
581,3,action,0,0,Intentionally_act,action
581,3,at,1,0,Temporal_collocation,at
581,3,the,0,0,_,the
581,3,right,0,0,Correctness,right
581,3,moment,0,0,_,moment
581,3,.,0,0,_,.
581,4,Get,0,0,Transition_to_state,get
581,4,in,1,0,_,in
581,4,shape,0,0,_,shape
581,4,.,0,0,_,.
581,5,You,0,0,_,you
581,5,'ll,0,0,_,will
581,5,need,0,0,Needing,need
581,5,it,0,0,_,it
581,5,.,0,0,_,.
581,6,#,0,0,_,#
582,0,the,0,0,_,the
582,0,posterior,0,0,Part_orientational,posterior
582,0,insula,0,0,_,insula
582,0,flashed,1,1,_,flash
582,0,with,1,0,_,with
582,0,activity,0,0,Intentionally_act,activity
582,0,.,0,0,_,.
582,1,(,0,0,_,(
582,1,The,0,0,_,the
582,1,posterior,0,0,Part_orientational,posterior
582,1,insula,0,0,_,insula
582,1,is,0,0,_,be
582,1,what,0,0,_,what
582,1,springs,1,1,Self_motion,spring
582,1,into,1,0,_,into
582,1,action,1,0,Intentionally_act,action
582,1,when,0,0,Temporal_collocation,when
582,1,one,0,0,_,one
582,1,burns,0,0,Fire_burning,burn
582,1,her,0,0,_,she
582,1,hand,0,0,Body_parts,hand
582,1,or,0,0,_,or
582,1,stubs,0,0,Cause_harm,stub
582,1,her,0,0,_,she
582,1,toe,0,0,Body_parts,toe
582,1,.,0,0,_,.
582,1,),0,0,_,)
582,2,The,0,0,_,the
582,2,researchers,0,0,People_by_vocation,researcher
582,2,also,0,0,_,also
582,2,found,1,0,Becoming_aware,find
583,0,large,0,0,Size,large
583,0,",",0,0,_,","
583,0,jagged,0,0,_,jagged
583,0,",",0,0,_,","
583,0,metal,0,0,Substance,metal
583,0,fragments,0,0,Part_piece,fragment
583,0,protruding,0,0,_,protrude
583,0,.,0,0,_,.
583,1,#,0,0,_,#
583,1,Carson,0,0,_,Carson
583,1,and,0,0,_,and
583,1,his,0,0,_,his
583,1,team,1,0,Aggregate,team
583,1,sprang,1,1,Self_motion,spring
583,1,into,1,0,_,into
583,1,action,0,0,Intentionally_act,action
583,1,.,0,0,_,.
583,2,Two,0,0,Cardinal_numbers,two
583,2,nurses,0,0,Medical_professionals,nurse
583,2,replaced,0,0,Take_place_of,replace
583,2,Ronon,0,0,_,ronon
583,2,to,0,0,_,to
583,2,hold,0,0,Manipulation,hold
583,2,the,0,0,_,the
583,2,Colonel,0,0,_,Colonel
583,2,'s,0,0,_,be
583,2,legs,0,0,Body_parts,leg
583,2,while,0,0,_,while
583,2,two,0,0,Cardinal_numbers,two
583,2,more,0,0,Increment,more
583,2,reached,0,0,Arriving,reach
584,0,More,0,0,Increment,More
584,0,#,0,0,_,#
584,0,The,0,0,_,the
584,0,well-oiled,0,0,_,well
584,0,volunteer,0,0,_,volunteer
584,0,network,1,1,Network,network
584,0,of,0,0,_,of
584,0,parents,0,0,Kinship,parent
584,0,involved,0,0,Participation,involve
584,0,in,1,0,_,in
584,0,their,0,0,_,their
584,0,local,0,0,Political_locales,local
584,0,PTAs,0,0,_,pta
584,0,sprung,1,1,_,spring
584,0,into,1,0,_,into
584,0,action,0,0,Intentionally_act,action
584,0,after,1,0,Time_vector,after
584,0,Sandy,0,0,_,sandy
584,0,to,0,0,_,to
584,0,put,1,0,Placing,put
584,0,their,0,0,_,their
584,0,fund-raising,0,0,_,fund
584,0,and,0,0,_,and
584,0,outreach,0,0,_,outreach
584,0,expertise,0,0,Expertise,expertise
584,0,to,1,0,_,to
584,0,good,0,0,Usefulness,good
584,0,use,0,0,Using,use
584,0,",",0,0,_,","
584,0,often,0,0,Frequency,often
584,0,miles,0,0,Measure_linear_extent,mile
585,0,One,0,0,Cardinal_numbers,one
585,0,flea,0,0,_,flea
585,0,turns,0,0,Undergo_change,turn
585,0,into,1,0,_,into
585,0,thousands,0,0,Quantified_mass,thousand
585,0,",",0,0,_,","
585,0,and,0,0,_,and
585,0,then,0,0,_,then
585,0,millions,0,0,Quantified_mass,million
585,0,.,0,0,_,.
585,1,#,0,0,_,#
585,1,So,0,0,_,so
585,1,I,0,0,_,I
585,1,sprang,1,1,Self_motion,spring
585,1,into,1,0,_,into
585,1,action,0,0,Intentionally_act,action
585,1,.,0,0,_,.
585,2,I,0,0,_,I
585,2,furiously,0,0,_,furiously
585,2,typed,0,0,Text_creation,type
585,2,my,0,0,_,my
585,2,2000,0,0,_,2000
585,2,words,0,0,Simple_name,word
585,2,for,0,0,_,for
585,2,NaNoWriMo,0,0,_,NaNoWriMo
585,2,and,0,0,_,and
585,2,then,0,0,Temporal_collocation,then
585,2,called,0,0,Contacting,call
585,2,the,0,0,_,the
585,2,vet,0,0,Medical_professionals,vet
585,2,.,0,0,_,.
586,0,",",0,0,_,","
586,0,about,1,0,Topic,about
586,0,whom,0,0,_,whom
586,0,we,0,0,_,we
586,0,learn,0,0,Coming_to_believe,learn
586,0,so,0,0,Degree,so
586,0,much,0,0,_,much
586,0,--,0,0,_,--
586,0,are,0,0,_,be
586,0,they,0,0,_,they
586,0,really,0,0,_,really
586,0,a,0,0,_,a
586,0,terrorist,0,0,Terrorism,terrorist
586,0,sleeper,0,0,_,sleeper
586,0,cell,1,1,Aggregate,cell
586,0,sprung,1,1,_,spring
586,0,into,1,0,_,into
586,0,action,1,0,Intentionally_act,action
586,0,?,0,0,_,?
586,1,The,0,0,_,the
586,1,story,0,0,Text,story
586,1,succeeds,1,0,Success_or_failure,succeed
586,1,in,1,0,_,in
586,1,evoking,0,0,Cause_to_start,evoke
586,1,a,0,0,_,a
586,1,rich,1,1,Position_on_a_scale,rich
586,1,sense,1,1,Sensation,sense
586,1,of,0,0,_,of
586,1,place,0,0,Locale,place
586,1,",",0,0,_,","
586,1,as,0,0,_,as
586,1,it,0,0,_,it
586,1,lovingly,1,1,_,lovingly
587,0,important,0,0,Importance,important
587,0,opportunity,0,0,_,opportunity
587,0,to,0,0,_,to
587,0,reinforce,1,1,Cause_change_of_strength,reinforce
587,0,the,0,0,_,the
587,0,fight,1,0,Hostile_encounter,fight
587,0,against,1,0,Taking_sides,against
587,0,impunity,0,0,_,impunity
587,0,in,0,0,Interior_profile_relation,in
587,0,West,0,0,_,west
587,0,Africa,0,0,_,Africa
587,0,``,0,0,_,`
587,0,and,0,0,_,and
587,0,sprung,1,1,_,spring
587,0,into,1,0,_,into
587,0,action,0,0,Intentionally_act,action
587,0,.,0,0,_,.
587,1,#,0,0,_,#
587,1,``,0,0,_,`
587,1,We,0,0,_,we
587,1,felt,1,0,Opinion,feel
587,1,that,0,0,_,that
587,1,there,0,0,Existence,there
587,1,was,0,0,Existence,be
587,1,real,0,0,Existence,real
587,1,interest,0,0,Emotion_directed,interest
587,1,",",0,0,_,","
587,1,``,0,0,_,`
587,1,said,0,0,Statement,say
587,1,Dufka,0,0,_,dufka
587,1,.,0,0,_,.
588,0,power,0,0,Electricity,power
588,0,and,0,0,_,and
588,0,energy,0,0,Electricity,energy
588,0,",",0,0,_,","
588,0,a,0,0,_,a
588,0,veritable,0,0,_,veritable
588,0,pressure,1,1,_,pressure
588,0,waiting,1,0,Waiting,wait
588,0,to,0,0,_,to
588,0,be,0,0,_,be
588,0,released,1,0,Releasing,release
588,0,",",0,0,_,","
588,0,to,0,0,_,to
588,0,spring,1,1,Self_motion,spring
588,0,into,1,0,_,into
588,0,action,1,0,Intentionally_act,action
588,0,.,0,0,_,.
588,1,Thus,0,0,_,thus
588,1,",",0,0,_,","
588,1,the,0,0,_,the
588,1,Serpent,0,0,_,serpent
588,1,doesn,0,0,_,doesn
588,1,?,0,0,_,?
588,2,t,0,0,_,t
588,2,really,0,0,_,really
588,2,sleep,0,0,Sleep,sleep
588,2,",",0,0,_,","
588,2,it,0,0,_,it
588,2,is,0,0,_,be
588,2,we,0,0,_,we
588,2,who,0,0,_,who
589,0,.,0,0,_,.
589,1,I,0,0,_,I
589,1,also,0,0,_,also
589,1,felt,1,0,Feeling,feel
589,1,very,0,0,Degree,very
589,1,safe,0,0,Risky_situation,safe
589,1,as,0,0,Causation,as
589,1,there,0,0,Existence,there
589,1,were,0,0,Existence,be
589,1,several,0,0,Quantified_mass,several
589,1,lifeguards,0,0,People_by_vocation,lifeguard
589,1,ready,0,0,Activity_ready_state,ready
589,1,to,0,0,_,to
589,1,spring,1,1,Self_motion,spring
589,1,into,1,0,_,into
589,1,action,0,0,Intentionally_act,action
589,1,.,0,0,_,.
589,2,We,0,0,_,we
589,2,actually,0,0,_,actually
589,2,had,1,0,Have_associated,have
589,2,an,0,0,_,an
589,2,instance,0,0,Instance,instance
589,2,where,0,0,_,where
589,2,my,0,0,_,my
589,2,son,0,0,Kinship,son
589,2,was,0,0,_,be
589,2,struggling,0,0,Hostile_encounter,struggle
589,2,inthe,0,0,Interior_profile_relation,inthe
589,2,wave,0,0,_,wave
589,2,pool,0,0,_,pool
589,2,and,0,0,_,and
590,0,a,0,0,_,a
590,0,silver,0,0,Color,silver
590,0,chain,0,0,Connectors,chain
590,0,roughly,0,0,_,roughly
590,0,from,0,0,_,from
590,0,her,0,0,_,she
590,0,neck,0,0,Body_parts,neck
590,0,.,0,0,_,.
590,1,Jenny,0,0,_,Jenny
590,1,shrieks,0,0,Make_noise,shriek
590,1,and,0,0,_,and
590,1,her,0,0,_,she
590,1,friends,0,0,Personal_relationship,friend
590,1,spring,1,0,Self_motion,spring
590,1,into,1,0,_,into
590,1,action,0,0,Intentionally_act,action
590,1,.,0,0,_,.
590,2,Watching,0,0,Perception_active,watch
590,2,them,0,0,_,they
590,2,is,0,0,_,be
590,2,the,0,0,_,the
590,2,first,0,0,Ordinal_numbers,first
590,2,time,0,0,_,time
590,2,I,0,0,_,I
590,2,'ve,0,0,_,'
590,2,ever,0,0,_,ever
590,2,really,0,0,_,really
590,2,longed,0,0,Desiring,long
590,2,for,0,0,_,for
590,2,friends,0,0,Personal_relationship,friend
590,2,.,0,0,_,.
591,0,said,0,0,Statement,say
591,0,.,0,0,_,.
591,1,#,0,0,_,#
591,1,Shortly,0,0,_,shortly
591,1,after,0,0,Time_vector,after
591,1,the,0,0,_,the
591,1,interview,0,0,Chatting,interview
591,1,aired,0,0,_,air
591,1,",",0,0,_,","
591,1,the,0,0,_,the
591,1,Democratic,0,0,_,democratic
591,1,National,0,0,_,national
591,1,Committee,0,0,_,committee
591,1,sprung,1,1,Self_motion,spring
591,1,into,1,0,_,into
591,1,action,1,0,Intentionally_act,action
591,1,",",0,0,_,","
591,1,releasing,0,0,Creating,release
591,1,a,0,0,_,a
591,1,30-second,0,0,_,30
591,1,web,0,0,_,web
591,1,video,0,0,Text,video
591,1,with,1,0,_,with
591,1,Romney,0,0,_,Romney
591,1,'s,0,0,_,be
591,1,quote,0,0,_,quote
591,1,",",0,0,_,","
591,1,followed,0,0,Relative_time,follow
591,1,by,0,0,_,by
591,1,foreboding,0,0,Expectation,forebode
591,1,music,0,0,Performing_arts,music
592,0,to,0,0,_,to
592,0,donate,0,0,Giving,donate
592,0,$,0,0,_,$
592,0,1,0,0,_,1
592,0,million,0,0,Cardinal_numbers,million
592,0,to,1,0,_,to
592,0,the,0,0,_,the
592,0,recovery,0,0,_,recovery
592,0,efforts,0,0,Attempt,effort
592,0,.,0,0,_,.
592,1,The,0,0,_,the
592,1,New,0,0,_,new
592,1,York,0,0,_,york
592,1,Giants,0,0,_,giant
592,1,sprung,1,1,Self_motion,spring
592,1,into,1,0,_,into
592,1,action,0,0,Intentionally_act,action
592,1,",",0,0,_,","
592,1,giving,0,0,Giving,give
592,1,and,0,0,_,and
592,1,visiting,0,0,Arriving,visit
592,1,affected,0,0,Objective_influence,affect
592,1,areas,0,0,Locale,area
592,1,.,0,0,_,.
592,2,So,0,0,_,so
592,2,did,0,0,_,do
592,2,the,0,0,_,the
592,2,Miami,0,0,_,Miami
592,2,Dolphins,0,0,_,dolphin
592,2,and,0,0,_,and
592,2,owner,0,0,Possession,owner
592,2,Stephen,0,0,_,Stephen
593,0,to,0,0,Goal,to
593,0,the,0,0,_,the
593,0,special,0,0,_,special
593,0,care,0,0,_,care
593,0,unit,0,0,_,unit
593,0,--,0,0,_,--
593,0,still,0,0,Continued_state_of_affairs,still
593,0,in,0,0,Interior_profile_relation,in
593,0,the,0,0,_,the
593,0,bedpan,0,0,_,bedpan
593,0,.,0,0,_,.
593,1,The,0,0,_,the
593,1,staff,0,0,Employing,staff
593,1,sprung,1,0,Self_motion,spring
593,1,into,1,0,_,into
593,1,action,0,0,Intentionally_act,action
593,1,",",0,0,_,","
593,1,administering,0,0,Dispersal,administer
593,1,oxygen,0,0,Substance,oxygen
593,1,via,0,0,_,via
593,1,bag,0,0,Containers,bag
593,1,and,0,0,_,and
593,1,mask,0,0,Accoutrements,mask
593,1,.,0,0,_,.
593,2,Miraculously,0,0,_,miraculously
593,2,",",0,0,_,","
593,2,the,0,0,_,the
593,2,child,0,0,People_by_age,child
593,2,survived,0,0,Surviving,survive
593,2,.,0,0,_,.
593,3,I,0,0,_,I
594,0,and,0,0,_,and
594,0,identified,0,0,Verification,identify
594,0,ways,1,0,Means,way
594,0,to,0,0,_,to
594,0,overcome,0,0,_,overcome
594,0,each,0,0,_,each
594,0,obstacle,0,0,_,obstacle
594,0,.,0,0,_,.
594,1,This,1,0,_,this
594,1,is,0,0,_,be
594,1,where,0,0,Locative_relation,where
594,1,some,0,0,Proportional_quantity,some
594,1,leaders,0,0,Leadership,leader
594,1,spring,1,0,Self_motion,spring
594,1,into,1,0,_,into
594,1,action,0,0,Intentionally_act,action
594,1,while,0,0,Temporal_collocation,while
594,1,others,0,0,Increment,other
594,1,pause,0,0,Process_stop,pause
594,1,to,0,0,_,to
594,1,steal,1,0,Theft,steal
594,1,ideas,0,0,_,idea
594,1,.,0,0,_,.
594,2,Yes,0,0,_,yes
594,2,",",0,0,_,","
594,2,I,0,0,_,I
594,2,wrote,0,0,Text_creation,write
594,2,steal,1,1,Theft,steal
594,2,ideas,0,0,Awareness,idea
594,2,.,0,0,_,.
594,3,But,0,0,_,but
595,0,stream,0,0,_,stream
595,0,media,0,0,_,medium
595,0,.,0,0,_,.
595,1,But,0,0,_,but
595,1,it,0,0,_,it
595,1,was,0,0,_,be
595,1,noticed,0,0,Becoming_aware,notice
595,1,by,0,0,_,by
595,1,the,0,0,_,the
595,1,Israel,0,0,_,Israel
595,1,Lobby,0,0,_,lobby
595,1,",",0,0,_,","
595,1,which,0,0,_,which
595,1,sprang,1,1,_,spring
595,1,into,1,0,_,into
595,1,action,1,0,Intentionally_act,action
595,1,.,0,0,_,.
595,2,The,0,0,_,the
595,2,new,0,0,Age,new
595,2,sheriff,0,0,Leadership,sheriff
595,2,must,0,0,Required_event,must
595,2,not,0,0,_,not
595,2,be,0,0,_,be
595,2,allowed,0,0,Preventing_or_letting,allow
595,2,any,0,0,Quantified_mass,any
595,2,deviation,0,0,_,deviation
595,2,from,1,0,_,from
595,2,the,0,0,_,the
595,2,absolutist,0,0,_,absolutist
595,2,Washington,0,0,_,Washington
595,2,obeisance,0,0,Compliance,obeisance
596,0,observing,0,0,Compliance,observe
596,0,World,0,0,Political_locales,world
596,0,Pneumonia,0,0,_,pneumonia
596,0,Day,0,0,Calendric_unit,day
596,0,on,1,0,Temporal_collocation,on
596,0,November,0,0,Calendric_unit,November
596,0,12,0,0,_,12
596,0,by,0,0,Means,by
596,0,calling,1,0,Request,call
596,0,on,1,0,_,on
596,0,country,0,0,Political_locales,country
596,0,leaders,0,0,Leadership,leader
596,0,to,0,0,_,to
596,0,spring,1,1,Self_motion,spring
596,0,into,1,0,_,into
596,0,action,0,0,Intentionally_act,action
596,0,to,0,0,_,to
596,0,reduce,1,0,Cause_change_of_position_on_a_scale,reduce
596,0,child,0,0,People_by_age,child
596,0,deaths,0,0,Death,death
596,0,from,1,0,_,from
596,0,pneumonia,0,0,Medical_conditions,pneumonia
596,0,.,0,0,_,.
596,1,U.N.,0,0,_,U.N.
596,1,and,0,0,_,and
596,1,other,0,0,Increment,other
596,1,health,0,0,_,health
596,1,agencies,0,0,Organization,agency
596,1,say,0,0,Statement,say
596,1,the,0,0,_,the
597,0,in,0,0,Interior_profile_relation,in
597,0,zebrafish,0,0,_,zebrafish
597,0,.,0,0,_,.
597,1,But,0,0,Concessive,but
597,1,they,0,0,_,they
597,1,did,0,0,_,do
597,1,n't,0,0,_,not
597,1,know,0,0,Awareness,know
597,1,what,0,0,_,what
597,1,prompted,1,1,Cause_to_start,prompt
597,1,these,1,0,_,these
597,1,cells,1,1,_,cell
597,1,to,0,0,_,to
597,1,spring,1,0,Self_motion,spring
597,1,into,1,0,_,into
597,1,action,1,0,Intentionally_act,action
597,1,.,0,0,_,.
597,2,Inflammation,0,0,Medical_conditions,inflammation
597,2,seemed,0,0,Give_impression,seem
597,2,a,0,0,_,a
597,2,good,0,0,Usefulness,good
597,2,candidate,0,0,_,candidate
597,2,",",0,0,_,","
597,2,as,0,0,_,as
597,2,it,0,0,_,it
597,2,arises,0,0,Coming_to_be,arise
597,2,as,0,0,_,as
597,2,an,0,0,_,an
597,2,immediate,0,0,_,immediate
597,2,response,1,0,Response,response
597,2,to,0,0,_,to
598,0,police,0,0,_,police
598,0,will,0,0,_,will
598,0,be,0,0,_,be
598,0,rounding,0,0,Arrest,round
598,0,these,1,0,_,these
598,0,people,0,0,People,people
598,0,up,0,0,_,up
598,0,.,0,0,_,.
598,1,#,0,0,_,#
598,1,Or,0,0,_,or
598,1,do,0,0,_,do
598,1,they,0,0,_,they
598,1,only,0,0,_,only
598,1,spring,1,1,Self_motion,spring
598,1,into,1,0,_,into
598,1,action,0,0,Intentionally_act,action
598,1,when,0,0,Temporal_collocation,when
598,1,otherwise,0,0,_,otherwise
598,1,law-abiding,0,0,Compliance,law
598,1,people,0,0,People,people
598,1,',0,0,_,'
598,1,threaten,0,0,Commitment,threaten
598,1,',0,0,_,'
598,1,to,0,0,_,to
598,1,defend,0,0,Defending,defend
598,1,themselves,0,0,_,themselves
598,1,?,0,0,_,?
598,2,#,0,0,_,#
598,2,Tony,0,0,_,Tony
598,2,Martin,0,0,_,Martin
598,2,",",0,0,_,","
599,0,is,0,0,_,be
599,0,greater,0,0,_,great
599,0,than,0,0,_,than
599,0,us,0,0,_,we
599,0,in,1,0,Experiencer_focus,in
599,0,love,0,0,Experiencer_focus,love
599,0,",",0,0,_,","
599,0,and,0,0,_,and
599,0,the,0,0,_,the
599,0,presence,1,1,Presence,presence
599,0,of,0,0,_,of
599,0,mind,0,0,_,mind
599,0,to,0,0,_,to
599,0,spring,1,1,Self_motion,spring
599,0,into,1,0,_,into
599,0,action,0,0,Intentionally_act,action
599,0,when,0,0,Temporal_collocation,when
599,0,the,0,0,_,the
599,0,time,0,0,_,time
599,0,comes,1,0,Arriving,come
599,0,.,0,0,_,.
599,1,#,0,0,_,#
599,1,#,0,0,_,#
599,1,I,0,0,_,I
599,1,am,0,0,_,be
599,1,a,0,0,_,a
599,1,passionate,0,0,_,passionate
599,1,lover,0,0,Experiencer_focus,lover
599,1,.,0,0,_,.
599,2,You,0,0,_,you
599,2,might,0,0,Likelihood,might
600,0,they,0,0,_,they
600,0,?,0,0,_,?
600,1,What,0,0,_,what
600,1,were,0,0,_,be
600,1,they,0,0,_,they
600,1,doing,0,0,Intentionally_act,do
600,1,in,0,0,Interior_profile_relation,in
600,1,Benghazi,0,0,_,Benghazi
600,1,?,0,0,_,?
600,2,#,0,0,_,#
600,2,4,0,0,_,4
600,2,.,0,0,_,.
600,3,Woods,0,0,_,wood
600,3,sprung,1,0,Self_motion,spring
600,3,into,1,0,_,into
600,3,action,0,0,Intentionally_act,action
600,3,to,0,0,_,to
600,3,try,0,0,Attempt,try
600,3,to,0,0,_,to
600,3,save,0,0,Protecting,save
600,3,the,0,0,_,the
600,3,Ambassador,0,0,_,Ambassador
600,3,and,0,0,_,and
600,3,others,0,0,Increment,other
600,3,despite,0,0,_,despite
600,3,being,0,0,_,be
600,3,given,1,0,Giving,give
600,3,the,0,0,_,the
600,3,order,0,0,Law,order
600,3,to,0,0,_,to
600,3,``,0,0,_,`
601,0,good,0,0,Desirability,good
601,0,in,0,0,_,in
601,0,the,0,0,_,the
601,0,Lycra,0,0,_,lycra
601,0,gym,0,0,_,gym
601,0,suit,0,0,Clothing,suit
601,0,he,0,0,_,he
601,0,has,0,0,Possession,have
601,0,on,0,0,Wearing,on
601,0,underneath,0,0,Non-gradable_proximity,underneath
601,0,",",0,0,_,","
601,0,ready,0,0,Activity_ready_state,ready
601,0,to,0,0,_,to
601,0,spring,1,1,Self_motion,spring
601,0,into,1,0,_,into
601,0,action,0,0,Intentionally_act,action
601,0,like,0,0,Similarity,like
601,0,a,0,0,_,a
601,0,nonagenarian,0,0,Age,nonagenarian
601,0,superhero,0,0,_,superhero
601,0,.,0,0,_,.
601,1,This,1,0,_,this
601,1,former,0,0,_,former
601,1,dentist,0,0,Medical_professionals,dentist
601,1,took,1,0,_,take
601,1,up,1,0,_,up
601,1,bodybuilding,0,0,_,bodybuilde
601,1,just,0,0,_,just
601,1,six,0,0,_,six
601,1,years,0,0,Measure_duration,year
601,1,ago,0,0,Time_vector,ago
602,0,dust,0,0,_,dust
602,0,cloth,0,0,_,cloth
602,0,.,0,0,_,.
602,1,#,0,0,_,#
602,1,``,0,0,_,`
602,1,You,0,0,_,you
602,1,know,0,0,Awareness,know
602,1,what,0,0,_,what
602,1,?,0,0,_,?
602,1,``,0,0,_,`
602,2,Jayne,0,0,_,Jayne
602,2,said,0,0,Statement,say
602,2,",",0,0,_,","
602,2,springing,1,1,Self_motion,spring
602,2,into,1,0,_,into
602,2,action.,0,0,Intentionally_act,action
602,2,``,0,0,_,`
602,3,I,0,0,_,I
602,3,'ll,0,0,_,will
602,3,bookmark,0,0,_,bookmark
602,3,this,0,0,_,this
602,3,page,0,0,_,page
602,3,for,0,0,_,for
602,3,you,0,0,_,you
602,3,.,0,0,_,.
602,4,You,0,0,_,you
602,4,can,0,0,Capability,can
602,4,come,0,0,Arriving,come
602,4,back,0,0,_,back
602,4,to,0,0,_,to
603,0,offering,1,1,Offering,offer
603,0,Arab,0,0,_,arab
603,0,regimes,0,0,Leadership,regime
603,0,a,0,0,_,a
603,0,convenient,0,0,_,convenient
603,0,scapegoat,1,1,_,scapegoat
603,0,.,0,0,_,.
603,1,Last,0,0,Relative_time,last
603,1,year,0,0,Calendric_unit,year
603,1,",",0,0,_,","
603,1,the,0,0,_,the
603,1,League,0,0,Organization,league
603,1,suddenly,0,0,_,suddenly
603,1,sprang,1,1,_,spring
603,1,into,1,0,_,into
603,1,action,1,0,Intentionally_act,action
603,1,over,1,0,_,over
603,1,Libya,0,0,_,Libya
603,1,",",0,0,_,","
603,1,providing,0,0,Supply,provide
603,1,invaluable,0,0,Usefulness,invaluable
603,1,diplomatic,0,0,_,diplomatic
603,1,cover,1,1,_,cover
603,1,for,0,0,_,for
603,1,UN,0,0,_,UN
603,1,Security,0,0,_,security
603,1,Council,0,0,_,council
603,1,Resolution,0,0,_,resolution
603,1,1973,0,0,_,1973
603,1,of,0,0,_,of
603,1,March,0,0,Calendric_unit,March
604,0,section,1,0,Part_whole,section
604,0,of,0,0,_,of
604,0,the,0,0,_,the
604,0,GOP,0,0,_,GOP
604,0,itself,0,0,_,itself
604,0,:,0,0,_,:
604,0,the,0,0,_,the
604,0,Tea,0,0,_,tea
604,0,Party,0,0,_,party
604,0,.,0,0,_,.
604,1,#,0,0,_,#
604,1,Since,0,0,Time_vector,since
604,1,it,0,0,_,it
604,1,sprang,1,1,_,spring
604,1,into,1,0,_,into
604,1,action,1,0,Intentionally_act,action
604,1,a,0,0,Quantified_mass,a
604,1,few,0,0,Quantified_mass,few
604,1,years,0,0,Calendric_unit,year
604,1,ago,0,0,Time_vector,ago
604,1,",",0,0,_,","
604,1,the,0,0,_,the
604,1,Tea,0,0,_,tea
604,1,Party,0,0,_,party
604,1,has,0,0,_,have
604,1,prided,1,1,Judgment_communication,pride
604,1,itself,0,0,_,itself
604,1,on,1,0,_,on
604,1,``,0,0,_,`
604,1,re-energizing,0,0,_,re
604,1,``,0,0,_,`
605,0,he,0,0,_,he
605,0,dangles,0,0,Cause_harm,dangle
605,0,Lockhart/Gardner,0,0,_,Lockhart
605,0,in,0,0,_,in
605,0,front,0,0,_,front
605,0,of,0,0,_,of
605,0,Burl,0,0,_,Burl
605,0,",",0,0,_,","
605,0,leading,1,0,Cotheme,lead
605,0,Will,0,0,_,will
605,0,and,0,0,_,and
605,0,Diane,0,0,_,Diane
605,0,to,0,0,_,to
605,0,spring,1,0,Self_motion,spring
605,0,into,1,0,_,into
605,0,action,0,0,Intentionally_act,action
605,0,and,0,0,_,and
605,0,give,1,0,Giving,give
605,0,David,0,0,_,David
605,0,Lee,0,0,_,Lee
605,0,some,0,0,Proportional_quantity,some
605,0,leverage,1,1,_,leverage
605,0,in,0,0,_,in
605,0,exchange,1,0,Exchange,exchange
605,0,for,0,0,_,for
605,0,saving,1,1,Protecting,save
605,0,their,0,0,_,their
605,0,asses,0,0,Body_parts,ass
605,0,.,0,0,_,.
605,1,Too,0,0,Sufficiency,too
605,1,bad,0,0,Desirability,bad
606,0,extinction,0,0,Death,extinction
606,0,.,0,0,_,.
606,1,#,0,0,_,#
606,1,I,0,0,_,I
606,1,am,0,0,_,be
606,1,more,0,0,_,more
606,1,than,0,0,_,than
606,1,prepared,0,0,Activity_ready_state,prepare
606,1,--,0,0,_,--
606,1,even,0,0,_,even
606,1,excited,0,0,Emotion_directed,excited
606,1,--,0,0,_,--
606,1,to,0,0,_,to
606,1,spring,1,0,Self_motion,spring
606,1,into,1,0,_,into
606,1,action,0,0,Intentionally_act,action
606,1,at,1,0,Temporal_collocation,at
606,1,a,0,0,_,a
606,1,moment,0,0,_,moment
606,1,'s,0,0,_,be
606,1,notice,0,0,_,notice
606,1,to,0,0,_,to
606,1,save,0,0,Protecting,save
606,1,the,0,0,_,the
606,1,whale,0,0,_,whale
606,1,not,0,0,_,not
606,1,only,0,0,_,only
606,1,from,1,0,_,from
606,1,Japanese,0,0,Origin,Japanese
606,1,poachers,0,0,Commerce_scenario,poacher
606,1,",",0,0,_,","
607,0,to,0,0,_,to
607,0,replace,0,0,Take_place_of,replace
607,0,him,0,0,_,he
607,0,and,0,0,_,and
607,0,a,0,0,_,a
607,0,media,0,0,_,medium
607,0,campaign,1,1,_,campaign
607,0,to,0,0,_,to
607,0,appoint,0,0,Change_of_leadership,appoint
607,0,Redknapp,0,0,_,Redknapp
607,0,as,0,0,_,as
607,0,England,0,0,_,England
607,0,manager,0,0,Leadership,manager
607,0,sprung,1,1,_,spring
607,0,into,1,0,_,into
607,0,action,1,0,Intentionally_act,action
607,0,.,0,0,_,.
607,1,#,0,0,_,#
607,1,Of,0,0,_,of
607,1,course,0,0,_,course
607,1,",",0,0,_,","
607,1,Harry,0,0,_,Harry
607,1,himself,0,0,_,himself
607,1,refused,0,0,Agree_or_refuse_to_act,refuse
607,1,to,0,0,_,to
607,1,commit,1,1,Commitment,commit
607,1,himself,0,0,_,himself
607,1,either,0,0,_,either
607,1,way,1,0,_,way
607,1,",",0,0,_,","
607,1,because,0,0,Causation,because
608,0,day,0,0,Measure_duration,day
608,0,of,0,0,_,of
608,0,real,0,0,Existence,real
608,0,work,0,0,Work,work
608,0,.,0,0,_,.
608,1,Professor,0,0,_,Professor
608,1,Summer,0,0,_,summer
608,1,Rupper,0,0,_,rupper
608,1,was,0,0,_,be
608,1,rejuvenated,1,1,Rejuvenation,rejuvenate
608,1,and,0,0,_,and
608,1,ready,0,0,Activity_ready_state,ready
608,1,to,0,0,_,to
608,1,spring,1,1,Self_motion,spring
608,1,into,1,0,_,into
608,1,action,0,0,Intentionally_act,action
608,1,on,1,0,Spatial_contact,on
608,1,Drukso,0,0,_,Drukso
608,1,Gangri,0,0,_,gangri
608,1,.,0,0,_,.
608,2,After,1,0,Time_vector,after
608,2,organizing,0,0,_,organize
608,2,their,0,0,_,their
608,2,gear,0,0,Gizmo,gear
608,2,",",0,0,_,","
608,2,Summer,0,0,_,summer
608,2,",",0,0,_,","
608,2,Mike,0,0,_,Mike
608,2,",",0,0,_,","
608,2,Josh,0,0,_,Josh
608,2,",",0,0,_,","
609,0,which,0,0,_,which
609,0,could,0,0,Capability,could
609,0,linger,1,1,Self_motion,linger
609,0,out,0,0,_,out
609,0,of,0,0,_,of
609,0,sight,0,0,Range,sight
609,0,on,0,0,Spatial_contact,on
609,0,less,0,0,_,less
609,0,used,0,0,Using,use
609,0,side,1,1,Part_inner_outer,side
609,0,streets,0,0,Roadways,street
609,0,",",0,0,_,","
609,0,then,0,0,_,then
609,0,spring,1,0,Self_motion,spring
609,0,into,1,0,_,into
609,0,action,1,0,Intentionally_act,action
609,0,when,0,0,Temporal_collocation,when
609,0,someone,0,0,_,someone
609,0,wanted,0,0,Desiring,want
609,0,a,0,0,_,a
609,0,ride,0,0,Operate_vehicle,ride
609,0,from,0,0,_,from
609,0,a,0,0,_,a
609,0,specific,0,0,_,specific
609,0,spot,0,0,Locale,spot
609,0,to,0,0,_,to
609,0,a,0,0,_,a
609,0,specific,0,0,_,specific
609,0,spot,0,0,Locale,spot
609,0,on,0,0,Spatial_contact,on
609,0,their,0,0,_,their
610,0,meet,0,0,Come_together,meet
610,0,monthly,0,0,Frequency,monthly
610,0,.,0,0,_,.
610,1,Crossing,1,0,Traversing,crossing
610,1,denominational,0,0,_,denominational
610,1,lines,1,0,Boundary,line
610,1,",",0,0,_,","
610,1,this,1,0,_,this
610,1,faithful,0,0,_,faithful
610,1,group,0,0,Aggregate,group
610,1,of,0,0,_,of
610,1,Bible-believing,0,0,_,Bible
610,1,pastors,0,0,_,pastor
610,1,sprang,1,1,Self_motion,spring
610,1,into,1,0,_,into
610,1,action,0,0,Intentionally_act,action
610,1,on,1,0,Temporal_collocation,on
610,1,that,1,0,_,that
610,1,tragic,0,0,Catastrophe,tragic
610,1,day,0,0,Calendric_unit,day
610,1,.,0,0,_,.
610,2,Pastor,0,0,_,Pastor
610,2,Greg,0,0,_,Greg
610,2,DiMeolo,0,0,_,DiMeolo
610,2,of,0,0,_,of
610,2,Christ,0,0,_,Christ
610,2,Community,0,0,_,community
610,2,Church,0,0,_,church
610,2,recalls,1,1,Statement,recall
610,2,the,0,0,_,the
610,2,pastors,0,0,_,pastor
611,0,and,0,0,_,and
611,0,started,0,0,Activity_start,start
611,0,causing,0,0,Causation,cause
611,0,havoc,0,0,_,havoc
611,0,with,1,0,_,with
611,0,the,0,0,_,the
611,0,herd,0,0,Aggregate,herd
611,0,.,0,0,_,.
611,1,Which,0,0,_,which
611,1,is,0,0,_,be
611,1,when,0,0,Temporal_collocation,when
611,1,Aishat,0,0,_,aishat
611,1,then,0,0,Temporal_collocation,then
611,1,sprang,1,1,Self_motion,spring
611,1,into,1,0,_,into
611,1,action,0,0,Intentionally_act,action
611,1,.,0,0,_,.
611,2,#,0,0,_,#
611,2,Approaching,0,0,Arriving,approach
611,2,the,0,0,_,the
611,2,wolf,0,0,_,wolf
611,2,with,0,0,_,with
611,2,an,0,0,_,an
611,2,axe,0,0,_,axe
611,2,the,0,0,_,the
611,2,wolf,0,0,_,wolf
611,2,who,0,0,_,who
611,2,was,0,0,_,be
611,2,in,1,0,_,in
611,2,the,0,0,_,the
611,2,throes,1,1,_,throe
612,0,policies,0,0,_,policy
612,0,of,0,0,_,of
612,0,Bush,0,0,_,Bush
612,0,and,0,0,_,and
612,0,Obama,0,0,_,Obama
612,0,--,0,0,_,--
612,0,but,0,0,Concessive,but
612,0,maybe,0,0,Likelihood,maybe
612,0,not,0,0,_,not
612,0,.,0,0,_,.
612,1,#,0,0,_,#
612,1,Did,0,0,_,do
612,1,George,0,0,_,George
612,1,Bush,0,0,_,Bush
612,1,immediately,0,0,_,immediately
612,1,spring,1,1,Self_motion,spring
612,1,into,1,0,_,into
612,1,action,0,0,Intentionally_act,action
612,1,and,0,0,_,and
612,1,race,0,0,Self_motion,race
612,1,over,0,0,_,over
612,1,to,0,0,_,to
612,1,NYC,0,0,_,NYC
612,1,upon,1,0,_,upon
612,1,hearing,0,0,Hearsay,hear
612,1,that,0,0,_,that
612,1,the,0,0,_,the
612,1,first,0,0,Ordinal_numbers,first
612,1,highjacked,0,0,_,highjack
612,1,plane,0,0,Vehicle,plane
612,1,hit,0,0,Impact,hit
612,1,the,0,0,_,the
612,1,WTC,0,0,_,WTC
613,0,genocide,0,0,_,genocide
613,0,',0,0,_,'
613,0,and,0,0,_,and
613,0,',0,0,_,'
613,0,ethnic,0,0,_,ethnic
613,0,cleansing,0,0,_,cleanse
613,0,',0,0,_,'
613,0,",",0,0,_,","
613,0,and,0,0,_,and
613,0,the,0,0,_,the
613,0,usual,0,0,_,usual
613,0,suspects,0,0,_,suspect
613,0,spring,1,0,Self_motion,spring
613,0,into,1,0,_,into
613,0,action,0,0,Intentionally_act,action
613,0,:,0,0,_,:
613,0,#,0,0,_,#
613,0,Bodo-Muslim,0,0,_,Bodo
613,0,violence,0,0,_,violence
613,0,in,0,0,Interior_profile_relation,in
613,0,the,0,0,_,the
613,0,State,0,0,Political_locales,state
613,0,has,0,0,_,have
613,0,left,1,0,Causation,leave
613,0,more,0,0,Increment,more
613,0,than,0,0,_,than
613,0,50,0,0,Cardinal_numbers,50
613,0,people,0,0,People,people
613,0,dead,0,0,Dead_or_alive,dead
613,0,and,0,0,_,and
614,0,Be,0,0,_,be
614,0,silen,0,0,_,silen
614,0,t,0,0,_,t
614,0,before,1,0,_,before
614,0,the,0,0,_,the
614,0,LORD,0,0,_,LORD
614,0,",",0,0,_,","
614,0,all,0,0,Quantified_mass,all
614,0,humanity,0,0,_,humanity
614,0,",",0,0,_,","
614,0,for,0,0,Causation,for
614,0,he,0,0,_,he
614,0,is,0,0,_,be
614,0,springing,1,1,Self_motion,spring
614,0,into,1,0,_,into
614,0,action,0,0,Intentionally_act,action
614,0,from,0,0,_,from
614,0,his,0,0,_,his
614,0,holy,0,0,_,holy
614,0,dwelling.,0,0,Buildings,dwell
614,0,``,0,0,_,`
614,1,Matthew,0,0,_,Matthew
614,1,22:34,0,0,_,22:34
614,1,The,0,0,_,the
614,1,Most,0,0,_,Most
614,1,Important,0,0,Importance,important
614,1,Commandment,0,0,_,commandment
614,1,But,0,0,_,but
614,1,when,0,0,Temporal_collocation,when
614,1,the,0,0,_,the
615,0,to,0,0,_,to
615,0,print,0,0,Text_creation,print
615,0,it,0,0,_,it
615,0,.,0,0,_,.
615,1,Be,0,0,_,be
615,1,on,1,0,_,on
615,1,the,0,0,_,the
615,1,lookout,1,0,Scrutiny,lookout
615,1,for,0,0,_,for
615,1,it,0,0,_,it
615,1,so,0,0,_,so
615,1,you,0,0,_,you
615,1,can,0,0,Capability,can
615,1,spring,1,0,Self_motion,spring
615,1,into,1,0,_,into
615,1,action,0,0,Intentionally_act,action
615,1,and,0,0,_,and
615,1,start,0,0,Activity_start,start
615,1,writing,0,0,Text_creation,write
615,1,letters,0,0,Text,letter
615,1,of,0,0,_,of
615,1,approval,0,0,Deny_or_grant_permission,approval
615,1,as,0,0,_,as
615,1,soon,0,0,Temporal_collocation,soon
615,1,as,0,0,_,as
615,1,it,0,0,_,it
615,1,appears,0,0,Give_impression,appear
615,1,.,0,0,_,.
615,2,#,0,0,_,#
615,2,We,0,0,_,we
615,2,'re,0,0,_,be
616,0,the,0,0,_,the
616,0,minute,0,0,_,minute
616,0,you,0,0,_,you
616,0,need,0,0,Needing,need
616,0,cooperation,0,0,Collaboration,cooperation
616,0,for,0,0,_,for
616,0,something,0,0,_,something
616,0,new,0,0,Age,new
616,0,or,0,0,_,or
616,0,different,0,0,Similarity,different
616,0,",",0,0,_,","
616,0,the,0,0,_,the
616,0,ghosts,1,1,_,ghost
616,0,spring,1,0,Self_motion,spring
616,0,into,1,0,_,into
616,0,action,1,0,Intentionally_act,action
616,0,.,0,0,_,.
616,1,Old,0,0,Age,old
616,1,wounds,1,1,Medical_conditions,wound
616,1,reopen,1,0,Activity_start,reopen
616,1,",",0,0,_,","
616,1,historic,0,0,Custom,historic
616,1,resentments,0,0,Experiencer_focus,resentment
616,1,are,0,0,_,be
616,1,remembered,0,0,Memory,remember
616,1,--,0,0,_,--
616,1,sometimes,0,0,Frequency,sometimes
616,1,going,1,0,_,go
616,1,back,1,0,_,back
616,1,many,0,0,Quantified_mass,many
616,1,generations,0,0,_,generation
617,0,drug,0,0,Intoxicants,drug
617,0,that,0,0,_,that
617,0,it,0,0,_,it
617,0,had,0,0,_,have
617,0,been,0,0,_,be
617,0,relentlessly,0,0,_,relentlessly
617,0,promoting,0,0,_,promote
617,0,to,1,0,_,to
617,0,governments,0,0,Leadership,government
617,0,everywhere,0,0,Locative_relation,everywhere
617,0,",",0,0,_,","
617,0,Merck,0,0,_,Merck
617,0,sprang,1,0,Self_motion,spring
617,0,into,1,0,_,into
617,0,action,0,0,Intentionally_act,action
617,0,.,0,0,_,.
617,1,And,0,0,_,and
617,1,behold,0,0,_,behold
617,1,!,0,0,_,!
617,2,A,0,0,_,a
617,2,mere,0,0,_,mere
617,2,three,0,0,Cardinal_numbers,three
617,2,nights,0,0,Calendric_unit,night
617,2,later,0,0,Time_vector,later
617,2,on,1,0,_,on
617,2,the,0,0,_,the
617,2,NBC,0,0,_,NBC
617,2,Nightly,0,0,_,nightly
617,2,News,0,0,_,news
617,2,",",0,0,_,","
618,0,take,1,0,Breathing,take
618,0,a,0,0,_,a
618,0,breath,0,0,Breathing,breath
618,0,",",0,0,_,","
618,0,take,1,0,_,take
618,0,the,0,0,_,the
618,0,time,0,0,_,time
618,0,and,0,0,_,and
618,0,recognize,1,1,Becoming_aware,recognize
618,0,that,0,0,_,that
618,0,long,0,0,_,long
618,0,before,0,0,Time_vector,before
618,0,SONS,0,0,_,son
618,0,sprung,1,1,_,spring
618,0,into,1,0,_,into
618,0,action,1,0,Intentionally_act,action
618,0,",",0,0,_,","
618,0,Novato,0,0,_,Novato
618,0,Unified,0,0,_,Unified
618,0,School,0,0,Locale_by_use,school
618,0,District,0,0,_,district
618,0,has,0,0,_,have
618,0,been,0,0,_,be
618,0,capable,0,0,Capability,capable
618,0,of,0,0,_,of
618,0,successfully,0,0,Success_or_failure,successfully
618,0,managing,0,0,_,manage
618,0,Novato,0,0,_,Novato
618,0,Charter,0,0,_,charter
618,0,School,0,0,Locale_by_use,school
618,0,",",0,0,_,","
619,0,can,0,0,Capability,can
619,0,not,0,0,_,not
619,0,complete,0,0,Activity_finish,complete
619,0,the,0,0,_,the
619,0,lift,0,0,Connecting_architecture,lift
619,0,.,0,0,_,.
619,1,That,1,0,_,that
619,1,'s,0,0,_,be
619,1,a,0,0,_,a
619,1,spotter,0,0,_,spotter
619,1,'s,0,0,_,be
619,1,-cue,1,1,_,-cue
619,1,to,0,0,_,to
619,1,spring,1,1,Self_motion,spring
619,1,into,1,0,_,into
619,1,action,0,0,Intentionally_act,action
619,1,!,0,0,_,!
619,2,1,0,0,_,1
619,2,",",0,0,_,","
619,2,2,0,0,_,2
619,2,",",0,0,_,","
619,2,3,0,0,_,3
619,2,Lift,0,0,Cause_motion,lift
619,2,!,0,0,_,!
619,3,--,0,0,_,--
619,3,Your,0,0,_,your
619,3,Action,0,0,Intentionally_act,action
619,3,Plan,1,0,Project,plan
619,3,#,0,0,_,#
619,3,All,0,0,_,all
620,0,the,0,0,_,the
620,0,New,0,0,Age,new
620,0,Carrollton,0,0,_,Carrollton
620,0,Metro,0,0,_,Metro
620,0,station,0,0,_,station
620,0,with,0,0,Accompaniment,with
620,0,a,0,0,_,a
620,0,toddler,0,0,People_by_age,toddler
620,0,and,0,0,_,and
620,0,a,0,0,_,a
620,0,2-month-old,0,0,_,2
620,0,",",0,0,_,","
620,0,she,0,0,_,she
620,0,sprang,1,0,Self_motion,spring
620,0,into,1,0,_,into
620,0,action,0,0,Intentionally_act,action
620,0,.,0,0,_,.
620,1,#,0,0,_,#
620,1,Coe,0,0,_,Coe
620,1,contacted,0,0,Arriving,contact
620,1,the,0,0,_,the
620,1,young,0,0,Age,young
620,1,woman,0,0,People,woman
620,1,and,0,0,_,and
620,1,arranged,0,0,_,arrange
620,1,for,0,0,_,for
620,1,her,0,0,_,she
620,1,to,0,0,_,to
620,1,take,0,0,Cotheme,take
620,1,the,0,0,_,the
620,1,train,0,0,Vehicle,train
621,0,greatest,1,1,Desirability,great
621,0,number,0,0,Quantified_mass,number
621,0,of,0,0,_,of
621,0,attendees,0,0,Attending,attendee
621,0,(,0,0,_,(
621,0,72,0,0,_,72
621,0,),0,0,_,)
621,0,:,0,0,_,:
621,0,#,0,0,_,#
621,0,A,0,0,_,a
621,0,week,0,0,Calendric_unit,week
621,0,ago,0,0,Time_vector,ago
621,0,we,0,0,_,we
621,0,sprang,1,1,Self_motion,spring
621,0,into,1,0,_,into
621,0,action,0,0,Intentionally_act,action
621,0,when,0,0,Temporal_collocation,when
621,0,we,0,0,_,we
621,0,heard,0,0,Hearsay,hear
621,0,that,0,0,_,that
621,0,MAKE,0,0,_,make
621,0,magazine,0,0,Text,magazine
621,0,was,0,0,_,be
621,0,planning,1,0,Purpose,planning
621,0,an,0,0,_,an
621,0,international,0,0,Political_locales,international
621,0,3D,0,0,_,3d
621,0,printing,0,0,Manufacturing,print
621,0,meetup,0,0,Social_event,meetup
621,0,day,0,0,Calendric_unit,day
621,0,.,0,0,_,.
622,0,which,0,0,_,which
622,0,drafted,1,1,Coming_up_with,draft
622,0,much,0,0,Proportional_quantity,much
622,0,of,0,0,_,of
622,0,the,0,0,_,the
622,0,law,0,0,Law,law
622,0,",",0,0,_,","
622,0,predicted,1,1,Expectation,predict
622,0,that,0,0,_,that
622,0,congressional,0,0,_,congressional
622,0,Democrats,0,0,_,Democrats
622,0,would,0,0,_,would
622,0,n't,0,0,_,not
622,0,spring,1,1,Self_motion,spring
622,0,into,1,0,_,into
622,0,action,0,0,Intentionally_act,action
622,0,immediately,0,0,_,immediately
622,0,to,0,0,_,to
622,0,offer,0,0,Offering,offer
622,0,bills,0,0,_,bill
622,0,replacing,1,0,Take_place_of,replace
622,0,the,0,0,_,the
622,0,ACA,0,0,_,ACA
622,0,if,0,0,_,if
622,0,the,0,0,_,the
622,0,court,0,0,Judicial_body,court
622,0,strikes,1,1,Destroying,strike
622,0,down,1,0,_,down
622,0,parts,1,0,Part_whole,part
622,0,of,0,0,_,of
622,0,it,0,0,_,it
623,0,when,0,0,Temporal_collocation,when
623,0,``,0,0,_,`
623,0,you,0,0,_,you
623,0,can,0,0,Possibility,can
623,0,almost,0,0,_,almost
623,0,feel,1,0,Perception_experience,feel
623,0,minds,0,0,_,mind
623,0,absorbing,1,1,_,absorb
623,0,injury,0,0,Experience_bodily_harm,injury
623,0,",",0,0,_,","
623,0,cognitive,0,0,_,cognitive
623,0,immune,0,0,_,immune
623,0,systems,1,0,System,system
623,0,springing,1,1,Self_motion,spring
623,0,into,1,0,_,into
623,0,action,0,0,Intentionally_act,action
623,0,and,0,0,_,and
623,0,one,0,0,Cardinal_numbers,one
623,0,of,0,0,Partitive,of
623,0,modern,0,0,Temporal_collocation,modern
623,0,civilization,0,0,_,civilization
623,0,'s,0,0,_,be
623,0,master,1,1,Subordinates_and_superiors,master
623,0,narratives,0,0,_,narrative
623,0,being,0,0,_,be
623,0,created.,0,0,Intentionally_create,create
623,0,``,0,0,_,`
623,1,#,0,0,_,#
623,1,And,0,0,_,and
623,1,then,0,0,_,then
624,0,3181731,0,0,_,3181731
624,0,#,0,0,_,#
624,0,In,1,0,Temporal_collocation,in
624,0,September,0,0,Calendric_unit,September
624,0,",",0,0,_,","
624,0,the,0,0,_,the
624,0,Native,0,0,_,native
624,0,community,0,0,Aggregate,community
624,0,sprang,1,0,Self_motion,spring
624,0,into,1,0,_,into
624,0,action,0,0,Intentionally_act,action
624,0,voicing,0,0,Expressing_publicly,voice
624,0,our,0,0,_,our
624,0,collective,0,0,_,collective
624,0,outrage,0,0,Emotion_directed,outrage
624,0,after,0,0,Relative_time,after
624,0,we,0,0,_,we
624,0,were,0,0,_,be
624,0,assailed,0,0,Judgment_communication,assail
624,0,by,0,0,_,by
624,0,Paul,0,0,_,Paul
624,0,Frank,0,0,_,Frank
624,0,'s,0,0,_,be
624,0,``,0,0,_,`
624,0,neon,0,0,_,neon
624,0,pow-wow,0,0,_,pow
625,0,it,0,0,_,it
625,0,),0,0,_,)
625,0,and,0,0,_,and
625,0,he,0,0,_,he
625,0,says,0,0,Statement,say
625,0,that,0,0,_,that
625,0,his,0,0,_,his
625,0,consistent,0,0,_,consistent
625,0,experience,0,0,Perception_experience,experience
625,0,is,0,0,_,be
625,0,that,0,0,_,that
625,0,people,0,0,People,people
625,0,``,0,0,_,`
625,0,springing,1,1,Self_motion,spring
625,0,into,1,0,_,into
625,0,action,0,0,Intentionally_act,action
625,0,``,0,0,_,`
625,0,is,0,0,_,be
625,0,very,0,0,Degree,very
625,0,rare,0,0,Frequency,rare
625,0,",",0,0,_,","
625,0,regardless,0,0,_,regardless
625,0,of,0,0,_,of
625,0,the,0,0,_,the
625,0,race,0,0,Type,race
625,0,of,0,0,_,of
625,0,the,0,0,_,the
625,0,people,0,0,People,people
625,0,.,0,0,_,.
625,1,Race,0,0,_,race
625,1,may,0,0,_,may
626,0,place,1,0,Locale,place
626,0,",",0,0,_,","
626,0,the,0,0,_,the
626,0,networks,1,1,Network,network
626,0,",",0,0,_,","
626,0,the,0,0,_,the
626,0,friendships,0,0,Personal_relationship,friendship
626,0,that,0,0,_,that
626,0,were,0,0,_,be
626,0,already,0,0,Time_vector,already
626,0,there,1,0,Locative_relation,there
626,0,",",0,0,_,","
626,0,just,0,0,_,just
626,0,sprung,1,1,_,spring
626,0,into,1,0,_,into
626,0,action,1,0,Intentionally_act,action
626,0,",",0,0,_,","
626,0,right,0,0,_,right
626,0,the,0,0,_,the
626,0,morning,0,0,Calendric_unit,morning
626,0,after,1,0,Time_vector,after
626,0,the,0,0,_,the
626,0,flood,0,0,_,flood
626,0,.,0,0,_,.
626,1,I,0,0,_,I
626,1,think,0,0,Awareness,think
626,1,about,1,0,_,about
626,1,two-thirds,0,0,_,two
626,1,or,0,0,_,or
626,1,three-quarters,0,0,_,three
626,1,of,0,0,_,of
627,0,that,0,0,_,that
627,0,concentration,1,1,_,concentration
627,0,.,0,0,_,.
627,1,That,1,0,_,that
627,1,steely,1,1,_,steely
627,1,gaze,0,0,Perception_active,gaze
627,1,.,0,0,_,.
627,2,That,1,0,_,that
627,2,finely,0,0,_,finely
627,2,toned,0,0,_,toned
627,2,body,0,0,Body_parts,body
627,2,ready,0,0,Activity_ready_state,ready
627,2,to,0,0,_,to
627,2,spring,1,1,Self_motion,spring
627,2,into,1,0,_,into
627,2,action,0,0,Intentionally_act,action
627,2,like,0,0,Similarity,like
627,2,a,0,0,_,a
627,2,precision-engineered,0,0,_,precision
627,2,machine,0,0,Gizmo,machine
627,2,.,0,0,_,.
627,3,That,0,0,_,that
627,3,tongue,0,0,Body_parts,tongue
627,3,sticking,0,0,Fluidic_motion,stick
627,3,out,0,0,_,out
627,3,of,0,0,_,of
627,3,his,0,0,_,his
627,3,mouth,0,0,Body_parts,mouth
627,3,.,0,0,_,.
627,4,#,0,0,_,#
627,4,Or,0,0,_,or
628,0,on,0,0,Spatial_contact,on
628,0,the,0,0,_,the
628,0,factory,0,0,Locale_by_use,factory
628,0,wall,0,0,Architectural_part,wall
628,0,that,0,0,_,that
628,0,reminds,0,0,Evoking,remind
628,0,him,0,0,_,he
628,0,of,0,0,_,of
628,0,a,0,0,_,a
628,0,customer,0,0,_,customer
628,0,email,0,0,Text,email
628,0,and,0,0,_,and
628,0,he,0,0,_,he
628,0,springs,1,1,Self_motion,spring
628,0,into,1,0,_,into
628,0,action,0,0,Intentionally_act,action
628,0,.,0,0,_,.
628,1,#,0,0,_,#
628,1,One,0,0,Cardinal_numbers,one
628,1,last,0,0,Ordinal_numbers,last
628,1,personal,0,0,_,personal
628,1,tidbit,0,0,_,tidbit
628,1,about,1,0,Topic,about
628,1,Mr.,0,0,_,Mr.
628,1,Drexler,0,0,_,Drexler
628,1,.,0,0,_,.
628,2,When,0,0,_,when
628,2,The,0,0,_,the
628,2,New,0,0,_,new
628,2,York,0,0,_,york
628,2,Times,0,0,_,time
629,0,evening,0,0,Calendric_unit,evening
629,0,Sunday,0,0,Calendric_unit,Sunday
629,0,and,0,0,_,and
629,0,when,0,0,Temporal_collocation,when
629,0,he,0,0,_,he
629,0,left,0,0,Departing,leave
629,0,their,0,0,_,their
629,0,apartment,0,0,Building_subparts,apartment
629,0,early,0,0,Relative_time,early
629,0,Monday,0,0,Calendric_unit,Monday
629,0,morning,0,0,Calendric_unit,morning
629,0,",",0,0,_,","
629,0,she,0,0,_,she
629,0,sprung,1,1,Self_motion,spring
629,0,into,1,0,_,into
629,0,action,0,0,Intentionally_act,action
629,0,.,0,0,_,.
629,1,After,1,0,Time_vector,after
629,1,getting,0,0,Getting,get
629,1,the,0,0,_,the
629,1,fire,0,0,Fire_burning,fire
629,1,stoked,0,0,Setting_fire,stoke
629,1,she,0,0,_,she
629,1,went,0,0,Motion,go
629,1,downstairs,0,0,_,downstairs
629,1,to,0,0,_,to
629,1,begin,0,0,Activity_start,begin
629,1,the,0,0,_,the
629,1,evacuation,0,0,Removing,evacuation
629,1,procedure,0,0,Means,procedure
629,1,by,0,0,_,by
630,0,from,0,0,_,from
630,0,all,0,0,Quantified_mass,all
630,0,of,0,0,_,of
630,0,you,0,0,_,you
630,0,.,0,0,_,.
630,1,No,0,0,_,no
630,1,rest,0,0,Stimulus_focus,rest
630,1,for,0,0,_,for
630,1,the,0,0,_,the
630,1,weary,0,0,Biological_urge,weary
630,1,though,0,0,_,though
630,1,and,0,0,_,and
630,1,I,0,0,_,I
630,1,sprang,1,1,Self_motion,spring
630,1,into,1,0,_,into
630,1,action,0,0,Intentionally_act,action
630,1,all,0,0,_,all
630,1,day,0,0,Calendric_unit,day
630,1,and,0,0,_,and
630,1,night,0,0,Calendric_unit,night
630,1,last,0,0,Relative_time,last
630,1,night,0,0,Calendric_unit,night
630,1,catching,1,1,_,catch
630,1,up,1,0,_,up
630,1,or,0,0,_,or
630,1,at,0,0,_,at
630,1,least,0,0,_,least
630,1,scratching,1,1,_,scratch
630,1,the,0,0,_,the
630,1,surface,1,1,Part_inner_outer,surface
630,1,and,0,0,_,and
631,0,at,1,0,_,at
631,0,12,0,0,_,12
631,0,cents,0,0,_,cent
631,0,.,0,0,_,.
631,1,#,0,0,_,#
631,1,Unsurprisingly,0,0,_,unsurprisingly
631,1,",",0,0,_,","
631,1,the,0,0,_,the
631,1,big,1,0,Size,big
631,1,banks,0,0,Businesses,bank
631,1,',0,0,_,'
631,1,lobbying,0,0,_,lobby
631,1,machinery,1,1,Gizmo,machinery
631,1,sprang,1,0,Self_motion,spring
631,1,into,1,0,_,into
631,1,action,1,0,Intentionally_act,action
631,1,",",0,0,_,","
631,1,arguing,1,0,Reasoning,argue
631,1,that,0,0,_,that
631,1,the,0,0,_,the
631,1,fee,0,0,_,fee
631,1,cap,1,1,_,cap
631,1,would,0,0,_,would
631,1,hurt,1,0,Cause_harm,hurt
631,1,small,0,0,Size,small
631,1,banks,0,0,Businesses,bank
631,1,and,0,0,_,and
631,1,credit,0,0,_,credit
631,1,unions,0,0,_,union
631,1,.,0,0,_,.
631,2,Senators,0,0,_,senator
632,0,thatched,0,0,_,thatched
632,0,roofs,0,0,Architectural_part,roof
632,0,.,0,0,_,.
632,1,When,0,0,Temporal_collocation,when
632,1,we,0,0,_,we
632,1,walked,0,0,Self_motion,walk
632,1,up,1,0,_,up
632,1,the,0,0,_,the
632,1,family,0,0,Kinship,family
632,1,",",0,0,_,","
632,1,as,0,0,_,as
632,1,usual,0,0,_,usual
632,1,",",0,0,_,","
632,1,sprung,1,0,Self_motion,spring
632,1,into,1,0,_,into
632,1,action,0,0,Intentionally_act,action
632,1,bringing,0,0,Bringing,bring
632,1,chairs,0,0,_,chair
632,1,",",0,0,_,","
632,1,stools,0,0,_,stool
632,1,",",0,0,_,","
632,1,and,0,0,_,and
632,1,a,0,0,_,a
632,1,tarp,0,0,_,tarp
632,1,on,0,0,Spatial_contact,on
632,1,which,0,0,_,which
632,1,we,0,0,_,we
632,1,could,0,0,Possibility,could
632,1,sit,0,0,Posture,sit
632,1,.,0,0,_,.
632,2,I,0,0,_,I
633,0,sounds,0,0,Sensation,sound
633,0,began,0,0,Process_start,begin
633,0,when,0,0,Temporal_collocation,when
633,0,I,0,0,_,I
633,0,was,0,0,_,be
633,0,just,0,0,_,just
633,0,about,1,0,_,about
633,0,Charlie,0,0,_,Charlie
633,0,'s,0,0,_,be
633,0,age,0,0,Age,age
633,0,.,0,0,_,.
633,1,My,0,0,_,my
633,1,mother,0,0,Kinship,mother
633,1,sprung,1,0,Self_motion,spring
633,1,into,1,0,_,into
633,1,action,0,0,Intentionally_act,action
633,1,at,1,0,_,at
633,1,that,1,0,_,that
633,1,point,1,0,_,point
633,1,with,0,0,_,with
633,1,flash,0,0,_,flash
633,1,cards,0,0,_,card
633,1,",",0,0,_,","
633,1,magnetic,0,0,_,magnetic
633,1,letters,0,0,Text,letter
633,1,",",0,0,_,","
633,1,and,0,0,_,and
633,1,picture,0,0,_,picture
633,1,books,0,0,Text,book
633,1,.,0,0,_,.
633,2,Before,0,0,Time_vector,before
634,0,as,0,0,_,as
634,0,39-year-old,0,0,_,39
634,0,David,0,0,_,David
634,0,Moore,0,0,_,Moore
634,0,",",0,0,_,","
634,0,then,0,0,Temporal_collocation,then
634,0,allegedly,0,0,Unattributed_information,allegedly
634,0,grasped,0,0,Manipulation,grasp
634,0,Brandons,0,0,_,brandon
634,0,arm,0,0,Body_parts,arm
634,0,",",0,0,_,","
634,0,but,0,0,_,but
634,0,A-nari,0,0,_,a
634,0,sprang,1,1,Self_motion,spring
634,0,into,1,0,_,into
634,0,action,0,0,Intentionally_act,action
634,0,",",0,0,_,","
634,0,punching,0,0,Cause_harm,punch
634,0,and,0,0,_,and
634,0,kicking,0,0,Cause_harm,kick
634,0,him,0,0,_,he
634,0,.,0,0,_,.
634,1,#,0,0,_,#
634,1,Taylor,0,0,_,Taylor
634,1,said,0,0,Statement,say
634,1,she,0,0,_,she
634,1,was,0,0,_,be
634,1,frightened,0,0,Fear,frightened
634,1,by,0,0,_,by
634,1,the,0,0,_,the
634,1,man,0,0,People,man
635,0,",",0,0,_,","
635,0,you,0,0,_,you
635,0,can,0,0,Possibility,can
635,0,see,0,0,Perception_experience,see
635,0,him,0,0,_,he
635,0,take,1,0,Ingest_substance,take
635,0,one,0,0,Cardinal_numbers,one
635,0,last,0,0,Ordinal_numbers,last
635,0,deep,1,0,_,deep
635,0,and,0,0,_,and
635,0,focused,1,1,_,focus
635,0,breath,0,0,Breathing,breath
635,0,before,0,0,Time_vector,before
635,0,springing,1,1,Self_motion,spring
635,0,into,1,0,_,into
635,0,action,0,0,Intentionally_act,action
635,0,.,0,0,_,.
635,1,His,0,0,_,his
635,1,body,0,0,Body_parts,body
635,1,rises,0,0,Change_position_on_a_scale,rise
635,1,",",0,0,_,","
635,1,seeming,0,0,Give_impression,seem
635,1,almost,0,0,_,almost
635,1,to,0,0,_,to
635,1,hover,0,0,Self_motion,hover
635,1,in,0,0,_,in
635,1,the,0,0,_,the
635,1,air,0,0,_,air
635,1,before,0,0,Time_vector,before
635,1,gliding,0,0,Self_motion,glide
635,1,down,0,0,_,down
636,0,managing,1,1,_,manage
636,0,their,0,0,_,their
636,0,own,0,0,_,own
636,0,response,1,0,Response,response
636,0,to,1,0,_,to
636,0,the,0,0,_,the
636,0,situation.,1,1,_,situation
636,0,``,0,0,_,`
636,1,#,0,0,_,#
636,1,All,0,0,Quantified_mass,all
636,1,thirty,0,0,Cardinal_numbers,thirty
636,1,companies,0,0,Businesses,company
636,1,sprung,1,1,Self_motion,spring
636,1,into,1,0,_,into
636,1,action,1,0,Intentionally_act,action
636,1,to,0,0,_,to
636,1,neutralize,0,0,_,neutralize
636,1,the,0,0,_,the
636,1,security,0,0,Being_at_risk,security
636,1,risk,0,0,Run_risk,risk
636,1,and,0,0,_,and
636,1,prepare,1,0,Activity_prepare,prepare
636,1,their,0,0,_,their
636,1,respective,0,0,_,respective
636,1,technical,0,0,_,technical
636,1,responses,1,0,Response,response
636,1,.,0,0,_,.
636,2,Mashery,0,0,_,Mashery
636,2,co-founder,0,0,_,co
636,2,Clay,0,0,_,clay
637,0,believe,0,0,Certainty,believe
637,0,it,0,0,_,it
637,0,will,0,0,_,will
637,0,work,1,0,Usefulness,work
637,0,--,0,0,_,--
637,0,including,0,0,Inclusion,include
637,0,the,0,0,_,the
637,0,one,0,0,Cardinal_numbers,one
637,0,skeptic,0,0,Certainty,skeptic
637,0,in,1,0,_,in
637,0,the,0,0,_,the
637,0,group,0,0,Aggregate,group
637,0,who,0,0,_,who
637,0,springs,1,1,Self_motion,spring
637,0,into,1,0,_,into
637,0,action,0,0,Intentionally_act,action
637,0,to,0,0,_,to
637,0,explain,0,0,Statement,explain
637,0,their,0,0,_,their
637,0,mocked-up,0,0,_,mock
637,0,storyboards,0,0,_,storyboard
637,0,during,0,0,Temporal_collocation,during
637,0,the,0,0,_,the
637,0,single,0,0,Sole_instance,single
637,0,most,0,0,_,most
637,0,crucial,0,0,Importance,crucial
637,0,moment,0,0,_,moment
637,0,of,0,0,_,of
637,0,their,0,0,_,their
637,0,interrogation,0,0,Inspecting,interrogation
637,0,.,0,0,_,.
638,0,opposition,0,0,Taking_sides,opposition
638,0,to,1,0,_,to
638,0,the,0,0,_,the
638,0,Vietnam,0,0,_,Vietnam
638,0,War,0,0,Hostile_encounter,war
638,0,inspired,0,0,Subjective_influence,inspire
638,0,a,0,0,_,a
638,0,number,0,0,Quantified_mass,number
638,0,of,0,0,_,of
638,0,low,0,0,Position_on_a_scale,low
638,0,budget,0,0,_,budget
638,0,filmmakers,0,0,People_by_vocation,filmmaker
638,0,who,0,0,_,who
638,0,sprang,1,1,Self_motion,spring
638,0,into,1,0,_,into
638,0,action,0,0,Intentionally_act,action
638,0,with,1,0,_,with
638,0,their,0,0,_,their
638,0,own,0,0,_,own
638,0,responses,1,0,Response,response
638,0,.,0,0,_,.
638,1,The,0,0,_,the
638,1,result,0,0,Causation,result
638,1,was,0,0,_,be
638,1,a,0,0,_,a
638,1,handful,0,0,Quantified_mass,handful
638,1,of,0,0,_,of
638,1,angry,1,0,Emotion_directed,angry
638,1,and,0,0,_,and
638,1,nihilistic,0,0,_,nihilistic
638,1,pictures,0,0,Physical_artworks,picture
639,0,Did,0,0,_,do
639,0,you,0,0,_,you
639,0,miss,0,0,_,miss
639,0,me,0,0,_,I
639,0,?,0,0,_,?
639,1,Yes,0,0,_,yes
639,1,",",0,0,_,","
639,1,still,0,0,Continued_state_of_affairs,still
639,1,in,1,0,_,in
639,1,his,0,0,_,his
639,1,PJs,0,0,_,pj
639,1,",",0,0,_,","
639,1,he,0,0,_,he
639,1,sprang,1,1,Self_motion,spring
639,1,into,1,0,_,into
639,1,action,0,0,Intentionally_act,action
639,1,and,0,0,_,and
639,1,took,1,0,_,take
639,1,on,1,0,_,on
639,1,the,0,0,_,the
639,1,evil,0,0,Morality_evaluation,evil
639,1,leader,0,0,Leadership,leader
639,1,of,0,0,_,of
639,1,the,0,0,_,the
639,1,Sycorax,0,0,_,Sycorax
639,1,.,0,0,_,.
639,2,I,0,0,_,I
639,2,fight,0,0,Hostile_encounter,fight
639,2,an,0,0,_,an
639,2,alien,0,0,_,alien
639,2,on,1,0,_,on
640,0,thing,0,0,Entity,thing
640,0,.,0,0,_,.
640,1,Unlike,0,0,Similarity,unlike
640,1,that,1,0,_,that
640,1,dude,0,0,People,dude
640,1,on,1,0,Setting_fire,on
640,1,fire,1,0,Fire_burning,fire
640,1,at,1,0,Locative_relation,at
640,1,the,0,0,_,the
640,1,peace,0,0,_,peace
640,1,rally,0,0,Social_event,rally
640,1,",",0,0,_,","
640,1,we,0,0,_,we
640,1,sprung,1,1,Self_motion,spring
640,1,into,1,0,_,into
640,1,action,0,0,Intentionally_act,action
640,1,to,0,0,_,to
640,1,revive,1,1,Cause_to_resume,revive
640,1,the,0,0,_,the
640,1,Bigfoot,0,0,_,bigfoot
640,1,.,0,0,_,.
640,2,But,0,0,Concessive,but
640,2,it,0,0,_,it
640,2,was,0,0,_,be
640,2,too,0,0,Sufficiency,too
640,2,late,0,0,Relative_time,late
640,2,.,0,0,_,.
640,3,It,0,0,_,it
640,3,made,1,0,Causation,make
640,3,me,0,0,_,I
640,3,feel,1,0,Feeling,feel
641,0,Now,0,0,Temporal_collocation,now
641,0,",",0,0,_,","
641,0,as,0,0,_,as
641,0,Steven,0,0,_,Steven
641,0,heads,0,0,Self_motion,head
641,0,on,0,0,Spatial_contact,on
641,0,stage,0,0,_,stage
641,0,",",0,0,_,","
641,0,his,0,0,_,his
641,0,finely,0,0,_,finely
641,0,tuned,1,1,_,tune
641,0,vocal,0,0,_,vocal
641,0,cords,0,0,_,cord
641,0,spring,1,0,Self_motion,spring
641,0,into,1,0,_,into
641,0,action,0,0,Intentionally_act,action
641,0,.,0,0,_,.
641,1,(,0,0,_,(
641,1,Guitarintro,0,0,_,Guitarintro
641,1,),0,0,_,)
641,1,This,0,0,_,this
641,1,is,0,0,_,be
641,1,Steven,0,0,_,Steven
641,1,Tyler,0,0,_,tyler
641,1,outside,0,0,Part_inner_outer,outside
641,1,...,0,0,_,...
641,1,Every,0,0,Frequency,every
641,1,time,0,0,_,time
641,1,that,0,0,_,that
641,1,I,0,0,_,I
641,1,look,0,0,Perception_active,look
642,0,I,0,0,_,I
642,0,was,0,0,_,be
642,0,on,1,0,_,on
642,0,the,0,0,_,the
642,0,phone,0,0,_,phone
642,0,.,0,0,_,.
642,1,I,0,0,_,I
642,1,summoned,1,1,Request,summon
642,1,the,0,0,_,the
642,1,paramedics,0,0,Medical_professionals,paramedic
642,1,.,0,0,_,.
642,2,-,0,0,_,-
642,2,I,0,0,_,I
642,2,sprung,1,1,Self_motion,spring
642,2,into,1,0,_,into
642,2,action,0,0,Intentionally_act,action
642,2,without,1,0,_,without
642,2,delay,0,0,Change_event_time,delay
642,2,.,0,0,_,.
642,3,-,0,0,_,-
642,3,Bullshit,0,0,_,bullshit
642,3,.,0,0,_,.
642,4,You,0,0,_,you
642,4,were,0,0,_,be
642,4,cleaning,0,0,_,clean
642,4,your,0,0,_,your
642,4,pipe,0,0,_,pipe
642,4,.,0,0,_,.
642,5,I,0,0,_,I
642,5,was,0,0,_,be
642,5,wrapping,0,0,Placing,wrap
643,0,real,0,0,Existence,real
643,0,Angela,0,0,_,Angela
643,0,Prune,0,0,_,prune
643,0,?,0,0,_,?
643,1,Objection,0,0,Purpose,objection
643,1,!,0,0,_,!
643,2,Badgering,0,0,Hostile_encounter,badger
643,2,!,0,0,_,!
643,3,It,0,0,_,it
643,3,'s,0,0,_,be
643,3,about,1,0,_,about
643,3,time,0,0,_,time
643,3,you,0,0,_,you
643,3,sprang,1,1,Self_motion,spring
643,3,into,1,0,_,into
643,3,action,0,0,Intentionally_act,action
643,3,",",0,0,_,","
643,3,big,1,1,Size,big
643,3,boy,0,0,People_by_age,boy
643,3,!,0,0,_,!
643,4,I,0,0,_,I
643,4,'m,0,0,_,'
643,4,of,0,0,Inclination,of
643,4,an,0,0,Willingness,an
643,4,absolute,0,0,_,absolute
643,4,mind,0,0,Willingness,mind
643,4,tofire,0,0,_,tofire
643,4,you,0,0,_,you
643,4,.,0,0,_,.
643,5,I,0,0,_,I
643,5,'ll,0,0,_,will
644,0,Seed,0,0,_,seed
644,0,.,0,0,_,.
644,1,Okay,0,0,_,okay
644,1,",",0,0,_,","
644,1,better,0,0,Desirability,well
644,1,",",0,0,_,","
644,1,you,0,0,_,you
644,1,pretend,0,0,_,pretend
644,1,to,0,0,_,to
644,1,be,0,0,_,be
644,1,asleep,0,0,Sleep,asleep
644,1,and,0,0,_,and
644,1,then,0,0,Temporal_collocation,then
644,1,spring,1,0,Self_motion,spring
644,1,into,1,0,_,into
644,1,action,0,0,Intentionally_act,action
644,1,to,0,0,_,to
644,1,save,1,0,Protecting,save
644,1,me,0,0,_,I
644,1,at,1,0,Temporal_collocation,at
644,1,the,0,0,_,the
644,1,last,0,0,Relative_time,last
644,1,second,0,0,_,second
644,1,.,0,0,_,.
644,2,Come,1,0,_,come
644,2,on,1,0,_,on
644,2,",",0,0,_,","
644,2,R.P,0,0,_,R.P
644,2,.,0,0,_,.
644,3,This,0,0,_,this
644,3,is,0,0,_,be
645,0,s,0,0,_,s
645,0,scary,0,0,Stimulus_focus,scary
645,0,.,0,0,_,.
645,1,We,0,0,_,we
645,1,were,0,0,_,be
645,1,very,0,0,Degree,very
645,1,suspicious,0,0,Certainty,suspicious
645,1,of,0,0,_,of
645,1,everyone,0,0,_,everyone
645,1,.,0,0,_,.
645,2,CHRIS-CONNELLY,0,0,_,CHRIS
645,2,#,0,0,_,#
645,2,(,0,0,_,(
645,2,Voiceover,0,0,_,voiceover
645,2,),0,0,_,)
645,2,Jerry,0,0,_,jerry
645,2,sprang,1,1,Self_motion,spring
645,2,into,1,0,_,into
645,2,action,0,0,Intentionally_act,action
645,2,.,0,0,_,.
645,3,He,0,0,_,he
645,3,locked,0,0,Closure,lock
645,3,the,0,0,_,the
645,3,mailbox,0,0,_,mailbox
645,3,and,0,0,_,and
645,3,set,0,0,Intentionally_create,set
645,3,up,1,0,Intentionally_create,up
645,3,surveillance,0,0,Scrutiny,surveillance
645,3,.,0,0,_,.
645,4,JERRY-RICE,0,0,_,JERRY
645,4,#,0,0,_,#
645,4,We,0,0,_,we
645,4,did,0,0,_,do
645,4,n't,0,0,_,not
645,4,know,0,0,Awareness,know
646,0,the,0,0,_,the
646,0,healing,0,0,Cure,heal
646,0,process,0,0,Process,process
646,0,.,0,0,_,.
646,1,COOPER,0,0,_,COOPER
646,1,#,0,0,_,#
646,1,When,0,0,Temporal_collocation,when
646,1,you,0,0,_,you
646,1,heard,0,0,Hearsay,hear
646,1,about,1,0,_,about
646,1,how,0,0,_,how
646,1,quickly,0,0,Speed_description,quickly
646,1,they,0,0,_,they
646,1,both,0,0,Quantified_mass,both
646,1,sprang,1,1,Self_motion,spring
646,1,into,1,0,_,into
646,1,action,0,0,Intentionally_act,action
646,1,were,0,0,_,be
646,1,you,0,0,_,you
646,1,surprised,0,0,Experiencer_obj,surprised
646,1,by,0,0,_,by
646,1,that,1,0,_,that
646,1,at,0,0,_,at
646,1,all,0,0,_,all
646,1,?,0,0,_,?
646,2,MATURIN,0,0,_,MATURIN
646,2,#,0,0,_,#
646,2,Absolutely,0,0,_,absolutely
646,2,not,0,0,_,not
646,2,.,0,0,_,.
646,3,Both,0,0,Quantified_mass,both
646,3,ladies,0,0,People,lady
646,3,are,0,0,_,be
647,0,hat,0,0,Accoutrements,hat
647,0,if,0,0,_,if
647,0,--,0,0,_,--
647,0,``,0,0,_,`
647,0,``,0,0,_,`
647,0,I,0,0,_,I
647,0,',0,0,_,'
647,0,m,0,0,_,m
647,0,right,0,0,_,right
647,0,here,0,0,Locative_relation,here
647,0,.,0,0,_,.
647,1,Ready,0,0,Activity_ready_state,ready
647,1,to,0,0,_,to
647,1,spring,1,1,Self_motion,spring
647,1,into,1,0,_,into
647,1,action,0,0,Intentionally_act,action
647,1,if,0,0,_,if
647,1,needed.,0,0,Being_necessary,need
647,1,``,0,0,_,`
647,2,Yasir,0,0,_,Yasir
647,2,stood,0,0,Change_posture,stand
647,2,up.,0,0,Change_posture,up
647,2,``,0,0,_,`
647,3,Oh,0,0,_,oh
647,3,wait,0,0,Waiting,wait
647,3,",",0,0,_,","
647,3,almost,0,0,_,almost
647,3,forgot,0,0,Awareness,forget
647,3,.,0,0,_,.
648,0,journalists,0,0,_,journalist
648,0,would,0,0,_,would
648,0,file,0,0,Submitting_documents,file
648,0,public,0,0,_,public
648,0,records,0,0,Documents,record
648,0,requests,0,0,Request,request
648,0,about,1,0,Topic,about
648,0,the,0,0,_,the
648,0,accident,0,0,Catastrophe,accident
648,0,",",0,0,_,","
648,0,Walker,0,0,_,Walker
648,0,'s,0,0,_,be
648,0,campaign,1,1,_,campaign
648,0,sprang,1,1,_,spring
648,0,into,1,0,_,into
648,0,action,1,0,Intentionally_act,action
648,0,.,0,0,_,.
648,1,Hours,0,0,Calendric_unit,hour
648,1,after,1,0,Time_vector,after
648,1,the,0,0,_,the
648,1,boy,0,0,People_by_age,boy
648,1,'s,0,0,_,be
648,1,death,0,0,Death,death
648,1,",",0,0,_,","
648,1,Walker,0,0,_,Walker
648,1,'s,0,0,_,be
648,1,campaign,0,0,_,campaign
648,1,manager,0,0,People_by_vocation,manager
648,1,ordered,0,0,Request,order
648,1,Rindfleisch,0,0,_,Rindfleisch
648,1,to,0,0,_,to
649,0,Al-Azm,0,0,_,Al
649,0,and,0,0,_,and
649,0,the,0,0,_,the
649,0,Monuments,0,0,_,monument
649,0,Men,0,0,People,man
649,0,",",0,0,_,","
649,0,many,0,0,Quantified_mass,many
649,0,of,0,0,Partitive,of
649,0,them,0,0,_,they
649,0,his,0,0,_,his
649,0,former,0,0,Time_vector,former
649,0,students,0,0,Education_teaching,student
649,0,",",0,0,_,","
649,0,sprang,1,0,Self_motion,spring
649,0,into,1,0,_,into
649,0,action,0,0,Intentionally_act,action
649,0,nearly,0,0,Proportional_quantity,nearly
649,0,two,0,0,Cardinal_numbers,two
649,0,years,0,0,Calendric_unit,year
649,0,into,1,0,_,into
649,0,the,0,0,_,the
649,0,Syrian,0,0,_,syrian
649,0,civil,0,0,_,civil
649,0,war,0,0,Hostile_encounter,war
649,0,",",0,0,_,","
649,0,in,1,0,Temporal_collocation,in
649,0,late,0,0,Temporal_subregion,late
649,0,2012,0,0,_,2012
649,0,",",0,0,_,","
649,0,to,0,0,_,to
649,0,protect,0,0,Protecting,protect
650,0,MTL,0,0,_,MTL
650,0,showed,1,0,Evidence,show
650,0,distinct,0,0,Similarity,distinct
650,0,behavior,0,0,Conduct,behavior
650,0,",",0,0,_,","
650,0,becoming,0,0,Becoming,become
650,0,sluggish,0,0,Speed_description,sluggish
650,0,just,0,0,_,just
650,0,before,1,0,Time_vector,before
650,0,rapid,0,0,Speed_description,rapid
650,0,eye,0,0,Body_parts,eye
650,0,movements,0,0,Self_motion,movement
650,0,and,0,0,_,and
650,0,springing,1,1,Self_motion,spring
650,0,into,1,0,_,into
650,0,action,0,0,Intentionally_act,action
650,0,just,0,0,_,just
650,0,afterward,0,0,Time_vector,afterward
650,0,.,0,0,_,.
650,1,The,0,0,_,the
650,1,neurons,0,0,_,neuron
650,1,behaved,1,0,Conduct,behave
650,1,similarly,0,0,Similarity,similarly
650,1,during,0,0,_,during
650,1,REM,0,0,_,rem
650,1,sleep,0,0,_,sleep
650,1,",",0,0,_,","
650,1,a,0,0,_,a
650,1,stage,1,1,_,stage
650,1,of,0,0,_,of
650,1,sleep,0,0,_,sleep
651,0,street,0,0,Roadways,street
651,0,.,0,0,_,.
651,1,PERINO,0,0,_,PERINO
651,1,#,0,0,_,#
651,1,He,0,0,_,he
651,1,wears,0,0,Wearing,wear
651,1,two,0,0,Cardinal_numbers,two
651,1,hats,0,0,Accoutrements,hat
651,1,.,0,0,_,.
651,2,TANTAROS,0,0,_,tantaros
651,2,#,0,0,_,#
651,2,He,0,0,_,he
651,2,also,0,0,_,also
651,2,did,0,0,_,do
651,2,n't,0,0,_,not
651,2,spring,1,0,Self_motion,spring
651,2,into,1,0,_,into
651,2,action,0,0,Intentionally_act,action
651,2,immediately,0,0,_,immediately
651,2,",",0,0,_,","
651,2,which,0,0,_,which
651,2,I,0,0,_,I
651,2,thought,0,0,Opinion,think
651,2,was,0,0,_,be
651,2,a,0,0,Degree,a
651,2,little,0,0,Degree,little
651,2,odd,1,0,Idiosyncrasy,odd
651,2,.,0,0,_,.
651,3,It,0,0,_,it
651,3,'s,0,0,_,be
651,3,almost,0,0,_,almost
651,3,like,0,0,Similarity,like
651,3,he,0,0,_,he
652,0,",",0,0,_,","
652,0,and,0,0,_,and
652,0,assorted,0,0,_,assorted
652,0,small,0,0,Size,small
652,0,wagons,0,0,Vehicle,wagon
652,0,cluttering,0,0,Abounding_with,clutter
652,0,up,0,0,_,up
652,0,the,0,0,_,the
652,0,barn,0,0,Buildings,barn
652,0,",",0,0,_,","
652,0,so,0,0,_,so
652,0,I,0,0,_,I
652,0,could,0,0,Capability,could
652,0,spring,1,0,Self_motion,spring
652,0,into,1,0,_,into
652,0,action,0,0,Intentionally_act,action
652,0,within,1,0,Temporal_collocation,within
652,0,a,0,0,_,a
652,0,day,0,0,Measure_duration,day
652,0,of,0,0,_,of
652,0,hatching,1,1,Coming_up_with,hatch
652,0,the,0,0,_,the
652,0,plan,0,0,Project,plan
652,0,.,0,0,_,.
652,1,#,0,0,_,#
652,1,At,0,0,Proportional_quantity,at
652,1,least,0,0,Proportional_quantity,least
652,1,a,0,0,Quantified_mass,a
652,1,couple,0,0,Cardinal_numbers,couple
652,1,of,0,0,_,of
652,1,different,0,0,Identicality,different
652,1,styles,0,0,Type,style
653,0,change.,0,0,Undergo_change,change
653,0,``,0,0,_,`
653,1,#,0,0,_,#
653,1,Despite,0,0,_,despite
653,1,Collins,0,0,_,collin
653,1,',0,0,_,'
653,1,finding,0,0,Becoming_aware,find
653,1,that,0,0,_,that
653,1,certain,0,0,Idiosyncrasy,certain
653,1,emergency,0,0,_,emergency
653,1,repair,0,0,_,repair
653,1,systems,0,0,System,system
653,1,spring,1,0,Self_motion,spring
653,1,into,1,0,_,into
653,1,action,1,0,Intentionally_act,action
653,1,during,0,0,_,during
653,1,an,0,0,_,an
653,1,antibiotic,0,0,_,antibiotic
653,1,siege,1,1,Besieging,siege
653,1,",",0,0,_,","
653,1,Imlay,0,0,_,imlay
653,1,points,1,0,Statement,point
653,1,out,1,0,Statement,out
653,1,that,0,0,_,that
653,1,OxyR,0,0,_,oxyr
653,1,",",0,0,_,","
653,1,a,0,0,_,a
653,1,hallmark,0,0,Distinctiveness,hallmark
653,1,system,0,0,System,system
653,1,for,0,0,_,for
654,0,When,0,0,Temporal_collocation,when
654,0,snow,0,0,Precipitation,snow
654,0,straight-jacketed,1,1,_,straight
654,0,metro,0,0,_,metro
654,0,Atlanta,0,0,_,Atlanta
654,0,in,1,0,Temporal_collocation,in
654,0,January,0,0,Calendric_unit,January
654,0,",",0,0,_,","
654,0,road,0,0,Roadways,road
654,0,crews,0,0,Team,crew
654,0,in,0,0,Interior_profile_relation,in
654,0,Sandy,0,0,_,sandy
654,0,Springs,0,0,_,spring
654,0,sprang,1,1,Self_motion,spring
654,0,into,1,0,_,into
654,0,action.,0,0,Intentionally_act,action
654,0,``,0,0,_,`
654,1,We,0,0,_,we
654,1,cleared,0,0,Removing,clear
654,1,off,0,0,_,off
654,1,Johnson,0,0,_,Johnson
654,1,Ferry,0,0,_,ferry
654,1,and,0,0,_,and
654,1,Abernathy,0,0,_,Abernathy
654,1,",",0,0,_,","
654,1,and,0,0,_,and
654,1,we,0,0,_,we
654,1,cleared,0,0,Removing,clear
654,1,off,0,0,_,off
654,1,Roswell,0,0,_,Roswell
655,0,house,0,0,Buildings,house
655,0,helping,1,1,Assistance,help
655,0,with,1,0,_,with
655,0,some,0,0,Proportional_quantity,some
655,0,of,0,0,Partitive,of
655,0,the,0,0,_,the
655,0,toughest,1,1,Difficulty,tough
655,0,cases,0,0,Instance,case
655,0,.,0,0,_,.
655,1,Socia,0,0,_,Socia
655,1,and,0,0,_,and
655,1,her,0,0,_,she
655,1,crew,0,0,Aggregate,crew
655,1,sprang,1,0,Self_motion,spring
655,1,into,1,0,_,into
655,1,action,0,0,Intentionally_act,action
655,1,",",0,0,_,","
655,1,and,0,0,_,and
655,1,soon,0,0,_,soon
655,1,Mr.,0,0,_,Mr.
655,1,Baty,0,0,_,Baty
655,1,and,0,0,_,and
655,1,four,0,0,Cardinal_numbers,four
655,1,of,0,0,Partitive,of
655,1,the,0,0,_,the
655,1,nine,0,0,Cardinal_numbers,nine
655,1,men,0,0,People,man
655,1,living,0,0,Residence,live
655,1,in,0,0,Interior_profile_relation,in
655,1,the,0,0,_,the
655,1,house,0,0,Buildings,house
656,0,their,0,0,_,their
656,0,relevant,0,0,Cognitive_connection,relevant
656,0,family,0,0,Kinship,family
656,0,members,0,0,Membership,member
656,0,",",0,0,_,","
656,0,and,0,0,_,and
656,0,business,0,0,Businesses,business
656,0,moguls,0,0,People_by_vocation,mogul
656,0,.,0,0,_,.
656,1,Suddenly,0,0,_,suddenly
656,1,",",0,0,_,","
656,1,the,0,0,_,the
656,1,government,0,0,Leadership,government
656,1,sprang,1,1,Self_motion,spring
656,1,into,1,0,_,into
656,1,action,1,0,Intentionally_act,action
656,1,.,0,0,_,.
656,2,In,1,0,_,in
656,2,less,0,0,_,less
656,2,than,0,0,_,than
656,2,24,0,0,_,24
656,2,hours,0,0,Calendric_unit,hour
656,2,a,0,0,_,a
656,2,warrant,0,0,Documents,warrant
656,2,was,0,0,_,be
656,2,issued,0,0,Creating,issue
656,2,and,0,0,_,and
656,2,50,0,0,Cardinal_numbers,50
656,2,police,0,0,_,police
656,2,officers,0,0,People_by_vocation,officer
656,2,were,0,0,_,be
657,0,",",0,0,_,","
657,0,like,0,0,Similarity,like
657,0,35,0,0,_,35
657,0,other,0,0,Increment,other
657,0,times,0,0,Event_instance,time
657,0,this,1,0,_,this
657,0,winter,0,0,Calendric_unit,winter
657,0,",",0,0,_,","
657,0,Hence,0,0,_,hence
657,0,Forland,0,0,_,forland
657,0,and,0,0,_,and
657,0,his,0,0,_,his
657,0,crew,0,0,Aggregate,crew
657,0,sprung,1,1,Self_motion,spring
657,0,into,1,0,_,into
657,0,action,0,0,Intentionally_act,action
657,0,.,0,0,_,.
657,1,As,0,0,Time_vector,as
657,1,the,0,0,_,the
657,1,daytime,0,0,Calendric_unit,daytime
657,1,activities,0,0,Intentionally_act,activity
657,1,at,0,0,Locative_relation,at
657,1,12th,0,0,_,12th
657,1,and,0,0,_,and
657,1,Park,0,0,_,park
657,1,Recreation,0,0,_,recreation
657,1,Center,0,0,Locale_by_use,center
657,1,wound,1,1,Expansion,wound
657,1,down,1,0,Process_end,down
657,1,",",0,0,_,","
657,1,the,0,0,_,the
658,0,up,0,0,_,up
658,0,and,0,0,_,and
658,0,running,0,0,Self_motion,run
658,0,.,0,0,_,.
658,1,Chiang,0,0,_,Chiang
658,1,-,0,0,_,-
658,1,a,0,0,_,a
658,1,Democrat,0,0,_,Democrat
658,1,with,1,0,_,with
658,1,a,0,0,_,a
658,1,populist,0,0,_,populist
658,1,streak,1,1,_,streak
658,1,-,0,0,_,-
658,1,sprang,1,0,_,spring
658,1,into,1,0,_,into
658,1,action,0,0,Intentionally_act,action
658,1,in,1,0,Temporal_collocation,in
658,1,2010,0,0,_,2010
658,1,",",0,0,_,","
658,1,shortly,0,0,_,shortly
658,1,after,0,0,Time_vector,after
658,1,our,0,0,_,our
658,1,colleagues,0,0,Personal_relationship,colleague
658,1,at,0,0,Locative_relation,at
658,1,the,0,0,_,the
658,1,Los,0,0,_,Los
658,1,Angeles,0,0,_,Angeles
658,1,Times,0,0,_,time
658,1,reported,0,0,Statement,report
658,1,that,0,0,_,that
658,1,the,0,0,_,the
659,0,purchased,0,0,Commerce_buy,purchase
659,0,them,0,0,_,they
659,0,last,0,0,Relative_time,last
659,0,week.,0,0,Calendric_unit,week
659,0,``,0,0,_,`
659,1,I,0,0,_,I
659,1,nodded,0,0,Body_movement,nod
659,1,at,1,0,_,at
659,1,Sairy,0,0,_,sairy
659,1,",",0,0,_,","
659,1,and,0,0,_,and
659,1,she,0,0,_,she
659,1,sprang,1,0,Self_motion,spring
659,1,into,1,0,_,into
659,1,action,0,0,Intentionally_act,action
659,1,",",0,0,_,","
659,1,pulling,0,0,Cause_motion,pull
659,1,a,0,0,_,a
659,1,small,0,0,Size,small
659,1,packet,0,0,Containers,packet
659,1,out,0,0,_,out
659,1,of,0,0,_,of
659,1,the,0,0,_,the
659,1,chest,0,0,_,chest
659,1,and,0,0,_,and
659,1,laying,0,0,Placing,lay
659,1,it,0,0,_,it
659,1,on,0,0,_,on
659,1,the,0,0,_,the
659,1,table,0,0,_,table
660,0,sat,0,0,Posture,sit
660,0,like,0,0,Similarity,like
660,0,a,0,0,_,a
660,0,cat,1,0,Animals,cat
660,0,",",0,0,_,","
660,0,relaxed,0,0,_,relaxed
660,0,but,0,0,_,but
660,0,lithe,0,0,_,lithe
660,0,",",0,0,_,","
660,0,as,0,0,_,as
660,0,if,0,0,_,if
660,0,she,0,0,_,she
660,0,could,0,0,Capability,could
660,0,spring,1,0,Self_motion,spring
660,0,into,1,0,_,into
660,0,action,0,0,Intentionally_act,action
660,0,at,1,0,_,at
660,0,a,0,0,_,a
660,0,touch,0,0,_,touch
660,0,.,0,0,_,.
660,1,She,0,0,_,she
660,1,had,0,0,Possession,have
660,1,dark,0,0,Color,dark
660,1,hair,0,0,Body_parts,hair
660,1,and,0,0,_,and
660,1,blue,0,0,Color,blue
660,1,eyes,0,0,Body_parts,eye
660,1,",",0,0,_,","
660,1,a,0,0,_,a
660,1,combination,0,0,_,combination
660,1,that,0,0,_,that
661,0,",",0,0,_,","
661,0,Mac,0,0,_,Mac
661,0,",",0,0,_,","
661,0,that,1,0,_,that
661,0,'s,0,0,_,be
661,0,it,0,0,_,it
661,0,",",0,0,_,","
661,0,``,0,0,_,`
661,0,clapped,0,0,Manipulation,clap
661,0,the,0,0,_,the
661,0,cuffs,0,0,Cause_to_make_noise,cuff
661,0,on,0,0,Spatial_contact,on
661,0,",",0,0,_,","
661,0,sprang,1,1,Self_motion,spring
661,0,into,1,0,_,into
661,0,action,0,0,Intentionally_act,action
661,0,",",0,0,_,","
661,0,called,0,0,Referring_by_name,call
661,0,an,0,0,_,an
661,0,ambulance,0,0,Vehicle,ambulance
661,0,",",0,0,_,","
661,0,the,0,0,_,the
661,0,six,0,0,_,six
661,0,o'clock,0,0,_,o'clock
661,0,news,0,0,_,news
661,0,.,0,0,_,.
661,1,They,0,0,_,they
661,1,might,0,0,Likelihood,might
661,1,go,1,0,_,go
661,1,easy,1,0,_,easy
661,1,on,1,0,_,on
662,0,struck,1,1,Impact,strike
662,0,the,0,0,_,the
662,0,great,0,0,_,great
662,0,Asian,0,0,_,asian
662,0,trading,0,0,Exchange,trade
662,0,hub,1,1,Locale_by_use,hub
662,0,of,0,0,_,of
662,0,Hong,0,0,_,Hong
662,0,Kong,0,0,_,Kong
662,0,in,1,0,Temporal_collocation,in
662,0,1894,0,0,_,1894
662,0,colonial,0,0,Political_locales,colonial
662,0,authorities,0,0,Leadership,authority
662,0,sprang,1,1,_,spring
662,0,into,1,0,_,into
662,0,action,0,0,Intentionally_act,action
662,0,",",0,0,_,","
662,0,establishing,0,0,Intentionally_create,establish
662,0,quarantine,0,0,_,quarantine
662,0,areas,0,0,Locale,area
662,0,",",0,0,_,","
662,0,distributing,0,0,Dispersal,distribute
662,0,medicine,0,0,_,medicine
662,0,and,0,0,_,and
662,0,disinfectant,0,0,_,disinfectant
662,0,and,0,0,_,and
662,0,mobilising,0,0,_,mobilise
662,0,both,0,0,_,both
662,0,British,0,0,_,british
662,0,and,0,0,_,and
662,0,Chinese,0,0,People_by_origin,chinese
663,0,the,0,0,_,the
663,0,raised,0,0,_,raise
663,0,bank,0,0,Architectural_part,bank
663,0,of,0,0,_,of
663,0,the,0,0,_,the
663,0,paddy,0,0,_,paddy
663,0,",",0,0,_,","
663,0,heron-like,0,0,_,heron
663,0,",",0,0,_,","
663,0,crouched,0,0,Posture,crouch
663,0,and,0,0,_,and
663,0,ready,0,0,Activity_ready_state,ready
663,0,to,0,0,_,to
663,0,spring,1,1,Self_motion,spring
663,0,into,1,0,_,into
663,0,action,0,0,Intentionally_act,action
663,0,.,0,0,_,.
663,1,One,0,0,Cardinal_numbers,one
663,1,clumsy,1,1,Morality_evaluation,clumsy
663,1,step,0,0,Intentionally_act,step
663,1,might,0,0,Likelihood,might
663,1,send,1,0,Causation,send
663,1,all,0,0,Quantified_mass,all
663,1,the,0,0,_,the
663,1,frogs,0,0,_,frog
663,1,within,0,0,_,within
663,1,earshot,0,0,_,earshot
663,1,splashing,0,0,_,splash
663,1,to,0,0,_,to
663,1,cover,0,0,_,cover
663,1,",",0,0,_,","
664,0,the,0,0,_,the
664,0,Feaganes,0,0,_,feagane
664,0,family,0,0,Kinship,family
664,0,did,0,0,_,do
664,0,n't,0,0,_,not
664,0,find,1,0,Locating,find
664,0,a,0,0,_,a
664,0,solution,1,0,_,solution
664,0,.,0,0,_,.
664,1,That,1,0,_,that
664,1,'s,0,0,_,be
664,1,when,0,0,Temporal_collocation,when
664,1,Ickrath,0,0,_,Ickrath
664,1,sprung,1,1,Self_motion,spring
664,1,into,1,0,_,into
664,1,action,0,0,Intentionally_act,action
664,1,with,1,0,_,with
664,1,renewed,0,0,Activity_resume,renew
664,1,fervor,0,0,_,fervor
664,1,.,0,0,_,.
664,2,He,0,0,_,he
664,2,managed,1,1,Success_or_failure,manage
664,2,to,0,0,_,to
664,2,have,1,0,_,have
664,2,the,0,0,_,the
664,2,short,1,1,_,short
664,2,sale,0,0,Commerce_sell,sale
664,2,approved,0,0,Deny_or_grant_permission,approve
664,2,on,1,0,_,on
664,2,Friday,0,0,Calendric_unit,Friday
664,2,after,1,0,Relative_time,after
665,0,.,0,0,_,.
665,1,His,0,0,_,his
665,1,voice,0,0,Make_noise,voice
665,1,reaches,1,0,Arriving,reach
665,1,from,0,0,_,from
665,1,the,0,0,_,the
665,1,earth,0,0,_,earth
665,1,to,1,0,_,to
665,1,the,0,0,_,the
665,1,sky,0,0,_,sky
665,1,",",0,0,_,","
665,1,from,1,0,_,from
665,1,his,0,0,_,his
665,1,springing,1,1,Self_motion,spring
665,1,into,1,0,_,into
665,1,action,0,0,Intentionally_act,action
665,1,other,0,0,Increment,other
665,1,rulers,0,0,Leadership,ruler
665,1,become,0,0,Becoming,become
665,1,miserable,0,0,Experiencer_focus,miserable
665,1,and,0,0,_,and
665,1,weak,1,0,Level_of_force_exertion,weak
665,1,",",0,0,_,","
665,1,and,0,0,_,and
665,1,are,0,0,_,be
665,1,surprised,1,1,Experiencer_obj,surprised
665,1,into,1,0,_,into
665,1,nonaction,0,0,_,nonaction
665,1,.,0,0,_,.
665,2,His,0,0,_,his
665,2,back,1,0,Body_parts,back
666,0,She,0,0,_,she
666,0,says,0,0,Statement,say
666,0,the,0,0,_,the
666,0,school,0,0,Locale_by_use,school
666,0,reported,0,0,Reporting,report
666,0,the,0,0,_,the
666,0,allegations,0,0,Statement,allegation
666,0,",",0,0,_,","
666,0,and,0,0,_,and
666,0,the,0,0,_,the
666,0,prosecutor,0,0,_,prosecutor
666,0,'s,0,0,_,be
666,0,office,0,0,_,office
666,0,sprang,1,1,_,spring
666,0,into,1,0,_,into
666,0,action,0,0,Intentionally_act,action
666,0,.,0,0,_,.
666,1,She,0,0,_,she
666,1,says,0,0,Statement,say
666,1,that,1,0,_,that
666,1,was,0,0,_,be
666,1,their,0,0,_,their
666,1,reputation,0,0,Fame,reputation
666,1,with,1,0,_,with
666,1,sex,0,0,_,sex
666,1,cases,0,0,Instance,case
666,1,.,0,0,_,.
666,2,LORI-BRASIER-1,0,0,_,LORI
666,2,``,0,0,_,`
666,2,DE,0,0,_,DE
666,2,#,0,0,_,#
666,2,There,0,0,_,there
667,0,Danbury,0,0,_,Danbury
667,0,Hospital,0,0,Buildings,hospital
667,0,.,0,0,_,.
667,1,And,0,0,_,and
667,1,as,0,0,_,as
667,1,we,0,0,_,we
667,1,know,0,0,Awareness,know
667,1,",",0,0,_,","
667,1,Chris,0,0,_,Chris
667,1,",",0,0,_,","
667,1,so,0,0,Quantified_mass,so
667,1,many,0,0,Quantified_mass,many
667,1,people,0,0,People,people
667,1,sprang,1,1,Self_motion,spring
667,1,into,1,0,_,into
667,1,action,0,0,Intentionally_act,action
667,1,",",0,0,_,","
667,1,so,0,0,Quantified_mass,so
667,1,many,0,0,Quantified_mass,many
667,1,nurses,0,0,Medical_professionals,nurse
667,1,",",0,0,_,","
667,1,so,0,0,Quantified_mass,so
667,1,many,0,0,Quantified_mass,many
667,1,doctors,0,0,Medical_professionals,doctor
667,1,came,0,0,Arriving,come
667,1,in,0,0,_,in
667,1,to,0,0,_,to
667,1,help,0,0,Assistance,help
667,1,",",0,0,_,","
667,1,help,0,0,Assistance,help
667,1,the,0,0,_,the
668,0,gloomy,0,0,Weather,gloomy
668,0,weather,0,0,Weather,weather
668,0,would,0,0,_,would
668,0,only,0,0,_,only
668,0,encourage,1,1,Subjective_influence,encourage
668,0,Brandy,0,0,_,brandy
668,0,to,0,0,_,to
668,0,remain,0,0,State_continue,remain
668,0,under,0,0,Non-gradable_proximity,under
668,0,the,0,0,_,the
668,0,covers,0,0,_,cover
668,0,unless,0,0,_,unless
668,0,I,0,0,_,I
668,0,sprang,1,1,Self_motion,spring
668,0,into,1,0,_,into
668,0,action,0,0,Intentionally_act,action
668,0,(,0,0,_,(
668,0,with,1,0,_,with
668,0,as,0,0,_,as
668,0,much,0,0,_,much
668,0,spring,0,0,Calendric_unit,spring
668,0,as,0,0,_,as
668,0,two,0,0,Cardinal_numbers,two
668,0,hip,0,0,Body_parts,hip
668,0,replacements,0,0,Take_place_of,replacement
668,0,will,0,0,_,will
668,0,allow,1,0,Preventing_or_letting,allow
668,0,",",0,0,_,","
668,0,at,1,0,_,at
668,0,any,0,0,_,any
668,0,rate,1,0,_,rate
669,0,himself,0,0,_,himself
669,0,",",0,0,_,","
669,0,the,0,0,_,the
669,0,way,1,0,Manner,way
669,0,he,0,0,_,he
669,0,could,0,0,Possibility,could
669,0,be,0,0,_,be
669,0,perfectly,0,0,_,perfectly
669,0,still,0,0,_,still
669,0,yet,0,0,_,yet
669,0,be,0,0,_,be
669,0,ready,0,0,Activity_ready_state,ready
669,0,to,0,0,_,to
669,0,spring,1,1,Self_motion,spring
669,0,into,1,0,_,into
669,0,action,0,0,Intentionally_act,action
669,0,at,1,0,Temporal_collocation,at
669,0,a,0,0,_,a
669,0,second,0,0,Measure_duration,second
669,0,'s,0,0,_,be
669,0,notice,0,0,_,notice
669,0,.,0,0,_,.
669,1,The,0,0,_,the
669,1,way,1,0,Means,way
669,1,he,0,0,_,he
669,1,could,0,0,Capability,could
669,1,scan,1,1,Scrutiny,scan
669,1,a,0,0,_,a
669,1,room,0,0,Building_subparts,room
669,1,and,0,0,_,and
669,1,memorize,0,0,Grasp,memorize
670,0,felt,1,0,Feeling,feel
670,0,good,0,0,Desirability,good
670,0,to,0,0,_,to
670,0,have,1,0,Possession,have
670,0,him,0,0,_,he
670,0,here,0,0,Locative_relation,here
670,0,",",0,0,_,","
670,0,his,0,0,_,his
670,0,strong,1,0,Level_of_force_exertion,strong
670,0,presence,0,0,Presence,presence
670,0,",",0,0,_,","
670,0,ready,0,0,Activity_ready_state,ready
670,0,to,0,0,_,to
670,0,spring,1,0,Self_motion,spring
670,0,into,1,0,_,into
670,0,action,0,0,Intentionally_act,action
670,0,at,1,0,_,at
670,0,the,0,0,_,the
670,0,slightest,0,0,_,slightest
670,0,threat,0,0,Risky_situation,threat
670,0,.,0,0,_,.
670,1,#,0,0,_,#
670,1,She,0,0,_,she
670,1,closed,0,0,Closure,close
670,1,her,0,0,_,she
670,1,eyes,0,0,Body_parts,eye
670,1,.,0,0,_,.
670,2,Jack,0,0,_,Jack
670,2,was,0,0,_,be
670,2,not,0,0,_,not
670,2,her,0,0,_,she
671,0,crying,0,0,Communication_noise,cry
671,0,",",0,0,_,","
671,0,the,0,0,_,the
671,0,sound,0,0,Sensation,sound
671,0,like,0,0,_,like
671,0,a,0,0,_,a
671,0,buzz,0,0,_,buzz
671,0,saw,0,0,_,see
671,0,along,0,0,Locative_relation,along
671,0,her,0,0,_,she
671,0,spine,0,0,Body_parts,spine
671,0,as,0,0,_,as
671,0,Louise,0,0,_,Louise
671,0,sprang,1,0,Self_motion,spring
671,0,into,1,0,_,into
671,0,action,0,0,Intentionally_act,action
671,0,",",0,0,_,","
671,0,stripping,0,0,Removing,strip
671,0,the,0,0,_,the
671,0,infants,0,0,People_by_age,infant
671,0,out,0,0,_,out
671,0,of,0,0,_,of
671,0,their,0,0,_,their
671,0,wet,0,0,_,wet
671,0,diapers,0,0,Clothing,diaper
671,0,and,0,0,_,and
671,0,sleepers,0,0,_,sleeper
671,0,and,0,0,_,and
671,0,drying,0,0,Emptying,dry
671,0,them,0,0,_,they
671,0,and,0,0,_,and
672,0,demons,0,0,_,demon
672,0,by,0,0,_,by
672,0,his,0,0,_,his
672,0,side,0,0,Taking_sides,side
672,0,.,0,0,_,.
672,1,When,0,0,Temporal_collocation,when
672,1,a,0,0,_,a
672,1,scene,1,1,_,scene
672,1,called,1,0,Request,call
672,1,for,0,0,_,for
672,1,it,0,0,_,it
672,1,",",0,0,_,","
672,1,he,0,0,_,he
672,1,sprang,1,0,Self_motion,spring
672,1,into,1,0,_,into
672,1,action,0,0,Intentionally_act,action
672,1,",",0,0,_,","
672,1,tormenting,0,0,Experiencer_obj,torment
672,1,Judas,0,0,_,Judas
672,1,or,0,0,_,or
672,1,tempting,0,0,Subjective_influence,tempt
672,1,Jesus,0,0,_,Jesus
672,1,.,0,0,_,.
672,2,Angels,0,0,_,angel
672,2,countered,1,1,Thwarting,counter
672,2,",",0,0,_,","
672,2,appearing,0,0,Coming_to_be,appear
672,2,either,0,0,_,either
672,2,in,1,0,_,in
672,2,the,0,0,_,the
672,2,form,1,0,_,form
673,0,with,1,0,_,with
673,0,Tilly,0,0,_,Tilly
673,0,'s,0,0,_,be
673,0,stem,0,0,_,stem
673,0,cells,0,0,_,cell
673,0,and,0,0,_,and
673,0,says,0,0,Statement,say
673,0,that,0,0,_,that
673,0,she,0,0,_,she
673,0,thinks,0,0,Awareness,think
673,0,the,0,0,_,the
673,0,cells,0,0,_,cell
673,0,may,0,0,Likelihood,may
673,0,spring,1,0,Self_motion,spring
673,0,into,1,0,_,into
673,0,action,1,0,Intentionally_act,action
673,0,if,0,0,_,if
673,0,the,0,0,_,the
673,0,ovary,0,0,_,ovary
673,0,is,0,0,_,be
673,0,damaged,0,0,Damaging,damage
673,0,",",0,0,_,","
673,0,but,0,0,_,but
673,0,otherwise,0,0,_,otherwise
673,0,sit,1,0,Posture,sit
673,0,quietly,0,0,_,quietly
673,0,.,0,0,_,.
673,1,#,0,0,_,#
673,1,While,0,0,_,while
673,1,the,0,0,_,the
673,1,scientific,0,0,_,scientific
674,0,.,0,0,_,.
674,1,Many,0,0,Quantified_mass,many
674,1,families,0,0,Kinship,family
674,1,lived,0,0,Residence,live
674,1,in,0,0,Interior_profile_relation,in
674,1,houses,0,0,Buildings,house
674,1,with,0,0,_,with
674,1,dirt,0,0,_,dirt
674,1,floors,0,0,Architectural_part,floor
674,1,.,0,0,_,.
674,2,#,0,0,_,#
674,2,She,0,0,_,she
674,2,immediately,0,0,_,immediately
674,2,sprang,1,0,Self_motion,spring
674,2,into,1,0,_,into
674,2,action,0,0,Intentionally_act,action
674,2,and,0,0,_,and
674,2,found,0,0,Locating,find
674,2,families,0,0,Kinship,family
674,2,here,0,0,Locative_relation,here
674,2,in,0,0,Interior_profile_relation,in
674,2,Hastings-on-Hudson,0,0,_,Hastings
674,2,",",0,0,_,","
674,2,a,0,0,_,a
674,2,small,0,0,Size,small
674,2,commuter,0,0,_,commuter
674,2,village,0,0,Political_locales,village
674,2,just,0,0,_,just
674,2,19,0,0,_,19
674,2,miles,0,0,Measure_linear_extent,mile
674,2,north,0,0,Locative_relation,north
675,0,that,0,0,_,that
675,0,our,0,0,_,our
675,0,immediate,0,0,_,immediate
675,0,reaction,1,0,Response,reaction
675,0,would,0,0,_,would
675,0,be,0,0,_,be
675,0,the,0,0,_,the
675,0,selfless,0,0,Social_interaction_evaluation,selfless
675,0,response,1,0,Response,response
675,0,",",0,0,_,","
675,0,would,0,0,_,would
675,0,be,0,0,_,be
675,0,to,0,0,_,to
675,0,spring,1,1,Self_motion,spring
675,0,into,1,0,_,into
675,0,action,0,0,Intentionally_act,action
675,0,to,0,0,_,to
675,0,help,0,0,Assistance,help
675,0,someone,0,0,_,someone
675,0,else,0,0,Increment,else
675,0,.,0,0,_,.
675,1,But,0,0,_,but
675,1,I,0,0,_,I
675,1,guess,0,0,Coming_to_believe,guess
675,1,you,0,0,_,you
675,1,really,0,0,_,really
675,1,never,0,0,Frequency,never
675,1,know,0,0,Awareness,know
675,1,unless,0,0,_,unless
675,1,you,0,0,_,you
675,1,'re,0,0,_,be
676,0,Bella,0,0,_,Bella
676,0,",",0,0,_,","
676,0,our,0,0,_,our
676,0,actress,0,0,People_by_vocation,actress
676,0,playing,0,0,Performers_and_roles,play
676,0,the,0,0,_,the
676,0,little,0,0,_,little
676,0,girl,0,0,People,girl
676,0,",",0,0,_,","
676,0,causes,0,0,Causation,cause
676,0,this,1,0,_,this
676,0,man,0,0,People,man
676,0,to,0,0,_,to
676,0,spring,1,0,Self_motion,spring
676,0,into,1,0,_,into
676,0,action,0,0,Intentionally_act,action
676,0,.,0,0,_,.
676,1,MANNY-APARICIO-1C,0,0,_,MANNY
676,1,#,0,0,_,#
676,1,There,0,0,Existence,there
676,1,'s,0,0,Existence,be
676,1,a,0,0,_,a
676,1,time,0,0,_,time
676,1,and,0,0,_,and
676,1,a,0,0,_,a
676,1,place,0,0,Locale,place
676,1,",",0,0,_,","
676,1,that,0,0,_,that
676,1,ai,0,0,_,ai
676,1,n't,0,0,_,not
676,1,it,0,0,_,it
676,1,.,0,0,_,.
677,0,refused,0,0,Agree_or_refuse_to_act,refuse
677,0,to,0,0,_,to
677,0,unclamp,0,0,Removing,unclamp
677,0,its,0,0,_,its
677,0,jaws,0,0,Body_parts,jaw
677,0,.,0,0,_,.
677,1,#,0,0,_,#
677,1,That,1,0,_,that
677,1,'s,0,0,_,be
677,1,when,0,0,Temporal_collocation,when
677,1,Dotty,0,0,_,dotty
677,1,the,0,0,_,the
677,1,donkey,1,1,_,donkey
677,1,sprang,1,0,Self_motion,spring
677,1,into,1,0,_,into
677,1,action,0,0,Intentionally_act,action
677,1,.,0,0,_,.
677,2,She,0,0,_,she
677,2,charged,1,0,Self_motion,charge
677,2,at,1,0,_,at
677,2,the,0,0,_,the
677,2,dog,0,0,Animals,dog
677,2,",",0,0,_,","
677,2,bit,0,0,Cause_harm,bit
677,2,its,0,0,_,its
677,2,back,1,0,Body_parts,back
677,2,",",0,0,_,","
677,2,and,0,0,_,and
677,2,pinned,0,0,Cause_harm,pin
677,2,it,0,0,_,it
677,2,to,0,0,_,to
678,0,of,0,0,_,of
678,0,emotional,0,0,_,emotional
678,0,turmoil,1,1,_,turmoil
678,0,",",0,0,_,","
678,0,she,0,0,_,she
678,0,found,1,0,Locating,find
678,0,clarity,0,0,_,clarity
678,0,on,1,0,_,on
678,0,what,0,0,_,what
678,0,she,0,0,_,she
678,0,should,0,0,Desirable_event,should
678,0,do,0,0,Intentionally_act,do
678,0,and,0,0,_,and
678,0,sprang,1,1,Self_motion,spring
678,0,into,1,0,_,into
678,0,action,0,0,Intentionally_act,action
678,0,.,0,0,_,.
678,1,The,0,0,_,the
678,1,result,0,0,Causation,result
678,1,is,0,0,_,be
678,1,an,0,0,_,an
678,1,ambitious,0,0,_,ambitious
678,1,project,0,0,Project,project
678,1,.,0,0,_,.
678,2,She,0,0,_,she
678,2,and,0,0,_,and
678,2,her,0,0,_,she
678,2,family,0,0,Kinship,family
678,2,-,0,0,_,-
678,2,including,0,0,Inclusion,include
678,2,husband,0,0,Personal_relationship,husband
679,0,of,0,0,_,of
679,0,being,0,0,_,be
679,0,overrun,0,0,_,overrun
679,0,on,1,0,Temporal_collocation,on
679,0,Saturday,0,0,Calendric_unit,Saturday
679,0,when,0,0,Temporal_collocation,when
679,0,French,0,0,_,french
679,0,",",0,0,_,","
679,0,US,0,0,_,US
679,0,",",0,0,_,","
679,0,and,0,0,_,and
679,0,British,0,0,_,british
679,0,warplanes,0,0,_,warplane
679,0,sprang,1,1,Motion,spring
679,0,into,1,0,_,into
679,0,action,0,0,Intentionally_act,action
679,0,.,0,0,_,.
679,1,#,0,0,_,#
679,1,``,0,0,_,`
679,1,We,0,0,_,we
679,1,'d,0,0,_,would
679,1,lost,1,0,Earnings_and_losses,lose
679,1,hope,0,0,Desiring,hope
679,1,",",0,0,_,","
679,1,``,0,0,_,`
679,1,says,0,0,Statement,say
679,1,Ahmad,0,0,_,Ahmad
679,1,Dabbous,0,0,_,dabbous
679,1,",",0,0,_,","
679,1,a,0,0,_,a
679,1,clothing,0,0,Clothing,clothing
680,0,so,0,0,Quantified_mass,so
680,0,many,0,0,Quantified_mass,many
680,0,people,0,0,People,people
680,0,.,0,0,_,.
680,1,Take,1,0,_,take
680,1,a,0,0,_,a
680,1,look,0,0,Perception_active,look
680,1,.,0,0,_,.
680,2,A,0,0,_,a
680,2,camera,0,0,_,camera
680,2,crew,0,0,Aggregate,crew
680,2,'s,0,0,_,be
680,2,interpreter,0,0,_,interpreter
680,2,sprang,1,0,Self_motion,spring
680,2,into,1,0,_,into
680,2,action,0,0,Intentionally_act,action
680,2,that,0,0,_,that
680,2,saved,1,0,Protecting,save
680,2,a,0,0,_,a
680,2,young,0,0,Age,young
680,2,life,0,0,_,life
680,2,.,0,0,_,.
680,3,Look,0,0,Perception_active,look
680,3,.,0,0,_,.
680,4,(,0,0,_,(
680,4,BEGIN-VIDEO-CLIP,0,0,_,begin
680,4,),0,0,_,)
680,4,COOPER-1voice-ove,0,0,_,cooper-1voice
680,4,:,0,0,_,:
680,4,For,0,0,_,for
680,4,those,1,0,_,those
680,4,who,0,0,_,who
680,4,'ve,0,0,_,'
681,0,so,0,0,Quantified_mass,so
681,0,many,0,0,Quantified_mass,many
681,0,people,0,0,People,people
681,0,.,0,0,_,.
681,1,Take,1,0,_,take
681,1,a,0,0,_,a
681,1,look,0,0,Perception_active,look
681,1,.,0,0,_,.
681,2,A,0,0,_,a
681,2,camera,0,0,_,camera
681,2,crew,0,0,Aggregate,crew
681,2,'s,0,0,_,be
681,2,interpreter,0,0,_,interpreter
681,2,sprang,1,0,Self_motion,spring
681,2,into,1,0,_,into
681,2,action,0,0,Intentionally_act,action
681,2,and,0,0,_,and
681,2,saved,0,0,Protecting,save
681,2,a,0,0,_,a
681,2,young,0,0,Age,young
681,2,life,0,0,_,life
681,2,",",0,0,_,","
681,2,look,0,0,Perception_active,look
681,2,.,0,0,_,.
681,3,(,0,0,_,(
681,3,BEGIN-VIDEOTAPE,0,0,_,begin
681,3,),0,0,_,)
681,3,COOPER-1voice-ove,0,0,_,cooper-1voice
681,3,:,0,0,_,:
681,3,For,0,0,_,for
681,3,those,1,0,_,those
681,3,who,0,0,_,who
681,3,have,0,0,_,have
682,0,pages,0,0,Part_ordered_segments,page
682,0,.,0,0,_,.
682,1,Where,0,0,Locative_relation,where
682,1,was,0,0,_,be
682,1,Elizabeth,0,0,_,Elizabeth
682,1,now,0,0,Temporal_collocation,now
682,1,?,0,0,_,?
682,2,State,0,0,Political_locales,state
682,2,and,0,0,_,and
682,2,federal,0,0,Political_locales,federal
682,2,law,0,0,_,law
682,2,enforcement,0,0,_,enforcement
682,2,agencies,0,0,Organization,agency
682,2,sprang,1,1,Self_motion,spring
682,2,into,1,0,_,into
682,2,action,0,0,Intentionally_act,action
682,2,.,0,0,_,.
682,3,(,0,0,_,(
682,3,Photo-of-Elizabeth,0,0,_,photo
682,3,),0,0,_,)
682,3,Detective,0,0,People_by_vocation,detective
682,3,JON,0,0,_,JON
682,3,RICHEY,0,0,_,RICHEY
682,3,:,0,0,_,:
682,3,We,0,0,_,we
682,3,had,1,0,Possession,have
682,3,several,0,0,Quantified_mass,several
682,3,teams,1,0,Aggregate,team
682,3,chasing,1,1,Cotheme,chase
682,3,down,1,0,_,down
682,3,several,0,0,Quantified_mass,several
682,3,leads,1,0,_,lead
682,3,from,0,0,_,from
683,0,in,0,0,Interior_profile_relation,in
683,0,the,0,0,_,the
683,0,chair,0,0,_,chair
683,0,",",0,0,_,","
683,0,very,0,0,Degree,very
683,0,still,0,0,_,still
683,0,but,0,0,_,but
683,0,taut,0,0,_,taut
683,0,",",0,0,_,","
683,0,as,0,0,_,as
683,0,if,0,0,_,if
683,0,about,1,0,_,about
683,0,to,0,0,_,to
683,0,spring,1,1,Self_motion,spring
683,0,into,1,0,_,into
683,0,action,0,0,Intentionally_act,action
683,0,.,0,0,_,.
683,1,She,0,0,_,she
683,1,tracked,1,1,Cotheme,track
683,1,me,0,0,_,I
683,1,with,0,0,_,with
683,1,her,0,0,_,she
683,1,deep,1,0,Measurable_attributes,deep
683,1,green,0,0,Color,green
683,1,eyes,0,0,Body_parts,eye
683,1,",",0,0,_,","
683,1,assessing,1,1,Assessing,assess
683,1,",",0,0,_,","
683,1,alert,0,0,Attention,alert
683,1,",",0,0,_,","
683,1,missing,1,1,Departing,miss
684,0,missing,0,0,Avoiding,miss
684,0,``,0,0,_,`
684,0,cases,0,0,Instance,case
684,0,.,0,0,_,.
684,1,You,0,0,_,you
684,1,might,0,0,Likelihood,might
684,1,think,0,0,Awareness,think
684,1,these,1,0,_,these
684,1,troubling,0,0,Stimulus_focus,trouble
684,1,stats,0,0,_,stat
684,1,would,0,0,_,would
684,1,make,1,0,Causation,make
684,1,police,0,0,_,police
684,1,spring,1,0,Self_motion,spring
684,1,into,1,0,_,into
684,1,action,0,0,Intentionally_act,action
684,1,the,0,0,_,the
684,1,moment,0,0,Temporal_collocation,moment
684,1,someone,0,0,_,someone
684,1,'s,0,0,_,be
684,1,disappearance,0,0,Departing,disappearance
684,1,is,0,0,_,be
684,1,reported,0,0,Statement,report
684,1,.,0,0,_,.
684,2,But,0,0,Concessive,but
684,2,in,1,0,_,in
684,2,fact,0,0,_,fact
684,2,",",0,0,_,","
684,2,in,0,0,_,in
684,2,the,0,0,_,the
684,2,absence,0,0,Existence,absence
685,0,looking,0,0,Perception_active,look
685,0,up,0,0,_,up
685,0,.,0,0,_,.
685,1,The,0,0,_,the
685,1,Dutchman's-pipe,0,0,People_by_origin,Dutchman's
685,1,vines,0,0,_,vine
685,1,I,0,0,_,I
685,1,'d,0,0,_,would
685,1,written,0,0,Categorization,write
685,1,off,0,0,_,off
685,1,for,0,0,_,for
685,1,dead,0,0,Dead_or_alive,dead
685,1,finally,0,0,Time_vector,finally
685,1,sprang,1,1,Self_motion,spring
685,1,into,1,0,_,into
685,1,action,1,0,Intentionally_act,action
685,1,",",0,0,_,","
685,1,enveloping,0,0,Abounding_with,envelop
685,1,the,0,0,_,the
685,1,fence,0,0,_,fence
685,1,in,1,0,_,in
685,1,heart-shaped,1,1,_,heart
685,1,leaves,0,0,_,leave
685,1,.,0,0,_,.
685,2,The,0,0,_,the
685,2,sweet,1,1,_,sweet
685,2,woodruff,0,0,_,woodruff
685,2,that,0,0,_,that
685,2,'s,0,0,_,be
685,2,supposed,0,0,_,suppose
685,2,to,0,0,_,to
686,0,.,0,0,_,.
686,1,Once,0,0,_,once
686,1,you,0,0,_,you
686,1,do,0,0,_,do
686,1,get,1,0,Getting,get
686,1,a,0,0,_,a
686,1,``,0,0,_,`
686,1,yes,0,0,_,yes
686,1,``,0,0,_,`
686,1,you,0,0,_,you
686,1,'ll,0,0,_,will
686,1,need,0,0,Required_event,need
686,1,to,0,0,_,to
686,1,spring,1,1,Self_motion,spring
686,1,into,1,0,_,into
686,1,action,0,0,Intentionally_act,action
686,1,and,0,0,_,and
686,1,communicate,0,0,Communication,communicate
686,1,with,1,0,_,with
686,1,the,0,0,_,the
686,1,blogger,0,0,_,blogger
686,1,(,0,0,_,(
686,1,usually,0,0,_,usually
686,1,via,0,0,_,via
686,1,e-mail,0,0,_,e
686,1,),0,0,_,)
686,1,on,1,0,_,on
686,1,the,0,0,_,the
686,1,following,0,0,_,follow
686,1,:,0,0,_,:
686,1,#,0,0,_,#
687,0,Hours,0,0,Calendric_unit,hour
687,0,after,0,0,Time_vector,after
687,0,Tara,0,0,_,Tara
687,0,Grinstead,0,0,_,Grinstead
687,0,was,0,0,_,be
687,0,reported,0,0,Statement,report
687,0,missing,0,0,Departing,miss
687,0,",",0,0,_,","
687,0,Irwin,0,0,_,Irwin
687,0,County,0,0,_,county
687,0,students,0,0,Education_teaching,student
687,0,and,0,0,_,and
687,0,teachers,0,0,Education_teaching,teacher
687,0,sprang,1,1,Self_motion,spring
687,0,into,1,0,_,into
687,0,action,0,0,Intentionally_act,action
687,0,.,0,0,_,.
687,1,Ms-WILDER,0,0,_,m
687,1,:,0,0,_,:
687,1,(,1,0,_,(
687,1,Voiceover,0,0,_,voiceover
687,1,),0,0,_,)
687,1,We,0,0,_,we
687,1,made,0,0,Intentionally_create,make
687,1,flyers,0,0,_,flyer
687,1,",",0,0,_,","
687,1,and,0,0,_,and
687,1,",",0,0,_,","
687,1,at,1,0,Temporal_collocation,at
687,1,11:00,0,0,_,11:00
687,1,at,1,0,Temporal_collocation,at
687,1,night,0,0,Calendric_unit,night
687,1,",",0,0,_,","
688,0,and,0,0,_,and
688,0,fell,0,0,Motion,fall
688,0,with,1,0,_,with
688,0,a,0,0,_,a
688,0,muffled,0,0,_,muffled
688,0,plop,0,0,Self_motion,plop
688,0,onto,0,0,_,onto
688,0,Baldwin,0,0,_,Baldwin
688,0,'s,0,0,_,be
688,0,shoulder,0,0,Body_parts,shoulder
688,0,.,0,0,_,.
688,1,#,0,0,_,#
688,1,They,0,0,_,they
688,1,sprang,1,1,Self_motion,spring
688,1,into,1,0,_,into
688,1,action,0,0,Intentionally_act,action
688,1,",",0,0,_,","
688,1,no,0,0,_,no
688,1,words,0,0,Simple_name,word
688,1,needed,0,0,Being_necessary,need
688,1,.,0,0,_,.
688,2,Baldwin,0,0,_,Baldwin
688,2,sprinted,0,0,Self_motion,sprint
688,2,back,0,0,_,back
688,2,upstairs,0,0,Building_subparts,upstairs
688,2,toward,0,0,_,toward
688,2,the,0,0,_,the
688,2,bathroom,0,0,Building_subparts,bathroom
688,2,to,0,0,_,to
688,2,turn,0,0,Change_operational_state,turn
688,2,off,0,0,Change_operational_state,off
689,0,3,0,0,_,3
689,0,:,0,0,_,:
689,0,Zombies,0,0,_,zombie
689,0,pour,0,0,Fluidic_motion,pour
689,0,into,0,0,Goal,into
689,0,the,0,0,_,the
689,0,ballroom,0,0,Buildings,ballroom
689,0,.,0,0,_,.
689,1,Mr.,0,0,_,Mr.
689,1,Bennet,0,0,_,Bennet
689,1,and,0,0,_,and
689,1,his,0,0,_,his
689,1,daughters,0,0,Kinship,daughter
689,1,spring,1,0,Self_motion,spring
689,1,into,1,0,_,into
689,1,action,0,0,Intentionally_act,action
689,1,.,0,0,_,.
689,2,Mr.,0,0,_,Mr.
689,2,Bennet,0,0,_,Bennet
689,2,:,0,0,_,:
689,2,Girls,0,0,People,girl
689,2,!,0,0,_,!
689,3,Attack,0,0,Attack,attack
689,3,formation,1,1,_,formation
689,3,!,0,0,_,!
689,4,Narr,0,0,_,Narr
689,4,1,0,0,_,1
689,4,:,0,0,_,:
689,4,As,0,0,_,as
689,4,the,0,0,_,the
689,4,guests,0,0,Visiting,guest
690,0,at,0,0,Locative_relation,at
690,0,the,0,0,_,the
690,0,bin,0,0,Containers,bin
690,0,",",0,0,_,","
690,0,then,0,0,_,then
690,0,leapt,0,0,Self_motion,leap
690,0,back,0,0,_,back
690,0,into,1,0,_,into
690,0,a,0,0,_,a
690,0,crouch,0,0,Self_motion,crouch
690,0,",",0,0,_,","
690,0,ready,0,0,Activity_ready_state,ready
690,0,to,0,0,_,to
690,0,spring,1,1,Self_motion,spring
690,0,into,1,0,_,into
690,0,action,0,0,Intentionally_act,action
690,0,at,1,0,_,at
690,0,whatever,0,0,_,whatever
690,0,issued,1,1,_,issue
690,0,from,0,0,_,from
690,0,the,0,0,_,the
690,0,bin,0,0,Containers,bin
690,0,.,0,0,_,.
690,1,What,0,0,_,what
690,1,emerged,1,1,Coming_to_be,emerge
690,1,was,0,0,_,be
690,1,a,0,0,_,a
690,1,family,0,0,Kinship,family
690,1,of,0,0,_,of
690,1,purple,0,0,_,purple
690,1,stingers,0,0,_,stinger
691,0,left,0,0,Departing,leave
691,0,the,0,0,_,the
691,0,room,0,0,Building_subparts,room
691,0,",",0,0,_,","
691,0,little,0,0,_,little
691,0,Hannah,0,0,_,Hannah
691,0,started,0,0,Activity_start,start
691,0,choking,0,0,Sounds,choke
691,0,on,0,0,_,on
691,0,her,0,0,_,she
691,0,breakfast,0,0,Food,breakfast
691,0,.,0,0,_,.
691,1,Willie,0,0,_,Willie
691,1,sprang,1,0,Self_motion,spring
691,1,into,1,0,_,into
691,1,action,0,0,Intentionally_act,action
691,1,by,0,0,Means,by
691,1,flapping,0,0,Body_movement,flap
691,1,his,0,0,_,his
691,1,wings,1,1,_,wing
691,1,and,0,0,_,and
691,1,repeatedly,0,0,Frequency,repeatedly
691,1,calling,0,0,Referring_by_name,call
691,1,``,0,0,_,`
691,1,Mama,0,0,Kinship,mama
691,1,",",0,0,_,","
691,1,baby.,0,0,People_by_age,baby
691,1,``,0,0,_,`
691,2,When,0,0,Temporal_collocation,when
691,2,Howard,0,0,_,Howard
692,0,school,0,0,Locale_by_use,school
692,0,employees,0,0,Employing,employee
692,0,",",0,0,_,","
692,0,including,0,0,Inclusion,include
692,0,220,0,0,_,220
692,0,teachers,0,0,Education_teaching,teacher
692,0,",",0,0,_,","
692,0,and,0,0,_,and
692,0,the,0,0,_,the
692,0,whole,1,0,Ranked_expectation,whole
692,0,evil,0,0,Morality_evaluation,evil
692,0,education,0,0,Education_teaching,education
692,0,empire,1,1,Political_locales,empire
692,0,sprang,1,1,Motion,spring
692,0,into,1,0,_,into
692,0,action,1,0,Intentionally_act,action
692,0,.,0,0,_,.
692,1,The,0,0,_,the
692,1,story,0,0,_,story
692,1,is,0,0,_,be
692,1,far,1,0,_,far
692,1,from,0,0,_,from
692,1,over,1,0,Process_completed_state,over
692,1,.,0,0,_,.
692,2,Rhee,0,0,_,rhee
692,2,was,0,0,_,be
692,2,hauled,0,0,Cause_motion,haul
692,2,before,0,0,_,before
692,2,the,0,0,_,the
692,2,D.C.,0,0,_,D.C.
692,2,City,0,0,Political_locales,city
693,0,only,0,0,Sole_instance,only
693,0,16,0,0,_,16
693,0,.,0,0,_,.
693,1,A,0,0,_,a
693,1,small,0,0,Size,small
693,1,boat,0,0,Vehicle,boat
693,1,flipped,0,0,Moving_in_place,flip
693,1,over,0,0,_,over
693,1,near,0,0,Locative_relation,near
693,1,the,0,0,_,the
693,1,lighthouse,0,0,Buildings,lighthouse
693,1,.,0,0,_,.
693,2,Ida,0,0,_,Ida
693,2,sprang,1,0,Self_motion,spring
693,2,into,1,0,_,into
693,2,action,0,0,Intentionally_act,action
693,2,.,0,0,_,.
693,3,She,0,0,_,she
693,3,set,0,0,Motion,set
693,3,off,0,0,Motion,off
693,3,in,0,0,_,in
693,3,her,0,0,_,she
693,3,rowboat,0,0,Vehicle,rowboat
693,3,.,0,0,_,.
693,4,She,0,0,_,she
693,4,paddled,0,0,Self_motion,paddle
693,4,through,0,0,_,through
693,4,tall,0,0,Measurable_attributes,tall
693,4,waves,0,0,_,wave
693,4,to,0,0,_,to
693,4,reach,0,0,Arriving,reach
694,0,``,0,0,_,`
694,0,#,0,0,_,#
694,0,B,0,0,_,b
694,0,Liam,0,0,_,Liam
694,0,Neeson,0,0,_,neeson
694,0,stars,0,0,Performers_and_roles,star
694,0,as,0,0,_,as
694,0,a,0,0,_,a
694,0,a,0,0,_,a
694,0,retired,0,0,_,retire
694,0,CIA,0,0,_,CIA
694,0,agent,0,0,People_by_vocation,agent
694,0,who,0,0,_,who
694,0,springs,1,1,Self_motion,spring
694,0,into,1,0,_,into
694,0,action,0,0,Intentionally_act,action
694,0,when,0,0,Temporal_collocation,when
694,0,his,0,0,_,his
694,0,daughter,0,0,Kinship,daughter
694,0,and,0,0,_,and
694,0,a,0,0,_,a
694,0,friend,0,0,Personal_relationship,friend
694,0,are,0,0,_,be
694,0,kidnapped,0,0,Taking,kidnap
694,0,in,0,0,Interior_profile_relation,in
694,0,Paris,0,0,_,Paris
694,0,.,0,0,_,.
694,1,Do,0,0,_,do
694,1,n't,0,0,_,not
694,1,waste,1,0,_,waste
694,1,time,0,0,_,time
695,0,collapse,1,0,_,collapse
695,0,sent,1,0,Causation,send
695,0,the,0,0,_,the
695,0,world,0,0,Political_locales,world
695,0,economy,0,0,Economy,economy
695,0,into,1,0,_,into
695,0,a,0,0,_,a
695,0,tailspin,1,1,_,tailspin
695,0,last,0,0,Relative_time,last
695,0,fall,1,0,_,fall
695,0,",",0,0,_,","
695,0,Bernanke,0,0,_,Bernanke
695,0,sprang,1,1,Self_motion,spring
695,0,into,1,0,_,into
695,0,action,0,0,Intentionally_act,action
695,0,.,0,0,_,.
695,1,He,0,0,_,he
695,1,pushed,1,0,Cause_change_of_position_on_a_scale,push
695,1,the,0,0,_,the
695,1,rate,0,0,Proportion,rate
695,1,that,0,0,_,that
695,1,banks,0,0,Businesses,bank
695,1,charge,1,0,Commerce_pay,charge
695,1,each,0,0,_,each
695,1,other,0,0,_,other
695,1,for,0,0,_,for
695,1,short-term,0,0,_,short
695,1,loans,0,0,_,loan
695,1,as,0,0,_,as
695,1,low,1,0,Position_on_a_scale,low
696,0,let,0,0,Preventing_or_letting,let
696,0,the,0,0,_,the
696,0,Democrats,0,0,_,Democrats
696,0,expose,1,1,Reveal_secret,expose
696,0,more,0,0,Increment,more
696,0,evidence,0,0,Evidence,evidence
696,0,to,0,0,_,to
696,0,boost,1,1,_,boost
696,0,their,0,0,_,their
696,0,campaigns,1,0,_,campaign
696,0,",",0,0,_,","
696,0,and,0,0,_,and
696,0,then,0,0,Temporal_collocation,then
696,0,spring,1,0,Self_motion,spring
696,0,into,1,0,_,into
696,0,action,0,0,Intentionally_act,action
696,0,with,1,0,_,with
696,0,prosecutions,0,0,Notification_of_charges,prosecution
696,0,.,0,0,_,.
696,1,#,0,0,_,#
696,1,Here,0,0,Spatial_co-location,here
696,1,'s,0,0,_,be
696,1,what,0,0,_,what
696,1,'s,0,0,_,be
696,1,wrong,0,0,_,wrong
696,1,with,1,0,_,with
696,1,this,0,0,_,this
696,1,:,0,0,_,:
696,1,while,0,0,Temporal_collocation,while
696,1,a,0,0,_,a
696,1,well-trained,0,0,Expertise,well
697,0,.,0,0,_,.
697,1,Chief,0,0,_,chief
697,1,Washington,0,0,_,Washington
697,1,Correspondent,0,0,_,correspondent
697,1,Jim,0,0,_,Jim
697,1,Angle,0,0,_,angle
697,1,explains,0,0,Statement,explain
697,1,.,0,0,_,.
697,2,(,0,0,_,(
697,2,BEGIN-VIDEOTAPE,0,0,_,begin
697,2,),0,0,_,)
697,2,JIM-ANGLE-CHIEF-W,0,0,_,JIM
697,2,:,0,0,_,:
697,2,Federal,0,0,Political_locales,Federal
697,2,officials,0,0,Leadership,official
697,2,sprang,1,1,Self_motion,spring
697,2,into,1,0,_,into
697,2,action,0,0,Intentionally_act,action
697,2,like,0,0,Similarity,like
697,2,firemen,0,0,People_by_vocation,fireman
697,2,rush,0,0,Self_motion,rush
697,2,to,0,0,_,to
697,2,a,0,0,_,a
697,2,blaze,0,0,Fire_burning,blaze
697,2,",",0,0,_,","
697,2,pouring,0,0,Placing,pour
697,2,cash,0,0,Money,cash
697,2,not,0,0,_,not
697,2,water,0,0,Substance,water
697,2,onto,0,0,_,onto
697,2,the,0,0,_,the
697,2,financial,0,0,_,financial
697,2,flames,0,0,Fire_burning,flame
698,0,families,0,0,Kinship,family
698,0,who,0,0,_,who
698,0,lost,0,0,Earnings_and_losses,lose
698,0,their,0,0,_,their
698,0,homes,0,0,Buildings,home
698,0,as,0,0,_,as
698,0,quickly,1,0,Speed_description,quickly
698,0,as,0,0,_,as
698,0,possible,0,0,Likelihood,possible
698,0,.,0,0,_,.
698,1,The,0,0,_,the
698,1,neighborhood,0,0,_,neighborhood
698,1,council,0,0,Leadership,council
698,1,sprung,1,1,_,spring
698,1,into,1,0,_,into
698,1,action,0,0,Intentionally_act,action
698,1,immediately,0,0,_,immediately
698,1,.,0,0,_,.
698,2,Helped,0,0,Assistance,help
698,2,at,0,0,_,at
698,2,Sylmar,0,0,_,Sylmar
698,2,High,0,0,_,high
698,2,School,0,0,Locale_by_use,school
698,2,to,0,0,_,to
698,2,open,0,0,Closure,open
698,2,the,0,0,_,the
698,2,doors,0,0,Connecting_architecture,door
698,2,and,0,0,_,and
698,2,let,0,0,_,let
698,2,me,0,0,_,I
698,2,say,0,0,Statement,say
699,0,in,1,0,Temporal_collocation,in
699,0,the,0,0,_,the
699,0,next,1,0,_,next
699,0,two,0,0,Cardinal_numbers,two
699,0,or,0,0,_,or
699,0,three,0,0,Cardinal_numbers,three
699,0,weeks,0,0,Calendric_unit,week
699,0,",",0,0,_,","
699,0,these,1,0,_,these
699,0,programs,0,0,Project,program
699,0,are,0,0,_,be
699,0,going,0,0,_,go
699,0,to,0,0,_,to
699,0,spring,1,1,_,spring
699,0,into,1,0,_,into
699,0,action,1,0,Intentionally_act,action
699,0,.,0,0,_,.
699,1,And,0,0,_,and
699,1,if,0,0,_,if
699,1,we,0,0,_,we
699,1,continue,0,0,Activity_ongoing,continue
699,1,to,0,0,_,to
699,1,see,1,0,Perception_experience,see
699,1,the,0,0,_,the
699,1,markets,1,1,_,market
699,1,improve,0,0,Cause_to_make_progress,improve
699,1,",",0,0,_,","
699,1,interest,0,0,_,interest
699,1,rates,0,0,Proportion,rate
699,1,come,1,0,Change_position_on_a_scale,come
699,1,down,1,0,Change_position_on_a_scale,down
700,0,this,1,0,_,this
700,0,group,0,0,Aggregate,group
700,0,well,0,0,_,well
700,0,enough,0,0,Sufficiency,enough
700,0,to,0,0,_,to
700,0,realize,0,0,Coming_to_believe,realize
700,0,that,0,0,_,that
700,0,the,0,0,_,the
700,0,competitive,0,0,Competition,competitive
700,0,streak,1,1,_,streak
700,0,in,1,0,_,in
700,0,them,0,0,_,they
700,0,would,0,0,_,would
700,0,spring,1,1,Self_motion,spring
700,0,into,1,0,_,into
700,0,action,0,0,Intentionally_act,action
700,0,the,0,0,_,the
700,0,second,0,0,Ordinal_numbers,second
700,0,Todd,0,0,_,Todd
700,0,launched,0,0,Cause_motion,launch
700,0,the,0,0,_,the
700,0,ball,0,0,_,ball
700,0,of,0,0,_,of
700,0,lace,0,0,_,lace
700,0,.,0,0,_,.
700,1,//,0,0,_,//
700,1,True,1,1,_,true
700,1,enough,0,0,Sufficiency,enough
700,1,.,0,0,_,.
700,2,Todd,0,0,_,Todd
700,2,jutted,0,0,Self_motion,jut
701,0,noticed,0,0,Becoming_aware,notice
701,0,that,0,0,_,that
701,0,Rick,0,0,_,Rick
701,0,was,0,0,_,be
701,0,one,0,0,Cardinal_numbers,one
701,0,of,0,0,Partitive,of
701,0,only,0,0,Sole_instance,only
701,0,a,0,0,Quantified_mass,a
701,0,few,0,0,Quantified_mass,few
701,0,guys,0,0,People,guy
701,0,who,0,0,_,who
701,0,did,0,0,_,do
701,0,n't,0,0,_,not
701,0,spring,1,1,Self_motion,spring
701,0,into,1,0,_,into
701,0,action,0,0,Intentionally_act,action
701,0,.,0,0,_,.
701,1,The,0,0,_,the
701,1,garter,0,0,_,garter
701,1,seemed,0,0,Give_impression,seem
701,1,to,0,0,_,to
701,1,make,1,0,_,make
701,1,a,0,0,_,a
701,1,beeline,0,0,_,beeline
701,1,for,0,0,_,for
701,1,the,0,0,_,the
701,1,guy,0,0,People,guy
701,1,with,0,0,_,with
701,1,the,0,0,_,the
701,1,goatee,0,0,Body_parts,goatee
701,1,next,0,0,_,next
702,0,everyone,0,0,_,everyone
702,0,says,0,0,Statement,say
702,0,I,0,0,_,I
702,0,'m,0,0,_,'
702,0,hilarious,0,0,Stimulus_focus,hilarious
702,0,.,0,0,_,.
702,1,//,0,0,_,//
702,1,Uh-oh,0,0,_,uh
702,1,.,0,0,_,.
702,2,My,0,0,_,my
702,2,Bad,0,0,Desirability,bad
702,2,Job,0,0,_,job
702,2,Antenna,0,0,_,antenna
702,2,sprang,1,0,Self_motion,spring
702,2,into,1,0,_,into
702,2,action,0,0,Intentionally_act,action
702,2,.,0,0,_,.
702,3,People,0,0,People,People
702,3,who,0,0,_,who
702,3,say,0,0,Statement,say
702,3,they,0,0,_,they
702,3,'re,0,0,_,be
702,3,hilarious,0,0,Stimulus_focus,hilarious
702,3,are,0,0,_,be
702,3,usually,0,0,_,usually
702,3,about,1,0,_,about
702,3,as,0,0,_,as
702,3,funny,0,0,Stimulus_focus,funny
702,3,as,0,0,_,as
702,3,leftover,0,0,_,leftover
702,3,meatloaf,0,0,Food,meatloaf
702,3,.,0,0,_,.
703,0,zipper,0,0,Cause_to_make_noise,zipper
703,0,of,0,0,_,of
703,0,his,0,0,_,his
703,0,own,0,0,_,own
703,0,pants,0,0,Clothing,pant
703,0,and,0,0,_,and
703,0,climb,0,0,Self_motion,climb
703,0,on,0,0,Spatial_contact,on
703,0,top,0,0,Non-gradable_proximity,top
703,0,of,0,0,_,of
703,0,James,0,0,_,James
703,0,",",0,0,_,","
703,0,Bones,0,0,_,bone
703,0,sprang,1,0,Self_motion,spring
703,0,into,1,0,_,into
703,0,action,0,0,Intentionally_act,action
703,0,.,0,0,_,.
703,1,He,0,0,_,he
703,1,swung,0,0,Manipulation,swing
703,1,his,0,0,_,his
703,1,brick-filled,0,0,_,brick
703,1,pillowcase,0,0,_,pillowcase
703,1,like,0,0,_,like
703,1,a,0,0,_,a
703,1,slingshot,0,0,_,slingshot
703,1,and,0,0,_,and
703,1,the,0,0,_,the
703,1,load,0,0,_,load
703,1,landed,0,0,Arriving,land
703,1,in,0,0,Interior_profile_relation,in
703,1,the,0,0,_,the
704,0,you,0,0,_,you
704,0,'ve,0,0,_,'
704,0,got,0,0,Required_event,get
704,0,to,0,0,Required_event,to
704,0,do.,0,0,Intentionally_act,do
704,0,``,0,0,_,`
704,1,ROBIN-ROBERTS-1AB,0,0,_,ROBIN
704,1,#,0,0,_,#
704,1,(,1,0,_,(
704,1,Voiceover,0,0,_,voiceover
704,1,),0,0,_,)
704,1,Immediately,0,0,_,immediately
704,1,",",0,0,_,","
704,1,his,0,0,_,his
704,1,friends,0,0,Personal_relationship,friend
704,1,sprung,1,1,Self_motion,spring
704,1,into,1,0,_,into
704,1,action,0,0,Intentionally_act,action
704,1,",",0,0,_,","
704,1,offering,0,0,Offering,offer
704,1,to,0,0,_,to
704,1,get,0,0,_,get
704,1,tested,0,0,Operational_testing,test
704,1,",",0,0,_,","
704,1,hoping,0,0,Desiring,hope
704,1,to,0,0,_,to
704,1,be,0,0,_,be
704,1,a,0,0,_,a
704,1,match,1,0,Evaluative_comparison,match
704,1,.,0,0,_,.
704,2,But,0,0,_,but
704,2,there,0,0,Existence,there
704,2,was,0,0,Existence,be
705,0,make,1,0,Intentionally_create,make
705,0,a,0,0,Quantified_mass,a
705,0,little,0,0,Quantified_mass,little
705,0,shelter,0,0,Buildings,shelter
705,0,",",0,0,_,","
705,0,stay,0,0,Residence,stay
705,0,cleverly,0,0,_,cleverly
705,0,hidden,0,0,Eclipse,hide
705,0,until,0,0,_,until
705,0,Jaime,0,0,_,Jaime
705,0,or,0,0,_,or
705,0,Pam,0,0,_,Pam
705,0,could,0,0,Possibility,could
705,0,spring,1,0,Self_motion,spring
705,0,into,1,0,_,into
705,0,action,0,0,Intentionally_act,action
705,0,.,0,0,_,.
705,1,There,0,0,Existence,there
705,1,were,0,0,Existence,be
705,1,serviceberries,0,0,_,serviceberry
705,1,in,0,0,Interior_profile_relation,in
705,1,the,0,0,_,the
705,1,mountains,0,0,Natural_features,mountain
705,1,this,1,0,_,this
705,1,time,0,0,Calendric_unit,time
705,1,of,0,0,_,of
705,1,year,0,0,Calendric_unit,year
705,1,",",0,0,_,","
705,1,and,0,0,_,and
705,1,plenty,0,0,Sufficiency,plenty
705,1,of,0,0,_,of
706,0,``,0,0,_,`
706,0,The,0,0,_,the
706,0,captain,0,0,Leadership,captain
706,0,hesitated,0,0,Change_event_time,hesitate
706,0,the,0,0,_,the
706,0,barest,1,1,_,bare
706,0,fraction,0,0,_,fraction
706,0,of,0,0,_,of
706,0,a,0,0,_,a
706,0,second,0,0,Measure_duration,second
706,0,before,0,0,Time_vector,before
706,0,yelling,0,0,Make_noise,yell
706,0,and,0,0,_,and
706,0,springing,1,1,Self_motion,spring
706,0,into,1,0,_,into
706,0,action.,0,0,Intentionally_act,action
706,0,``,0,0,_,`
706,1,Into,0,0,_,into
706,1,suits,0,0,Clothing,suit
706,1,!,0,0,_,!
706,2,Everyone,0,0,_,everyone
706,2,into,0,0,_,into
706,2,your,0,0,_,your
706,2,suits,0,0,Clothing,suit
706,2,and,0,0,_,and
706,2,seal,0,0,Closure,seal
706,2,them,0,0,_,they
706,2,!,0,0,_,!
706,3,Chen,0,0,_,Chen
706,3,!,0,0,_,!
707,0,Wrapables,0,0,Placing,wrapable
707,0,'s,0,0,_,be
707,0,Bongo,0,0,_,Bongo
707,0,Buddy,0,0,_,Buddy
707,0,Nest,0,0,_,nest
707,0,from,0,0,_,from
707,0,a,0,0,_,a
707,0,closet,0,0,Building_subparts,closet
707,0,rod,0,0,_,rod
707,0,and,0,0,_,and
707,0,watch,0,0,Perception_active,watch
707,0,your,0,0,_,your
707,0,child,0,0,Kinship,child
707,0,spring,1,0,Self_motion,spring
707,0,into,1,0,_,into
707,0,action,0,0,Intentionally_act,action
707,0,.,0,0,_,.
707,1,And,0,0,_,and
707,1,do,0,0,_,do
707,1,n't,0,0,_,not
707,1,worry,1,0,Emotion_active,worry
707,1,:,0,0,_,:
707,1,It,0,0,_,it
707,1,'s,0,0,_,be
707,1,durable,0,0,_,durable
707,1,enough,0,0,Sufficiency,enough
707,1,to,0,0,_,to
707,1,withstand,1,1,_,withstand
707,1,toddler-strength,0,0,_,toddler
707,1,tugs,0,0,_,tug
707,1,.,0,0,_,.
708,0,must,0,0,Required_event,must
708,0,be,0,0,_,be
708,0,used,0,0,Using,use
708,0,.,0,0,_,.
708,1,In,1,0,_,in
708,1,cells,0,0,_,cell
708,1,",",0,0,_,","
708,1,regulation,0,0,_,regulation
708,1,controls,1,1,Being_in_control,control
708,1,when,0,0,Temporal_collocation,when
708,1,and,0,0,_,and
708,1,where,0,0,_,where
708,1,proteins,0,0,_,protein
708,1,spring,1,0,Self_motion,spring
708,1,into,1,0,_,into
708,1,action,1,0,Intentionally_act,action
708,1,.,0,0,_,.
708,2,If,0,0,_,if
708,2,the,0,0,_,the
708,2,traditional,0,0,Custom,traditional
708,2,genome,0,0,_,genome
708,2,is,0,0,_,be
708,2,a,0,0,_,a
708,2,set,0,0,Aggregate,set
708,2,of,0,0,_,of
708,2,blueprints,1,1,_,blueprint
708,2,for,0,0,_,for
708,2,an,0,0,_,an
708,2,organism,0,0,_,organism
708,2,",",0,0,_,","
708,2,RNA,0,0,_,rna
709,0,system,0,0,System,system
709,0,has,0,0,Required_event,have
709,0,to,0,0,Required_event,to
709,0,express,1,1,Expressing_publicly,express
709,0,its,0,0,_,its
709,0,function,0,0,_,function
709,0,at,1,0,_,at
709,0,all,0,0,Quantified_mass,all
709,0,times,0,0,_,time
709,0,.,0,0,_,.
709,1,Many,0,0,Quantified_mass,many
709,1,bodily,0,0,_,bodily
709,1,systems,1,1,System,system
709,1,spring,1,0,Self_motion,spring
709,1,into,1,0,_,into
709,1,action,1,0,Intentionally_act,action
709,1,only,0,0,_,only
709,1,in,1,0,_,in
709,1,critical,0,0,Importance,critical
709,1,situations,0,0,_,situation
709,1,.,0,0,_,.
709,2,Take,0,0,Taking,take
709,2,sperm,0,0,_,sperm
709,2,cells,0,0,_,cell
709,2,.,0,0,_,.
709,3,The,0,0,_,the
709,3,average,0,0,_,average
709,3,man,0,0,People,man
709,3,ejaculates,0,0,Shoot_projectiles,ejaculate
709,3,over,1,0,Proportional_quantity,over
709,3,100,0,0,_,100
710,0,news,0,0,Text,news
710,0,of,0,0,_,of
710,0,the,0,0,_,the
710,0,Black,0,0,_,black
710,0,Swan,0,0,_,Swan
710,0,discovery,0,0,Becoming_aware,discovery
710,0,hit,1,0,Impact,hit
710,0,newspapers,0,0,Text,newspaper
710,0,in,1,0,Temporal_collocation,in
710,0,mid-May,0,0,Temporal_subregion,mid
710,0,",",0,0,_,","
710,0,Spanish,0,0,_,spanish
710,0,officials,0,0,Leadership,official
710,0,sprang,1,1,Self_motion,spring
710,0,into,1,0,_,into
710,0,action,0,0,Intentionally_act,action
710,0,.,0,0,_,.
710,1,On,1,0,Temporal_collocation,on
710,1,May,0,0,Calendric_unit,May
710,1,31,0,0,_,31
710,1,",",0,0,_,","
710,1,Madrid,0,0,_,Madrid
710,1,made,1,0,_,make
710,1,a,0,0,_,a
710,1,claim,0,0,Claim_ownership,claim
710,1,in,1,0,Interior_profile_relation,in
710,1,U.S.,0,0,_,U.S.
710,1,District,0,0,_,district
710,1,Court,0,0,Judicial_body,court
710,1,in,0,0,Interior_profile_relation,in
710,1,Tampa,0,0,_,Tampa
711,0,#,0,0,_,#
711,0,Newfoundlands,0,0,_,newfoundland
711,0,were,0,0,_,be
711,0,known,0,0,Being_named,know
711,0,as,0,0,_,as
711,0,sea-rescue,0,0,_,sea
711,0,dogs,1,1,Animals,dog
711,0,",",0,0,_,","
711,0,and,0,0,_,and
711,0,Neptune,0,0,_,Neptune
711,0,is,0,0,_,be
711,0,ready,0,0,Activity_ready_state,ready
711,0,to,0,0,_,to
711,0,spring,1,0,Self_motion,spring
711,0,into,1,0,_,into
711,0,action,0,0,Intentionally_act,action
711,0,",",0,0,_,","
711,0,a,0,0,_,a
711,0,lifesaver,0,0,_,lifesaver
711,0,on,1,0,_,on
711,0,patrol,0,0,_,patrol
711,0,",",0,0,_,","
711,0,as,0,0,_,as
711,0,the,0,0,_,the
711,0,wind,0,0,_,wind
711,0,whips,1,1,Cause_motion,whip
711,0,the,0,0,_,the
711,0,sea,0,0,Natural_features,sea
711,0,into,1,0,_,into
711,0,whitecaps,0,0,Color,whitecaps
711,0,(,0,0,_,(
712,0,Frazier,0,0,_,Frazier
712,0,made,1,0,_,make
712,0,the,0,0,_,the
712,0,threat,0,0,Commitment,threat
712,0,against,1,0,_,against
712,0,Judge,0,0,_,Judge
712,0,Arrington,0,0,_,Arrington
712,0,on,1,0,Temporal_collocation,on
712,0,June,0,0,Calendric_unit,June
712,0,5,0,0,_,5
712,0,",",0,0,_,","
712,0,the,0,0,_,the
712,0,team,1,0,Aggregate,team
712,0,sprang,1,1,Self_motion,spring
712,0,into,1,0,_,into
712,0,action,0,0,Intentionally_act,action
712,0,.,0,0,_,.
712,1,#,0,0,_,#
712,1,According,0,0,Attributed_information,accord
712,1,to,1,0,Attributed_information,to
712,1,its,0,0,_,its
712,1,report,0,0,Statement,report
712,1,",",0,0,_,","
712,1,Frazier,0,0,_,Frazier
712,1,called,0,0,Contacting,call
712,1,the,0,0,_,the
712,1,police,0,0,_,police
712,1,at,1,0,Temporal_collocation,at
712,1,12:05,0,0,_,12:05
712,1,p.m.,0,0,_,p.m.
712,1,",",0,0,_,","
713,0,journal,0,0,Text,journal
713,0,linked,1,0,Make_cognitive_connection,link
713,0,a,0,0,_,a
713,0,popular,0,0,Desirability,popular
713,0,diabetes,0,0,_,diabetes
713,0,drug,0,0,_,drug
713,0,with,1,0,_,with
713,0,elevated,0,0,Position_on_a_scale,elevated
713,0,heart,0,0,_,heart
713,0,risks,0,0,Risky_situation,risk
713,0,",",0,0,_,","
713,0,two,0,0,Cardinal_numbers,two
713,0,industries,0,0,Fields,industry
713,0,sprang,1,1,_,spring
713,0,into,1,0,_,into
713,0,action,1,0,Intentionally_act,action
713,0,-,0,0,_,-
713,0,the,0,0,_,the
713,0,pharmaceutical,0,0,_,pharmaceutical
713,0,business,0,0,Businesses,business
713,0,and,0,0,_,and
713,0,the,0,0,_,the
713,0,network,1,1,Network,network
713,0,of,0,0,_,of
713,0,lawyers,0,0,People_by_vocation,lawyer
713,0,who,0,0,_,who
713,0,sue,0,0,Notification_of_charges,sue
713,0,them,0,0,_,they
713,0,.,0,0,_,.
713,1,#,0,0,_,#
713,1,GlaxoSmithKline,0,0,_,GlaxoSmithKline
714,0,not,0,0,_,not
714,0,know,0,0,Awareness,know
714,0,how,0,0,_,how
714,0,to,0,0,_,to
714,0,react,1,0,Response,react
714,0,to,1,0,_,to
714,0,mine,0,0,_,mine
714,0,.,0,0,_,.
714,1,#,0,0,_,#
714,1,That,1,0,_,that
714,1,'s,0,0,_,be
714,1,when,0,0,Temporal_collocation,when
714,1,I,0,0,_,I
714,1,sprang,1,1,Self_motion,spring
714,1,into,1,0,_,into
714,1,action,0,0,Intentionally_act,action
714,1,!,0,0,_,!
714,2,I,0,0,_,I
714,2,grabbed,0,0,Taking,grab
714,2,people,0,0,People,people
714,2,'s,0,0,_,be
714,2,hands,0,0,Body_parts,hand
714,2,and,0,0,_,and
714,2,said,0,0,Statement,say
714,2,",",0,0,_,","
714,2,``,0,0,_,`
714,2,feel,0,0,Perception_experience,feel
714,2,this,0,0,_,this
714,2,!,0,0,_,!
714,2,``,0,0,_,`
714,3,as,0,0,_,as
715,0,John,0,0,_,John
715,0,street,0,0,Roadways,street
715,0,",",0,0,_,","
715,0,has,0,0,_,have
715,0,really,0,0,_,really
715,0,gotten,0,0,Transition_to_state,get
715,0,involved,0,0,Participation,involve
715,0,.,0,0,_,.
715,1,GUPTA,0,0,_,GUPTA
715,1,:,0,0,_,:
715,1,Sixty-two-year-old,0,0,_,sixty
715,1,Mayor,0,0,Leadership,mayor
715,1,Street,0,0,_,street
715,1,sprang,1,1,Self_motion,spring
715,1,into,1,0,_,into
715,1,action,0,0,Intentionally_act,action
715,1,after,0,0,Relative_time,after
715,1,the,0,0,_,the
715,1,city,0,0,Political_locales,city
715,1,received,1,0,Receiving,receive
715,1,its,0,0,_,its
715,1,terrible,0,0,Desirability,terrible
715,1,ranking,0,0,Assessing,rank
715,1,.,0,0,_,.
715,2,JOHN-STREET-MAYOR,0,0,_,JOHN
715,2,:,0,0,_,:
715,2,We,0,0,_,we
715,2,'re,0,0,_,be
715,2,probably,0,0,Likelihood,probably
715,2,a,0,0,_,a
715,2,whole,0,0,Ranked_expectation,whole
716,0,a,0,0,Quantified_mass,a
716,0,few,0,0,Quantified_mass,few
716,0,stationed,0,0,Being_employed,station
716,0,in,0,0,Interior_profile_relation,in
716,0,the,0,0,_,the
716,0,country,0,0,Political_locales,country
716,0,?,0,0,_,?
716,1,Would,0,0,_,would
716,1,there,0,0,Existence,there
716,1,be,0,0,Existence,be
716,1,troops,0,0,Member_of_military,troop
716,1,nearby,0,0,Locative_relation,nearby
716,1,to,0,0,_,to
716,1,spring,1,0,Self_motion,spring
716,1,into,1,0,_,into
716,1,action,0,0,Intentionally_act,action
716,1,quickly,0,0,_,quickly
716,1,?,0,0,_,?
716,2,Mr-BRZEZINSKI,0,0,_,Mr
716,2,:,0,0,_,:
716,2,Certainly,0,0,Likelihood,certainly
716,2,I,0,0,_,I
716,2,would,0,0,_,would
716,2,think,0,0,Opinion,think
716,2,it,0,0,_,it
716,2,would,0,0,_,would
716,2,make,1,0,_,make
716,2,sense,0,0,Usefulness,sense
716,2,to,0,0,_,to
716,2,have,0,0,Possession,have
716,2,some,0,0,_,some
717,0,INT,0,0,_,INT
717,0,.,0,0,_,.
717,1,ENGINE,0,0,_,engine
717,1,ROOM,0,0,_,room
717,1,-,0,0,_,-
717,1,NIGHT,0,0,Calendric_unit,NIGHT
717,1,#,0,0,_,#
717,1,CLOSE,1,1,_,close
717,1,ON,1,0,_,on
717,1,:,0,0,_,:
717,1,THE,0,0,_,the
717,1,SHIPS,0,0,_,ship
717,1,GAUGES,1,1,_,gauge
717,1,SPRING,1,1,_,spring
717,1,INTO,1,0,_,into
717,1,ACTION,0,0,Intentionally_act,action
717,1,.,0,0,_,.
717,2,#,0,0,_,#
717,2,EXT,0,0,_,EXT
717,2,.,0,0,_,.
717,3,VENTURE,0,0,_,VENTURE
717,3,STERN,0,0,_,STERN
717,3,#,0,0,_,#
717,3,CRANE,0,0,Self_motion,CRANE
717,3,DOWN,0,0,_,down
717,3,the,0,0,_,the
717,3,stern,0,0,Part_orientational,stern
717,3,of,0,0,_,of
717,3,the,0,0,_,the
717,3,ship,0,0,Vehicle,ship
717,3,as,0,0,_,as
718,0,From,1,0,Time_vector,from
718,0,the,0,0,_,the
718,0,time,0,0,_,time
718,0,Katrina,0,0,_,Katrina
718,0,hit,1,0,Impact,hit
718,0,",",0,0,_,","
718,0,local,0,0,Political_locales,local
718,0,Urban,0,0,_,Urban
718,0,Leagues,0,0,_,league
718,0,along,0,0,Locative_relation,along
718,0,the,0,0,_,the
718,0,Gulf,0,0,Natural_features,gulf
718,0,Coast,0,0,Relational_natural_features,coast
718,0,sprang,1,1,Motion,spring
718,0,into,1,0,_,into
718,0,action,0,0,Intentionally_act,action
718,0,",",0,0,_,","
718,0,helping,0,0,Assistance,help
718,0,victims,0,0,Catastrophe,victim
718,0,find,1,0,Locating,find
718,0,housing,0,0,Buildings,housing
718,0,",",0,0,_,","
718,0,jobs,0,0,Being_employed,job
718,0,",",0,0,_,","
718,0,respect,0,0,Judgment,respect
718,0,and,0,0,_,and
718,0,dignity,0,0,_,dignity
718,0,at,1,0,Temporal_collocation,at
718,0,a,0,0,_,a
718,0,very,0,0,Degree,very
718,0,troubled,1,1,_,troubled
719,0,the,0,0,_,the
719,0,first,0,0,Ordinal_numbers,first
719,0,step,1,0,Intentionally_act,step
719,0,in,1,0,_,in
719,0,starting,0,0,Activity_start,start
719,0,a,0,0,_,a
719,0,museum,0,0,Locale_by_use,museum
719,0,is,0,0,_,be
719,0,not,0,0,_,not
719,0,for,0,0,_,for
719,0,social,0,0,_,social
719,0,scientists,0,0,People_by_vocation,scientist
719,0,to,0,0,_,to
719,0,spring,1,1,Self_motion,spring
719,0,into,1,0,_,into
719,0,action,0,0,Intentionally_act,action
719,0,but,0,0,_,but
719,0,always,0,0,Frequency,always
719,0,to,0,0,_,to
719,0,have,1,0,Have_associated,have
719,0,a,0,0,_,a
719,0,town,0,0,Political_locales,town
719,0,meeting,0,0,Discussion,meet
719,0,.,0,0,_,.
719,1,At,1,0,Locative_relation,at
719,1,some,0,0,Proportional_quantity,some
719,1,of,0,0,Partitive,of
719,1,these,1,0,_,these
719,1,meetings,0,0,Discussion,meeting
719,1,",",0,0,_,","
719,1,it,0,0,_,it
720,0,to,0,0,Goal,to
720,0,Palm,0,0,_,palm
720,0,Island,0,0,_,island
720,0,.,0,0,_,.
720,1,(,0,0,_,(
720,1,END-VIDEO-CLIP,0,0,_,END
720,1,),0,0,_,)
720,1,HANNITY,0,0,_,HANNITY
720,1,:,0,0,_,:
720,1,He,0,0,_,he
720,1,got,1,0,Getting,get
720,1,it,0,0,_,it
720,1,.,0,0,_,.
720,2,Officer,0,0,_,officer
720,2,Shaq,0,0,_,Shaq
720,2,sprung,1,1,Self_motion,spring
720,2,into,1,0,_,into
720,2,action,0,0,Intentionally_act,action
720,2,and,0,0,_,and
720,2,after,1,0,Relative_time,after
720,2,following,0,0,Cotheme,follow
720,2,the,0,0,_,the
720,2,suspect,0,0,Being_questionable,suspect
720,2,flagged,0,0,_,flag
720,2,down,0,0,_,down
720,2,a,0,0,_,a
720,2,Miami,0,0,_,Miami
720,2,police,0,0,_,police
720,2,officer,0,0,People_by_vocation,officer
720,2,",",0,0,_,","
720,2,who,0,0,_,who
720,2,arrested,0,0,Arrest,arrest
720,2,the,0,0,_,the
721,0,at,0,0,Locative_relation,at
721,0,his,0,0,_,his
721,0,home,0,0,Buildings,home
721,0,and,0,0,_,and
721,0,told,0,0,Telling,tell
721,0,him,0,0,_,he
721,0,what,0,0,_,what
721,0,the,0,0,_,the
721,0,writing,0,0,Text_creation,write
721,0,could,0,0,Possibility,could
721,0,mean,1,0,Evidence,mean
721,0,.,0,0,_,.
721,1,Golan,0,0,_,Golan
721,1,sprung,1,1,Self_motion,spring
721,1,into,1,0,_,into
721,1,action,0,0,Intentionally_act,action
721,1,.,0,0,_,.
721,2,He,0,0,_,he
721,2,had,0,0,_,have
721,2,the,0,0,_,the
721,2,box,0,0,Containers,box
721,2,scrutinized,0,0,Scrutiny,scrutinize
721,2,by,0,0,_,by
721,2,specialists,0,0,Expertise,specialist
721,2,in,1,0,_,in
721,2,different,0,0,Identicality,different
721,2,fields,1,0,Fields,field
721,2,.,0,0,_,.
721,3,They,0,0,_,they
721,3,were,0,0,_,be
721,3,impressed,0,0,Experiencer_obj,impress
722,0,careful,0,0,_,careful
722,0,what,0,0,_,what
722,0,I,0,0,_,I
722,0,say,0,0,Statement,say
722,0,in,0,0,_,in
722,0,front,0,0,_,front
722,0,of,0,0,_,of
722,0,you,0,0,_,you
722,0,.,0,0,_,.
722,1,WINFREY,0,0,_,WINFREY
722,1,:,0,0,_,:
722,1,So,0,0,_,so
722,1,we,0,0,_,we
722,1,sprung,1,1,Self_motion,spring
722,1,into,1,0,_,into
722,1,action,0,0,Intentionally_act,action
722,1,.,0,0,_,.
722,2,Watch,0,0,Perception_active,watch
722,2,our,0,0,_,our
722,2,clever,1,1,Mental_property,clever
722,2,plot,1,0,_,plot
722,2,unfold,1,1,Event,unfold
722,2,.,0,0,_,.
722,3,Mr-DENTON,0,0,_,Mr
722,3,:,0,0,_,:
722,3,I,0,0,_,I
722,3,'ve,0,0,_,'
722,3,never,0,0,Frequency,never
722,3,grand-marshaled,0,0,_,grand
722,3,.,0,0,_,.
722,4,Unidentified,0,0,_,unidentified
723,0,want,0,0,Desiring,want
723,0,help,0,0,Assistance,help
723,0,!,0,0,_,!
723,1,WINFREY,0,0,_,WINFREY
723,1,:,0,0,_,:
723,1,Devastated,1,1,_,devastate
723,1,by,0,0,_,by
723,1,what,0,0,_,what
723,1,we,0,0,_,we
723,1,saw,0,0,Perception_experience,see
723,1,",",0,0,_,","
723,1,everyday,0,0,Frequency,everyday
723,1,citizens,0,0,People_by_jurisdiction,citizen
723,1,sprung,1,1,Self_motion,spring
723,1,into,1,0,_,into
723,1,action,0,0,Intentionally_act,action
723,1,to,0,0,_,to
723,1,save,1,0,Protecting,save
723,1,lives,0,0,People,live
723,1,and,0,0,_,and
723,1,help,0,0,Assistance,help
723,1,people,0,0,People,people
723,1,who,0,0,_,who
723,1,had,0,0,_,have
723,1,lost,1,0,Earnings_and_losses,lose
723,1,everything,0,0,_,everything
723,1,.,0,0,_,.
723,2,One,0,0,Cardinal_numbers,one
723,2,hundred,0,0,Cardinal_numbers,hundred
723,2,doctors,0,0,Medical_professionals,doctor
723,2,and,0,0,_,and
724,0,water,0,0,Substance,water
724,0,from,0,0,_,from
724,0,the,0,0,_,the
724,0,lawn,0,0,_,lawn
724,0,directly,0,0,_,directly
724,0,ahead,0,0,Locative_relation,ahead
724,0,of,0,0,_,of
724,0,him,0,0,_,he
724,0,.,0,0,_,.
724,1,The,0,0,_,the
724,1,automatically,0,0,_,automatically
724,1,programmed,0,0,_,program
724,1,sprinklers,0,0,_,sprinkler
724,1,sprang,1,0,Self_motion,spring
724,1,into,1,0,_,into
724,1,action,0,0,Intentionally_act,action
724,1,",",0,0,_,","
724,1,like,0,0,Similarity,like
724,1,children,0,0,People_by_age,child
724,1,jumping,0,0,Self_motion,jump
724,1,out,0,0,_,out
724,1,of,0,0,_,of
724,1,their,0,0,_,their
724,1,hiding,0,0,_,hide
724,1,place,0,0,Locale,place
724,1,",",0,0,_,","
724,1,dutifully,0,0,_,dutifully
724,1,completing,0,0,Activity_finish,complete
724,1,their,0,0,_,their
724,1,task,0,0,Being_obligated,task
724,1,",",0,0,_,","
725,0,writing,0,0,Text_creation,write
725,0,to,1,0,_,to
725,0,Jonathan,0,0,_,Jonathan
725,0,.,0,0,_,.
725,1,Regardless,0,0,_,regardless
725,1,who,0,0,_,who
725,1,it,0,0,_,it
725,1,was,0,0,_,be
725,1,",",0,0,_,","
725,1,he,0,0,_,he
725,1,would,0,0,_,would
725,1,have,0,0,Required_event,have
725,1,to,0,0,Required_event,to
725,1,spring,1,0,Self_motion,spring
725,1,into,1,0,_,into
725,1,action,0,0,Intentionally_act,action
725,1,and,0,0,_,and
725,1,fetch,0,0,Bringing,fetch
725,1,their,0,0,_,their
725,1,coats,0,0,Clothing,coat
725,1,with,1,0,_,with
725,1,a,0,0,_,a
725,1,convincing,1,1,_,convince
725,1,smile,0,0,Facial_expression,smile
725,1,firmly,1,1,_,firmly
725,1,in,1,0,_,in
725,1,place,1,0,_,place
725,1,.,0,0,_,.
725,2,Then,0,0,_,then
725,2,Lillian,0,0,_,Lillian
725,2,would,0,0,_,would
726,0,re,0,0,_,re
726,0,selfish,0,0,_,selfish
726,0,and,0,0,_,and
726,0,hurtful,0,0,Stimulus_focus,hurtful
726,0,and,0,0,_,and
726,0,better,0,0,Expertise,well
726,0,at,1,0,_,at
726,0,deceit,0,0,_,deceit
726,0,than,0,0,_,than
726,0,anything,0,0,_,anything
726,0,else,0,0,_,else
726,0,?,0,0,_,?
726,1,Greg,0,0,_,Greg
726,1,sprang,1,0,Self_motion,spring
726,1,into,1,0,_,into
726,1,action,0,0,Intentionally_act,action
726,1,when,0,0,_,when
726,1,the,0,0,_,the
726,1,flame,0,0,_,flame
726,1,had,0,0,_,have
726,1,eaten,1,0,Ingestion,eaten
726,1,half,0,0,Part_whole,half
726,1,the,0,0,_,the
726,1,certificate,0,0,_,certificate
726,1,by,0,0,_,by
726,1,using,0,0,Using,use
726,1,his,0,0,_,his
726,1,discarded,0,0,Abandonment,discard
726,1,undershirt,0,0,Clothing,undershirt
726,1,to,0,0,_,to
726,1,smother,0,0,Destroying,smother
727,0,forever,0,0,_,forever
727,0,",",0,0,_,","
727,0,of,0,0,_,of
727,0,course,0,0,_,course
727,0,.,0,0,_,.
727,1,For,0,0,_,for
727,1,fifteen,0,0,Cardinal_numbers,fifteen
727,1,or,0,0,_,or
727,1,twenty,0,0,Cardinal_numbers,twenty
727,1,seconds,0,0,Measure_duration,second
727,1,.,0,0,_,.
727,2,Then,0,0,_,then
727,2,I,0,0,_,I
727,2,sprang,1,1,Self_motion,spring
727,2,into,1,0,_,into
727,2,action,0,0,Intentionally_act,action
727,2,",",0,0,_,","
727,2,slapping,0,0,Cause_motion,slap
727,2,my,0,0,_,my
727,2,hand,0,0,Body_parts,hand
727,2,down,0,0,_,down
727,2,on,0,0,Spatial_contact,on
727,2,the,0,0,_,the
727,2,counter,0,0,_,counter
727,2,right,0,0,_,right
727,2,smack,1,1,_,smack
727,2,on,0,0,Spatial_contact,on
727,2,top,1,0,Part_orientational,top
727,2,of,0,0,_,of
727,2,the,0,0,_,the
727,2,List,0,0,_,list
728,0,time,0,0,_,time
728,0,to,0,0,_,to
728,0,garden,0,0,Locale_by_use,garden
728,0,.,0,0,_,.
728,1,The,0,0,_,the
728,1,weather,0,0,Weather,weather
728,1,is,0,0,_,be
728,1,fine,1,0,Desirability,fine
728,1,",",0,0,_,","
728,1,and,0,0,_,and
728,1,eager,1,1,Desiring,eager
728,1,bloomers,0,0,_,bloomer
728,1,are,0,0,_,be
728,1,springing,1,1,Self_motion,spring
728,1,into,1,0,_,into
728,1,action,0,0,Intentionally_act,action
728,1,.,0,0,_,.
728,2,Photograph,0,0,_,photograph
728,2,//,0,0,_,//
728,2,Phoebe,0,0,_,phoebe
728,2,Blackston,0,0,_,Blackston
728,2,knows,0,0,Awareness,know
728,2,flowers,0,0,_,flower
728,2,",",0,0,_,","
728,2,and,0,0,_,and
728,2,her,0,0,_,she
728,2,abundant,0,0,Abounding_with,abundant
728,2,autumn,0,0,Calendric_unit,autumn
728,2,garden,0,0,Locale_by_use,garden
728,2,reflects,1,1,_,reflect
728,2,it,0,0,_,it
729,0,brains,0,0,_,brain
729,0,have,1,0,Possession,have
729,0,built-in,0,0,_,build
729,0,stem,0,0,_,stem
729,0,cells,0,0,_,cell
729,0,that,0,0,_,that
729,0,can,0,0,Capability,can
729,0,make,1,0,Manufacturing,make
729,0,new,0,0,Familiarity,new
729,0,brain,0,0,_,brain
729,0,circuits,1,1,_,circuit
729,0,.,0,0,_,.
729,1,These,1,0,_,these
729,1,spring,1,0,Self_motion,spring
729,1,into,1,0,_,into
729,1,action,1,0,Intentionally_act,action
729,1,under,1,0,_,under
729,1,stimulation,0,0,_,stimulation
729,1,from,1,0,_,from
729,1,growth,0,0,_,growth
729,1,factors,0,0,_,factor
729,1,produced,0,0,Creating,produce
729,1,by,0,0,_,by
729,1,the,0,0,_,the
729,1,brain,0,0,_,brain
729,1,'s,0,0,_,be
729,1,healthy,0,0,_,healthy
729,1,cells,0,0,_,cell
729,1,.,0,0,_,.
729,2,PS,0,0,_,PS
729,2,supports,1,1,Taking_sides,support
730,0,40,0,0,_,40
730,0,such,0,0,_,such
730,0,genes,0,0,_,gene
730,0,had,0,0,_,have
730,0,been,0,0,_,be
730,0,discovered,0,0,Becoming_aware,discover
730,0,.,0,0,_,.
730,1,Normally,0,0,_,normally
730,1,harmless,0,0,Risky_situation,harmless
730,1,",",0,0,_,","
730,1,``,0,0,_,`
730,1,they,0,0,_,they
730,1,would,0,0,_,would
730,1,spring,1,1,Self_motion,spring
730,1,into,1,0,_,into
730,1,action,1,0,Intentionally_act,action
730,1,and,0,0,_,and
730,1,cause,0,0,Causation,cause
730,1,cancer,0,0,Medical_conditions,cancer
730,1,if,0,0,_,if
730,1,they,0,0,_,they
730,1,were,0,0,_,be
730,1,twitched,1,1,Moving_in_place,twitch
730,1,by,0,0,_,by
730,1,carcinogens.,0,0,Toxic_substance,carcinogen
730,1,``,0,0,_,`
730,2,When,0,0,Temporal_collocation,when
730,2,mutated,0,0,Cause_change,mutate
730,2,",",0,0,_,","
730,2,in,0,0,_,in
731,0,decided,0,0,Deciding,decide
731,0,to,0,0,_,to
731,0,drop,1,0,Cause_to_end,drop
731,0,the,0,0,_,the
731,0,charges,0,0,Notification_of_charges,charge
731,0,and,0,0,_,and
731,0,bail,0,0,Assistance,bail
731,0,Brown,0,0,_,brown
731,0,out,1,0,_,out
731,0,of,0,0,_,of
731,0,jail,0,0,Prison,jail
731,0,.,0,0,_,.
731,1,Williams,0,0,_,Williams
731,1,sprang,1,0,Self_motion,spring
731,1,into,1,0,_,into
731,1,action,0,0,Intentionally_act,action
731,1,again.,0,0,_,again
731,1,``,0,0,_,`
731,2,Ross,0,0,_,Ross
731,2,did,0,0,_,do
731,2,not,0,0,_,not
731,2,want,0,0,Desiring,want
731,2,to,0,0,_,to
731,2,testify,0,0,Reveal_secret,testify
731,2,against,1,0,_,against
731,2,Brown,0,0,_,brown
731,2,",",0,0,_,","
731,2,``,0,0,_,`
731,2,says,0,0,Statement,say
731,2,Detective,0,0,People_by_vocation,detective
732,0,stories,0,0,Text,story
732,0,bolster,1,1,Cause_change_of_strength,bolster
732,0,our,0,0,_,our
732,0,faith,0,0,_,faith
732,0,in,1,0,_,in
732,0,heroic,0,0,Social_interaction_evaluation,heroic
732,0,individuals,0,0,People,individual
732,0,",",0,0,_,","
732,0,and,0,0,_,and
732,0,the,0,0,_,the
732,0,benevolent,0,0,Social_interaction_evaluation,benevolent
732,0,community,0,0,Aggregate,community
732,0,is,0,0,_,be
732,0,springing,1,1,Self_motion,spring
732,0,into,1,0,_,into
732,0,action,0,0,Intentionally_act,action
732,0,.,0,0,_,.
732,1,David,0,0,_,David
732,1,Frauenfelder,0,0,_,frauenfelder
732,1,",",0,0,_,","
732,1,instructor,0,0,Education_teaching,instructor
732,1,Durham,0,0,_,Durham
732,1,",",0,0,_,","
732,1,N.C.,0,0,_,N.C.
732,1,#,0,0,_,#
732,1,Survivor,0,0,_,survivor
732,1,contemplates,0,0,Cogitation,contemplate
732,1,',0,0,_,'
732,1,normal,0,0,_,normal
732,1,',0,0,_,'
732,1,#,0,0,_,#
733,0,forcing,1,1,Causation,force
733,0,the,0,0,_,the
733,0,demise,0,0,Death,demise
733,0,of,0,0,_,of
733,0,gender,0,0,_,gender
733,0,restrictions,0,0,Revenge,restriction
733,0,.,0,0,_,.
733,1,Seizing,1,0,_,seize
733,1,this,1,0,_,this
733,1,opportunity,0,0,_,opportunity
733,1,",",0,0,_,","
733,1,women,0,0,People,woman
733,1,immediately,0,0,_,immediately
733,1,sprung,1,1,Self_motion,spring
733,1,into,1,0,_,into
733,1,action,0,0,Intentionally_act,action
733,1,.,0,0,_,.
733,2,Dorothea,0,0,_,Dorothea
733,2,Dix,0,0,_,Dix
733,2,was,0,0,_,be
733,2,named,0,0,Name_conferral,name
733,2,Superintendent,0,0,Leadership,superintendent
733,2,of,0,0,_,of
733,2,the,0,0,_,the
733,2,Women,0,0,People,woman
733,2,Nurses,0,0,People_by_vocation,nurse
733,2,of,0,0,_,of
733,2,the,0,0,_,the
733,2,U.S.,0,0,_,U.S.
733,2,Army,0,0,Military,army
733,2,by,0,0,_,by
734,0,for,0,0,_,for
734,0,the,0,0,_,the
734,0,long,1,0,Duration_description,long
734,0,trip,0,0,Travel,trip
734,0,across,0,0,_,across
734,0,country,0,0,Political_locales,country
734,0,.,0,0,_,.
734,1,Meanwhile,0,0,_,meanwhile
734,1,",",0,0,_,","
734,1,our,0,0,_,our
734,1,San,0,0,_,San
734,1,Diego,0,0,_,Diego
734,1,Moms,0,0,Kinship,mom
734,1,sprang,1,1,Self_motion,spring
734,1,into,1,0,_,into
734,1,action,0,0,Intentionally_act,action
734,1,.,0,0,_,.
734,2,The,0,0,_,the
734,2,OPRAH,0,0,_,OPRAH
734,2,show,0,0,_,show
734,2,was,0,0,_,be
734,2,coming,0,0,Arriving,come
734,2,to,0,0,Goal,to
734,2,town,0,0,Political_locales,town
734,2,.,0,0,_,.
734,3,Unidentified,0,0,Secrecy_status,unidentified
734,3,Woman,0,0,People,woman
734,3,9,0,0,_,9
734,3,:,0,0,_,:
734,3,Yeah,0,0,_,yeah
734,3,",",0,0,_,","
735,0,dear,0,0,Stimulus_focus,dear
735,0,?,0,0,_,?
735,0,``,0,0,_,`
735,1,#,0,0,_,#
735,1,``,0,0,_,`
735,1,There,0,0,Existence,there
735,1,'s,0,0,Existence,be
735,1,no,0,0,_,no
735,1,deck.,0,0,_,deck
735,1,``,0,0,_,`
735,2,#,0,0,_,#
735,2,Howard,0,0,_,Howard
735,2,sprang,1,0,Self_motion,spring
735,2,into,1,0,_,into
735,2,action.,0,0,Intentionally_act,action
735,2,``,0,0,_,`
735,3,Amy,0,0,_,Amy
735,3,and,0,0,_,and
735,3,Dan,0,0,_,Dan
735,3,are,0,0,_,be
735,3,the,0,0,_,the
735,3,kind,0,0,Type,kind
735,3,of,0,0,_,of
735,3,people,0,0,People,people
735,3,who,0,0,_,who
735,3,actually,0,0,_,actually
735,3,use,0,0,Using,use
735,3,their,0,0,_,their
735,3,outdoor,0,0,_,outdoor
736,0,then,0,0,Temporal_collocation,then
736,0,",",0,0,_,","
736,0,I,0,0,_,I
736,0,had,0,0,_,have
736,0,n't,0,0,_,not
736,0,been,0,0,_,be
736,0,surprised,0,0,Experiencer_obj,surprised
736,0,.,0,0,_,.
736,1,I,0,0,_,I
736,1,'d,0,0,_,would
736,1,known,0,0,Awareness,know
736,1,she,0,0,_,she
736,1,would,0,0,_,would
736,1,spring,1,0,Self_motion,spring
736,1,into,1,0,_,into
736,1,action,0,0,Intentionally_act,action
736,1,as,0,0,_,as
736,1,soon,0,0,_,soon
736,1,as,0,0,_,as
736,1,I,0,0,_,I
736,1,left,0,0,Departing,leave
736,1,grad,0,0,_,grad
736,1,school,0,0,Locale_by_use,school
736,1,",",0,0,_,","
736,1,which,0,0,_,which
736,1,was,0,0,_,be
736,1,one,0,0,Cardinal_numbers,one
736,1,reason,0,0,Reason,reason
736,1,I,0,0,_,I
736,1,'d,0,0,_,would
736,1,loitered,0,0,_,loiter
737,0,.,0,0,_,.
737,1,#,0,0,_,#
737,1,HEROINE,0,0,_,heroine
737,1,#,0,0,_,#
737,1,Get,0,0,Arriving,get
737,1,to,0,0,Goal,to
737,1,your,0,0,_,your
737,1,cars,0,0,Vehicle,car
737,1,!,0,0,_,!
737,1,!,0,0,_,!
737,1,!,0,0,_,!
737,2,The,0,0,_,the
737,2,Beasts,0,0,_,beast
737,2,spring,1,0,Self_motion,spring
737,2,into,1,0,_,into
737,2,action,0,0,Intentionally_act,action
737,2,",",0,0,_,","
737,2,chasing,1,1,Cotheme,chase
737,2,the,0,0,_,the
737,2,group,0,0,Aggregate,group
737,2,.,0,0,_,.
737,3,Bozo,0,0,_,bozo
737,3,",",0,0,_,","
737,3,with,0,0,Accompaniment,with
737,3,Para,0,0,_,Para
737,3,on,0,0,Spatial_contact,on
737,3,his,0,0,_,his
737,3,back,1,0,Body_parts,back
737,3,",",0,0,_,","
737,3,sprints,0,0,Self_motion,sprint
737,3,for,0,0,_,for
738,0,work,0,0,Being_employed,work
738,0,and,0,0,_,and
738,0,then,0,0,Temporal_collocation,then
738,0,sexually,0,0,_,sexually
738,0,assaulted,0,0,Cause_harm,assault
738,0,.,0,0,_,.
738,1,Shocked,1,0,Experiencer_obj,shock
738,1,",",0,0,_,","
738,1,police,0,0,_,police
738,1,in,0,0,Interior_profile_relation,in
738,1,the,0,0,_,the
738,1,sleepy,1,1,_,sleepy
738,1,burg,0,0,_,burg
738,1,sprang,1,0,Self_motion,spring
738,1,into,1,0,_,into
738,1,action,0,0,Intentionally_act,action
738,1,",",0,0,_,","
738,1,searching,0,0,Scrutiny,search
738,1,everywhere,0,0,Locative_relation,everywhere
738,1,for,0,0,_,for
738,1,suspects,0,0,Awareness,suspect
738,1,but,0,0,_,but
738,1,finding,0,0,Becoming_aware,find
738,1,none,0,0,_,none
738,1,",",0,0,_,","
738,1,according,0,0,Attributed_information,accord
738,1,to,0,0,Attributed_information,to
738,1,Scott,0,0,_,Scott
738,1,Doughman,0,0,_,doughman
738,1,",",0,0,_,","
738,1,one,0,0,Cardinal_numbers,one
739,0,Systems,0,0,Gizmo,system
739,0,Supported,0,0,_,support
739,0,by,0,0,_,by
739,0,GPC,0,0,_,GPC
739,0,.,0,0,_,.
739,1,The,0,0,_,the
739,1,Muscular,0,0,_,muscular
739,1,System,0,0,System,system
739,1,.,0,0,_,.
739,2,For,0,0,_,for
739,2,our,0,0,_,our
739,2,muscles,0,0,Body_parts,muscle
739,2,to,0,0,_,to
739,2,spring,1,0,Self_motion,spring
739,2,into,1,0,_,into
739,2,action,1,0,Intentionally_act,action
739,2,they,0,0,_,they
739,2,must,0,0,Required_event,must
739,2,be,0,0,_,be
739,2,stimulated,1,1,Subjective_influence,stimulate
739,2,by,0,0,_,by
739,2,acetylcholine,0,0,_,acetylcholine
739,2,released,0,0,Shoot_projectiles,release
739,2,from,0,0,_,from
739,2,a,0,0,_,a
739,2,nerve,0,0,_,nerve
739,2,ending,0,0,Process_end,end
739,2,.,0,0,_,.
739,3,GPC,0,0,_,GPC
739,3,is,0,0,_,be
739,3,the,0,0,_,the
740,0,Hammer,0,0,_,hammer
740,0,and,0,0,_,and
740,0,Kimberly,0,0,_,Kimberly
740,0,Guilfoyle,0,0,_,Guilfoyle
740,0,Newsom,0,0,_,Newsom
740,0,are,0,0,_,be
740,0,too,0,0,Sufficiency,too
740,0,busy,0,0,_,busy
740,0,pontificating,0,0,Statement,pontificate
740,0,about,1,0,Topic,about
740,0,Scott,0,0,_,Scott
740,0,Peterson,0,0,_,Peterson
740,0,to,0,0,_,to
740,0,spring,1,0,Self_motion,spring
740,0,into,1,0,_,into
740,0,action,0,0,Intentionally_act,action
740,0,.,0,0,_,.
740,0,),0,0,_,)
740,1,#,0,0,_,#
740,1,Even,0,0,_,even
740,1,the,0,0,_,the
740,1,most,0,0,_,most
740,1,responsible,0,0,Social_interaction_evaluation,responsible
740,1,journalists,0,0,_,journalist
740,1,covering,1,0,_,cover
740,1,the,0,0,_,the
740,1,Peterson,0,0,_,Peterson
740,1,trial,0,0,Trial,trial
740,1,offer,0,0,_,offer
740,1,a,0,0,_,a
740,1,summary,0,0,_,summary
741,0,one,0,0,_,one
741,0,saw,0,0,Perception_experience,see
741,0,the,0,0,_,the
741,0,whitewater,0,0,_,whitewater
741,0,ahead,0,0,Locative_relation,ahead
741,0,.,0,0,_,.
741,1,The,0,0,_,the
741,1,Scouts,0,0,_,scout
741,1,had,1,0,Possession,have
741,1,barely,0,0,_,barely
741,1,enough,0,0,Sufficiency,enough
741,1,time,0,0,Measure_duration,time
741,1,to,0,0,_,to
741,1,spring,1,1,Self_motion,spring
741,1,into,1,0,_,into
741,1,action,0,0,Intentionally_act,action
741,1,before,0,0,Time_vector,before
741,1,they,0,0,_,they
741,1,were,0,0,_,be
741,1,shooting,0,0,Cause_motion,shoot
741,1,down,0,0,_,down
741,1,the,0,0,_,the
741,1,most,0,0,_,most
741,1,ferocious,1,1,_,ferocious
741,1,rapids,0,0,Natural_features,rapid
741,1,of,0,0,_,of
741,1,the,0,0,_,the
741,1,trip,0,0,Travel,trip
741,1,.,0,0,_,.
741,2,Canoes,0,0,Locale_by_use,canoe
741,2,dipped,1,1,Change_position_on_a_scale,dip
742,0,do,0,0,_,do
742,0,birds,0,0,_,bird
742,0,sing,0,0,Make_noise,sing
742,0,in,1,0,Temporal_collocation,in
742,0,the,0,0,_,the
742,0,morning,0,0,Calendric_unit,morning
742,0,?,0,0,_,?
742,1,Unlike,0,0,Similarity,unlike
742,1,humans,0,0,People,human
742,1,who,0,0,_,who
742,1,need,0,0,Needing,need
742,1,coffee,0,0,Food,coffee
742,1,to,0,0,_,to
742,1,spring,1,0,Self_motion,spring
742,1,into,1,0,_,into
742,1,action,0,0,Intentionally_act,action
742,1,",",0,0,_,","
742,1,birds,0,0,_,bird
742,1,are,0,0,_,be
742,1,motivated,1,1,Subjective_influence,motivated
742,1,by,0,0,_,by
742,1,sunlight.,0,0,_,sunlight
742,1,``,0,0,_,`
742,2,Some,0,0,Proportional_quantity,some
742,2,species,0,0,Type,specie
742,2,require,0,0,Have_as_requirement,require
742,2,very,0,0,Degree,very
742,2,little,0,0,_,little
742,2,light,0,0,Measurable_attributes,light
742,2,and,0,0,_,and
743,0,a,0,0,_,a
743,0,tiny,0,0,Size,tiny
743,0,country,0,0,Political_locales,country
743,0,",",0,0,_,","
743,0,Monaco,0,0,_,Monaco
743,0,has,1,0,Possession,have
743,0,an,0,0,_,an
743,0,impressive,0,0,Stimulus_focus,impressive
743,0,police,0,0,_,police
743,0,force,1,0,Military,force
743,0,",",0,0,_,","
743,0,who,0,0,_,who
743,0,will,0,0,_,will
743,0,spring,1,0,Self_motion,spring
743,0,into,1,0,_,into
743,0,action,0,0,Intentionally_act,action
743,0,at,1,0,_,at
743,0,the,0,0,_,the
743,0,smallest,0,0,Size,small
743,0,infraction,0,0,Committing_crime,infraction
743,0,.,0,0,_,.
743,1,!,0,0,_,!
743,2,MIDDLETON,0,0,_,MIDDLETON
743,2,:,0,0,_,:
743,2,I,0,0,_,I
743,2,mean,0,0,_,mean
743,2,",",0,0,_,","
743,2,this,1,0,_,this
743,2,is,0,0,_,be
743,2,very,0,0,_,very
744,0,close,1,0,_,close
744,0,to,1,0,_,to
744,0,an,0,0,_,an
744,0,all-out,0,0,_,all
744,0,effort,0,0,Attempt,effort
744,0,.,0,0,_,.
744,1,Otherwise,0,0,_,otherwise
744,1,",",0,0,_,","
744,1,the,0,0,_,the
744,1,highest-threshold,0,0,_,high
744,1,fibers,0,0,_,fiber
744,1,would,0,0,_,would
744,1,never,0,0,Frequency,never
744,1,spring,1,0,Self_motion,spring
744,1,into,1,0,_,into
744,1,action,1,0,Intentionally_act,action
744,1,.,0,0,_,.
744,2,Moreover,0,0,_,moreover
744,2,",",0,0,_,","
744,2,the,0,0,_,the
744,2,smaller,0,0,Size,small
744,2,fibers,0,0,_,fiber
744,2,do,0,0,_,do
744,2,n't,0,0,_,not
744,2,need,0,0,Needing,need
744,2,any,0,0,Quantified_mass,any
744,2,special,0,0,_,special
744,2,high-repetition,0,0,_,high
744,2,program,0,0,Project,program
744,2,of,0,0,_,of
744,2,their,0,0,_,their
745,0,other,0,0,Increment,other
745,0,athletes,0,0,People_by_vocation,athlete
745,0,during,0,0,_,during
745,0,their,0,0,_,their
745,0,competition,0,0,Competition,competition
745,0,.,0,0,_,.
745,1,Out,0,0,_,out
745,1,of,0,0,_,of
745,1,sight,0,0,Range,sight
745,1,",",0,0,_,","
745,1,but,0,0,Concessive,but
745,1,ready,0,0,Activity_ready_state,ready
745,1,to,0,0,_,to
745,1,spring,1,1,Self_motion,spring
745,1,into,1,0,_,into
745,1,action,0,0,Intentionally_act,action
745,1,...,0,0,_,...
745,1,UNIDENTIFIED-MALE,0,0,_,unidentified
745,1,:,0,0,_,:
745,1,Check,0,0,Inspecting,check
745,1,your,0,0,_,your
745,1,ammo,0,0,Ammunition,ammo
745,1,.,0,0,_,.
745,2,ROBERTS,0,0,_,ROBERTS
745,2,:,0,0,_,:
745,2,...,0,0,_,...
745,2,is,0,0,_,be
745,2,an,0,0,_,an
745,2,elite,0,0,_,elite
745,2,FBI,0,0,_,FBI
745,2,SWAT,0,0,_,SWAT
745,2,team,0,0,Aggregate,team
746,0,That,1,0,_,that
746,0,'s,0,0,_,be
746,0,due,0,0,_,due
746,0,at,1,0,Temporal_collocation,at
746,0,the,0,0,_,the
746,0,end,1,0,Temporal_subregion,end
746,0,of,0,0,_,of
746,0,next,0,0,_,next
746,0,month,0,0,Calendric_unit,month
746,0,.,0,0,_,.
746,1,So,0,0,_,so
746,1,they,0,0,_,they
746,1,have,0,0,_,have
746,1,sprung,1,1,_,spring
746,1,into,1,0,_,into
746,1,action,0,0,Intentionally_act,action
746,1,very,0,0,Degree,very
746,1,quickly,0,0,Speed_description,quickly
746,1,.,0,0,_,.
746,2,They,0,0,_,they
746,2,held,1,0,_,hold
746,2,a,0,0,_,a
746,2,Cabinet,0,0,_,Cabinet
746,2,meeting,0,0,Discussion,meet
746,2,yesterday,0,0,Calendric_unit,yesterday
746,2,",",0,0,_,","
746,2,and,0,0,_,and
746,2,they,0,0,_,they
746,2,'re,0,0,_,be
746,2,going,0,0,Motion,go
746,2,to,0,0,_,to
747,0,",",0,0,_,","
747,0,they,0,0,_,they
747,0,ca,0,0,Possibility,can
747,0,n't,0,0,_,not
747,0,get,1,0,Getting,get
747,0,insurance,0,0,_,insurance
747,0,for,0,0,_,for
747,0,the,0,0,_,the
747,0,businesses,0,0,Businesses,business
747,0,.,0,0,_,.
747,1,So,0,0,_,so
747,1,they,0,0,_,they
747,1,have,0,0,_,have
747,1,sprung,1,1,_,spring
747,1,into,1,0,_,into
747,1,action,0,0,Intentionally_act,action
747,1,quite,0,0,_,quite
747,1,quickly,0,0,Speed_description,quickly
747,1,.,0,0,_,.
747,2,In,0,0,Domain,in
747,2,terms,0,0,Domain,term
747,2,of,0,0,_,of
747,2,emergency,0,0,_,emergency
747,2,supports,1,1,Taking_sides,support
747,2,",",0,0,_,","
747,2,Austria,0,0,_,Austria
747,2,",",0,0,_,","
747,2,Bulgaria,0,0,_,Bulgaria
747,2,",",0,0,_,","
747,2,Romania,0,0,_,Romania
747,2,",",0,0,_,","
748,0,settled,1,1,_,settle
748,0,into,1,0,_,into
748,0,a,0,0,_,a
748,0,rhythm,0,0,Temporal_pattern,rhythm
748,0,that,0,0,_,that
748,0,matched,1,0,Evaluative_comparison,match
748,0,the,0,0,_,the
748,0,flow,1,0,Fluidic_motion,flow
748,0,of,0,0,_,of
748,0,the,0,0,_,the
748,0,river,0,0,Natural_features,river
748,0,:,0,0,_,:
748,0,They,0,0,_,they
748,0,sprang,1,1,Self_motion,spring
748,0,into,1,0,_,into
748,0,action,0,0,Intentionally_act,action
748,0,and,0,0,_,and
748,0,paddled,0,0,Self_motion,paddle
748,0,furiously,0,0,_,furiously
748,0,through,0,0,_,through
748,0,its,0,0,_,its
748,0,rapids,0,0,Natural_features,rapid
748,0,",",0,0,_,","
748,0,then,0,0,_,then
748,0,kicked,0,0,Moving_in_place,kick
748,0,back,0,0,_,back
748,0,and,0,0,_,and
748,0,``,0,0,_,`
748,0,chilled,0,0,_,chill
748,0,``,0,0,_,`
748,0,through,0,0,_,through
749,0,residents,0,0,Residence,resident
749,0,",",0,0,_,","
749,0,as,0,0,_,as
749,0,well,0,0,_,well
749,0,as,0,0,_,as
749,0,state,0,0,Political_locales,state
749,0,and,0,0,_,and
749,0,federal,0,0,Political_locales,federal
749,0,wildlife,0,0,_,wildlife
749,0,agency,0,0,Organization,agency
749,0,representatives,0,0,Leadership,representative
749,0,",",0,0,_,","
749,0,will,0,0,_,will
749,0,spring,1,1,Self_motion,spring
749,0,into,1,0,_,into
749,0,action,0,0,Intentionally_act,action
749,0,.,0,0,_,.
749,1,Some,0,0,Proportional_quantity,some
749,1,members,1,0,Membership,member
749,1,",",0,0,_,","
749,1,such,0,0,_,such
749,1,as,0,0,_,as
749,1,the,0,0,_,the
749,1,Center,0,0,Locale_by_use,center
749,1,for,0,0,_,for
749,1,Biological,0,0,_,biological
749,1,Diversity,0,0,_,diversity
749,1,",",0,0,_,","
749,1,want,0,0,Desiring,want
749,1,an,0,0,_,an
749,1,aggressive,1,1,_,aggressive
750,0,.,0,0,_,.
750,1,His,0,0,_,his
750,1,aunt,0,0,Kinship,aunt
750,1,",",0,0,_,","
750,1,a,0,0,_,a
750,1,former,0,0,Time_vector,former
750,1,Army,0,0,Military,army
750,1,nurse,0,0,Medical_professionals,nurse
750,1,",",0,0,_,","
750,1,let,0,0,Make_noise,let
750,1,out,0,0,Make_noise,out
750,1,a,0,0,_,a
750,1,scream-then,0,0,Make_noise,scream
750,1,sprang,1,1,Self_motion,spring
750,1,into,1,0,_,into
750,1,action,0,0,Intentionally_act,action
750,1,.,0,0,_,.
750,2,She,0,0,_,she
750,2,bundled,0,0,Cause_motion,bundle
750,2,him,0,0,_,he
750,2,back,0,0,_,back
750,2,into,0,0,_,into
750,2,the,0,0,_,the
750,2,car,0,0,Vehicle,car
750,2,and,0,0,_,and
750,2,sped,0,0,Self_motion,speed
750,2,off,0,0,_,off
750,2,to,0,0,_,to
750,2,a,0,0,_,a
750,2,local,0,0,Political_locales,local
750,2,clinic,0,0,Locale_by_use,clinic
751,0,only,0,0,_,only
751,0,does,0,0,_,do
751,0,your,0,0,_,your
751,0,breathing,0,0,Breathing,breathe
751,0,improve,0,0,Cause_to_make_progress,improve
751,0,",",0,0,_,","
751,0,but,0,0,Concessive,but
751,0,stress,1,1,_,stress
751,0,hormones,0,0,_,hormone
751,0,drop,1,0,Change_position_on_a_scale,drop
751,0,and,0,0,_,and
751,0,immune,0,0,_,immune
751,0,cells,0,0,_,cell
751,0,spring,1,0,Self_motion,spring
751,0,into,1,0,_,into
751,0,action,1,0,Intentionally_act,action
751,0,when,0,0,Temporal_collocation,when
751,0,you,0,0,_,you
751,0,giggle,0,0,Make_noise,giggle
751,0,.,0,0,_,.
751,1,By,0,0,Means,by
751,1,laughing,0,0,Make_noise,laugh
751,1,",",0,0,_,","
751,1,your,0,0,_,your
751,1,whole,1,0,Ranked_expectation,whole
751,1,outlook,1,1,_,outlook
751,1,on,1,0,_,on
751,1,life,0,0,_,life
751,1,can,0,0,Possibility,can
751,1,shift,1,0,Change_position_on_a_scale,shift
751,1,to,1,0,_,to
752,0,a,0,0,_,a
752,0,foggy,0,0,Weather,foggy
752,0,bend,1,1,Natural_features,bend
752,0,on,0,0,Spatial_contact,on
752,0,I-75,0,0,_,I-75
752,0,into,1,0,_,into
752,0,a,0,0,_,a
752,0,nightmare,1,1,_,nightmare
752,0,of,0,0,_,of
752,0,colliding,0,0,Hostile_encounter,collide
752,0,traffic,0,0,_,traffic
752,0,",",0,0,_,","
752,0,they,0,0,_,they
752,0,sprang,1,1,Self_motion,spring
752,0,into,1,0,_,into
752,0,action,0,0,Intentionally_act,action
752,0,.,0,0,_,.
752,1,#,0,0,_,#
752,1,They,0,0,_,they
752,1,are,0,0,_,be
752,1,still,0,0,Continued_state_of_affairs,still
752,1,there,1,0,Locative_relation,there
752,1,for,0,0,_,for
752,1,him,0,0,_,he
752,1,",",0,0,_,","
752,1,as,0,0,_,as
752,1,the,0,0,_,the
752,1,slight,0,0,_,slight
752,1,",",0,0,_,","
752,1,sandy-haired,0,0,_,sandy
752,1,man,0,0,People,man
753,0,#,0,0,_,#
753,0,With,1,0,_,with
753,0,14,0,0,Cardinal_numbers,14
753,0,minutes,0,0,Measure_duration,minute
753,0,left,1,0,_,leave
753,0,in,1,0,_,in
753,0,the,0,0,_,the
753,0,UNC,0,0,_,UNC
753,0,game,0,0,_,game
753,0,",",0,0,_,","
753,0,Mike,0,0,_,Mike
753,0,Jr.,0,0,_,Jr.
753,0,sprang,1,1,Self_motion,spring
753,0,into,1,0,_,into
753,0,action,0,0,Intentionally_act,action
753,0,on,0,0,Spatial_contact,on
753,0,the,0,0,_,the
753,0,wing,0,0,Part_orientational,wing
753,0,.,0,0,_,.
753,1,He,0,0,_,he
753,1,stole,0,0,Theft,steal
753,1,the,0,0,_,the
753,1,ball,0,0,_,ball
753,1,and,0,0,_,and
753,1,dribbled,0,0,Self_motion,dribble
753,1,downcourt,0,0,Locative_relation,downcourt
753,1,.,0,0,_,.
753,2,He,0,0,_,he
753,2,passed,0,0,Death,pass
753,2,to,0,0,_,to
754,0,or,0,0,_,or
754,0,easily,0,0,_,easily
754,0,.,0,0,_,.
754,1,#,0,0,_,#
754,1,In,1,0,Temporal_collocation,in
754,1,the,0,0,_,the
754,1,weeks,0,0,Calendric_unit,week
754,1,immediately,0,0,_,immediately
754,1,following,1,0,Relative_time,follow
754,1,the,0,0,_,the
754,1,fire,0,0,Fire_burning,fire
754,1,",",0,0,_,","
754,1,she,0,0,_,she
754,1,sprang,1,1,Self_motion,spring
754,1,into,1,0,_,into
754,1,action,0,0,Intentionally_act,action
754,1,",",0,0,_,","
754,1,adding,1,0,_,add
754,1,another,0,0,Increment,another
754,1,bull,0,0,_,bull
754,1,",",0,0,_,","
754,1,branding,0,0,Name_conferral,branding
754,1,the,0,0,_,the
754,1,new,0,0,Age,new
754,1,calves,0,0,People_by_age,calf
754,1,with,0,0,_,with
754,1,the,0,0,_,the
754,1,ranch,0,0,Locale_by_use,ranch
754,1,'s,0,0,_,be
754,1,time-honored,0,0,_,time
754,1,quarter-circle,0,0,_,quarter
755,0,first,0,0,Ordinal_numbers,first
755,0,.,0,0,_,.
755,1,I,0,0,_,I
755,1,was,0,0,_,be
755,1,so,0,0,Degree,so
755,1,alarmed,0,0,Emotion_directed,alarmed
755,1,that,0,0,_,that
755,1,I,0,0,_,I
755,1,realized,0,0,Coming_to_believe,realize
755,1,that,0,0,_,that
755,1,we,0,0,_,we
755,1,had,0,0,Required_event,have
755,1,to,0,0,Required_event,to
755,1,spring,1,1,Self_motion,spring
755,1,into,1,0,_,into
755,1,action,0,0,Intentionally_act,action
755,1,to,0,0,_,to
755,1,make,1,0,Verification,make
755,1,sure,0,0,Verification,sure
755,1,that,0,0,_,that
755,1,we,0,0,_,we
755,1,did,0,0,Intentionally_act,do
755,1,everything,0,0,_,everything
755,1,we,0,0,_,we
755,1,could,0,0,Possibility,could
755,1,to,0,0,_,to
755,1,prevent,0,0,Preventing_or_letting,prevent
755,1,this,1,0,_,this
755,1,from,1,0,_,from
755,1,happening,0,0,Event,happen
755,1,.,0,0,_,.
756,0,Although,0,0,Concessive,although
756,0,I,0,0,_,I
756,0,could,0,0,Capability,could
756,0,not,0,0,_,not
756,0,move,0,0,Motion,move
756,0,quickly,0,0,Speed_description,quickly
756,0,without,1,0,_,without
756,0,risking,0,0,Daring,risk
756,0,permanent,0,0,_,permanent
756,0,paralysis,0,0,_,paralysis
756,0,",",0,0,_,","
756,0,Vickie,0,0,_,Vickie
756,0,immediately,0,0,_,immediately
756,0,sprang,1,1,Self_motion,spring
756,0,into,1,0,_,into
756,0,action,0,0,Intentionally_act,action
756,0,.,0,0,_,.
756,1,Transcending,1,1,_,transcend
756,1,her,0,0,_,she
756,1,spheroid,0,0,_,spheroid
756,1,body,0,0,Body_parts,body
756,1,",",0,0,_,","
756,1,she,0,0,_,she
756,1,charged,1,1,Self_motion,charge
756,1,into,0,0,Goal,into
756,1,the,0,0,_,the
756,1,burning,0,0,Fire_burning,burn
756,1,stables,0,0,Locale_by_use,stable
756,1,and,0,0,_,and
756,1,set,0,0,Placing,set
756,1,the,0,0,_,the
757,0,coming,1,0,Arriving,come
757,0,from,0,0,_,from
757,0,the,0,0,_,the
757,0,direction,0,0,_,direction
757,0,of,0,0,_,of
757,0,Draco,0,0,_,Draco
757,0,'s,0,0,_,be
757,0,head,0,0,Body_parts,head
757,0,.,0,0,_,.
757,1,Observatories,0,0,_,observatory
757,1,around,0,0,Locative_relation,around
757,1,the,0,0,_,the
757,1,world,0,0,Political_locales,world
757,1,sprang,1,1,_,spring
757,1,into,1,0,_,into
757,1,action,0,0,Intentionally_act,action
757,1,to,0,0,_,to
757,1,search,0,0,Scrutiny,search
757,1,for,0,0,_,for
757,1,any,0,0,Quantified_mass,any
757,1,optical,0,0,_,optical
757,1,afterglow,0,0,_,afterglow
757,1,left,1,0,_,leave
757,1,by,0,0,_,by
757,1,the,0,0,_,the
757,1,burst,0,0,_,burst
757,1,",",0,0,_,","
757,1,which,0,0,_,which
757,1,was,0,0,_,be
757,1,designated,0,0,Referring_by_name,designate
757,1,GRB,0,0,_,GRB
758,0,the,0,0,_,the
758,0,court,0,0,Judicial_body,court
758,0,'s,0,0,_,be
758,0,approval,0,0,Deny_or_grant_permission,approval
758,0,.,0,0,_,.
758,1,But,0,0,Concessive,but
758,1,by,1,0,_,by
758,1,then,0,0,_,then
758,1,",",0,0,_,","
758,1,the,0,0,_,the
758,1,right-to-life,0,0,_,right
758,1,movement,1,1,_,movement
758,1,had,0,0,_,have
758,1,sprung,1,1,Coming_to_be,spring
758,1,into,1,0,_,into
758,1,action,1,0,Intentionally_act,action
758,1,.,0,0,_,.
758,2,Mike,0,0,_,Mike
758,2,Johnson,0,0,_,Johnson
758,2,",",0,0,_,","
758,2,the,0,0,_,the
758,2,Baton,0,0,_,Baton
758,2,Rouge,0,0,_,Rouge
758,2,lawyer,0,0,People_by_vocation,lawyer
758,2,",",0,0,_,","
758,2,approached,0,0,Arriving,approach
758,2,state,0,0,Political_locales,state
758,2,Rep.,0,0,_,Rep.
758,2,Tony,0,0,_,Tony
758,2,Perkins,0,0,_,Perkins
758,2,",",0,0,_,","
759,0,.,0,0,_,.
759,1,#,0,0,_,#
759,1,But,0,0,Concessive,but
759,1,the,0,0,_,the
759,1,seriousness,0,0,Importance,seriousness
759,1,of,0,0,_,of
759,1,her,0,0,_,she
759,1,sister,0,0,Kinship,sister
759,1,'s,0,0,_,be
759,1,condition,0,0,Medical_conditions,condition
759,1,prompted,0,0,Cause_to_start,prompt
759,1,Battaglino,0,0,_,Battaglino
759,1,to,0,0,_,to
759,1,spring,1,0,Self_motion,spring
759,1,into,1,0,_,into
759,1,action,0,0,Intentionally_act,action
759,1,",",0,0,_,","
759,1,researching,0,0,Research,research
759,1,the,0,0,_,the
759,1,illness,0,0,Medical_conditions,illness
759,1,and,0,0,_,and
759,1,coming,0,0,Cause_to_make_progress,come
759,1,up,0,0,Intentionally_create,up
759,1,with,0,0,_,with
759,1,lists,0,0,Text,list
759,1,of,0,0,_,of
759,1,pertinent,0,0,Importance,pertinent
759,1,questions,0,0,Questioning,question
759,1,",",0,0,_,","
759,1,top,1,0,Occupy_rank,top
759,1,cancer,0,0,Medical_conditions,cancer
760,0,!,0,0,_,!
760,0,``,0,0,_,`
760,1,#,0,0,_,#
760,1,``,0,0,_,`
760,1,Right,0,0,Correctness,right
760,1,",",0,0,_,","
760,1,Boss,0,0,_,boss
760,1,",",0,0,_,","
760,1,``,0,0,_,`
760,1,Sammy,0,0,_,Sammy
760,1,said,0,0,Statement,say
760,1,as,0,0,_,as
760,1,he,0,0,_,he
760,1,sprang,1,1,Self_motion,spring
760,1,into,1,0,_,into
760,1,action,0,0,Intentionally_act,action
760,1,.,0,0,_,.
760,2,Within,1,0,_,within
760,2,minutes,0,0,Measure_duration,minute
760,2,",",0,0,_,","
760,2,the,0,0,_,the
760,2,whining,0,0,Make_noise,whine
760,2,engines,0,0,Artifact,engine
760,2,once,0,0,_,once
760,2,again,0,0,_,again
760,2,pulled,1,0,Cause_motion,pull
760,2,the,0,0,_,the
760,2,C-5,0,0,_,C-5
760,2,skyward,0,0,_,skyward
760,2,into,0,0,_,into
760,2,the,0,0,_,the
761,0,go,0,0,Motion,go
761,0,out,0,0,_,out
761,0,!,0,0,_,!
761,1,This,0,0,_,this
761,1,is,0,0,_,be
761,1,disaster,0,0,Catastrophe,disaster
761,1,!,0,0,_,!
761,2,#,0,0,_,#
761,2,CHUCK,0,0,_,CHUCK
761,2,#,0,0,_,#
761,2,Shit,0,0,_,shit
761,2,!,0,0,_,!
761,3,He,0,0,_,he
761,3,springs,1,1,Self_motion,spring
761,3,into,1,0,_,into
761,3,action,0,0,Intentionally_act,action
761,3,.,0,0,_,.
761,4,Chuck,0,0,_,Chuck
761,4,grabs,0,0,_,grab
761,4,an,0,0,_,an
761,4,empty,0,0,Fullness,empty
761,4,FedEx,0,0,_,FedEx
761,4,box,0,0,Containers,box
761,4,.,0,0,_,.
761,5,With,0,0,_,with
761,5,his,0,0,_,his
761,5,wooden,0,0,_,wooden
761,5,shovel,0,0,_,shovel
761,5,he,0,0,_,he
761,5,frantically,0,0,_,frantically
761,5,SCOOPS,0,0,_,scoop
762,0,run,0,0,Self_motion,run
762,0,again,0,0,_,again
762,0,.,0,0,_,.
762,1,#,0,0,_,#
762,1,U.S,0,0,_,U.S
762,1,.,0,0,_,.
762,2,Term,0,0,_,term
762,2,Limits,0,0,_,limit
762,2,",",0,0,_,","
762,2,a,0,0,_,a
762,2,national,0,0,Political_locales,national
762,2,advocacy,0,0,_,advocacy
762,2,group,0,0,Aggregate,group
762,2,",",0,0,_,","
762,2,sprung,1,0,Self_motion,spring
762,2,into,1,0,_,into
762,2,action,0,0,Intentionally_act,action
762,2,",",0,0,_,","
762,2,taking,1,0,Removing,take
762,2,out,0,0,_,out
762,2,a,0,0,_,a
762,2,billboard,0,0,_,billboard
762,2,in,0,0,Interior_profile_relation,in
762,2,Spokane,0,0,_,spokane
762,2,pre-emptively,0,0,_,pre
762,2,``,0,0,_,`
762,2,thanking,0,0,Judgment_direct_address,thank
762,2,``,0,0,_,`
762,2,Nethercutt,0,0,_,Nethercutt
762,2,for,0,0,_,for
762,2,sticking,1,1,_,stick
762,2,to,1,0,_,to
763,0,for,0,0,_,for
763,0,the,0,0,_,the
763,0,public,0,0,_,public
763,0,or,0,0,_,or
763,0,press,0,0,_,press
763,0,.,0,0,_,.
763,1,The,0,0,_,the
763,1,GOP,0,0,_,GOP
763,1,'s,0,0,_,be
763,1,well-organized,0,0,_,well
763,1,``,0,0,_,`
763,1,observers,0,0,Perception_active,observer
763,1,``,0,0,_,`
763,1,sprang,1,0,Motion,spring
763,1,into,1,0,_,into
763,1,action,0,0,Intentionally_act,action
763,1,.,0,0,_,.
763,2,A,0,0,_,a
763,2,congressional,0,0,_,congressional
763,2,aide,0,0,People_by_vocation,aide
763,2,",",0,0,_,","
763,2,Martin,0,0,_,Martin
763,2,Torrey,0,0,_,Torrey
763,2,",",0,0,_,","
763,2,alerted,0,0,Telling,alert
763,2,his,0,0,_,his
763,2,boss,0,0,Leadership,boss
763,2,",",0,0,_,","
763,2,New,0,0,_,new
763,2,York,0,0,_,york
763,2,Rep,0,0,_,rep
763,2,.,0,0,_,.
764,0,and,0,0,_,and
764,0,balding,0,0,_,bald
764,0,",",0,0,_,","
764,0,a,0,0,_,a
764,0,cell,0,0,_,cell
764,0,phone,0,0,_,phone
764,0,dangling,0,0,Fluidic_motion,dangle
764,0,from,0,0,_,from
764,0,his,0,0,_,his
764,0,belt,0,0,_,belt
764,0,",",0,0,_,","
764,0,waiting,1,0,Waiting,wait
764,0,to,0,0,_,to
764,0,spring,1,1,Self_motion,spring
764,0,into,1,0,_,into
764,0,action,0,0,Intentionally_act,action
764,0,as,0,0,_,as
764,0,a,0,0,_,a
764,0,live-action,0,0,_,live
764,0,prop,1,1,_,prop
764,0,.,0,0,_,.
764,1,#,0,0,_,#
764,1,``,0,0,_,`
764,1,I,0,0,_,I
764,1,'ve,0,0,_,'
764,1,sat,0,0,Posture,sit
764,1,through,0,0,_,through
764,1,it,0,0,_,it
764,1,jillions,0,0,Quantified_mass,jillion
764,1,of,0,0,_,of
764,1,times,0,0,Event_instance,time
765,0,of,0,0,_,of
765,0,the,0,0,_,the
765,0,sigidi,0,0,_,sigidi
765,0,figures,0,0,_,figure
765,0,was,0,0,_,be
765,0,a,0,0,_,a
765,0,potent,0,0,_,potent
765,0,visual,0,0,_,visual
765,0,reminder,0,0,Evoking,reminder
765,0,that,0,0,_,that
765,0,the,0,0,_,the
765,0,ilari,0,0,_,ilari
765,0,could,0,0,Capability,could
765,0,spring,1,1,Self_motion,spring
765,0,into,1,0,_,into
765,0,action,0,0,Intentionally_act,action
765,0,and,0,0,_,and
765,0,protect,0,0,Protecting,protect
765,0,the,0,0,_,the
765,0,king,0,0,Leadership,king
765,0,at,1,0,Temporal_collocation,at
765,0,any,0,0,_,any
765,0,time,0,0,_,time
765,0,.,0,0,_,.
765,1,The,0,0,_,the
765,1,openly,0,0,_,openly
765,1,exhibited,0,0,_,exhibit
765,1,sigidi,0,0,_,sigidi
765,1,were,0,0,_,be
765,1,perceived,0,0,Categorization,perceive
765,1,as,0,0,_,as
766,0,:,0,0,_,:
766,0,(,0,0,_,(
766,0,Voiceover,0,0,_,voiceover
766,0,),0,0,_,)
766,0,Incredibly,0,0,_,incredibly
766,0,",",0,0,_,","
766,0,Rob,0,0,_,Rob
766,0,says,0,0,Statement,say
766,0,he,0,0,_,he
766,0,found,1,0,Locating,find
766,0,no,0,0,Quantified_mass,no
766,0,tough,1,1,Difficulty,tough
766,0,investigators,0,0,Scrutiny,investigator
766,0,ready,1,0,Activity_ready_state,ready
766,0,to,0,0,_,to
766,0,spring,1,1,Self_motion,spring
766,0,into,1,0,_,into
766,0,action,0,0,Intentionally_act,action
766,0,.,0,0,_,.
766,1,It,0,0,_,it
766,1,was,0,0,_,be
766,1,all,0,0,_,all
766,1,just,0,0,_,just
766,1,mushy,1,1,_,mushy
766,1,confusion,0,0,_,confusion
766,1,.,0,0,_,.
766,2,Rob,0,0,_,Rob
766,2,could,0,0,Capability,could
766,2,n't,0,0,_,not
766,2,get,1,0,Getting,get
766,2,anyone,0,0,_,anyone
766,2,to,0,0,_,to
766,2,listen,0,0,Perception_active,listen
767,0,waited,0,0,Waiting,wait
767,0,until,0,0,_,until
767,0,an,0,0,_,an
767,0,overnight,0,0,Calendric_unit,overnight
767,0,business,0,0,Businesses,business
767,0,trip,0,0,Travel,trip
767,0,came,1,0,Arriving,come
767,0,along,1,0,_,along
767,0,(,0,0,_,(
767,0,his,0,0,_,his
767,0,),0,0,_,)
767,0,",",0,0,_,","
767,0,then,0,0,Temporal_collocation,then
767,0,sprang,1,1,Self_motion,spring
767,0,into,1,0,_,into
767,0,action.,0,0,Intentionally_act,action
767,0,``,0,0,_,`
767,1,Let,0,0,_,let
767,1,'s,0,0,_,be
767,1,try,0,0,Attempt_means,try
767,1,this,0,0,_,this
767,1,",",0,0,_,","
767,1,``,0,0,_,`
767,1,I,0,0,_,I
767,1,coaxed,1,1,Cause_motion,coax
767,1,into,1,0,_,into
767,1,the,0,0,_,the
767,1,phone,0,0,_,phone
767,1,",",0,0,_,","
767,1,praying,0,0,Rite,pray
768,0,its,0,0,_,its
768,0,pre-programmed,0,0,_,pre
768,0,orders,1,1,Request,order
768,0,",",0,0,_,","
768,0,the,0,0,_,the
768,0,software,0,0,_,software
768,0,e-mailed,0,0,Text_creation,e
768,0,the,0,0,_,the
768,0,news,0,0,_,news
768,0,to,0,0,Goal,to
768,0,Cline,0,0,_,Cline
768,0,",",0,0,_,","
768,0,who,0,0,_,who
768,0,sprang,1,1,Self_motion,spring
768,0,into,1,0,_,into
768,0,action,0,0,Intentionally_act,action
768,0,.,0,0,_,.
768,1,He,0,0,_,he
768,1,e-mailed,0,0,Text_creation,e
768,1,and,0,0,_,and
768,1,telephoned,0,0,Contacting,telephone
768,1,astronomers,0,0,People_by_vocation,astronomer
768,1,who,0,0,_,who
768,1,operate,0,0,Operating_a_system,operate
768,1,other,0,0,Increment,other
768,1,x-ray,0,0,_,x
768,1,satellites,0,0,_,satellite
768,1,",",0,0,_,","
768,1,who,0,0,_,who
768,1,in,1,0,_,in
768,1,turn,1,0,_,turn
769,0,about,1,0,Topic,about
769,0,the,0,0,_,the
769,0,emotional,0,0,_,emotional
769,0,damage,1,0,Damaging,damage
769,0,inflicted,0,0,_,inflict
769,0,on,1,0,_,on
769,0,pageant,0,0,_,pageant
769,0,kids,0,0,Kinship,kid
769,0,",",0,0,_,","
769,0,Faye,0,0,_,Faye
769,0,and,0,0,_,and
769,0,other,0,0,Increment,other
769,0,mothers,0,0,Kinship,mother
769,0,sprang,1,1,Self_motion,spring
769,0,into,1,0,_,into
769,0,action.,0,0,Intentionally_act,action
769,0,``,0,0,_,`
769,1,We,0,0,_,we
769,1,called,0,0,Referring_by_name,call
769,1,psychological,0,0,_,psychological
769,1,institutes,0,0,Locale_by_use,institute
769,1,around,0,0,Locative_relation,around
769,1,the,0,0,_,the
769,1,country,0,0,Political_locales,country
769,1,",",0,0,_,","
769,1,``,0,0,_,`
769,1,she,0,0,_,she
769,1,says,0,0,Statement,say
769,1,",",0,0,_,","
769,1,``,0,0,_,`
770,0,at,1,0,Temporal_collocation,at
770,0,5:30,0,0,_,5:30
770,0,Sunday,0,0,Calendric_unit,Sunday
770,0,afternoon,0,0,Calendric_unit,afternoon
770,0,.,0,0,_,.
770,1,The,0,0,_,the
770,1,assignments,0,0,_,assignment
770,1,were,0,0,_,be
770,1,due,0,0,_,due
770,1,the,0,0,_,the
770,1,following,1,0,Relative_time,follow
770,1,day,0,0,Calendric_unit,day
770,1,.,0,0,_,.
770,2,Springing,1,1,Self_motion,spring
770,2,into,1,0,_,into
770,2,action,0,0,Intentionally_act,action
770,2,",",0,0,_,","
770,2,my,0,0,_,my
770,2,husband,0,0,Personal_relationship,husband
770,2,proclaimed,0,0,Statement,proclaim
770,2,we,0,0,_,we
770,2,'d,0,0,_,would
770,2,make,0,0,Intentionally_create,make
770,2,a,0,0,_,a
770,2,papier-mche,0,0,_,papier
770,2,star,1,1,_,star
770,2,!,0,0,_,!
770,2,``,0,0,_,`
770,3,Huh,0,0,_,huh
770,3,?,0,0,_,?
770,3,``,0,0,_,`
771,0,him,0,0,_,he
771,0,what,0,0,_,what
771,0,I,0,0,_,I
771,0,knew,0,0,Awareness,know
771,0,about,1,0,Topic,about
771,0,the,0,0,_,the
771,0,theft,0,0,Theft,theft
771,0,.,0,0,_,.
771,1,With,1,0,_,with
771,1,that,1,0,_,that
771,1,",",0,0,_,","
771,1,the,0,0,_,the
771,1,authorities,0,0,Leadership,authority
771,1,sprang,1,1,Self_motion,spring
771,1,into,1,0,_,into
771,1,action,0,0,Intentionally_act,action
771,1,.,0,0,_,.
771,2,The,0,0,_,the
771,2,next,1,0,Relative_time,next
771,2,thing,1,0,_,thing
771,2,I,0,0,_,I
771,2,learned,0,0,Coming_to_believe,learn
771,2,was,0,0,_,be
771,2,that,0,0,_,that
771,2,a,0,0,_,a
771,2,lawyer,0,0,People_by_vocation,lawyer
771,2,had,0,0,_,have
771,2,walked,0,0,Self_motion,walk
771,2,into,0,0,_,into
771,2,the,0,0,_,the
771,2,Polish,0,0,_,polish
772,0,There,0,0,Existence,there
772,0,was,0,0,Existence,be
772,0,another,0,0,Increment,another
772,0,vacuumcleaner,0,0,_,vacuumcleaner
772,0,invention,0,0,Artifact,invention
772,0,inside,0,0,Interior_profile_relation,inside
772,0,.,0,0,_,.
772,1,He,0,0,_,he
772,1,pushed,0,0,Manipulation,push
772,1,the,0,0,_,the
772,1,buttons,0,0,_,button
772,1,.,0,0,_,.
772,2,It,0,0,_,it
772,2,sprang,1,1,Self_motion,spring
772,2,into,1,0,_,into
772,2,action,1,0,Intentionally_act,action
772,2,like,0,0,Similarity,like
772,2,before,1,0,Time_vector,before
772,2,",",0,0,_,","
772,2,but,0,0,Concessive,but
772,2,this,1,0,_,this
772,2,time,0,0,Event_instance,time
772,2,it,0,0,_,it
772,2,did,0,0,_,do
772,2,n't,0,0,_,not
772,2,break,1,0,_,break
772,2,.,0,0,_,.
772,3,It,0,0,_,it
772,3,vacuumed,0,0,_,vacuum
772,3,up,0,0,_,up
772,3,the,0,0,_,the
773,0,held,1,0,_,hold
773,0,March,0,0,Calendric_unit,March
773,0,17,0,0,_,17
773,0,",",0,0,_,","
773,0,pro-abortion-rights,0,0,Taking_sides,pro
773,0,GOP,0,0,_,GOP
773,0,activists,0,0,_,activist
773,0,predict,0,0,Expectation,predict
773,0,the,0,0,_,the
773,0,Republican,0,0,_,republican
773,0,old,0,0,Age,old
773,0,guard,1,1,_,guard
773,0,will,0,0,_,will
773,0,spring,1,0,Self_motion,spring
773,0,into,1,0,_,into
773,0,action,0,0,Intentionally_act,action
773,0,to,0,0,_,to
773,0,try,0,0,Attempt,try
773,0,to,0,0,_,to
773,0,prevent,0,0,Preventing_or_letting,prevent
773,0,the,0,0,_,the
773,0,pattern,1,1,Pattern,pattern
773,0,from,1,0,_,from
773,0,repeating,0,0,Process_continue,repeat
773,0,throughout,1,0,_,throughout
773,0,the,0,0,_,the
773,0,primaries.,0,0,_,primary
773,0,``,0,0,_,`
773,1,He,0,0,_,he
773,1,'s,0,0,_,be
774,0,.,0,0,_,.
774,1,#,0,0,_,#
774,1,When,0,0,Temporal_collocation,when
774,1,her,0,0,_,she
774,1,aunt,0,0,Kinship,aunt
774,1,took,1,0,_,take
774,1,breaks,1,0,_,break
774,1,from,1,0,_,from
774,1,her,0,0,_,she
774,1,work,0,0,Being_employed,work
774,1,",",0,0,_,","
774,1,Medina,0,0,_,Medina
774,1,would,0,0,_,would
774,1,spring,1,0,Self_motion,spring
774,1,into,1,0,_,into
774,1,action,0,0,Intentionally_act,action
774,1,.,0,0,_,.
774,2,She,0,0,_,she
774,2,'d,0,0,_,would
774,2,undo,0,0,Cause_to_end,undo
774,2,what,0,0,_,what
774,2,her,0,0,_,she
774,2,aunt,0,0,Kinship,aunt
774,2,had,0,0,_,have
774,2,done,0,0,Intentionally_act,do
774,2,and,0,0,_,and
774,2,then,0,0,_,then
774,2,weave,0,0,Building,weave
774,2,it,0,0,_,it
774,2,again,0,0,_,again
774,2,.,0,0,_,.
775,0,the,0,0,_,the
775,0,depth,1,1,_,depth
775,0,of,0,0,_,of
775,0,interest,0,0,Emotion_directed,interest
775,0,among,1,0,_,among
775,0,the,0,0,_,the
775,0,local,0,0,Political_locales,local
775,0,populace,0,0,_,populace
775,0,",",0,0,_,","
775,0,Lim,0,0,_,Lim
775,0,and,0,0,_,and
775,0,his,0,0,_,his
775,0,friends,0,0,Personal_relationship,friend
775,0,sprang,1,1,Motion,spring
775,0,into,1,0,_,into
775,0,action,0,0,Intentionally_act,action
775,0,.,0,0,_,.
775,1,They,0,0,_,they
775,1,took,1,0,_,take
775,1,hundreds,0,0,Quantified_mass,hundred
775,1,of,0,0,_,of
775,1,photographs,0,0,Physical_artworks,photograph
775,1,of,0,0,_,of
775,1,the,0,0,_,the
775,1,comet,0,0,_,comet
775,1,every,0,0,Frequency,every
775,1,clear,1,0,_,clear
775,1,night,0,0,Calendric_unit,night
775,1,and,0,0,_,and
775,1,compiled,0,0,Creating,compile
775,1,an,0,0,_,an
776,0,.,0,0,_,.
776,1,But,0,0,Concessive,but
776,1,it,0,0,_,it
776,1,would,0,0,_,would
776,1,create,0,0,Intentionally_create,create
776,1,a,0,0,_,a
776,1,blueprint,1,1,_,blueprint
776,1,for,0,0,_,for
776,1,such,0,0,_,such
776,1,tribunals,0,0,_,tribunal
776,1,so,0,0,_,so
776,1,they,0,0,_,they
776,1,could,0,0,Capability,could
776,1,spring,1,0,Self_motion,spring
776,1,into,1,0,_,into
776,1,action,0,0,Intentionally_act,action
776,1,when,0,0,Temporal_collocation,when
776,1,the,0,0,_,the
776,1,need,0,0,Needing,need
776,1,arose,1,1,Coming_to_be,arise
776,1,",",0,0,_,","
776,1,thereby,0,0,_,thereby
776,1,better,0,0,Desirability,well
776,1,ensuring,0,0,_,ensure
776,1,that,0,0,_,that
776,1,justice,0,0,_,justice
776,1,would,0,0,_,would
776,1,prevail,0,0,Finish_competition,prevail
776,1,.,0,0,_,.
776,2,#,0,0,_,#
776,2,For,0,0,_,for
777,0,hard,1,0,Difficulty,hard
777,0,for,0,0,_,for
777,0,just,0,0,_,just
777,0,such,0,0,_,such
777,0,an,0,0,_,an
777,0,eventuality,0,0,_,eventuality
777,0,",",0,0,_,","
777,0,as,0,0,_,as
777,0,you,0,0,_,you
777,0,were,0,0,_,be
777,0,saying,0,0,Statement,say
777,0,.,0,0,_,.
777,1,They,0,0,_,they
777,1,sprung,1,1,Self_motion,spring
777,1,into,1,0,_,into
777,1,action,0,0,Intentionally_act,action
777,1,quite,0,0,_,quite
777,1,quickly,0,0,Speed_description,quickly
777,1,.,0,0,_,.
777,2,This,1,0,_,this
777,2,is,0,0,_,be
777,2,something,0,0,_,something
777,2,I,0,0,_,I
777,2,'m,0,0,_,'
777,2,sure,0,0,Certainty,sure
777,2,that,0,0,_,that
777,2,they,0,0,_,they
777,2,would,0,0,_,would
777,2,have,0,0,_,have
777,2,rather,0,0,_,rather
777,2,just,0,0,_,just
778,0,files,0,0,Text,file
778,0,on,1,0,_,on
778,0,all,0,0,Quantified_mass,all
778,0,the,0,0,_,the
778,0,opponents,0,0,Taking_sides,opponent
778,0,.,0,0,_,.
778,1,Two,0,0,Cardinal_numbers,two
778,1,congressional,0,0,_,congressional
778,1,committee,0,0,_,committee
778,1,chairmen,0,0,Leadership,chairman
778,1,are,0,0,_,be
778,1,already,0,0,Time_vector,already
778,1,to,0,0,_,to
778,1,spring,1,1,Self_motion,spring
778,1,into,1,0,_,into
778,1,action,0,0,Intentionally_act,action
778,1,on,1,0,_,on
778,1,that,1,0,_,that
778,1,.,0,0,_,.
778,2,Scott,0,0,_,Scott
778,2,",",0,0,_,","
778,2,if,0,0,_,if
778,2,you,0,0,_,you
778,2,want,0,0,Desiring,want
778,2,to,0,0,_,to
778,2,believe,0,0,Certainty,believe
778,2,the,0,0,_,the
778,2,word,0,0,Simple_name,word
778,2,of,0,0,_,of
778,2,a,0,0,_,a
778,2,sleaze,1,1,_,sleaze
779,0,.,0,0,_,.
779,1,Moments,0,0,Measure_duration,moment
779,1,later,0,0,Time_vector,later
779,1,",",0,0,_,","
779,1,the,0,0,_,the
779,1,tape,0,0,_,tape
779,1,recorder,0,0,_,recorder
779,1,on,0,0,Spatial_contact,on
779,1,the,0,0,_,the
779,1,table,0,0,_,table
779,1,next,0,0,Adjacency,next
779,1,to,0,0,Adjacency,to
779,1,him,0,0,_,he
779,1,sprang,1,0,Self_motion,spring
779,1,into,1,0,_,into
779,1,action,1,0,Intentionally_act,action
779,1,.,0,0,_,.
779,2,*,0,0,_,*
779,2,*,0,0,_,*
779,2,*,0,0,_,*
779,2,p56,0,0,_,p56
779,2,``,0,0,_,`
779,2,You,0,0,_,you
779,2,'ve,0,0,_,'
779,2,reached,0,0,Arriving,reach
779,2,the,0,0,_,the
779,2,home,0,0,Buildings,home
779,2,and,0,0,_,and
779,2,office,0,0,Building_subparts,office
779,2,of,0,0,_,of
779,2,Dr,0,0,_,Dr
779,2,.,0,0,_,.
780,0,.,0,0,_,.
780,1,But,0,0,Concessive,but
780,1,Carol,0,0,_,Carol
780,1,and,0,0,_,and
780,1,Hurt,0,0,_,hurt
780,1,Porter,0,0,_,Porter
780,1,heeded,0,0,Compliance,heed
780,1,the,0,0,_,the
780,1,call,1,0,Contacting,call
780,1,in,0,0,Interior_profile_relation,in
780,1,north,0,0,Part_orientational,north
780,1,Houston,0,0,_,Houston
780,1,and,0,0,_,and
780,1,sprang,1,1,Self_motion,spring
780,1,into,1,0,_,into
780,1,action,0,0,Intentionally_act,action
780,1,.,0,0,_,.
780,2,Now,0,0,Temporal_collocation,now
780,2,",",0,0,_,","
780,2,when,0,0,Temporal_collocation,when
780,2,their,0,0,_,their
780,2,vans,0,0,Vehicle,van
780,2,wade,1,1,Self_motion,wade
780,2,into,0,0,_,into
780,2,one,0,0,Cardinal_numbers,one
780,2,of,0,0,Partitive,of
780,2,that,1,0,_,that
780,2,area,0,0,Locale,area
780,2,'s,0,0,_,be
780,2,poorest,1,1,Wealthiness,poor
780,2,neighborhoods,0,0,_,neighborhood
781,0,Mounted,0,0,_,mount
781,0,Police,0,0,_,Police
781,0,issued,0,0,Creating,issue
781,0,an,0,0,_,an
781,0,alert,0,0,_,alert
781,0,.,0,0,_,.
781,1,Meanwhile,0,0,_,meanwhile
781,1,",",0,0,_,","
781,1,the,0,0,_,the
781,1,fugitives,0,0,_,fugitive
781,1,',0,0,_,'
781,1,bail,0,0,_,bail
781,1,bondsman,0,0,_,bondsman
781,1,sprang,1,1,Self_motion,spring
781,1,into,1,0,_,into
781,1,action.,0,0,Intentionally_act,action
781,1,``,0,0,_,`
781,2,Nobody,0,0,_,nobody
781,2,had,1,0,Have_associated,have
781,2,as,0,0,_,as
781,2,much,0,0,_,much
781,2,motivation,0,0,Reason,motivation
781,2,to,0,0,_,to
781,2,find,0,0,Locating,find
781,2,them,0,0,_,they
781,2,as,0,0,_,as
781,2,me,0,0,_,I
781,2,",",0,0,_,","
781,2,``,0,0,_,`
781,2,says,0,0,Statement,say
782,0,management,0,0,_,management
782,0,plan,0,0,Project,plan
782,0,",",0,0,_,","
782,0,no,0,0,_,no
782,0,environmental,0,0,_,environmental
782,0,impact,0,0,Objective_influence,impact
782,0,statement.,0,0,Statement,statement
782,0,``,0,0,_,`
782,1,#,0,0,_,#
782,1,But,0,0,Concessive,but
782,1,sanctuary,0,0,_,sanctuary
782,1,organizers,0,0,_,organizer
782,1,sprang,1,1,_,spring
782,1,into,1,0,_,into
782,1,action,0,0,Intentionally_act,action
782,1,.,0,0,_,.
782,2,By,0,0,_,by
782,2,the,0,0,_,the
782,2,winter,0,0,Calendric_unit,winter
782,2,of,0,0,_,of
782,2,1995,0,0,_,1995
782,2,",",0,0,_,","
782,2,a,0,0,_,a
782,2,draft,0,0,_,draft
782,2,environmental,0,0,_,environmental
782,2,impact,0,0,Objective_influence,impact
782,2,statement,0,0,Text,statement
782,2,(,0,0,_,(
782,2,ELS,0,0,_,ELS
782,2,),0,0,_,)
783,0,LONG,0,0,_,long
783,0,",",0,0,_,","
783,0,National,0,0,Political_locales,national
783,0,Right,0,0,_,right
783,0,to,0,0,_,to
783,0,Life,0,0,_,life
783,0,PAC,0,0,_,PAC
783,0,:,0,0,_,:
783,0,When,0,0,Temporal_collocation,when
783,0,',0,0,_,'
783,0,pro-life,0,0,_,pro
783,0,',0,0,_,'
783,0,citizens,0,0,People_by_jurisdiction,citizen
783,0,spring,1,0,Self_motion,spring
783,0,into,1,0,_,into
783,0,action,0,0,Intentionally_act,action
783,0,-,0,0,_,-
783,0,and,0,0,_,and
783,0,they,0,0,_,they
783,0,will,0,0,_,will
783,0,-,0,0,_,-
783,0,the,0,0,_,the
783,0,bubble,1,1,_,bubble
783,0,that,0,0,_,that
783,0,the,0,0,_,the
783,0,media,0,0,_,medium
783,0,has,0,0,_,have
783,0,blown,1,1,_,blow
783,0,around,1,0,_,around
783,0,Colin,0,0,_,Colin
783,0,Powell,0,0,_,Powell
784,0,s.,0,0,_,s.
784,0,A,0,0,_,a
784,0,patrol,0,0,_,patrol
784,0,'s,0,0,_,be
784,0,nearing,0,0,Arriving,near
784,0,wail,0,0,Make_noise,wail
784,0,was,0,0,_,be
784,0,the,0,0,_,the
784,0,signal,1,0,Communication,signal
784,0,for,0,0,_,for
784,0,Slater,0,0,_,slater
784,0,to,0,0,_,to
784,0,spring,1,0,Self_motion,spring
784,0,into,1,0,_,into
784,0,action,0,0,Intentionally_act,action
784,0,.,0,0,_,.
784,1,That,1,0,_,that
784,1,vehicle,0,0,Vehicle,vehicle
784,1,could,0,0,Possibility,could
784,1,only,0,0,_,only
784,1,be,0,0,_,be
784,1,Brad,0,0,_,Brad
784,1,Johnson,0,0,_,Johnson
784,1,responding,0,0,Response,respond
784,1,.,0,0,_,.
784,2,Slater,0,0,_,slater
784,2,jumped,0,0,Self_motion,jump
784,2,out,0,0,_,out
784,2,",",0,0,_,","
784,2,his,0,0,_,his
785,0,from,0,0,_,from
785,0,behind,0,0,_,behind
785,0,them,0,0,_,they
785,0,-,0,0,_,-
785,0,carrying,0,0,Bringing,carry
785,0,a,0,0,_,a
785,0,MACHINE,0,0,_,machine
785,0,GUN,0,0,Weapon,GUN
785,0,-,0,0,_,-
785,0,Jim,0,0,_,Jim
785,0,looks,0,0,Give_impression,look
785,0,ready,0,0,Activity_ready_state,ready
785,0,to,0,0,_,to
785,0,spring,1,1,Self_motion,spring
785,0,into,1,0,_,into
785,0,action,0,0,Intentionally_act,action
785,0,-,0,0,_,-
785,0,waiting,0,0,Waiting,wait
785,0,for,0,0,_,for
785,0,the,0,0,_,the
785,0,right,0,0,Correctness,right
785,0,moment,0,0,_,moment
785,0,-,0,0,_,-
785,0,#,0,0,_,#
785,0,CRAIG,0,0,_,CRAIG
785,0,#,0,0,_,#
785,0,You,0,0,_,you
785,0,want,0,0,Desiring,want
785,0,to,0,0,_,to
785,0,make,1,0,Cause_change,make
785,0,your,0,0,_,your
786,0,``,0,0,_,`
786,0,feminist,0,0,_,feminist
786,0,``,0,0,_,`
786,0,heroine,0,0,_,heroine
786,0,should,0,0,Desirable_event,should
786,0,have,0,0,_,have
786,0,been,0,0,_,be
786,0,a,0,0,_,a
786,0,clue,1,1,Sign,clue
786,0,:,0,0,_,:
786,0,she,0,0,_,she
786,0,says,0,0,Statement,say
786,0,she,0,0,_,she
786,0,sprang,1,0,Self_motion,spring
786,0,into,1,0,_,into
786,0,action,0,0,Intentionally_act,action
786,0,after,0,0,Relative_time,after
786,0,she,0,0,_,she
786,0,became,0,0,Becoming,become
786,0,outraged,0,0,Emotion_directed,outrage
786,0,...,0,0,_,...
786,0,by,0,0,_,by
786,0,a,0,0,_,a
786,0,feminist,0,0,_,feminist
786,0,colleague,0,0,Personal_relationship,colleague
786,0,'s,0,0,_,be
786,0,joke,0,0,_,joke
786,0,about,1,0,Topic,about
786,0,Dan,0,0,_,Dan
787,0,rockface,0,0,_,rockface
787,0,.,0,0,_,.
787,1,Picard,0,0,_,Picard
787,1,watches,0,0,Perception_active,watch
787,1,him,0,0,_,he
787,1,intently,0,0,_,intently
787,1,for,0,0,_,for
787,1,a,0,0,_,a
787,1,few,0,0,Quantified_mass,few
787,1,moments,0,0,Measure_duration,moment
787,1,",",0,0,_,","
787,1,then,0,0,_,then
787,1,quickly,0,0,Speed_description,quickly
787,1,springs,1,1,Self_motion,spring
787,1,into,1,0,_,into
787,1,action,0,0,Intentionally_act,action
787,1,.,0,0,_,.
787,2,122,0,0,_,122
787,2,INT,0,0,_,INT
787,2,.,0,0,_,.
787,3,JEFFERIES,0,0,_,JEFFERIES
787,3,TUBE,0,0,_,TUBE
787,3,122,0,0,_,122
787,3,People,0,0,People,People
787,3,scramble,0,0,Self_motion,scramble
787,3,through,0,0,_,through
787,3,the,0,0,_,the
787,3,tube,0,0,_,tube
787,3,and,0,0,_,and
787,3,out,0,0,_,out
787,3,into,0,0,_,into
788,0,post,0,0,_,post
788,0,was,0,0,_,be
788,0,n't,0,0,_,not
788,0,sincere,0,0,_,sincere
788,0,and,0,0,_,and
788,0,every,0,0,_,every
788,0,reason,0,0,Reason,reason
788,0,to,0,0,_,to
788,0,believe,0,0,Certainty,believe
788,0,that,0,0,_,that
788,0,it,0,0,_,it
788,0,was,0,0,_,be
788,0,--,0,0,_,--
788,0,sprang,1,1,_,spring
788,0,into,1,0,_,into
788,0,action,0,0,Intentionally_act,action
788,0,.,0,0,_,.
788,1,#,0,0,_,#
788,1,So,0,0,_,so
788,1,it,0,0,_,it
788,1,was,0,0,_,be
788,1,that,0,0,_,that
788,1,on,1,0,Temporal_collocation,on
788,1,Monday,0,0,Calendric_unit,Monday
788,1,",",0,0,_,","
788,1,March,0,0,Calendric_unit,March
788,1,14,0,0,_,14
788,1,",",0,0,_,","
788,1,a,0,0,_,a
788,1,spitting-mad,0,0,_,spit
788,1,",",0,0,_,","
789,0,horrible,0,0,Desirability,horrible
789,0,",",0,0,_,","
789,0,vertical,0,0,_,vertical
789,0,crash,0,0,_,crash
789,0,.,0,0,_,.
789,1,#,0,0,_,#
789,1,Within,1,0,Temporal_collocation,within
789,1,seconds,0,0,Measure_duration,second
789,1,",",0,0,_,","
789,1,a,0,0,_,a
789,1,corporate,0,0,_,corporate
789,1,crisis,1,1,Catastrophe,crisis
789,1,plan,1,0,Project,plan
789,1,sprang,1,0,_,spring
789,1,into,1,0,_,into
789,1,action,0,0,Intentionally_act,action
789,1,that,0,0,_,that
789,1,was,0,0,_,be
789,1,so,0,0,Degree,so
789,1,well-scripted,0,0,_,well
789,1,and,0,0,_,and
789,1,so,0,0,Degree,so
789,1,well-rehearsed,0,0,_,well
789,1,it,0,0,_,it
789,1,had,0,0,_,have
789,1,become,0,0,Becoming,become
789,1,virtually,0,0,_,virtually
789,1,automatic,0,0,_,automatic
789,1,.,0,0,_,.
789,2,#,0,0,_,#
789,2,Within,0,0,_,within
790,0,``,0,0,_,`
790,0,``,0,0,_,`
790,0,Oh,0,0,_,oh
790,0,",",0,0,_,","
790,0,no,0,0,_,no
790,0,",",0,0,_,","
790,0,you,0,0,_,you
790,0,'re,0,0,_,be
790,0,the,0,0,_,the
790,0,guest.,0,0,Visiting,guest
790,0,``,0,0,_,`
790,1,Maria,0,0,_,Maria
790,1,sprang,1,0,Self_motion,spring
790,1,into,1,0,_,into
790,1,action,0,0,Intentionally_act,action
790,1,",",0,0,_,","
790,1,checked,0,0,Inspecting,check
790,1,her,0,0,_,she
790,1,lipstick,0,0,Clothing,lipstick
790,1,in,0,0,Interior_profile_relation,in
790,1,the,0,0,_,the
790,1,mirror,0,0,_,mirror
790,1,and,0,0,_,and
790,1,pulled,0,0,Manipulation,pull
790,1,on,0,0,Wearing,on
790,1,her,0,0,_,she
790,1,sandals.,0,0,Accoutrements,sandal
790,1,``,0,0,_,`
790,2,The,0,0,_,the
791,0,it,0,0,_,it
791,0,anyway,0,0,_,anyway
791,0,",",0,0,_,","
791,0,``,0,0,_,`
791,0,one,0,0,Cardinal_numbers,one
791,0,official,0,0,Leadership,official
791,0,said,0,0,Statement,say
791,0,",",0,0,_,","
791,0,``,0,0,_,`
791,0,but,0,0,Concessive,but
791,0,they,0,0,_,they
791,0,kind,0,0,_,kind
791,0,of,0,0,_,of
791,0,sprung,1,1,Self_motion,spring
791,0,into,1,0,_,into
791,0,action.,0,0,Intentionally_act,action
791,0,``,0,0,_,`
791,1,#,0,0,_,#
791,1,The,0,0,_,the
791,1,message,1,0,_,message
791,1,was,0,0,_,be
791,1,clear,1,0,Obviousness,clear
791,1,:,0,0,_,:
791,1,Before,1,0,Time_vector,before
791,1,Middle,0,0,_,middle
791,1,America,0,0,_,America
791,1,suffered,1,1,Catastrophe,suffer
791,1,",",0,0,_,","
791,1,the,0,0,_,the
791,1,White,0,0,_,white
792,0,because,0,0,Causation,because
792,0,they,0,0,_,they
792,0,'d,0,0,_,would
792,0,all,0,0,_,all
792,0,be,0,0,_,be
792,0,off,1,0,_,off
792,0,by,0,0,_,by
792,0,the,0,0,_,the
792,0,same,0,0,Identicality,same
792,0,factor.,0,0,_,factor
792,0,``,0,0,_,`
792,1,Verona,0,0,_,Verona
792,1,sprang,1,0,Self_motion,spring
792,1,into,1,0,_,into
792,1,action,0,0,Intentionally_act,action
792,1,.,0,0,_,.
792,2,Off,1,0,_,off
792,2,came,1,0,_,come
792,2,the,0,0,_,the
792,2,housing,0,0,Buildings,housing
792,2,",",0,0,_,","
792,2,off,1,0,_,off
792,2,came,1,0,_,come
792,2,various,0,0,Diversity,various
792,2,components,0,0,Ingredients,component
792,2,.,0,0,_,.
792,3,Gently,0,0,_,gently
792,3,he,0,0,_,he
792,3,lifted,0,0,Cause_to_end,lift
792,3,the,0,0,_,the
793,0,!,0,0,_,!
793,0,``,0,0,_,`
793,1,With,1,0,_,with
793,1,his,0,0,_,his
793,1,first,0,0,Ordinal_numbers,first
793,1,word,0,0,Simple_name,word
793,1,",",0,0,_,","
793,1,the,0,0,_,the
793,1,men,0,0,People,man
793,1,of,0,0,_,of
793,1,his,0,0,_,his
793,1,crew,0,0,Aggregate,crew
793,1,sprang,1,0,Self_motion,spring
793,1,into,1,0,_,into
793,1,action,0,0,Intentionally_act,action
793,1,",",0,0,_,","
793,1,seizing,0,0,Taking,seize
793,1,the,0,0,_,the
793,1,long,0,0,Measurable_attributes,long
793,1,oars,0,0,Cause_to_make_noise,oar
793,1,that,0,0,_,that
793,1,were,0,0,_,be
793,1,drawn,0,0,Cause_motion,draw
793,1,into,0,0,_,into
793,1,the,0,0,_,the
793,1,vessel,0,0,Vehicle,vessel
793,1,.,0,0,_,.
793,2,The,0,0,_,the
793,2,blades,0,0,Weapon,blade
793,2,struck,1,0,Impact,strike
794,0,on,1,0,Process_continue,on
794,0,and,0,0,_,and
794,0,you,0,0,_,you
794,0,have,0,0,_,have
794,0,n't,0,0,_,not
794,0,even,0,0,_,even
794,0,started,0,0,Activity_start,start
794,0,.,0,0,_,.
794,1,Get,0,0,Transition_to_state,get
794,1,busy.,0,0,Lively_place,busy
794,1,``,0,0,_,`
794,2,Laurie,0,0,_,Laurie
794,2,sprang,1,0,Self_motion,spring
794,2,into,1,0,_,into
794,2,action,0,0,Intentionally_act,action
794,2,.,0,0,_,.
794,3,She,0,0,_,she
794,3,completed,0,0,Activity_finish,complete
794,3,her,0,0,_,she
794,3,external,0,0,_,external
794,3,examination,0,0,Scrutiny,examination
794,3,",",0,0,_,","
794,3,noting,0,0,Becoming_aware,note
794,3,only,0,0,_,only
794,3,a,0,0,Quantified_mass,a
794,3,few,0,0,Quantified_mass,few
794,3,ecchymotic,0,0,_,ecchymotic
794,3,bruises,0,0,Experience_bodily_harm,bruise
794,3,on,0,0,Spatial_contact,on
794,3,Duncan,0,0,_,Duncan
795,0,to,0,0,_,to
795,0,catch,1,0,_,catch
795,0,thieves,0,0,Theft,thief
795,0,.,0,0,_,.
795,1,A,0,0,_,a
795,1,second,0,0,Ordinal_numbers,second
795,1,cop,0,0,People_by_vocation,cop
795,1,observes,0,0,Perception_active,observe
795,1,from,0,0,_,from
795,1,above,0,0,Directional_locative_relation,above
795,1,",",0,0,_,","
795,1,waiting,0,0,Waiting,wait
795,1,to,0,0,_,to
795,1,spring,1,0,Self_motion,spring
795,1,into,1,0,_,into
795,1,action,0,0,Intentionally_act,action
795,1,.,0,0,_,.
795,2,1st,0,0,Ordinal_numbers,1st
795,2,POLICE,0,0,_,POLICE
795,2,OFFICER,0,0,People_by_vocation,officer
795,2,:,0,0,_,:
795,2,The,0,0,_,the
795,2,camera,0,0,_,camera
795,2,'s,0,0,_,be
795,2,gone,0,0,Departing,gone
795,2,.,0,0,_,.
795,3,You,0,0,_,you
795,3,'re,0,0,_,be
795,3,under,1,0,_,under
795,3,arrest,0,0,Arrest,arrest
795,3,.,0,0,_,.
796,0,Tyson,0,0,_,Tyson
796,0,has,0,0,_,have
796,0,been,0,0,_,be
796,0,knocked,1,0,Cause_harm,knock
796,0,out,0,0,_,out
796,0,!,0,0,_,!
796,1,DONALDSON,0,0,_,DONALDSON
796,1,:,0,0,_,:
796,1,voice-over,0,0,_,voice
796,1,A,0,0,_,a
796,1,furious,1,1,Emotion_directed,furious
796,1,Don,0,0,_,Don
796,1,King,0,0,_,king
796,1,sprang,1,1,Self_motion,spring
796,1,into,1,0,_,into
796,1,action,0,0,Intentionally_act,action
796,1,.,0,0,_,.
796,2,Mr.,0,0,_,Mr.
796,2,SUGAR,0,0,_,SUGAR
796,2,:,0,0,_,:
796,2,Almost,0,0,_,almost
796,2,before,0,0,Time_vector,before
796,2,the,0,0,_,the
796,2,referee,0,0,_,referee
796,2,had,0,0,_,have
796,2,finished,0,0,Activity_finish,finish
796,2,his,0,0,_,his
796,2,toll,1,1,_,toll
796,2,of,0,0,_,of
796,2,that,1,0,_,that
796,2,count,0,0,_,count
797,0,to,1,0,_,to
797,0,his,0,0,_,his
797,0,patients,0,0,_,patient
797,0,offering,0,0,Offering,offer
797,0,free,1,0,Expensiveness,free
797,0,testing,0,0,Operational_testing,testing
797,0,and,0,0,_,and
797,0,counseling,0,0,Assistance,counseling
797,0,.,0,0,_,.
797,1,Almost,0,0,_,almost
797,1,immediately,0,0,_,immediately
797,1,Baltimore,0,0,_,Baltimore
797,1,lawyers,0,0,People_by_vocation,lawyer
797,1,sprang,1,0,Self_motion,spring
797,1,into,1,0,_,into
797,1,action,0,0,Intentionally_act,action
797,1,.,0,0,_,.
797,2,JONATHAN-SCHOCHOR,0,0,_,JONATHAN
797,2,",",0,0,_,","
797,2,:,0,0,_,:
797,2,The,0,0,_,the
797,2,right,0,0,_,right
797,2,of,0,0,_,of
797,2,privacy,0,0,_,privacy
797,2,does,0,0,_,do
797,2,not,0,0,Negation,not
797,2,extend,1,1,_,extend
797,2,to,1,0,_,to
797,2,murder,0,0,Killing,murder
797,2,.,0,0,_,.
797,3,MR-HOLMAN,0,0,_,MR
798,0,in,0,0,Interior_profile_relation,in
798,0,Europe,0,0,_,Europe
798,0,",",0,0,_,","
798,0,and,0,0,_,and
798,0,when,0,0,Temporal_collocation,when
798,0,BNL,0,0,_,BNL
798,0,opened,1,0,_,open
798,0,the,0,0,_,the
798,0,credit,0,0,_,credit
798,0,spigot,1,1,_,spigot
798,0,",",0,0,_,","
798,0,those,1,0,_,those
798,0,agents,1,1,Active_substance,agent
798,0,sprang,1,1,Self_motion,spring
798,0,into,1,0,_,into
798,0,action,0,0,Intentionally_act,action
798,0,.,0,0,_,.
798,1,Gary,0,0,_,Gary
798,1,Milhollin,0,0,_,Milhollin
798,1,is,0,0,_,be
798,1,a,0,0,_,a
798,1,leading,0,0,First_rank,lead
798,1,expert,0,0,Expertise,expert
798,1,on,1,0,_,on
798,1,nuclear,0,0,Weapon,nuclear
798,1,missile,0,0,Weapon,missile
798,1,proliferation,0,0,Proliferating_in_number,proliferation
798,1,.,0,0,_,.
798,2,GARY,0,0,_,GARY
798,2,MILHOLLIN,0,0,_,MILHOLLIN
798,2,:,0,0,_,:
799,0,Then,0,0,Temporal_collocation,then
799,0,he,0,0,_,he
799,0,keeled,0,0,Moving_in_place,keel
799,0,over,0,0,_,over
799,0,flat,0,0,_,flat
799,0,on,0,0,Spatial_contact,on
799,0,the,0,0,_,the
799,0,ground,0,0,_,ground
799,0,",",0,0,_,","
799,0,unconscious,0,0,Dead_or_alive,unconscious
799,0,.,0,0,_,.
799,1,#,0,0,_,#
799,1,Balsam,0,0,_,balsam
799,1,sprang,1,1,Self_motion,spring
799,1,into,1,0,_,into
799,1,action.,0,0,Intentionally_act,action
799,1,``,0,0,_,`
799,2,Hank,0,0,_,Hank
799,2,",",0,0,_,","
799,2,Bill,0,0,_,bill
799,2,!,0,0,_,!
799,3,Pick,0,0,Bringing,pick
799,3,that,1,0,_,that
799,3,man,0,0,People,man
799,3,up,0,0,_,up
799,3,and,0,0,_,and
799,3,bring,0,0,Bringing,bring
799,3,him,0,0,_,he
799,3,over,0,0,_,over
799,3,here,0,0,_,here
800,0,is,0,0,_,be
800,0,a,0,0,_,a
800,0,mess,1,0,_,mess
800,0,.,0,0,_,.
800,1,Darryl,0,0,_,Darryl
800,1,",",0,0,_,","
800,1,Hal,0,0,_,hal
800,1,",",0,0,_,","
800,1,Max,0,0,_,Max
800,1,",",0,0,_,","
800,1,and,0,0,_,and
800,1,other,0,0,Increment,other
800,1,cops,0,0,People_by_vocation,cop
800,1,spring,1,0,Self_motion,spring
800,1,into,1,0,_,into
800,1,action,0,0,Intentionally_act,action
800,1,as,0,0,_,as
800,1,the,0,0,_,the
800,1,phone,0,0,_,phone
800,1,RINGS,0,0,_,RINGS
800,1,",",0,0,_,","
800,1,putting,0,0,Placing,put
800,1,on,0,0,Wearing,on
800,1,headsets,0,0,_,headset
800,1,",",0,0,_,","
800,1,turning,0,0,Setting_fire,turn
800,1,on,0,0,_,on
800,1,tape,0,0,_,tape
800,1,recorders,0,0,_,recorder
800,1,.,0,0,_,.
800,2,Darryl,0,0,_,Darryl
801,0,the,0,0,_,the
801,0,police,0,0,Law_enforcement_agency,police
801,0,there,0,0,_,there
801,0,?,0,0,_,?
801,1,INT,0,0,_,INT
801,1,.,0,0,_,.
801,2,THELMA,0,0,_,THELMA
801,2,'S,0,0,_,be
801,2,HOUSE,0,0,Buildings,HOUSE
801,2,-,0,0,_,-
801,2,NIGHT,0,0,Calendric_unit,NIGHT
801,2,Again,0,0,_,again
801,2,everybody,0,0,_,everybody
801,2,springs,1,1,Self_motion,spring
801,2,into,1,0,_,into
801,2,action,0,0,Intentionally_act,action
801,2,.,0,0,_,.
801,3,Darryl,0,0,_,Darryl
801,3,is,0,0,_,be
801,3,fumbling,0,0,_,fumble
801,3,with,0,0,_,with
801,3,the,0,0,_,the
801,3,phone,0,0,_,phone
801,3,.,0,0,_,.
801,4,#,0,0,_,#
801,4,DARRYL,0,0,_,DARRYL
801,4,#,0,0,_,#
801,4,Uh,0,0,_,uh
801,4,",",0,0,_,","
801,4,no,0,0,_,no
801,4,!,0,0,_,!
802,0,arrest,0,0,Arrest,arrest
802,0,.,0,0,_,.
802,1,#,0,0,_,#
802,1,Having,1,0,Possession,have
802,1,no,0,0,_,no
802,1,idea,0,0,Awareness,idea
802,1,why,0,0,_,why
802,1,this,1,0,_,this
802,1,had,0,0,_,have
802,1,happened,0,0,Event,happen
802,1,",",0,0,_,","
802,1,our,0,0,_,our
802,1,team,0,0,Aggregate,team
802,1,sprang,1,1,Self_motion,spring
802,1,into,1,0,_,into
802,1,action,0,0,Intentionally_act,action
802,1,.,0,0,_,.
802,2,The,0,0,_,the
802,2,ward,0,0,_,ward
802,2,clerk,0,0,People_by_vocation,clerk
802,2,announced,0,0,Statement,announce
802,2,a,0,0,_,a
802,2,Code,0,0,_,code
802,2,Blue,0,0,_,blue
802,2,over,1,0,_,over
802,2,the,0,0,_,the
802,2,loudspeaker,0,0,_,loudspeaker
802,2,system,0,0,System,system
802,2,",",0,0,_,","
802,2,and,0,0,_,and
802,2,within,0,0,_,within
803,0,which,0,0,_,which
803,0,can,0,0,Capability,can
803,0,handle,1,0,_,handle
803,0,up,1,0,_,up
803,0,to,1,0,_,to
803,0,"700,000",0,0,_,"700,000"
803,0,calls,0,0,Contacting,call
803,0,an,0,0,_,an
803,0,hour,0,0,Calendric_unit,hour
803,0,.,0,0,_,.
803,1,The,0,0,_,the
803,1,switch,0,0,_,switch
803,1,immediately,0,0,_,immediately
803,1,springs,1,1,_,spring
803,1,into,1,0,_,into
803,1,action,0,0,Intentionally_act,action
803,1,.,0,0,_,.
803,2,It,0,0,_,it
803,2,scans,1,0,Scrutiny,scan
803,2,a,0,0,_,a
803,2,list,0,0,Text,list
803,2,of,0,0,_,of
803,2,14,0,0,_,14
803,2,different,0,0,Identicality,different
803,2,routes,0,0,Roadways,route
803,2,it,0,0,_,it
803,2,can,0,0,Capability,can
803,2,use,0,0,Using,use
803,2,to,0,0,_,to
803,2,complete,0,0,Activity_finish,complete
803,2,the,0,0,_,the
804,0,#,0,0,_,#
804,0,Notes,0,0,_,note
804,0,are,0,0,_,be
804,0,not,0,0,_,not
804,0,the,0,0,_,the
804,0,problem,0,0,Predicament,problem
804,0,.,0,0,_,.
804,1,Notes,0,0,_,note
804,1,",",0,0,_,","
804,1,good,0,0,Desirability,good
804,1,notes,0,0,_,note
804,1,",",0,0,_,","
804,1,will,0,0,_,will
804,1,spring,1,1,Self_motion,spring
804,1,into,1,0,_,into
804,1,action,1,0,Intentionally_act,action
804,1,under,1,0,_,under
804,1,the,0,0,_,the
804,1,right,0,0,Correctness,right
804,1,circumstances,0,0,_,circumstance
804,1,.,0,0,_,.
804,2,Themes,0,0,_,theme
804,2,or,0,0,_,or
804,2,ideas,0,0,_,idea
804,2,are,0,0,_,be
804,2,not,0,0,_,not
804,2,the,0,0,_,the
804,2,problem,0,0,Predicament,problem
804,2,.,0,0,_,.
804,3,Themes,0,0,_,theme
804,3,are,0,0,_,be
805,0,quite,0,0,_,quite
805,0,``,0,0,_,`
805,0,is,0,0,_,be
805,0,what,0,0,_,what
805,0,a,0,0,_,a
805,0,practical,0,0,_,practical
805,0,gastrotaxonomist,0,0,_,gastrotaxonomist
805,0,says,0,0,Statement,say
805,0,when,0,0,Temporal_collocation,when
805,0,he,0,0,_,he
805,0,is,0,0,_,be
805,0,about,1,0,_,about
805,0,to,0,0,_,to
805,0,spring,1,1,Self_motion,spring
805,0,into,1,0,_,into
805,0,action,0,0,Intentionally_act,action
805,0,.,0,0,_,.
805,1,I,0,0,_,I
805,1,am,0,0,_,be
805,1,certain,0,0,Certainty,certain
805,1,that,0,0,_,that
805,1,Davidson,0,0,_,Davidson
805,1,is,0,0,_,be
805,1,even,0,0,_,even
805,1,now,0,0,_,now
805,1,flipping,0,0,_,flip
805,1,pages,0,0,_,page
805,1,in,1,0,_,in
805,1,his,0,0,_,his
805,1,shellfish,0,0,_,shellfish
805,1,sources,1,1,Source_of_getting,source
806,0,hidden,1,1,Eclipse,hide
806,0,tragedy,0,0,Catastrophe,tragedy
806,0,of,0,0,_,of
806,0,child,0,0,People_by_age,child
806,0,abuse,0,0,Cause_harm,abuse
806,0,.,0,0,_,.
806,1,As,0,0,_,as
806,1,a,0,0,_,a
806,1,result,0,0,Causation,result
806,1,",",0,0,_,","
806,1,adolescent,0,0,People_by_age,adolescent
806,1,protection,0,0,Protecting,protection
806,1,agencies,0,0,Organization,agency
806,1,sprung,1,1,Self_motion,spring
806,1,into,1,0,_,into
806,1,action,0,0,Intentionally_act,action
806,1,across,0,0,Locative_relation,across
806,1,the,0,0,_,the
806,1,country,0,0,Political_locales,country
806,1,.,0,0,_,.
806,2,But,0,0,_,but
806,2,has,0,0,_,have
806,2,the,0,0,_,the
806,2,system,1,0,System,system
806,2,gone,1,0,Motion,gone
806,2,too,0,0,Sufficiency,too
806,2,far,1,0,_,far
806,2,?,0,0,_,?
806,3,Victoria,0,0,_,Victoria
806,3,-,0,0,_,-
806,3,whose,0,0,_,whose
807,0,I,0,0,_,I
807,0,have,1,0,Possession,have
807,0,my,0,0,_,my
807,0,plan,1,0,Project,plan
807,0,",",0,0,_,","
807,0,so,0,0,_,so
807,0,I,0,0,_,I
807,0,know,0,0,Awareness,know
807,0,does,0,0,_,do
807,0,she,0,0,_,she
807,0,:,0,0,_,:
807,0,to,0,0,_,to
807,0,be,0,0,_,be
807,0,sprung,1,1,_,spring
807,0,into,1,0,_,into
807,0,action,0,0,Intentionally_act,action
807,0,at,1,0,Temporal_collocation,at
807,0,the,0,0,_,the
807,0,first,0,0,Ordinal_numbers,first
807,0,sign,1,0,Sign,sign
807,0,of,0,0,_,of
807,0,what,0,0,_,what
807,0,she,0,0,_,she
807,0,deems,0,0,Categorization,deem
807,0,craziness,0,0,_,craziness
807,0,.,0,0,_,.
807,1,When,0,0,Temporal_collocation,when
807,1,she,0,0,_,she
807,1,comes,0,0,Arriving,come
807,1,home,0,0,Foreign_or_domestic_country,home
807,1,from,0,0,_,from
808,0,by,0,0,_,by
808,0,Senator,0,0,_,Senator
808,0,Hollings,0,0,_,holling
808,0,.,0,0,_,.
808,1,And,0,0,_,and
808,1,",",0,0,_,","
808,1,like,0,0,Similarity,like
808,1,clockwork,0,0,_,clockwork
808,1,",",0,0,_,","
808,1,a,0,0,_,a
808,1,troika,0,0,Aggregate,troika
808,1,of,0,0,_,of
808,1,filibusterers,0,0,_,filibusterer
808,1,sprang,1,1,Self_motion,spring
808,1,into,1,0,_,into
808,1,action,0,0,Intentionally_act,action
808,1,:,0,0,_,:
808,1,Senators,0,0,_,senator
808,1,Metzenbaum,0,0,_,Metzenbaum
808,1,",",0,0,_,","
808,1,Hollings,0,0,_,holling
808,1,",",0,0,_,","
808,1,and,0,0,_,and
808,1,Joseph,0,0,_,Joseph
808,1,Biden,0,0,_,Biden
808,1,(,0,0,_,(
808,1,D-Del,0,0,_,D
808,1,.,0,0,_,.
808,1,),0,0,_,)
808,1,.,0,0,_,.
808,2,A,0,0,_,a
809,0,But,0,0,Concessive,but
809,0,if,0,0,_,if
809,0,it,0,0,_,it
809,0,were,0,0,_,be
809,0,part,1,0,Part_whole,part
809,0,of,0,0,_,of
809,0,a,0,0,_,a
809,0,disease-causing,0,0,Medical_conditions,disease
809,0,agent,0,0,Active_substance,agent
809,0,",",0,0,_,","
809,0,it,0,0,_,it
809,0,would,0,0,_,would
809,0,sometimes,0,0,Frequency,sometimes
809,0,spring,1,1,Self_motion,spring
809,0,into,1,0,_,into
809,0,action,1,0,Intentionally_act,action
809,0,",",0,0,_,","
809,0,manufacturing,1,1,Manufacturing,manufacture
809,0,pieces,1,0,Part_piece,piece
809,0,of,0,0,_,of
809,0,RNA,0,0,_,rna
809,0,in,1,0,_,in
809,0,its,0,0,_,its
809,0,own,0,0,_,own
809,0,image,1,0,Impression,image
809,0,.,0,0,_,.
809,1,Symptoms,0,0,Sign,symptom
809,1,would,0,0,_,would
809,1,follow,1,0,Relative_time,follow
809,1,.,0,0,_,.
809,2,#,0,0,_,#
810,0,``,0,0,_,`
810,0,so-called,0,0,Being_named,so
810,0,``,0,0,_,`
810,0,',0,0,_,'
810,0,subsistence,0,0,_,subsistence
810,0,users,0,0,Using,user
810,0,",",0,0,_,","
810,0,',0,0,_,'
810,0,and,0,0,_,and
810,0,this,1,0,_,this
810,0,anti-subsistence,0,0,_,anti
810,0,lobby,1,1,_,lobby
810,0,soon,0,0,Temporal_collocation,soon
810,0,sprang,1,1,_,spring
810,0,into,1,0,_,into
810,0,action,1,0,Intentionally_act,action
810,0,.,0,0,_,.
810,1,A,0,0,_,a
810,1,state,0,0,Political_locales,state
810,1,ballot,0,0,_,ballot
810,1,initiative,0,0,_,initiative
810,1,that,0,0,_,that
810,1,sought,1,1,Seeking_to_achieve,seek
810,1,to,0,0,_,to
810,1,repeal,0,0,Cause_to_end,repeal
810,1,the,0,0,_,the
810,1,subsistence,0,0,_,subsistence
810,1,law,0,0,Law,law
810,1,lost,1,0,Earnings_and_losses,lose
810,1,by,0,0,_,by
810,1,a,0,0,_,a
811,0,as,0,0,_,as
811,0,hot,0,0,Ambient_temperature,hot
811,0,coffee,0,0,Food,coffee
811,0,spilled,0,0,Fluidic_motion,spill
811,0,on,0,0,Spatial_contact,on
811,0,the,0,0,_,the
811,0,tile,0,0,Architectural_part,tile
811,0,.,0,0,_,.
811,1,Mongo,0,0,_,Mongo
811,1,froze,0,0,_,freeze
811,1,.,0,0,_,.
811,2,#,0,0,_,#
811,2,Bernot,0,0,_,bernot
811,2,sprung,1,1,Self_motion,spring
811,2,to,1,0,_,to
811,2,action.,0,0,Intentionally_act,action
811,2,``,0,0,_,`
811,3,Come,1,0,_,come
811,3,on,1,0,_,on
811,3,.,0,0,_,.
811,4,Get,0,0,Getting,get
811,4,a,0,0,_,a
811,4,towel.,0,0,_,towel
811,4,``,0,0,_,`
811,5,But,0,0,_,but
811,5,the,0,0,_,the
811,5,other,0,0,Increment,other
811,5,man,0,0,People,man
811,5,remained,0,0,State_continue,remain
812,0,of,0,0,_,of
812,0,Beachwood,0,0,_,Beachwood
812,0,",",0,0,_,","
812,0,an,0,0,_,an
812,0,ordained,0,0,_,ordain
812,0,rabbi,0,0,_,rabbi
812,0,who,0,0,_,who
812,0,runs,1,0,Operating_a_system,run
812,0,the,0,0,_,the
812,0,travel,0,0,Travel,travel
812,0,website,0,0,_,website
812,0,DansDeals.com,0,0,_,DansDeals.com
812,0,",",0,0,_,","
812,0,sprung,1,1,_,spring
812,0,to,1,0,_,to
812,0,action,0,0,Intentionally_act,action
812,0,",",0,0,_,","
812,0,buying,0,0,Commerce_buy,buy
812,0,food,0,0,Food,food
812,0,for,0,0,_,for
812,0,the,0,0,_,the
812,0,travelers,0,0,Travel,traveler
812,0,and,0,0,_,and
812,0,then,0,0,_,then
812,0,delivering,0,0,Delivery,deliver
812,0,it,0,0,_,it
812,0,to,0,0,Goal,to
812,0,the,0,0,_,the
812,0,airport,0,0,Buildings,airport
812,0,.,0,0,_,.
812,1,#,0,0,_,#
813,0,",",0,0,_,","
813,0,a,0,0,_,a
813,0,small,0,0,Size,small
813,0,child,0,0,People_by_age,child
813,0,'s,0,0,_,be
813,0,sobs,0,0,Communication_noise,sob
813,0,",",0,0,_,","
813,0,piercing,1,1,Cause_to_fragment,pierce
813,0,as,0,0,_,as
813,0,a,0,0,_,a
813,0,spear,0,0,_,spear
813,0,.,0,0,_,.
813,1,Carlyle,0,0,_,Carlyle
813,1,sprang,1,0,Self_motion,spring
813,1,to,1,0,_,to
813,1,action,0,0,Intentionally_act,action
813,1,",",0,0,_,","
813,1,no,0,0,Temporal_collocation,no
813,1,longer,0,0,Temporal_collocation,long
813,1,a,0,0,_,a
813,1,sensayer,0,0,_,sensayer
813,1,but,0,0,_,but
813,1,a,0,0,_,a
813,1,human,0,0,People,human
813,1,being,0,0,_,be
813,1,ready,0,0,Activity_ready_state,ready
813,1,to,0,0,_,to
813,1,help,0,0,Assistance,help
813,1,another,0,0,Increment,another
813,1,in,1,0,_,in
813,1,distress,0,0,Emotion_directed,distress
814,0,she,0,0,_,she
814,0,was,0,0,_,be
814,0,called,0,0,Request,call
814,0,in,1,0,_,in
814,0,",",0,0,_,","
814,0,arrested,0,0,Arrest,arrest
814,0,and,0,0,_,and
814,0,processed,0,0,_,process
814,0,for,0,0,_,for
814,0,deportation,0,0,Removing,deportation
814,0,.,0,0,_,.
814,1,Activist,0,0,_,activist
814,1,groups,0,0,Aggregate,group
814,1,sprang,1,0,Self_motion,spring
814,1,to,1,0,_,to
814,1,action,0,0,Intentionally_act,action
814,1,",",0,0,_,","
814,1,blockading,0,0,Thwarting,blockade
814,1,the,0,0,_,the
814,1,van,0,0,Vehicle,van
814,1,they,0,0,_,they
814,1,thought,0,0,Awareness,think
814,1,was,0,0,_,be
814,1,carrying,1,0,Bringing,carry
814,1,her,0,0,_,she
814,1,.,0,0,_,.
814,2,ICE,0,0,_,ice
814,2,eventually,0,0,Time_vector,eventually
814,2,did,0,0,_,do
814,2,deport,0,0,Removing,deport
814,2,her,0,0,_,she
815,0,and,0,0,_,and
815,0,other,0,0,Increment,other
815,0,acts,1,1,Intentionally_act,act
815,0,",",0,0,_,","
815,0,YWCA,0,0,_,YWCA
815,0,",",0,0,_,","
815,0,Pantsuit,0,0,_,pantsuit
815,0,Nation,0,0,_,nation
815,0,and,0,0,_,and
815,0,other,0,0,Increment,other
815,0,local,0,0,Political_locales,local
815,0,groups,0,0,Aggregate,group
815,0,have,0,0,_,have
815,0,sprung,1,1,_,spring
815,0,to,1,0,_,to
815,0,action,0,0,Intentionally_act,action
815,0,by,0,0,Means,by
815,0,hosting,0,0,Social_event,host
815,0,meetings,0,0,Discussion,meeting
815,0,and,0,0,_,and
815,0,events,0,0,_,event
815,0,around,0,0,Locative_relation,around
815,0,town,0,0,Political_locales,town
815,0,promoting,0,0,_,promote
815,0,kindness,0,0,Social_interaction_evaluation,kindness
815,0,and,0,0,_,and
815,0,talking,0,0,Discussion,talk
815,0,about,1,0,Topic,about
815,0,ways,1,0,Means,way
815,0,to,0,0,_,to
815,0,combat,1,1,Hostile_encounter,combat
816,0,1-year-old,0,0,_,1
816,0,girl,0,0,People,girl
816,0,is,0,0,_,be
816,0,recovering,0,0,_,recover
816,0,thanks,0,0,_,thank
816,0,to,1,0,_,to
816,0,two,0,0,Cardinal_numbers,two
816,0,New,0,0,_,new
816,0,York,0,0,_,york
816,0,City,0,0,_,city
816,0,police,0,0,_,police
816,0,officers,0,0,People_by_vocation,officer
816,0,who,0,0,_,who
816,0,sprang,1,1,Self_motion,spring
816,0,to,1,0,_,to
816,0,action,0,0,Intentionally_act,action
816,0,after,1,0,Relative_time,after
816,0,observing,0,0,Perception_active,observe
816,0,the,0,0,_,the
816,0,baby,0,0,People_by_age,baby
816,0,turning,0,0,Becoming,turn
816,0,blue,0,0,Color,blue
816,0,in,0,0,Interior_profile_relation,in
816,0,her,0,0,_,she
816,0,mother,0,0,Kinship,mother
816,0,'s,0,0,_,be
816,0,arms,0,0,Body_parts,arm
816,0,.,0,0,_,.
816,1,#,0,0,_,#
816,1,Police,0,0,_,Police
816,1,say,0,0,Statement,say
817,0,countries,0,0,Political_locales,country
817,0,in,0,0,Interior_profile_relation,in
817,0,Asia,0,0,_,Asia
817,0,and,0,0,_,and
817,0,elsewhere,0,0,Locative_relation,elsewhere
817,0,that,0,0,_,that
817,0,had,1,0,Possession,have
817,0,strong,1,0,Level_of_force_exertion,strong
817,0,governments,0,0,Leadership,government
817,0,and,0,0,_,and
817,0,ample,0,0,Sufficiency,ample
817,0,money,0,0,Money,money
817,0,to,0,0,_,to
817,0,spring,1,1,Self_motion,spring
817,0,to,1,0,_,to
817,0,action,1,0,Intentionally_act,action
817,0,",",0,0,_,","
817,0,the,0,0,_,the
817,0,Ebola,0,0,_,ebola
817,0,outbreak,0,0,Medical_conditions,outbreak
817,0,has,0,0,_,have
817,0,waylaid,1,1,_,waylay
817,0,nations,0,0,Political_locales,nation
817,0,that,0,0,_,that
817,0,often,0,0,Frequency,often
817,0,lack,0,0,Possession,lack
817,0,basic,0,0,Being_necessary,basic
817,0,health,0,0,_,health
817,0,care,0,0,_,care
817,0,",",0,0,_,","
817,0,much,0,0,_,much
818,0,",",0,0,_,","
818,0,but,0,0,Concessive,but
818,0,on,1,0,Temporal_collocation,on
818,0,weekends,0,0,Calendric_unit,weekend
818,0,up,1,0,_,up
818,0,to,1,0,_,to
818,0,"3,000",0,0,_,"3,000"
818,0,Army,0,0,Military,army
818,0,reservists,0,0,_,reservist
818,0,and,0,0,_,and
818,0,National,0,0,Political_locales,national
818,0,Guard,0,0,_,guard
818,0,units,0,0,_,unit
818,0,spring,1,1,Self_motion,spring
818,0,to,1,0,_,to
818,0,action,0,0,Intentionally_act,action
818,0,for,0,0,_,for
818,0,training,0,0,Education_teaching,training
818,0,exercises,0,0,Practice,exercise
818,0,.,0,0,_,.
818,1,Military,0,0,Military,military
818,1,aircraft,0,0,Vehicle,aircraft
818,1,regularly,0,0,Frequency,regularly
818,1,roar,0,0,Sounds,roar
818,1,in,0,0,_,in
818,1,and,0,0,_,and
818,1,out,0,0,_,out
818,1,of,0,0,_,of
818,1,the,0,0,_,the
818,1,base,0,0,Locale_by_use,base
818,1,'s,0,0,_,be
819,0,to,0,0,_,to
819,0,make,0,0,Manufacturing,make
819,0,coffee,0,0,Food,coffee
819,0,.,0,0,_,.
819,1,Andi,0,0,_,Andi
819,1,was,0,0,_,be
819,1,n't,0,0,_,not
819,1,acting,0,0,Conduct,act
819,1,put,1,1,_,put
819,1,out,1,0,_,out
819,1,.,0,0,_,.
819,2,She,0,0,_,she
819,2,had,0,0,_,have
819,2,sprung,1,1,Self_motion,spring
819,2,to,1,0,_,to
819,2,action,0,0,Intentionally_act,action
819,2,instantly,0,0,_,instantly
819,2,",",0,0,_,","
819,2,saying,0,0,Statement,say
819,2,",",0,0,_,","
819,2,``,0,0,_,`
819,2,No,0,0,_,no
819,2,",",0,0,_,","
819,2,it,0,0,_,it
819,2,would,0,0,_,would
819,2,be,0,0,_,be
819,2,my,0,0,_,my
819,2,pleasure,0,0,Experiencer_focus,pleasure
819,2,",",0,0,_,","
819,2,Leo,0,0,_,Leo
819,2,.,0,0,_,.
820,0,fixing,0,0,Resolve_problem,fix
820,0,anything,0,0,_,anything
820,0,as,0,0,_,as
820,0,this,1,0,_,this
820,0,guy,0,0,People,guy
820,0,was,0,0,_,be
820,0,focused,1,0,Emphasizing,focus
820,0,on,1,0,_,on
820,0,repairing,0,0,Building,repair
820,0,our,0,0,_,our
820,0,flat,0,0,Building_subparts,flat
820,0,.,0,0,_,.
820,1,He,0,0,_,he
820,1,sprang,1,0,Self_motion,spring
820,1,to,1,0,_,to
820,1,action,0,0,Intentionally_act,action
820,1,and,0,0,_,and
820,1,worked,0,0,Work,work
820,1,as,0,0,_,as
820,1,if,0,0,_,if
820,1,he,0,0,_,he
820,1,could,0,0,Capability,could
820,1,do,0,0,Intentionally_act,do
820,1,this,1,0,_,this
820,1,sort,0,0,Type,sort
820,1,of,0,0,_,of
820,1,thing,1,0,_,thing
820,1,in,1,0,_,in
820,1,his,0,0,_,his
820,1,sleep,0,0,Sleep,sleep
820,1,.,0,0,_,.
821,0,",",0,0,_,","
821,0,a,0,0,_,a
821,0,Teacup,0,0,_,teacup
821,0,Persian,0,0,_,persian
821,0,Kitten,0,0,_,kitten
821,0,called,0,0,Referring_by_name,call
821,0,',0,0,_,'
821,0,Mercy,0,0,_,mercy
821,0,",",0,0,_,","
821,0,',0,0,_,'
821,0,forced,1,0,Causation,force
821,0,Torres,0,0,_,Torres
821,0,to,0,0,_,to
821,0,spring,1,0,Self_motion,spring
821,0,to,1,0,_,to
821,0,action,0,0,Intentionally_act,action
821,0,and,0,0,_,and
821,0,throw,1,0,Cause_motion,throw
821,0,down,1,0,_,down
821,0,the,0,0,_,the
821,0,gauntlet,1,1,_,gauntlet
821,0,.,0,0,_,.
821,1,#,0,0,_,#
821,1,``,0,0,_,`
821,1,We,0,0,_,we
821,1,get,0,0,Getting,get
821,1,thousands,0,0,Quantified_mass,thousand
821,1,of,0,0,_,of
821,1,e-mails,0,0,Text,e
821,1,a,0,0,_,a
821,1,month,0,0,Calendric_unit,month
822,0,at,0,0,Proportional_quantity,at
822,0,least,0,0,Proportional_quantity,least
822,0,latently,0,0,_,latently
822,0,racist,0,0,Social_interaction_evaluation,racist
822,0,),0,0,_,)
822,0,.,0,0,_,.
822,1,#,0,0,_,#
822,1,in,1,0,_,in
822,1,an,0,0,_,an
822,1,emergency,0,0,_,emergency
822,1,one,0,0,_,one
822,1,would,0,0,_,would
822,1,normally,0,0,_,normally
822,1,spring,1,1,Self_motion,spring
822,1,to,1,0,_,to
822,1,action,0,0,Intentionally_act,action
822,1,unless,0,0,_,unless
822,1,ideological,0,0,_,ideological
822,1,obstructions,0,0,Hindering,obstruction
822,1,to,1,0,_,to
822,1,that,1,0,_,that
822,1,action,0,0,Intentionally_act,action
822,1,exist,0,0,Existence,exist
822,1,--,0,0,_,--
822,1,racism,0,0,_,racism
822,1,",",0,0,_,","
822,1,sexism,0,0,_,sexism
822,1,",",0,0,_,","
822,1,homophobia,0,0,_,homophobia
822,1,",",0,0,_,","
822,1,classism,0,0,_,classism
823,0,Were,0,0,_,be
823,0,potential,0,0,Capability,potential
823,0,warning,0,0,_,warn
823,0,signs,1,0,Sign,sign
823,0,missed,0,0,Success_or_failure,miss
823,0,?,0,0,_,?
823,1,Plus,0,0,_,plus
823,1,",",0,0,_,","
823,1,a,0,0,_,a
823,1,number,0,0,Quantified_mass,number
823,1,of,0,0,_,of
823,1,heroes,0,0,_,hero
823,1,sprang,1,1,Self_motion,spring
823,1,to,1,0,_,to
823,1,action,0,0,Intentionally_act,action
823,1,in,1,0,_,in
823,1,a,0,0,_,a
823,1,desperate,1,0,_,desperate
823,1,attempt,0,0,Attempt,attempt
823,1,to,0,0,_,to
823,1,subdue,0,0,Thwarting,subdue
823,1,the,0,0,_,the
823,1,shooting,0,0,Killing,shoot
823,1,suspect,0,0,Being_questionable,suspect
823,1,.,0,0,_,.
823,2,What,0,0,_,what
823,2,should,0,0,Desirable_event,should
823,2,you,0,0,_,you
823,2,do,0,0,Intentionally_act,do
823,2,if,0,0,_,if
824,0,code,0,0,_,code
824,0,blue,0,0,_,blue
824,0,?,0,0,_,?
824,1,It,0,0,_,it
824,1,does,0,0,_,do
824,1,n't,0,0,_,not
824,1,take,1,0,Taking_time,take
824,1,her,0,0,_,she
824,1,more,0,0,Increment,more
824,1,than,0,0,_,than
824,1,a,0,0,_,a
824,1,minute,0,0,Measure_duration,minute
824,1,to,0,0,_,to
824,1,spring,1,0,Self_motion,spring
824,1,to,1,0,_,to
824,1,action,0,0,Intentionally_act,action
824,1,and,0,0,_,and
824,1,intervene,0,0,Assistance,intervene
824,1,.,0,0,_,.
824,2,ELENA-MOORE-1MOTH,0,0,_,ELENA
824,2,#,0,0,_,#
824,2,Do,0,0,_,do
824,2,n't,0,0,_,not
824,2,do,0,0,Intentionally_act,do
824,2,it,0,0,_,it
824,2,if,0,0,_,if
824,2,you,0,0,_,you
824,2,do,0,0,_,do
824,2,n't,0,0,_,not
824,2,want,0,0,Desiring,want
824,2,to,0,0,_,to
824,2,.,0,0,_,.
825,0,weapon,0,0,Weapon,weapon
825,0,as,0,0,_,as
825,0,I,0,0,_,I
825,0,crossed,0,0,Traversing,cross
825,0,the,0,0,_,the
825,0,room,0,0,Building_subparts,room
825,0,.,0,0,_,.
825,1,I,0,0,_,I
825,1,looked,0,0,Perception_active,look
825,1,up,0,0,_,up
825,1,just,0,0,_,just
825,1,as,0,0,_,as
825,1,he,0,0,_,he
825,1,sprang,1,1,Self_motion,spring
825,1,to,1,0,_,to
825,1,action,0,0,Intentionally_act,action
825,1,",",0,0,_,","
825,1,landing,0,0,Impact,land
825,1,on,0,0,_,on
825,1,me,0,0,_,I
825,1,with,1,0,_,with
825,1,enough,0,0,Sufficiency,enough
825,1,force,0,0,_,force
825,1,that,0,0,_,that
825,1,we,0,0,_,we
825,1,rolled,0,0,Self_motion,roll
825,1,several,0,0,Quantified_mass,several
825,1,times,0,0,Event_instance,time
825,1,to,0,0,_,to
825,1,the,0,0,_,the
825,1,side,0,0,Part_orientational,side
826,0,was,0,0,_,be
826,0,insolent,0,0,Social_interaction_evaluation,insolent
826,0,",",0,0,_,","
826,0,suspicious,0,0,Awareness,suspicious
826,0,the,0,0,_,the
826,0,caller,0,0,Contacting,caller
826,0,was,0,0,_,be
826,0,just,0,0,_,just
826,0,another,0,0,Increment,another
826,0,reporter,0,0,_,reporter
826,0,",",0,0,_,","
826,0,but,0,0,_,but
826,0,he,0,0,_,he
826,0,sprang,1,0,Self_motion,spring
826,0,to,1,0,_,to
826,0,action,0,0,Intentionally_act,action
826,0,when,0,0,Temporal_collocation,when
826,0,he,0,0,_,he
826,0,learned,0,0,Becoming_aware,learn
826,0,it,0,0,_,it
826,0,was,0,0,_,be
826,0,the,0,0,_,the
826,0,Secretary,0,0,_,Secretary
826,0,General,0,0,Leadership,general
826,0,.,0,0,_,.
826,1,The,0,0,_,the
826,1,distinguished-looking,0,0,_,distinguished
826,1,Indian,0,0,Origin,indian
826,1,woman,0,0,People,woman
826,1,was,0,0,_,be
826,1,soon,0,0,_,soon
827,0,strange,0,0,Idiosyncrasy,strange
827,0,.,0,0,_,.
827,1,Understand,0,0,Awareness,understand
827,1,that,0,0,_,that
827,1,cultural,0,0,_,cultural
827,1,variations,0,0,Similarity,variation
827,1,may,0,0,Likelihood,may
827,1,account,0,0,Explaining_the_facts,account
827,1,for,0,0,_,for
827,1,diverse,0,0,Diversity,diverse
827,1,grief,0,0,Emotion_directed,grief
827,1,reactions,1,0,Response,reaction
827,1,.,0,0,_,.
827,2,Springing,1,1,Self_motion,spring
827,2,to,1,0,_,to
827,2,action,0,0,Intentionally_act,action
827,2,It,0,0,_,it
827,2,is,0,0,_,be
827,2,important,0,0,Importance,important
827,2,to,0,0,_,to
827,2,take,1,0,Intentionally_act,take
827,2,action,0,0,Intentionally_act,action
827,2,.,0,0,_,.
827,3,Encourage,0,0,Subjective_influence,encourage
827,3,people,0,0,People,people
827,3,who,0,0,_,who
827,3,are,0,0,_,be
827,3,bereaved,0,0,_,bereaved
827,3,to,0,0,_,to
827,3,become,0,0,Becoming,become
827,3,active,0,0,Being_active,active
828,0,Mr.,0,0,_,Mr.
828,0,Jorgensen,0,0,_,Jorgensen
828,0,turned,0,0,Turning_out,turn
828,0,out,0,0,Turning_out,out
828,0,to,0,0,_,to
828,0,be,0,0,_,be
828,0,the,0,0,_,the
828,0,kind,0,0,Type,kind
828,0,of,0,0,_,of
828,0,man,0,0,People,man
828,0,who,0,0,_,who
828,0,likes,0,0,Desiring,like
828,0,to,0,0,_,to
828,0,spring,1,1,Self_motion,spring
828,0,to,1,0,_,to
828,0,action,0,0,Intentionally_act,action
828,0,at,1,0,_,at
828,0,the,0,0,_,the
828,0,slightest,1,0,_,slightest
828,0,excuse,0,0,_,excuse
828,0,.,0,0,_,.
828,1,I,0,0,_,I
828,1,had,0,0,_,have
828,1,hardly,0,0,_,hardly
828,1,taken,1,0,_,take
828,1,my,0,0,_,my
828,1,position,0,0,_,position
828,1,when,0,0,_,when
828,1,I,0,0,_,I
828,1,inadvertently,0,0,_,inadvertently
828,1,shifted,0,0,_,shift
829,0,.,0,0,_,.
829,1,#,0,0,_,#
829,1,Creswell,0,0,_,Creswell
829,1,was,0,0,_,be
829,1,just,0,0,_,just
829,1,one,0,0,Cardinal_numbers,one
829,1,of,0,0,Partitive,of
829,1,hundreds,0,0,Quantified_mass,hundred
829,1,of,0,0,_,of
829,1,Acadian,0,0,_,acadian
829,1,Ambulance,0,0,_,ambulance
829,1,employees,0,0,Employing,employee
829,1,who,0,0,_,who
829,1,sprang,1,1,Self_motion,spring
829,1,to,1,0,_,to
829,1,action,0,0,Intentionally_act,action
829,1,in,0,0,_,in
829,1,the,0,0,_,the
829,1,wake,1,0,_,wake
829,1,of,0,0,_,of
829,1,the,0,0,_,the
829,1,worst,0,0,Desirability,bad
829,1,natural,0,0,_,natural
829,1,disaster,0,0,Catastrophe,disaster
829,1,in,0,0,_,in
829,1,U.S.,0,0,_,U.S.
829,1,history,0,0,Individual_history,history
829,1,.,0,0,_,.
829,2,But,0,0,_,but
829,2,the,0,0,_,the
829,2,quick,0,0,Speed_description,quick
830,0,the,0,0,_,the
830,0,hallways,0,0,Buildings,hallway
830,0,up,1,0,Locative_relation,up
830,0,above,0,0,Directional_locative_relation,above
830,0,and,0,0,_,and
830,0,in,0,0,Interior_profile_relation,in
830,0,tunnels,0,0,Roadways,tunnel
830,0,below,0,0,Directional_locative_relation,below
830,0,the,0,0,_,the
830,0,stands,0,0,_,stand
830,0,.,0,0,_,.
830,1,They,0,0,_,they
830,1,can,0,0,Capability,can
830,1,spring,1,1,Self_motion,spring
830,1,to,1,0,_,to
830,1,action,0,0,Intentionally_act,action
830,1,in,1,0,_,in
830,1,seconds,0,0,Measure_duration,second
830,1,if,0,0,_,if
830,1,someone,0,0,_,someone
830,1,is,0,0,_,be
830,1,injured.,0,0,Cause_harm,injure
830,1,``,0,0,_,`
830,2,Everybody,0,0,_,everybody
830,2,'s,0,0,_,be
830,2,being,0,0,_,be
830,2,watched,0,0,Perception_active,watch
830,2,",",0,0,_,","
830,2,``,0,0,_,`
830,2,Olsen,0,0,_,Olsen
831,0,contemplated,1,1,Cogitation,contemplate
831,0,buying,0,0,Commerce_buy,buy
831,0,a,0,0,_,a
831,0,work,0,0,Craft,work
831,0,by,0,0,_,by
831,0,the,0,0,_,the
831,0,Massachusetts,0,0,_,Massachusetts
831,0,artist,0,0,Create_physical_artwork,artist
831,0,Ben,0,0,_,Ben
831,0,Aronson,0,0,_,Aronson
831,0,",",0,0,_,","
831,0,but,0,0,_,but
831,0,only,0,0,_,only
831,0,sprang,1,1,_,spring
831,0,to,1,0,_,to
831,0,action,0,0,Intentionally_act,action
831,0,--,0,0,_,--
831,0,beating,1,0,_,beat
831,0,out,0,0,_,out
831,0,12,0,0,Cardinal_numbers,12
831,0,other,0,0,Increment,other
831,0,collectors,0,0,_,collector
831,0,--,0,0,_,--
831,0,when,0,0,Temporal_collocation,when
831,0,the,0,0,_,the
831,0,artist,0,0,Create_physical_artwork,artist
831,0,produced,0,0,Creating,produce
831,0,Rain,0,0,_,rain
831,0,",",0,0,_,","
831,0,Fifth,0,0,_,fifth
831,0,Avenue,0,0,_,Avenue
832,0,chest,0,0,Body_parts,chest
832,0,.,0,0,_,.
832,1,Except,0,0,_,except
832,1,for,0,0,_,for
832,1,his,0,0,_,his
832,1,boots,0,0,Clothing,boot
832,1,he,0,0,_,he
832,1,was,0,0,_,be
832,1,still,0,0,Continued_state_of_affairs,still
832,1,dressed,0,0,Wearing,dress
832,1,",",0,0,_,","
832,1,ready,0,0,Activity_ready_state,ready
832,1,to,0,0,_,to
832,1,spring,1,1,Self_motion,spring
832,1,to,1,0,_,to
832,1,action,0,0,Intentionally_act,action
832,1,should,0,0,_,should
832,1,the,0,0,_,the
832,1,need,0,0,Needing,need
832,1,arise,1,1,Coming_to_be,arise
832,1,.,0,0,_,.
832,2,Dead,0,0,Dead_or_alive,dead
832,2,",",0,0,_,","
832,2,my,0,0,_,my
832,2,former,0,0,Time_vector,former
832,2,sister-in-law,0,0,Kinship,sister
832,2,could,0,0,Possibility,could
832,2,only,0,0,_,only
832,2,be,0,0,_,be
832,2,grieved,0,0,Emotion_directed,grieve
832,2,.,0,0,_,.
833,0,a,0,0,_,a
833,0,man,0,0,People,man
833,0,of,0,0,_,of
833,0,prayerful,0,0,_,prayerful
833,0,piety,0,0,_,piety
833,0,",",0,0,_,","
833,0,Sheik,0,0,_,sheik
833,0,Zafzaf,0,0,_,Zafzaf
833,0,recalled,1,0,Statement,recall
833,0,how,0,0,_,how
833,0,quickly,0,0,Speed_description,quickly
833,0,Al,0,0,_,Al
833,0,Azhar,0,0,_,Azhar
833,0,sprang,1,1,Self_motion,spring
833,0,to,1,0,_,to
833,0,action,0,0,Intentionally_act,action
833,0,on,1,0,_,on
833,0,the,0,0,_,the
833,0,Friday,0,0,Calendric_unit,Friday
833,0,after,1,0,Time_vector,after
833,0,Sept.,0,0,_,Sept.
833,0,11,0,0,_,11
833,0,.,0,0,_,.
833,1,#,0,0,_,#
833,1,``,0,0,_,`
833,1,We,0,0,_,we
833,1,circulated,0,0,Dispersal,circulate
833,1,the,0,0,_,the
833,1,guidance,0,0,_,guidance
833,1,to,1,0,_,to
833,1,clerics,0,0,_,cleric
834,0,police,0,0,People_by_vocation,police
834,0,officers,0,0,People_by_vocation,officer
834,0,for,0,0,_,for
834,0,generations,0,0,Kinship,generation
834,0,.,0,0,_,.
834,1,Its,0,0,_,its
834,1,people,0,0,People,people
834,1,know,0,0,Awareness,know
834,1,what,0,0,_,what
834,1,to,0,0,_,to
834,1,do,0,0,Intentionally_act,do
834,1,.,0,0,_,.
834,2,They,0,0,_,they
834,2,sprang,1,1,Self_motion,spring
834,2,to,1,0,_,to
834,2,action,0,0,Intentionally_act,action
834,2,",",0,0,_,","
834,2,some,0,0,Proportional_quantity,some
834,2,of,0,0,Partitive,of
834,2,them,0,0,_,they
834,2,trying,0,0,Attempt,try
834,2,to,0,0,_,to
834,2,use,0,0,Using,use
834,2,their,0,0,_,their
834,2,own,0,0,_,own
834,2,garden,0,0,Locale_by_use,garden
834,2,hoses,0,0,Substance,hose
834,2,.,0,0,_,.
834,3,#,0,0,_,#
834,3,Higgins,0,0,_,Higgins
834,3,said,0,0,Statement,say
835,0,be,0,0,_,be
835,0,",",0,0,_,","
835,0,too,0,0,_,too
835,0,",",0,0,_,","
835,0,if,0,0,_,if
835,0,we,0,0,_,we
835,0,did,0,0,_,do
835,0,not,0,0,Negation,not
835,0,make,1,0,_,make
835,0,haste,0,0,_,haste
835,0,.,0,0,_,.
835,1,All,0,0,Quantified_mass,all
835,1,hands,0,0,Body_parts,hand
835,1,sprang,1,1,Self_motion,spring
835,1,to,1,0,_,to
835,1,action,0,0,Intentionally_act,action
835,1,.,0,0,_,.
835,2,We,0,0,_,we
835,2,corralled,0,0,Cause_motion,corral
835,2,our,0,0,_,our
835,2,wagons,0,0,Vehicle,wagon
835,2,and,0,0,_,and
835,2,took,1,0,_,take
835,2,our,0,0,_,our
835,2,places,0,0,_,place
835,2,inside,0,0,Interior_profile_relation,inside
835,2,the,0,0,_,the
835,2,circle,0,0,Shapes,circle
835,2,.,0,0,_,.
835,3,But,0,0,_,but
835,3,we,0,0,_,we
836,0,Gotchya,0,0,_,Gotchya
836,0,!,0,0,_,!
836,1,Fred,0,0,_,fred
836,1,whips,0,0,Manipulation,whip
836,1,araund,0,0,_,araund
836,1,",",0,0,_,","
836,1,finds,0,0,Becoming_aware,find
836,1,Mordant,0,0,_,mordant
836,1,standing,0,0,Posture,stand
836,1,behind,0,0,_,behind
836,1,him,0,0,_,he
836,1,.,0,0,_,.
836,2,He,0,0,_,he
836,2,SPRINGS,0,0,Self_motion,spring
836,2,TO,1,0,_,to
836,2,ACTION,0,0,Intentionally_act,action
836,2,pulling,0,0,Intentionally_act,pull
836,2,off,0,0,Intentionally_act,off
836,2,a,0,0,_,a
836,2,lightning,1,1,_,lightne
836,2,quick,1,0,Speed_description,quick
836,2,IRON,0,0,_,iron
836,2,HAMMER,0,0,_,HAMMER
836,2,FIST,0,0,_,fist
836,2,STRIKE,0,0,_,strike
836,2,",",0,0,_,","
836,2,a,0,0,_,a
836,2,PALM,0,0,_,palm
836,2,HEEL,0,0,_,heel
836,2,BLOCK,0,0,_,block
836,2,",",0,0,_,","
837,0,several,0,0,Quantified_mass,several
837,0,of,0,0,_,of
837,0,his,0,0,_,his
837,0,operatives,1,1,People_by_vocation,operative
837,0,",",0,0,_,","
837,0,including,0,0,Inclusion,include
837,0,his,0,0,_,his
837,0,girlfriend,0,0,Personal_relationship,girlfriend
837,0,Magdalena,0,0,_,Magdalena
837,0,Kopp,0,0,_,kopp
837,0,",",0,0,_,","
837,0,the,0,0,_,the
837,0,Jackal,0,0,_,jackal
837,0,sprang,1,1,Self_motion,spring
837,0,to,1,0,_,to
837,0,action,0,0,Intentionally_act,action
837,0,.,0,0,_,.
837,1,In,1,0,Temporal_collocation,in
837,1,February,0,0,_,February
837,1,",",0,0,_,","
837,1,1982,0,0,_,1982
837,1,",",0,0,_,","
837,1,he,0,0,_,he
837,1,sent,0,0,Sending,send
837,1,this,1,0,_,this
837,1,ominous,0,0,Omen,ominous
837,1,letter,0,0,Text,letter
837,1,to,1,0,Goal,to
837,1,a,0,0,_,a
837,1,French,0,0,_,french
837,1,government,0,0,Leadership,government
838,0,continues,0,0,Activity_ongoing,continue
838,0,to,0,0,_,to
838,0,stand,1,0,Posture,stand
838,0,by,0,0,_,by
838,0,her,0,0,_,she
838,0,charge,1,1,_,charge
838,0,'s,0,0,_,be
838,0,side,1,0,Taking_sides,side
838,0,",",0,0,_,","
838,0,saying,0,0,Statement,say
838,0,nothing,0,0,_,nothing
838,0,",",0,0,_,","
838,0,or,0,0,_,or
838,0,lurches,1,1,Self_motion,lurch
838,0,into,1,0,_,into
838,0,action,0,0,Intentionally_act,action
838,0,to,0,0,_,to
838,0,break,0,0,Cause_to_fragment,break
838,0,the,0,0,_,the
838,0,bones,0,0,_,bone
838,0,of,0,0,_,of
838,0,anyone,0,0,_,anyone
838,0,foolish,0,0,Mental_property,foolish
838,0,enough,0,0,Sufficiency,enough
838,0,to,0,0,_,to
838,0,threaten,0,0,Commitment,threaten
838,0,him,0,0,_,he
838,0,.,0,0,_,.
838,1,#,0,0,_,#
838,1,Draiken,0,0,_,draiken
838,1,has,0,0,Possession,have
839,0,front,0,0,Part_orientational,front
839,0,of,0,0,_,of
839,0,her,0,0,_,she
839,0,",",0,0,_,","
839,0,Ali,0,0,_,Ali
839,0,tightened,1,1,Cause_change_of_strength,tighten
839,0,her,0,0,_,she
839,0,fingers,0,0,Body_parts,finger
839,0,into,1,0,_,into
839,0,fists,0,0,Body_parts,fist
839,0,as,0,0,_,as
839,0,the,0,0,_,the
839,0,crew,0,0,Aggregate,crew
839,0,lurched,1,1,Self_motion,lurch
839,0,into,1,0,_,into
839,0,action,0,0,Intentionally_act,action
839,0,around,0,0,Locative_relation,around
839,0,her,0,0,_,she
839,0,.,0,0,_,.
839,1,Lights,0,0,_,light
839,1,blinked,0,0,Moving_in_place,blink
839,1,",",0,0,_,","
839,1,hand,0,0,Body_parts,hand
839,1,signals,0,0,Communication,signal
839,1,waved,0,0,Moving_in_place,wave
839,1,",",0,0,_,","
839,1,and,0,0,_,and
839,1,on,0,0,Spatial_contact,on
839,1,every,0,0,_,every
839,1,side,0,0,Part_orientational,side
839,1,technicians,0,0,People_by_vocation,technician
840,0,pushing,0,0,Cause_motion,push
840,0,and,0,0,_,and
840,0,shoving,0,0,Cause_motion,shove
840,0,it,0,0,_,it
840,0,into,0,0,_,into
840,0,an,0,0,_,an
840,0,overhead,0,0,_,overhead
840,0,space,0,0,_,space
840,0,.,0,0,_,.
840,1,Meanwhile,0,0,_,meanwhile
840,1,",",0,0,_,","
840,1,the,0,0,_,the
840,1,train,0,0,Vehicle,train
840,1,lurched,1,1,Self_motion,lurch
840,1,into,1,0,_,into
840,1,action,1,0,Intentionally_act,action
840,1,.,0,0,_,.
840,2,It,0,0,_,it
840,2,grumbled,1,1,Sounds,grumble
840,2,its,0,0,_,its
840,2,way,0,0,Self_motion,way
840,2,through,0,0,_,through
840,2,the,0,0,_,the
840,2,train,0,0,Vehicle,train
840,2,yard,0,0,Locale_by_use,yard
840,2,",",0,0,_,","
840,2,out,0,0,_,out
840,2,of,0,0,_,of
840,2,the,0,0,_,the
840,2,station,0,0,Locale_by_use,station
840,2,and,0,0,_,and
841,0,s,0,0,_,s
841,0,The,0,0,_,the
841,0,Nature,0,0,_,nature
841,0,of,0,0,_,of
841,0,the,0,0,_,the
841,0,Beast,0,0,_,Beast
841,0,.,0,0,_,.
841,1,Opener,0,0,Activity_start,opener
841,1,``,0,0,_,`
841,1,All,0,0,Locative_relation,all
841,1,Over,0,0,Locative_relation,over
841,1,Town,0,0,Political_locales,town
841,1,``,0,0,_,`
841,1,lurches,1,1,Self_motion,lurch
841,1,into,1,0,_,into
841,1,action,1,0,Intentionally_act,action
841,1,on,1,0,_,on
841,1,a,0,0,_,a
841,1,lopsided,0,0,_,lopsided
841,1,riff,0,0,_,riff
841,1,before,1,0,Time_vector,before
841,1,finding,1,0,Locating,find
841,1,its,0,0,_,its
841,1,awesome,0,0,Desirability,awesome
841,1,groove,1,1,Temporal_pattern,groove
841,1,",",0,0,_,","
841,1,--,0,0,_,--
841,1,a,0,0,_,a
841,1,groove,1,1,_,groove
841,1,they,0,0,_,they
841,1,seldom,0,0,Frequency,seldom
842,0,the,0,0,_,the
842,0,split,1,1,_,split
842,0,second,0,0,Measure_duration,second
842,0,it,0,0,_,it
842,0,took,1,0,Taking_time,take
842,0,her,0,0,_,she
842,0,to,0,0,_,to
842,0,check,0,0,Inspecting,check
842,0,that,0,0,_,that
842,0,yes,0,0,_,yes
842,0,",",0,0,_,","
842,0,Neco,0,0,_,Neco
842,0,was,0,0,_,be
842,0,lurching,0,0,Self_motion,lurch
842,0,into,1,0,_,into
842,0,action,0,0,Intentionally_act,action
842,0,",",0,0,_,","
842,0,Greyston,0,0,_,greyston
842,0,was,0,0,_,be
842,0,on,0,0,Spatial_contact,on
842,0,his,0,0,_,his
842,0,knees,0,0,Body_parts,knee
842,0,with,0,0,_,with
842,0,his,0,0,_,his
842,0,head,0,0,Body_parts,head
842,0,forced,0,0,Cause_motion,force
842,0,back,0,0,_,back
842,0,by,0,0,_,by
842,0,a,0,0,_,a
842,0,rapier-thin,0,0,_,rapier
842,0,sword,0,0,Weapon,sword
843,0,into,0,0,Goal,into
843,0,the,0,0,_,the
843,0,house,0,0,Buildings,house
843,0,.,0,0,_,.
843,1,The,0,0,_,the
843,1,mist-apes,0,0,_,mist
843,1,looked,0,0,Perception_active,look
843,1,at,1,0,_,at
843,1,one,0,0,_,one
843,1,another,0,0,_,another
843,1,",",0,0,_,","
843,1,then,0,0,_,then
843,1,abruptly,0,0,_,abruptly
843,1,lurched,1,1,Self_motion,lurch
843,1,into,1,0,_,into
843,1,action,0,0,Intentionally_act,action
843,1,",",0,0,_,","
843,1,filing,0,0,Self_motion,file
843,1,out,0,0,_,out
843,1,behind,0,0,_,behind
843,1,him,0,0,_,he
843,1,.,0,0,_,.
843,2,Pog,0,0,_,Pog
843,2,heard,0,0,Perception_experience,hear
843,2,the,0,0,_,the
843,2,steamwagon,0,0,_,steamwagon
843,2,puff,0,0,Moving_in_place,puff
843,2,itself,0,0,_,itself
843,2,up,0,0,_,up
843,2,",",0,0,_,","
843,2,then,0,0,_,then
844,0,.,0,0,_,.
844,1,PHILLIPS,0,0,_,phillip
844,1,:,0,0,_,:
844,1,Well,0,0,_,well
844,1,",",0,0,_,","
844,1,this,1,0,_,this
844,1,huge,1,0,Size,huge
844,1,security,0,0,Being_at_risk,security
844,1,operation,0,0,Businesses,operation
844,1,now,0,0,Temporal_collocation,now
844,1,--,0,0,_,--
844,1,has,0,0,_,have
844,1,now,0,0,Temporal_collocation,now
844,1,lurched,1,1,Self_motion,lurch
844,1,into,1,0,_,into
844,1,action,1,0,Intentionally_act,action
844,1,.,0,0,_,.
844,2,There,0,0,Existence,there
844,2,were,0,0,Existence,be
844,2,thousands,0,0,Quantified_mass,thousand
844,2,of,0,0,_,of
844,2,FBI,0,0,_,FBI
844,2,",",0,0,_,","
844,2,local,0,0,Political_locales,local
844,2,police,0,0,_,police
844,2,and,0,0,_,and
844,2,other,0,0,Increment,other
844,2,security,0,0,Being_at_risk,security
844,2,agents,0,0,People_by_vocation,agent
844,2,who,0,0,_,who
844,2,were,0,0,_,be
845,0,top,1,0,Occupy_rank,top
845,0,prize,0,0,_,prize
845,0,of,0,0,_,of
845,0,$,0,0,_,$
845,0,"360,000",0,0,_,"360,000"
845,0,.,0,0,_,.
845,0,),0,0,_,)
845,1,#,0,0,_,#
845,1,Belatedly,0,0,_,belatedly
845,1,",",0,0,_,","
845,1,the,0,0,_,the
845,1,PGA,0,0,_,PGA
845,1,of,0,0,_,of
845,1,America,0,0,_,America
845,1,lurched,1,1,Self_motion,lurch
845,1,into,1,0,_,into
845,1,action,1,0,Intentionally_act,action
845,1,",",0,0,_,","
845,1,and,0,0,_,and
845,1,called,1,0,Request,call
845,1,a,0,0,_,a
845,1,truce,0,0,Be_in_agreement_on_action,truce
845,1,by,0,0,Means,by
845,1,setting,1,0,Intentionally_create,set
845,1,up,1,0,Intentionally_create,up
845,1,the,0,0,_,the
845,1,Tournament,0,0,_,tournament
845,1,Players,0,0,_,player
845,1,Division,0,0,_,division
845,1,and,0,0,_,and
845,1,hiring,0,0,Hiring,hire
845,1,former,0,0,_,former
846,0,Crimea,0,0,_,Crimea
846,0,to,0,0,_,to
846,0,force,1,0,Causation,force
846,0,Gorbachev,0,0,_,Gorbachev
846,0,'s,0,0,_,be
846,0,resignation,0,0,Withdraw_from_participation,resignation
846,0,.,0,0,_,.
846,1,When,0,0,Temporal_collocation,when
846,1,he,0,0,_,he
846,1,defied,0,0,Compliance,defy
846,1,them,0,0,_,they
846,1,",",0,0,_,","
846,1,they,0,0,_,they
846,1,lurched,1,1,Self_motion,lurch
846,1,into,1,0,_,into
846,1,action,0,0,Intentionally_act,action
846,1,.,0,0,_,.
846,2,Col.,0,0,_,Col
846,2,Gen.,0,0,_,Gen.
846,2,Igor,0,0,_,igor
846,2,Maltsev,0,0,_,maltsev
846,2,",",0,0,_,","
846,2,commander,0,0,Leadership,commander
846,2,of,0,0,_,of
846,2,Soviet,0,0,_,soviet
846,2,air-defense,0,0,Weapon,air
846,2,forces,0,0,Military,force
846,2,",",0,0,_,","
846,2,closed,0,0,Openness,close
846,2,the,0,0,_,the
846,2,runways,0,0,_,runway
847,0,thank,0,0,Judgment_direct_address,thank
847,0,firefighters,0,0,People_by_vocation,firefighter
847,0,and,0,0,_,and
847,0,local,0,0,Political_locales,local
847,0,police,0,0,_,police
847,0,and,0,0,_,and
847,0,of,0,0,_,of
847,0,course,0,0,_,course
847,0,the,0,0,_,the
847,0,Capitol,0,0,_,capitol
847,0,Police,0,0,_,Police
847,0,",",0,0,_,","
847,0,who,0,0,_,who
847,0,sprinted,0,0,Self_motion,sprint
847,0,into,1,0,_,into
847,0,action,0,0,Intentionally_act,action
847,0,immediately,0,0,_,immediately
847,0,to,0,0,_,to
847,0,try,0,0,Attempt,try
847,0,to,0,0,_,to
847,0,get,1,0,Getting,get
847,0,the,0,0,_,the
847,0,situation,0,0,_,situation
847,0,under,1,0,_,under
847,0,control,0,0,Being_in_control,control
847,0,.,0,0,_,.
847,1,And,0,0,_,and
847,1,",",0,0,_,","
847,1,of,0,0,_,of
847,1,course,0,0,_,course
847,1,",",0,0,_,","
848,0,the,0,0,_,the
848,0,whole,0,0,_,whole
848,0,time,0,0,_,time
848,0,.,0,0,_,.
848,1,That,1,0,_,that
848,1,'s,0,0,_,be
848,1,all,0,0,_,all
848,1,Ponch,0,0,_,Ponch
848,1,needs,0,0,Needing,need
848,1,to,0,0,_,to
848,1,hear,0,0,Hearsay,hear
848,1,.,0,0,_,.
848,2,He,0,0,_,he
848,2,sprints,0,0,Self_motion,sprint
848,2,into,1,0,_,into
848,2,action,0,0,Intentionally_act,action
848,2,.,0,0,_,.
848,3,(,0,0,_,(
848,3,Garcia-driving,0,0,_,Garcia
848,3,;,0,0,_,;
848,3,-po,0,0,_,-po
848,3,Deputy,0,0,_,deputy
848,3,GARCIA,0,0,_,GARCIA
848,3,:,0,0,_,:
848,3,(,0,0,_,(
848,3,Outside,0,0,Part_inner_outer,outside
848,3,vehicle,0,0,Vehicle,vehicle
848,3,),0,0,_,)
848,3,It,0,0,_,it
848,3,'s,0,0,_,be
848,3,--,0,0,_,--
848,3,oh,0,0,_,oh
848,3,",",0,0,_,","
849,0,parliamentary,0,0,_,parliamentary
849,0,elections,0,0,Change_of_leadership,election
849,0,now,0,0,_,now
849,0,planned,1,0,_,plan
849,0,for,0,0,_,for
849,0,September,0,0,_,September
849,0,",",0,0,_,","
849,0,new,0,0,Age,new
849,0,parties,0,0,Aggregate,party
849,0,are,0,0,_,be
849,0,springing,1,1,_,spring
849,0,up,1,0,_,up
849,0,and,0,0,_,and
849,0,sprinting,1,1,Self_motion,sprint
849,0,into,1,0,_,into
849,0,action,0,0,Intentionally_act,action
849,0,to,0,0,_,to
849,0,organize,1,0,_,organize
849,0,a,0,0,_,a
849,0,national,0,0,Political_locales,national
849,0,following,1,1,_,follow
849,0,",",0,0,_,","
849,0,including,0,0,Inclusion,include
849,0,the,0,0,_,the
849,0,Egyptian,0,0,_,egyptian
849,0,Social,0,0,_,social
849,0,Democratic,0,0,_,democratic
849,0,Party,0,0,_,party
849,0,",",0,0,_,","
849,0,a,0,0,_,a
849,0,collection,1,1,Aggregate,collection
850,0,an,0,0,_,an
850,0,undercover,0,0,_,undercover
850,0,Baltimore,0,0,_,Baltimore
850,0,vice-and-narcotics,0,0,_,vice
850,0,squad,1,1,Aggregate,squad
850,0,that,0,0,_,that
850,0,had,1,0,_,have
850,0,the,0,0,_,the
850,0,dealers,0,0,_,dealer
850,0,under,1,0,_,under
850,0,surveillance,0,0,Scrutiny,surveillance
850,0,",",0,0,_,","
850,0,suddenly,0,0,_,suddenly
850,0,sprinted,1,1,Self_motion,sprint
850,0,into,1,0,_,into
850,0,action,0,0,Intentionally_act,action
850,0,.,0,0,_,.
850,1,One,0,0,Cardinal_numbers,one
850,1,team,1,0,Aggregate,team
850,1,of,0,0,_,of
850,1,Rangers,0,0,_,ranger
850,1,nabbed,1,1,Taking,nab
850,1,the,0,0,_,the
850,1,dealers,0,0,_,dealer
850,1,;,0,0,_,;
850,1,another,0,0,Increment,another
850,1,pulled,1,0,Cause_motion,pull
850,1,Antwan,0,0,_,Antwan
850,1,off,1,0,_,off
850,1,the,0,0,_,the
850,1,swing,1,1,_,swing
851,0,get,1,0,Getting,get
851,0,the,0,0,_,the
851,0,victims,0,0,Catastrophe,victim
851,0,and,0,0,_,and
851,0,Moriss,0,0,_,moris
851,0,",",0,0,_,","
851,0,Gates,0,0,_,gate
851,0,",",0,0,_,","
851,0,Banfield,0,0,_,Banfield
851,0,",",0,0,_,","
851,0,and,0,0,_,and
851,0,Carter,0,0,_,Carter
851,0,all,0,0,_,all
851,0,step,1,0,Self_motion,step
851,0,into,1,0,_,into
851,0,action,0,0,Intentionally_act,action
851,0,and,0,0,_,and
851,0,Carter,0,0,_,Carter
851,0,asks,0,0,Questioning,ask
851,0,Greene,0,0,_,Greene
851,0,'s,0,0,_,be
851,0,daughter,0,0,Kinship,daughter
851,0,(,0,0,_,(
851,0,still,0,0,Continued_state_of_affairs,still
851,0,there,0,0,Existence,there
851,0,),0,0,_,)
851,0,if,0,0,_,if
851,0,she,0,0,_,she
851,0,'s,0,0,_,be
851,0,coming,0,0,Arriving,come
851,0,",",0,0,_,","
852,0,five,0,0,Cardinal_numbers,five
852,0,years,0,0,Calendric_unit,year
852,0,ago,0,0,Time_vector,ago
852,0,and,0,0,_,and
852,0,when,0,0,Temporal_collocation,when
852,0,rumblings,0,0,_,rumbling
852,0,of,0,0,_,of
852,0,its,0,0,_,its
852,0,potential,0,0,Capability,potential
852,0,demise,0,0,Death,demise
852,0,surfaced,1,1,Coming_to_be,surface
852,0,",",0,0,_,","
852,0,he,0,0,_,he
852,0,stepped,1,0,Self_motion,step
852,0,into,1,0,_,into
852,0,action,0,0,Intentionally_act,action
852,0,.,0,0,_,.
852,1,#,0,0,_,#
852,1,He,0,0,_,he
852,1,and,0,0,_,and
852,1,Mike,0,0,_,Mike
852,1,Leistico,0,0,_,Leistico
852,1,played,0,0,Performers_and_roles,play
852,1,key,0,0,Importance,key
852,1,roles,0,0,Performers_and_roles,role
852,1,.,0,0,_,.
852,2,Plus,0,0,_,plus
852,2,",",0,0,_,","
852,2,the,0,0,_,the
852,2,community,0,0,Aggregate,community
852,2,really,0,0,_,really
853,0,the,0,0,_,the
853,0,German,0,0,Origin,german
853,0,shepherd,0,0,People_by_vocation,shepherd
853,0,at,0,0,Locative_relation,at
853,0,his,0,0,_,his
853,0,side,0,0,_,side
853,0,.,0,0,_,.
853,1,Bennie,0,0,_,Bennie
853,1,",",0,0,_,","
853,1,a,0,0,_,a
853,1,bomb-seeking,0,0,Weapon,bomb
853,1,dog,0,0,_,dog
853,1,",",0,0,_,","
853,1,stepped,1,0,Self_motion,step
853,1,into,1,0,_,into
853,1,action,0,0,Intentionally_act,action
853,1,.,0,0,_,.
853,2,A,0,0,_,a
853,2,Nose,0,0,Body_parts,nose
853,2,for,0,0,_,for
853,2,Safety,0,0,Being_at_risk,safety
853,2,Bennie,0,0,_,Bennie
853,2,was,0,0,_,be
853,2,one,0,0,Cardinal_numbers,one
853,2,of,0,0,Partitive,of
853,2,several,0,0,Quantified_mass,several
853,2,canine,0,0,Animals,canine
853,2,heroes,0,0,_,hero
853,2,that,0,0,_,that
853,2,helped,0,0,Assistance,help
853,2,humans,0,0,People,human
854,0,for,0,0,_,for
854,0,us,0,0,_,we
854,0,down,1,0,_,down
854,0,in,0,0,Interior_profile_relation,in
854,0,Dallas,0,0,_,Dallas
854,0,for,0,0,_,for
854,0,a,0,0,_,a
854,0,long,1,0,Duration_description,long
854,0,time,0,0,Measure_duration,time
854,0,now,0,0,Temporal_collocation,now
854,0,.,0,0,_,.
854,1,He,0,0,_,he
854,1,can,0,0,Capability,can
854,1,step,0,0,Self_motion,step
854,1,into,0,0,_,into
854,1,Action,0,0,_,action
854,1,'s,0,0,_,be
854,1,place,1,0,Locale,place
854,1,",",0,0,_,","
854,1,it,0,0,_,it
854,1,wo,0,0,_,will
854,1,n't,0,0,_,not
854,1,be,0,0,_,be
854,1,like,0,0,Similarity,like
854,1,nobody,0,0,_,nobody
854,1,got,0,0,_,get
854,1,hit,1,0,Cause_harm,hit
854,1,whatsoever,0,0,_,whatsoever
854,1,.,0,0,_,.
854,2,I,0,0,_,I
854,2,come,0,0,Arriving,come
855,0,States,0,0,Political_locales,state
855,0,population,0,0,Aggregate,population
855,0,.,0,0,_,.
855,1,#,0,0,_,#
855,1,She,0,0,_,she
855,1,Should,0,0,Desirable_event,should
855,1,Run,0,0,Leadership,run
855,1,implements,0,0,Execute_plan,implement
855,1,two,0,0,Cardinal_numbers,two
855,1,programs,0,0,Project,program
855,1,",",0,0,_,","
855,1,She,0,0,_,she
855,1,Should,0,0,Desirable_event,should
855,1,Run,0,0,_,run
855,1,In,1,0,_,in
855,1,Action,0,0,Intentionally_act,action
855,1,and,0,0,_,and
855,1,Name,0,0,Being_named,name
855,1,It,0,0,_,it
855,1,",",0,0,_,","
855,1,Change,1,0,Cause_change,change
855,1,It,0,0,_,it
855,1,.,0,0,_,.
855,2,Through,0,0,_,through
855,2,an,0,0,_,an
855,2,online,0,0,_,online
855,2,tool,0,0,Gizmo,tool
855,2,",",0,0,_,","
855,2,individuals,0,0,People,individual
855,2,can,0,0,Capability,can
855,2,visit,0,0,Arriving,visit
856,0,It,0,0,_,it
856,0,.,0,0,_,.
856,1,Through,1,0,_,through
856,1,an,0,0,_,an
856,1,online,0,0,_,online
856,1,tool,1,0,Gizmo,tool
856,1,",",0,0,_,","
856,1,individuals,0,0,People,individual
856,1,can,0,0,Capability,can
856,1,visit,0,0,Arriving,visit
856,1,the,0,0,_,the
856,1,She,0,0,_,she
856,1,Should,0,0,_,should
856,1,Run,0,0,_,run
856,1,In,1,0,_,in
856,1,Action,0,0,Intentionally_act,action
856,1,site,0,0,Locale_by_use,site
856,1,and,0,0,_,and
856,1,formally,0,0,_,formally
856,1,ask,0,0,Questioning,ask
856,1,a,0,0,_,a
856,1,woman,0,0,People,woman
856,1,they,0,0,_,they
856,1,believe,0,0,Certainty,believe
856,1,would,0,0,_,would
856,1,be,0,0,_,be
856,1,an,0,0,_,an
856,1,outstanding,0,0,Desirability,outstanding
856,1,public,0,0,_,public
856,1,servant,0,0,People_by_vocation,servant
856,1,to,0,0,_,to
857,0,He,0,0,_,he
857,0,'s,0,0,_,be
857,0,got,0,0,Required_event,get
857,0,to,0,0,Required_event,to
857,0,make,1,0,Intentionally_create,make
857,0,a,0,0,_,a
857,0,decision,0,0,Deciding,decision
857,0,of,0,0,_,of
857,0,whether,0,0,_,whether
857,0,he,0,0,_,he
857,0,'s,0,0,_,be
857,0,going,0,0,_,go
857,0,to,0,0,_,to
857,0,run,1,0,Self_motion,run
857,0,into,1,0,_,into
857,0,action,0,0,Intentionally_act,action
857,0,and,0,0,_,and
857,0,maybe,0,0,Likelihood,maybe
857,0,risk,0,0,Daring,risk
857,0,his,0,0,_,his
857,0,secret,0,0,Secrecy_status,secret
857,0,identity,0,0,Identicality,identity
857,0,or,0,0,_,or
857,0,not,0,0,_,not
857,0,.,0,0,_,.
857,1,And,0,0,_,and
857,1,of,0,0,_,of
857,1,course,0,0,_,course
857,1,",",0,0,_,","
857,1,he,0,0,_,he
857,1,'s,0,0,_,be
858,0,``,0,0,_,`
858,0,Bent,0,0,_,bent
858,0,",",0,0,_,","
858,0,``,0,0,_,`
858,0,about,1,0,Topic,about
858,0,the,0,0,_,the
858,0,persecution,0,0,_,persecution
858,0,of,0,0,_,of
858,0,homosexuals,0,0,_,homosexual
858,0,during,0,0,_,during
858,0,the,0,0,_,the
858,0,Holocaust,0,0,_,holocaust
858,0,",",0,0,_,","
858,0,runs,1,0,_,run
858,0,at,0,0,Locative_relation,at
858,0,Actor,0,0,_,actor
858,0,'s,0,0,_,be
858,0,Express,0,0,_,Express
858,0,from,1,0,_,from
858,0,June,0,0,Calendric_unit,June
858,0,24,0,0,_,24
858,0,to,1,0,_,to
858,0,Aug.,0,0,_,Aug.
858,0,14,0,0,_,14
858,0,.,0,0,_,.
858,1,Preview,0,0,_,preview
858,1,performances,0,0,Performing_arts,performance
858,1,",",0,0,_,","
858,1,June,0,0,Calendric_unit,June
858,1,24-26,0,0,_,24
858,1,",",0,0,_,","
859,0,",",0,0,_,","
859,0,who,0,0,_,who
859,0,was,0,0,_,be
859,0,a,0,0,_,a
859,0,rabid,1,1,_,rabid
859,0,cricket,0,0,_,cricket
859,0,player,0,0,_,player
859,0,in,1,0,Temporal_collocation,in
859,0,the,0,0,_,the
859,0,days,0,0,Calendric_unit,day
859,0,when,0,0,Temporal_collocation,when
859,0,Hollywood,0,0,_,Hollywood
859,0,was,0,0,_,be
859,0,run,1,0,Leadership,run
859,0,by,0,0,_,by
859,0,actors,0,0,Performers_and_roles,actor
859,0,who,0,0,_,who
859,0,loved,0,0,Experiencer_focus,love
859,0,cricket,0,0,_,cricket
859,0,:,0,0,_,:
859,0,``,0,0,_,`
859,0,He,0,0,_,he
859,0,once,0,0,_,once
859,0,appeared,0,0,Performers_and_roles,appear
859,0,for,0,0,_,for
859,0,a,0,0,_,a
859,0,match,0,0,_,match
859,0,in,1,0,_,in
859,0,some,0,0,_,some
859,0,type,0,0,Type,type
859,0,of,0,0,_,of
860,0,on,0,0,Spatial_contact,on
860,0,Gramercy,0,0,_,gramercy
860,0,Park,0,0,Locale_by_use,park
860,0,every,0,0,_,every
860,0,bit,0,0,_,bit
860,0,as,0,0,_,as
860,0,venerable,0,0,Fame,venerable
860,0,as,0,0,_,as
860,0,the,0,0,_,the
860,0,cognac,0,0,_,cognac
860,0,.,0,0,_,.
860,1,The,0,0,_,the
860,1,membership,0,0,Membership,membership
860,1,ran,1,0,Self_motion,run
860,1,to,1,0,_,to
860,1,actors,0,0,Performers_and_roles,actor
860,1,and,0,0,_,and
860,1,writers,0,0,_,writer
860,1,",",0,0,_,","
860,1,men,0,0,People,man
860,1,in,1,0,_,in
860,1,or,0,0,_,or
860,1,on,1,0,Spatial_contact,on
860,1,the,0,0,_,the
860,1,fringes,1,1,Part_orientational,fringe
860,1,of,0,0,_,of
860,1,the,0,0,_,the
860,1,arts,0,0,Craft,art
860,1,",",0,0,_,","
860,1,but,0,0,_,but
860,1,there,0,0,Existence,there
861,0,allowed,0,0,Preventing_or_letting,allow
861,0,to,0,0,_,to
861,0,run,1,0,Self_motion,run
861,0,amok,0,0,_,amok
861,0,through,0,0,_,through
861,0,the,0,0,_,the
861,0,National,0,0,Political_locales,national
861,0,Gallery,0,0,_,gallery
861,0,all,0,0,_,all
861,0,night,0,0,Calendric_unit,night
861,0,),0,0,_,)
861,0,",",0,0,_,","
861,0,I,0,0,_,I
861,0,ran,0,0,Self_motion,run
861,0,into,0,0,Becoming_aware,into
861,0,actor,0,0,People_by_vocation,actor
861,0,Dan,0,0,_,Dan
861,0,Stevens,0,0,_,Stevens
861,0,",",0,0,_,","
861,0,who,0,0,_,who
861,0,stars,0,0,Performers_and_roles,star
861,0,as,0,0,_,as
861,0,Matthew,0,0,_,Matthew
861,0,Crawley,0,0,_,Crawley
861,0,in,1,0,_,in
861,0,Downton,0,0,_,downton
861,0,Abbey,0,0,_,Abbey
861,0,",",0,0,_,","
861,0,the,0,0,_,the
861,0,latest,0,0,Relative_time,late
861,0,hit,1,0,Performers_and_roles,hit
862,0,perfect,0,0,Usefulness,perfect
862,0,costume,0,0,Clothing,costume
862,0,for,0,0,_,for
862,0,Minnesota,0,0,_,Minnesota
862,0,!,0,0,_,!
862,1,All,0,0,Quantified_mass,all
862,1,the,0,0,_,the
862,1,males,0,0,People,male
862,1,were,0,0,_,be
862,1,impressed,0,0,Experiencer_obj,impress
862,1,that,0,0,_,that
862,1,we,0,0,_,we
862,1,could,0,0,Capability,could
862,1,run,0,0,Self_motion,run
862,1,around,0,0,_,around
862,1,act,0,0,Conduct,act
862,1,goofy,0,0,Mental_property,goofy
862,1,.,0,0,_,.
862,2,#,0,0,_,#
862,2,True,1,0,_,true
862,2,.,0,0,_,.
862,3,But,0,0,_,but
862,3,the,0,0,_,the
862,3,vast,1,1,_,vast
862,3,majority,0,0,_,majority
862,3,of,0,0,_,of
862,3,people,0,0,People,people
862,3,do,0,0,_,do
862,3,n't,0,0,_,not
862,3,have,1,0,Possession,have
862,3,the,0,0,_,the
863,0,actually,0,0,_,actually
863,0,.,0,0,_,.
863,1,Put,0,0,Placing,put
863,1,it,0,0,_,it
863,1,in,0,0,_,in
863,1,gear,0,0,_,gear
863,1,",",0,0,_,","
863,1,lamp,0,0,_,lamp
863,1,chop,0,0,_,chop
863,1,.,0,0,_,.
863,2,I,0,0,_,I
863,2,wan,0,0,_,wan
863,2,na,0,0,_,na
863,2,run,1,0,Self_motion,run
863,2,through,1,0,_,through
863,2,Act,0,0,Law,Act
863,2,I,0,0,_,I
863,2,before,1,0,Time_vector,before
863,2,first,0,0,Ordinal_numbers,first
863,2,period,0,0,Frequency,period
863,2,.,0,0,_,.
863,3,Space,0,0,_,space
863,3,is,0,0,_,be
863,3,time,0,0,_,time
863,3,",",0,0,_,","
863,3,time,0,0,_,time
863,3,is,0,0,_,be
863,3,relative,0,0,_,relative
863,3,.,0,0,_,.
863,4,And,0,0,_,and
863,4,all,0,0,_,all
864,0,the,0,0,_,the
864,0,garden,0,0,Locale_by_use,garden
864,0,as,0,0,_,as
864,0,well,0,0,_,well
864,0,...,0,0,_,...
864,0,#,0,0,_,#
864,0,Saying,0,0,Statement,say
864,0,goodbye,0,0,_,goodbye
864,0,to,1,0,_,to
864,0,Hamamatsu,0,0,_,Hamamatsu
864,0,Castle,0,0,Buildings,castle
864,0,",",0,0,_,","
864,0,we,0,0,_,we
864,0,walked,0,0,Self_motion,walk
864,0,towards,0,0,_,towards
864,0,Act,0,0,_,Act
864,0,City,0,0,Political_locales,city
864,0,",",0,0,_,","
864,0,the,0,0,_,the
864,0,building,0,0,Buildings,build
864,0,which,0,0,_,which
864,0,looks,0,0,Give_impression,look
864,0,like,0,0,Similarity,like
864,0,a,0,0,_,a
864,0,Harmonica,0,0,_,harmonica
864,0,from,0,0,_,from
864,0,far,0,0,_,far
864,0,away,0,0,_,away
864,0,.,0,0,_,.
864,1,#,0,0,_,#
864,1,But,0,0,_,but
865,0,Japan,0,0,_,Japan
865,0,on,1,0,_,on
865,0,our,0,0,_,our
865,0,trip,0,0,Travel,trip
865,0,.,0,0,_,.
865,1,#,0,0,_,#
865,1,A,0,0,_,a
865,1,fire,0,0,_,fire
865,1,hydrant,0,0,_,hydrant
865,1,we,0,0,_,we
865,1,stepped,0,0,Self_motion,step
865,1,on,0,0,Spatial_contact,on
865,1,while,0,0,Temporal_collocation,while
865,1,walking,0,0,Self_motion,walk
865,1,towards,0,0,_,towards
865,1,Act,0,0,_,Act
865,1,City,0,0,_,city
865,1,...,0,0,_,...
865,1,#,0,0,_,#
865,1,A,0,0,_,a
865,1,typical,0,0,Distinctiveness,typical
865,1,street,0,0,Roadways,street
865,1,in,0,0,Interior_profile_relation,in
865,1,Hamamatsu,0,0,_,Hamamatsu
865,1,...,0,0,_,...
865,1,notice,0,0,Becoming_aware,notice
865,1,the,0,0,_,the
865,1,huge,0,0,Size,huge
865,1,``,0,0,_,`
865,1,P,0,0,_,p
865,1,``,0,0,_,`
866,0,Now,0,0,Temporal_collocation,now
866,0,",",0,0,_,","
866,0,after,1,0,Time_vector,after
866,0,knocking,0,0,_,knock
866,0,and,0,0,_,and
866,0,discovering,0,0,Becoming_aware,discover
866,0,his,0,0,_,his
866,0,front,0,0,Part_orientational,front
866,0,door,0,0,Connecting_architecture,door
866,0,unlocked,0,0,_,unlock
866,0,",",0,0,_,","
866,0,the,0,0,_,the
866,0,actress,0,0,People_by_vocation,actress
866,0,walked,0,0,Self_motion,walk
866,0,into,0,0,Goal,into
866,0,Act,0,0,_,Act
866,0,I,0,0,_,I
866,0,",",0,0,_,","
866,0,Scene,1,1,_,scene
866,0,I,0,0,_,I
866,0,",",0,0,_,","
866,0,of,0,0,_,of
866,0,a,0,0,_,a
866,0,real-life,0,0,_,real
866,0,murder,0,0,Killing,murder
866,0,mystery,0,0,_,mystery
866,0,.,0,0,_,.
866,1,Berry,0,0,_,Berry
866,1,later,0,0,Time_vector,later
866,1,told,0,0,Telling,tell
866,1,police,0,0,_,police
867,0,at,0,0,Locative_relation,at
867,0,the,0,0,_,the
867,0,White,0,0,_,white
867,0,House,0,0,Buildings,House
867,0,when,0,0,Temporal_collocation,when
867,0,a,0,0,_,a
867,0,very,0,0,Degree,very
867,0,radiant,0,0,Stimulus_focus,radiant
867,0,Diana,0,0,_,Diana
867,0,stole,1,0,Theft,steal
867,0,the,0,0,_,the
867,0,show,1,0,_,show
867,0,by,0,0,Means,by
867,0,dancing,0,0,Self_motion,dance
867,0,with,0,0,_,with
867,0,actor,0,0,People_by_vocation,actor
867,0,John,0,0,_,John
867,0,Travolta,0,0,_,Travolta
867,0,.,0,0,_,.
867,1,This,1,0,_,this
867,1,time,0,0,Event_instance,time
867,1,around,1,0,_,around
867,1,",",0,0,_,","
867,1,an,0,0,_,an
867,1,older,0,0,Age,old
867,1,",",0,0,_,","
867,1,more,0,0,_,more
867,1,reserved,0,0,_,reserve
867,1,couple,0,0,Personal_relationship,couple
867,1,appeared,0,0,Give_impression,appear
867,1,to,0,0,_,to
868,0,opening,0,0,_,open
868,0,number,0,0,Quantified_mass,number
868,0,of,0,0,_,of
868,0,Snow,0,0,_,snow
868,0,White,0,0,_,white
868,0,and,0,0,_,and
868,0,other,0,0,Increment,other
868,0,``,0,0,_,`
868,0,BBB,0,0,_,BBB
868,0,``,0,0,_,`
868,0,characters,0,0,_,character
868,0,singing,0,0,Make_noise,singe
868,0,and,0,0,_,and
868,0,dancing,0,0,Self_motion,dance
868,0,with,0,0,Accompaniment,with
868,0,actor,0,0,People_by_vocation,actor
868,0,Rob,0,0,_,Rob
868,0,Lowe,0,0,_,lowe
868,0,began,0,0,Activity_start,begin
868,0,to,0,0,_,to
868,0,flop,1,1,Moving_in_place,flop
868,0,.,0,0,_,.
868,1,#,0,0,_,#
868,1,``,0,0,_,`
868,1,I,0,0,_,I
868,1,knew,0,0,Awareness,know
868,1,it,0,0,_,it
868,1,was,0,0,_,be
868,1,going,0,0,_,go
868,1,to,0,0,_,to
868,1,be,0,0,_,be
869,0,kinds,0,0,Type,kind
869,0,of,0,0,_,of
869,0,fury,0,0,Emotion_directed,fury
869,0,.,0,0,_,.
869,1,Miranda,0,0,_,miranda
869,1,and,0,0,_,and
869,1,Ferdinand,0,0,_,Ferdinand
869,1,might,0,0,Likelihood,might
869,1,kiss,0,0,Forming_relationships,kiss
869,1,as,0,0,_,as
869,1,they,0,0,_,they
869,1,meet,0,0,Make_acquaintance,meet
869,1,and,0,0,_,and
869,1,dance,0,0,Self_motion,dance
869,1,in,1,0,_,in
869,1,act,0,0,Part_ordered_segments,act
869,1,4,0,0,_,4
869,1,in,1,0,_,in
869,1,Prospero,0,0,_,prospero
869,1,'s,0,0,_,be
869,1,betrothal,0,0,_,betrothal
869,1,masque,1,1,_,masque
869,1,that,0,0,_,that
869,1,clearly,0,0,Obviousness,clearly
869,1,projects,1,1,_,project
869,1,this,1,0,_,this
869,1,possibility,0,0,Likelihood,possibility
869,1,.,0,0,_,.
869,2,#,0,0,_,#
869,2,At,0,0,Locative_relation,at
869,2,the,0,0,_,the
870,0,novels,0,0,Text,novel
870,0,``,0,0,_,`
870,0,nobbles,1,1,_,nobble
870,0,",",0,0,_,","
870,0,``,0,0,_,`
870,0,reducing,1,1,Cause_change_of_position_on_a_scale,reduce
870,0,them,0,0,_,they
870,0,to,1,0,_,to
870,0,rabbit,0,0,_,rabbit
870,0,food,1,0,Food,food
870,0,.,0,0,_,.
870,1,They,0,0,_,they
870,1,all,0,0,_,all
870,1,hopped,1,1,Self_motion,hop
870,1,to,1,0,_,to
870,1,action,0,0,Intentionally_act,action
870,1,in,1,0,_,in
870,1,other,0,0,Increment,other
870,1,classes,0,0,Type,class
870,1,",",0,0,_,","
870,1,inspired,0,0,Subjective_influence,inspire
870,1,by,0,0,_,by
870,1,threats,0,0,Commitment,threat
870,1,",",0,0,_,","
870,1,eager,0,0,Desiring,eager
870,1,to,0,0,_,to
870,1,keep,1,0,Activity_ongoing,keep
870,1,athletic,0,0,_,athletic
870,1,eligibility,0,0,_,eligibility
870,1,",",0,0,_,","
870,1,avidly,0,0,_,avidly
871,0,British,0,0,_,british
871,0,",",0,0,_,","
871,0,American,0,0,Origin,american
871,0,and,0,0,_,and
871,0,German,0,0,_,german
871,0,cultures,0,0,_,culture
871,0,but,0,0,_,but
871,0,not,0,0,_,not
871,0,the,0,0,_,the
871,0,Japanese,0,0,_,Japanese
871,0,.,0,0,_,.
871,1,But,0,0,Concessive,but
871,1,they,0,0,_,they
871,1,hurtled,1,1,Self_motion,hurtle
871,1,into,1,0,_,into
871,1,action,0,0,Intentionally_act,action
871,1,.,0,0,_,.
871,2,Geoffrey,0,0,_,Geoffrey
871,2,Gorer,0,0,_,gorer
871,2,was,0,0,_,be
871,2,assigned,0,0,_,assign
871,2,to,0,0,_,to
871,2,deal,1,0,Resolve_problem,deal
871,2,with,1,0,_,with
871,2,the,0,0,_,the
871,2,Japanese,0,0,People_by_origin,Japanese
871,2,and,0,0,_,and
871,2,",",0,0,_,","
871,2,sure,0,0,Certainty,sure
871,2,enough,0,0,_,enough
871,2,",",0,0,_,","
872,0,",",0,0,_,","
872,0,so,0,0,_,so
872,0,the,0,0,_,the
872,0,emotional,0,0,_,emotional
872,0,outpouring,0,0,_,outpoure
872,0,never,0,0,Frequency,never
872,0,happened,0,0,Event,happen
872,0,.,0,0,_,.
872,1,Has,0,0,_,have
872,1,President,0,0,Leadership,President
872,1,Spock,0,0,_,Spock
872,1,",",0,0,_,","
872,1,who,0,0,_,who
872,1,bounded,1,1,Self_motion,bound
872,1,into,1,0,_,into
872,1,action,0,0,Intentionally_act,action
872,1,on,1,0,Spatial_contact,on
872,1,Sandy,0,0,_,sandy
872,1,and,0,0,_,and
872,1,rocked,0,0,Manipulation,rock
872,1,a,0,0,_,a
872,1,New,0,0,_,new
872,1,Jersey,0,0,_,Jersey
872,1,woman,0,0,People,woman
872,1,in,0,0,_,in
872,1,his,0,0,_,his
872,1,arms,0,0,Body_parts,arm
872,1,",",0,0,_,","
872,1,really,0,0,_,really
872,1,grown,1,1,Expansion,grow
872,1,?,0,0,_,?
873,0,march,0,0,Self_motion,march
873,0,in,1,0,Interior_profile_relation,in
873,0,the,0,0,_,the
873,0,Gay,0,0,_,gay
873,0,Pride,0,0,_,pride
873,0,Parade,0,0,_,parade
873,0,?,0,0,_,?
873,1,ROXIE,0,0,_,ROXIE
873,1,:,0,0,_,:
873,1,(,1,0,_,(
873,1,Voiceover,0,0,_,voiceover
873,1,),0,0,_,)
873,1,I,0,0,_,I
873,1,marched,0,0,Self_motion,march
873,1,with,0,0,_,with
873,1,ACT,0,0,_,ACT
873,1,UP,0,0,_,up
873,1,to,0,0,_,to
873,1,keep,1,0,Cause_to_continue,keep
873,1,the,0,0,_,the
873,1,cause,0,0,Causation,cause
873,1,of,0,0,_,of
873,1,AIDS,0,0,_,AIDS
873,1,alive,1,0,Dead_or_alive,alive
873,1,.,0,0,_,.
873,2,We,0,0,_,we
873,2,'re,0,0,_,be
873,2,in,1,0,_,in
873,2,a,0,0,_,a
873,2,war,0,0,Hostile_encounter,war
873,2,that,0,0,_,that
874,0,and,0,0,_,and
874,0,Kwei,0,0,_,Kwei
874,0,Lin,0,0,_,Lin
874,0,.,0,0,_,.
874,1,This,0,0,_,this
874,1,work,0,0,Work,work
874,1,was,0,0,_,be
874,1,partially,0,0,_,partially
874,1,funded,0,0,_,fund
874,1,by,0,0,_,by
874,1,the,0,0,_,the
874,1,Pond,0,0,_,pond
874,1,Dynamics/Aquaculture,0,0,_,Dynamics
874,1,CRSP,0,0,_,CRSP
874,1,",",0,0,_,","
874,1,supported,0,0,_,support
874,1,by,0,0,_,by
874,1,AID,0,0,_,aid
874,1,grant,0,0,_,grant
874,1,number,0,0,_,number
874,1,LAG-96-90015-00,0,0,_,LAG-96
874,1,",",0,0,_,","
874,1,and,0,0,_,and
874,1,by,0,0,_,by
874,1,contributions,0,0,Giving,contribution
874,1,from,0,0,_,from
874,1,the,0,0,_,the
874,1,University,0,0,Locale_by_use,university
874,1,of,0,0,_,of
874,1,Michigan,0,0,_,Michigan
874,1,and,0,0,_,and
875,0,When,0,0,Temporal_collocation,when
875,0,activists,0,0,_,activist
875,0,in,0,0,Interior_profile_relation,in
875,0,Brazil,0,0,_,Brazil
875,0,work,0,0,Work,work
875,0,with,0,0,_,with
875,0,Indians,0,0,People_by_origin,Indians
875,0,to,0,0,_,to
875,0,protect,0,0,Protecting,protect
875,0,the,0,0,_,the
875,0,rain,0,0,_,rain
875,0,forest,0,0,Biological_area,forest
875,0,",",0,0,_,","
875,0,they,0,0,_,they
875,0,'re,0,0,_,be
875,0,supported,0,0,Taking_sides,support
875,0,by,0,0,_,by
875,0,AID,0,0,_,aid
875,0,.,0,0,_,.
875,1,And,0,0,_,and
875,1,AID,0,0,_,aid
875,1,money,0,0,Money,money
875,1,is,0,0,_,be
875,1,at,1,0,_,at
875,1,work,1,0,Being_employed,work
875,1,in,0,0,Interior_profile_relation,in
875,1,Indonesia,0,0,_,Indonesia
875,1,",",0,0,_,","
875,1,helping,0,0,Assistance,help
875,1,organize,0,0,_,organize
875,1,democratic-style,0,0,_,democratic
876,0,expanded,0,0,Cause_expansion,expand
876,0,its,0,0,_,its
876,0,wireless,0,0,_,wireless
876,0,network,0,0,Network,network
876,0,",",0,0,_,","
876,0,developed,0,0,Cause_to_make_progress,develop
876,0,policies,0,0,Law,policy
876,0,and,0,0,_,and
876,0,ensured,0,0,Causation,ensure
876,0,a,0,0,_,a
876,0,``,0,0,_,`
876,0,consistent,0,0,_,consistent
876,0,user,0,0,_,user
876,0,experience,0,0,Perception_experience,experience
876,0,``,0,0,_,`
876,0,supported,1,0,Supporting,support
876,0,by,0,0,_,by
876,0,help,0,0,Assistance,help
876,0,desks,0,0,_,desk
876,0,and,0,0,_,and
876,0,self-service,0,0,_,self
876,0,apps,0,0,_,app
876,0,.,0,0,_,.
876,1,#,0,0,_,#
876,1,The,0,0,_,the
876,1,lesson,0,0,Education_teaching,lesson
876,1,learned,0,0,Education_teaching,learn
876,1,",",0,0,_,","
876,1,Henninger,0,0,_,Henninger
876,1,said,0,0,Statement,say
876,1,",",0,0,_,","
877,0,that,0,0,_,that
877,0,thus,0,0,_,thus
877,0,hath,0,0,_,hath
877,0,cozen,0,0,_,cozen
877,0,'d,0,0,_,would
877,0,you,0,0,_,you
877,0,at,1,0,_,at
877,0,hoodman-blind,0,0,_,hoodman
877,0,?,0,0,_,?
877,1,Eyes,0,0,Body_parts,eye
877,1,without,1,0,_,without
877,1,feeling,0,0,Perception_experience,feel
877,1,",",0,0,_,","
877,1,feeling,0,0,Perception_experience,feel
877,1,without,0,0,_,without
877,1,sight,0,0,Body_parts,sight
877,1,",",0,0,_,","
877,1,ears,0,0,Body_parts,ear
877,1,without,0,0,_,without
877,1,hands,0,0,Body_parts,hand
877,1,or,0,0,_,or
877,1,eyes,0,0,Body_parts,eye
877,1,",",0,0,_,","
877,1,smelling,0,0,Sensation,smell
877,1,sans,0,0,_,san
877,1,all,0,0,Quantified_mass,all
877,1,",",0,0,_,","
877,1,or,0,0,_,or
877,1,but,0,0,Concessive,but
877,1,a,0,0,_,a
877,1,sickly,0,0,_,sickly
878,0,was't,0,0,_,was't
878,0,that,1,0,_,that
878,0,thus,0,0,_,thus
878,0,hath,0,0,_,hath
878,0,cozened,1,1,_,cozen
878,0,you,0,0,_,you
878,0,at,1,0,Locative_relation,at
878,0,hoodman-blind,0,0,_,hoodman
878,0,?,0,0,_,?
878,1,Eyes,0,0,Body_parts,eye
878,1,without,1,0,_,without
878,1,feeling,0,0,Perception_experience,feel
878,1,",",0,0,_,","
878,1,feeling,0,0,Perception_experience,feel
878,1,without,1,0,_,without
878,1,sight,0,0,_,sight
878,1,ears,0,0,Body_parts,ear
878,1,without,0,0,_,without
878,1,hands,0,0,Body_parts,hand
878,1,or,0,0,_,or
878,1,eyes,0,0,Body_parts,eye
878,1,",",0,0,_,","
878,1,smelling,0,0,Sensation,smell
878,1,sans,0,0,_,san
878,1,all,0,0,Quantified_mass,all
878,1,or,0,0,_,or
878,1,but,0,0,_,but
878,1,a,0,0,_,a
878,1,sickly,1,1,_,sickly
878,1,part,1,0,Part_whole,part
878,1,of,0,0,_,of
879,0,what,0,0,_,what
879,0,judgment,0,0,Assessing,judgment
879,0,would,0,0,_,would
879,0,step,1,1,Self_motion,step
879,0,from,1,0,_,from
879,0,this,1,0,_,this
879,0,to,1,0,_,to
879,0,this,1,0,_,this
879,0,?,0,0,_,?
879,1,Eyes,0,0,Body_parts,eye
879,1,without,1,0,_,without
879,1,feeling,0,0,Perception_experience,feel
879,1,",",0,0,_,","
879,1,feeling,0,0,Perception_experience,feel
879,1,without,0,0,_,without
879,1,sight,0,0,Range,sight
879,1,.,0,0,_,.
879,2,O,0,0,_,o
879,2,shame,0,0,Experiencer_focus,shame
879,2,",",0,0,_,","
879,2,where,0,0,Locative_relation,where
879,2,is,0,0,Existence,be
879,2,thy,0,0,_,thy
879,2,blush,0,0,_,blush
879,2,?,0,0,_,?
879,3,Speak,0,0,Statement,speak
879,3,no,0,0,_,no
879,3,more,0,0,_,more
879,3,.,0,0,_,.
879,4,Thou,0,0,_,thou
879,4,turnest,0,0,_,turnest
880,0,#,0,0,_,#
880,0,Associated,0,0,_,associate
880,0,Press,0,0,_,press
880,0,reporters,0,0,People_by_vocation,reporter
880,0,who,0,0,_,who
880,0,have,0,0,_,have
880,0,covered,1,1,_,cover
880,0,the,0,0,_,the
880,0,siege,0,0,Besieging,siege
880,0,of,0,0,_,of
880,0,Sarajevo,0,0,_,Sarajevo
880,0,have,0,0,_,have
880,0,been,0,0,_,be
880,0,touched,1,1,_,touch
880,0,by,0,0,_,by
880,0,sights,0,0,Sensation,sight
880,0,",",0,0,_,","
880,0,sounds,0,0,Sensation,sound
880,0,and,0,0,_,and
880,0,emotions,0,0,Sensation,emotion
880,0,.,0,0,_,.
880,1,They,0,0,_,they
880,1,were,0,0,_,be
880,1,asked,0,0,Request,ask
880,1,to,0,0,_,to
880,1,contribute,0,0,Giving,contribute
880,1,their,0,0,_,their
880,1,most,0,0,_,most
880,1,vivid,1,1,_,vivid
880,1,memories,0,0,Memory,memory
880,1,.,0,0,_,.
881,0,we,0,0,_,we
881,0,invest,1,1,_,invest
881,0,emotion,0,0,_,emotion
881,0,into,1,0,_,into
881,0,images,0,0,Physical_artworks,image
881,0,",",0,0,_,","
881,0,and,0,0,_,and
881,0,then,0,0,Temporal_collocation,then
881,0,use,0,0,Using,use
881,0,that,1,0,_,that
881,0,process,0,0,Process,process
881,0,to,0,0,_,to
881,0,pour,1,1,Cause_motion,pour
881,0,feeling,0,0,_,feel
881,0,into,1,0,_,into
881,0,visions,1,1,_,vision
881,0,of,0,0,_,of
881,0,our,0,0,_,our
881,0,own,0,0,_,own
881,0,choosing,0,0,Choosing,choose
881,0,and,0,0,_,and
881,0,invent,0,0,Cause_to_make_progress,invent
881,0,better,0,0,Desirability,well
881,0,futures,0,0,_,future
881,0,.,0,0,_,.
881,1,#,0,0,_,#
881,1,Since,0,0,Time_vector,since
881,1,the,0,0,_,the
881,1,dawn,1,1,Temporal_subregion,dawn
881,1,of,0,0,_,of
881,1,time,0,0,_,time
882,0,.,0,0,_,.
882,1,However,0,0,Concessive,however
882,1,",",0,0,_,","
882,1,I,0,0,_,I
882,1,can,0,0,Possibility,can
882,1,see,1,0,Grasp,see
882,1,where,0,0,Locative_relation,where
882,1,you,0,0,_,you
882,1,are,0,0,_,be
882,1,coming,0,0,Arriving,come
882,1,from,0,0,Origin,from
882,1,.,0,0,_,.
882,2,#,0,0,_,#
882,2,I,0,0,_,I
882,2,too,0,0,_,too
882,2,battle,1,1,Hostile_encounter,battle
882,2,with,1,0,_,with
882,2,point,1,0,_,point
882,2,number,0,0,_,number
882,2,40,0,0,_,40
882,2,.,0,0,_,.
882,3,To,1,0,_,to
882,3,me,0,0,_,I
882,3,it,0,0,_,it
882,3,'s,0,0,_,be
882,3,a,0,0,_,a
882,3,case,0,0,Instance,case
882,3,of,0,0,_,of
882,3,my,0,0,_,my
882,3,preference,0,0,Choosing,preference
882,3,for,0,0,_,for
883,0,they,0,0,_,they
883,0,have,0,0,_,have
883,0,learned,0,0,Coming_to_believe,learn
883,0,here,0,0,Locative_relation,here
883,0,and,0,0,_,and
883,0,not,0,0,_,not
883,0,just,0,0,_,just
883,0,read,0,0,Reading_activity,read
883,0,and,0,0,_,and
883,0,move,1,0,Motion,move
883,0,on,0,0,_,on
883,0,.,0,0,_,.
883,1,#,0,0,_,#
883,1,I,0,0,_,I
883,1,too,0,0,_,too
883,1,battle,1,1,Hostile_encounter,battle
883,1,with,1,0,_,with
883,1,point,1,0,_,point
883,1,number,0,0,_,number
883,1,40,0,0,_,40
883,1,.,0,0,_,.
883,2,To,1,0,_,to
883,2,me,0,0,_,I
883,2,it,0,0,_,it
883,2,'s,0,0,_,be
883,2,a,0,0,_,a
883,2,case,0,0,Instance,case
883,2,of,0,0,_,of
883,2,my,0,0,_,my
883,2,preference,0,0,Choosing,preference
883,2,for,0,0,_,for
884,0,genius,0,0,Expertise,genius
884,0,.,0,0,_,.
884,1,With,1,0,_,with
884,1,green,0,0,Color,green
884,1,Greetings,0,0,_,greeting
884,1,from,0,0,Origin,from
884,1,Everest,0,0,_,Everest
884,1,land,0,0,_,land
884,1,NEpal,0,0,_,NEpal
884,1,.,0,0,_,.
884,2,Nahendra,0,0,_,Nahendra
884,2,Khadka,0,0,_,Khadka
884,2,#,0,0,_,#
884,2,I,0,0,_,I
884,2,too,0,0,_,too
884,2,battle,1,1,Hostile_encounter,battle
884,2,with,1,0,_,with
884,2,point,1,0,_,point
884,2,number,0,0,_,number
884,2,40,0,0,_,40
884,2,.,0,0,_,.
884,3,To,1,0,_,to
884,3,me,0,0,_,I
884,3,it,0,0,_,it
884,3,'s,0,0,_,be
884,3,a,0,0,_,a
884,3,case,0,0,Instance,case
884,3,of,0,0,_,of
884,3,my,0,0,_,my
884,3,preference,0,0,Choosing,preference
884,3,for,0,0,_,for
885,0,his,0,0,_,his
885,0,fighter,0,0,Hostile_encounter,fighter
885,0,come,0,0,Arriving,come
885,0,out,0,0,_,out
885,0,for,0,0,_,for
885,0,the,0,0,_,the
885,0,15th,0,0,Ordinal_numbers,15th
885,0,and,0,0,_,and
885,0,final,0,0,Process_end,final
885,0,round,0,0,_,round
885,0,.,0,0,_,.
885,1,Afterward,0,0,Time_vector,afterward
885,1,",",0,0,_,","
885,1,Futch,0,0,_,Futch
885,1,was,0,0,_,be
885,1,bombarded,1,1,_,bombard
885,1,with,1,0,_,with
885,1,criticism,0,0,Judgment_communication,criticism
885,1,but,0,0,_,but
885,1,explained,0,0,Statement,explain
885,1,calmly,0,0,_,calmly
885,1,that,0,0,_,that
885,1,he,0,0,_,he
885,1,had,0,0,_,have
885,1,seen,0,0,Perception_experience,see
885,1,too,0,0,Sufficiency,too
885,1,many,0,0,Quantified_mass,many
885,1,men,0,0,People,man
885,1,die,0,0,Death,die
885,1,in,0,0,Interior_profile_relation,in
885,1,the,0,0,_,the
886,0,not,0,0,_,not
886,0,erase,1,1,Removing,erase
886,0,the,0,0,_,the
886,0,Bush,0,0,_,Bush
886,0,deficit,0,0,_,deficit
886,0,",",0,0,_,","
886,0,like,0,0,Similarity,like
886,0,Clinton,0,0,_,Clinton
886,0,was,0,0,_,be
886,0,able,0,0,Capability,able
886,0,to,0,0,_,to
886,0,previously,0,0,Time_vector,previously
886,0,",",0,0,_,","
886,0,he,0,0,_,he
886,0,is,0,0,_,be
886,0,bombarded,1,1,_,bombard
886,0,with,1,0,_,with
886,0,criticism,0,0,Judgment_communication,criticism
886,0,.,0,0,_,.
886,1,Then,0,0,_,then
886,1,the,0,0,_,the
886,1,republicans,0,0,_,republican
886,1,have,1,0,_,have
886,1,the,0,0,_,the
886,1,audacity,0,0,Daring,audacity
886,1,to,0,0,_,to
886,1,question,0,0,Judgment_communication,question
886,1,the,0,0,_,the
886,1,patriotism,0,0,_,patriotism
886,1,of,0,0,_,of
886,1,the,0,0,_,the
887,0,#,0,0,_,#
887,0,Ms.,0,0,_,Ms.
887,0,Almontaser,0,0,_,Almontaser
887,0,'s,0,0,_,be
887,0,resignation,0,0,Withdraw_from_participation,resignation
887,0,was,0,0,_,be
887,0,the,0,0,_,the
887,0,latest,0,0,Relative_time,late
887,0,setback,1,1,_,setback
887,0,for,0,0,_,for
887,0,a,0,0,_,a
887,0,school,0,0,Locale_by_use,school
887,0,that,0,0,_,that
887,0,has,0,0,_,have
887,0,been,0,0,_,be
887,0,bombarded,1,1,_,bombard
887,0,with,1,0,_,with
887,0,criticism,0,0,Judgment_communication,criticism
887,0,since,0,0,Time_vector,since
887,0,February,0,0,Calendric_unit,February
887,0,",",0,0,_,","
887,0,when,0,0,Temporal_collocation,when
887,0,the,0,0,_,the
887,0,city,0,0,Political_locales,city
887,0,announced,0,0,Statement,announce
887,0,plans,1,0,Purpose,plan
887,0,to,0,0,_,to
887,0,open,0,0,_,open
887,0,it,0,0,_,it
887,0,.,0,0,_,.
887,1,The,0,0,_,the
888,0,psychology,0,0,_,psychology
888,0,",",0,0,_,","
888,0,and,0,0,_,and
888,0,he,0,0,_,he
888,0,'s,0,0,_,be
888,0,not,0,0,_,not
888,0,really,0,0,_,really
888,0,kidding,0,0,_,kid
888,0,.,0,0,_,.
888,1,With,1,0,_,with
888,1,social,0,0,_,social
888,1,media,0,0,_,medium
888,1,",",0,0,_,","
888,1,players,0,0,_,player
888,1,get,0,0,Transition_to_state,get
888,1,bombarded,1,1,_,bombard
888,1,by,0,0,_,by
888,1,criticism,0,0,Judgment_communication,criticism
888,1,",",0,0,_,","
888,1,and,0,0,_,and
888,1,a,0,0,_,a
888,1,coach,0,0,People_by_vocation,coach
888,1,has,0,0,Required_event,have
888,1,to,0,0,Required_event,to
888,1,manage,1,0,_,manage
888,1,it,0,0,_,it
888,1,.,0,0,_,.
888,2,#,0,0,_,#
888,2,In,1,0,_,in
888,2,that,1,0,_,that
888,2,regard,1,1,Topic,regard
889,0,did,0,0,_,do
889,0,n't,0,0,_,not
889,0,want,0,0,Desiring,want
889,0,their,0,0,_,their
889,0,supporters,0,0,_,supporter
889,0,becoming,0,0,Becoming,become
889,0,discouraged,0,0,Subjective_influence,discourage
889,0,.,0,0,_,.
889,1,The,0,0,_,the
889,1,networks,0,0,Network,network
889,1,",",0,0,_,","
889,1,meanwhile,0,0,_,meanwhile
889,1,",",0,0,_,","
889,1,have,0,0,_,have
889,1,been,0,0,_,be
889,1,bombarded,1,1,_,bombard
889,1,by,0,0,_,by
889,1,criticism,0,0,Judgment_communication,criticism
889,1,in,1,0,Temporal_collocation,in
889,1,years,0,0,Calendric_unit,year
889,1,past,0,0,Relative_time,past
889,1,that,0,0,_,that
889,1,we,0,0,_,we
889,1,have,0,0,_,have
889,1,disenfranchised,0,0,_,disenfranchise
889,1,voters,0,0,_,voter
889,1,by,0,0,Means,by
889,1,predicting,0,0,Predicting,predict
889,1,elections,0,0,Change_of_leadership,election
889,1,before,1,0,Time_vector,before
889,1,the,0,0,_,the
890,0,Parade,0,0,_,parade
890,0,All-American,0,0,_,all
890,0,in,1,0,_,in
890,0,football,0,0,_,football
890,0,and,0,0,_,and
890,0,a,0,0,_,a
890,0,state,0,0,Political_locales,state
890,0,champion,0,0,_,champion
890,0,shot-putter,0,0,_,shot
890,0,in,1,0,_,in
890,0,track,0,0,_,track
890,0,at,0,0,Locative_relation,at
890,0,Wood,0,0,_,wood
890,0,River,0,0,Natural_features,river
890,0,--,0,0,_,--
890,0,battled,1,1,Hostile_encounter,battle
890,0,through,1,0,_,through
890,0,criticism,0,0,Judgment_communication,criticism
890,0,to,0,0,_,to
890,0,lead,1,0,Cotheme,lead
890,0,the,0,0,_,the
890,0,Huskers,0,0,_,husker
890,0,to,1,0,_,to
890,0,the,0,0,_,the
890,0,1997,0,0,_,1997
890,0,national,0,0,Political_locales,national
890,0,title,0,0,Finish_competition,title
890,0,.,0,0,_,.
890,1,He,0,0,_,he
890,1,became,0,0,Becoming,become
890,1,the,0,0,_,the
891,0,Parade,0,0,_,parade
891,0,All-American,0,0,_,all
891,0,in,1,0,_,in
891,0,football,0,0,_,football
891,0,and,0,0,_,and
891,0,a,0,0,_,a
891,0,state,0,0,Political_locales,state
891,0,champion,0,0,_,champion
891,0,shot-putter,0,0,_,shot
891,0,in,1,0,_,in
891,0,track,0,0,_,track
891,0,at,0,0,Locative_relation,at
891,0,Wood,0,0,_,wood
891,0,River,0,0,Natural_features,river
891,0,--,0,0,_,--
891,0,battled,1,1,Hostile_encounter,battle
891,0,through,1,0,_,through
891,0,criticism,0,0,Judgment_communication,criticism
891,0,to,0,0,_,to
891,0,lead,1,0,Cotheme,lead
891,0,the,0,0,_,the
891,0,Huskers,0,0,_,husker
891,0,to,1,0,_,to
891,0,the,0,0,_,the
891,0,1997,0,0,_,1997
891,0,national,0,0,Political_locales,national
891,0,title,0,0,Finish_competition,title
891,0,.,0,0,_,.
891,1,He,0,0,_,he
891,1,became,0,0,Becoming,become
891,1,the,0,0,_,the
892,0,to,0,0,_,to
892,0,campaign,0,0,_,campaign
892,0,against,1,0,Taking_sides,against
892,0,you,0,0,_,you
892,0,.,0,0,_,.
892,1,RON,0,0,_,RON
892,1,CLAIBORNE,0,0,_,CLAIBORNE
892,1,:,0,0,_,:
892,1,voice-over,0,0,_,voice
892,1,For,0,0,_,for
892,1,two,0,0,Cardinal_numbers,two
892,1,hours,0,0,Measure_duration,hour
892,1,",",0,0,_,","
892,1,Cantwell,0,0,_,Cantwell
892,1,was,0,0,_,be
892,1,bombarded,1,1,_,bombard
892,1,with,1,0,_,with
892,1,arguments,0,0,Reasoning,argument
892,1,for,0,0,Taking_sides,for
892,1,and,0,0,_,and
892,1,against,1,0,Taking_sides,against
892,1,the,0,0,_,the
892,1,trade,0,0,_,trade
892,1,pact,1,1,Be_in_agreement_on_action,pact
892,1,",",0,0,_,","
892,1,but,0,0,_,but
892,1,she,0,0,_,she
892,1,had,0,0,_,have
892,1,already,0,0,Time_vector,already
892,1,made,1,0,_,make
892,1,up,1,0,_,up
893,0,``,0,0,_,`
893,0,oil,0,0,Substance,oil
893,0,on,0,0,_,on
893,0,canvas,0,0,_,canvas
893,0,.,0,0,_,.
893,1,/,0,0,_,/
893,1,Chuck,0,0,_,Chuck
893,1,Close,0,0,_,close
893,1,51919,0,0,_,51919
893,1,#,0,0,_,#
893,1,The,0,0,_,the
893,1,University,0,0,Locale_by_use,university
893,1,of,0,0,_,of
893,1,California,0,0,_,California
893,1,",",0,0,_,","
893,1,besieged,1,1,_,besiege
893,1,by,0,0,_,by
893,1,criticism,0,0,Judgment_communication,criticism
893,1,over,1,0,_,over
893,1,its,0,0,_,its
893,1,management,0,0,_,management
893,1,of,0,0,_,of
893,1,Los,0,0,_,Los
893,1,Alamos,0,0,_,Alamos
893,1,National,0,0,Political_locales,national
893,1,Laboratory,0,0,Locale_by_use,laboratory
893,1,",",0,0,_,","
893,1,beat,1,0,Beat_opponent,beat
893,1,back,1,0,_,back
893,1,a,0,0,_,a
893,1,strong,1,1,Level_of_force_exertion,strong
894,0,local,0,0,Political_locales,local
894,0,and,0,0,_,and
894,0,government,0,0,Leadership,government
894,0,views.,1,0,Categorization,view
894,0,``,0,0,_,`
894,1,In,0,0,Interior_profile_relation,in
894,1,Colombia,0,0,_,Colombia
894,1,",",0,0,_,","
894,1,Foster,0,0,_,Foster
894,1,Parents,0,0,Kinship,parent
894,1,',0,0,_,'
894,1,sex-education,0,0,_,sex
894,1,efforts,0,0,Attempt,effort
894,1,were,0,0,_,be
894,1,torpedoed,1,1,_,torpedo
894,1,after,1,0,Relative_time,after
894,1,criticism,0,0,Judgment_communication,criticism
894,1,from,1,0,_,from
894,1,Catholic,0,0,People_by_religion,catholic
894,1,church,0,0,_,church
894,1,leaders,0,0,Leadership,leader
894,1,.,0,0,_,.
894,2,#,0,0,_,#
894,2,``,0,0,_,`
894,2,We,0,0,_,we
894,2,do,0,0,_,do
894,2,n't,0,0,_,not
894,2,do,0,0,Intentionally_act,do
894,2,family,0,0,Kinship,family
894,2,planning,0,0,_,planning
895,0,the,0,0,_,the
895,0,lone,0,0,Sole_instance,lone
895,0,Oscar,0,0,_,Oscar
895,0,citation,0,0,_,citation
895,0,for,0,0,_,for
895,0,The,0,0,_,the
895,0,Hurricane,0,0,_,hurricane
895,0,",",0,0,_,","
895,0,which,0,0,_,which
895,0,had,1,0,_,have
895,0,its,0,0,_,its
895,0,enthusiastic,1,1,_,enthusiastic
895,0,",",0,0,_,","
895,0,pre-opening,0,0,_,pre
895,0,buzz,1,1,_,buzz
895,0,torpedoed,1,1,_,torpedo
895,0,by,0,0,_,by
895,0,criticism,0,0,Judgment_communication,criticism
895,0,that,0,0,_,that
895,0,the,0,0,_,the
895,0,filmmakers,0,0,People_by_vocation,filmmaker
895,0,took,1,0,_,take
895,0,too,0,0,Sufficiency,too
895,0,many,0,0,Quantified_mass,many
895,0,creative,0,0,_,creative
895,0,liberties,1,1,_,liberty
895,0,with,1,0,_,with
895,0,the,0,0,_,the
895,0,facts,0,0,_,fact
895,0,of,0,0,_,of
895,0,Carter,0,0,_,Carter
