lemma_1,lemma_2,year,genre,source,data
backward,time,2019,FIC,Analog,"too-forward. Maybe the only allowed way; no past travel. # Fiction features backward time travel, adventures in the past. Writers prefer that; they can't"
backward,time,2019,ACAD,Tehnicki Vjesnik,"There are three general approaches to detecting moving objects: background extraction, forward or backward time difference, and motion vectors. Among them, background extraction is a very"
backward,time,2017,MAG,Nerdist,"was born to play. She's outspoken and feminist as all hell in a backward time and place. And now on the brink of premiere, the pilot positions"
backward,time,2012,ACAD,PhysicsToday,"are locally the regions of most strongly diverging flow. Performing the same procedure in backward time, one identifies regions with high backward-time FTLE values. Those regions of strongest"
backward,time,2012,ACAD,PhysicsToday,one identifies regions with high backward-time FTLE values. Those regions of strongest divergence in backward time are the regions of strongest local convergence in ordinary forward time. # In
backward,time,2012,ACAD,PhysicsToday,"in fact, indicators of repelling LCSs in forward time and of attracting LCSs in backward time. The ridges were initially believed to be almost Lagrangian--that is, the flux"
backward,time,2012,ACAD,PhysicsToday,will be to follow the evolution of LCSs as they are advected in forward or backward time by the fluid flow. That's more than simply locating a repelling or
backward,time,2012,WEB,debate.org,"say that forward time travel has been proven possible. But no evidence shows that backward time travel is possible. # Proposed possibilities include Worm Holes, but no worm"
backward,time,2012,WEB,debate.org,of space is fragile and violently shaking according to M-Theory) # I argue that backward time travel either is impossible or sufficient time will pass before it is that the
backward,time,2012,BLOG,...dinary-gentlemen.com,managed better If you'd had it planned Now why'd you choose such a backward time And such a strange land? # If you'd come today You could
backward,time,2011,ACAD,Communications,"practice, the particle advec-tion approach allows implementa-tion of the algorithm in both forward and backward time, meaning the flow segments are the same regardless of which direction the flow"
backward,time,2007,TV,The Universe,to actually transport information backward in time... or people backward in time. But backward time travel raises disturbing paradoxes. Could one actually voyage to the past and change
backward,time,2007,TV,The Universe,"... and perhaps, one day, they may come knocking on your door. Backward time travel has ignited a myriad of science fiction scenarios. If that machine can"
backward,time,2007,TV,The Universe,"changing history? One possibility is that the laws of physics... allowyou to do backward time travel... as long as it leads to a self-consistent universe... that,"
backward,time,2007,TV,The Universe,"place... for example, in the grandfather paradox. For now, forward or backward time travel... through a wormhole remains in question. And some scientists think..."
backward,time,1995,FIC,ContempFic,", sammenstod (Distances, Collisions, 1979, poems), Baglaens tid (Backward Time, 1983, poems), Kragevending: landsbydigte (As the Crow Turns"
back,time,2018,FIC,Fan Fic,"the house on Castle Lake every summer, driving that same stretch to Bangor and back time after time. Shaving miles and more miles, and miles after that."
back,time,2017,TV,Abstract: The Art of...,"bit, and instead of taking it and absorbing it, I give it right back times a thousand, and I normally yell at their face. [loudly] Amazing!"
back,time,2016,FIC,World Literature Today,"ruins your life as you knew it. # But a broken foot gives you back time. Today, for instance, instead of going to a Barre Method class"
back,time,2007,SPOK,NPR_TellMore,"grocery store is full of things that are already done for you to buy you back time, and that's why "" Semi-Homemade "" has been so successful and is"
back,time,2003,TV,Malcolm in the Middle,"Sure. Oble? of the Earth around the table and, like Superman and back time for a moment before as We thought fail for like. Are still being"
back,time,1996,MAG,Backpacker,"bit before hitting the trail. Then start hiking slowly to give your legs and back time to warm up. Stretch again on your first break, then gradually increase"
setting,time,2012,BLOG,danariely.com,often and the other partner wishes to have intimacy more often. Can you imagine setting times for intimacy working? # My family is fairly busy -- we don't
setting,time,2007,FIC,FantasySciFi,"ordinary person, remote viewing combined with precognition might seem not much more remarkable than setting time transceiver coordinates mentally while in a selfinduced state of trance. But several dozen"
setting,time,1999,MAG,SkyTelescope,"this table: Finally, the Moon's rapid orbital motion alters lunar rising and setting times slightly if your longitude differs from 90deg west. The Moon rises and sets"
setting,time,1995,ACAD,RehabResrch,total contact cast was applied. Weightbearing was not allowed for 3 to 4 hrs setting time to assure sufficient hardening of the plaster inner shell. The subject then walked
setting,time,1991,MAG,Compute,"ask for your location in longitude and latitude, not only to figure rising and setting times, but also to calculate the appearance of solar and lunar eclipses. You"
outside,relationship,2014,ACAD,CollegeStud,"(Mietzner, 2005). An important defense against loneliness can be support from outside relationships, such as family and friends (Sadava & Matejcic, 1987)."
outside,relationship,2012,SPOK,PBS_Newshour,"intelligence agency like the CIA when someone seems to have had some sort of inappropriate outside relationship than it would be, say, if he were working for another domestic"
outside,relationship,2012,WEB,chronicle.com,"their decision, the NCAA could hurt Penn State's enrollment, recruiting, and outside relationships and partnerships, "" the source said. "" If you don't attract"
outside,relationship,2012,WEB,....clevelandclinic.org,. Cleveland Clinic strives to make scientific advances that will benefit patient care and support outside relationships that promise public benefit. In order for the discoveries of Cleveland Clinic physicians
outside,relationship,2012,BLOG,liquidhip.com,because he doubted his ability to do either. It didn't help watching several outside relationships he admired break down and fall apart. The ones who suffered the most
outside,relationship,2012,BLOG,polyamory.com (1),because I just wasn't that into her. He hadn't had any outside relationships until recently.. # He met a girl at a bar and started talking
outside,relationship,2009,SPOK,ABC_GMA,"should form a two-handed circle. And that's the way it should stay. Outside relationships, you always got to ask yourself, what good do they bring to"
outside,relationship,2004,MAG,Ebony,"very married Brother who has no intention of leaving his wife, but engages in outside relationships and leads his mistresses to believe that he will soon be ending the marriage"
outside,relationship,2004,MAG,Ebony,did it mean? There are basically two kinds of infidelity-opportunistic infidelity and a long-term outside relationship involving major investments of time and emotion. The opportunistic affair generally involves the
outside,relationship,2004,MAG,Ebony,"Marriages are also likely to dissolve quickly when one partner gets involved in a long-term outside relationship. In many cases, psychologist Smith says, an outside relationship may be"
outside,relationship,2004,MAG,Ebony,"in a long-term outside relationship. In many cases, psychologist Smith says, an outside relationship may be a strong indicator that the person may no longer feel emotionally connected"
outside,relationship,2001,ACAD,Education,"provide financial, technical and programmatic assistance. They can facilitate interschool communication, nurture outside relationships and in many instances be the early inspiration for the project. There are"
outside,relationship,1995,MAG,Prevention,security. Appropriate boundaries that therapists must adhere to include things like not having an outside relationship with a client while she's in treatment; not counseling somebody with whom
outside,relationship,1992,SPOK,CNN_Sonya,"responsible non-monogamy.' Currently, she lives with two other people and has additional outside relationships. Wow! I guess one-on-one isn't for you, a crowd is"
outside,relationship,1992,SPOK,CNN_Sonya,"n't disturb yourself over whatever you're doing including having the fantasies or having the outside relationships, or occasionally lusting for someone else, that's fine SONYA OK,"
outside,relationship,1992,SPOK,CNN_Sonya,": But, I think there are some couples who are able to have the outside relationship, still maintain their love connection, not take time and affection away from"
outside,relationship,1992,SPOK,CNN_Sonya,", you know, the trend these days is that the figures of women having outside relationships is getting higher and I think, perhaps, because women have been able"
outside,relationship,1992,SPOK,CNN_Sonya,"s one way of finding out. It depends on whether she's using the outside relationship as a supplement but really, firmly, is connected to her relationship or"
expansive,relationship,2016,MAG,Fox News,"as rivals faced expropriation and regulatory obstacles. # In 2011, Tillerson announced an expansive relationship with Russia's Rosneft that will spend years and billions of dollars developing technology"
expansive,relationship,2012,BLOG,...ywiththeleadpipe.org,potential new editor to contribute as a guest author with the hopes that a more expansive relationship might follow.  Accomplishments # In the Library with the Lead Pipe has
expansive,relationship,2011,ACAD,Education,"dynamic (Brooks &; Brooks, 1999), and framed by a trusting but expansive relationship (Meier, 2002). Just as teaching is intentional, so must"
outside,power,2019,SPOK,Fox_Baier,"to overthrow the Monroe doctrine, which for centuries has said no outside interference from outside powers in the western hemisphere. In order to really elevate this situation, I"
outside,power,2019,FIC,Analog,"predates that. "" # She sneered. "" Yet it must rely on an outside power source. "" # "" And? "" # "" And isn't that"
outside,power,2019,NEWS,USA TODAY,"really, because of how small the rosters are and how large the influence of outside power brokers is. # This season was a confirmation of it - repeatedly."
outside,power,2018,MAG,The Atlantic,in order to help liberalism write a new story for our own time. # Outside powers have been central to the nuclear crisis -- but for a few peculiar weeks
outside,power,2018,ACAD,Foreign Affairs,"far worse, as the Iraqis and the Libyans know only too well: when outside powers overthrow autocrats sitting atop failing states, open-ended chaos is much more likely to"
outside,power,2017,ACAD,The Middle East Journal,"forces for fear of filling enemy ranks. Local leaders promptly proceeded to play these outside powers against one another, requiring concessions in material support and local autonomy that neither"
outside,power,2017,ACAD,The Middle East Journal,": in the absence of integration into a stable international system, interventionist impulses by outside powers serve not to induce social change or development but only to sustain local political"
outside,power,2017,ACAD,Journal of Film and Video,"his brother's presence and what it has come to signify, ultimately thwarting the outside power interests who attempt to rewrite the town. # Although the narrative structure invites"
outside,power,2017,TV,Africa's Great Civil...,"other. It in fact allowed The king of kongo. To connect with An outside power. It wasn't a local power, it was An outside power which"
outside,power,2017,TV,Africa's Great Civil...,"with An outside power. It wasn't a local power, it was An outside power which, in fact, Meant that kongo became Part of what was emerging"
outside,power,2016,SPOK,PBS_Newshour,But they also play a role in Iraq's efforts to emerge as the dominant outside power in Iraq and to kind of supplant the U.S. in this role. We
outside,power,2016,MAG,Daily Beast,"waves of Iraqi leaders who are increasingly seen as little more than factotums of interfering outside powers, namely the United States or Iran. U.S. policy has been single-mindedly wedded"
outside,power,2015,MAG,NatGeog,"He had the tired half smile of a man who thought in millennia. "" Outside powers still fight over this area -- the Mesopotamian plain. It is the meeting"
outside,power,2015,MAG,PopMech,the weight's motion and further amplifying its damping effect. No active control or outside power source is necessary. The magnetic fip occurs because of a version of Newton
outside,power,2015,MAG,PopScience,"to the treatment plant and get clean water, and you wouldn't need any outside power. "" # Daniel Bond at the University of Min- nesota is exploring the"
outside,power,2015,MAG,USAToday,", but we are still, I think without any question, the most influential outside power. "" # Calling the U.S. "" largely reactive, "" and a """
outside,power,2015,NEWS,NYTimes,"to come to an agreement of their own. "" He needs the help of outside powers, "" he said. "" It starts with backers of Assad. That"
outside,power,2015,ACAD,WorldAffairs,"and continuing with his Munich speech in 2007, Putin has hyped the threat of outside powers. Russia's 2010 Military Doctrine cites NATO enlargement as the greatest military danger"
outside,power,2015,MOV,Requiem for the American Dream,"course, he puts it in terms of defense, "" defending ourselves against an outside power. "" But if you look at it, it's a call for"
outside,power,2014,SPOK,ABC: This Week,"need to support your friends. They can win your enemies by being supported by outside powers, which is the case in both Ukraine and Syria. Syria was also"
outside,power,2014,MAG,America,""" good neighbor "" policies--trade and cultural deals--seemed designed to diminish Asean's ties to outside powers, but in fact its territorial claims seem to reinforce the perception in South"
outside,power,2014,ACAD,PolSciQuarterly,", the behaviors are often intertwined with the shifting self-images of Taiwan in relation to outside powers and the intense tug-of-war between domestic forces taking interest in these self-images. In"
outside,power,2014,ACAD,MiddleEastQ,"? Unless he shows a hitherto-unseen competence, 14 his chances are slim. # Outside powers can help by cooperating with Sisi on immediate concerns--arms, counterterrorism, and intelligence--and"
outside,power,2013,MAG,USAToday,"Nations of the world ratified the Genocide Convention in response to the widespread belief that outside powers had stood by during the mass murder of Armenians during World War I,"
outside,power,2013,ACAD,PolSciQuarterly,"the member states of the containment regime, and also the close support of an outside power like the United States. # As we have shown, however, the"
outside,power,2012,NEWS,CSMonitor,"in Iraq, and Libya, to name a few. In each case, outside powers intervened at some point to stop the killing. The results - while imperfect"
outside,power,2012,NEWS,CSMonitor,in Syria have merit. It is difficult. The Syrian military is strong. Outside powers such as Iran and Russia are engaged. The local politics are complicated.
outside,power,2012,NEWS,CSMonitor,"an "" imposed non-military solution. "" This would be a political transition driven by outside powers with broad international support. # Such a nonmilitary plan is in keeping with"
outside,power,2012,ACAD,ForeignAffairs,"a diplomatic solution. Both sides, however, share the underlying assumption that unless outside powers intervene in a dramatic fashion, it is inevitable that Iran will achieve its"
outside,power,2012,WEB,newdeal.feri.org,of the various groups in that country and based on a hands-off policy of the outside powers. # We are still arming to the hilt. Our excessive expenses for
outside,power,2012,WEB,theatlantic.com,"that will be more potent and more lasting than any our Federal Congress or any outside power can confer. # The London Times, in a recent edition discussing affairs"
outside,power,2012,WEB,topics.nytimes.com,", during an interview with the Russia Today television news channel, Mr. Assad warned outside powers not to intervene militarily, saying the price of an invasion would be """
outside,power,2012,WEB,jfklibrary.org,security arrangements--and the nations of this hemisphere decided long ago against the military presence of outside powers. Our other allies around the world have also been alerted. # Sixth
outside,power,2012,WEB,malcolm-x.org,"come in. Now, what African head of state would have dared to invite outside powers? So they put Tshombe there, and as soon as Tshombe got there"
outside,power,2012,WEB,metafilter.com,"what happened in Rwanda? That shitstorm had a long history, was orchestrated by outside powers, and I don't have much trouble believing that there were atrocities on"
outside,power,2012,WEB,englishhistory.net,"threat to Mary's reign finally came, it was not from one of these outside powers; indeed, it came from within her own nation. # As queen"
outside,power,2012,WEB,puritansermons.com,"of his resurrection? It may be replied, that it was not any other outside power, but he himself was the author of his own rising from the dead"
outside,power,2012,WEB,...atreallyhappened.com,"Gen. Mustafa al-Sheikh, the leader of the Free Syrian Army, warned that if outside powers don't quickly back the rebel fighters trying to overthrow the regime of President"
outside,power,2012,WEB,gotterdammerung.org,"chance of independent survival and, curiously, their very existence needed the intervention of outside powers, the first of which resulted in the Treaty of Augsburg (1555)"
outside,power,2012,WEB,reuters.com,"been killed, and have raised the prospect of Syria becoming a proxy battlefield for outside powers. # Assad's former prime minister, Riyad Habib, a Sunni who"
outside,power,2012,WEB,huffingtonpost.com,"consumer advocacy' approach, with a focus on wrestling services and resources from the outside powers that be. Few are thinking of harnessing the internal productive capacities... that"
outside,power,2012,WEB,thomhartmann.com,in various other products do not have an internal power source but reacts when an outside power source activates it and it has an antennae that picks up the external power
outside,power,2012,WEB,history.navy.mil,"what Perry had done for her, did the Hermit Kingdom accept relations with an outside power. Only with the Shufeldt treaty did she accept them with a non-Asiatic people"
outside,power,2012,WEB,...merican-interest.com,"factions among the Palestinians can count on political, economic and military support from many outside powers who want to keep this dispute on the boil for reasons of their own"
outside,power,2012,WEB,topics.nytimes.com,"arms against the Islamists unless they received assistance, diplomatic recognition and unspecified guarantees from outside powers. # On July 18, the government of Mali formally asked the International"
outside,power,2012,WEB,metmuseum.org,other aspects of Egypt's ancient artistic and religious traditions in the face of threatening outside powers. # James Allen Department
outside,power,2012,WEB,tnr.com,"the U.N.' s new doctrine that is supposed to govern those instances when outside powers must step in militarily to prevent tyrants from killing their own people, the"
outside,power,2012,BLOG,...dreport.blogspot.com,"moving to the music, you could build a rock venue that would require no outside power. # Ghung, of course -- there's no one toolkit for everybody"
outside,power,2012,BLOG,...lt.foreignpolicy.com,", Kurds, and the other components of Syria's ethnic/religious blend, with various outside powers trying to influence the outcome as well. The longer the fighting lasts and"
outside,power,2012,BLOG,noisyroom.net,"the federal government to hold the Union together, the President may request assistance from outside powers... "" peacekeepers. "" These "" peacekeepers "" will come from every nation"
outside,power,2012,BLOG,...rginalrevolution.com,"West Germans saw themselves as part of the same nation that was artificially separated by outside powers. I know it's difficult for cosmopolitans to comprehend, but culture is"
outside,power,2012,BLOG,fabiusmaximus.com,"experienced some difficult times over that last 100 years. some inflicted on them by outside powers, for the monst part not the USA and some inflicted upon themselves by"
outside,power,2012,BLOG,...nealia.wordpress.com,his Russian counterpart Mikhail Bogdanov. # His comments might reflect the growing concerns of outside powers at the relentless bloodshed but on the ground both parties to the armed conflict
outside,power,2012,BLOG,conflictsforum.org,"people say in Fatah meetings "". 6 # This pressure on the PA by outside powers (like Israel, the US, or the Quartet) to conform to"
outside,power,2012,BLOG,metafilter.com,of the earthquake. The steam-powered backup cooling systems which mostly don't rely on outside power failed a little while back. But this GE BWR designed 50 years ago
outside,power,2012,BLOG,dixieswanson.com,"leaders of the Arab Spring are now IN power, but know only about being OUTSIDE power. President Moursi did not act like a head of state about the attacks"
outside,power,2012,BLOG,...nmalik.wordpress.com,"power to make it true, to enforce its validity: # Truth isn't outside power... It induces regular effects of power. Each society has its regime of"
outside,power,2012,BLOG,...eulstermanreport.com,"elections. And, as WSI once said on the subject I believe, this outside power is always present for American political leadership. One has to slowly steer away"
outside,power,2011,SPOK,Fox_Susteren,"get any kind of water pumped that high without having plenty of electrical power, outside power to manage the pump, and also that it appears a portion of that"
outside,power,2011,SPOK,CBS_NewsMorn,"when it lost power. Backup generators kicked in. The Tennessee Valley authority says outside power has been restored, but the storms did knock out power to thousands."
outside,power,2011,MAG,ChristCentury,". Advocates like Thomas Friedman and Al Gore have called for students to stage sit-ins outside power plants, and I appreciate their urgency. Bui G don't think college"
outside,power,2011,NEWS,CSMonitor,"change is about them and has little to do with the US or any other outside power. # "" There's a feeling in the Arab world that Arabs are"
outside,power,2011,ACAD,ForeignAffairs,"July 2010, Chinese Foreign Minister Yang Jiechi warned Southeast Asian states against coordinating with outside powers in managing territorial disputes with Beijing. Later that year, Beijing demanded an"
outside,power,2011,ACAD,ForeignAffairs,foreign minister's harsh reaction at the conference -- warning regional actors against collaborating with outside powers in dealing with the disputes -- created tension between China and relevant ASEAN states
outside,power,2011,ACAD,ForeignAffairs,lost the right to use others as the excuse for their own failures. Various outside powers have indeed affected the region's fate. But that is true for every
outside,power,2011,ACAD,ForeignAffairs,". But they could also be highly destabilizing. If, for example, an outside power sought to curry favor with a potential client state or gain influence with a"
outside,power,2010,SPOK,PBS_NewsHour,". Will it be able to tackle Iraqs challenges amidst rising violence at home and outside powers, like the U.S. and Iran, angling for influence? For that,"
outside,power,2010,MAG,ChristCentury,have been at war for 35 years. The central government is seen as an outside power. The U.S. is trying to foster and develop Afghan security forces and an
outside,power,2010,ACAD,ForeignAffairs,"States today not for the traditional security and ideological concern of limiting the influence of outside powers in the region but rather for much more contemporary reasons. Massive, sustained"
outside,power,2009,MAG,Newsweek,surely sound ridiculous to many Iranians. But not all: suspicion of meddling by outside powers is deeply ingrained among even the most Westernized citizens in Iran. The fact
outside,power,2009,ACAD,IntlAffairs,experiences of Pakistan and Afghanistan is highlighted by Kimberly Marten in her analysis of how outside powers have attempted to deal with tribal militias in the two states. In Afghanistan
outside,power,2008,ACAD,MiddleEastQ,"U.S. influence, (n35) both prefer to finesse their rhetoric not to antagonize outside powers. Mesbah-Yazdi's role as a central figure in promoting Mahdism is important because"
outside,power,2008,ACAD,ForeignAffairs,"China's real purpose of becoming a country that could no longer be bullied by outside powers. Democracy ultimately foundered under all three leaders. When Sun died, in"
outside,power,2008,ACAD,StudiesNovel,". Meanwhile, it also essentially changes the system by grounding it not in an outside power (such as the British Empire, "" nature, "" God, or"
outside,power,2007,MAG,HarpersMag,", pashas, and sheikhs delivered their communities like Chicago ward heelers to some dominant outside power in order to gain an advantage over a shifting field of local rivals."
outside,power,2007,MAG,HarpersMag,Walid's ancestors very likely would recognizeand approve of-their descendant's manipulation of local and outside powers. And they would not be surprised to see that the latest and probably
outside,power,2007,MAG,AmSpect,"in those lands a keen eve for the seriousness, and the will, of outside powers. The greater confidence shown by the enemies of liberty three or four years"
outside,power,2007,ACAD,ForeignAffairs,"and influence. # Finally, there is the fear of being ruled by an outside power, even a friendly one (such as the United States) or a"
outside,power,2007,ACAD,ForeignAffairs,"continued defiance of the United States also helps. In Cuba's national narrative, outside powers -- whether Spain in the nineteenth century or the United States in the twentieth"
outside,power,2007,ACAD,MiddleEastQ,"is difficult to persuade Tehran to cooperate with the international community. However, if outside powers can remind Iran about the pitfalls of isolation, the terms of the nuclear"
outside,power,2007,ACAD,IntlAffairs,"a case in which there is permanent incentive to consider this option, and whatever outside powers might do to moderate it will need continual renewal in order to keep Iran"
outside,power,2007,ACAD,IntlAffairs,"H. Bays emphasizes, is no longer a Western religion simply imposed on China by outside powers; Christianity is becoming an indigenous Chinese religion. (n24) It also has"
outside,power,2006,FIC,IowaRev,"# The conveyor belt moves slowly, like a department store escalator propelled by an outside power, headed this time not for Ladies Ready-to-Wear but for the lady herself."
outside,power,2006,ACAD,ForeignAffairs,"the United States will continue to enjoy more influence in the region than any other outside power, but its influence will be reduced from what it once was. This"
outside,power,2006,ACAD,Archaeology,"engaged in a power struggle with a rival chief. By associating himself with an outside power, the RAC, Kaumuali'i was trying to bolster his own prestige during this"
outside,power,2006,ACAD,ForeignAffairs,"the immediate neighborhood, India has sought primacy and a veto over the actions of outside powers. In the second, which encompasses the so-called extended neighborhood stretching across Asia"
outside,power,2005,NEWS,CSMonitor,"pressuring Museveni to end the war. After largely ignoring the conflict for years, outside powers now worry about the scale of the humanitarian crisis and its destabilizing effects on"
outside,power,2005,NEWS,SanFranChron,", building efficient combined-cycle turbines in new plants using natural gas. # All the outside power suppliers made a killing during the initial stages of deregulation, as market prices"
outside,power,2004,SPOK,NPR_Daybreak,the insurgents know that. That's always part of an insurgency: cause the outside power to fight among the civilian population and then blame them for civilian casualties.
outside,power,2004,ACAD,IntlAffairs,"provincial rivals within the country, that the only way to escape formal control by outside powers was to accept an identity that was an invention of just those powers."
outside,power,2003,SPOK,PBS_Newshour,"people is properly expressed in institutions that in the end they own, not any outside power or authority. And I think if we keep that vision in our minds"
outside,power,2003,ACAD,ForeignAffairs,". When there are ingredients for internally led regime change, as in Serbia, outside powers should facilitate the transition. # The Bush administration has succeeded recently in achieving"
outside,power,2003,ACAD,AsianAffairs,"pressure, that humanitarian crises elsewhere in the archipelago could result in unwanted intervention from outside powers. Indonesia is opposed to interference in its affairs, and officials have expressed"
outside,power,2003,ACAD,LawPublicPol,"Mexico for abusive treatment. As far as NAFTA is concerned, however, no outside power stands in the background when a Mexican national enters a dispute with his own"
outside,power,2003,ACAD,LawPublicPol,"and consultations. "" (n51) By constituting adequate national institutions to deal with outside powers, the Constitution would give some office-holders a stake in preserving America's reputation"
outside,power,2002,ACAD,ForeignAffairs,"for the foreseeable future needs to be on internal Balkan realities, not manipulation by outside powers. # Preventing the recurrence of widespread violence is perhaps the only unqualified success"
outside,power,2001,ACAD,ArabStudies,"reserves, output and exports in these five countries made them a constant target of outside power machination and interference. And it is a well-known fact that the oil sectors"
outside,power,1999,MOV,"...nd Fall of Fred A. Leuchter, Jr.","cable, they ran some wires over the prison wall... and tapped into the outside power line... without the consent of the power company, but there was no"
outside,power,1996,TV,Power Rangers Zeo,"backup. Well, this is no ordinary medallion. It draws energy from an outside power source but I haven't been able to pinpoint that location yet. Well"
outside,power,1993,TV,X-Men,". TRASK: The manufacturing process is entirely self-contained. All it requires is an outside power source. HODGE: Too much power, Dr. Trask. You blacked"
outside,power,2001,MAG,ChristCentury,20th century many of the lands with a Muslim majority were under the control of outside powers. European colonial powers dominated prior to the rise of the two super powers
outside,power,2001,MAG,NatlReview,"countries for weapons of mass destruction. With America on the sidelines and no other outside power capable-as yet-of intervening, the way would be open for an unimpeded Middle Eastern"
outside,power,2001,NEWS,AssocPress,would drain the tank in four minutes. # Flames melt through the home's outside power line. A chicken coop and shed catch fire. But the house itself
outside,power,2001,NEWS,AssocPress,"Afghanistan is a failed state, divided on ethnic lines and vulnerable to meddling from outside powers. In the absence of a political settlement, the country will revert to"
outside,power,2001,NEWS,Atlanta,". Shaving usage off the peaks is expected to reduce the need for the pricey outside power purchases that have crippled California. At about the same time, the Federal"
outside,power,2001,NEWS,Denver,"a safe place to get smug for too long. # When California begs for outside power to run its baseboard heaters in January, a power plant in Denver or"
outside,power,2000,ACAD,ArabStudies,"and autocratic governmental institutions, combating local tribes, as well as the intrusion of outside powers. The diverse Lebanese religious groups also posed a serious challenge to the state"
outside,power,1999,SPOK,NPR_ATC,"left in the 19th century, the Balkans were carved up numerous times by various outside powers, resulting in what is now an Albanian state, but also Albanians living"
outside,power,1999,NEWS,NYTimes,"to Iran's national security, "" and that Iran will not be pressured by outside powers into abandoning its legal processes. Among Jews in Teheran, there have been"
outside,power,1999,NEWS,CSMonitor,their existence as independent states. It is also the defense they use against any outside powers getting involved in their domestic problems. So the sight of NATO deciding unilaterally
outside,power,1999,NEWS,CSMonitor,"dispute with neighboring Pakistan, but which will brook no interference in the conflict from outside powers. The United States and Britain have both shown an interest in acting as"
outside,power,1999,ACAD,ForeignAffairs,"very hard to contain. # Does the cruel nature of these conflicts mean that outside powers should avoid involvement? Not at all. If possible, we must try"
outside,power,1999,ACAD,AsianAffairs,"themselves, then it is the obligation of enlightened Koreans to seek the help of outside powers. A problem arising from this context is that some blind, radical Korean"
outside,power,1999,ACAD,AsianAffairs,"more enlightened, sophisticated, and rational form of nationalism. # As for the outside powers' agreement on neutralization, there is amuch better chance for it today than"
outside,power,1999,ACAD,AnthropolQ,the magistrates' rhetoric was to suggest that they were intermediaries between the village and outside powers in much the same way that the big men of the past stood between
outside,power,1999,ACAD,AnthropolQ,the magistrates' rhetoric was to suggest that they were intermediaries between the village and outside powers much in the same way that the big men of the past stood between
outside,power,1999,ACAD,AnthropolQ,"initiates of the past, magistrates got their power as human representatives of an invisible outside power. All of these strategies had the advantage of legitimating the magistrates' position"
outside,power,1999,ACAD,AnthropolQ,"because they had knowledge that allowed success in a new, expanded world controlled by outside powers. # My examination of Kwanga village court rhetoric, then, has suggested"
outside,power,1999,ACAD,IntlAffairs,"the last century. The leaders of the Caspian governments perceive that close ties with outside powers -- in particular, Russia, the United States and China -- are necessary"
outside,power,1998,SPOK,NPR_TalkNation,"States, Haiti has had a decidedly less fortunate 200 years after repeated attempts by outside powers to smother it in the cradle, occupy it, or one way or"
outside,power,1998,MAG,AmSpect,"rhetoric of Latin American dictatorships, "" mutual respect "" means the willingness of an outside power to forego criticism of a regime's internal arrangements. # Just to make"
outside,power,1998,NEWS,CSMonitor,"condemnation. "" There is a long history of Saddam Hussein misjudging the thinking of outside powers, as he did when he invaded Kuwait in 1990, "" Said Aburish"
outside,power,1998,NEWS,WashPost,"wants to dominate. # In the Nezavisimaya Gazeta interview, Primakov warned that no outside power can replace Russia on its periphery. "" Even when other countries are involved"
outside,power,1998,ACAD,AnthropolQ,"importance for a family's survival. # Beyond treating literacy as a symbol of outside power, I have tried to demonstrate that a group's actual experiences with writing"
outside,power,1998,ACAD,WorldAffairs,is that the alternative to American-led efforts generally is not action led by some other outside power or international or regional organization. Instead it is inaction. When the United
outside,power,1998,ACAD,ABAJournal,Back # The key dates in Hong Kong's history have been determined largely by outside powers: # January 1841 China cedes Hong Kong Island to Great Britain (followed
outside,power,1998,ACAD,CanadaLaw,earlier? In which of these provisions have the Parties been dictated to by an outside power about their own internal standards and regulations? The agreement does not require any
outside,power,1997,NEWS,Houston,". But even though it was implanted, wires ran from the heart to an outside power source through openings in his skin that could become infected. And, he"
outside,power,1997,ACAD,WorldAffairs,"host government and military, but such troop commitments also restrict the leverage of the outside power to force needed reforms. Specifically, a large-scale deployment of troops puts the"
outside,power,1997,ACAD,WorldAffairs,". Specifically, a large-scale deployment of troops puts the prestige and credibility of the outside power on the line; hence, it is not easy for that outside power"
outside,power,1997,ACAD,WorldAffairs,"the outside power on the line; hence, it is not easy for that outside power to withdraw. Because threats to withdraw are not credible, at least not"
outside,power,1997,ACAD,WorldAffairs,"to withdraw are not credible, at least not in the near future, the outside power finds that ultimatums to "" clean up your act or we will leave """
outside,power,1997,ACAD,WorldAffairs,"puppet of "" imperialist and infidel Britain. "" 18 # Fourth, if an outside power such as the United States wants to have any significant impact on an internal"
outside,power,1997,ACAD,WorldAffairs,"doing that the ghost of suspicion, that the African economy is being manipulated by outside powers with a view to frustrating the achievement of national and economic objectives, can"
outside,power,1997,ACAD,IntlAffairs,"the mujahedin in Saudi Arabia in 1988 did not resolve the issue. # Influential outside powers, including the United States, did not push hard for a settlement of"
outside,power,1997,ACAD,IntlAffairs,there have been dramatic changes in the composition of the factions and the role of outside powers. # The most significant of these changes was the emergence of the Taliban
outside,power,1997,ACAD,IntlAffairs,. Another requirement for peace will be a change in the attitude of the relevant outside powers: Rather than inciting conflict they must become ready to work toward a political
outside,power,1996,MAG,WashMonth,"and democratic neoclassicism. In the imperial vision there is no preexisting landscape, no outside power, no mystical cosmos. There is no encompassing mystery and there is consequently"
outside,power,1996,ACAD,ArabStudies,"liberation and popular empowerment as fundamentally unfinished processes, subject not only to frustration by outside powers, but also to an infinite number of possibilities generated from within. The"
outside,power,1996,ACAD,LatinAmResRev,economic practices were woven together in different ways and with various relationships to local and outside power over the course of a century. Analysis of this changing construction of local
outside,power,1995,MAG,USAToday,"was considered a U.S. security risk because of its potential to trigger the involvement of outside powers. Today, lack of democracy has become a matter of major concern to"
outside,power,1995,MAG,USAToday,"governments that the U.S. would not violate their sovereignty. In exchange, if an outside power threatened the area's security, Latin American governments agreed to cooperate with Washington"
outside,power,1995,ACAD,AsianAffairs,"Republican task force has correctly warned that as hostility between Pakistan and India increases and outside powers come into play, "" the danger of outright war becomes ever more real"
outside,power,1995,ACAD,AsianAffairs,democratic administration has been helped by the state of the new international era. No outside powers threaten Thai sovereignty and no internal insurgency imperils domestic stability. Such an unprecedented
outside,power,1995,ACAD,WorldAffairs,"the Nanking Government of China, Nitobe tried to vindicate the helping role of an outside power in the birth of Manchukuo. Why, he asked, should such action"
outside,power,1995,ACAD,IntlAffairs,", with the U.S. and the USSR replacing Great Britain and France as the principal outside powers after the Second World War. The historical parallel did not escape local observers"
outside,power,1995,ACAD,IntlAffairs,"position to attack their non-nuclear neighbors with conventional forces, while holding other neighbors and outside powers at bay by the implied or explicit threat to use nuclear weapons against them"
outside,power,1994,MAG,NewRepublic,"Serbs' objective now is the unconditional surrender of the v Corps. Since no outside power seems willing to stop them, they will probably fight on until they get"
outside,power,1994,ACAD,WorldAffairs,"contrast to the other four states, is more, not less, dependent upon outside powers. POLITICAL LEGITIMACY IN CENTRAL ASIA # It is in the third realm of"
outside,power,1994,ACAD,WorldAffairs,"state sovereignty has been raised against any voice suggesting a duty or a right by outside powers to intervene with force to put an end to the suffering, or to"
outside,power,1993,SPOK,ABC_Special,and a half the break- up of Yugoslavia has led to a war which no outside power has made a serious effort to stop. In June of 1991 the most
outside,power,1993,SPOK,NPR_Weekend,"War security architecture. For the first time in 2,000 years, there's no outside power to enforce order there. It's an historically unique situation. Mr. KENNEY"
outside,power,1993,MAG,NatlReview,"to the contested Aegean Sea region and the divided island of Cyprus. However, outside powers could also be drawn in. Germany, Italy, and Austria would,"
outside,power,1993,NEWS,NYTimes,"In all cases, the idea is to have a utility provide transport for the outside power company, which would pay regulated fees for access to the local utility's"
outside,power,1993,ACAD,ArabStudies,"Pentagon document of 1992 states, "" Our overall objective is to remain the predominant outside power in the region and preserve U.S. and Western access to the region's oil"
outside,power,1993,ACAD,AfricaToday,subordinated to Japan has no strong basis. Under these conditions the intervention of other outside powers would be required in order to manage the inter-Asiatic equilibrium. As the U.S.
outside,power,1993,ACAD,AfricaToday,"of Nigerians who maintained a positive attitude throughout, as well as the support of outside powers who regarded the Nigerian "" progress "" as a worthy example in Africa?"
outside,power,1993,ACAD,WorldAffairs,"1992 at last approaches its messy end, the debate in the West about the outside powers' role in the war, far from abating, is becoming more and"
outside,power,1993,ACAD,WorldAffairs,"the extent to which their interests and policies overlapped or clashed with those of the outside powers, including the neighbors in the South-East European region. THE GATHERING STORM #"
outside,power,1993,ACAD,ArmedForces,"call for fair distribution of wealth. Further, any discretionary allocation of funds by outside powers to selected countries will fall far short of addressing the underlying causes of economic"
outside,power,1992,MAG,NewRepublic,"greater force to Somalia. The conflict between warring clans is entrenched and ancient. Outside powers that in the past sought to intervene -- in this instance, Britain and"
outside,power,1992,NEWS,WashPost,"that recent revolutions in Eastern Europe and U.S.-Soviet reconciliation would make Iran more vulnerable to outside powers such as the United States. A few days later, the pro-government Tehran"
outside,power,1992,NEWS,WashPost,"by foreign governments. # But while Afghans have longed to be left alone by outside powers, they have also longed for peace, and the situation around Kabul suggests"
outside,power,1992,ACAD,AcademicQs,"local conflict, "" it wasn't the only, or even the first, outside power to do so. # In sum, one searches in vain for a"
outside,power,1992,ACAD,ForeignAffairs,Seoul can not hope to ease or speed reunification through a well-placed bribe to an outside power; some future government in Beijing might well accept money for such a deal
outside,power,1992,ACAD,AfricaToday,". To the extent that the Cabinda talks are unsuccessful, it is possible that outside powers could support secessionist forces, particularly in light of the economic interests at stake"
outside,power,1992,ACAD,WorldAffairs,"the indigenous population rather than, as was sharply evident several decades ago, an outside power that had imposed itself on Taiwan. 6 The KMT has itself been changed in"
outside,power,1992,ACAD,IntlAffairs,"and routinely were, changed by force. The map of Africa was created by outside powers in the late nineteenth century, and has remained virtually unchanged. Substantially redrawing"
outside,power,1992,ACAD,IntlAffairs,"may reduce this competition, and sub-Saharan Africa may indeed become relatively neglected by major outside powers. This decline of external interest and involvement -- in fact, withdrawal --"
outside,power,1992,ACAD,IntlAffairs,"concerning boundary maintenance. Indeed, not once did either superpower, or any other outside power, support an African effort to overturn an existing boundary. # More generally"
outside,power,1992,ACAD,IntlAffairs,bear witness to the fierce desire of stateless peoples to defend their autonomy against any outside power that threatened to subject and exploit them. # The economic opening up of
outside,power,1992,ACAD,IntlAffairs,"that the end of the Cold War has removed the ideological and strategic justification for outside powers to supply African clients, one could logically assume that they would reduce their"
outside,power,1992,ACAD,IntlAffairs,"With the end of civil wars, wars of national liberation, arms transfers from outside powers and even some of the conflicts associated with insecurity dilemmas, perhaps African leaders"
outside,power,1991,SPOK,ABC_Brinkley,"a war in which Arab states were fighting against other Arab states in alliance with outside powers. Mr. WILL: But Professor Lewis, in that act of aggression,"
outside,power,1991,SPOK,PBS_Newshour,"ask you this Mr. Stokes does the United States, the Soviet Union or any outside power have any role in this other than to be spectators? PROF-STOKES: Well"
outside,power,1991,SPOK,PBS_Newshour,": I don't know that full scale civil war can be stopped by any outside power at this point. I think the Balkan Peninsula, particularly the Western half"
outside,power,1991,SPOK,ABC_Nightline,. We don't want to see it become the victim of a bunch of outside powers. But we feel that with the kinds of arrangements we're discussing with
outside,power,1991,SPOK,ABC_Nightline,United States. We have a strategic interest in seeing Europe not dominated by an outside power. We have a strategic interest in seeing Mexico and Central America not dominated
outside,power,1991,SPOK,ABC_Nightline,". We have a strategic interest in seeing Mexico and Central America not dominated by outside powers. But our interest in Africa, in terms of developing markets, is"
outside,power,1991,NEWS,NYTimes,But replaying the Lebanese experience would be a nightmare of at least equal proportions. Outside powers would prey on the chaos. The next war and the next eruption of
outside,power,1991,ACAD,ForeignAffairs,"conditions that prevailed there in 1954, the creation of a viable nation by an outside power may have been impossible. # From beginning to end the United States also"
outside,power,1991,ACAD,ForeignAffairs,". First, the Middle East hosts many governments, courted and armed by an outside power, that later turn against that patron. Sadat did this to the Soviets"
outside,power,1991,ACAD,ForeignAffairs,"retain maximum flexibility to pursue their interests, but their survival depends on protection by outside powers. In the past, Saudi realpolitik relied on a mix of survival insurance"
outside,power,1991,ACAD,AfricaToday,"real change in the region, a five point strategy could be implemented by the outside powers if the region's leaders prove resistant to persuasion. Firstly, an international"
outside,power,1991,ACAD,AfricaToday,up. 37 I would add to this list an end to military intervention by all outside powers and the closing of all foreign bases. # The intention is to apply
outside,power,1990,SPOK,ABC_Brinkley,"it very clear that they were there in order to prevent any military action by outside power, yet we see the United States was the first to violate this resolution"
outside,power,1990,MAG,NatlReview,"Gulf, in the hope of obtaining outside help in its travails. But the outside power of greatest importance to it will increasingly be Germany rather than the United States"
outside,power,1990,MAG,Newsweek,"The postwar era was a historical anomaly in which the Continent was dominated by two outside powers, whose alliances and nuclear arsenals maintained a fretful balance. German reunification creates"
outside,power,1990,MAG,NewRepublic,", provoked a great deal of controversy at the time. # In 1990 the outside power that only yesterday was seen as threatening to take control of the Gulf,"
outside,power,1990,NEWS,CSMonitor,"A solution imposed from outside means the conflict will break out as soon as the outside power leaves, "" says a militia leader. Another adds: "" If the"
outside,power,1990,NEWS,USAToday,"since the proclamation of the Carter doctrine in 1980, to make certain that no outside power controls the Persian Gulf. USA TODAY: Is it possible the USA might"
outside,power,1990,NEWS,WashPost,"South Africa, "" he said. # The South African leader later called upon outside powers to help bring about those negotiations through "" whatever supportive role can be played"
outside,power,1990,ACAD,ForeignAffairs,"argued that those events were irrelevant to Cuba. Communism was imposed there by an outside power, he emphasized, while Cuban communism was the result of a popular revolution"
outside,control,2013,SPOK,PBS_Newshour,"Damascus. Assad also said he's willing to hand over his chemical arsenal to outside control, under a Russian proposal, with one key condition. BASHAR-AL-ASSAD- (t#"
outside,control,2012,WEB,...istsview.typepad.com,them to control land that is supposed to be free? What corruption allows this outside control?) # School # Another disappointment is that they seem to understand that
outside,control,2012,WEB,nationofchange.org,"laws such as the 2000 Commodity Futures Modernization Act that effectively removed all oversight and outside control over the speculation in commodities, one of the major reasons food prices have"
outside,control,2012,WEB,history.navy.mil,"the creation of a separate service whose cardinal strategic principle was that of freedom from outside control. The Navy, historically the most successful in the coordination of diverse forces"
outside,control,2012,BLOG,truthdig.com,"laws such as the 2000 Commodity Futures Modernization Act that effectively removed all oversight and outside control over the speculation in commodities, one of the major reasons food prices have"
outside,control,2012,BLOG,...ughran.wordpress.com,"honest, isn't this what we Indies have been fighting against? Exclusivity? Outside control of our work and distribution? I made a comment on Passive Guy's"
outside,control,2010,NEWS,Houston,"Q: Could something good, in a political sense, come from de facto outside control during a period of reconstruction? # A: This also is an opportunity"
outside,control,2009,ACAD,GeorgiaHisQ,"of prohibition on a state or national level. Southerners tended to be suspicious of outside control over local issues, especially from federal or state governments, and did not"
outside,control,2004,FIC,Analog,"like you said. A few minutes ago one of the boreheads stopped responding to outside controls, melting itself deep into a vein of softee-that's a sort of water/gravel"
outside,control,2003,ACAD,CommCollegeR,". # Rural regions with persistent poverty are characterized by a history of inequality and outside control of resources. Their economies, based primarily on extraction industries and agriculture,"
outside,control,2002,FIC,Inroads,is the fact that Indian people have become despondent over a century of dependency and outside control. They do not exercise control over their leadership or the bureaucracy that provides
outside,control,2000,NEWS,CSMonitor,", too. Hama had been a conservative bastion of Sunni Muslims renowned for rejecting outside control. One warning that may require critical understanding by Bashar today - especially after"
outside,control,1999,ACAD,Monist,loss of one's beliefs about value does seem compatible with the anomie case. Outside control of a culture's resources and policy-making apparatus may mean that the options and
outside,control,1998,MOV,Babylon 5: Thirdspace,"m pretty tempted right now. It's not their fault. They're under outside control. You can't kill them for that! - At least, not"
outside,control,1994,NEWS,Denver,Options is the way in which it was created and operates very nearly free from outside control. # Denver Options today controls the expenditure of some $ 20 million in
outside,control,1994,ACAD,ArabStudies,"Lebanese state began to put itself together again as an administration, the level of outside control over it reached an all-time high. While a semblance of democratic life appeared"
outside,control,1994,ACAD,CanadaLaw,"; it is autonomous, indicating that the state authority is not subject to any outside control and has complete discretion; and it is plenary, giving an independent state"
outside,control,1994,ACAD,ArtsEduc,"great lengths to protect their individual prerogatives as expressed through their powers in art. Outside control, whether derived from statutory, regulatory, or operational authority, is vigorously"
outside,control,1992,ACAD,AmerIndianQ,authority. Tenskwatawa sought isolation far less than he sought to free Indians from the outside control that in his view was ensnaring the Indians of the borderlands. # Both
outside,control,1991,ACAD,AmerIndianQ,", they shed light on an arena of private life that was relatively free from outside control. Examining the patterns i of tribal family life as revealed in census data"
expansive,power,2017,MAG,Salon,"quote Adlai Stevenson on this error, where the former presidential candidate notes how "" expansive powers push at more and more doors "" until they break open, one by"
expansive,power,2017,ACAD,The Middle East Journal,"the existence of a private sphere beyond the reach of government and to check the expansive power of government. Likewise, mere skepticism without any hope for improvement renders government"
expansive,power,2015,MAG,NatlReview,"Democrat. # Almost immediately after opening the John Doe investigation, Chisholm used his expansive powers to embarrass Walker, raiding his county-executive offices within a week. As Mr."
expansive,power,2012,WEB,arstechnica.com,"were designed to aid anti-terrorist operations, the EFF says it "" gave the NSA expansive power to spy on Americans' international e-mail and telephone calls. "" The EFF"
expansive,power,2012,WEB,economicpopulist.org,would open a new and potentially vast domain to congressional authority. Congress already possesses expansive power to regulate what people do. Upholding the Affordable Care Act under the Commerce
expansive,power,2012,BLOG,motherjones.com,"it's a secret "" has been an easy way to avoid even discussing the expansive powers of the post-9/11 security state in court. Americans on a "" kill list"
expansive,power,2012,BLOG,crooksandliars.com,"lose. It has no hope. We outnumber them, and can use our expansive powers to non-violently, but lawfully destroy this dictatorship. # We the People have"
expansive,power,2008,MAG,Time,"serve only five months, not eight years.) Most social-host laws give police expansive powers. According to data compiled by the Pacific Institute for Research and Evaluation,"
expansive,power,1998,ACAD,MichLawReview,"jury, all of which culminated in impeachment proceedings in Congress. (n20) The expansive power that Starr has sought to vest in the independent counsel (at times with"
expansive,power,1996,FIC,CriticalMatrix,"est atroce; nous savons cela -- are, however, always extended by the expansive power of culture: # Not all our books will perish, nor our statues"
inside,power,2016,SPOK,NPR_FreshAir,"who really is just as skilled as anyone in sort of managing the levers of inside power in Washington, and that's where Reince Priebus comes in. DAVE-DAVIES# OK,"
inside,power,2009,NEWS,Denver,"Pitt vs. No. 16 East Tenn. State # 12:55 p.m.: Pitt's inside power is too much for the Bucs, though ETSU's Kevin Tiggs and Courtney"
inside,power,2004,MAG,SportsIll,"guard D.J. Strawberry. Garrison's biggest shot of the year was not an inside power move, but an 18-footer from the right wing with 18 seconds left in"
inside,power,2004,MAG,SportingNews,"// TEAM TO WATCH MEMPHIS John Calipari always frets about this team's lack of inside power. His best teams had somebody such as Lou Roe, Marcus Camby or"
inside,power,2001,SPOK,Fox_Hume,"but also to his much publicized cat, Socks. The feline evidently lost an inside power struggle with Buddy, the dog. In comments sure to enrage animal lovers"
inside,power,2001,MAG,SportingNews,". Why they'll make the Sweet 16: There are few teams with the inside power that Kentucky offers, and fewer still with a scoring combination like Prince and"
inside,power,2000,NEWS,Houston,". I want every woman to know how powerful they are. It's an inside power. "" # Stapleton explores another mother-daughter connection in her exhibit of black-and-white photographs"
inside,power,1992,NEWS,SanFranChron,", who perhaps is closest to Alexander's makeup in terms of outside shot and inside power. # "" Duckworth was real good, "" Nelson said, "" and"
inside,control,2012,BLOG,ramadakillerig.com,allows parents to share observations plus brainstorm inspirations to aid their youngsters feel empowered plus inside control of their lives. Your mediator may inform we of resources inside the location
inside,control,1997,TV,Star Trek: Voyager,may have opened the doors. Caution is advised. I'II try to access the inside control panel. It's kind of creepy. Marayna's attempting to re-create the
spotless,purity,2012,WEB,bible.cc,God as the God of power. The holiness of God shone in the spotless purity of Christ's life. We are to believe the revelation of God to man
spotless,purity,2012,WEB,bible.cc (1),as the God of power. The holiness of God shone in the spotless purity of Christ's life. We are to believe the revelation of God to man
hurt,feeling,2012,BLOG,freethoughtblogs.com,"group. Nobody "" runs or owns "" atheism, least of all people with hurt feelings who claim they do. Being "" more passionate "" about ideas does not"
hurt,feeling,2012,BLOG,politicker.com (1),"America "" may be gone, however Mr. Wolfson assured us there were no hurt feelings. # "" Daryl Hall and John Oates are pleased that the amicable dialog"
hurt,feeling,2012,BLOG,restministries.com,"support for the chronically ill, but they can also be a source of many hurt feelings. How do we prevent this? By Lisa Copen The Internet has provided"
hurt,feeling,2012,BLOG,verysmartbrothas.com (1),"on that later. As I said, the situation/issue was already obscured by hurt feelings. Rather than remain in the house, as a consistent remnant of the"
hurt,feeling,2012,BLOG,verysmartbrothas.com,"yourself) to be in the same house with her. You talk about previous hurt feelings and negativity so this could be possible. If so, this isn't"
hurt,feeling,2012,BLOG,vigilantcitizen.com,care less if you're upset See it don't change the truth And your hurt feeling's no excuse To keep me in this box Psychological locks Repressin' true
hurt,feeling,2012,BLOG,captainawkward.com,"you. It's not about their bad experience anymore, it's about your hurt feelings that they didn't tell you sooner. It's you taking the temperature"
hurt,feeling,2012,BLOG,freethoughtblogs.com,he might understand that he should not be threatening people's very lives for his hurt feelings. # I agree with pretty much everything you said. I feel the
hurt,feeling,2012,BLOG,thinksimplenow.com,these special relationships.  My Personal Story # I've had my share of hurt feelings and failed relationships. What I've learned is that we do not plan
hurt,feeling,2012,BLOG,thinksimplenow.com,"Then you can act like a team to solve the problem that inadvertantly triggered the hurt feelings. # Wow! What a great, detailed overview! Love this!"
hurt,feeling,2012,BLOG,...toopidhousewives.com,for what she has done. She is a ho. Maybe a ho with hurt feelings but a just a ho none the less. # We pretty much keep
hurt,feeling,2012,BLOG,learnvest.com,"behind because they want to help everyone they can or don't want to cause hurt feelings. But when you're short on cash, you can't effectively help"
hurt,feeling,2012,BLOG,...remblay.blogspot.com,love does not wince nor draw back from anticipated reactions such as anger or even hurt feelings. Why? Because the long term good of the sinner (or loved
hurt,feeling,2012,BLOG,randsinrepose.com,"it or leave it, if you want, but why all the pouting, hurt feelings, whining, accusations, contempt? # I'd imagine because most of"
hurt,feeling,2012,BLOG,loonwatch.com,"found guilty of fraud # The first amendment and free speech are more important than hurt feelings, period, end of story. # Or do we let the most"
hurt,feeling,2012,BLOG,...enveroffthewagon.com,**33;2823;TOOLONG Matthew Fuerst # I'd life to see actual critical reviews of beers. Hurt feelings be damned. # http: **33;2858;TOOLONG Matthew Fuerst # Seminars with notable and
hurt,feeling,2012,BLOG,therightscoop.com,"pants. # The Black Panther Presidency. # http: **31;17343;TOOLONG Jasper Silvis # Hurt feelings just exposes insecurities. The more you let someone hurt your feelings, the"
hurt,feeling,2012,BLOG,...shjocky.blogspot.com,either friends or family and I don't want to cause them any embarrassment or hurt feelings. I have friends and townfolk lurking among my readers who might figure out
hurt,feeling,2012,BLOG,rpgcentric.com,", I found out that he had lied to me and my friends, causing hurt feelings between us all. He also borrowed money from everyone, but no one"
hurt,feeling,2012,BLOG,tcj.com,""" (Same category). # If the matter had been discussed privately, hurt feelings may been addressed directly and the matter may been able to be addressed obliquely"
hurt,feeling,2012,BLOG,tcj.com,"Given that Sim himself was the first person to publish a Dave-Sim-Is-Hitler analogy, his hurt feelings over the cartoon (and revisiting it to rationalize scotching any deal seems particularly"
hurt,feeling,2012,BLOG,streetarticles.com,are friendships that need to end. Sometimes the end is filled with acrimony and hurt feelings and sometimes the end just comes as the end of the natural course of
hurt,feeling,2012,BLOG,livingwellmag.com,"status, ability, lifestyle, or other things? If you are worried about hurt feelings, explain it to them lovingly, but don't feel guilty. It"
hurt,feeling,2012,BLOG,pvtimes.com,"action? Sure thing. What sparked all this appears to be a mixture of hurt feelings, favors to a friend and stupidity. First, the hurt feelings stem"
hurt,feeling,2012,BLOG,pvtimes.com,"mixture of hurt feelings, favors to a friend and stupidity. First, the hurt feelings stem from a falling out between Worrell and local funeral homes. Worrell used"
hurt,feeling,2012,BLOG,davidwygant.com,course he didn't -- but as I figured it out right away -- no hurt feelings on my end. (I would feel bad for the 20 something out
hurt,feeling,2012,BLOG,...hebshi.wordpress.com,"because you don't look like an "" Real American. "" # Your "" hurt feelings "" are the last thing that this is supposed to be about. Shame"
hurt,feeling,2012,BLOG,...atalk.metafilter.com,"was around when I was a teenager. It would have saved a lot of hurt feelings, many of them not mine. I did some pretty dick-ish things because"
hurt,feeling,2012,BLOG,barrowjournal.com,"country has become too politically correct, too imbued with a desire to avoid "" hurt feelings, "" and too sensitive about the smallest slight. The result is a"
hurt,feeling,2012,BLOG,theatlanticwire.com,"point he's promoted for years -- that Obama has been overly concerned with the hurt feelings of Muslim radicals who want to kill Americans. For once thing, Obama"
hurt,feeling,2012,BLOG,pjmedia.com,"argumentation would be "" dry "", the conclusions convincingly devastating, all resulting in hurt feelings. In short, the consequences would be provocative, to put it mildly"
hurt,feeling,2012,BLOG,freethoughtblogs.com,cut off all strings with it. # Wow. There certainly are a lot hurt feelings over the tone of that t-shirt. Would you guys say maybe JREF has
hurt,feeling,2012,BLOG,freethoughtblogs.com,n't even believe she was working that hard to be nasty. # I understand hurt feelings. I also know how easy it is to take something personally when it
hurt,feeling,2012,BLOG,freethoughtblogs.com,was working that hard to be nasty. # ... you... # I understand hurt feelings. # ... pretty damn... # I also know how easy it is
hurt,feeling,2012,BLOG,freethoughtblogs.com,a critical but perfectly civil comment at him Phil makes a drama out of his hurt feelings: # I would like to single out Ophelia for her rude and condescending
hurt,feeling,2012,BLOG,...tyfile.blogs.cnn.com,", I would hope they have thought of the actual consequences and not just their hurt feelings. If you leave the US, not only do you loose any and"
hurt,feeling,2012,BLOG,thesimpledollar.com,"personal. # Breaking an agreement with a friend introduces a lot more issues. Hurt feelings, etc. # You are much better off to have her not respond"
hurt,feeling,2012,BLOG,...rolsen.wordpress.com,"one offering the apology. # All games offer the occasion for poor sportsmanship, hurt feelings, and acrimony (see this year's NHL playoffs as exhibit one)"
hurt,feeling,2012,BLOG,...boxing.wordpress.com,"manage to get through it all with great joy in our hearts and nary a hurt feeling to consider, but many of us experience other emotions and have moments when"
hurt,feeling,2012,BLOG,freethoughtblogs.com,"thing to do, especially for THREE DAYS. # Explaining that this resulted in hurt feelings should not be met with attack. # Saying that someone physically stronger than"
hurt,feeling,2012,BLOG,freethoughtblogs.com,"security issues that completely takes agency away from the person experiencing either harassment or simply hurt feelings -- because they don't seem to understand the nuance of the phrase """
hurt,feeling,2012,BLOG,jakebelder.com,"we can safely dialogue and learn from each other without emotions, petty drama, hurt feelings or name-calling), keeping the end goal in mind (making Christ-following #1"
hurt,feeling,2012,BLOG,frontstretch.com,"racing at Martinsville resulted in a lot of bent sheet metal, quite a few hurt feelings, a new point leader and another grandfather clock for Denny Hamlin. Hamlin"
hurt,feeling,2012,BLOG,rockytoptalk.com,men's and women's athletic department over the past year has resulted in some hurt feelings and some shallower pockets thanks to a lawsuit currently being waged against the university
hurt,feeling,2012,BLOG,...appiness-project.com,"Ann, I feel your pain). I also have such trouble keeping my hurt feelings to myself sometimes. # kathleen # Thanks for this -- I so needed"
hurt,feeling,2012,BLOG,jjie.org,"the events and subsequent actions. We were five people in a conflict, with hurt feelings and misunderstandings, but also with a commitment to facing our conflict head on"
hurt,feeling,2012,BLOG,...saverelationship.com,"acknowledge these feelings, when making them known to one another, it can cause hurt feelings and resentment toward the other. If you find that these feelings are getting"
hurt,feeling,2012,BLOG,muslimcomment.com,", or, at the very least, such sentiments are mixed in with true hurt feelings. There's porn on the Internet about the Virgin Mary, did you"
hurt,feeling,2012,BLOG,roger-pearse.com,"complaining that... well, erm, what? Digging into it, I find hurt feelings on the part of the accuser: # ... you have made extreme accusations"
hurt,feeling,2012,BLOG,untilsunday.org,"you and that person may genuinely have different viewpoints, resolve any broken relationship or hurt feelings with him or her, so that God's work won't be hindered"
hurt,feeling,2012,BLOG,thehayride.com,"RTB # Regardless of who's right in this circus, it's clear the hurt feelings are real. But what else looks real is the suspicion that the Boustany"
hurt,feeling,2012,BLOG,...tanbuddhistaltar.org,"deal. Back off on fundraising today, it goes awry and can result in hurt feelings. An authority figure is... # The following is an excerpt from a"
hurt,feeling,2012,BLOG,nba.si.com,"to stir up many emotions, but there's no need for lingering bitterness or hurt feelings toward Presti in this one. Thunder ownership wasn't willing to meet Harden"
hurt,feeling,2012,BLOG,huffingtonpost.com,his/her standpoint. This will take a great deal of willingness and humility because your hurt feelings will tell you there is nothing legitimate about what happened. But no matter
hurt,feeling,2012,BLOG,huffingtonpost.com,"the best parents can get so caught up in their own anxieties, insecurities and hurt feelings that they may forget that the messy back-and-forth is taking a toll on their"
hurt,feeling,2012,BLOG,...tanbuddhistaltar.org (2),". Back off on fundraising today, it goes awry and can result in hurt feelings. An authority figure is... # The following is an excerpt from a"
hurt,feeling,2012,BLOG,usacarry.com,"your family, not the view, or hollywood.. not your party or your hurt feelings! they all "" LIE ""! and we know who's lying to"
hurt,feeling,2012,BLOG,huffingtonpost.com,"is key, so both parties may need to adjust, but you can avoid hurt feelings by talking things out.  Recognize Those Red Flags For Mr. Unavailable #"
hurt,feeling,2012,BLOG,feministe.us,"girls or what? # No, that part I agree with. His possibly hurt feelings seem a very marginal and speculative thing, so that is not much of"
hurt,feeling,2012,BLOG,feministe.us,"off about Caperton's judgment. # It hurts their feelings Fat Steve... but hurt feelings are a small price to pay for "" hey you are acting creepy and"
hurt,feeling,2012,BLOG,myobsaidwhat.com,comment that they would normally laugh at becomes something that brings on the tears and hurt feelings. So I can imagine that even if the nurse was trying to lighten
hurt,feeling,2012,BLOG,...ptarts.wordpress.com,"it is better know that ASAP rather than later on, so there are no hurt feelings and misunderstandings (at least on that topic). # It may or"
hurt,feeling,2012,BLOG,firebrandal.com,write anything sympathetic for all the victims of Jerry Sandusky? You want to know hurt feelings? Trying being sexually victimized as a kid and having to live with the
hurt,feeling,2012,BLOG,checklistmommy.com,"over your defensiveness. A parent's need to keep their children safe outweighs your hurt feelings. The article clearly addresses statistical realities and not "" oh, I'm"
hurt,feeling,2012,BLOG,checklistmommy.com,"daaaare you accuse me....? "" Parents don't care about you and your hurt feelings. They care about keeping their kids safe. And statistics say that strange"
hurt,feeling,2012,BLOG,huffingtonpost.com,the two sides in the conflict as equals. Lay aside all the causes for hurt feelings that Hamas has; it doesn't change the fact that they are an
hurt,feeling,2012,BLOG,mediaite.com,"We are all Osama! "" # And Obama sympathizes with the animals' "" hurt feelings "" about a video no one saw. This lying coward needs to go"
hurt,feeling,2012,BLOG,...ationshipyouwant.com,"proverbial belt buckle..... and i would do all the things many woman do.... hurt feelings, self loathing, resentment towards myself and him... if i could just"
hurt,feeling,2012,BLOG,...erfamilybusiness.com,"season five Dean was shown as being hurt by that in DSOTM. Dean's hurt feelings are the main point, not that Sam wanted to be happy. Dean"
hurt,feeling,2012,BLOG,clevescene.com,"as a handful of other Cleveland chefs. # Naturally, there were plenty of hurt feelings, from both chefs and residents hoping to take part in the momentous celebration"
hurt,feeling,2012,BLOG,ryankellymusic.com,", Broken Things is healing my widows heart, Everything I Do is healing my hurt feelings when I feel invisible and unappreciated and seeing how you are getting stronger day"
hurt,feeling,2012,BLOG,metafilter.com,"rather than disdain for the various components of our community. Still, a "" hurt feelings "" test is impossible to comply with while maintaining the fearless pursuit of truth"
hurt,feeling,2012,BLOG,metafilter.com,of see where they're coming from if I tilt my head a bit. Hurt feelings wouldn't be reason enough to curtail speech. Hate speech laws are not
hurt,feeling,2012,BLOG,metafilter.com,wouldn't be reason enough to curtail speech. Hate speech laws are not about hurt feelings. posted by emmtee at 11:11 PM on August 10 3 favorites # Well
hurt,feeling,2012,BLOG,metafilter.com,at 11:15 PM on August 10 2 favorites # Hate speech laws are not about hurt feelings. # What do you mean? Seems to me that's exactly what
hurt,feeling,2012,BLOG,metafilter.com,", but I don't think it's that common as the primary reason. Hurt feelings being the worst thing ever is for privileged people. Members of oppressed groups"
hurt,feeling,2012,BLOG,metafilter.com,of see where they're coming from if I tilt my head a bit. Hurt feelings wouldn't be reason enough to curtail speech. Hate speech laws are not
hurt,feeling,2012,BLOG,metafilter.com,wouldn't be reason enough to curtail speech. Hate speech laws are not about hurt feelings. # (1) It is unlawful for a person to do an
hurt,feeling,2012,BLOG,...atalk.metafilter.com,the wherewithal to ignore or glide over them and it comes at the cost of hurt feelings and upset. And whilst it's true that we as a community are
hurt,feeling,2012,BLOG,...ilmschoolrejects.com,"co-stars give this story of love, loss, unrequited love, party shenanigans and hurt feelings a great deal of charm and verve, reminiscent of 90s ensemble comedies like"
hurt,feeling,2012,BLOG,juancole.com,the news... Sarah Palin comes to mind when I think of the protesters with hurt feelings... she always wants to be a victim... I appreciate more than I
hurt,feeling,2012,BLOG,thehairpin.com,! what to do?! how to do???? confrontation means hurt feelings! hurt feelings mean I am a monster! avoid avoid avoid OR TMI
hurt,feeling,2012,BLOG,dappered.com,. No one ever felt relaxed after a whirlwind tour of desperately trying to prevent hurt feelings. If these people are getting offended because you're not killing yourself to
hurt,feeling,2012,BLOG,...edoingit.typepad.com,"were not to purposely hurt anyone else but to make herself happy... even though hurt feelings would naturally be a byproduct of her decision. Yet in the end,"
hurt,feeling,2012,BLOG,...edoingit.typepad.com,"happy. In fact, you should do what makes you happy! Yes, hurt feelings may be a byproduct of your decision, but purposely hurting another is not"
hurt,feeling,2012,BLOG,patheos.com,"too important to hobble with arcane rules and too much of a focus on avoiding hurt feelings. Just so we're clear, this stands in marked contrast to something"
hurt,feeling,2012,BLOG,patheos.com,". The Muhammad Cartoons are offensive, but the point they make is worth the hurt feelings since they affirm the vital freedoms of (and from) religion, speech"
hurt,feeling,2012,BLOG,dropera.blogspot.com,Maybe one of the artists has chronic halitosis; maybe there've been spats and hurt feelings; maybe they just don't mesh. # But I'd put my
hurt,feeling,2012,BLOG,...endell.wordpress.com,"It is why I can work around the ingratitude, the inequity and sometimes the hurt feelings. Keep moving. Sometimes it is forward, sometimes sideways and sometimes backwards"
hurt,feeling,2012,BLOG,blogs.hbr.org,"or loss. Naomi's experiments at UCLA showed that taking Tylenol actually reduced "" hurt feelings "" -- experiences of social isolation and rejection. # Feeling connected is intrinsically"
hurt,feeling,2012,BLOG,...erfamilybusiness.com (1),"mostly to the premise this show was based upon. # Wanting normal, hurt feelings, crying tears over the losses encountered for repeatedly saving the world makes a"
hurt,feeling,2012,BLOG,rookiemag.com,"directed towards a white person does not usually have any implications more serious than seriously hurt feelings. For this reason, many people have argued that racism towards white people"
hurt,feeling,2012,BLOG,alameda.patch.com,". There's no harmful residue and the ants themselves aren't harmed except for hurt feelings. # 2 tablespoons of Boric acid (Walgreens, hardware store etc)"
hurt,feeling,2012,BLOG,askamanager.org,"above) -- she erred there. # My implication was not that you specifically hurt feelings with your response, I think it detailed what would be the best course"
hurt,feeling,2012,BLOG,askamanager.org,I think that a lot of what the sister is responding to is really those hurt feelings. I think when the wounds heal a little she'll realize that this
hurt,feeling,2012,WEB,deadline.com,"what you or I think because we aren't out there killing people over our hurt feelings. # Comment by gord -- Saturday September 15, 2012  8:03pm PDT"
hurt,feeling,2012,WEB,amazon.com,"that the story delves deep into the many complications and ironies that people experience over hurt feelings and damaged relationships. However, one will still enjoy some light comedic parts"
hurt,feeling,2012,WEB,fourhourworkweek.com,"and impressions of people we encounter on a day-to-day basis which result in misunderstandings, hurt feelings and arguments. Whether the interaction is with our parents, siblings, spouse"
hurt,feeling,2012,WEB,dailycal.org,"complicated, and that it's totally possible for both parties to leave relationships with hurt feelings, or not (either can be great), and while it's"
hurt,feeling,2012,WEB,huffingtonpost.com,"understand why people would fight about this. It isn't worth the argument or hurt feelings. There is a wise saying "" Pick your battles, wisely "" and"
hurt,feeling,2012,WEB,...lthouse.blogspot.com,"Poles have the right to expect a correction, spare me any sympathy for their hurt feelings. It is a LOT more than just a few people complicit with the"
hurt,feeling,2012,WEB,...lthouse.blogspot.com,"Poles have the right to expect a correction, spare me any sympathy for their hurt feelings. # I'm not about to try to defend the Polish or discuss"
hurt,feeling,2012,WEB,wrongplanet.net,"you're more attracted? # I know you don't want the hassle and hurt feelings of breaking up, but in the long run, staying together with your"
hurt,feeling,2012,WEB,whatbookisthat.com,employees were horribly murdered. This means they're going to have to confront their hurt feelings and their history and figure out whether their relationship is salvageable. Both of
hurt,feeling,2012,WEB,marriagebuilders.com,"couples go through as they try to adjust to each other's emotional reactions. Hurt feelings are the most common, but depression, anger, panic, paranoia and"
hurt,feeling,2012,WEB,captainawkward.com,a bit. I know there's no way out of this without drama and hurt feelings and awkwardness. I just don't know what to do. Do I
hurt,feeling,2012,WEB,captainawkward.com,", it's your safety that's most important: not the creeper's' hurt feelings' (and when is that ever an acceptable excuse), not your"
hurt,feeling,2012,WEB,captainawkward.com,definitely pushes some boundaries and then is offended if I get offended. Cuz his hurt feelings about his bad joke are obviously more important than my feelings that he hurt
hurt,feeling,2012,WEB,ask.metafilter.com,uncomfortable feelings until they go away. # And now you're responsible for his hurt feelings because you were frightened when he turned up out of the blue WITH A
hurt,feeling,2012,WEB,forbes.com,"however, especially if there are children in the mix. By setting aside the hurt feelings and working through the practical aspects of getting the divorce finalized, you can"
hurt,feeling,2012,WEB,askamanager.org,"and such? When I picture that scenario, there are still not as many hurt feelings as when an employee is let go, even if they know they can"
hurt,feeling,2012,WEB,askamanager.org,"lot of managers do take it personally. # I just think financial trauma trumps hurt feelings. If I were fired today I would feel hurt, betrayed, angry"
hurt,feeling,2012,WEB,copyblogger.com,"us. And if there's something we aren't sharing, there can be hurt feelings. # I was glad she stepped up and respectfully let us know."
hurt,feeling,2012,WEB,esr.ibiblio.org,"acts in a fanatical fashion, what real harm (i.e. let's exclude "" hurt feelings "" or "" truth "") is done by that? What interests about"
hurt,feeling,2012,WEB,drlauraberman.com,"emotional consequences. While romance brings us joy, it also brings our share of hurt feelings and broken hearts -- and it can also bring diseases, some incurable."
hurt,feeling,2012,WEB,superherolife.com,"still let her know just how I truly felt/ feel. Perceptions, projections, hurt feelings, disappointments, frustrations, loss, truth/ heart of the matter.."
hurt,feeling,2012,WEB,wikihow.com,what they say. Communication is the keyword. # 4 # Time heals. Hurt feelings can make people unable to reason well. Many people react when they are
hurt,feeling,2012,WEB,...oducer.wordpress.com,"should be mature and handle things in an adult manner, get over my petty hurt feelings, talk to J and tell him that I'm having issue with him"
hurt,feeling,2012,WEB,deeperstory.com,was both fair and convicting in all the right places. Leaving Catholicism caused deep hurt feelings and worries amongst friends and family for me as well. And I understand
hurt,feeling,2012,WEB,todaysletters.com,. We try and keep short accounts with one other by sharing our disappointments and hurt feelings. This isn't always easy but it's necessary in maintaining marital oneness
hurt,feeling,2012,WEB,patheos.com,"somebody did something wrong. Yes, this can help us let go of our hurt feelings sometimes, but forgiveness is choosing before God to let go of the offense"
hurt,feeling,2012,WEB,...utsmile.blogspot.com,", but it doesn't have to escalate into a screaming match that ends in hurt feelings and bitterness. Be respectful of others, both when addressing differences and when"
hurt,feeling,2012,WEB,...lltalk.nbcsports.com,"young team that is improving every week, if you discount them now over your hurt feelings, you will see for yourself soon enough. They are good, deep"
hurt,feeling,2012,WEB,waxy.org,"comes out. It could be a good move for you professionally to leave the hurt feelings aside on this one and make lemonade (or a gin and tonic,"
hurt,feeling,2012,WEB,waxy.org,Robin Hood will be released in a similar fashion (although hopefully without all the hurt feelings). # Amy Briggs Being an 11 year old boy at the time
hurt,feeling,2012,WEB,thestranger.com,"support anti-bullying programs in schools. Effective ones, not just ones that whine about hurt feelings and so forth... think of your own stuff! # Non-LGBT People Who"
hurt,feeling,2012,WEB,...esspace.blogspot.com,out of his study all afternoon and I didn't go up. Despite my hurt feelings I still hoped Tom was catching a catnap and I didn't want to
hurt,feeling,2012,WEB,arikhanson.com,"productive -- they generally don't change minds while they open the possibility of engendering hurt feelings and mistrust. # Mostly, I feel it's none of my business"
hurt,feeling,2012,WEB,suntimes.com,"There was yelling from his side of the auditorium and much cowering, anger and hurt feelings on the other side. # But all he really wanted was to locate"
hurt,feeling,2012,WEB,tvtropes.org,"true for healthy and communicative romantic relationships, where calmly explicit expression of one's hurt feelings is preferred to cryptic allusions or overly dramatic acts of retribution. # Some"
hurt,feeling,2012,WEB,...iewsfromthecouch.com,", then the appropriate response is to apologize and not do it again, because hurt feelings were not your intention. Whoever is being teased is not required to grow"
hurt,feeling,2012,WEB,wikihow.com,"you can persuade him that it's for the best rather than him leaving with hurt feelings. By persuading him round to the same opinion as you, you can"
hurt,feeling,2012,WEB,cupidblogger.com,"#7 Don't be part of the drama # A guy with wounded pride and hurt feelings can get verbally abusive, so try to calm the situation with silence."
hurt,feeling,2012,WEB,turfshowtimes.com,criticism out of the realm of personal attack). # Those of you getting hurt feelings at the first mention of Bradford's struggles are experiencing the same thing.
hurt,feeling,2012,WEB,thinksimplenow.com,okay with my timeline stayed and the ones who weren't went away. No hurt feelings and everyone wins. # Many of us have latched onto this concept of
hurt,feeling,2012,WEB,thinksimplenow.com,"sat down with, or phoned, several of my ex-boyfriends, and apologized for hurt feelings I may have caused, and expressed and forgave them for my own hurt"
hurt,feeling,2012,WEB,thinksimplenow.com,"hurt feelings I may have caused, and expressed and forgave them for my own hurt feelings from the relationship. This experience brought closure to those relationships, removed the"
hurt,feeling,2012,WEB,thepowerhour.com,"exhibit in New York because I feel my First Amendment rights should override someone's hurt feelings, "" D'Antuono told Fox News. "" We should celebrate the fact that"
hurt,feeling,2012,WEB,...eartlibertarians.com,the hermeneutically suspicious stuff on another. They have to mix. (This causes hurt feelings. Then the seminar discussion goes worse. I'm sorry about that.
hurt,feeling,2012,WEB,...isreview.typepad.com,video and end with the United States forfeiting its Bill of Rights to appease the hurt feelings of the Muslim Brotherhood. # Be certain of this. When it comes
hurt,feeling,2012,WEB,skepchick.org,"least, is the more aggressive and vitriolic person. If I did play the hurt feelings card, I'd have a lot more ammunition than you would. #"
hurt,feeling,2012,WEB,mrfreestuff.com (1),. Try to make sure all children have a chance to win to avoid hurt feelings. Supplies: various obstacles # Decorate the Driveway with Dandelions Make sure you
hurt,feeling,2012,WEB,baselinescenario.com,"reproof, that Judas Iscariot finally made up his mind to seek revenge for his hurt feelings. Many times had he entertained such ideas subconsciously, but now he dared"
hurt,feeling,2012,WEB,tvtropes.org,"Fortunately, Jeeves is smart enough to cleverly get rid of such visitors with no hurt feelings. # On more than one occasion, Bertie admits in his narration that"
hurt,feeling,2012,WEB,lyricsmode.com,To come hold this heart of mine Promises unkept Boundaries overstepped Left alone with the hurt Feeling like my life Couldn't feel much worse CHORUS Then I saw the way
hurt,feeling,2012,WEB,abcnews.go.com,"self confidence and learning to love the real you, but that doesn't soothe hurt feelings. Confidence can only take just so much beating. My mother believed it"
hurt,feeling,2012,WEB,whosoever.org,will guide me to communicate love to them in such a way to end their hurt feelings that caused them to hurt me. I am reminded in this phrase to
hurt,feeling,2012,WEB,nymag.com,"politicians, including Obama, who wanted to raise their taxes. # But besides hurt feelings and vague threats, the actual political and financial damage done to the Wall"
hurt,feeling,2012,WEB,freethoughtblogs.com,to get it the could ask or listen? Would have saved a lot of hurt feelings for all and they might genuinely learn something. # Or force them to
hurt,feeling,2012,WEB,tmz.com,"evidence that the plaintiff (Steve Wynn) suffered any' shame, mortification or hurt feelings' as a result of watching the GMA interview of even that he knew"
hurt,feeling,2012,WEB,politics.alltop.com,Russert asked Pelosi -- in her 21st century moment of... # There are always hurt feelings after big elections. People on both sides are invested in their views and
hurt,feeling,2012,WEB,ilmk.wordpress.com,"a job, they got in the way and fogged things up with sex and hurt feelings and all the emotional baggage they carried around. One had to look out"
hurt,feeling,2012,WEB,...isworldisperfect.com,"diminishing the landscape, and those who are part of it. Cross words, hurt feelings, yesterday's "" best friend "" who for some reason today decides to"
hurt,feeling,2012,WEB,mauinow.com,"answer... deep # Fill Out The Form # They should just have some "" Hurt Feelings Reports "" available for those who think they need one. # 2)"
hurt,feeling,2012,WEB,nerdfitness.com,", they're working WITH you to win that getaway rather than sabotaging you with hurt feelings, a puss n boots face, Pizza Hut, and ice cream."
hurt,feeling,2012,WEB,history.navy.mil,arguments seemed either a disagreement of experts on technical matters or a simple case of hurt feelings; it was even possible to suggest that the Navy was aggrieved merely because
hurt,feeling,2012,WEB,education-portal.com,you plan on doing over the weekend before it happens to avoid any worry or hurt feelings. Establishing this type of communication helps both people in the relationship feel included
hurt,feeling,2012,WEB,rachellegardner.com,"if it's not always positive, I have a hard time getting over the hurt feelings (or the knee-jerk angry reaction) and moving on to actually learning from"
hurt,feeling,2012,WEB,rachellegardner.com,Rescue Remedy flower essences or a similar flower remedy formula can really help process those hurt feelings so that you can still be sensitive and yet let go of what is
hurt,feeling,2012,WEB,rachellegardner.com,I get a certain grown-up moment when I realize I really can rise above my hurt feelings and learn from the criticism. Once I reach that point shedding the replays
hurt,feeling,2012,WEB,...etoffmyinternets.net,"I the only one who finds this behavior sort of self-important and reeking of teenaged hurt feelings? Seriously this reminded me of high school, when someone would find out"
hurt,feeling,2012,WEB,sivers.org,"for the person receiving to add tone/meaning to an email that leads to misunderstandings and hurt feelings. # When on a list-serve, I generally give any negative feedback ("
hurt,feeling,2012,WEB,theatlantic.com,"it's swaddling an infant, precision placement of a princess Band-Aid, or soothing hurt feelings ("" Paige said she's not my friend anymore! ""),"
hurt,feeling,2012,WEB,freethoughtblogs.com,"sexualized followed by tarring of all men as potential rapists If it soothes RW's hurt feelings, you may inform her that I couldn't bring myself to sexualize her"
hurt,feeling,2012,WEB,freethoughtblogs.com,"sad to know that some women might worry about you being a rapist, your hurt feelings are not as important as a woman's sense of personal safety. Especially"
hurt,feeling,2012,WEB,freethoughtblogs.com,"sluts "", as being a rapist is far, far worse. "" your hurt feelings are not as important as a woman's sense of personal safety. """
hurt,feeling,2012,BLOG,...cksonheraldtoday.com,"country has become too politically correct, too imbued with a desire to avoid "" hurt feelings, "" and too sensitive about the smallest slight. The result is a"
hurt,feeling,2012,BLOG,angrybearblog.com,"are more than willing to use violence against the other. In this clash, hurt feelings are chickenfeed. # Saletin: "" Is bigotry an American value? """
hurt,feeling,2012,BLOG,...hobbes.wordpress.com,"All the theory in the world isn't going to fill empty stomachs, mend hurt feelings, solve arguements or provide a safe place for those students who need it"
hurt,feeling,2012,BLOG,biglizards.net,"implementing some form of sharia law in Great Britain, in order to sooth the hurt feelings of British Moslems suffering under liberty and democracy. But his paralogical argument evinces"
hurt,feeling,2012,BLOG,babysittingjobs.com,"of dishonesty. And don't forget the power of natural consequences. Sometimes the hurt feelings of the "" lied to "" that occur when a lie surfaces is enough"
hurt,feeling,2012,BLOG,reason.com,"you, but rarely say so to avoid anything from discrimination to a believer's hurt feelings. # Looking for some bisexual to share your fantasies with? Welcome to---datebi.c/0/m---the"
hurt,feeling,2012,BLOG,metafilter.com,"angle and that this deception or lack of transparency drives a lot of the justifiably hurt feelings and anger, but I feel like there was also this notion of """
hurt,feeling,2012,BLOG,scienceblogs.com,", I think public debate and transparency are a much better answer than allowing "" hurt feelings "" to trump reason. For every jerk-with-an-agenda who might logically "" prove """
hurt,feeling,2012,BLOG,...ionals.wordpress.com,its citizens will be treated -- including those of faith. # There will be hurt feelings today. There will many who call other names. Friendships will be weakened
hurt,feeling,2012,BLOG,baylorsays.com,"? Haven't been reading them either. Honesty (and hoping there are no hurt feelings here): Other than a very very select few, they're all"
hurt,feeling,2012,BLOG,restministries.com,"support for the chronically ill, but they can also be a source of many hurt feelings. How do we prevent this? By Lisa Copen The Internet has provided"
hurt,feeling,2012,BLOG,freethoughtblogs.com,"his heart of hearts, but still spouting misogynist bullshit. He justifies prioritizing his hurt feelings over any woman's sense of safety by fabricating a "" desire to mace"
hurt,feeling,2012,BLOG,freethoughtblogs.com,"mace, "" which is an outright lie about SR. # Prioritizing mens' hurt feelings over women's actual physical safety and the measures they take to ensure it"
hurt,feeling,2012,BLOG,shakesville.com,"? # me:... # Predictably, the thread is littered with arguments and hurt feelings, most of which stem from a failure to understand the original post."
hurt,feeling,2012,BLOG,shakesville.com,"Finally, if you find that your comment boils down to "" I've got hurt feelings "", please refrain from posting it, and enjoy instead this lovely video"
hurt,feeling,2012,BLOG,shakesville.com,"? # me:... # Predictably, the thread is littered with arguments and hurt feelings, most of which stem from a failure to understand the original post."
hurt,feeling,2012,BLOG,shakesville.com,"Finally, if you find that your comment boils down to "" I've got hurt feelings "", please refrain from posting it,"
hurt,feeling,2012,BLOG,...jules13.blogspot.com,s best i stay single and free--i'm happy and comfortable that way..... NO hurt feelings and NO court costs!.... lol i have to have my freedom..
hurt,feeling,2012,BLOG,...legirl.wordpress.com,me when I approach him with disrespect -- and he won't care about my hurt feelings if I am treating him with contempt! # If I want to be
hurt,feeling,2012,BLOG,...sewives.blogspot.com,"my life where I am holding onto some level of resentment. I store up hurt feelings, slights, and annoyances. Some real, some may just be in"
hurt,feeling,2012,BLOG,autostraddle.com,"term "" female-bodied "" without examining what it means is asking for a lot of hurt feelings and alienated readers. # OK so I'm back, and I do"
hurt,feeling,2012,BLOG,blogs.babble.com,me to believe their religious intolerance and enslave me to their morality choices.... over hurt feelings. If it's removed then I want the posts removed about how the
hurt,feeling,2012,BLOG,dailykos.com,"sides do it "" nonsense. And Mika rushes in to soothe little Reince's hurt feelings... god! Can't stand any of them (Matthews did do well"
hurt,feeling,2012,BLOG,...nymous.wordpress.com,"personally hurtful, but hurtful to the community. # And I'm not talking hurt feelings. I'm talking about real harm to both the community, and to"
hurt,feeling,2012,BLOG,restministries.com,"support for the chronically ill, but they can also be a source of many hurt feelings. How do we prevent this? By Lisa Copen The Internet has provided"
hurt,feeling,2012,BLOG,gofatherhood.com,see you leave and start a life with someone knew. This could cause some hurt feelings or feelings of hate towards you -- kids are not stupid. Its so
hurt,feeling,2012,BLOG,cs.bloodhorse.com,"being rude is fashionable. A healthy discussion about two great horses shouldn't involve hurt feelings, foul language, personal attacks, or belittling one mare to make the"
hurt,feeling,2012,BLOG,momgotblog.com,""" # She tried to ease his pain. Tried to erase the space where hurt feelings hung heavy in the air. It was killing her slowly too, but"
hurt,feeling,2019,SPOK,NPR_FreshAir,"say, no hard feelings? LIPPMAN) : I don't remember saying, no hurt feelings; I remember being desperate for the conversation to end. I was in"
hurt,feeling,2019,SPOK,NBC_Dateline,". I'm a mother. I fix stuff. A skinned knee, a hurt feeling. I can not fix this. I can't bring him back."
hurt,feeling,2019,FIC,MassachRev,". # The food on Thor ’ s plate looked like a Jell-O mold with hurt feelings. There was no sign of their appetizer. # At the next table,"
hurt,feeling,2019,FIC,Analog,""" Yup. Plenty. Nobody my parents ever considered marriage material. Lots of hurt feelings, over the years. So I gave up on dating. "" #"
hurt,feeling,2019,FIC,Fan Fic,hanging around the Beldens or the Wheelers without creating bad blood between them and spreading hurt feelings and spurring questions about it all around. # Regan bit back a curse
hurt,feeling,2019,NEWS,Washington Times,line between offensiveness and historical accuracy -- between remembering the past and obliterating what causes hurt feelings? # What exactly are we allowed to publicly display these days? #
hurt,feeling,2019,MOV,Wine Country,"not trying to hurt anyone's feelings. My God, they were born with hurt feelings. Why do you not blast your feelings all over your best friend,"
hurt,feeling,2019,MOV,An Interview with God,", maybe some of it was from, like, the body blow, the hurt feelings. But the worst part of it for me was... was this crushing"
hurt,feeling,2019,TV,The Good Fight,good good.. And And you you're're letting letting your your hurt hurt feelings feelings get get in in the the way way.. Hello Hello.
hurt,feeling,2018,SPOK,CBS_Morning,": All right. You could call it British humor or you could call it hurt feelings. ANTHONY-MASON) : Yes, exactly. NORAH-O'DONNELL) : I know. Roll down"
hurt,feeling,2018,NEWS,cleveland.com,of unity. It was an impressive display that worked to soothe some of the hurt feelings and sparked numerous conversations. # From Haslam's phone call came another idea
hurt,feeling,2018,NEWS,USA TODAY,"do. Actually doing it, however, would have led to tough conversations and hurt feelings. It might also have angered each of his four children (two in"
hurt,feeling,2018,NEWS,Chicago Tribune,her son's next interaction with suspicious neighbors could result in something much worse than hurt feelings. # She decided that Uriah's first day as a paperboy in Upper
hurt,feeling,2017,FIC,Bk:ChokedUp,"? "" Flynn said. "" You don't write? "" # Aww. Hurt feelings on top of everything. "" I didn't want you to get your"
hurt,feeling,2017,FIC,Bk:UnbrokenHeart,"kidding, "" others would tell her. She accepted their excuses. Hid her hurt feelings. And never admitted there was nothing funny about being the butt of the"
hurt,feeling,2017,FIC,Analog,. # Kimberly waited alone at the curb. She let her pain and her hurt feelings subside a little while on their own before using the stimulator. It worked
hurt,feeling,2017,FIC,Analog,"and start the colony. "" # Yareli nodded, but her eyes betrayed her hurt feelings. "" Got ya. I'll be in the lounge if you need"
hurt,feeling,2017,MAG,Vanity Fair,and Schwartz and Savage's show know full well that clashes between ordinary teens with hurt feelings can be even scarier than the most outlandish monsters. # For those TV
hurt,feeling,2017,MAG,Ars Technica,", the city was forced to pay $125,000 to settle the case. # "" Hurt feelings do not free government from the responsibility of respecting Mr. Daniel's freedom of"
hurt,feeling,2017,NEWS,The Detroit News,"And then they're not. # In an attempt to avoid parental melees, hurt feelings and even potential injury, several Metro Detroit parks and recreation departments and event"
hurt,feeling,2017,MOV,Justice League Dark,forgetting when you made your friend despise you? This is too bloody important for hurt feelings. - Constantine. - Bollocks. You've arrived in time to witness
hurt,feeling,2017,MOV,Quincy Jones: Burning the Light,"I have to convince her, I have to, like, ease her gently hurt feelings. I have to make her feel better. I have to tell her"
hurt,feeling,2016,FIC,Analog,"months since Anth's loss. And I suspected that beneath the bruised ego and hurt feelings, Seri felt similarly. Though Seri lacked the composure to admit it."
hurt,feeling,2016,MAG,A.V. Club,"dubbed "" The Fog. "" But in 2005, Barlow and Mascis overcame whatever hurt feelings they'd been fostering, and reunited with Murph for a series of tours"
hurt,feeling,2016,MAG,A.V. Club,"The discomfort and tension wouldn't be this pronounced if there weren't some genuine hurt feelings between the two. Cori's the only one with some taste, here"
hurt,feeling,2016,NEWS,Dallas Morning News,"College Station campus, "" Young said. "" I deeply regret the pain and hurt feelings this incident caused these young students. Be assured that we take such allegations"
hurt,feeling,2016,NEWS,Colorado Springs Gazette,", inviting them into his chambers for coffee and doughnuts as a way of salving hurt feelings, speakers recalled. # Suthers said Iuppa went out of his way to"
hurt,feeling,2016,NEWS,cleveland.com,"then we're looking at five games. That's a lot of minutes for hurt feelings to boil over. # "" There hasn't been one dirty play in"
hurt,feeling,2015,FIC,Bk:AllureDeceit,"to stay sharp, assessing attitudes and the nuances of need, excess, and hurt feelings. # Such attention to detail did not prevent the wrong people from making"
hurt,feeling,2015,FIC,FantasySciFi,". "" This reaction is no surprise, but it still makes Meg twitch with hurt feelings. Chloe is a Sensitivity Tester. All day, she sits at a"
hurt,feeling,2015,FIC,Ploughshares,"n't call that night. She is still young, self-important, and takes her hurt feelings seriously. Even though she knows, at least should know, that I"
hurt,feeling,2015,FIC,Ploughshares,loves me and thus will be able to an ticipate my indignation and put my hurt feelings before her own. Those are some of the concessions made. There will
hurt,feeling,2015,FIC,AfricanAmerRev,"know? "" I caught my tongue before "" It seems cheap "" spilled out hurt feelings. "" Kevin, you know why. How else would I keep Hearts"
hurt,feeling,2015,MAG,NatlReview,"its possible meanings. The larger problem, of course, is that misunderstandings and hurt feelings are all but inevitable when you rush into the most intimate of situations with"
hurt,feeling,2015,MAG,NatlReview,"rules that allow angry students to file charges on the basis of nothing more than hurt feelings or ideological anger. A classic recent example occurred at Northwestern University, where"
hurt,feeling,2015,NEWS,USAToday,hero Cassie already believes him to be. That kind of family dynamic and the hurt feelings that cut to a parent's core haven't been seen a lot in
hurt,feeling,2015,NEWS,Denver,chairmen's races this year are yet another example of Colorado's political peculiarities. Hurt feelings and an us versus the establishment mentality can outweigh the celebrations on election night
hurt,feeling,2015,TV,Arrow,cut it Oliver. Not this time. But we have bigger problems. It hurt feeling and broken trust. Laurel needs to contact her father. Ray needs to
hurt,feeling,2015,TV,Sex & Drugs & Rock &...,"na let me play ukulele live onstage, and you want to talk about your hurt feelings and your resentments. Oh, boo-hoo. Ava, I think that --"
hurt,feeling,2014,FIC,Bk:DemonSummerMax,"least, the tryouts had not gone well, becoming an occasion for umbrage, hurt feelings, and the occasional stifled sniffle. Max knew he had no one to"
hurt,feeling,2014,FIC,Bk:BeachQuilt,"weird, but some girls seemed to live for the next round of rumors and hurt feelings and imagined betrayals. Not Cordelia. One of her father's favorite authors"
hurt,feeling,2014,FIC,Ploughshares,time. As though he should have entered into a gay relationship just to spare hurt feelings! Was there anyone else on the planet quite like Fen? This precarious
hurt,feeling,2014,FIC,ParisRev,"where all the hurt and disappointed ladies form a line -- a chorus line of hurt feelings -- and one by one give you your pedigree, over and over,"
hurt,feeling,2014,MAG,USCatholic,"ones have strong finances, all bets are off. # In order to avoid hurt feelings and lawsuits over planned gifts to charity, communication is key, says Silecchia"
hurt,feeling,2014,NEWS,CSMonitor,"the Establishment Clause. "" It is perhaps the job of school officials to prevent hurt feelings at school events. But that is decidedly not the job of the Constitution"
hurt,feeling,2014,NEWS,OrangeCR,"After the fact, they're likely to back out of the invitation, causing hurt feelings and confusion. Like attorneys in court, those extending the invitations should know"
hurt,feeling,2014,MOV,The Deviants,"want my baby! Hey, kids. How you doing? Scoop, no hurt feelings? Oh, by the way, you left this inside. Keep it"
hurt,feeling,2014,TV,Defiance,"up to my ass in death-stink, and you're concerned about Amanda Rosewater's hurt feelings? Ooh! Let the dead stay buried. No. Stocking up,"
hurt,feeling,2014,TV,Mike & Molly,"buddy. I know... Uh, if you like, I can discuss your hurt feelings tonight when she takes me out to dinner. She's taking you to"
hurt,feeling,2014,TV,Web Therapy,"you did do. - Right. You know, that came out of my hurt feelings. You know, so I just... of course I want to be"
hurt,feeling,2013,MOV,Alpha Girls,it all away over what? A boy? What? A boy? Some hurt feelings? A boy? Some hurt feelings? A bad reputation? Some hurt
hurt,feeling,2013,MOV,Alpha Girls,boy? What? A boy? Some hurt feelings? A boy? Some hurt feelings? A bad reputation? Some hurt feelings? A bad reputation? We
hurt,feeling,2013,MOV,Alpha Girls,hurt feelings? A boy? Some hurt feelings? A bad reputation? Some hurt feelings? A bad reputation? We're dealing with something a bad reputation?
hurt,feeling,2013,TV,The Michael J. Fox Show,"Okay, enough. - Oh, come on, man. Listen, my hurt feelings aside, you're contractually obligated, so anchor up. Mike, no"
hurt,feeling,2012,TV,Together,"friend. Two beers. Excuse me. And you know, I can hear hurt feelings on the phone. She gets all quiet. I'm just saying,"
hurt,feeling,2012,WEB,freethoughtblogs.com,"personal safety. "" Out of interest, would you say that a woman's hurt feelings are not as important as a man's sense of personal safety? Presumably"
hurt,feeling,2012,WEB,freethoughtblogs.com,"citizens, even though it would be easy to do so. # "" your hurt feelings are not as important as a woman's sense of personal safety. """
hurt,feeling,2012,WEB,freethoughtblogs.com,"personal safety. "" Out of interest, would you say that a woman's hurt feelings are not as important as a man's sense of personal safety? Presumably"
hurt,feeling,2012,WEB,freethoughtblogs.com,"grown women "" girls "" is uncool. Jason Cooperrider, my safety trumps the hurt feelings of some strange man who might be "" socially awkward "" but might also"
hurt,feeling,2012,WEB,therumpus.net,"someone at once -- it was the execution of it, which caused drama and hurt feelings on all sides.) # The advice in this column frankly is true"
hurt,feeling,2012,WEB,amazon.com,mom I love her and to ask her to please forgive me for all the hurt feelings. I told her to ask mom if it was OK for me to
hurt,feeling,2012,WEB,amandapalmer.net,"amazing set of words that can convey your thoughts with a minimum of rudeness and hurt feelings. "" no, thank you "". or even better, say nothing"
hurt,feeling,2012,WEB,pjmedia.com,"what you're saying, really. # This is absolutley not about someone's hurt feelings of being raped. it is about equality before the law, and too"
hurt,feeling,2012,WEB,...eaders.wordpress.com,"feelings with terms also used to describe physical pain, such as suffering from' hurt feelings' or a' broken heart'. "" Our research has shown that"
hurt,feeling,2012,WEB,...g.libraryjournal.com,to answer is just how AL's criticism actually harms him (aside from any hurt feelings that come from her satirical style). In my opinion the one point
hurt,feeling,2012,WEB,huffingtonpost.com,"some have shifted to more niche, anonymous social venues to escape the arguments, hurt feelings, and gossip that play out on Facebook. Passing notes in class has"
hurt,feeling,2012,WEB,...ientificamerican.com,"happens when it is abruptly cut off. Many languages have expressions such as "" hurt feelings "" that compare the pain of such social rejection to the pain of physical"
hurt,feeling,2012,WEB,amazon.com,the problems in this world. Whether I should be ashamed or concerned about your hurt feelings is - irrelevant to the argument. Whether I believed in god at some
hurt,feeling,2012,WEB,huffingtonpost.com,"ready to play, hoping every time that it won't devolve into intimidation and hurt feelings as it so often does. # So what do you call a sunny"
hurt,feeling,2012,WEB,marcandangel.com,always our duty to put out their fires!! There gon na be some hurt feelings because we've had enough. # lol. I love this list because
hurt,feeling,2012,WEB,...thursday.typepad.com,"to again even though I have forgiven them, but I don't call that hurt feelings, I just call it healthy boundaries. # I went somewhere slightly over"
hurt,feeling,2012,WEB,firstwivesworld.com (1),another. The kiss of death to a marriage comes when we harbor those hurt feelings and do nothing about them. When you don't voice your feelings in
hurt,feeling,2012,WEB,blog.adw.org,5. Your further objection about love and compassion is once more an objection from hurt feelings rather than from reason. The ability to have emotions is a limitation of
hurt,feeling,2012,WEB,emmiebee.com,"and seem content doing your own thing. Though you are quick to cry over hurt feelings, you rarely cry from physical bumps or bruises. Your sensitivity astounds me"
hurt,feeling,2012,WEB,freethoughtblogs.com,"And before anybody says, "" Oh boo hoo, poor privileged you with your hurt feelings, "" that's a problem because it is a less effective approach,"
hurt,feeling,2012,WEB,freethoughtblogs.com,"a problem because it is a less effective approach, not because of anybody's hurt feelings. # But how do you fix that, when there are just so"
hurt,feeling,2011,TV,Survivor,"could not have come at a better time. We were coming off lots of hurt feelings and lots of drama, so winning was the best feeling. Sandwiches galore"
hurt,feeling,2009,MOV,Hatching Pete,Out On That Court And Let's Just Say Some Feelings Were Hurt. And Hurt Feelings... Stink. (Whimpering) (Crying) (school_bell_rings) (Applauding
hurt,feeling,2009,MOV,It's Complicated,"Sorry. Forgiveness is... (SOFTCHUCKLE) (CHUCKLES) In spite of your hurt feelings, prove to her that you are... (GIGGLES) (LAUGHS)"
hurt,feeling,2009,TV,House M.D.,pretending bad things aren't happening. You really think this is just about my hurt feelings? I don't remember demoting you. I brought you something. The
hurt,feeling,2009,TV,Drop Dead Diva,"is enough. Thank you, Donna Summer, but you can't sue for hurt feelings. Seriously, Jane, you're a smart lawyer, but I think"
hurt,feeling,2007,TV,Moonlight,"my reputation. So what, this is just about money? There's no hurt feelings about being stood up? No, of course not. No, of"
hurt,feeling,2005,TV,Boston Legal,"and I was hoping they maybe had a way to solve the problem without any hurt feelings. So, what happens now? FIFE: We actually call it """
hurt,feeling,2004,MOV,Surviving Christmas,"a big way and you shouldn't be put down and mocked, and made hurt feelings. When you love somebody, you don't have to show it in"
hurt,feeling,2002,MOV,Analyze That,"the car up your ass and wait there. [MUMBLING] LOPRESTl: Get over your hurt feelings, okay? Tell me. Was she angry? Am I in danger"
hurt,feeling,2001,TV,Everybody Loves Raymond,me. And you and me. I apologize to both of you for any hurt feelings that I may have caused. But I hope you believe me when I
hurt,feeling,2000,TV,Frasier,"us in Seattle? Ex-wives and ex-fianc?, a tangled mess of bitterness and hurt feelings. Yes, but an excellent symphony and world-class dining. Then there's"
hurt,feeling,2000,TV,Dawson's Creek,to stand by her in a very Duckie-like fashion or are you gon na let hurt feelings prevent you from being the friend you so innocently purport yourself to be?
hurt,feeling,1999,TV,ER,- IKind of like signing autographs? - Yeah. I don't want any hurt feelings. IKeep everybody happy. - Even if you're not happy? -
hurt,feeling,1998,MOV,The Last Days of Disco,", You have to make the most ridiculous excuses to: The nice one's get hurt feelings and hate you; The jerks inevitably corner you Into going out anyway."
hurt,feeling,1998,TV,Ally McBeal,"behavior, we can and we should. Is it understandable that Hannah Puck suffered hurt feelings? Of course. Is it acceptable behavior for her to assault Laura Payne"
hurt,feeling,1997,TV,3rd Rock from the Sun,". It's just that there's so many. Choosing one could result in hurt feelings. Ironically, I might end up losing friends over this. Maybe we"
hurt,feeling,1996,TV,Star Trek: Deep Spac...,"s disgusting. Personally, I think it was admirable... no recriminations, no hurt feelings. I don't think I've ever felt this good about the end"
hurt,feeling,1996,TV,Boy Meets World,"na come to me. No, no, no, Cory. Regardless of hurt feelings, it's always advisable to keep the lines of communication open. Okay"
hurt,feeling,1995,TV,Frasier,", you haven't changed your mind. You're just letting masculine vanity and hurt feelings keep you from something that other men can only dream of in their oxblood"
hurt,feeling,1995,TV,Seinfeld,"that haven't worked out ambitions that were unfulfilled hopes dashed some property damage, hurt feelings... I know one guy got deported. Physical injury and... All right"
hurt,feeling,1994,TV,The Simpsons,"do. And just like your love stories, it's tragic and filled with hurt feelings and scars that will never heal. It started, appropriately enough, with"
hurt,feeling,1992,MOV,Laws of Gravity,"you talked to Catherine, but just in case you didn't... lot of hurt feelings, so in case you talk to Nick... I'd rather hear it"
hurt,feeling,1990,TV,The Golden Girls,"n't hurt his feelings. Well, there are worse things in this world than hurt feelings, Dorothy. That's true, Pussycat. As we say back in"
hurt,feeling,2014,SPOK,CNN_Newsroom,"something offensive. Once the conversation started, people said things that were inappropriate and hurt feelings. She acknowledged it this week and she apologized. And there's absolutely"
hurt,feeling,2014,FIC,NewEnglandRev,"case, the axe had to fall. She and whichever administrator would talk about hurt feelings in the building, not about her teaching. If it was Mark,"
hurt,feeling,2013,FIC,Bk:CutsThroughBone,"seemed to possess her faith in the suspect. # "" We're smoothing over hurt feelings? "" Vasquez demanded. # Guthrie shrugged. "" Maybe. The Ds"
hurt,feeling,2013,FIC,IowaRev,"seriously. "" I can't believe I've just said this -- out of hurt feelings! -- to a subordinate, and begin thinking up my defense, different"
hurt,feeling,2013,MAG,America,"still recalls how an early attempt at a cross-cultural exchange at one parish ended with hurt feelings on both sides. "" Some of my mistakes in my ministry really were"
hurt,feeling,2013,MAG,Essence,", the star asking for approval and the producer telling her that despite the apparently hurt feelings of her companion, she did the right thing. Herein lies one of"
hurt,feeling,2013,MAG,PopMech,usemame. Mute your friend and your timeline will be rid of him without any hurt feelings. PopMech # De-Tweeting # What happens when you black someone on Twitter?
hurt,feeling,2013,MAG,Prevention,"a little girl "" while preparing deliciously unhealthy food "" to soothe the schoolgirl's hurt feelings or celebrate a milestone. "" It was a place of extreme comfort,"
hurt,feeling,2013,ACAD,JPopularCulture,"Court, 2001. Print. # Gerard, Jeremy. "" Bad Language, Hurt Feelings and Success, "" New York Times 21 Feb. 1990: C18. Print"
hurt,feeling,2012,SPOK,CNN_DrDrew,"to me, to back away from that confrontation because of fear of your own hurt feelings, you're not caring enough about that person. GRACE: She wasn't"
hurt,feeling,2012,SPOK,CBS: News Sunday Morning,": It's complete now. ELLEN-DEGENERES: Yeah. MO ROCCA: DeGeneres knows hurt feelings. And she has a knack for spinning pain into comedy gold, beginning"
hurt,feeling,2012,FIC,Analog,". # "" I didn't, "" said Erin. I could see the hurt feelings in her eyes and felt like a heel. # Denise punched me again"
hurt,feeling,2012,MAG,RollingStone,P. Sturzl # Via the Internet # Sabrina Rubin Erdely responds: Superintendent Carlson's hurt feelings don't change the facts: The school district enacted a policy that created
hurt,feeling,2012,MAG,America,"a job, they get in the way and fog things up with sex and hurt feelings and all the emotional baggage they carry around. One has to look out"
hurt,feeling,2012,MAG,Essence,"are the things they told us about in sex ed. The bruised egos and hurt feelings are something we're learning about the hard way, on our own."
hurt,feeling,2012,NEWS,WashPost,"Yong, a flight-attendant coordinator. # Yong's variance passed with some opposition and hurt feelings. She says she now realizes those opposing wanted to ensure the community was"
hurt,feeling,2012,NEWS,Denver,"transferred them from one failing school to another. # What resulted were teachers with hurt feelings, in some cases forced to move to schools where they didn't want"
hurt,feeling,2012,NEWS,CSMonitor,"against our interests. "" The Foreign Ministry could not be reached for comment. Hurt feelings Some have characterized the dispute as the result of hurt feelings on both sides"
hurt,feeling,2012,NEWS,CSMonitor,"reached for comment. Hurt feelings Some have characterized the dispute as the result of hurt feelings on both sides. European officials, who have shown more sympathy to Israel"
hurt,feeling,2012,NEWS,STLouis,the positive history will eventually rekindle the warm feelings. We will never forget the hurt feelings that set in a year ago when Pujols headed to Anaheim. But there
hurt,feeling,2011,FIC,Bk:AfterDarkWithScoundrel,"chivalrous knight for any lady. "" "" Even me? "" Instead of feigning hurt feelings, Regan had tossed the words at him like a taunt. The question"
hurt,feeling,2011,MAG,GoodHousekeeping,"like a child getting yelled at. I had to stop indulging in my own hurt feelings and to remind myself,' You're the adult here.' Once"
hurt,feeling,2011,MAG,Shape,"way, if you decide you want to go back, there won't be hurt feelings. # FRIENDS AND FAMILY # Lauren Ing # HOW TO END THINGS WITH"
hurt,feeling,2011,ACAD,ScholasticScope,". "" # Reaching Across Walls So does this mean that Facebook is all about hurt feelings and wounded egos? # Not at all. The online world has powerful"
hurt,feeling,2010,FIC,Bk:ThirdTimesCharm,"to send a scowl toward Tori, but Joan's laugh held no trace of hurt feelings. "" Oh, I can't do that. "" You could if"
hurt,feeling,2010,MAG,GoodHousekeeping,n't your style and asked whether she'd mind if you exchanged it. Avoiding hurt feelings is the goal. WHAT WOULD YOU DO? Should you flip over a
hurt,feeling,2010,MAG,HarpersBazaar,", at minimum. "" Presumably a big fat monetary settlement would also help assuage hurt feelings, but Allred insists that the important thing is the principle. "" I"
hurt,feeling,2010,MAG,Essence,Embrace childhood values to stay grounded. Aries March 21 to April 19 LOVE: Hurt feelings don't bode well in the boudoir. WORK: A major venture may
hurt,feeling,2010,MAG,Essence,: Your effervescent spirit attracts others. CAPRICORN December 22 to January 19 LOVE: Hurt feelings can be healed. The real work lies beneath the surface. WORK:
hurt,feeling,2010,MAG,Essence,"or meditation can strengthen you physically. CANCER June 21 to July 22 LOVE: Hurt feelings aside, being direct saves time and energy. WORK: After a layoff"
hurt,feeling,2010,NEWS,Denver,"are still emotionally fused. But they disagree. # "" There are no more hurt feelings. We tried it, and it just didn't work, "" says"
hurt,feeling,2010,NEWS,USAToday,says. # Moms can often defuse a tense situation -- and let go of hurt feelings -- by considering what motivated someone to criticize them. Someone who condemns the
hurt,feeling,2010,NEWS,NYTimes,"including Sue Lowden, a former chairwoman in the state Republican Party. # The hurt feelings created by her audacity have not eased. Mr. Raggio, who is among"
hurt,feeling,2010,NEWS,WashPost,"more subtle ones that will be developed down the road, are needed to avoid hurt feelings ("" You dropped me? Dropped? "") and are essentially no"
hurt,feeling,2010,NEWS,USAToday,"get in the way. Doubles is not immune to communication breakdowns, misunderstandings and hurt feelings. # Sometimes even the best partnerships can't survive, as when Liezel"
hurt,feeling,2009,FIC,Bk:LawsHarmony,"left him in his office and went to bed, tending the embers of my hurt feelings and resentment. I heard him come out of his office, walk into"
hurt,feeling,2009,FIC,Bk:HigherHope,"jury that malicious words cost dollars. When that happens, the case moves beyond hurt feelings and creates an opportunity for a significant money judgment against her. "" #"
hurt,feeling,2009,FIC,Bk:SpellGames,"operation could use some charm and diplomacy to go along with the scorched earth and hurt feelings. # B let go of her, but kept beaming. "" How"
hurt,feeling,2009,FIC,Commentary,"not show up at all. But even then, she feared not her own hurt feelings, but the harm that might have come to Johnny. She thought of"
hurt,feeling,2009,FIC,JackJill,"five kids from your class, if s best to invite them all to prevent hurt feelings. You've invited all the girls in your class. "" "" I"
hurt,feeling,2009,MAG,Essence,"your accolades, believe in yourself. LEO July 23 to August 22 Love: Hurt feelings put distance between you and your man. Strive for more intimacy. Work"
hurt,feeling,2009,MAG,PsychToday,interaction. The Takeaway: Accept that friendships erode but then sometimes rebuild. Communicate hurt feelings. Appreciate chums who aren't like you. Wouldn't a life filled
hurt,feeling,2009,MAG,Cosmopolitan,"hang out with you, however, they suddenly find themselves negotiating taboo topics, hurt feelings, and potential misunderstandings. So what do they do when they're not"
hurt,feeling,2009,MAG,GoodHousekeeping,"whom you usually give individual gifts, do so separately and in private to avoid hurt feelings. Q: Is it appropriate to buy a holiday gift for my boss"
hurt,feeling,2009,MAG,GoodHousekeeping,"right direction 1 Allow yourself to feel anger Before trying to let go of your hurt feelings, consider how bad you feel and how you can protect yourself from future"
hurt,feeling,2009,NEWS,Atlanta,"governor. # Perdue spokesman Bert Brantley said he hopes for cooperation. # "" Hurt feelings and that kind of stuff, we really don't have time to let"
hurt,feeling,2009,NEWS,SanFranChron,"issues. "" # But while "" party activists may have long memories... and hurt feelings "" regarding Brown's past decision to leave the party in disgust, she"
hurt,feeling,2008,SPOK,Fox_Live,". And, now, I think the American people are less interested in our hurt feelings during the course of the campaign than addressing the issues that matter to them"
hurt,feeling,2008,MAG,People,"I don't think we were sent here to be unhappy or hold on to hurt feelings "" "" They could change my name, change the way I look..."
hurt,feeling,2008,MAG,ChristCentury,"to engage the world out there. In the end, under duress and amid hurt feelings, the church moved its witness out into the neighborhood-with great results. Nobody"
hurt,feeling,2008,MAG,GoodHousekeeping,"other moms don't realize I actually work, "" says Cohen. She avoids hurt feelings by mentioning that she's working and suggesting another time that fits her schedule"
hurt,feeling,2008,MAG,MilitaryHist,of such negative attitudes; she had neither the time nor the patience for their hurt feelings. She was anxious only to engage the enemy. At their first meeting
hurt,feeling,2008,MAG,Redbook,"that pops into her mind -- just like a 2-year-old -- with no regard for hurt feelings or consequences. "" Or she's provocative just for effect, hoping to"
hurt,feeling,2008,NEWS,Denver,just comes with the job. But the problem can be much more serious than hurt feelings and bruised egos. Witness protection is a case in point. The Post
hurt,feeling,2008,NEWS,Houston,"does know is that time has begun to heal some of the wounded confidence and hurt feelings. # "" I know I'm a good husband, "" Wilson said"
hurt,feeling,2007,SPOK,PBS_Newshour,"ever, and he took it out on his staff. Lady Bird patched up hurt feelings. Sometimes she confronted her husband. One friend observed that the only thing"
hurt,feeling,2007,FIC,Analog,"say was inflammatory or insulting. Because we valued clear communication over the risk of hurt feelings, the answer was always the same. "" Granted. "" "" You"
hurt,feeling,2007,FIC,FantasySciFi,"He understood. All the pain borne of his fifty-odd years, the misunderstandings, hurt feelings, slights, griefs, disappointments, the little agonies of living, fell"
hurt,feeling,2007,MAG,Cosmopolitan,"a kid. "" Just say it calmly. "" She'll get over her hurt feelings faster if you don't blow it out of proportion, "" savs Krasnow"
hurt,feeling,2007,NEWS,SanFranChron,"amused. "" # Not all online missteps have happy endings. Some end in hurt feelings, fisticuffs and ignominy. Ten years ago, for example, a certain"
hurt,feeling,2007,NEWS,Atlanta,"# Experts say managing household chores doesn't have to escalate into fights or cause hurt feelings. # First, couples need to take ownership on some tasks, they"
hurt,feeling,2006,FIC,Bk:LastWhite,""" Another smile. This one was soft, with just the perfect touch of hurt feelings. "" No one is more in favor of family neighborhoods than I am"
hurt,feeling,2006,MAG,PsychToday,""" she says. "" My parents try to be affectionate, and they get hurt feelings sometimes because I don't like to hug them. "" Kiriana gets rushes"
hurt,feeling,2006,NEWS,USAToday,"and effective if we focused on such people. Let's see -- a few hurt feelings and inconvenience, or thousands of innocent people blown up in the air?"
hurt,feeling,2006,ACAD,NAJPsychology,", anger (Twenge, Baumeister, Tice, &; Strucke, 2001), hurt feelings (Leary, Springer, Negal, Ansell, &; Evans, 1998)"
hurt,feeling,2005,FIC,Analog,"had fled. Others might shout "" collaborator! "" -but diamonds can help overcome hurt feelings. And no one could legally stop it. Or at least, nobody"
hurt,feeling,2005,FIC,Esquire,"when he looks so much like just another overgrown kid, all scraped knees and hurt feelings -- it's sometimes hard to see the man he's aiming to become"
hurt,feeling,2005,MAG,PsychToday,"dynamics are much the same: The porn user needs to understand his partner's hurt feelings, and she needs to find a way to forgive him. Many women"
hurt,feeling,2005,MAG,RollingStone,". Dash no longer wears his Roc-A-Fella chain and doesn't try to hide his hurt feelings. Dash says, "" I don't even know that guy anymore."
hurt,feeling,2005,ACAD,SchoolCounsel,"by a variety of events (e.g., relationship problems, difficulty with schoolwork, hurt feelings), so children who threaten suicide need to be closely monitored. #"
hurt,feeling,2004,FIC,MichiganQRev,"people, such as a former wife, understand and do not enjoy-the smile of hurt feelings. # She peered into his face. She didn't want his feelings"
hurt,feeling,2004,MAG,Cosmopolitan,"two years off your list. Relatives are touchier. "" One way to avoid hurt feelings: Invite family members over 21 only, "" says AIi Phillips, owner"
hurt,feeling,2004,MAG,Shape,"or untrustworthy, "" Witvliet explains. "" The key is to honestly acknowledge your hurt feelings, then let go of any bitterness or vengeance toward that person. """
hurt,feeling,2004,MAG,HarpersMag,"sport, true, but with an earnest, conservative face. There are deeply hurt feelings (the men scowl and shake their heads, the women weep) when"
hurt,feeling,2004,MAG,AmSpect,"are now in eclipse. Oh, well. Not a good night to remember hurt feelings. We had our delicious meal of fish and steak. Gina Kimmel told"
hurt,feeling,2004,MAG,TIME,"slam dunk. "" Instead they found they had the same kind of miscues and hurt feelings that they had faced with their husbands. "" Just because we're the"
hurt,feeling,2004,NEWS,Denver,"three, four or five hours of deliberation, there are likely to be some hurt feelings. # ' The way I look at it is like this,'"
hurt,feeling,2004,NEWS,Denver,"the 1993 Family and Medical Leave Act. # This mix of factors can cause hurt feelings, stress, productivity loss and sometimes lawsuits. # Fifty-five percent of women"
hurt,feeling,2004,ACAD,ABAJournal,"s always up against them. And all the neighbors are invited, thus alleviating hurt feelings or complaints about parking or shuttle buses from satellite lots. # Oh,"
hurt,feeling,2003,FIC,HarpersMag,"not cooperating with either of us, and I tried to concentrate and disregard my hurt feelings. My first clarinet lesson was not going the way I'd anticipated."
hurt,feeling,2003,FIC,Bk:HerShoes,"Maggie in residence meant mess and confusion, dramatic scenes, tears and fights and hurt feelings. It meant the end of any peace and quiet she might have been"
hurt,feeling,2003,MAG,Parenting,"didn't vent his own disappointment. "" If you're responding from your own hurt feelings, it's hard to be helpful, "" says Judith Wagner, Ph.D."
hurt,feeling,2003,MAG,Newsweek,"of their children, increasingly sue not only for physical injuries, but for "" hurt feelings "" when they don't make a team, says John Sadler of Columbia"
hurt,feeling,2003,MAG,PsychToday,"when talking about their vulnerabilities, they're able to assure each other and soothe hurt feelings. This becomes the most emotional part of the therapeutic process as couples like"
hurt,feeling,2003,NEWS,USAToday,"Twins and Montreal Expos. Various legal actions, countless late-night jokes and plenty of hurt feelings followed. The owners and players eventually agreed to table contraction, but the"
hurt,feeling,2003,ACAD,AcademicQs,", alternative, intuitive science; cultural relativism; moral equivalence; victimology; "" hurt feeling "" movement; multiculturalism. # In a psychology course on PC, some"
hurt,feeling,2002,SPOK,NPR_Sunday,"the American presence reflects changing Saudi strategic interests. Saudi analysts say it simply reflects hurt feelings. Many here feel that since September 11th, Saudi Arabia has been the"
hurt,feeling,2002,FIC,ChicagoRev,". # ... Was it so difficult, you'll ask me, and slightly hurt feelings hover around the question because I never told you about it. And what"
hurt,feeling,2002,FIC,MassachRev,"Catholic chicken and potatoes dinner, carefully timed to his arrival, and waited with hurt feelings as it cooled. At last he came in hurriedly with hunched shoulders and"
hurt,feeling,2002,FIC,Reason,"because you exist there. Anyway, I'll ignore your unworthy accusation despite my hurt feelings. Besides, if I wanted to cheat you, why wouldn't I"
hurt,feeling,2002,MAG,Bicycling,even get into it because it'll take days and you'll go home with hurt feelings. I'll make it simple: There's just one masterwork worth downloading
hurt,feeling,2002,NEWS,Houston,"book resonates in particular: Word gets out about a slumber party, resulting in hurt feelings for girls who weren't invited. # "" I learned you should never"
hurt,feeling,2002,NEWS,Chicago,"therefore humbly offer a very simple solution to quell the angry voices and soothe the hurt feelings. # If these empowered, successful, female executives and avid golfers sincerely"
hurt,feeling,2002,NEWS,Denver,he says. # Lopez says that most employers can find ways to deal with hurt feelings and talking behind backs without a language ban. # It was Jennifer's
hurt,feeling,2001,FIC,Atlantic,"a corner by himself for the rest of the evening. She was hurt. Hurt feelings run in the family. Daddy is hurt about how we waste electricity,"
hurt,feeling,2001,NEWS,NYTimes,"as a coach with executive power at Vancouver, leaving behind him a trail of hurt feelings and losing records. # Until Harry Sinden hired him in Boston, Keenan"
hurt,feeling,2001,NEWS,USAToday,"for him as a broadcaster. It's also a topic that brings up some hurt feelings. # "" I'd had some valuable relationships with media personalities for years"
hurt,feeling,2001,NEWS,WashPost,"ensuing years, his headstrong methods have more often resulted in an unhappy brew of hurt feelings and poor results. # Most recently, the person caught in the mix"
hurt,feeling,2001,NEWS,Houston,the middle of the playoff run. But he also artfully diffused Sam Cassell's hurt feelings. # Karl merely pointed out something that has been clear since Cassell was
hurt,feeling,2001,ACAD,MichLawReview,the sentiments of a committee that was dominated by Southern senators who had been nursing hurt feelings over the school desegregation decision of 1954 and who wanted to take it out
hurt,feeling,2001,SPOK,CBS_Morning,"either, which leaves quite a bit of room in between for honest disagreement, hurt feelings and sometimes worse. Our cover story is reported now by Rita Braver."
hurt,feeling,2001,SPOK,CNN_KingWknd,"important people; that way you don't forget anyone, and there are no hurt feelings. Oh, and don't be afraid to add a name here and"
hurt,feeling,2001,FIC,Bk:VoidMoon,". Then people can look where they want, say what they want. No hurt feelings. You know, people's tastes are different. One person will think"
hurt,feeling,2001,FIC,Bk:MrPerfect,"chosen over her. Jaine agreed with her, but that didn't soothe the hurt feelings. No, what really topped it off was that David, who was"
hurt,feeling,2000,MAG,Ms,on the empowerment that comes from being critiqued once you get over the fear of hurt feelings (I perked up momentarily-I sure as hell knew about hurt feelings).
hurt,feeling,2000,MAG,Ms,the fear of hurt feelings (I perked up momentarily-I sure as hell knew about hurt feelings). Not only did the likelihood of my ever being published seem negligible
hurt,feeling,2000,MAG,Essence,"them. Take a deep breath, calm down and begin to write all your hurt feelings on paper. Try to remember the name of the person associated with the"
hurt,feeling,2000,MAG,Essence,our heart that makes it difficult to give and receive love. Let go of hurt feelings by deciding to forgive the person who wronged you. Begin by forgiving yourself
hurt,feeling,2000,MAG,Newsweek,the co-chief operating officers of the new company) convened several meetings to calm the hurt feelings. # Part of the problem is that very different personality types inhabit the
hurt,feeling,2000,NEWS,AssocPress,"the Franklin, Tenn., town square. # There is no constitutional protection against hurt feelings, the judge ruled. # "" Evidence of discriminatory impact alone is not"
hurt,feeling,2000,NEWS,Houston,"Center on Aging. "" Unfortunately, that leads to a lot of ambiguity and hurt feelings, because there hasn't been that previous planning. "" # The numbers"
hurt,feeling,2000,ACAD,Education,a high task orientation and are highly competitive may help you avoid confrontational incidents or hurt feelings when dealing with co-workers who have trouble dealing with competition or who have strong
hurt,feeling,1999,FIC,Ploughshares,my finest childhood memories. My feelings were hurt; I claimed my daughter's hurt feelings along with my own since she was too small to suffer them. How
hurt,feeling,1999,FIC,Bk:NewSong,"word out early, "" he said, feeling foolish. "" Cuts down on hurt feelings when.. Sam nodded sympathetically. "" Oh, we understand, Father"
hurt,feeling,1999,MAG,Cosmopolitan,news? It takes just a little understanding of these gender discourse differences to avoid hurt feelings and snagged plans with your man-and make him not only listen but coax him
hurt,feeling,1999,MAG,Parenting,"3-year-old, but you can start teaching her that even telling the truth can cause hurt feelings. One day, when Ellie was 2, she and Madeline (then"
hurt,feeling,1999,MAG,PsychToday,"of indecency to deny therapy to those who might succeed in order to save the hurt feelings of those who might not. Greg Caffrey Helena, Montana "" Thou shalt"
hurt,feeling,1999,MAG,Prevention,"another topic to hash out. With each step, you come closer to resolving hurt feelings. Accept. "" This doesn't mean forgive and forget, "" says"
hurt,feeling,1999,ACAD,ABAJournal,"We end up separating people and making them fight with each other. "" # Hurt feelings, often at the heart of a plaintiffs motivation to sue, may never"
hurt,feeling,1999,ACAD,ScandinavStud,"entry doses with a poem entitled "" Silkkiliina "" The Silk Scarf which epitomizes her hurt feelings. # After Herman's formal visit, Aino asks Ilona to deliver a"
hurt,feeling,1998,SPOK,ABC_20/20,"it hurts grandma's feelings, that's fine. Grandma can get over her hurt feelings, too. Grandma is a person. JOHN STOSSEL: But you've"
hurt,feeling,1998,SPOK,CBS_SatMorn,"mean, I think there was a lot of bad feelings, a lot of hurt feelings. But there was no disaster. But I kept wondering,' Well"
hurt,feeling,1998,FIC,WorldLitToday,"I'm sick of you calling me that, and his eyes open wide in hurt feelings and he says, but it was you who started with those names,"
hurt,feeling,1998,MAG,TodaysParent,"her own angry feelings toward him. And that's fair. If there are hurt feelings involved, I'd almost be suspicious if the apology came too quickly."
hurt,feeling,1998,MAG,Parenting,by a guidance counselor; it helped him be more aware of his angry or hurt feelings and encouraged him to express those feelings in nonphysical ways. Schmidt found help
hurt,feeling,1998,MAG,HarpersMag,"think any competent teacher would and should have been able to cope with any "" hurt feelings "" that might arise in or out of the classroom. (If there"
hurt,feeling,1998,NEWS,Houston,"wait until you play again. "" # Kansas and Iowa State must have similar hurt feelings. Kansas ended the season losing five of six, beating only Iowa State"
hurt,feeling,1998,ACAD,AmerScholar,"them to move because they were there first. "" The difference between irritation and hurt feelings. Making sense of people. "" Grasping the general significance of situations."
hurt,feeling,1997,FIC,ParisRev,"also perhaps why you haven't called her either. Which obviates the chance of hurt feelings and is therefore, I submit, good, though I can well im"
hurt,feeling,1997,FIC,KenyonRev,"to work, women who don't have time to moan and groan over their hurt feelings, you can't know how Connie and I worked on that farm,"
hurt,feeling,1997,FIC,Triquarterly,"I imagine, if there were no such fallout as guilt or social disapproval or hurt feelings or anything of that sort, so that it wouldn't even be thought"
hurt,feeling,1997,FIC,Triquarterly,"all: "" No blame or anger or anything like that- "" # "" No hurt feelings, "" Fred teased, "" no guilt, no repercussions..."
hurt,feeling,1997,MAG,Cosmopolitan," I'm sorry,' but it's easier when you know where the hurt feelings are coming from. "" HE'S PASSIONATE ABOUT SOMETHING "" I never thought"
hurt,feeling,1997,MAG,SatEvenPost,"person's reaction, and it just doesn't seem worth the horrible fight or hurt feelings that will surely follow? Has this become so automatic that you have a"
hurt,feeling,1997,NEWS,USAToday,"some of its biggest stars are hurt, coming back from a hurt or nursing hurt feelings as training camps head into their second week. # Two powers, defending"
hurt,feeling,1997,NEWS,Houston,"his accent. # Sabarillo, who is Filipino and speaks Tagalog, knows the hurt feelings first-hand. His job is to troubleshoot problems when people don't make their"
hurt,feeling,1996,MAG,AmHeritage,"back and have a drink with the delegates? It will ease a lot of hurt feelings. "" Reagan eventually did so, but his advisers were aghast. Nothing"
hurt,feeling,1996,MAG,AmSpect,"# But the fate of VWIL was not the issue. And if there were hurt feelings at VWIL, then for the supporters of VMI the ruling was, in"
hurt,feeling,1996,NEWS,Houston,"- remain in the West Texas town of Hereford. # Along with them are hurt feelings and disillusionment, fueled by the feeling that the 20-year-old organization's old guard"
hurt,feeling,1996,ACAD,WorldAffairs,"18 This creates a relatively stable structure for society. Any jealousy and its accompanying hurt feelings are directed to some social abstract or scapegoat. In Russia, the situation"
hurt,feeling,1996,ACAD,InstrPsych,"family members (Aiken, 1995; Bee, 1996). The tension and hurt feelings that flow from this situation might be overcome by an orientation to the activities"
hurt,feeling,1995,SPOK,CBS_EyeToEye,"lot of admiration, commitment, and then I also see, you know, hurt feelings. You know, you can take the best relationship in the world and"
hurt,feeling,1995,SPOK,CNN_TalkBack,", if you slam a movie, you know, there is a lot of hurt feelings. Have you had to confront stars afterwards and has anybody told you quit"
hurt,feeling,1995,FIC,HarpersMag,"other passion is cooking for Maizie. They're probably surprised to know you got hurt feelings! "" # She finished off her glass of wine and felt it warm"
hurt,feeling,1995,FIC,Ploughshares,"bad luck with girls, in his opinion at least, there was always some hurt feelings and misunderstandings and he was damned if he caught on why. Driving in"
hurt,feeling,1995,FIC,Bk:FallDenver,"gotten along for years, to be honest, and there are a lot of hurt feelings. On both sides. I don't want it to get any worse"
hurt,feeling,1995,MAG,TodaysParent,""" How To Go With The Flow Whether it's over a skinned knee, hurt feelings, or your perfectly reasonable "" No, "" remind yourself when tears appear"
hurt,feeling,1995,NEWS,AssocPress,"the press before anyone else had access to it. 4833 # An avalanche of hurt feelings, vicious accusations and threats of reprisal engulfed the O.J. Simpson trial today after"
hurt,feeling,1995,NEWS,Houston,"of her T-shirt. At 19 she is awash in a sea of pain and hurt feelings. She has a broad, open face with high cheekbones and pretty,"
hurt,feeling,1994,SPOK,ABC_Nightline,"mean, has a logjam been broken now, or are there just so many hurt feelings that it's going to get worse when you come back after the break"
hurt,feeling,1994,FIC,Bk:RockingBabies,kind of people make me tired. I can't be worrying about somebody's hurt feelings all the time. I got to say what's on my mind and
hurt,feeling,1994,FIC,Bk:FashionablyLate,"have to learn to program the machine, "" she joked, to cover her hurt feelings. She guessed it was stupid to care who she watched the program with"
hurt,feeling,1994,MAG,AmHeritage,"When the Secretary of Defense designate Bobby Ray Inman recently cut and ran because of hurt feelings over a sharply etched Safire column, it amounted to a public service."
hurt,feeling,1994,NEWS,WashPost,"become ambassador. They had been told that Solarz, if appointed, would calm hurt feelings but would not ignore human rights and proliferation issues, which continue to be"
hurt,feeling,1993,MAG,SatEvenPost,you think. But what you need is the cause and a remedy. Countering Hurt Feelings # Dear Dr. SerVaas: My name is Csilla. It is a Hungarian
hurt,feeling,1993,NEWS,USAToday,". "" There's a few winners, a few losers, a lot of hurt feelings and anger. There's definitely a reduction in pesticides, but there's"
hurt,feeling,1993,NEWS,Houston,"moonlight moments together and feeling 10 feet tall, with anger, loud disagreements, hurt feelings and a fear of losing each other mixed in. # Loving seems to"
hurt,feeling,1993,ACAD,AnthropolQ,"need to be taken seriously, not as mistakes of perception to ha corrected or hurt feelings to be assuaged, but as constituting elements of the analysis and write-up."
hurt,feeling,1992,SPOK,Ind_Geraldo,"take two quick questions. Yes? Unidentified Woman 9: OK. I understand hurt feelings, and that's what it feels like. Sandy's hurt. He"
hurt,feeling,1992,FIC,KenyonRev,"mother's face that generally foreshadowed familial disharmony, an explosion of bad temper, hurt feelings, misunderstandings, and she did what she could to forestall it. While"
hurt,feeling,1992,MAG,Newsweek,". That would be the first such slowdown in more than a decade. # Hurt feelings: The slump can only intensify the Verteilungskampf- "" distribution battle "" -between former"
hurt,feeling,1992,MAG,Newsweek,"settled into a constitutionally mandated display of togetherness riven by mutual resentment, suspicion and hurt feelings. This awkward state of affairs could continue indefinitely, if the views of"
hurt,feeling,1992,ACAD,AnthropolQ,"s social being -- where one can be idiosyncratically' oneself' (without "" hurt feelings "" on either side) and safe (especially from bad "" talk,"
hurt,feeling,1991,SPOK,PBS_Newshour,the right foot. And I hope this 50th anniversary commemoration does not bring back hurt feelings. BOB-KINZLER-Pearl: We tried to give them the story of December 7th and
hurt,feeling,1991,MAG,AmHeritage,"Sherman to hate the press, but his detestation of the media went deeper than hurt feelings over personal attacks. In 1855, when he was a partner in a"
hurt,feeling,1991,MAG,RollingStone,"to family and friends. Foreigner feels ingratitude: The Thai doesn't understand the hurt feelings since he has done the foreigner a favor by taking his money, since"
hurt,feeling,1991,MAG,AccentLiving,"perfect but he does care. "" # "" Comments by Jerry might create some hurt feelings but they do not destroy the objective. "" -- Achilles H. Natividad,"
hurt,feeling,1991,MAG,Americas,". But when the Ballet Argentino performed last summer, the Catalans put aside their hurt feelings and crowded the open air theater. Bocca danced first the traditional Walpurgisnacht and"
hurt,feeling,1991,NEWS,WashPost,"s portrayal of the hooker is diamond-bright. # Landon had a compassionate eye for hurt feelings and human failings, and an appreciation for the redeemability of seemingly lost souls"
hurt,feeling,1991,ACAD,Education,"than students' personality or character. This should lead to less defensiveness and fewer hurt feelings which should improve the chances of maintaining good teacher-student relationships (Gordon, 1974"
hurt,feeling,1990,FIC,Bk:StainlessSteel,"for that loose mouth, Netta. Even a murdering scoundrel like me can get hurt feelings. "" And he asked if she was packed, ready to go."
hurt,feeling,1990,FIC,Bk:Snow,"the others, you really must invite Vicki and Gretchen. Or you will cause hurt feelings. "" He turned to Mrs. Shevvington. "" It's an uphill battle"
hurt,feeling,1990,FIC,Bk:BurnMarks,. That sounded as though someone had slipped him a few bucks to soothe his hurt feelings. I shrugged. If it had happened that way it wasn't savory
hurt,feeling,1990,FIC,Bk:September,"Henry his father's message. Experiencing a twinge of guilt, she gathered her hurt feelings about her. It's his own fault. Let him brood. Perhaps"
hurt,feeling,1990,MAG,Money,may be at the mercy of family size. Sometimes you will have to risk hurt feelings to keep things in line. Inevitably some single people will ask whether they
hurt,feeling,1990,MAG,Inc.,"care so much about the money. "" And on it goes, disappointments and hurt feelings -- did anybody really expect hard numbers? -- leading the way. Lending"
hurt,feeling,1990,MAG,Newsweek,"prime minister; under Thatcher, the Tories had trailed by 15 points. # Hurt feelings: The sudden turn against Thatcher also had a personal element. She was"
hurt,feeling,1990,MAG,Newsweek,"only three survived her first decade in office. The sackings were legendary, the hurt feelings legion. "" I am not a butcher, "" Thatcher said, """
hurt,feeling,1990,MAG,WashMonth,"them totally unrelated to legislative work. Through trial and error, and a few hurt feelings, I learned polite ways to move on. # There were moments of"
hurt,feeling,1990,NEWS,SanFranChron,"green-eyed 17-year-old, died in the accident. "" There's always this anger and hurt feeling. I don't think it will ever go away. "" 73308 #"
hurt,feeling,1990,ACAD,InstrPsych,"passive acquiescence to the unchanging order, the adults' tendency is to respond with hurt feelings without trying to understand the motivations of their children's concerns. # For"
hurt,feeling,1990,ACAD,Style,"a job, they got in the way and fogged things up with sex and hurt feelings and all the emotional baggage they carried around. one had to look out"
painful,feeling,2018,NEWS,USA TODAY,"felt very alive. "" # Yet, a friendship breakup can invoke as many painful feelings as a romantic one. Debunked rumors about a relationship with fellow rising pop"
painful,feeling,2017,SPOK,NPR_FreshAir,do through 20 minutes a day. But you can get better at dealing with painful feelings and emotions. And a number of people use meditation to handle things like
painful,feeling,2017,SPOK,NPR_FreshAir,"levers, to no longer respond to the fundamental incentive structure of trying to avoid painful feelings and trying to always seek the thing that promises to be gratifying. That"
painful,feeling,2017,FIC,Bk:AfterDark,"d known one another for much less than a year. # A tight, painful feeling expanded in my chest. # "" So w-why were you "" -I cleared"
painful,feeling,2015,ACAD,JournalAmerican,"individual perfectability and actual life, with its messy atavisms. The scripts validated the painful feeling voiced by T. S. Eliot: "" When you're alone in the middle"
painful,feeling,2013,MAG,ScienceNews,"association's DSM-5 task force. The new manual makes clear that in grief, painful feelings come in waves and self-esteem is preserved; in depression, dark moods endure"
painful,feeling,2012,WEB,goodreads.com,"painfully familiar. Shame is a very lonely feeling. It is the "" intensely painful feeling or experience of believing we are flawed "". # However, I do"
painful,feeling,2012,WEB,goodreads.com (1),"to develop shame resilience. # The book describes shame as the "" intensely painful feeling or experience of believing we are fla... more A very good book."
painful,feeling,2012,WEB,accesstoinsight.org (1),"no conceivable beginning. Therefore, be heedful! "" Those ladies meditated on painful feeling and so gained the Noble Paths and Fruits. # Two thousand years after"
painful,feeling,2012,WEB,orthodoxinfo.com,will naturally become distressed and will regret your many words and deeds? and these painful feelings and the desire for repentance will become your inner cross. If you continue
painful,feeling,2012,WEB,wikihow.com,"Once the grieving period has had some time to process, don't dwell on painful feelings or memories. There are probably things that are pushing your buttons without your"
painful,feeling,2012,WEB,tnhaudio.org,don't only use our intellect. Buddhism is practical. How to handle a painful feeling? A strong emotion? # There is an insight on Interbeing. Non-self
painful,feeling,2012,WEB,huffingtonpost.com,"feel sad and betrayed so badly, I don't remebber when I had that painful feeling in the past. # I would have been yelling, "" No,"
painful,feeling,2012,WEB,...isharoom.typepad.com,", no marriage having proved possible, in 1582, Elizabeth had very mixed and painful feelings - and, at almost 50, must have felt her marriage prospects -"
painful,feeling,2012,WEB,...hristianwritings.com,"as our armour and defender? Thee, the deliverer from fear and from every painful feeling? Thee, who hast also fashioned the archetypal forms of our instruction while"
painful,feeling,2012,WEB,answers.com,"of loss were closely associated with the damage wreaked in fantasy by aggressive impulses, painful feelings were accompanied by feelings of conscious or unconscious guilt. This guilt generally tended"
painful,feeling,2012,WEB,answers.com,"psychotic, manic, or depressive) defenses, which also made it difficult for painful feelings to gain access to consciousness. On the other hand, the more real"
painful,feeling,2012,WEB,huffingtonpost.com,"direct conflict to weight loss. # What they want more is to avoid their painful feelings of emptiness, anxiety, depression and aloneness -- which come from self-abandonment --"
painful,feeling,2012,WEB,huffingtonpost.com,"drug and every new diet, but if you don't learn to manage your painful feelings in ways that don't cause even more pain, you will not lose"
painful,feeling,2012,WEB,huffingtonpost.com,"keep weight off. # There is no doubt that food works to temporarily numb painful feelings, as do many other addictions, but addictions ultimately bring about more pain"
painful,feeling,2012,WEB,huffingtonpost.com,"and alone. # Using food to numb pain is a self-abandoning way of managing painful feelings. Until you learn a self-loving way of managing pain, you will likely"
painful,feeling,2012,WEB,huffingtonpost.com,"For the last 28 years, since I discovered the secret to lovingly managing my painful feelings, I have not had a weight problem. If you really want to"
painful,feeling,2012,WEB,huffingtonpost.com,". You make the choice to be mindful of all your feelings, including your painful feelings, rather than protect against them with any substance or process addictions. You"
painful,feeling,2012,WEB,huffingtonpost.com,", and that you want responsibility for learning how to lovingly manage and nurture the painful feelings of life -- the loneliness, heartbreak, grief and helplessness over others and"
painful,feeling,2012,WEB,huffingtonpost.com,"explore what may be happening with a person or event that is causing the core painful feelings of loneliness, heartache, heartbreak, helplessness or grief. You explore your"
painful,feeling,2012,WEB,accesstoinsight.org,"be of three kinds, yielding three principal types of feeling: pleasant feeling, painful feeling, and neutral feeling. The Buddha teaches that feeling is an inseparable concomitant"
painful,feeling,2012,WEB,accesstoinsight.org,"fall under the influence of the defilement greed and cling to it. When a painful feeling occurs, we respond with displeasure, hate, and fear, which are"
painful,feeling,2012,WEB,accesstoinsight.org,"conditioned by a particular kind of feeling: greed by pleasant feeling, aversion by painful feeling, delusion by neutral feeling. # But the link between feelings and the"
painful,feeling,2012,WEB,accesstoinsight.org,"three unwholesome roots. There is no greed for pleasant feelings, no aversion for painful feelings, no delusion over neutral feelings. All are seen as merely fleeting and"
painful,feeling,2012,BLOG,workingwithact.com,"be key on this. I paraphrase: # Shame is a very contageous and painful feeling, sopainful that the person who witnesses somebody else experiencing shame often looks away"
painful,feeling,2012,BLOG,fastcompany.com,"awareness, and understanding, turning back is almost impossible. # Shame-- the intensely painful feeling or experience of believing that we are flawed and therefore unworthy of love and"
painful,feeling,2012,BLOG,...ationshipyouwant.com,"and compassion for himself. He learned that he could manage and release these past painful feelings, as well as current painful feelings. He also learned that his feelings"
painful,feeling,2012,BLOG,...ationshipyouwant.com,"that he could manage and release these past painful feelings, as well as current painful feelings. He also learned that his feelings held much important information for him regarding"
painful,feeling,2012,BLOG,...ecoffeewillwrite.com,problems of global warming and economic recession. But we need to begin with the painful feelings we carry inside us. We have to deal with these things first.
painful,feeling,2012,BLOG,blogs.hbr.org,"regions that respond to physical pain also respond to "" social pain "" -- the painful feelings associated with social rejection or loss. Naomi's experiments at UCLA showed that"
painful,feeling,2012,BLOG,opednews.com (1),"earlier girlfriends. Despite his years of psychotherapy, during which he traced the painful feelings back to a separation from his hospitalized mother when he was four, the"
painful,feeling,2012,BLOG,opednews.com,side. # We have to expose our unconscious willingness to relive and recycle old painful feelings in the context of our present life. Good therapy breaks through the resistance
painful,feeling,2012,BLOG,...arwithoutmirrors.com,interesting for me to realize that someone who looks like you could still struggle with painful feelings of self-doubt about physical appearance and body image. Women have had their self-worth
painful,feeling,2012,BLOG,opednews.com,"the fetus as a "" person "" who isn't wanted or valued. These painful feelings correspond with unresolved hurt in their own psyche, giving them a highly subjective"
painful,feeling,2012,BLOG,...snthatwitholivia.com,"with the wrong people for the wrong reasons. We hold on to negative and painful feelings, "" says Lindon. "" Think about all of the unnecessary things we"
painful,feeling,2011,MAG,TodaysParent,"Try to stay focused on your son's well-being; if you find you have painful feelings, process them elsewhere, with a trusted friend or a therapist. Bear"
painful,feeling,2011,NEWS,USAToday,"as James aunt Neung Sun Chang, of West Hills, Calif., it rekindled painful feelings. # "" When the whole bin Laden thing happened it was very hard"
painful,feeling,2010,ACAD,SportBehavior,"i.e., denial), and attempts to distract the self and others from the painful feeling. Cognitions include little awareness of shame or one's shameful actions, faults"
painful,feeling,2010,ACAD,SportBehavior,"is a coping mechanism in which individuals deny the existence of shame and avoid the painful feeling through distraction (Nathanson, 1992). Furthermore, Avoidance has been found"
painful,feeling,2009,NEWS,SanFranChron,"she writes. # "" In this manner, he gained some distance from his painful feelings and perceptions. "" Yet, she also notes that "" only a handful"
painful,feeling,2009,NEWS,Houston,"account, Annise Parker was a shy, brainy little girl who struggled to overcome painful feelings of isolation by forcing herself to reach out to other people. # Today"
painful,feeling,2006,MAG,TownCountry,"explore how women use food, eating and weight to express (or suppress) painful feelings about their lives, relationships and gender roles. In a support group centered"
painful,feeling,2004,NEWS,NYTimes,"her family. Tugboat was gone. He opened the door to an empty, painful feeling. # Hamilton is known for coping with pain. A year after leaving"
painful,feeling,2003,MAG,Redbook,"contain the spermicide nonoxynol-9; they can irritate your vagina, causing a dry, painful feeling, explains Hilda Hutcherson, M.D. and author of What Your Mother Never Told"
painful,feeling,2001,ACAD,AmerScholar,"phase has passed away and another has taken its place. But it is a painful feeling. # At last we find our cranes, not on the ground but"
painful,feeling,2001,ACAD,Style,"waggish spokesman for licentiousness. "" I think thou dost, and indeed with most painful feeling of thy speech, "" Lucio replies, completing the crossover (1.2.32-34)"
painful,feeling,1997,FIC,AfricanAmerRev,"had African sleeping sickness, the thing perhaps taking the edge off, numbing the painful feelings like an epidural. To Girl, the seeds of labor -- the burdens"
painful,feeling,1997,FIC,LiteraryRev,"I remained silent as heroically as Winnetou. I was bound fast: a wonderfully painful feeling of martyrdom. But after awhile the ropes began to chafe, someone made"
painful,feeling,1996,ACAD,CurrentPsych,"because they are unable to take steps to act upon, and thereby alleviate, painful feelings of guilt. # There is no marked difference in the eating and exercise"
painful,feeling,1995,FIC,AntiochRev,"features -- nothing too long, too short, or too wide. My most painful feelings came from children's torment of the striking. # Later we are only"
painful,feeling,1995,MAG,ChildrenToday,"than done. Sharing the care of young children evokes deep, often conflicting and painful feelings of the adults involved that can get in the way of their working together"
painful,feeling,1995,TV,Frasier,"disapproved. Well, since you've asked. I think in divorce we have painful feelings which are never the less healthy feelings. We start to date too quickly"
painful,feeling,1994,SPOK,CBS_48Hours,"she cared more about her husband than her kid. (Footage-of-Stacy-a) RATHER: (Voiceover) Putting painful feelings aside one day, Stacy asks Ted Smith if she can see her brother"
painful,feeling,1994,MAG,TodaysParent,"recognizable stages in the recovery from loss. The more you try to deny your painful feelings, the more troubling they are likely to become. Paradoxically, by allowing"
painful,feeling,1994,MAG,TodaysParent,"feelings, the more troubling they are likely to become. Paradoxically, by allowing painful feelings to surface, the emotional wound heals as you work through the stages of"
painful,feeling,1994,MAG,TodaysParent,and Bloomfield advise stepparents to create a safe atmosphere for children to talk about these painful feelings. Even young children can be guided through such discussions. Something else that
painful,feeling,1994,MAG,Americas,"five years before remarrying. Mariana remarried despite a "" torn heart "" and "" painful feelings that burden my soul, "" as she wrote to General Jose Maria Obando"
painful,feeling,1993,FIC,Bk:FarriersLane,". She made up her mind. "" I do. Guilt is a most painful feeling, especially so when it is too late to make amends. "" He"
painful,feeling,1993,FIC,Bk:BonetoBone,"did not recognize the national rights of his people. These words gave rise to painful feelings in me, as if he were accusing me of being a traitor to"
painful,feeling,1993,NEWS,Houston,"The Fountain of Age and Old Friends would be a depressing experience, dredging up painful feelings about my parents' aging and the telltale signs of age in myself."
painful,feeling,1993,ACAD,ArtBulletin,"had let themselves go like that. "" 63 To shake free of the "" painful feeling of collapse "" that his colleagues' paintings gave him, Van Gogh went"
painful,feeling,1992,ACAD,Symposium,"the capacity to devise one's own means to limit, minimize, and soothe painful feelings; sixth, "" continuity of self, "" that is, the recognition"
painful,feeling,1991,MAG,Prevention,". Persistent abdominal discomfort. An unusual narrowing of the stool. An urgent, painful feeling that you need to defecate. A feeling of incomplete emptying after a bowel"
painful,feeling,1990,MAG,RollingStone,was more to the brothers' quest than a mere attraction for music that took painful feelings and turned them into a joyful release. The Allmans -- Duane in particular
painful,feeling,1990,ACAD,ReVision,"in the early part of the training, the SCC or ecstasy, may contain painful feelings and have a pathological aspect that exists side by side with positive feelings."
painful,feeling,1990,ACAD,ReVision,"to be fully experienced, is probably achieved through the initial expression of emotion and painful feeling, for it is thus that we are able to recognize the significance of"
painful,emotion,2018,MAG,Nerdist,"episodes, a stronger set of themes emerge around trauma, vulnerability and empathizing with painful emotions. The cool which with Michael Colter's Cage moved through Harlem's intersected"
painful,emotion,2018,TV,Chicago Med,"around. Mr. Lee, this stage in your life can bring a lot of painful emotions and memories up. I can help to talk about what you're feeling"
painful,emotion,2017,MAG,Salon,"you're ready can be dangerous. If you force yourself to bypass processing your painful emotions, it will only cause further resentment down the road as well as repressed"
painful,emotion,2016,MAG,RollingStone.com,"& roll's coming of age: a sui generis album of healing songs about painful emotions, informed by jazz, hymns, Spectorian pop, classical music and exotica"
painful,emotion,2012,WEB,wikihow.com,"love. One crush will help carry you to the next. Each day the painful emotions associated with your breakup will subside a little more, and you will no"
painful,emotion,2012,WEB,...rcesupport.about.com,someone else for bad behavior than to admit they need help and to face those painful emotions head on. # I don't believe that abuse of any sort should
painful,emotion,2012,WEB,helpguide.org,Life Into Balance Toolkit can help you develop the skills to manage overwhelming stress and painful emotions during the grieving process so you can heal and move on.  Resources
painful,emotion,2012,WEB,...ll.blogs.nytimes.com,"mood; it changes your physiology and brain function. # Political defeat unleashes similar painful emotions, and there is some preliminary evidence that it has biological consequences as well"
painful,emotion,2012,WEB,ssr1.uchicago.edu,"satisfy and support the heart without any auxiliary pleasure. However, the bitter and painful emotions of grief and resentment more strongly require the healing consolation of sympathy. When"
painful,emotion,2012,WEB,psychologytoday.com,"getting their marriages back on track. Re-establishing trust and finding ways to manage overwhelming painful emotions are key to the healing process. "" # The risk and ways to"
painful,emotion,2012,WEB,kidshealth.org,first step toward feeling better. # Many teens who have experienced abuse find that painful emotions may linger even after the abuse stops. Working with a therapist is one
painful,emotion,2012,WEB,amazon.com,"themselves up # develop the skills that enable them to let go of negative and painful emotions more quickly # transform difficult circumstances so they can live with gratitude, joy"
painful,emotion,2012,WEB,rockyourday.com (1),answers. You'll need that written note to look back on when the painful emotion you're moving away from resurfaces. Have a written library of answers to
painful,emotion,2012,BLOG,...affair.wordpress.com,"is how to be vulnerable. # "" Intimacy requires feeling your insecurities and the painful emotions they elicit. All painful emotions are based in fear. The fear of"
painful,emotion,2012,BLOG,...affair.wordpress.com,"# "" Intimacy requires feeling your insecurities and the painful emotions they elicit. All painful emotions are based in fear. The fear of getting hurt or humiliated can sometimes"
painful,emotion,2012,BLOG,workingwithact.com,suggests responding to those feelings with empathy and compassion instead of trying to reject these painful emotions. What does that look like? # Shame comes up quite often for
painful,emotion,2012,BLOG,ptsdawayout.com,"developmental time periods of the past. They often hold trauma memories, distressing, painful emotions or sensations, but sometimes also have positive memories. They typically are unresolved"
painful,emotion,2012,BLOG,...eyshalo.blogspot.com,"I can handle more and as time slowly passes I also feel those raw, painful emotions creeping to the surface little by little. It kind of reminds me of"
painful,emotion,2012,BLOG,dailykos.com,"isn't always productive. It's the cover, I find, for more painful emotions like grief and fear, which though more threatening are also more important to"
painful,emotion,2012,BLOG,blogs.babble.com,"feel certain they have nowhere to turn, that they should keep their feelings &; painful emotions to themselves. We should not be doing that to each other, as"
painful,emotion,2012,BLOG,yorkblog.com (1),"KJ was baptized and buried. "" I had never felt such raw and painful emotions. "" # While the nurses "" treated me like a mother who just"
painful,emotion,2012,BLOG,kateharding.net,"be hoardes of them (us). # The program is embarrasingly overwrought with painful emotions but I think for anyone who's not fat watching it, for those"
painful,emotion,2012,BLOG,sott.net,"creative solution. This required controlling the natural, moralizing reflexes of revulsion and other painful emotions this phenomenon provokes in any normal person when it deprives him of his joy"
painful,emotion,2011,MAG,NationalGeographic,up a single one of travel's sweet moments fills me with an even more painful emotion: regret. # Temptation wins. I choose sweetness. I let my
painful,emotion,2010,MAG,GoodHousekeeping,"trouble hits, Hyde says, parents need to let their children know that whatever painful emotion they're feeling is legitimate -- but also reassure them that they'll bounce"
painful,emotion,2010,MOV,I Am,"return to surgery. - Thank you. You are immersed in life's most painful emotion. Regret. I got ta tell you this, but your kid is"
painful,emotion,2009,ACAD,TheologStud,"then the proper response to witnessing such suffering is pity. n27 Pity is "" a painful emotion directed towards another person's pain or suffering "" felt when we believe the"
painful,emotion,2008,SPOK,ABC_GMA,"character. Dealing with his tragedy, I realize that I have a block on painful emotions. So, for me to be able to dive in and to really"
painful,emotion,2007,NEWS,WashPost,"found a measure of comfort in the company of a family that was wrestling with painful emotions that have never gone away. # Talking in his study, where a"
painful,emotion,2007,ACAD,HealthSocialW,"of human response to significant change, many traditions reflect a common appreciation for the painful emotions inherent in human existence, view adversity as a pathway to understanding, and"
painful,emotion,2006,MAG,PsychToday,"wondrous events more ordinary. For some people, reminiscing about good times can trigger painful emotions. Recalling a career triumph can make you feel like a has-been, and"
painful,emotion,2006,MAG,PsychToday,"Sapolsky's studies, pioneering cognitive psychologist Albert Ellis put forth the then-radical idea that painful emotions spring more from people's beliefs than from reality itself: Thoughts alone could"
painful,emotion,2006,ACAD,FeministStud,"anxiety at separation and my awkward attempts at distancing myself. I was imprisoned by painful emotions that I could not share with anyone. # Since then, I have"
painful,emotion,2004,ACAD,ArtBulletin,"takes this visual medicine is rewarded with the moderate pleasure accompanying the salutary release of painful emotions. # Jean Delumeau has observed that in the art of Western Europe,"
painful,emotion,2000,ACAD,SocialPsych,"For instance, some parents commit child abuse as a means to ward off the painful emotions they experienced during the abuse they suffered in their own childhoods (Teyber,"
painful,emotion,1998,ACAD,InstrPsych,"angry behavior. The student who misbehaved experiences severe rejection from classmates, a very painful emotion for children. Further, the child experiences isolation from the group, an"
painful,emotion,1996,MAG,ChristCentury,"must be one of the most analytical characters in fiction, examining and dissecting her painful emotions and keeping them carefully in check. The book is a philosophical exploration of"
painful,emotion,1993,ACAD,HealthSocialW,"to avoid their feelings of grief and rage and helping them confront and label these painful emotions. Throughout the course of the group, most members agreed that striking a"
painful,emotion,1991,SPOK,ABC_Nightline,". For a lot of us, it's a very difficult thing MARASH voice-over Painful emotions swept across all the teams and arenas of the NBA tonight. PAT RILEY"
aching,feeling,2019,FIC,Broken Pencil,"turned and walked off between the trees and vanished, leaving Little with a vast aching feeling. In that moment, they realized that a quieter version of this ache"
aching,feeling,2018,FIC,Analog,"the Numen. You know what we need, Cassie. "" # The sinking, aching feeling of not enough intellectual stimulation was suffocating. Not enough air. # """
aching,feeling,2017,TV,The Originals,"inevitably, you wake up with that pit in your stomach, that dull, aching feeling of missing the only people who know you. Until that very ache threatens"
aching,feeling,2012,WEB,fanfiction.net,"screwed up Linds. You don't need to tell me. The empty, aching feeling I got going on in my chest reminds me every minute of every day"
aching,feeling,2008,FIC,Bk:SeducedBySin,"filled her with a fierce yearning, making her more aware than ever of the aching feeling of emptiness that seemed to have become her constant companion of late. //"
aching,feeling,2005,MOV,Odd Girl Out,- and probably marry Breanna here. But soon you start drinking to numb this aching feeling you have inside. Fast forward a few years and you're a drunk
aching,feeling,2004,MOV,The Scare Hole,"lambs to the way of the flesh, and only a woman knows that warm aching feeling deep inside. - Am I right? - No. And she'll"
aching,feeling,2002,MAG,TodaysParent,"pregnancy seem to "" waddle "" when they walk. Sometimes these changes cause an aching feeling in your hips or at the pubic bone. Braxton Hicks contractions: In"
aching,feeling,1993,FIC,FeministStud,"The next, you've got a sore throat. Then you get a slight aching feeling all over, and your stomach starts churning... well that's"
achy,feeling,2019,SPOK,NBC_Today,". AL-ROKER) : Oh. HODA-KOTB) : All right. Then, you know that achy feeling in your back or maybe your shoulders -- CARSON-DALY) : Yep. HODA-KOTB) :"
achy,feeling,2019,TV,The Goldbergs,"JTP. JTP. - JTP. - JTP. I just don't know when the achy feeling in my heart place is gon na go away. Soon enough, pal"
achy,feeling,2012,WEB,zocdoc.com,have appendicitis for a long period of time? # I? ve had an achy feeling in my abdomen for around two weeks. It won? t go away
achy,feeling,2012,WEB,fanfiction.net,"around her nipple before suckling it into his mouth and drawing deep, making the achy feeling between Elena's thighs pulse with each and every soft tug of his lips"
achy,feeling,2004,FIC,LiteraryRev,"kindness of something given, he dares close his eyes like others. # The achy feeling in his head is now soothed, his eyes rested, and he asks"
achy,feeling,2001,TV,Gilmore Girls,Same here. - It's like a vicious circle. - It's an achy feeling. - Like withdrawal pains. Totally distracting. And completely wonderful. I
achy,feeling,2000,MAG,TIME,"when he plops down between the woman and her husband, I start getting that achy feeling in my joints and back. I especially love his sneering crack about soup"
achy,feeling,1990,FIC,Bk:WorldlyWidow,"in love with her husband, she was totally confused by the lush sensations and achy feelings Dalmar could evoke so effortlessly with one word, one soft look, an"
agonizing,feeling,2014,FIC,NewEnglandRev,"love accurately, and it's hardly possible to describe this tender, joyous, agonizing feeling, and no one who has ever experienced it would want to try to"
agonizing,feeling,2013,ACAD,CanadianLiterature,"to write in the period. These poems articulate, often quite frankly, the agonizing feeling of creative impasse: "" My mind rustles the pages of books / for"
agonizing,feeling,2000,FIC,CanadianFict,". I remembered walking into the clubs myself, long ago, remembered that sudden agonizing feeling when I realized that I still had not connected. Everyone else in the"
agonizing,feeling,1992,MOV,Bram Stoker's Dracula,"Sleepwalking. My soul... It seemed to leave my body. There was this agonizing feeling. - I started shaking. - It's all right, you're"
powerful,effect,2019,SPOK,PBS_Newshour,"believed? EMILY-BAZELON) : Right. I mean, I think that still has a powerful effect. Soraya is right about this new language that we have and the way"
powerful,effect,2019,MAG,The Atlantic,"is diluted with fillers, which induces some users to seek out the much more powerful effects of fentanyl, says Kristen Marshall, the manager of the DOPE Project."
powerful,effect,2019,NEWS,Baltimore Sun,"-- performed "" America the Beautiful "" as a duet, merging their voices to powerful effect at the close.       70480588 # WASHINGTON --"
powerful,effect,2019,ACAD,Journal of Illustration,"ornamental use of these textures goes largely unnoticed and unquestioned in contemporary illustration despite its powerful effects. However, through this initial written and illustrated interrogation of this practice,"
powerful,effect,2018,SPOK,PBS_Newshour,"and who were continually promoted in spite of that. And that does have a powerful effect on corporate culture. We talk to, in this story, multiple experts"
powerful,effect,2018,FIC,The Literary Review,"the answer I'd expect from a homo-loving queer. # My taunt had a powerful effect on Lester. Not only did he have a shitty name, but his"
powerful,effect,2018,ACAD,"... Feminism, Theory, Technoscience",to legitimate power relations in the social sphere. Combining feminist STS research on the powerful effects of images with a feminist materialist perspective opens up a space for critically assessing
powerful,effect,2018,ACAD,Church History,"bloodline of Israel who converted to Mormonism, there would “ be more of a powerful effect upon the body ” and an effect “ visible to the eye. ”"
powerful,effect,2018,ACAD,Arab Studies Quarterly,"they acquired from the West for social engineering in Turkey, the academicians had a powerful effect on Islamist thought because of their attitude toward the public as the ignorant to"
powerful,effect,2017,FIC,Highlights for Children,"Bill had eaten nothing but prickly pears his whole life, that biscuit had a powerful effect on him. A slow smile started to grow on his face, and"
powerful,effect,2017,MAG,Scientific American,"body, without any delving into the life history of the patient, ECT's powerful effects raise questions about what mental illness is, and what kind of psychiatry is"
powerful,effect,2017,NEWS,New York Times,"how to avoid such discriminatory policies. Beyond that, the data has had a powerful effect on researchers wo have begun looking into the roots of this serious problem."
powerful,effect,2017,ACAD,Film History,"echoing Gregory's "" coincidence ""), this "" custom "" has a tremendously powerful effect on the viewer: "" we use a rectangular form because, being conventional"
powerful,effect,2016,SPOK,NPR_FreshAir,"signs something, just simply indicating something or saying something off hand can have a powerful effect. the best example of that based on the research for this piece was"
powerful,effect,2016,SPOK,NPR: Hidden Brain,"of sports, and that makes sense. But winning and losing can also have powerful effects in many other domains of life. Lamar Pierce at Washington University in St."
powerful,effect,2016,ACAD,Iowa Law Review,"a mock "" jury "" decision. # Our study confirmed that anchoring has a powerful effect on damages, and a small negative effect on liability determinations. However,"
powerful,effect,2016,ACAD,Iowa Law Review,"IMPLICATIONS # Like previous studies, our study found that anchoring effects had an extremely powerful effect on juries. The plaintiff was able to dramatically increase its potential recovery by"
powerful,effect,2016,ACAD,Columbia Law Review,"with the Columbia Law Review) ("" Taken together, these rulings have a powerful effect. They mean that the officer who shot Michael Brown and the City of"
powerful,effect,2016,ACAD,Political Research Q,suggest that gender's effect on the general scale is driven primarily by gender's powerful effect on support for a higher minimum wage. # Discussion and Conclusion # In
powerful,effect,2016,ACAD,Asian Music,"extreme duration of the performance, and the gradual tempo increase contributed to producing a powerful effect on the audience. This performance was unlike other melas and mahotsavs that I"
powerful,effect,2016,ACAD,The Lancet,"did not contain enough active ingredient. # Introduction # Medicines are complex products with powerful effects, which can be enormously helpful or disastrously harmful. Likewise, medicine safety"
powerful,effect,2016,MOV,...s 9/11 Flag: Rise from the Ashes,""" Star of America. ""?? - Seeing that flag clearly had a powerful effect on Monica, and her eyewitness testimony is invaluable, but we want to"
powerful,effect,2015,NEWS,Denver,"deduction with a new refundable credit, around $2,000. And that has a pretty powerful effect on helping low income people in particular. So it's very progressive in"
powerful,effect,2012,WEB,edge.org,". Parental values such as generosity, ambition, materialism, anti-materialism, etc have powerful effects on children. True, children may react against their parents' values."
powerful,effect,2012,WEB,space.com,"after visible signs of the storm started to fade, infrared measurements continued to reveal powerful effects at work in Saturn's stratosphere. CREDIT: NASA/JPL-Caltech/Space Science Institute # Saturn"
powerful,effect,2012,WEB,jihadwatch.org,"Qur'an, the Hadith, the Sira really does exist, really does have a powerful effect, an amazing effect, on the minds of the vast majority of Muslims"
powerful,effect,2012,WEB,...icanconservative.com (1),it's a mistake to think this is not going to have a fairly powerful effect in stimulating economic activity. It's a huge amount of money. If
powerful,effect,2012,WEB,blogs.suntimes.com (1),"used music for power, pauses: it used a lot of things for powerful effect. # And I didn't really get to watch "" The Secret in"
powerful,effect,2012,WEB,blogs.suntimes.com,"where clinical depression is fast becoming the most significant illness afflicting humanity that is a powerful effect indeed. # Mr Ebert, I kinda wish you'd format your list"
powerful,effect,2012,WEB,...hristina.typepad.com,"say that the soul is utterly ineffable, and still say that it has a powerful effect on our minds and consciousness and our most basic selves. (And you"
powerful,effect,2012,WEB,starwars.wikia.com,"entirely trust any member of the Executor' s crew, but he knew the powerful effect of motivation by fear. 36 # The Executor functioned with a crew of"
powerful,effect,2012,WEB,...brary.thinkquest.org,widely studied and have been influential in many circles. His ideas have had a powerful effect on the opinions of Americans at large and have convinced many to work for
powerful,effect,2012,WEB,ebonmusings.org,"argument from mind-brain unity predicts, chemicals which alter brain chemistry can have fundamental and powerful effects on consciousness. How can this be squared with the theist claim that our"
powerful,effect,2012,WEB,...ychology.cornell.edu,up to major savings in calories. # What can we do to combat this powerful effect? Simply educating consumers to be aware of the effects of the Delboeuf illusion
powerful,effect,2012,WEB,forentrepreneurs.com,in a different way.  The importance of Footprint or Market Share # Another powerful effect of using the free strategy is that it usually results in a far larger
powerful,effect,2012,WEB,...ntoine.frostburg.edu,"that the nerve cell can go back to work. # Drugs that have a powerful effect on the central nervous system often mimic natural molecular keys. For example,"
powerful,effect,2012,WEB,amazon.com,"a natural, efficient way of storing and processing information, and one that has powerful effects on both emotional states and physiology. And while imagery is not a substitute"
powerful,effect,2012,WEB,massagetherapy.com (1),"points and Mu (Bo, in Japanese) points have an immediate, powerful effect on their related organs. They are frequently tender, spontaneously or on palpation"
powerful,effect,2012,WEB,constitution.org,"extensive field of decision, and one which, irregularly exercised, would have a powerful effect on the proceedings and determinations of the House. The President must feel weightily"
powerful,effect,2012,WEB,businessinsider.com,"about money, despite the amount society focuses on it. # It's a powerful effect, to the point where people that perform positive actions get more"
powerful,effect,2012,WEB,imdb.com,", D.C., vibrant soul music and exploding social consciousness were combining to unique and powerful effect. It was the place and time for Petey to fully express himself -"
powerful,effect,2012,WEB,wingspress.com,"the Guatemalan torturer, Jos, for example. # To varying degrees and with powerful effect, Castillo gives shape to plays that blur lines between the real and unreal"
powerful,effect,2012,WEB,r-mew.blogspot.com,"linked to an academic study by Roosevelt University documenting Reuters use of propaganda and its powerful effect on readers.  Thursday, April 5, 2012 # Reuters correspondent Andrew"
powerful,effect,2012,WEB,dailywritingtips.com,"8, 2011 5:42 pm # Bite: # True, but for has a powerful effect in literary writing ("" For God so loved the world..."
powerful,effect,2012,WEB,theasc.com,"appreciates Anderson's combination of experimentation and old-school filmmaking principles, qualities that blend to powerful effect in There Will Be Blood. On the technical side, "" Paul knew"
powerful,effect,2012,WEB,therightscoop.com,words but because he so patently strives to live his faith that he has this powerful effect on all who watch him. # ConservativeHippie # Well said AbC sister!
powerful,effect,2012,WEB,...rtunity.blogspot.com,they copied was shadows and highlight in the buttons. Something as simple had the powerful effect of adding space to it(depth). # For me buttons of Metro is going
powerful,effect,2012,WEB,combatreform.org,"Desert Storm hit numerous targets with great accuracy after flying hundreds of miles. The powerful effects of cruise missiles are not lost on Third World governments, and many are"
powerful,effect,2012,WEB,nasa.gov,"National Hurricane Center. Because Sandy is thousands of miles wide, the storm's powerful effects will be felt all the way to Maine and include strong winds and flooding"
powerful,effect,2012,WEB,bahai-library.com,MUST be old but it can't be! Its inner mystery consists in dhe powerful effect which it has on sensitives of all kinds. The glimpses of the life
powerful,effect,2012,WEB,...annabisconsumers.org,". # Explain that marijuana is a drug, like alcohol or cigarettes, with powerful effects. As such, it is for adults only and should be treated with"
powerful,effect,2012,WEB,goodreads.com,"the "" slowing "" wasn't happening in the real world... and for that powerful effect I have to give it five stars. I did feel, however,"
powerful,effect,2012,WEB,...ockportinstitute.com (1),is very important to notice is that your definite decisions have a much more powerful effect on putting together the pieces of the puzzle than do your preferences. For
powerful,effect,2012,BLOG,forum.tcgplayer.com,"to the Wind-Up engine, all those cards mentioned above rely on each other for powerful effects, as well as some of them being quite useful on their own."
powerful,effect,2012,BLOG,qz.com,"enormous military presence in South Korea -- some 30,000 -- and this has had a powerful effect on South Korean music tastes. Several generations of South Koreans grew up hearing"
powerful,effect,2012,BLOG,realitysandwich.com,"increasing essential device in promotion these days as the digital globe begins to have a powerful effect on the way of life of community, here"
powerful,effect,2012,BLOG,...ns.blogs.nytimes.com,one's navel. # This is a fundamental change that must be having a powerful effect on how people view the kind of images exhibited this week in Perpignan.
powerful,effect,2012,BLOG,phys.org,or her own reflection within a reflection of the past. It is quite a powerful effect and one that we hope will have applications across a range of site-based heritage
powerful,effect,2012,BLOG,itsallyogababy.com,can have greater effects than we might credit. # I've also seen the powerful effect of even the simplest mindfulness practices. I've seen soldiers and police officers
powerful,effect,2012,BLOG,patheos.com,"for historical or current drug policy, when more proximate causes have had far more powerful effects over the status of the policies. # http: **30;5090;TOOLONG? id=5..."
powerful,effect,2012,BLOG,nbcnews.com,"the surrounding desert terrain. And we found that color contrast was repeatedly used to powerful effect. "" Rising Water, "" taken by fonurlu, captures the powerful Niagara"
powerful,effect,2012,BLOG,dailykos.com,to be up there (considered entirely before nomination/election). # Suggestion has a powerful effect. Look at your Computer/phone/ car. Why didn't you go with the
powerful,effect,2012,BLOG,...lepatuxentreview.org,"here http: //2012. **28;6369;TOOLONG... You're right that these paintings have an incredibly powerful effect -- just what the Duke intended, no doubt! Thanks for your article"
powerful,effect,2012,BLOG,fabiusmaximus.com,"place. "" # That strikes me as unlikely. Social laws and customs have powerful effects. Women's options in the US &; UK were limited by cultural rules"
powerful,effect,2012,BLOG,livewritethrive.com,"how she feels in that moment, you may find ways of expressing this very powerful effect. A great book that spectacularly masters the nuances of time and how it"
powerful,effect,2012,BLOG,comicsalliance.com,n't more strongly disagree. Lots of books have told stories that involve rape to powerful effect. (Early Hellblazer comes to mind) And such a policy would prevent
powerful,effect,2012,BLOG,...oolscam.blogspot.com,"much hope for them.; -) # Since language can have such a powerful effect on how subjects are viewed and discussed, have you thought of coming up"
powerful,effect,2012,BLOG,...havedon.blogspot.com,"to those who lost their homes and neighborhoods. We will no doubt remember the powerful effects of this storm for a long time to come. "" -- Elise Swain"
powerful,effect,2012,BLOG,blogs.reuters.com,"with his various identities, a psychological state that may help him use them to powerful effect -- as in the election campaign, when he rallied pretty much all Americans"
powerful,effect,2012,BLOG,...istsview.typepad.com,"find a job, so unemployment durations go up. And that's a fairly powerful effect. A 10% increase in unemployment benefits, in various countries, has been"
powerful,effect,2012,BLOG,ecowatch.org (1),blow from. It would naturally be 5.5 to 6.0. This has a powerful effect on the whole countryside around here and everything living on it. Many lakes
powerful,effect,2012,BLOG,eyelashroaming.com,"about that side of my work. But most people recognise that music can have powerful effects on mood/energy levels etc., so from there it doesn't take too much"
powerful,effect,2012,BLOG,...obydick.blogspot.com,"n't listen to them all the time, their music seems to have a very powerful effect on me, but I believe they are one of the only bands in"
powerful,effect,2012,BLOG,sott.net,all of you enough for the fine things you have said to me about the powerful effect this condensed version of Romeo's Bleeding has had on all of you.
powerful,effect,2012,BLOG,...sperer.wordpress.com,by any means. They are just some techniques that I have seen used to powerful effect. I'm hoping that you can suggest others. # About Jonathan O'Donnell
powerful,effect,2012,BLOG,cornellsun.com,"decisions are made based on knowing consequences of behavior. "" # Drugs have a powerful effect on the brain, because it changes the brain's biochemistry and treatment for"
powerful,effect,2012,BLOG,tucker.patch.com,"to merchandise their product aggressively is a multi-billion dollar return which has a far more powerful effect to increase substance abuse than any enforcement program can possibly do to, constrain"
powerful,effect,2012,BLOG,...cairney.blogspot.com,"as the adult. # Raymond Briggs uses a comic or graphic novel format to powerful effect in this challenging book. Like many of the books Briggs writes, it"
powerful,effect,2012,BLOG,crfb.org,the total benefit that an individual can receive from tax expenditures would have a very powerful effect. It would not limit the amount of deductions and exclusions to 2% of
powerful,effect,2012,BLOG,freethoughtblogs.com,"lie that race, class, sex, sexual orientation, and physical capabilities have powerful effects on a given person's quality of life. # You misunderstood what I"
powerful,effect,2012,BLOG,blog.hubspot.com,resulting in each additional marketing $ going further while tracking that against investments. Another powerful effect of marketing automation is to bring sales and marketing together in a way that
powerful,effect,2012,BLOG,...igionandpolitics.org,"or millennium) on earth. # The rapture and the apocalypse have had a powerful effect on the nation's imagination and identity since the country's inception, as"
powerful,effect,2012,BLOG,...g.snappingturtle.net,"the Fiscal and Econonic Update, are "" back-end loaded "", with the most powerful effects coming in 3-5 years. The corporate income tax rate, for example,"
powerful,effect,2012,BLOG,...banlegends.about.com,it is because the nature of prayer is so personal and can have such a powerful effect on a community that the government may not use its authority to try to
powerful,effect,2012,BLOG,motherjones.com,", method for extracting useful information from prisoners. # Where it has had a powerful effect is on those ordering and delivering it. With their egos inflated beyond imagining"
powerful,effect,2012,BLOG,psychcentral.com,"self-worth in the face of our shortcomings. # Self-affirmation has been shown to have powerful effects -- research suggests that it can minimize the anxiety, stress, and defensiveness"
powerful,effect,2009,MOV,Van Diemen's Land,"found, in my time, that rubbing the flesh above the hole has a powerful effect on all women and brings a strong wetness like an ocean. What did"
powerful,effect,2009,MOV,...ealing with Dr. Esther Sternberg,would be a very powerful drug. So the placebo effect really is a very powerful effect. And what it is is the brain's own healing mechanism. It
powerful,effect,2005,MOV,Syriana,. Producer nations continue to look toward developing markets in Asia which is having a powerful effect on crude prices. There's at least 10 to 12 dollars of instability
powerful,effect,2005,MOV,Leonard Cohen: I'm Your Man,"OBJECT OR A SITUATION OR A LANDSCAPE, YOU KNOW. THAT HAD A VERY POWERFUL EFFECT ON ME, AS IT DOES ON EVERYONE, AND I PRAYED TO HAVE"
powerful,effect,2004,MOV,Never Die Alone,"like a game of dominoes. How one man's life can have such a powerful effect, however inadvertent, on the lives of so many others. How it"
powerful,effect,2002,TV,The Lost World,It all seemed so real. The poison on those darts did have a very powerful effect. As did those events you went through six long years ago. So
powerful,effect,2001,MOV,Crazy/Beautiful,OK. I think I know what's going on here. I know the powerful effect Nicole can have on people. She's absolutely fabulous... at taking a
powerful,effect,1995,MOV,A Little Princess,"wants to have an effect on the world. How true. And what a powerful effect you have, Frances. Where have you been? I've been chilled"
powerful,effect,1991,MOV,Paradise,"ATTRACTION, BUT THEY ARE MY FAMILY. I KNOW I CA N'T CHANGE THE POWERFUL EFFECT I HAVE ON MEN. [SALLY] THAT'D BE LIKE ASKING THE SUN TO"
powerful,effect,2015,FIC,FantasySciFi,"was holding, unsure why this woman he'd never met could have such a powerful effect on him. With a sudden violent twist Alice broke fully from her mannequin"
powerful,effect,2015,FIC,FantasySciFi,"growth -- it contained the substance you call tetrahydrocannabinol. And it had a very powerful effect on my crew. "" "" Only a chemist would call anything by --"
powerful,effect,2015,FIC,ParisRev,"because she actually found me appealing, it worked, though with a much more powerful effect on me than I' d bargained for. I was half in love"
powerful,effect,2015,NEWS,Denver,would be the same rate as his corporate rate. And this has a pretty powerful effect on lowering tax rates on those types of businesses. And so when you
powerful,effect,2014,SPOK,CNN_Newsroom,"one hand praising in a sense this political figure who is a woman for her powerful effect in the political world is a good thing. On the other hand,"
powerful,effect,2014,FIC,ParisRev,"being negated at the same time as I was exposed, had had a particularly powerful effect on me, I said. It had seemed to encapsulate something that did"
powerful,effect,2014,MAG,Prevention,": 85 calories -- plus, you'll torch another 65 in afterburn METabato's Powerful Effect on Metabolism # Your metabolism spends most of its time idling at a slow"
powerful,effect,2014,MAG,Prevention,"on your skeleton, which can improve bone density. # GRAPH: METabato's Powerful Effect on Metabolism #"
powerful,effect,2014,ACAD,CollegeStud,"an ability to console one another during times of increased loneliness. Jena illustrated the powerful effect of shared experiences described by most participants in this regard: "" I have"
powerful,effect,2014,ACAD,Ref&UserServQ,"Tyler says, "" Inferences about the trustworthiness of the motives of authorities had a powerful effect on whether people voluntarily deferred to third-party decisions and to group rules? if"
powerful,effect,2014,ACAD,StudiesInEducation,"number of ANT analyses of recent reforms in the English ALN field which explore the powerful effects between policy and practice in a diffuse, heterogeneous and value-laden field. Hamilton"
powerful,effect,2014,ACAD,MusicEduc,"This seems to be a widely held notion. However, I have seen the powerful effects that this type of music-making, combined with relevant pedagogies, has on students--especially"
powerful,effect,2014,ACAD,QuartRevDistanceEd,"them be successful more quickly. Guide Students Through Contradicting Examples. One of the powerful effects of the MANIC strategy is when one student's "" Agree "" quote is"
powerful,effect,2013,FIC,Bk:LoverBeMine,s insipid crop of debutantes. And why the devil did she have such a powerful effect on his senses? He'd known a number of striking beauties in his
powerful,effect,2013,ACAD,SchoolPsych,to which test accuracies are influenced by the pretest probability of failure and the potentially powerful effect of actions taken in between assessment occasions to change the pretest probability of risk
powerful,effect,2013,ACAD,CollegeStud,"depression and anxiety (Thachil, Mohan & Bhugra, 2007). The seemingly powerful effects of meditation are intriguing, and the potential health benefits have aroused particular interest"
powerful,effect,2013,ACAD,CollegeStud,"the treatment of common psychiatric disorders, such as depression and anxiety. The seemingly powerful effects of meditation are intriguing, and the potential health benefits have aroused particular interest"
powerful,effect,2013,ACAD,MusicEduc,and physical benefits. Aristotle would be quick to remind us to never underestimate the powerful effect of evidence that is paired with a moving aesthetic experience (pathos).
powerful,effect,2012,MAG,Prevention,way to work out. Practicing these ancient disciplines can reduce stress and have a powerful effect on metabolic syndrome -- a cluster of five conditions that ups your risk of
powerful,effect,2012,MAG,America,that is difficult to picture but one that public health research is finding has a powerful effect on our individual and social health. # Imagine our society as a ladder
powerful,effect,2012,ACAD,Futurist,"illustrate the consequences of failure to change where change is needed, can have a powerful effect by building the relevant political will within the community in question. # We"
powerful,effect,2011,MAG,NatlParks,"as a CO who worked to preserve the beauty of our national parks had a powerful effect on me, one of his seven children. # With my dad's"
powerful,effect,2011,ACAD,AmerScholar,the person who read the book the first time. # Plasticity also exerts a powerful effect on our memories. We do not so much forget the events of our
powerful,effect,2011,ACAD,SocialWork,"of professional intervention (Kreuger &; Neuman, 2006). Professional journals have a powerful effect on professions; they have been described as "" footprints "" by which the"
powerful,effect,2011,ACAD,SocialWork,One could assume that the very presence and touch from another person could have a powerful effect on a person with end-stage dementia. # The findings of this study clearly
powerful,effect,2011,ACAD,LearningDisability,"approach was present. Dudley-Marling (2004), in his research, illustrates the powerful effect teachers' positioning of students and whether they identify them positively or in relation"
powerful,effect,2010,SPOK,ABC_20/20,"what is that confusion? PRESIDENT-BARACK-O# Well, you know, the Internet has a powerful effect these days. And so, the way rumors can take on a life"
powerful,effect,2010,MAG,Cosmopolitan,RE THINKING HOW HIS HEIGHT SHAPES HIM THERE'S SOLID EVIDENCE THAT HEIGHT HAS A POWERFUL EFFECT ON A MAN'S PERSONALITY AND STATUS. WE INVESTIGATED. Tall dudes are
powerful,effect,2010,NEWS,SanFranChron,MRI technology to scan the test subjects brains and examine the neuroscience behind love's powerful effects. # The researchers selected 15 students with the highest scores on the Passionate
powerful,effect,2009,SPOK,CBS_Early,was going on in the household. And we know that stress does have a powerful effect on our immune system. It can actually suppress the immune system and it
powerful,effect,2009,MAG,Time,"can't do anything to change your genome, but your environment and experiences have powerful effects on the way those genes are expressed. A susceptibility to cancer may remain"
powerful,effect,2009,ACAD,Humanist,"who in his 1998 book, Children of Prometheus, defiantly pronounced that "" the powerful effects of our culture have, if anything, accelerated our biological evolution. """
powerful,effect,2009,ACAD,Style,way that has never been done by fictional filmmakers either. Particularly noteworthy is the powerful effect of that moment when the camera returns to the front and Julianne Moore reappears
powerful,effect,2009,ACAD,Education,is important. It acts as an incentive for study. And it has a powerful effect on what students do and how they do it. Assessment also communicates to
powerful,effect,2009,ACAD,Education,"of as the least important of the three faculty responsibilities, it can have a powerful effect on faculty satisfaction. And Rosser's study suggests that "" those faculty members"
powerful,effect,2008,NEWS,SanFranChron,"as evidence that TV and movies can sway opinion. But he says the most powerful effect is in the aggregate collection of pop culture portrayals. # "" If I"
powerful,effect,2008,ACAD,ForeignAffairs,more deeply integrated into the global economy. Its dramatic expansion is therefore having a powerful effect on the rest of the world. (China is often paired with India
powerful,effect,2008,ACAD,MusicEduc,arrangements of classical pieces (usually to a calypso beat) during Carnival. The powerful effect of performing complicated works by Handel or Mozart on the streets of Port of
powerful,effect,2008,ACAD,SportBehavior,"This study provides evidence that a helping professional's attractiveness may not only have a powerful effect on a client's impression, but also on the development of rapport."
powerful,effect,2008,ACAD,DrugIssues,"revered (Santisteban et al., 2002). This orientation can have a very powerful effect in two areas. First, Hispanic families characterized by this orientation often favor"
powerful,effect,2007,MAG,ScienceNews,"new research is bolstering that contention. BREAKDOWN Without a doubt, life has a powerful effect on the landscape. The chemicals that microbes produce as they colonize rock surfaces"
powerful,effect,2007,MAG,ChristCentury,"massively on the interpenetrating and resonating features of sound, and it exploits them to powerful effect. Simultaneously sounding notes, and the music arising from them, can witness"
powerful,effect,2007,ACAD,ChurchHistory,"the Holy Ghost. In such a case, there may be more of a powerful effect upon the body, and visible to the eye, than upon an Israelite."
powerful,effect,2007,ACAD,TeachLibrar,expectations and peer recommendations and influence. The expectations you hold for children have a powerful effect on children's behavior and achievement in school. Your expectations for literary experiences
powerful,effect,2007,ACAD,SportBehavior,than one or two sessions. # It is not surprising that money can have powerful effects on behavior. The contribution of this experiment was to show how money might
powerful,effect,2007,ACAD,ArtBulletin,"in the nineteenth century. "" (n19) What I suggest here about the powerful effect of nineteenth-century music chimes in with White's desire to resuscitate the powerful tropes"
powerful,effect,2007,ACAD,DrugIssues,"family, church, and the economy are likely to exert the most enduring and powerful effects in shaping individuals' behaviors. # In the present study, it is"
powerful,effect,2006,ACAD,ForeignAffairs,"be driven home? There is historical evidence that seeing nuclear weapons tested had a powerful effect on many people in the United States and the Soviet Union. Thus,"
powerful,effect,2006,ACAD,RoeperReview,", how well we reason depends on how much we know. Language has particularly powerful effects on the development of thought, from the acquisition of simple perceptual concepts to"
powerful,effect,2006,ACAD,NaturalHist,"out of the body also vary with size, and those variations can have a powerful effect on shape. Diffusion is the random movement of molecules from regions of high"
powerful,effect,2006,ACAD,EnvironHealth,in values. Localism? # A culturewide trend towards atomization may have a particularly powerful effect in environmental health because the profession is still struggling to define an overarching national
powerful,effect,2006,ACAD,SocialWork,"supporting unions (Ehrenreich, 1985; Walkowitz, 1999). Age had a powerful effect on union attitudes, with older social workers much more likely than their younger"
powerful,effect,2005,SPOK,NPR_ATCW,"inevitably he knows that he will be immolated, and that night is conveyed with powerful effect. ELLIOTT: Well, if Jesus is to Hamlet for you, Yahweh"
powerful,effect,2005,MAG,PsychToday,"with rats suggests that rectal pressure in both sexes has a similar, but less powerful effect, possibly because both vagina and rectum use the same sensory nerve. Komisaruk"
powerful,effect,2005,MAG,PsychToday,"of attention and moment-by-moment experiences in happiness, Kahneman has identified factors mat have a powerful effect in determining immediate mood. When asked how they feel "" in the moment"
powerful,effect,2005,ACAD,PhysicalEduc,possible sport activity area. # Investigations into teacher development suggest that biography has a powerful effect on preservice teachers' beliefs and perceptions of teaching. School-related experiences prior to
powerful,effect,2005,ACAD,InstrPsych,"a few words or phrases can be beneficial for rapport building and may have a powerful effect on the relationship between the therapist and child (Altarriba &; Bauer, 1998"
powerful,effect,2005,ACAD,TeachLibrar,", due to a particularly good read. Similarly, most of us know the powerful effect that oral reading of a good book has on a particularly energetic class."
powerful,effect,2005,ACAD,AfricanHist,had their hands on the levers of power. 33 # Cocoa farming also had a powerful effect on the development of the capital market. Farmers could now borrow on the
powerful,effect,2005,ACAD,Change,"is important for graduates entering the workplace. The pressure from business has had a powerful effect on certain disciplines such as engineering, leading to transformed curricula on the majority"
powerful,effect,2005,ACAD,ArtBulletin,"Giambattista Bregno in the de Rossi Chapel in the Treviso Duomo of 1501-3. Its powerful effect on Fra Bartolommeo, who visited Venice in 1508, can be seen in"
powerful,effect,2005,ACAD,SportBehavior,"efficacy in general (Bandura, 1977, 1997). Previous experience has a powerful effect on efficacy beliefs. # The predictive qualities of gender are also consistent with"
powerful,effect,2004,FIC,Bk:Rape,"conduct, valor in service, eye-for-an-eye, tooth-for-a-tooth. The U.S. flag had a powerful effect on him sometimes. Not if the damn thing hung down limp but if"
powerful,effect,2004,MAG,TotalHealth,"now being led entirely by our local psychiatrist and psychologist colleagues) is having a powerful effect on decreasing levels of stress, anxiety and anger and improving mood in the"
powerful,effect,2004,MAG,TotalHealth,called free testosterone and it is only in this form that testosterone can exert its powerful effects on all of the body's cells. An increase of SHBG occurs in
powerful,effect,2004,MAG,PsychToday,"to Scott South, a demographer at SUNY-Albany, proximity to potential partners has a powerful effect on relationships. South and his colleagues found higher divorce rates among people living"
powerful,effect,2004,NEWS,NYTimes,"stuff and it's all good, "" he said. "" It has a powerful effect on me. "" # With "" Garden State "" as a calling card"
powerful,effect,2004,ACAD,AmerIndianQ,", resulting in some adjustments to Cardinal's original design, but not eliminating the powerful effect of his ideas on the processes and most of the design solutions carried out"
powerful,effect,2004,ACAD,SportBehavior,"into music research because subject bias towards or against a particular style may have a powerful effect on responses to music. Again, such bias is likely to compromise the"
powerful,effect,2004,ACAD,LawPublicPol,"contrast, insofar as each effect is translated into public law, it has a powerful effect on the environment. A. The Wealth Effect # First, consider the """
powerful,effect,2004,ACAD,AfricanHist,have constituted a small but growing fraction of the musseques population but they had a powerful effect on the cultural scene thanks to their organizational ambitions and their small disposable incomes.
powerful,effect,2003,SPOK,CNN_SatMorn,"CNN ANCHOR: Since the 1950s, the music of Elvis Presley has had a powerful effect on the development of rock and roll. Tonight at Graceland, Presley's"
powerful,effect,2003,MAG,Futurist,""" Author Rheingold looks at the characteristics of this new generation and the innovative and powerful effects they will have on the future. Management The Forward-Focused Organization by Stephen C."
powerful,effect,2003,NEWS,CSMonitor,"might enjoy reading about some inspiring young environmentalists. Not only did they realize the powerful effects of a little perseverance and passion, but they also proved to the government"
powerful,effect,2003,ACAD,SchoolPsych,"of these services to a vast majority of families in these communities, and the powerful effect of the focus on engaging families in PALS services. # The KOL study"
powerful,effect,2003,ACAD,Environment,"or some other natural location selling the exact same product? These images have a powerful effect on how people view themselves, and they continue to perpetuate certain myths."
powerful,effect,2002,SPOK,CBS_SixtyII,"part of that fog of war, a false alarm. But it had a powerful effect at the time. Many in the public wondered, with the president out"
powerful,effect,2002,MAG,PsychToday,"to try to expose the external social forces that, though subtle, have surprisingly powerful effects on our behavior. Milgram's research, like Freud's, did lead"
powerful,effect,2002,MAG,GoodHousekeeping,". Feeling as though you can influence your daily activities and relationships can have a powerful effect. Research by Robin West, Ph.D., director of the Center for Gerontological"
powerful,effect,2002,NEWS,NYTimes,"In breaking into the race, it appears that Mr. Le Pen will have a powerful effect on the political scene whether he wins or not. # The message seems"
powerful,effect,2002,ACAD,CurrentPsych,"any case, the important point is that in vivid imagers stress had quite a powerful effect on false memory creation. The false memory rate in these subjects when they"
powerful,effect,2002,ACAD,ForeignAffairs,"kind of state that makes them possible, the American and Western example exercises a powerful effect. But in bringing these ends about, American foreign policy is of little"
powerful,effect,2002,ACAD,PublicInterest,", minimum wages, taxation, and executive stock options appear to have a more powerful effect in shaping income distributions than other economic influences such as new technologies and globalization"
powerful,effect,2002,ACAD,October,"1984, which brought to the attention of an international audience his ideas about the powerful effects of class and other distinctions in contemporary societies. In the last decade of"
powerful,effect,2002,ACAD,Style,"adds that the arts, inspired by the aesthetics of the sublime and looking for powerful effects, can and must neglect imitation of beautiful models and should devote themselves to"
powerful,effect,2001,ACAD,EnvirAffairs,"Anne Tate made a presentation at the Massachusetts State House about urban planning and the powerful effect of physical form on community life. Somerville State Representative Pat Jehlen, impressed"
powerful,effect,2001,ACAD,SchoolPsych,a manner that was representative of naturally occurring contingencies in the environment and demonstrated the powerful effects that teacher and peer attention have on problem behavior. # In addition to
powerful,effect,2000,FIC,Mov:FamilyMan,"tonight... Kate kisses him... when their lips separate, we can see the powerful effect it has on him. Jack looks deep into her eyes, stroking her"
powerful,effect,2000,MAG,TotalHealth,"alternative to the dieting roller coaster, Marney learned about balanced vegetarian nutrition and the powerful effects of dietary choices en long-term health. She read many books on nutrition written"
powerful,effect,2000,MAG,ScienceNews,". For it, the forces that have thwarted micromachines will have an even more powerful effect. # Veterans of the microelectronics industry started to make simple, prototype micromachines"
powerful,effect,2000,NEWS,Chicago,", a man of indeterminate sexuality whose teenage encounter with the aged actress exerted a powerful effect. # If the showiest moment of the production comes when both he and"
powerful,effect,2000,ACAD,AcademicQs,", to ask whether his conclusions are true or not. Many have and to powerful effect, only to run up against relativist defenses such as, "" You are"
powerful,effect,2000,ACAD,WorldAffairs,"negotiation are least prominent when cultural factors are strong, and culture exerts its most powerful effects when structural factors are in remission. "" (n9) Similar to Janosik"
powerful,effect,2000,ACAD,EmotBehavDis,"the Good Behavior Game or even child problem-solving and social skills training have their most powerful effects on a given social milieu as a whole, which in turn has effects"
powerful,effect,1999,ACAD,AmerIndianQ,", but of whom he is one. The narrator's adult voice emphasizes the powerful effect of white versions of Indianness on the child Apess, who fears and hates"
powerful,effect,1999,ACAD,SexResearch,nonviolent forms of coercion. These results suggest that violent coercion has more pervasive and powerful effects on women's psychosocial adjustment than coercion that does not involve violence or the
powerful,effect,1999,ACAD,ScandinavStud,is reason to think that Hamsun recognized a kind of modernity in American advertising's powerful effects of subliminal suggestion and in its deceptive referentiality. As much as Hamsun criticized
powerful,effect,1999,ACAD,EnvironEd,": Does extensive ecological restoration field work in conjunction with in-class instruction have a more powerful effect than in-class instruction with limited field experience on attitudinal precursors of ecological behavior,"
powerful,effect,1999,ACAD,EnvironEd,"know if ecological restoration field work in conjunction with in-class instruction would have a more powerful effect than in-class instruction with limited field experience on attitudinal precursors of ecological behavior,"
powerful,effect,1999,ACAD,EnvironEd,Ecological restoration field work in conjunction with in-class instruction did in fact have a more powerful effect than in-class instruction with limited field experience on General Ecological Behavior and one of
powerful,effect,1999,SPOK,CBS_Sixty,"and traditional treatments such as surgery, chemotherapy or radiation appears to have a more powerful effect on cancer than any of these treatments alone. For now, it's"
powerful,effect,1999,SPOK,CBS_SunMorn,": You have written about, quote, these are your words, "" the powerful effect of females on my soul. "" Does this mean you're a ladies"
powerful,effect,1998,FIC,ChicagoRev,"her war with my great friend, Oe. I had warned him about her powerful effect on men. Most either loved or despised her, depending on how high"
powerful,effect,1998,NEWS,Houston,"horror fans would remember it, "" he said. "" It still has a powerful effect. A lot of people are still scared of me. "" # To"
powerful,effect,1998,ACAD,AmerIndianQ,"however, and unsolicited dreams, often associated with times of liminality, could have powerful effects on Plains peoples. Women were often the recipients of these unsought visions at"
powerful,effect,1998,ACAD,Ethnology,"means uniform; the divisions within them ran deep, and in some cases had powerful effects on the course of the rescue. While the great majority of the Danes"
powerful,effect,1998,ACAD,MusicEduc,"that can be altered to fit the changing harmonies in sequence. Students often create powerful effects, such as separately voiced tutti rhythms, unison arpeggios, or parallel thirds"
powerful,effect,1998,ACAD,ArtBulletin,the viewer's sense of sight. Silva was not alone in suggesting that the powerful effect of visual art resulted from the indelible impact of sensory data on human perception
powerful,effect,1998,ACAD,ScandinavStud,wildest dreams I have not imagined anything so awsome. Sometimes it had such a powerful effect on me that I started to cry. -- But to sit here and
powerful,effect,1998,ACAD,ScandinavStud,"of her dress parallels her degradation, which ICad wants in order to reduce the powerful effects of her sexual desirability. When he supplies her with good clothing, the"
powerful,effect,1998,ACAD,EmotBehavDis,"forms of behavior have become entrenched in cognitive and performance patterns, would have less powerful effects than interventions offered earlier in the developmental progression (Walker &; Bullis, 1995"
powerful,effect,1997,MAG,USCatholic,"It is the cry of a people who suffer. "" The most popular and powerful effect of the document issued from that meeting has been the impact of a simple"
powerful,effect,1997,MAG,TIME,"crime -- touches children. But the initiative that will have the most particular and powerful effect on them is welfare reform. If, as some predict, the incomes"
powerful,effect,1997,ACAD,Raritan,"or its transformation into acceptable, but diametrically opposite identity. This has a remarkably powerful effect on our understanding and writing of history in which the past is not ("
powerful,effect,1997,ACAD,ArabStudies,What was most striking and most piqued my interest in al-Nawwab was seeing the uniquely powerful effect his poetry recitation had on his audience. Much of the evening consisted of
powerful,effect,1997,ACAD,PerspPolSci,"and its complete dependency on general and rationally knowable laws, "" has had the powerful effect of binding together "" all human societies, submitting them to a common destiny"
powerful,effect,1997,ACAD,PerspPolSci,". It could neither explain away nor suppress personal experiences, and so its most powerful effect was to make human beings feel more uncertain and homeless than ever before."
powerful,effect,1997,ACAD,Education,", multifarious variety. Because culture and education are interwoven phenomena, culture has a powerful effect on education. According to Tiddy (1987:49) human resources in education """
powerful,effect,1997,ACAD,Lancet,multiplicative effect of the various factors and how in certain circumstances they can have a powerful effect on the predicted outcome. Discussion # The HFEA database has permitted a detailed
powerful,effect,1997,ACAD,EnvironHealth,"will be introduced to the concepts and principles of pollution prevention. This has a powerful effect on the numbers of future scientists, engineers, environmental managers and citizens knowledgeable"
powerful,effect,1996,SPOK,CNN_News,may have developed these vocal techniques to do just that - to create a very powerful effect to show that there is something else in their body that's coming out
powerful,effect,1996,SPOK,ABC_Primetime,"Morris, the nation's largest cigarette maker. DeNoble did pioneering work on the powerful effects of nicotine. We first began to hear about him a year and a"
powerful,effect,1996,MAG,Inc.,"it. # How THEY DO IT. THE FACT is, powerful cultures have powerful effects on how a company's people work together. Look at Southwest. Its"
powerful,effect,1996,NEWS,NYTimes,"minimum wage proposed by President Clinton, the increase to $5.15 an hour will have powerful effects on the New York region: a mixed bag of consequences reaching far beyond"
powerful,effect,1996,ACAD,AfricanArts,"they delivered their talks (Yates 1966). # In a discussion of the powerful effects that architectural spaces can have for vivid recall, Gaston Bachelard (1969)"
powerful,effect,1995,MAG,AmericanCraft,"as told by his work, one of the most important themes is clearly the powerful effect of chance, both in life and art. The playing cards, dice"
powerful,effect,1995,ACAD,ReVision,"focus to produce paranormal effects for a small group of experimenters, think of the powerful effects likely to be produced by belief in the God of the biblical tradition."
powerful,effect,1995,ACAD,SocialHistory,"the "" 700 Club ""), the Christian Coalition employed the obscenity issue to powerful effect. As Reed, the Washington Times, Helms and Buchanan reiterated endlessly ("
powerful,effect,1994,SPOK,CBS_Sixty,of not returning to these temples because of lack of campaign funds can have a powerful effect. But there's nothing like a call from the president. Cong-GUTIERREZ:
powerful,effect,1994,MAG,OutdoorLife,"of Ennis and get started fishing. "" I hope you told them about my powerful effect on fish, "" I said. "" Good gosh, I forgot about"
powerful,effect,1994,MAG,OutdoorLife,"and our guide is the best on the river. Just keep quiet about your powerful effect on fish. "" We met the TV crew at the Sportsman Cafe in"
powerful,effect,1994,MAG,AmHeritage,"favorably about it, but being a man, I also have to consider the powerful effect these changes have had on American males. I grew up believing that boys"
powerful,effect,1994,MAG,ConsumResrch,"that UV-A is so much more prevalent than UV-B, which has a relatively more powerful effect on the skin. # Nevertheless, UV-A's role as a causative agent"
powerful,effect,1994,MAG,Prevention,"had some symptoms post-treatment. "" Despite that, studies seem to suggest a tremendously powerful effect using bibliotherapy for panic disorders, "" says Dr. Clum. "" By treatment"
powerful,effect,1994,MAG,ScienceNews,"drive even quite large animals to distraction, water, too, may exert a powerful effect in its environment. # In fact, water molecules don't flit aimlessly"
powerful,effect,1994,NEWS,CSMonitor,", "" because the sea and the wind and power that moves them still have powerful effects. It is these influences I find totally fascinating. But not only that"
powerful,effect,1994,ACAD,Psychology,"truth and message of salvation may also exaggerate the emotions. Because emotions have a powerful effect on behavior patterns, the Malaysian Muslims may have formed less favorable impressions of"
powerful,effect,1994,ACAD,RoeperReview,". While these systems are the most removed from a child, they can have powerful effects on a child's life. # Each of these systems has an influence"
powerful,effect,1994,ACAD,ArtsEduc,"strength, each acting and being acted upon by another. Even control that has powerful effects is not unambiguously direct. There are always countervailing considerations that shape the form"
powerful,effect,1993,SPOK,Ind_Geraldo,"Transformed by the Light,' which he wrote along with Paul Perry. The Powerful Effect of Near-Death Experiences on People's Lives'  (Photo-of-Dr. -Morse RIVERA"
powerful,effect,1993,SPOK,Ind_Geraldo, and then we have Dr. Morse's book -- Melvin Morse's book The Powerful Effect of Near-Death Experiences on People's Lives. Transformed by the Light.'
powerful,effect,1993,MAG,Skiing,if you have an easier side. Please note: These movements can have a powerful effect; be careful not to overdo it. CHECK FOR CHANGES After doing any
powerful,effect,1993,MAG,Skiing,in relation to a particular movement of another part of our bodies has a very powerful effect on our nervous systems. This is one of the easiest and quickest ways
powerful,effect,1993,NEWS,NYTimes,"this debt are flattening out at $199 billion a year. That shows you the powerful effect the lower interest rates are having on a major Government outlay. "" #"
powerful,effect,1993,ACAD,InstrPsych,"peers. Some of these recommendations involve logistics of group interaction, which have a powerful effect on communication. Other suggestions are procedural and depend on accountability by the participants"
powerful,effect,1992,SPOK,PBS_Newshour,"leaders of Western allies had done so. The Russian President used the platform to powerful effect, warning that the enemies of his reform program are flourishing as Russia's"
powerful,effect,1992,MAG,USNWR,"departments of energy and education, and not much happened. Ronald Reagan had a powerful effect without new bureaucracies. What's likely to count in the end is focus"
powerful,effect,1992,NEWS,SanFranChron,"-- by working in the landscape, or with mundane, untransfigured materials -- had powerful effects and implications. # By the time Winsor came on the scene, the"
powerful,effect,1992,ACAD,PerspPolSci,"and protections for its potential victims. # Because Cover's reminder has had a powerful effect on the shaping of my own scholarship and teaching, it is, in"
powerful,effect,1992,ACAD,ArtBulletin,"in classical composition, are subtle but assured, the full entablature being used to powerful effect. The detail contributes to the overall composition, most notably in the tablet"
powerful,effect,1992,ACAD,HispanicRev,"society - particularly with regard to the encounter between oral and literate cultures, the powerful effects of residual orality, and the persistent association between sound and sense of community"
powerful,effect,1991,FIC,KenyonRev,"wine called "" Lacrima Christi. "" The wine had a delicate taste but a powerful effect; our hearts beat double-time as we climbed back up the cliff from the"
powerful,effect,1991,MAG,ChildrenToday,". In their "" Pygmalion "" study, R. Rosenthal and L. Jacobson highlight the powerful effect of teacher expectations in molding children's self-concepts and influencing their ability to achieve"
powerful,effect,1991,NEWS,CSMonitor,"after 25 years of Stalinist rule, "" he recalls, "" this had a powerful effect on the Romanians, who saw everything on Bulgarian TV. (They said"
powerful,effect,1991,ACAD,CurrentPsych,and his behavior as more altruistic and praiseworthy than did men. # The most powerful effects were found for the factor of Intentionality. The biker whose cross-state trip was
powerful,effect,1991,ACAD,ReVision,"eco-anthropology, to underscore the importance of going beyond the individual psyche to examine the powerful effects of cultural conditioning, as well as exploring the relationships in other cultures between"
powerful,effect,1991,ACAD,InstrPsych,", therefore, facilitated self-monitoring. Or, could other techniques have had a more powerful effect if implemented differently? It might be that subject homework Passes on a daily"
powerful,effect,1991,ACAD,CommCollegeR,"of human potential, these leaders will also communicate that belief to their followers with powerful effect. The most eloquent message issued by these leaders will not be what they"
powerful,effect,1990,SPOK,PBS_Newshour,"housing, durable goods, the items that have on the way up the most powerful effect on the economy and also unfortunately on the way down. MR-MacNeil: Alfred"
powerful,effect,1990,FIC,Bk:PeopleWolf,"fear you. "" But he did. Once too often he'd seen the powerful effects of the old man's magic. Silently, he prayed to Wolf for"
powerful,effect,1990,MAG,MotherJones,and sales for a large corporation. # Cleve Jones still draws inspiration from the powerful effect that gay San Francisco supervisor Harvey Milk had on gay youth two decades ago
powerful,effect,1990,MAG,Prevention,"NOT AN AT-HOME REMEDY # But keep in mind that in order to have its powerful effect on blood fats, niacin has to be taken at such high doses that"
powerful,effect,1990,NEWS,WashPost,", the father symbolizes lack of commitment and lack of reliability. It has a powerful effect on the value systems of those kids. "" # Why have so many"
powerful,effect,1990,ACAD,ReVision,"that ultrasound can stimulate the germination of grain and that weak electromagnetic fields have a powerful effect in healing. In what way, if at all, do the ultrasonic"
powerful,effect,1990,ACAD,AfricaToday,"bodies. 8 Detentions crippled national and regional executives of the UDF, and had a powerful effect on Azanian People's Organization (AZAPO) affiliated groups, and other organizations"
powerful,effect,1990,ACAD,InterAmStud,"possessed a broad organizational structure with deep indigenous roots which enabled it to exert a powerful effect upon popular opinion, strengths which the government could not easily ignore. Indeed"
powerful,effect,1990,ACAD,SocialResrch,"was made in 1933, it is highly unlikely that he was referring to the powerful effect that the recently immigrated psychoanalytic leaders from Europe were beginning to make in the"
powerful,effect,1990,ACAD,EnergyJournal,"of 1975 and rulemakings of the Department of Transportation, appear to have had a powerful effect on the product planning decisions of the manufacturers constrained by them. This includes"
powerful,effect,1990,ACAD,SexResearch,"patriarchial authority and justifies women's inferior status as God-given. In light of the powerful effect that the rate of Southern Baptists has on maintaining gender equality, it certainly"
powerful,effect,1990,ACAD,NaturalHist,"animals are likely to have been especially important past influences, since large animals have powerful effects on the distribution and abundance of other species. I'm not talking here"
powerful,cause,2014,ACAD,CanadianLiterature,"). Elsewhere, Simondon explained this argument in greater detail: # The most powerful cause of alienation in the world of today is based on misunderstanding of the machine"
powerful,cause,2012,WEB,blogs.wsj.com,"feel less committed to their marriage relationship. Thus, the very state of being powerful causes individuals to feel less connected to others, even to one's own spouse"
powerful,cause,2012,BLOG,...hmaster.blogspot.com,"says: ""... The practical expression of Christian love was probably among the most powerful causes of Christian success. Tertullian tells us the pagans remarked:' See how"
powerful,cause,2012,BLOG,blogs.suntimes.com,being able to breathe. Bacon wrote: # Again there is another great and powerful cause why the sciences have made but little progress up to now; which is
powerful,cause,2009,MAG,AmericanSpectator,""" It was time for them "" to begin control of one of the most powerful causes of war- overpopulation. "" Note: the population of Russia by 2000 was"
powerful,cause,1993,MAG,MotherJones,I assume you will remain an advocate for children's rights. That's a powerful cause because it acts as an umbrella for a whole rubric of concerns: minorities
powerful,cause,1991,ACAD,ArmedForces,"such as waste, fraud and abuse in the Pentagon -- are transformed into politically powerful causes and movements. As Rep. Les Aspin (D.-Wisc.) argued in the 1970s"
hungry,craving,2013,NEWS,Denver,"at Martha Stewart Living, and wrote four cookbooks. The latest is "" Mad Hungry Cravings, "" a follow-up to her popular "" Mad Hungry: Feeding Men and"
hungry,craving,2013,NEWS,Denver,"s what she's hoping to promote as she travels the country promoting "" Mad Hungry Cravings "" -- not guilt, but the pride and pleasure that comes from cooking"
hungry,craving,2013,NEWS,Denver,"an assembly line to make them--it's a great family activity. From "" Mad Hungry Cravings, "" makes 12 rolls. Ingredients 24 medium shrimp (about 1 pound"
hungry,craving,2013,NEWS,Denver,"only a crispy baguette to sop up all the delicious juices. From "" Mad Hungry Cravings, "" serves 4. Ingredients 2 tablespoons safflower oil 2 garlic cloves,"
hungry,craving,2013,NEWS,Denver,". The dip can be refrigerated for up to 3 days. From "" Mad Hungry Cravings, "" makes 2 cups. Ingredients 1/4 cup extra virgin olive oil 3"
hungry,craving,2013,NEWS,Denver,"those with gluten intolerances--simply substitute wheat-free tamari for the soy sauce. From "" Mad Hungry Cravings, "" serves 6. Ingredients 3 tablespoons safflower or peanut oil 1 large"
hungry,craving,2013,NEWS,Denver,"know what you want before you step up to the counter. From "" Mad Hungry Cravings, "" makes 2 sandwiches. Ingredients One 1-pound boneless beef top round steak"
hungry,craving,2013,NEWS,Denver,", in a saucepan over low heat when ready to use. From "" Mad Hungry Cravings, "" makes 2 cups. Ingredients One 12-ounce can evaporated milk 1 scant"
hungry,craving,2013,NEWS,Denver,"sandwiches and salads. The recipe can be halved if desired. From "" Mad Hungry Cravings, "" makes 2 quarts. Ingredients 2 1/2 cups white wine vinegar 1"
ravenous,desire,2012,ACAD,LibraryResources,certain types of information about objects themselves and the circumstances of their creation in a ravenous desire for quick and easy access to the content they contain. # Large-scale digitization
ravenous,desire,2012,BLOG,aintitcool.com,"they do have fond memories. But on the other hand, there's this ravenous desire on the part of the true believers to have more and more and more"
ravenous,desire,2003,SPOK,CNN_Cooper (3),box with no food for a dozen days now. Why? Perhaps a ravenous desire for publicity. He's certainly getting a lot of attention. And he
ravenous,desire,1990,MAG,AmSpect,"brackets, and the threshold dividing them is indexed to inflation. # In its ravenous desire to spend more and more of the people's money, Washington already enjoys"
hungry,desire,2012,ACAD,LibraryResources,certain types of information about objects themselves and the circumstances of their creation in a ravenous desire for quick and easy access to the content they contain. # Large-scale digitization
hungry,desire,2012,BLOG,aintitcool.com,"they do have fond memories. But on the other hand, there's this ravenous desire on the part of the true believers to have more and more and more"
hungry,desire,2003,SPOK,CNN_Cooper (3),box with no food for a dozen days now. Why? Perhaps a ravenous desire for publicity. He's certainly getting a lot of attention. And he
hungry,desire,1990,MAG,AmSpect,"brackets, and the threshold dividing them is indexed to inflation. # In its ravenous desire to spend more and more of the people's money, Washington already enjoys"
hungry,longing,1990,FIC,Bk:BonfireVanities,"and statuesque beside them, and for a moment all four men could barely resist hungry longings. There was an odd silence as she looked at them, well aware"
hungry,want,2008,FIC,Bk:HouseCards,"scent of him was delicious-of cool, moonlit earth. Tightness banded her chest, hungry want born from time apart and feeding on the last vestiges of fear from the"
hungry,yearning,1990,FIC,Bk:FamilyPictures,"some acrobatic position they had wound up in, and he would be filled with hungry yearning for a wilder passion. But he loved Lainey, and so he adjusted"
ravenous,craving,2012,WEB,eatocracy.cnn.com,meat for those individuals whose bodies need them. Ever been pregnant and had a ravenous craving for raw hamburger -- Need Iron. Craving for oranges -- Need Vitamin C.
sunny,joy,2009,MAG,CountryLiving,"ground floor, meanwhile, turned the formerly cramped kitchen into a roomy, sunny joy. That was good news to Pierce, because he's the cook in the"
sunny,joy,2000,NEWS,Chicago,"role in Boston, appears in Chicago along with Gail Dubinbaum as Nefertiti and Sunny Joy Langton as Queen Tye, Akhnaten's mother. # Christopher Donahue, who played"
bright,elation,1996,MOV,Scream,"Burning with the hope of insight There the books, the colours of a bright elation Stolen in the sight of love We are, we are, we are We"
bright,glee,1999,FIC,Bk:InnerHarbor,"art supplies. Her focus was so narrowed, she didn't note the bright glee in the clerk's eyes as she began to pile up her choices. It"
bright,joy,2012,BLOG,dustpanalley.com,"life, in the midst of pain we leap like a salmon for the bright joy. Though            3684395"
liquid,asset,2019,ACAD,Frontiers of Economics in China,in which a household is said to become liquidity constrained when the value of its liquid asset is less than half of its family income. The following results are based
liquid,asset,2018,ACAD,Cato Journal,", once the initial investment in plant had been made, kept substantial balances of liquid assets to meet the need for new investment and to protect the business against downturns"
liquid,asset,2018,ACAD,The Journal of Corporation Law,"the purpose of investing in securities ""). # (36.) See Liquid Asset, Investopedia, http: **46;1076;TOOLONG (last visited Nov. 2, 2017)"
liquid,asset,2018,ACAD,The Journal of Corporation Law,", http: **46;1076;TOOLONG (last visited Nov. 2, 2017) (defining "" liquid asset "" as "" an asset that can be converted into cash quickly, with"
liquid,asset,2018,ACAD,Acad Account Fin Studies J,s future Risk weighted assets Social influence to bank's or company's future Total liquid asset to assets ratio Discussion on future industry trend Financial statistics for more Human and
liquid,asset,2018,ACAD,Romanian Econ Bus Rev,"terms solvency of the company. As per pecking order theory, companies having high liquid assets will prefer internal funding thereby showing negative, the relationship between liquidity and leverage"
liquid,asset,2017,SPOK,CBS: Face The Nation,"immediately of 10 percent on our plan, 5 percent if it's not a liquid asset, so as to bring those resources home, so that we can create"
liquid,asset,2017,FIC,Bk:ColdwaterWarmHeartsClub,"their high-end design clients and running off to Central America with all the firm's liquid assets. And Ramona, their stiletto-wearing, hair-flipping, sure-to-rock-a-bikini assistant. # """
liquid,asset,2017,FIC,Bk:MexicanFlyboy,night for security. It was the cook's bank - where he kept his liquid assets. # On the last day of every month for the last twenty-some years
liquid,asset,2017,MAG,MarketWatch,"see themselves through a period of joblessness. Some 37% of those households are "" liquid asset poor, "" based on the latest U.S. Census Bureau data, meaning they"
liquid,asset,2017,MAG,MarketWatch,", including the Federal Deposit Insurance Corporation and the U.S. Census Bureau. The "" liquid asset poor "" figure is supported by previous research of all income groups. ("
liquid,asset,2017,ACAD,Am Bankruptcy Law J,"it has no property right protection in the opportunity. It also has no available liquid assets to invest. Suppose also that at the moment, Cl can not finance"
liquid,asset,2017,ACAD,Cato Journal,reserve accounts at the Federal Reserve but nonetheless have reasons to hold low-risk and highly liquid assets denominated in U.S. dollars. Such lenders/investors may be willing to accept yields below
liquid,asset,2017,ACAD,Cato Journal,"extent that financial supervisors around the world require that large global banking companies hold highly liquid assets denominated in U.S. dollars in order to meet various contingencies, there must be"
liquid,asset,2017,ACAD,Cato Journal,"in a macro liquidity crisis. Typically, liquidity is a micro concept-the holder of liquid assets contemplates selling such assets to a counterparty in order to acquire dollar balances to"
liquid,asset,2017,ACAD,Stanford Law Review,"cash-based bail system as exists in Harris County is that individuals with money or other liquid assets will be most able to make bail, skewing the system in favor of"
liquid,asset,2016,ACAD,Journal of Insurance Issues,"for claims payments to exceed predicted amounts, require that insurers maintain a level of liquid assets that will allow the firm to meet these potentially unexpected financial obligations. We"
liquid,asset,2016,FIC,Bk:DeathPines,"feel like hanging around Atlanta, so I made arrangements, gave most of my liquid assets to a community for abused kids in New Hampshire, and bought a cabin"
liquid,asset,2012,MOV,Arbitrage,- You were a friend of mine - - -... to convert half your liquid assets into a fucking copper mine? What did I tell you? Are we
liquid,asset,2012,WEB,amazon.com,", and yet China's did not, has not; and possesses the largest liquid assets on the planet, of which they have invested heavily in U.S. Treasury bonds"
liquid,asset,2012,WEB,eldercarematters.com,made several months ago. My concern is that my father now has very limited liquid assets &; is in need of 24/7 care. He has partial interest in a
liquid,asset,2012,WEB,eldercarematters.com,"he really can not afford. He has not yet spent down to $2,000 in liquid assets, but he will be down to that level very soon. The problem"
liquid,asset,2012,WEB,...istsview.typepad.com,"August 27, 2009 # David Andolfatto explains why a worldwide shortage of safe, liquid assets may help the U.S. to avoid the inflationary consequences of high debt levels:"
liquid,asset,2012,WEB,theglobalecon.com,"economic players would love to hold this asset which is also called as the most liquid asset. Well, why? There certainly are economic reasons behind that. Like"
liquid,asset,2012,WEB,crooksandliars.com,"are unrelated but they are. # US Treasury securities are some of the most liquid assets you can hold. There's a high volume, ready market for them"
liquid,asset,2012,WEB,cpn.org,"its standards without compromising their integrity. For example, as real estate developers without liquid assets, CDCs could not meet United Way's requirement that member agencies not have"
liquid,asset,2012,WEB,...energycollective.com,"Your advice, but since my Business Bank collapsed and have taken all my "" Liquid Assets "" down the drain, and at same time made insolvent my clients who"
liquid,asset,2012,WEB,ted.com,between re-investing your money or paying an increased tax rate.They can choose to reduce their liquid assets by: - investing in new businesses and infrastructure (creating jobs) -
liquid,asset,2012,WEB,investopedia.com,"as well, as these instruments grow tax-deferred. If parents have $100,000 in taxable liquid assets that they do not want to have to declare, moving the money into"
liquid,asset,2012,WEB,dallasnews.com,"cash. The Fed says nonfinancial companies hold about $1.7 trillion in cash and other liquid assets. # Companies have cut back spending on machinery, tools, software and"
liquid,asset,2012,WEB,realestate.aol.com,? # 3. Do you have at least 24 months of living expenses in liquid assets? # 4. Do you currently owe more on your mortgage than your
liquid,asset,2012,WEB,freeenterprise.com,"were only $4.5 billion in 2008, down from nearly $100 billion in 2007. Liquid assets (cash and securities) were $3.1 trillion (22.3% of total assets)"
liquid,asset,2012,WEB,freeenterprise.com,"the first half of 2012 to $69 billion, in line with historical averages. Liquid assets have increased to $4.3 trillion (30.6% of total assets), and banks"
liquid,asset,2012,WEB,askmen.com,"much you have in your account to back it up, because that's a liquid asset that could disappear (along with you) tomorrow. And if you do"
liquid,asset,2012,WEB,imf.org,"risks. A blunter tool, requiring banks to hold a minimum quantity of high-quality liquid assets, might also be considered. # Plugging information gaps # One of the"
liquid,asset,2012,WEB,...icearth.blogspot.com,"situation is different. # Some are young and some are old Some have many liquid assets, some are broke Some are in debt, some not Some have houses"
liquid,asset,2012,WEB,...icearth.blogspot.com,use those excess reserves to meet estimates. The GE Capital division would also sell liquid assets at the end of a quarter to guarantee smooth sailing. This earnings management
liquid,asset,2012,WEB,forbes.com,"The insurer sets rates in a way that generates a certain "" pad "" of liquid asset, and this liquidity is used to generate income like any other financial institution"
liquid,asset,2012,WEB,forbes.com,"insurer may not use more than 15% of income from premiums to increase it's liquid asset. "" # As these corporations grow, income from premiums becomes insignificant relative"
liquid,asset,2012,WEB,...musings.blogspot.com,"# Currently, investors around the world have their portfolios inordinately weighted toward safe, liquid assets. This is because of the ongoing economic uncertainty caused by the Eurozone crisis"
liquid,asset,2012,WEB,...musings.blogspot.com,"inflation. The rise in expected inflation should reduce the intense demand for safe, liquid assets and also raise expectations of future nominal income. Given economic slack and sticky"
liquid,asset,2012,WEB,...musings.blogspot.com,"for safe assets remains elevated (i.e. portfolios remain overly weighted to low yielding, liquid assets). A treasury sell off would change that and start a recovery,"
liquid,asset,2012,WEB,forbes.com,you writing such an article when GM currently has about $40 billion in cash and liquid assets in the bank and is projected to earn about $4.00 per share next year
liquid,asset,2012,WEB,forbes.com,profit to add to it. GM currently has enough cash in the bank and liquid assets on hand to buy back ALL of it's shares at the current market
liquid,asset,2012,WEB,forbes.com (1),before the November elections using a portion of the $40 billion in cash and liquid assets they have accumulated that is significantly more than their current market cap. GM
liquid,asset,2012,WEB,forbes.com,"question: 1.) "" GM currently has enough cash in the bank and liquid assets on hand to buy back ALL of it's shares at the current market"
liquid,asset,2012,WEB,forbes.com,Obama after the bailout and returned to the private sector if they have all those liquid assets you lying Communist swine! # Agreed 1000%. I'll never buy a
liquid,asset,2012,WEB,forbes.com,". # You say, "" GM currently has enough cash in the bank and liquid assets on hand to buy back ALL of it's shares at the current market"
liquid,asset,2012,WEB,interfluidity.com (1),stable numeraire (commodity) anywhere... we are thrown back on diversification among liquid asset classes to ride this monetary plasma into the foreseeable future... trying feverishly to
liquid,asset,2012,WEB,pbs.org,"to show bank statements, picture ID, proof of household income, proof of liquid assets, and proof of residency. While applying, I was sitting next to"
liquid,asset,2012,WEB,bis.org,"standard, in particular by looking at the following aspects: the pool of high-quality liquid assets that should be available for use in times of stress; the calibration of"
liquid,asset,2012,WEB,bis.org,that banks have a stable funding structure and maintain the minimum required stock of high-quality liquid assets in normal times - assets that can be drawn down to meet new liquidity
liquid,asset,2012,WEB,huffingtonpost.com,"day-care system # Sad part is..... Big Business is sitting on $5 trillion in liquid assets, banks are hoarding $2 trillion in reserves, the 1% have squirrelled away"
liquid,asset,2012,WEB,...ailrealestatelaw.com,"out, are leases for tenants with substantial tangible net worth (and even substantial liquid assets) calling for such tenants to carry a piddling amount of CGL coverage."
liquid,asset,2012,BLOG,pjmedia.com,"b) lose your mortgaged residence, autos, etc. c) lose any other liquid assets, retirement accounts, etc. d) lose the ability to purchase food,"
liquid,asset,2012,BLOG,...icearth.blogspot.com,"of also think it is a good idea to have a significant portion of your liquid assets in gold and silver. # According to the legend, the five yellow"
liquid,asset,2012,BLOG,astrology.about.com,"about survival now.' Can't sell his houses, doesn't have any liquid assets... as you say, in a real pickle. Lots of people hitting"
liquid,asset,2012,BLOG,...othersrestaurant.net,"an actual Presidential Election going on. # Beforehand, we stopped in at The Liquid Assets Wine Bar and enjoyed Lobster Mac N Cheese with Panko Crumbs, French Onion"
liquid,asset,2012,BLOG,budgetsaresexy.com,made in this article. We don't have an emergency-specific fund because we have liquid assets and a line of credit that we could use in the event of an
liquid,asset,2012,BLOG,blogs.reuters.com,", globally, U.S. nonfinancial companies hold at least three times more cash and other liquid assets than the Federal Reserve reports, idle money that could be creating jobs,"
liquid,asset,2012,BLOG,blogs.reuters.com,s latest Flow of Funds report showed that U.S. nonfinancial companies held $1.7 trillion in liquid assets at the end of March. But newly released IRS figures show that in
liquid,asset,2012,BLOG,blogs.reuters.com,"But newly released IRS figures show that in 2009 these companies held $4.8 trillion in liquid assets, which equals $5.1 trillion in today's dollars, triple the Fed figure"
liquid,asset,2012,BLOG,blogs.reuters.com,profit motive? # You need to keep in mind that part of companies' liquid assets are the commercial paper and bonds they buy from each other. These are
liquid,asset,2012,BLOG,seekingalpha.com,"other financial highlights, we ended the quarter with approximately $20 million in cash and liquid assets. With the completion of the rights offering during the first week of December"
liquid,asset,2012,BLOG,...ncopious.typepad.com,"five of seven criteria, which include an average net worth of $5 million, liquid assets of $1 million, a house worth $1.5 million and other such stuff."
liquid,asset,2012,BLOG,economonitor.com,"s jump into the evidence. First, household portfolios are still inordinately weighted toward liquid assets. Take a look at the figure below. It comes from the flow"
liquid,asset,2012,BLOG,economonitor.com,this series would show a sustained decline. Households would rebalance their portfolios away from liquid assets to higher yielding risker assets. The fact that it has not happened indicates
liquid,asset,2012,BLOG,economonitor.com,". (Yes, there seems to a be structural change in household preferences for liquid assets over the 1990s, but this doesn't change the cyclical story being told"
liquid,asset,2012,BLOG,economonitor.com,here. It only reinforces it) # Most of the growth in household's liquid assets comes from growth in saving and time deposits. As seen in this figure
liquid,asset,2012,BLOG,pjmedia.com,"Diane Feinstein will always have cash to buy it from you need to access some liquid assets. # This is all very interesting, even though some of it is"
liquid,asset,2012,BLOG,pjmedia.com,"Diane Feinstein will always have cash to buy it from you need to access some liquid assets. # Say, Mark, how many moons are there on that planet"
liquid,asset,2012,BLOG,monetaryrealism.com,"system, the full amount of liabilities are held in reserve as cash or highly liquid assets. The benefit of this kind of system is that it limits the number"
liquid,asset,2012,BLOG,monetaryrealism.com,"this and start to pull deposits, then the bank has to sell good and liquid assets to meet deposits. This is ALSO true in a fully reserved system."
liquid,asset,2012,BLOG,monetaryrealism.com,"more writedowns. # If a bank sells assets into a panic/bank run, other liquid assets of the same type on the bank's balance sheet will decline in value"
liquid,asset,2012,BLOG,monetaryrealism.com,mere fact that the bank has to be fully reserved dictates that a firesale/panic in liquid assets will indeed create contagion into other asset classes because the bank must sell these
liquid,asset,2012,BLOG,monetaryrealism.com,"fact, the fully reserved nature of the system guarantees contagion if a panic in liquid assets were to occur. # The inherent assumption in a 100 per cent reserve"
liquid,asset,2012,BLOG,monetaryrealism.com,"of each depositor's funds are kept in reserve, as cash or other highly liquid assets. In other words, funds deposited are not lent out by the bank"
liquid,asset,2012,BLOG,...ix.blogs.nytimes.com,"that money -- or other monies brought in -- be available in cash-on-hand or other liquid asset form to repay? # Instead, shareholders get a dilutive offering propped up"
liquid,asset,2012,BLOG,...attletransitblog.com,up the mortgage payments after they lost their long standing jobs and had depleted their liquid assets trying to stay afloat were foreclosed on because the system of selling and repackaging
liquid,asset,2012,BLOG,...attletransitblog.com,"The US treasury now has "" more money "". *But the T-Bill is a liquid asset which can also be used as money*. Whoa, suddenly there's more"
liquid,asset,2012,BLOG,silive.com,. # Liquidity ratios measure the firm's ability to meet short-term commitments from its liquid assets. The current ratio (current assets/current liabilities) is a simple measure of
liquid,asset,2012,BLOG,silive.com,assets-inventory/current liabilities) measures the firm's ability to meet short-term obligations from its most liquid assets. The ideal average for both varies from one industry to another. #
liquid,asset,2012,BLOG,freethoughtblogs.com,"in charge of the current bankruptcy. If granted, the pension fund and other liquid assets will be used to pay off outstanding debts, factories, trucks and other"
liquid,asset,2012,BLOG,...ionblog.blogspot.com (1),") - a financial crisis, followed by a general flight to safe and liquid assets, a collapse in bank lending, and a rise in unemployment. This"
liquid,asset,2012,BLOG,westernfreepress.com,and says he's prepared to pour a large chunk of his $270 million in liquid assets into a presidential bid. (Mr. Trump values the Trump brand alone at
liquid,asset,2012,BLOG,anz.theoildrum.com,"long run but short term you have a very large one-time payment that exceeds your liquid assets that is due. In both examples, you need credit to bridge the"
liquid,asset,2012,BLOG,angrybearblog.com,". Claims are resolved with delay. The very valuable winning bet is not a liquid asset. It can be that, by the time you get what you can"
liquid,asset,2012,BLOG,...icearth.blogspot.com,"known as liquidity tests. # These tests are detailed examinations of a bank's liquid assets, which are the reserves of readily available assets and cash that can be"
liquid,asset,2005,TV,CSI: Crime Scene Inv...,gift giver. - Maybe we're looking for a cash cow. - With liquid assets. I had the distinct pleasure of testing all the modes of ingestion from
liquid,asset,2002,MOV,The Pianist,". - It's 3,003 too much. - Look. "" Further restrictions regarding liquid assets. Jews will be allowed to keep a maximum of 2,000 zlotys at home"
liquid,asset,2002,TV,The Wire,did a two-month assets investigation. The man has a couple hundred thousand more in liquid assets... than any police lieutenant should ever have. Maybe he goes to Atlantic
liquid,asset,2001,TV,The King of Queens,"the wedding? Well, I must admit, I'm a little short on liquid assets right now. How much do you need? All of it. Hmm"
liquid,asset,2000,TV,Will & Grace,and then. after a dozen Cosmos and a private dick's review of his liquid assets. wham. you're married. Then. as quickly as it came
liquid,asset,1996,MOV,Citizen Ruth,"Larry Jarvik system. MAN: Welcome back. We've discussed the difference between liquid assets, frozen assets, and what I like to call captive assets. And"
liquid,asset,1991,MOV,Scanners III: The Takeover,"s financial records, an earnings report, a list of our assets, particularly liquid assets. I want it complete, and... I want it in an hour"
liquid,asset,1990,MOV,Two Evil Eyes,"around with in cash, Mrs. Valdemar. Now, we do offer a liquid asset account that would allow you to withdraw any amount-I'll be wanting to talk"
liquid,asset,1990,MOV,Two Evil Eyes,"a way, doesn't it? All taken care of. 400,000 in a liquid asset account. There's your checkbook. And... another 100,000 for you here"
liquid,asset,2016,ACAD,J Business Studies Q,"respectively by 20.31%, 17.34% and 15.42%, indicator of potential liquidity disruptions and weak liquid assets, notwithstanding the decrease in the average management quality ratio (MGMT) successively"
liquid,asset,2015,SPOK,Fox: Fox Hannity,money. I don't want any money. HANNITY# You have $345 million in liquid assets. Are you prepared to spend that much money or more? TRUMP# Sure
liquid,asset,2015,MAG,Money,"collapse, as they did just after World War II, wine is literally a liquid asset. So you can always drink your portfolio. # 54 # BE PATIENT"
liquid,asset,2015,MAG,NatGeog,"and a retired top executive of the multinational Cargill, says he has spent his liquid assets to buy with Scott Ord, his Australian partner, 150 homes to refurbish"
liquid,asset,2013,SPOK,ABC: 20/20,". CHESTER-THOMAS# When Shirley married this man, she had half a million dollars in liquid assets plus a home and 15 acres of land. JIM-AVILA# (Off-camera) And what happened"
liquid,asset,2013,MAG,Money,"stocks, fixed-income securities, and other investments. We have no rainy-day fund of liquid assets. Because my book and speech income are so variable, over the past"
liquid,asset,2013,MAG,MotherJones,"733-mile chain of microwave towers to hurtle data in 8.5 milliseconds round-trip. # Liquidity A liquid asset can be easily bought or sold without changing in value -- cash, for"
liquid,asset,2013,MAG,NewStatesman,"Hedge funds, by contrast, are flightier and can flip in and out of liquid assets at high speed if necessary: stocks, bonds, dangerous derivatives, commodities"
liquid,asset,2013,NEWS,STLouis,", but the ones in this movie have thing in common - a commitment to liquid assets, which have never been more culturally valued. The festival-tested film, which"
liquid,asset,2012,MAG,SatEvenPost,it becomes clear that the country needs banking reform to provide a ready reserve of liquid assets and allow currency and credit to expand and contract as needed. After an
liquid,asset,2012,MAG,TownCountry,"Now you think it's worth $60 million. "" But since all sorts of liquid assets took hits during the recession, "" maybe you can value it at $45"
liquid,asset,2012,NEWS,SanFranChron,""" 40 percent equity, 59 percent government bonds, and 1 percent money market liquid assets, "" she says. # Haver paid a one-time commission of 4 percent"
liquid,asset,2012,ACAD,ForeignAffairs,and prompted questions of whether it would be an adequate source for the safe and liquid assets required by an expanding world economy. Policymakers responded by deciding to create a
liquid,asset,2011,MAG,MilitaryHist,"force would land paratroopers and marines west of the canal, ostensibly to protect their liquid asset. The pincers would trap and annihilate the Egyptian army. The excuse for"
liquid,asset,2011,ACAD,AmJPubHealth,services Current ratio Current (short-term) assets Determine divided by current availability of liabilities liquid assets to cover short-term liabilities Debt to equity Total long-term debt Measure amount of divided
liquid,asset,2010,FIC,Commentary,"chairs, an enormous corkscrew contraption. Tom was gaping at its four walls of liquid assets when Elayna walked in. "" Bruce wants cigars, "" she said,"
liquid,asset,2009,SPOK,PBS_NewsHour,"even companies with LBOs. What happened in the last couple of years is, liquid assets, including mortgages, became illiquid. The whole system started to fail because"
liquid,asset,2009,NEWS,NYTimes,"Classical American Homes trust, for example, operates six houses with $9 million in liquid assets. #'' There's a pact between nonprofits and the people because"
liquid,asset,2008,SPOK,CNN_Dobbs,"program. HENRY PAULSON, TREASURY SECRETARY: When we went to Congress, the liquid assets looked like the way to go. As the situation worsened, the facts"
liquid,asset,2008,MAG,MotherJones,"transformed Russia from a pauper state into one that sits atop nearly $500 billion in liquid assets, while Iran, with the world's third-largest supply of crude, now"
liquid,asset,2008,ACAD,IntlAffairs,"biodiversity, which preserves resilience and options for the future Source: Sandra Poster, Liquid Assets: The Critical Need to Safeguard Freshwater Ecosystems (Washington, D.C.: Worldwatch"
liquid,asset,2008,ACAD,IntlAffairs,for Life: Managing Water for People and Nature (2003) and author of Liquid Assets: The Critical Need to Safeguard Freshwater Ecosystems (2005). Postel is
liquid,asset,2008,ACAD,IntlAffairs,(n45) They mark a departure from the trend to invest foreign reserves in liquid assets such as short-term U.S. Treasury bills and government securities issued by other developed countries
liquid,asset,2008,ACAD,IntlAffairs,"adopt a long time horizon and build factories and facilities that do not translate into liquid assets easily. The latter attribute is almost self-evident, for direct investment flows out"
liquid,asset,2007,NEWS,Chicago,", OR, 97213. # Next week: Beer isn't Oregon's only liquid asset. Next week, we visit the state's wine country on a tour"
liquid,asset,2007,NEWS,Chicago,"for our use. Still, it's important to treat our water as a liquid asset. # For example, Chicago uses close to 3 million gallons a day"
liquid,asset,2006,ACAD,Environment,20118 This article draws heavily on the research reported in far more detail in Liquid Assets: An Economic Approach for Water Management and Conflict Resolution in the Middle East
liquid,asset,2006,ACAD,Environment,"Hamati, A.M. Jarrar, A.F. Jayyouse, U. Shamire, and H. Wesseling, Liquid Assets: An Economic Approach for Water Management and Conflict Resolution in the Middle East"
liquid,asset,2006,ACAD,Environment,"and H. Wesseling (with special contributions by A.Z. Salman and E.K. Al-Karablieh), Liquid Assets: An Economic approach for Water Management and Conflict Resolution in the Middle East"
liquid,asset,2006,ACAD,Environment,"the chair of the Water Economics Project and the senior author of its book, Liquid Assets: An Economic Approach for Water Management and Conflict Resolution in the Middle East"
liquid,asset,2006,ACAD,Environment,", value of water more effectively in planning. She is the principal coauthor of Liquid Assets: An Economic Approach for Water Management and Conflict Resolution in the Middle East"
liquid,asset,2006,ACAD,Environment,"than is possible here) can be found in F.M. Fisher et al., Liquid Assets: An Economic Approach for Water Management and Conflict Resolution in the middle East"
liquid,asset,2005,MAG,USNWR,"low income # Seniors with incomes below 150 percent of the poverty level and few liquid assets should definitely sign up for a plan, say consumer advocates. That's"
liquid,asset,2005,MAG,USNWR,"both the extra help and Part D plan choice. A portion of income and liquid assets like a home are excluded from the government cap, so even if your"
liquid,asset,2005,ACAD,InfoSystems,"sheet, the table is expected to start with assets, more precisely the most liquid assets (cash and cash equivalents). The income statement is expected to start"
liquid,asset,2005,ACAD,Environment,"on their efforts. # # -- This article is adapted from S. Postel, Liquid Assets: The Critical Need to Safeguard Freshwater Ecosystems (Washington, DC: Worldwatch"
liquid,asset,2004,SPOK,MSNBC_Scarb,"Jr. and Paul Crouchs sister. Its a $4 billion operation with $583 million in liquid assets, and theyre still begging for money. BURKMAN: Well, does that make"
liquid,asset,2003,SPOK,Fox_Gibson,"there living... ! NAPOLITANO: Correct, correct, meaning he had liquid assets or he had assets there. We don't know of Michael's assets"
liquid,asset,2003,MAG,TownCountry,"to the children, you may not have enough to live on. Consider the liquid assets you may need. Lawyers also caution against using children as a weapon in"
liquid,asset,2003,MAG,Backpacker,"peaks of the Ruby Range to the east. Mother Nature wasn't stingy with liquid assets, either. The Raggeds are cleaved by rowdy Anthracite Creek, which has"
liquid,asset,2003,MAG,ConsumResrch,""" In such cases charities with high "" working capital ratios "" (i.e. enough liquid assets to last several years) are wasteful. # Institutional Self-Preservation. Many nonprofit"
liquid,asset,2003,NEWS,CSMonitor,"a second home, for instance, will you still have the right proportion of liquid assets in case of emergency? # Also, when shopping for a house or"
liquid,asset,2003,NEWS,WashPost,security. They are called appreciating assets. They include the following: # * Liquid assets. Cash or other financial assets that can easily and quickly be converted into
liquid,asset,2003,NEWS,WashPost,"easily and quickly be converted into cash with little or no loss in value. Liquid assets include checking, savings and money-market accounts and certificates of deposit. # *"
liquid,asset,2003,ACAD,ForeignAffairs,"the Russians are acting little better than thugs. They have wiped out all the liquid assets. No food cards are issued to Germans, who are forced to travel"
liquid,asset,2002,ACAD,RoeperReview,"and statistics of landing on certain board spaces, the importance of a player's liquid assets, and the risks and benefits of mortgages and interest. Perhaps the child"
liquid,asset,2001,SPOK,CBS_Morning,54486 LIQUID ASSETS CHARLES-OSGOOD-ho: To turn used tin cans into Liquid Assets and dreams into reality
liquid,asset,2001,SPOK,CBS_Morning,54486 LIQUID ASSETS CHARLES-OSGOOD-ho: To turn used tin cans into Liquid Assets and dreams into reality isn't easy. But it can be done and
liquid,asset,2001,SPOK,CBS_Morning,"or three years later, about passion. OSGOOD: How old tin cans became Liquid Assets is the story Bob McNamara has to tell. It's all about a"
liquid,asset,2001,MAG,Money,"such companies would agree to the job.) Also, land is not a liquid asset, which could complicate making the required minimum withdrawals on schedule. Q. I"
liquid,asset,2001,MAG,Backpacker,only enough to get you to the next source Here's how to manage your liquid assets. Check maps and guidebooks and consult rangers about water availability. Drink half
liquid,asset,2001,MAG,Forbes,"says Thomas Baird, 49. But his parents also put about $4 million in liquid assets into the partnership. Later, Thomas and his two brothers each kicked in"
liquid,asset,2001,MAG,ScienceNews,"for the replenishment of their water, many are seeking ways to squirrel away their liquid assets during years of plenty. # Some communities are moving surplus water to replenish"
liquid,asset,2000,MAG,TodaysParent,fat levels as the child grows older (d) when they're fully grown Liquid Assets 16. Juice is a terrific way for kids with poor appetites to boost
liquid,asset,2000,MAG,People,"millionaire next door, "" says Fleiss. (FOX says he has $750,000 in liquid assets and a net worth just more than $2 million.) Rockwell himself told"
liquid,asset,2000,NEWS,Atlanta,"six bars at issue have a restaurant license: Cobalt, the Orchestra Pit, Liquid Assets, Paradox and Tongue &; Groove. All but Paradox are closing on Sunday"
liquid,asset,2000,NEWS,Atlanta,"the Sunday night theme, and it took wing. # Other Buckhead bars -- Liquid Assets, Paradox, Plush -- saw urban nights as a way to pack in"
liquid,asset,1999,FIC,Bk:WalkThroughFire,""" "" Yes? "" "" Elson had appropriated large amounts from the family's liquid assets. He was afraid Celia would come after him and take legal action."
liquid,asset,1999,MAG,MotherEarth,will perform a credit check. Your lenders will want to see that you have liquid assets -- enough to provide a down payment and cover closing costs (usually 2%
liquid,asset,1999,MAG,NatlReview,"had their money in real estate by the 1970s, when younger earners with more liquid assets (and older ones with fixed incomes) were hammered by inflation. After"
liquid,asset,1999,NEWS,AssocPress,"standards of the royal table. # The American laureate is heir to no such liquid assets. However, Pinsky happily reports, when he was appointed, the American"
liquid,asset,1999,ACAD,ForeignAffairs,commercial bank -- one with assets that exceed its liabilities -- does not have enough liquid assets to pay depositors if they were all to demand their funds at once.
liquid,asset,1999,ACAD,ForeignAffairs,A country could substantially lower the net cost of holding reserves by investing them in liquid assets with higher yields than short-term U.S. Treasury bills. U.S. corporate stocks had a
liquid,asset,1999,ACAD,ArabStudies,international banks. After the first oil shock in 1974 came an explosion of available liquid assets that banks were eager to lend and the amount borrowed rapidly increased (see
liquid,asset,1998,SPOK,Ind_NewsForum,"20 points behind? Councilman VALLONE: Anyone that doesn't have $ 100 million liquid assets or anyone who doesn't have Al D'Amato as a benefactor, since he"
liquid,asset,1997,SPOK,CNN_Burden,". They see what assets she has, what her earning capacity is, her liquid assets, what would be the -- you know, the sale value if one"
liquid,asset,1997,MAG,ConsumRep,"state, as shown in the table. Most states let you keep $2000 of liquid assets, some a little more and some a little less. And you may"
liquid,asset,1997,NEWS,WashPost,"bank has criticized CITIC, saying it has too many long-term investments and not enough liquid assets. The central bank, the Finance Ministry and a state economic reform commission"
liquid,asset,1997,NEWS,WashPost,"coffee plantations in Brazil and the Ivory Coast. # The extent of Mobutu's liquid assets, however, is open to question. Some experts believe he exhausted much"
liquid,asset,1997,ACAD,VisualImpair,"in the U.S. with disabilities who have a monthly income of less than $2,000 and liquid assets of less than $10,000. For more information, contact: Jim Fruchterman or"
liquid,asset,1996,MAG,Money,", say financial planners. What's more, the couple's roughly $1,500 in liquid assets (checking and savings accounts) represents only 15% or so of the three"
liquid,asset,1996,MAG,Fortune,"market funds, now at some $650 billion. Add in savings accounts and other liquid assets and the amount goes to $3.3 trillion, according to Edward Yardeni, chief"
liquid,asset,1996,NEWS,SanFranChron,to lure the 1 million Americans who have more than $ 1 million each in liquid assets (excluding the value of their homes). About one-sixth of this population
liquid,asset,1995,MAG,NaturalHist,"start to be marked by negotiation and compromise, although negotiations sometimes break down. Liquid Assets: A Brief History of Wet Nursing A Sumerian lullaby from the third millennium"
liquid,asset,1995,NEWS,NYTimes,"other family members, who were lobbying the trust committee to turn it into more liquid assets. "" It pained him to see the family so willing to abandon it"
liquid,asset,1995,NEWS,SanFranChron,"new law, a person can lose their home, paycheck, vehicle and total liquid assets before being convicted of failure to pay child support. # Some time ago"
liquid,asset,1994,MAG,Money,"that ended in a 1988 divorce. All told, he has amassed $431,000 in liquid assets, including $187,500 in his 401(k), $42,000 in an Individual Retirement Account,"
liquid,asset,1994,MAG,Backpacker,"summer. It provides midday shade, and makes a handy windbreak. MIND YOUR LIQUID ASSETS * Drink plenty of water -- a minimum of one gallon per person per"
liquid,asset,1994,MAG,Fortune,"even larger. The Overseas Chinese are conservatively estimated to control some $2 trillion in liquid assets. If these enterprising souls lived in one country, its gross national product"
liquid,asset,1994,MAG,ConsumResrch,market at the wrong time can seriously hurt your long-term strategy. So keep enough liquid assets available for the inevitable emergencies with which life confronts us. Setting Your Objectives
liquid,asset,1993,MAG,NatlReview,"Federal Reserve Bulletin, minority applicants on average' have weaker credit histories, fewer liquid assets, and lower net worths and incomes than white applicants.' This alone"
liquid,asset,1993,NEWS,WashPost,"of the gains, would in two years produce more than the country's entire liquid assets in circulation. # Paying these immense obligations is clearly impossible, yet Caritas"
liquid,asset,1993,ACAD,CompIntlDev,"than production and commercialization of goods and services. Wealthy individual savers and firms with liquid assets have powerful incentives not to cooperate. In fact, many large manufacturing firms"
liquid,asset,1992,FIC,Tradeswomen,"# Brokers discuss # flooding the market, # taking a bath, # and liquid assets. # Bankers ponder # laundering money, # floating a loan, #"
liquid,asset,1992,MAG,BlackEnterp,"creditors and the debtor. At the same time, he examines the firm's liquid assets to see what resources are there to pay pressing obligations. # Preserving cash"
liquid,asset,1992,MAG,BlackEnterp,", he has amassed a fortune of nearly $1 billion, including $700 million in liquid assets. In addition to producing films such as Beetle juice and The Last Boy"
liquid,asset,1992,MAG,BlackEnterp,"# Meanwhile, Hardees' three-year-old Franchise Associates Program reduced capital requirements to $50,000 in liquid assets, compared with $500,000 in net worth and $150,000 in liquid assets that it"
liquid,asset,1992,MAG,BlackEnterp,"to $50,000 in liquid assets, compared with $500,000 in net worth and $150,000 in liquid assets that it requires in its conventional program. During the associates program, Hardees"
liquid,asset,1992,NEWS,SanFranChron,"holdings will be divided among various heirs, some of whom are more interested in liquid assets than traditional, agrarian lifestyles, he says. # "" The old timers"
liquid,asset,1992,NEWS,Chicago,". In Illinois, that means a senior citizen may have only $ 2,000 in liquid assets, $ 1,500 in a prepaid funeral expense policy, and $ 1,500 in"
liquid,asset,1992,NEWS,Chicago,"# And in Illinois, the remaining spouse may keep up to $ 68,700 in liquid assets belonging to the couple. And the remaining spouse may keep up to $"
liquid,asset,1991,MAG,Forbes,"; Roy refunded $7.8 million of the $25.5 million CPC paid for Huffington's net liquid assets. Currently ambassador to Austria. After capital gains tax, worth at least"
liquid,asset,1991,MAG,Forbes,"the S &P; 500 to American folk art through the' 80s. Surely "" liquid assets "" figured in the title of the piece. # Hard-core wine types,"
liquid,asset,1991,MAG,NatlReview,"because increased confidence in a currency raises domestic and foreign demand for that country's liquid assets. # In the U.S., the biggest embarrassment for monetarists is that M2"
liquid,asset,1991,ACAD,InterAmStud,"), all "" savers "" -- both local and foreign, and holders of liquid assets in particular -- acquire tremendous veto power over macroeconomic policies. Some of the"
liquid,asset,1990,MAG,Money,"Bill's drive and ability, the Cawthons find themselves caught short financially. Their liquid assets consist of only $1,800 in a bank checking account and $20,000 in certificates of"
liquid,asset,1990,MAG,Forbes,": In 1985, before selling the ships, Orion could show $500 million in liquid assets. # The Goulandris family is now dipping a toenail into Greece. Early"
liquid,asset,1990,NEWS,AssocPress,"the Ogallala Aquifer, fruited the High Plains of America. # Will this underground liquid asset, like the oil fields it cohabits with, eventually run dry? Should"
liquid,asset,1990,ACAD,ArabStudies,set aside this income from Palestinian lands and property taken over by Israel in transferable liquid assets against the day when compensation must be paid. Official tables of Israel's
liquid,asset,1990,ACAD,Generations,". # In 1990, individuals generally do not qualify for Medicaid if they have liquid assets of more than $2,000, excluding the value of the home. To qualify"
liquid,asset,1990,SPOK,PBS_Newshour,a decision in selling some of these assets. We have sold some of the liquid assets. We have not really sold the tough assets yet. And the fact
liquid,asset,1990,SPOK,PBS_Newshour,more than he owes on it? MR-WALLACH: Real estate is not a very liquid asset and our feeling about liquidation flows from the fact that in this kind of
liquid,asset,1990,MAG,Forbes,"until you have retired and moved to a low-tax state. Third, for your liquid assets, use a Treasury only fund or a tax-free money market that buys local"
liquid,asset,1990,MAG,WashMonth,"households today (let alone 10 years ago!) have less than $10,000 in liquid assets. This is how SI(X), 000 coverage in a program originally intended to"
liquid,capital,2018,ACAD,Cato Journal,"(from 1817) to 75 percent (from 1815) of GDP of new liquid capital in the early 1820s economy. In the early 1820s, this new money"
liquid,capital,2012,MAG,NewStatesman,"banks had become -- according to Fraser -- "" controllers of the major flows of liquid capital in the country, able to control whole industries, block innovation if it"
liquid,capital,2012,WEB,goodreads.com,of industry and implored them to do what the federal government could not: put liquid capital back into the economy and bolster confidence in American markets. Corporate leaders did
liquid,capital,2012,WEB,ted.com,"Those who control a lot of the money would be encouraged to spend their overabundant liquid capital. If your taxes show you having over "" x amount "" of """
liquid,capital,2012,BLOG,huffingtonpost.com,""" >Dimon was quoted by CNBC</a>, "" The United States has... the most liquid capital markets in the world. If you lose liquidity because you lose market making"
liquid,capital,2012,BLOG,blogs.ajc.com,", Freddie and Fannie) all of which would be insolvent if required to maintain liquid capital surplus similar to licensed insurers. # I'm going through this with my"
liquid,capital,2011,ACAD,GeorgiaHisQ,", of those same landowners to sell improved properties. They knew that those with liquid capital and a willingness to move could easily obtain inexpensive -- if less developed --"
liquid,capital,2009,NEWS,SanFranChron,". It was designed to buy toxic mortgage assets from banks, giving them enough liquid capital to unfreeze the credit markets and prevent a financial meltdown. # The act creating"
liquid,capital,2008,MAG,Newsweek,"hollow today. Many critics in Asia and the Middle East, where pools of liquid capital dwarf the IMF's own, are wondering why they should turn over their"
liquid,capital,2002,ACAD,LatinAmResRev,"of it of marginal value in 1898 because it was uncultivated, was converted into liquid capital to the advantage of those elite families who could then invest in other economic"
liquid,capital,1993,MAG,Ebony,", it soon became apparent that she was dangerously overextended and in great need of liquid capital. Finally, after a complicated series of legal moves, she was declared"
liquid,capital,1991,MAG,AmHeritage,"banking system worked very well in the Northeast, but the defeated South, its liquid capital destroyed, had fewer than a hundred national banks, and none in Mississippi"
liquid,capital,1991,NEWS,WashPost,"all of Metro's tunnels are below the water line. # D.C. is a liquid capital, thanks to once-plenteous springs and runoff from the hills. At the beginning"
liquid,resource,2012,BLOG,kansascity.com,"fuel commodity, Beattie thinks of the crops as a water export because of the liquid resource that goes into the production. Our virtual water benefits parts of the globe"
liquid,resource,2012,BLOG,wwltv.com (1),"currently live; - Monthly income for each household member; and - All liquid resources for each household member (cash on hand, checking, savings)."
liquid,resource,2012,BLOG,wwltv.com,"for DSNAP. # The formula adds together monthly household income, as well as liquid resources like checking and savings accounts. It then subtracts unreimbursed disaster-related expenses to arrive"
liquid,resource,2012,BLOG,ritholtz.com,The purpose of the LCR is to ensure that such a bank will have sufficient liquid resources so if it were to encounter business difficulties and temporarily lose access to market
liquid,resource,1990,MOV,RoboCop 2,"think it's worse than that, sir. We shifted 80 percent of our liquid resources to the urban pacification plan. If we can't foreclose, public confidence"
liquid,reserve,2012,WEB,theatlantic.com,"country's central bank) also buys government bonds -- this is how it provides liquid reserves to commercial banks and cash to households. Similarly, Japan's private pension"
liquid,reserve,1999,ACAD,ForeignAffairs,"by taking the right measures to boost liquidity: reducing short-term foreign debt, accumulating liquid reserves, and organizing a collateralized credit facility. Each of these measures carries a"
mobile,action,2018,ACAD,...l Technology in Higher Education,"Table 4, once again, there are generally greater numbers of high-readiness users for mobile actions within each cohort. Only for I16 (searching or downloading movies) do"
mobile,actor,1994,FIC,ArkansasRev,"gathered her talents -- her agile mind and clever fingers, her glib tongue and mobile actor's features -- and placed them at the altar of her language teaching."
still,tranquility,2012,BLOG,corawen.com,"of Earth and Late Summer. # Late Summer is Earth, balancing in still tranquility and represented by the Stomach and Spleen as the organs that allow us to be"
reserve,study,2019,ACAD,Cato Journal,"(2012, 2014) and Yellen (2012, 2015). That Federal Reserve study indicated that a $600 billion asset purchase program would reduce the term premium by"
reserve,study,2018,MAG,Phys.Org,"# In their analysis of the algal samples collected during the 10-week E.S. George Reserve study, researchers compared the ability of monocultures and polycultures to do several jobs at"
reserve,study,2018,NEWS,Virginian-Pilot,guidelines to follow in the managing of maintenance of the community. That is why reserve studies are so important. They provide associations with a direction to follow. #
reserve,study,2017,MAG,MarketWatch,"three months of expenses, only 47% said they did, a separate U.S. Federal Reserve study found.) # The financial situation was far worse for people of color"
reserve,study,2016,MAG,Business Insider,"Rusin said in a statement. # The results confirm the findings of a Federal Reserve study published last year, in which 46 percent of adults said they either would"
reserve,study,2014,NEWS,WashPost,"Almost 20 percent of people near retirement age have no retirement savings, the Federal Reserve study said. Overall, 31 percent of people said they have zero money saved"
reserve,study,2012,WEB,spectator.org,"act "" requirement that banks loan n% locally, was triggered by a Boston Federal Reserve study that showed that minorities were denied loans disproportionally. AT THE TIME I asked"
reserve,study,2012,WEB,zerohedge.com,(and wouldn't require the IRS for enforcement). Data from the Federal Reserve studies is available at: # And for an added kicker the HFT bots which
reserve,study,2012,BLOG,...ance.fortune.cnn.com,"membership rolls of the 1% club are always in flux. According to a Federal Reserve study, between 1996 and 2005 some 57% of the 1% fell out of the"
reserve,study,2012,BLOG,dcfpi.org,"the stock market, "" according to a Wall Street Journal summary of a Federal Reserve study. # If cutting the tax on investment income has no effect for the"
reserve,study,2012,BLOG,reservestudy.com,"of 0 until the following year, and how that should be communicated in the Reserve Study. Deferring a project can be done, but it is a decision made"
reserve,study,2012,BLOG,reservestudy.com,"by the Board, and something the Board communicates in a document separate from the Reserve Study. The Reserve Study is where the association communicates to the members the status"
reserve,study,2012,BLOG,reservestudy.com,and something the Board communicates in a document separate from the Reserve Study. The Reserve Study is where the association communicates to the members the status of the physical components
reserve,study,2012,BLOG,reservestudy.com,"We have a responsibility to report the truth of the situation to readers of the Reserve Study. # So just because a RUL shows zero, the Board is not"
reserve,study,2012,BLOG,reservestudy.com,"RUL shows zero, the Board is not required to accomplish that project. The Reserve Study should be a document that truthfully shows that the life of that asset has"
reserve,study,2012,BLOG,reservestudy.com,the basis of the actual needs of the association. This is all so the Reserve Study will stand as an accurate disclosure of the physical and financial status of the
reserve,study,2012,BLOG,reservestudy.com,"The Board of course may choose to defer some projects, but every year the Reserve Study provides a benchmark providing its readers a realistic assessment of the condition of the"
reserve,study,2012,BLOG,reservestudy.com,"handle those projects. # Mr. Miller -- we encourage two purposes of a completed Reserve Study -- budget planning and disclosure. We create our Reserve Study with a """
reserve,study,2012,BLOG,reservestudy.com,"purposes of a completed Reserve Study -- budget planning and disclosure. We create our Reserve Study with a "" 3-Minute Executive Summary "" near the front, giving our clients"
reserve,study,2012,BLOG,reservestudy.com,"being transparent. # Dan -- we are very interested in having homeowners understand their Reserve Study. If that is facilitated by distributing the entire Reserve Study, great!"
reserve,study,2012,BLOG,reservestudy.com,"having homeowners understand their Reserve Study. If that is facilitated by distributing the entire Reserve Study, great! That is one of the reasons we provide the Reserve Study"
reserve,study,2012,BLOG,reservestudy.com,"entire Reserve Study, great! That is one of the reasons we provide the Reserve Study electronically, to aid in potential distribution. Another option is to"
reserve,study,2007,NEWS,CSMonitor,The increase in automatic payments mirrors the rise in electronic banking overall: A Federal Reserve Study found that the number of electronic payments made with credit or debit cards exceeded
reserve,study,2007,NEWS,CSMonitor,"were growing faster, than those for less than $100,000, according to a Federal Reserve study published last fall. # * Many subprime borrowers fell into trouble because their"
reserve,study,2005,MAG,Money,"your credit rating? Your credit rating being wrecked by accident. A 2003 Federal Reserve study of 250,000 credit reports found that 70% contained mistakes. A 2004 U.S. Public"
reserve,study,2001,ACAD,ABAJournal,who pay off their cards in full every month. # -- Recommend a Federal Reserve study into the relationship between credit card debt amassed in college and bankruptcy. #
reserve,study,1997,ACAD,SocialWork,p. 33). # LaCouer-Little (1996) pointed out that the Boston Federal Reserve study undertaken in 1992 on the basis of 1990 HMDA data substantiated discriminatory lending.
reserve,study,1997,ACAD,SocialWork,with slightly over 10 percent for white applicants. The authors of the Boston Federal Reserve study concluded the following: # The results of this study indicate that race does
reserve,study,1994,MAG,NatlReview,"this crusade. They didn't matter last year either, when the Boston Federal Reserve study that claimed to prove the exis tence of mortgage discrimination was blown out of"
reserve,study,1993,MAG,NatlReview,"authors compare black and white default rates. Writing in Forbes about a Boston Federal Reserve study, Peter Brimelow and Leslie Spencer showed that the default rate on loans by"
reserve,study,1992,NEWS,Chicago,"evidence of "" rampant "" discrimination and red-lining. # As with a similar Federal Reserve study released earlier in the year, the Woodstock study ignored the credit histories of"
reserve,study,1992,ACAD,CATOJournal,at 8.4 percent of the total for 1991 IV. The results of a Federal Reserve study (Mahoney 1988) indicate that most of these zero interest deposits are held
reserve,study,1990,MAG,USNWR,"lines of credit, which homeowners have tapped increasingly of late: A recent Federal Reserve study shows that home-equity loans generally replace existing debt, not add to it."
reserve,training,2016,NEWS,Arizona Daily Star,"Mediterranean and Gulf of Mexico, among other exotic locales as part of her Naval Reserve training duty. # "" I liked being onboard a ship and traveling, """
reserve,training,2015,MAG,MilitaryHist,"58). Moved to Belfast in 1924, the ship was a Royal Naval Reserve training vessel and headquarters until its 2011 decommissioning. # PHOTO (BLACK & WHITE"
reserve,training,2008,SPOK,CBS_48Hours,"as well, a new boyfriend, Ralph Sepulveda, a former Army Ranger and Reserve training instructor. Ms-ABEL: She thought, you know, he's a really"
reserve,training,2005,TV,The West Wing,"of a letter from the Marine Reserve command. You've been called up for reserve training in Fort Worth, Texas, for two days. - The Tuesday after"
reserve,training,2005,TV,The West Wing,should. So I moved it around a bit. At least I did real reserve training with the big guns every year. Almost. It'll look like a
reserve,training,2002,SPOK,NPR_ATC,. LISA-NURNBERGER-re: Members of an Army reserve unit packed into a classroom at a reserve training center outside of Washington. About 50 men and women dressed in camouflage sat
reserve,training,2000,NEWS,Atlanta,. The change of command ceremony is 2 p.m. Tuesday at the Navy/Marine Corps Reserve Training Center across from Dobbins Air Reserve Base. # Grozinski was the director of
reserve,training,1996,ACAD,ArmedForces,"of conscripts while maintaining the key administrative functions of the organization, such as orchestrating reserve training or equipment acquisition and support. Conscripts in their last 18 months of service"
reserve,training,1994,SPOK,ABC_Brinkley,"the United States Navy announced that it does not have enough money for it's reserve training for the rest of it's month, canceling training of the reserves."
reserve,training,1991,NEWS,WashPost,"Navy. When he retired in 1970, he was commanding officer of the Naval Reserve Training Center in Wheeling, W.Va. # Cmdr. Wolf later lived on his farm"
reserve,training,1990,NEWS,WashPost,"light cruiser Brooklyn, on which he served as navigation officer. A former Naval Reserve training officer at Yale University, he also had served in the fleet training division"
supporting,aid,2011,SPOK,PBS_NewsHour,"cut off its direct government funding, and, since then, has only been supporting aid groups. ANI-SHAKARISHVILI,: Indeed, the suspension of the grant was related"
supporting,aid,1994,ACAD,PerspPolSci,"He believes in selective engagement, having voted against the Persian Gulf War while vocally supporting aid to the former Soviet Union. He is also a leading advocate of """
supporting,assistance,2012,WEB,still4hill.com,"investment in Burma, as well as the export of U.S. financial services, and supporting assistance from the international financial institutions. # And let me say that Australia has"
supporting,assistance,1991,ACAD,ForeignAffairs,"was central, but the United States could not have done it alone; strong supporting assistance was needed. Five circumstances made for success in the gulf crisis: U.S."
supporting,help,2012,WEB,metacritic.com,"some sociopath. But it contains a good performance by Slater, who gets nice supporting help from Elisha Cuthbert (as Vanessa), an actress"
supporting,help,2012,BLOG,criminalelement.com,"the past. Bronson is an interesting case study, a man who had been supporting help in movies for a long time (do not miss his turn as the"
supportive,assistance,2008,ACAD,InstrPsych,"1978) theory suggests that by interacting with more knowledgeable and responsive people who provide supportive assistance, students are able to perform tasks at a higher level than they could"
supportive,assistance,1997,ACAD,VisualImpair,"included overcoming scheduling, transportation, and financial difficulties, finding capable interns and other supportive assistance, locating a gallery and a permanent site, and overseeing the construction and"
supportive,help,1992,ACAD,ClearingHouse,generation of teachers as a precious legacy.... It is a way to be a supportive help to someone who's going to be responsible for our future leaders' education
tactile,vision,2007,ACAD,VisualImpair,"about the location and distance of objects, whereas visuotactile systems, such as the Tactile Vision Substitution System (TVSS), enable access to more complex optical-like information."
tactile,vision,2007,ACAD,VisualImpair,from a grant N 3 AM 077 from CNAMTS-INSERM (France). The first Tactile Vision Stimulation System (TVSS) that was especially designed for infants who are blind
vertical,health,2019,ACAD,BMC Health Services Research,"the higher demands for their health services and, ultimately, promoting the realization of vertical health equity. # Socio-economic factors were found to play the most important role in"
vertical,control,2014,ACAD,PolSciQuarterly,". But many empirical studies have documented the difficulties involved in the exercise of tight vertical control -- especially in very large, multi-tiered organizations (and states) possessing several"
vertical,control,2013,NEWS,Pittsburgh,"She is in harrowing scenes in which the plane loses its hydraulics, pitch and vertical control and enters an uncontrolled descent. "" They put the cabin and cockpit of"
vertical,control,2012,MAG,PopMech,"RAPTOR # F-35 LIGHTNING II # PROS # The flying wing shape, with no vertical control surface, lowers the long-range B-2's radar cross section dramatically. The engine"
vertical,control,2012,BLOG,...logs.defensenews.com,the submarine's nuclear reactor plant was reported to be undamaged. # But the vertical control fin of the MONTPELIER was damaged -- either bent severely or sheered off --
vertical,control,2012,BLOG,...logs.defensenews.com,"after her collision with the cruiser SAN JACINTO. There is no sign of the vertical control fin, normally seen projecting from the water at the aft end of the"
vertical,control,2010,MOV,Video Games Live,", when I ****, moves my paddle left or right. There's a vertical control which moves my paddle up and down. Right here there's an English"
vertical,control,2006,ACAD,AnthropolQ,"ethnohistorical work that identified the Andean region as socially and economically organized through the "" vertical control of multiple ecological levels "" (1975). Murra might be viewed as"
vertical,control,2006,ACAD,AnthropolQ,"(see Appadurai 1986: 359) that established Andean studies' gatekeeping concepts of vertical control, reciprocity and redistribution (see Ticona Alejo 1994). According to Marisol"
vertical,control,2002,MAG,PopScience,"in flight, while large and relatively slow, is mesmerizing. The lack of vertical control surfaces makes it inherently unstable and near impossible to fly by hand -- the"
vertical,control,2000,SPOK,CNN_SatMorn,"BEGIN VIDEO CLIP) JOHN HAMMERSCHMIDT, NTSB: After recovery from this loss of vertical control, a flight attendant advised the crew that she had heard a loud noise"
vertical,control,1994,MAG,Compute,", these resemble steering wheels, but you can also push and pull them for vertical control. # CH Products' sturdy Virtual Pilot yoke would look right at home"
vertical,power,2018,MAG,Daily Beast,"the order, which must have been coming from the very top of Russia's vertical power structure: they did not fatally poison former GRU colonel Sergei Skripal. """
vertical,power,2012,BLOG,ourfiniteworld.com,) for our current fossil fuelled global economy. Giving up totally means accepting a vertical power dive straight into the ground. For those of you know aviation there is
vertical,power,2012,BLOG,ourfiniteworld.com,"know aviation there is still a considerable difference between a controlled crash landing and a vertical power dive. # Most people are not throwing up their hands and saying """
vertical,power,2008,ACAD,AmerScholar,"the illiberal networks has been shoring up the weakened Russian state (creating a "" vertical power "" structure), which has been used effectively in rolling back the liberal"
vertical,power,2007,ACAD,THEJournal,"industries. Earlier this year, the company introduced its new PowerMount system for mounting vertical power strips. The system is designed specifically for easy installation and repositioning of power"
vertical,power,2000,NEWS,CSMonitor,". He describes how the change from hunter-gatherer societies to farming led from horizontal to vertical power structures, to tension over fixed resources, and thence to organized violence."
vertical,power,1999,ACAD,IBMR&D,"shared layers of metal are available. Dataflow wiring, wire shifts, and lower-level vertical power striping must be defined. Macro cell size is usually the controlling factor for"
vertical,power,1996,ACAD,WorldAffairs,"close aide in the early years of Yeltsin's presidency. "" Real power. Vertical power. Power that is in charge. The alternative is to have a country"
vertical,addition,2018,ACAD,...tional Journal of STEM Education,"practice may begin in a similar matter, advancing from number recognition, counting, vertical addition with one column and two rows, to 7th grade operations with negative numbers"
warm,embrace,2019,SPOK,ABC_Nightline,"is alive once more. Those who come here each weekday can feel the warm embrace of the sweetly familiar, happier times. CAREGIVER-FEMALE) : You are quite entertaining."
warm,embrace,2019,SPOK,PBS_Newshour,": Given that, what impact does Viktor Orban sitting there and getting this warm embrace from President Donald Trump actually mean for our bond and the E.U.? CHARLES-KUPCHAN) :"
warm,embrace,2019,FIC,Analog,"grade, you mean, "" Thea sighed as she left the chair's warm embrace. She looked down at her boss, not fer-six foot six every way around"
warm,embrace,2019,MAG,rollingstone.com,"Masterpiece and 2017's Capacity -- on which sweet-n-sad folk-rock wrapped you in a warm embrace, UFOF sends a shiver down your spine in its simplicity. The album is"
warm,embrace,2019,MAG,Slate Magazine,"to use the census to gather the data. # This explanation received a warm embrace from justices in the Supreme Court's conservative majority. "" The CVAP... is"
warm,embrace,2019,MAG,Jezebel,"which is my preferred time to read, I will optimistically settle into the warm embrace of the sofa with two books and thenplay Candy Crush on my phone for hours"
warm,embrace,2019,NEWS,Omaha World-Herald,"pictures with Santa Cow, new pillows, sandwiches, hot chocolate and a warm embrace by volunteers and superheroes. # It was a night that reflected the very essence"
warm,embrace,2019,NEWS,New York Post,"friends, two peas in the Patriots pod, locked in a long, warm embrace on the field. # "" He just played the best game he has all"
warm,embrace,2019,TV,Station 19,"But, Bishop, you made Lieutenant. Savor it. Fall into the warm embrace of these mashed potatoes. Mm-hmm. I made Lieutenant at Station 23. The"
warm,embrace,2019,TV,Counterpart,"in the cold prison of my world, and to flee it for the warm embrace of his. How could I have been so foolish... to assume it was"
warm,embrace,2018,SPOK,NBC_Today,"by what they feel is not only a community, but a nation's warm embrace. (Begin-VT KERRY-SANDERS) : This morning, as students and staff return to class,"
warm,embrace,2018,FIC,Analog,"what you could contribute to me. "" He then pulled David into a warm embrace and a very serious kiss... which David eagerly returned a moment later. #"
warm,embrace,2018,FIC,Fan Fic,"on the dock she is occupying, and we embrace. It is a warm embrace, that which a friend would give another friend. I can tell she has"
warm,embrace,2018,FIC,Fan Fic,. I snuggled up closer to her and she slowly pulled me into her warm embrace. I loved the way my mother smelled. The rich scent of fresh roses
warm,embrace,2018,FIC,Fan Fic,nothing comparing with Emma's coldness towards him. He had been expecting her warm embrace and kisses all the past two days. # Finally he decided to take a
warm,embrace,2018,MAG,TechCrunch,moving its annual event out of the cold confines of January and into the warm embrace of June starting in 2020. The move aims to reverse an exodus of automakers
warm,embrace,2017,FIC,Analog,"them, and immersing himself in their presence felt almost like experiencing Susan's warm embrace. # He loved the way Susan had furnished the place, especially the precious"
warm,embrace,2017,NEWS,The Seattle Times,"25-year-old recent engineering grad. He said yes and the woman gave him a warm embrace. # Earlier, as Bilal walked to Westlake, a different woman who noticed"
warm,embrace,2016,SPOK,PBS_Newshour,with presidents. Barack Obama does not have closest or cordial in the most warm embrace of Democratic Members of Congress. WOODRUFF# Yes. He has campaigned for some...
warm,embrace,2016,SPOK,PBS_Newshour,"He has campaigned and he raised money. IFILL# And he does have a warmer embrace with his vice president. SHIELDS# Yes. But, I would question the number"
warm,embrace,2016,FIC,Bk:PottersLady,"of time, Rose. "" Ewan stepped inside and wrapped her in a warm embrace. "" I didn't realize you were so eager to leave. "" #"
warm,embrace,2016,NEWS,The Boston Globe,"scheduled to perform. # The 23-minute piano suite aims to capture both the warm embrace of his hometown, and the chaos and unrest that followed Brown's death."
warm,embrace,2015,SPOK,CBS: 48 Hours,": Count one, criminal homicide murder--guilty. SUSAN-SPENCER- (voi# On one side, warm embraces and tears of joy; on the other, shock and disbelief. For Johnny"
warm,embrace,2015,FIC,Bk:MasqueMurderer,"kind and loving. Extending her arms, Lucy found herself caught in a warm embrace. As they hugged, Lucy could feel Sarah's slight frame beneath her wraps."
warm,embrace,2015,FIC,ParisRev,"ditch. The vet, in his late forties, greeted Eleonora with a warm embrace; she ruffled his hair, he tweaked her nose, and I understood at"
warm,embrace,2015,FIC,FantasySciFi,"feeding me some platitude, he simply held me. The steadiness of his warm embrace, without expectation, without demand, was how I knew that he understood."
warm,embrace,2015,FIC,FantasySciFi,"of geothermal steam seeped through the soft rock powder, held him in their warm embrace, fondled his wet face, jilted him for the hot, humid air."
warm,embrace,2015,MAG,Essence,"ll accomplish on the stage and in deed. # Our good-bye is a warm embrace followed by a quick chat about when we'll see each other next, to"
warm,embrace,2015,MAG,Smithsonian,"a split second the sheer illogic of a man and a lion in a warm embrace rattled around in my head. Richardson cradled Gabby for a moment, saying,"
warm,embrace,2015,MAG,USAToday,"a better world? unbelievable! "" # I was desperate and needed a warm embrace, a handshake, something warm, something loving -- now -- to take me"
warm,embrace,2015,MOV,... Delivered: From Paris with Love,Don't kiss her. Don't kiss her.? Never missed a warm embrace? till april in paris.? Who can I run to?? What
warm,embrace,2015,MOV,What Lola Wants,"purpose is to return Lola, here, safe and whole to her parents warm embrace. I'm sure you understand that's difficult for me to believe. Truth"
warm,embrace,2015,TV,The Last Man on Earth,".? Sun, dry my tears away?? How I need your warm embrace?? To shine upon my crying face?? Sun, shine on me"
warm,embrace,2014,MAG,Skiing,"Versatility is this midlayer's calling card. On the slopes, enjoy the warm embrace of PrimaLoft insulation. While at aprs, take advantage of the classic down-sweater styling"
warm,embrace,2014,NEWS,NYTimes,"Modi first visited Bhutan and is soon headed to Sri Lanka. "" The warm embrace Modi has received in Nepal raises the question of whether China is really the threat"
warm,embrace,2014,NEWS,Austin,"delicacy of a bear doing a second line dance and wraps you in its warm embrace, from a file gumbo studded with rabbit and andouille sausage to a cochon du"
warm,embrace,2014,TV,The Middle,", kissing you. Well, in my mind, I am enjoying your warm embrace, but I am fighting you off because I don't want to be held"
warm,embrace,2013,MOV,I'm in Love with a Church Girl,"? Oh, till we see You face-to-face?? Let us feel Your warm embrace?? Rain Your love on us again?? Oh?? Rain Your"
warm,embrace,2013,MOV,Medeas,"was just sittin' here thinkin'?? Of your kiss and your warm embrace, yeah??? When the reflection in the glass that I held to"
warm,embrace,2013,MOV,Medeas, here thinkin'? (wingsflapping)? Of your kiss and your warm embrace? (clicking) (baby_cooing) (floorboardscreaking) Look at me. You
warm,embrace,2013,TV,Justified,"never be as great as yours, for I sleep in the lord's warm embrace and will never know true cold or hunger. Yes. So, from this"
warm,embrace,2012,FIC,Bk:LadysRevenge,starving caged beast. All she wanted to do was run headlong into its warm embrace. # (Continues...) #
warm,embrace,2012,MOV,Raising Izzie,"? HERE WE ARE?? FACE TO FACE?? TRAPPED INSIDE A WARM EMBRACE? SHE'S GOOD. YEAH, SHE IS. THIS IS NICE, HONEY"
warm,embrace,2012,TV,Modern Family,"me a liar... instead of a trusting widow Who fell asleep in the warm embrace of a man who promised to make breakfast. Okay, here it is."
warm,embrace,2012,WEB,bluehighwayband.com,it all began I saw your face I touched your lips I felt your warm embrace Then I woke up alone and you were still gone and the loneliness lay in
warm,embrace,2012,WEB,brooklynvegan.com,"collective tour dates below... # Chicago artist Stephen Eichhorn' new exhibit, Warm Embrace, opens at The Soccer Club tonight. Om, who play the Bottle on"
warm,embrace,2012,WEB,angelfire.com,"sighed. # "" Right here. "" # He jumped, but a warm embrace slipped around him and kept him from getting to his feet. To his amazement"
warm,embrace,2012,WEB,...aafricarealstory.com,. United States officials have repeatedly warned Africans to be wary of China's warm embrace. But might China's way of engaging in countries like Rwanda and Ethiopia provide
warm,embrace,2012,WEB,...cs.blogs.foxnews.com,thank him for his work on the president' re-election campaign. # The warm embrace between the two presidents is a far cry from four years ago; when Clinton
warm,embrace,2012,WEB,metrolyrics.com,feet To hear him say welcome home to me I can almost feel his warm embrace And His nail scarred hands as they wipe my tears away! CHORUS: Do
warm,embrace,2012,WEB,...hefreedictionary.com,"ones who gave life to this place, and held me then in a warm embrace The roadman who walked his well-trodden way, has now succumbed to the call of"
warm,embrace,2012,WEB,johnziegler.com,"Scarbourgh, Kathleen Parker) "" Republicans. "" RINOs can instantly feel the warm embrace of mainstream credibility by simply criticizing other Republicans in a way that the media can"
warm,embrace,2012,WEB,israpundit.com,"s recommendations. # Before the polls open, Netanyahu is returning to the warm embrace of the Right. He kind of distanced himself from the Right over the past"
warm,embrace,2012,WEB,fanfiction.net,"now at his side, three of his fingers having succumbed to death's warm embrace. # "" What do you want, Albus? Have you finally found it"
warm,embrace,2012,WEB,mmo-champion.com,"He channeled a renewing spell at the young human, bolstering him with the warm embrace of holy light and helped him stand up. # Now they were at an"
warm,embrace,2012,WEB,ldolphin.org,"been given the kind of hug that I longed for: a long, warm embrace that I could fully internalize as affirmation from another man. # I had just"
warm,embrace,2012,WEB,allprodad.com,"secure place in this fast-paced world. They find it most often in the warm embrace of a parent. As children grow, so does their need for acceptance and"
warm,embrace,2012,WEB,econstories.tv,are wrong. A couple turned Republican but most folded right back into the warm embrace of the Democratic Party. Under Eisenhower with Republican support the CRA was filibustered by
warm,embrace,2012,WEB,freerepublic.com,"across Egypt. President Morsi, basking in the after-glow of Clinton? s warm embrace, has been quick to assume autocratic powers and to shut down the last vestiges"
warm,embrace,2012,BLOG,...myourlife.gather.com,"us has something we can give. A smile, a prayer, and warm embrace can often mean just as much, if not more than most monetary gifts when"
warm,embrace,2012,BLOG,pjmedia.com,will reveal if a majority of citizens are afraid of life and seek the warm embrace of a false narrative. Nature is brutal. # Good summary. No pity
warm,embrace,2012,BLOG,twitchfilm.com,", families together. And I am thankful to the Morbido family for their warm embrace on what was only the first night. I think Pablo was looking at my"
warm,embrace,2012,BLOG,stateofformation.org,"and shake their hands with a firm grip, or hug them with a warm embrace, but within my heart conceal a sentiment that I am "" righter "" than"
warm,embrace,2012,BLOG,vanityfair.com,"felt abandoned by the New York social and fashion worlds that were extending ever warmer embraces to Tory, their golden girl. The divorce proceedings took about two years --"
warm,embrace,2012,BLOG,...perialvalleynews.com,"of the Bay Area, the sight of the Golden Gate, and the warm embrace of his family. But his family gave him not only roots but wings."
warm,embrace,2012,BLOG,...allman.wordpress.com,"state of cosmic mass pure, clean and perfect, flawless: RATIONAL. WARM EMBRACE! # "" waiting so patiently ""?? not at all, if anything"
warm,embrace,2012,BLOG,...mmonwealmagazine.org,"and ask no questions, even for a moment. # Wrapped in the warm embrace it is receiving from Arab countries, Hamas seems to be in no hurry at"
warm,embrace,2012,BLOG,...otography-school.com,"opened the door and became part of our family, with tears shed, warm embraces and an understanding beyond all comprehension. # We asked for a couple of photos"
warm,embrace,2012,BLOG,miami.cbslocal.com,"mind by remembering the days when she stood smiling by his side or his warm embrace that felt so good. "" He was a good father, "" she said"
warm,embrace,2012,BLOG,reason.com,"actions you will be exposed as worthless? As long as their is the warm embrace of the Nanny State you can always say "" but they didn't pass a"
warm,embrace,2012,BLOG,...lend.firedoglake.com,"home! "" # All I could do was weep in my mother's warm embrace. # That night I extended my stay in Korea for two more weeks."
warm,embrace,2012,BLOG,...ingthroughthefog.com,". And, in the end, it's only those momentary insights and warm embraces that really matter. Lately, I've been feeling much the same way you"
warm,embrace,2012,BLOG,...ygarry.posterous.com,"in the direction of Les Calanques and Cassis instead of pootling righwards into the warm embrace of the Vieux Port, the passengers becoming the victims of a skipper who'd"
warm,embrace,2012,BLOG,laweekly.com,specifically the way its attitude toward its members can flip on a dime from warm embrace to crucifixion. It's often brutal viewing as the underrated Mads Mikkelsen powerfully conveys
warm,embrace,2012,BLOG,...ressblog.typepad.com,book is everything that a good book should be; it's like a warm embrace from your grandmother or a mug of hot cocoa on a cold day. Whether
warm,embrace,2012,BLOG,joystiq.com (1),"your Madden 13 league, you can start relaxing and sinking into the warm embraces of The Walking Dead episodes. If only I'd learn how to play other"
warm,embrace,2012,BLOG,hyperallergic.com,1969 sensing the commitment of the institution to his work and impressed by the warm embrace it had received from the British public. We are heartened to have felt that
warm,embrace,2011,MAG,GoodHousekeeping,"judge's cold, stern voice, followed by Tre'von's biological mother's warm embrace. I'm sorry, I wanted to say to his great-aunt, that I"
warm,embrace,2011,MOV,Rebirth,"up and look around Erina is not here Although I am a mother Her warm embrace can not soothe my pain Some said "" make another baby "" How can they"
warm,embrace,2011,TV,Raising Hope,the first time I had to bag eggs. I comforted her with a warm embrace. Shut up. It was a bad day. All you need to do
warm,embrace,2010,ACAD,CulturalGeog,but at the same time an invitation. It is what Levinas calls a warm embrace'; a welcoming of the sub- ject into a mode of consciousness that Levinas
warm,embrace,2010,ACAD,CulturalGeog,"precipitated by a disruption of enjoyment. But in that disruption there is a warm embrace, a primary hospitable welcome'.20 The welcome is rendered as feminine for a"
warm,embrace,2010,MOV,Beauty & the Briefcase,", guys, I want you to, Iike, lay back in a warm embrace. Good. This shot, it needs to be sexy but not sexual."
warm,embrace,2005,TV,The Boondocks,"odd adventures and strange mishaps, decided to spend his last days in the warm embrace of suburbia. So he moved to his perfect house in his perfect neighborhood."
warm,embrace,2004,TV,That '70s Show,"brother is not the only one fortunate enough to find himself in love's warm embrace. So, everybody, I'd like to introduce you to Donna.. my"
warm,embrace,2000,TV,The West Wing,"We're done. - Fantastic. Well, I feel bathed in the warm embrace of the candidate, Leo. He's really very easy to like once you"
warm,embrace,1999,MOV,...: Live in Concert from Las Vegas,"? # Oh, no, that's just his charms # In his warm embrace? # Oh, no, that's just his arms # If you wan"
warm,embrace,1998,MOV,Hope Floats,And the whole world is on your case # I would offer you a warm embrace # To make you feel my love # Evening shadows and the stars appear #
warm,embrace,1998,MOV,Hope Floats,And the whole world is on your case # I could offer you a warm embrace # To make you feel my love # When evening shadows and the stars appear
warm,embrace,1997,MOV,Picture Perfect,the smile on her face The touch of her hair and this girl's warm embrace So if you don't wan na cry like I do A- keep away from
warm,embrace,1997,TV,Ally McBeal,"his face? Oh, no, it's just his charm In his warm embrace? Oh, no, that's just his arms If you want to know"
warm,embrace,1997,TV,Lexx,"lines oh, the irony of it all You know what you want That warm embrace That effervescent bubbling tingle, that feeling, that thing called Love Lurrve - ha"
warm,embrace,1995,MOV,The Nature of the Beast,"wouldn't look at him twice ** ** Heartbreaker by nature ** ** A warm embrace, but a heart of ice ** ** So, that is why ** **"
warm,embrace,1995,MOV,Forget Paris,"You know that thing? She's got it. "" Never missed a warm embrace "" Till April in Paris "" Who can I run to? "" What have"
warm,embrace,1994,MOV,The Road to Wellville,not catch on. Enjoy your little nap. I'm off to the warm embrace of my afternoon enema. Mr. Lightbody? It's Ida. - Ida
warm,embrace,1994,MOV,Little Big League,on her face?? the touch of her hand and this girl's warm embrace?? so if you don't wan na cry like I do??
warm,embrace,1994,TV,The Tick,"the robot. We can still catch him. I must now leave your warm embrace, earth mother. Duty calls. Four, five, six and tip."
warm,embrace,1991,MOV,Sleeping with the Enemy,"! We shall all come together once more in God's gracious love and warm embrace, for it is promised that whoever liveth and believeth in me shall never die"
warm,embrace,1991,MOV,Sleeping with the Enemy,the smile on her face The touch of her hand and this girl's warm embrace So if you don't want to cry like I do Keep away from Runaround
warm,embrace,2009,FIC,Bk:AlphaFemale,"She stepped out of the car, taking immediate comfort in the night's warm embrace. Annie loved the night air in Yellowstone. It felt to her like worn"
warm,embrace,2009,MAG,ChristCentury,"may derive from one incident and be extrapolated to the entire congregation. A warm embrace and somebody remembering your name leads you to call this "" a warm and friendly"
warm,embrace,2009,ACAD,Style,"distance. Once again Bergman significantly juxtaposes fantasy and realism, the yearned- for warm embrace of parental figures and the partial, thus tragic, satisfaction possible. There is"
warm,embrace,2008,ACAD,ArtBulletin,"in this version of John's biography, receives his cousin with kisses and warm embraces, he reveals the fundamental purpose of the meeting with the blessing "" peace be"
warm,embrace,2007,FIC,TribalCollegeJ,. I find comfort knowing he is finally not fighting and resting in the warm embrace of his mother and brothers. # PHOTO (COLOR): Micki Lindeman #
warm,embrace,2007,ACAD,GeorgiaHisQ,"a government constructed to maximize the power of London, and finally, the warm embrace of slavery, bucking larger currents in Western history. The sad truth was that"
warm,embrace,2005,FIC,Mov:Brick,"the wind. # Laura. She puts her arms around him, a warm embrace. Brendan draws back. # # LAURA # (softly) Did you see"
warm,embrace,2005,MAG,TownCountry,"polo players being globe-trotting playboys. As evidence, she cites her family's warm embrace of him. "" My brothers have always been very protective of me, """
warm,embrace,2005,ACAD,Hemisphere,", a Congregationalist minister from Rio de Janeiro, was also present. The warm embraces and jovial atmosphere so common when old friends reunite, however, was undercut by"
warm,embrace,2004,SPOK,CNN_OnStory,"as you say Suzanne, the reaction that Bush gave it wasn't a warm embrace and that spoke volumes. This could be seen as a little bit of payback"
warm,embrace,2004,FIC,NewsNativeCA,old # came here to rest # to sleep # peacefully # in the warm embrace of our mothers belly # our fathers arms. # they came # to complete
warm,embrace,2004,FIC,Bk:DressYour,"you will never again experience freedom, happiness, or the possibility of my warm embrace. "" I knew that it was just a matter of time before she came"
warm,embrace,2004,FIC,Bk:BlackCat,", himself. "" How could we not shudder and rush into her waiting warm embrace? Baby Celeste stood there with her thumb in her mouth gazing up at me"
warm,embrace,2004,MAG,TownCountry,"fade. "" Sidebar In good company: Victor and Marcella Hazan receive a warm embrace from Father Pio Camilotto on the grounds of the Villa Giona, where Marcella's"
warm,embrace,2003,FIC,Meridians,"ask you To look after us, Protect us. Hold us in your warm embrace. Look upon us with Mercy and tenderness. Protect us from those who Seek"
warm,embrace,2003,FIC,Bk:StoryWeFind,"was still awake when we arrived, and she and Kerry met with a warm embrace. There was no question of any further conversation; we needed to get Kerry"
warm,embrace,2002,FIC,Esquire,"the situation, for Paul it was always all about the joke. A warm embrace, a heartfelt declaration of concern: In moments of weakness, we'd fall"
warm,embrace,2002,FIC,AntiochRev,"air. These are Chinese people who have taken me into their impersonal but warm embrace. And I have taken them in, as I fill my lungs with their"
warm,embrace,2002,MAG,WashMonth,"the sort of place that just couldn't have been farther removed from the warm embrace of a Pax Americana. My favorite destination was the city of Osh, in"
warm,embrace,2002,NEWS,NYTimes,"snow in the air and the force of the wind. # In the warm embrace of churches, farm families from Norway, Sweden and elsewhere, living miles from"
warm,embrace,2002,ACAD,ForeignAffairs,"similar scale in all the history of Russian statehood. "" # Putin's warm embrace of the United States after September 11 was indeed a masterful step, which did"
warm,embrace,2001,SPOK,CBS_SixtyII,"hope comes as a new friend. This winter brings the promise of a warm embrace from the rest of the world. (COMMERCIAL-BREAK) SCOTT ! PELLEY, CBS"
warm,embrace,2001,MAG,People,"a beautiful blonde in a skin-tight shirt ran up and wrapped him in a warm embrace. Seconds later, realizing that Mitchell was not, in fact, the old"
warm,embrace,2001,MAG,GoodHousekeeping,"Alexandra gazed about her in delight, folding everyone in the village into the warm embrace of her grateful glance. She enjoyed Christmas dinner at the Chamberlains'',"
warm,embrace,2001,NEWS,NYTimes,"had his friends nearby. A big smile, a kiss, and a warm embrace: that was him. Always happy. "" # DOUGLAS D. KETCHAM He Just"
warm,embrace,2001,NEWS,NYTimes,"Putin said. Excerpts, Page A8. # For all the smiles and warm embraces today between Mr. Bush and Mr. Putin, who met for the first time last"
warm,embrace,2000,FIC,Analog,with regal African features and a blinding smile. She engulfed him with a warm embrace the likes of which he'd only dreamt of as her graduate assistant. But
warm,embrace,2000,FIC,WomanandEarth,", yet she has gone again, leaving me with a shadow of her warm embrace. # By Leslie Anne Roberts, Hartford, CT #"
warm,embrace,2000,FIC,Analog,"aboard the Asaph Hall. Linna opened her arms and took him into a warm embrace, then offered her face up for a long kiss. "" Can you tear"
warm,embrace,2000,FIC,Mov:FamilyMan,". Ill do that because I love you... The words are like a warm embrace for Jack... KATE (CONTD) I love you, Jack. And thats"
warm,embrace,2000,NEWS,CSMonitor,in the open and the gentle-eyed sun of the mountain took me into his warm embrace... A measure of peace returned to me as I gazed at those white mountains
warm,embrace,2000,ACAD,AsianAffairs,". # The Azerbaijani nationalists' emphasis on language led to the country's warm embrace of Turkey and its eagerness to "" Turkeyize "" (as opposed to Turkicize)"
warm,embrace,1998,FIC,NewBegin,"looking for; # tiny kicking legs and waving arms # relaxing in my warm embrace, # trusting eyes attaching to my face. # It is as if I"
warm,embrace,1998,MAG,Essence,"Encourage him to share what's in his heart, or simply offer a warm embrace. He'll feel less needy and less compelled to start with the histrionics."
warm,embrace,1998,NEWS,Chicago,"kill myself getting there. "" # Part of it may simply be his warm embrace of adulthood. In June, 1996, Zucker married Caryn Nathanson, a producer"
warm,embrace,1997,FIC,SouthernRev,"dreamed of being in a box, lying on velvet, turning into a warm embrace; then the box was being lowered and he couldn't get his breath."
warm,embrace,1997,FIC,Bk:PassionDreamBook,""" I can't stay here. "" He disengages his body from her warm embrace and begins to dress. Before he can stand, Polly reaches over, caresses"
warm,embrace,1997,FIC,Mov:Anastasia,". Rasputin studies Dmitri in the reliquary - Dmitri and Anya still in a warm embrace. # BARTOK # Nice looking fellow. I mean, don't get me"
warm,embrace,1997,MAG,Cosmopolitan,"a 28-year-old photo researcher living in Atlanta. "" I like a fearless, warm embrace that shows he's not afraid to give affectionbut I want to feel protected,"
warm,embrace,1997,MAG,Esquire,"his long, well-clad leg out a limo door and gracefully emerge to the warm embrace of a city that loved him. VALLEY RANCH lies within the city limits of"
warm,embrace,1996,SPOK,ABC_SatNews,"Sudan, in the white turban, arrived in Cairo, he exchanged a warm embrace with the president of Egypt, Hosni Mubarak. Who would suspect that one year"
warm,embrace,1996,SPOK,NPR_Morning,"can stay if she wants to, "" which did not sound like the warmest embrace one could imagine LIASSON No, no. There -- they haven't had --"
warm,embrace,1996,SPOK,NPR_Morning,"no. There -- they haven't had -- there hasn't been a warm embrace, but it still looks like she's going to keep her job CHADWICK What"
warm,embrace,1996,FIC,WorldLitToday,"all right. "" # The little boy calmed down in his mother's warm embrace. Mother brought him into the house, changed his clothes, sat him in"
warm,embrace,1996,FIC,Mov:Rock,"himself, turns away. CARLA races into his arms. A long, warm embrace. CUT TO: EXT. PACIFIC COAST HIGHWAY - DAY A jeep motors up"
warm,embrace,1996,ACAD,Symposium,"making the earth barren -- Demeter managed to have her daughter returned to her warm embrace, but was forever obliged to allow her to spend a third of the year"
warm,embrace,1995,FIC,Ms,"virgin flesh. I slip over the side of the boat and into the warm embrace of the sea. Bubbles rise up and catch between my legs, and I"
warm,embrace,1995,MAG,USCatholic,it is me and not a detached body that enjoys it) -- the warm embrace of the surf of the Gulf of Mexico; the hug of a daughter;
warm,embrace,1995,ACAD,CrossCurrents,"sweet sip of anisette like a benediction sent me off to bed in the warm embrace of aunts, uncles, cousins, living and dead, all made vividly present"
warm,embrace,1994,SPOK,ABC_Nightline,"Washington, back home, where some of the anger washed away in the warm embrace of the familiar CLERGYMAN God bless you, and remember, you- I have adopted"
warm,embrace,1994,SPOK,NPR_Weekend,"the red ribbons that we wear here tonight. They finally rest with a warm embrace of the gracious creator of us all. 1st MAN: And I quote,"
warm,embrace,1994,FIC,Mov:StarTrek07,"Lego. For a moment, Picard is tempted to drift back to the warm embrace of the fantasy. # PICARD # (to boy) In a few minutes"
warm,embrace,1994,MAG,America,"They had an ease about them that put others at ease, like a warm embrace. Up North, black Catholics were few. I was one of a handful"
warm,embrace,1993,FIC,Iris,"bystanders. In a sudden, unexpected move, she caught me in a warm embrace; and we laughed until there were tear in our eyes. # We had"
warm,embrace,1993,FIC,BkJuv:TalismansShannara,"of it, after all, Tam'shu. "" She enveloped him in a warm embrace. "" And everybody says how kind you've been, helping out like that"
warm,embrace,1993,NEWS,WashPost,""" I think you've put it behind you. "" # Hatch's warm embrace of Baird contrasted sharply with committee Chairman Sen. Joseph R. Biden Jr. (D-Del"
warm,embrace,1992,FIC,LiteraryRev,"the little wooden front porch and bumping into something and being hugged in a warm embrace, needed now as never before, she thought. They had gone into the"
warm,embrace,1992,FIC,Bk:InterviewVampire,"Fortunately, Heikki spotted her almost immediately and hurried to greet her with a warm embrace. Once in his strong arms, all of her misgivings quickly melted away."
warm,embrace,1992,FIC,BkSF:HeartMidnight,"golden shafts of sun, which melted warm on his muscled arms -- the warm embrace of joy. "" Peering down on his singer, Lord Milil then smiled and"
warm,embrace,1992,MAG,Omni,"# Quickening his step, Hazeltine opened the door and walked out into the warm embrace of evening. # Illustration: (TIM TEEBKEN) # By J.R. DUNN"
warm,embrace,1992,NEWS,NYTimes,"only child, Ware shares a tight bond with her, evident in their warm embrace and easy communication. Fifteen minutes later, Ware heads for a nearby high school"
warm,embrace,1992,NEWS,NYTimes,"after Lee was beaten in school in Saigon. # Also helpful is the warm embrace of their father's family, which also lives in the Bronx. Their father"
warm,embrace,1992,ACAD,PerspPolSci,"could not return quietly to the campus. Nor could political science give the warm embrace that he so clearly wanted. Moreover, within months of his return to Minnesota"
warm,embrace,1991,FIC,Mov:FinalDestination,"s start over... They shake hands, then hold each other in a warm embrace. # CAZ # Come on... The records continue to pass from hand to"
warm,embrace,1991,MAG,WashMonth,"festive welcome imaginable -- flags, portraits, music, flowers, and a warm embrace with then-Bulgarian leader Todor Zhivkov. Soviet television carried the welcoming ceremony live. All"
warm,embrace,1990,FIC,Mov:BridgesMadison,happiness fill his eyes. He RUNS to Clare. The two exchange a WARM EMBRACE. Tyki SEES Scraggy. They shake hands and begin an EXCITED CONVERSATION. Like
warm,embrace,1990,MAG,Newsweek,"a broad policy agenda, drafted in the political wilderness. He wants a warmer embrace of Europe. He has promised to reform the poll tax, which might entail"
warm,embrace,1990,NEWS,CSMonitor,"I did not want to visit or speak to anybody. I had imagined warm embraces, but now I spurned them. I found that I wanted to be alone"
warm,hug,2019,FIC,Fan Fic,"was cared deeply, out of worry. I felt their embrace of a warm hug. # In the night, I waited to see if he would return."
warm,hug,2019,FIC,Fan Fic,"liking. "" # I couldn't help, but gave my father a warm hug. While having tears fell onto his fur that he comforted me, until I"
warm,hug,2019,MAG,Mashable,"premiere, is it? # A video clip of Sophie and Kit's warm hug, that lasted a few seconds longer than a normal one days, has left"
warm,hug,2019,MAG,Mashable,"keep standing in the face of Winter. It's because they give such warm hugs, y'all! # Many also thought that they recreated the hug between Sansa and"
warm,hug,2018,NEWS,Washington Post,always give my progeny what they most desire: cash! I get a warm hug and it's over. I'm not worried about giving an item that will
warm,hug,2017,TV,One Day at a Time,". Okay, I'd choose Lydia because of her warm food and even warmer hugs. But I'd feel really bad about it. All right, everybody,"
warm,hug,2016,SPOK,Fox: Tucker Carlson Tonight,in the Stein/Johnson camp you're not very happy today. Give them a warm hug. That is where you got to be a little different. CARLSON# You know
warm,hug,2016,FIC,Bk:StillThickerThanWater,"Sasha's dramatic behavior, but then embraced her fully in a long, warm hug. # "" Ahh, mama, I missed youuuu! "" she squealed. #"
warm,hug,2016,MAG,Nerdist,"m a kid of the Syfy era, so those two especially feel like warm hugs, but all four had me rolling in the aisles like I hadn't in"
warm,hug,2015,SPOK,NBC: Today Show,"Gad can not find a best man. He's Olaf. He likes warm hugs. NATALIE-MORALES# Yeah. We love Josh. That was pretty good, Al."
warm,hug,2015,FIC,Bk:ShadowedEvilHawkenlye,"you're here!' # Then she enveloped him in a tight, warm hug, kissing him resoundingly on each cheek. Filled with affection, his head flooding"
warm,hug,2014,SPOK,NBC: Today Show,"DANIELLE-BROOKS- (T# Hi. TAMRON-HALL# Oh, my gosh. This is the warmest hug that a prisoner has ever received. LAURA-PREPON# Welcome to prison. DANIELLE-BROOKS# My greatest"
warm,hug,2013,SPOK,ABC: 20/20,". When she left the stand, Andrea stood and gave her a long warm hug in front of the jury. But outside the courtroom, where the jury could"
warm,hug,2013,MAG,Prevention,"looking forward to it! "" As I leave, she gives me a warm hug. "" You should write your story, "" I tell her. "" Yes"
warm,hug,2013,MOV,Swindle,"old country. So why don't we all get up and give a warm hug of a welcome to crazy cousin Demetri. Where is that knucklehead? Oh,"
warm,hug,2013,TV,Royal Pains,hugging Ally. She's hugging her. It's a tender and genuine warm hug. That's a clear conflict of interest! I doubt it's a conspiracy
warm,hug,2012,SPOK,ABC_20/20,". When she left the stand, Andrea stood and gave her a long warm hug in front of the jury. But outside the courtroom, where the jury could"
warm,hug,2012,FIC,Bk:ThisKiss,"or night if you need me. "" # Rebecca gave her friend a warm hug. There was no way she was going to disturb Andi and Nate's honeymoon"
warm,hug,2012,FIC,Bk:MyKindChristmas,"she said, laughing. Paige slipped around her husband, giving Angie a warm hug. "" I'm so glad you're here, "" she said softly."
warm,hug,2012,FIC,Bk:SoDamnLucky,"skirt, I then tossed the keys to him. Wrapping myself in a warm hug of cashmere pashmina to ward off the night chill, I straightened my skirt,"
warm,hug,2012,WEB,tvline.com,resolution which will allow you to move forward in your career and personally. Warm hugs and peace as you manage a difficult disease. # I'm a nurse and
warm,hug,2012,WEB,startribune.com,"He was a supportive and loyal friend and I'll miss his smile and warm hugs. This Thanksgiving I'm thankful I knew him. "" # In recent years"
warm,hug,2012,WEB,...ersonalexcellence.co,caring heart. And how about a kind look to a passer-by or a warm hug or kind word to a friend or to someone I hardly know. There are
warm,hug,2012,WEB,damninteresting.com,"soon will grow up and leave your side. Remember, to give a warm hug to the one next to you, because that is the only treasure you can"
warm,hug,2012,WEB,perfectpaws.com,". When he is sitting you can then kneel down and give him a warm hug and kiss. # Also, it's your job to never let anyone else"
warm,hug,2012,WEB,ajtony.wordpress.com,the radio that said that comfort does not always come in a form or warm hugs but that God is strenghting us in him so that our comfort will be in
warm,hug,2012,WEB,suhaibwebb.com,as these two articles on the true meaning of patience: # A veryyyy warm hug n lots of duaaaaz for ur pain <3 it must be devastating to see and
warm,hug,2012,WEB,fanfiction.net,humiliation. Nonoko automatically ran up to her friend and enveloped her in a warm hug. Mikan with a bright sunny smile on her face walked over to Kokoro and
warm,hug,2012,WEB,thestranger.com,"finally found my peace and I am sure for others as well. Many warm hugs! Pilar # Thank you for your words, and bless you on your lifelong"
warm,hug,2012,WEB,...hecamel.blogspot.com,around too much touchy-feeliness. Not that I'm against a handshake or a warm hug. I love those things. Most of us don't really mind them when
warm,hug,2012,WEB,goodreads.com,". For not having another tiring romance, I give Ms Tanen a very warm hug!!! # T is is a light read and the writing is beautiful"
warm,hug,2012,WEB,rhrealitycheck.org,"your beauty and your strength. This is an amazing piece. Sending a warm hug. # This is such an honest, complex, and beautifully written essay."
warm,hug,2012,WEB,amazon.com,"land at the airport, sometimes arriving at 4 a.m. with bright smiles and warm hugs, and they grapple with the rubs of old age at home. Knight,"
warm,hug,2012,WEB,tumblr.com,"you. "" You giggle as the two of you stay suspended in a warm hug. "" How was your day? "" Zayn asks, pulling away and towering"
warm,hug,2012,WEB,message.snopes.com,"They were all wonderful. They held my hand, offered condolences, gave warm hugs, and were extremely compassionate and genuinely sad for my loss, as I fought"
warm,hug,2012,WEB,onefemalecanuck.com,not mean that when someone commits a wrong against me I respond with a warm hug. Nor does it mean that my goodwill can be taken advantage of (for
warm,hug,2012,WEB,think-off.org,"de Estados Unidos, "" from the United States, she gave me a warm hug and introduced me to the other patrons -- all of whom shook my hand and"
warm,hug,2012,BLOG,b-inspiredmama.com,. The wave of emotions will pass in a few minutes and with a warm hug. I have no idea how her deeply felt emotions will impact her as she
warm,hug,2012,BLOG,...hebshi.wordpress.com,". We are not living in candy land, with puppy dogs, and warm hugs. We have lost so many good people, so many soldiers. If officails"
warm,hug,2012,BLOG,missionlocal.org,a much better place. I too as many of you have... send warm hugs to give the family strength and my love to help them move forward and heal
warm,hug,2012,BLOG,thebloggess.com,don't know me from hundreds of your readers I send you a big warm hug. # I suffer from anxiety and toxic shame... sometimes. Not right now
warm,hug,2012,BLOG,thefamily.com,", back to his heavenly home. God loving welcomed his son with a warm hug.' I have a task for you son' He said.' I"
warm,hug,2012,BLOG,...thestory.blcklst.com,"21. Make up new words that describe the problem. E.g., "" Warm hugs "" to describe a motivation problem and "" Painted rain "" to describe changing customer"
warm,hug,2012,BLOG,divinecosmos.com,"to others I've read. We are in for amazing times! Big warm hugs &; light xxx # neoanalog # October 08, 2012 # ... # That's"
warm,hug,2012,BLOG,...soupforlibraries.org,"and definitely no bro hugs, because rural librarians give good, authentic, warm hugs. If you haven't yet"
warm,hug,2012,BLOG,iwrotethisforyou.me,"the strongest, deepest connection ever. I wish you good health and a warm hug to come home to. I wish you everything you ever want. And this"
warm,hug,2012,BLOG,iwrotethisforyou.me,"is your girl. But now she has to leave. So a very warm hug, a very sweet kiss"
warm,hug,2012,BLOG,asp.militarygear.com,"Dixon. What a privilege it was to have met him, received his warm hugs and words of encouragement when we military moms needed it the most. We had"
warm,hug,2012,BLOG,skinnytaste.com,"went grocery shopping for her and brought her some food and batteries and a warm hug, but she insisted on staying home despite the cold. Talk about a month"
warm,hug,2012,BLOG,skinnytaste.com,wonderful &; inspiring that people like you are lending a helping hand and a warm hug to those in need. Thanks for the reminder to give thanks - even for
warm,hug,2012,BLOG,ladydandelion.net,"dead which walks always together with us like life, side by side. Warm Hugs From Turkey..  COPYRIGHT # lady dandelion by lady dandelion is licensed under a"
warm,hug,2012,BLOG,...ietopractitioner.com,"on me. I cried when I saw them, and received loving, warm hugs, which they knew was exactly what I needed. All the times I've"
warm,hug,2012,BLOG,...dreport.blogspot.com,"when I was living in California was, "" It feels just like a warm hug to me. "" # I had little trouble with heat, but cold is"
warm,hug,2011,MAG,Backpacker,"price? The Light Year delivers. "" It was like sleeping in a warm hug, "" said One tester after a trip in the Rockies, with temps right"
warm,hug,2010,FIC,Bk:ShadowBeach,"no protection against the elements. Shane's big coat enveloped her like a warm hug, reminding her of the way she'd once felt in his arms. She"
warm,hug,2010,NEWS,SanFranChron,putt dropped - looking skyward in exultation and then wrapping his father in a warm hug. # McDowell needed some love after 4 1/2 hours trading blows with chilly conditions
warm,hug,2009,FIC,Bk:CreamPuffMurder,"it was due to the Scandinavian influence or some other innate cold-climate reticence, warm hugs and embraces were more generally attributed to Mediterranean climates and did not come easily to"
warm,hug,2009,FIC,Bk:RedWhiteBlue,". # Once the door was closed behind them, Emily gave her a warm hug. "" I was starting to get worried about you. "" She gave Kate"
warm,hug,2009,FIC,Bk:TemptationLies,""" Hello, darling, "" Claudia greeted her, enveloping Mia in a warm hug. The soft scent of Chanel floated around her. # Claudia Martin was in"
warm,hug,2009,NEWS,SanFranChron,"and lead mechanic Carolyn Coquillette dispenses not only repair recommendations to customers but also warm hugs. # "" It's a different approach to the service experience, "" said"
warm,hug,2009,NEWS,Houston,"hopes that ill children get: "" It will be like a big, warm hug. "" # At a nearby desk, Yen-Len Leong, 9, applied multicolored"
warm,hug,2008,SPOK,ABC_20/20,"around housework. See, our brains remember the highs of first steps and warm hugs, but they forget the lows of diapers and tantrums. This selective memory keeps"
warm,hug,2008,FIC,Listen,"s quite a character. "" Aunt Ruby's eyes held me like a warm hug. I felt sorry for Bea as her head zinged back and form like a"
warm,hug,2008,FIC,Bk:Hidden,"Katie, dressed in her simple cobalt blue dress, gathered her into a warm hug, the kind of acceptance that only a friend of ten years could offer."
warm,hug,2008,FIC,Bk:Rubicon,"Hart threaded his way through a maze of tables. He gave him a warm hug as he shook his hand. # "" Bobby! It's so good to"
warm,hug,2008,MAG,America,"approaches the village. Her greeting seems more an expression of faith than a warm hug. "" If you had been here, "" she says, "" my brother"
warm,hug,2008,TV,Scrubs,"I seem angry, I'm really just wishing people would give me a warm hug or pat me on the back, and say: I'm right with you"
warm,hug,2007,NEWS,AssocPress,"leave one of his three Los Angeles-area homes recently without wrapping him in a warm hug. # "" He's the exact opposite of what you would think he would"
warm,hug,2006,FIC,Mov:Jimmy and Judy,"up behind her, then wraps his arms around her, giving her a warm hug from behind. Something's not right. The masturbation sounds STOP. # Judy"
warm,hug,2006,NEWS,NYTimes,"singing luminaries from four decades of Met history crowded the stage and gave him warm hugs. # The lavish, meticulously planned display was all the more surprising given that"
warm,hug,2006,NEWS,SanFranChron,"Pablos Prsha gave Madrid a thumbs-up as she passed and in return got a warm hug from the candidate. # "" We need a change in this country from the"
warm,hug,2005,FIC,Mov:FantasticFour,"the office, only taking her eyes off of Reed to give Ben a warm hug. # SUE # Ben, it's been too long. She gives Reed"
warm,hug,2005,MAG,Forbes,and recording artist Quincy Jones and two friends greet the Time Warner chief with warm hugs. Parsons needs the love. He has a fight on his hands. Time
warm,hug,2005,NEWS,Chicago,Happily greeted at home by Angel the vicious guard dog. Give her a warm hug. Then smell odd odor. Must investigate. See something on carpet. Looks
warm,hug,2004,MAG,VegTimes,"ll know it when you smell it, because it surrounds you like a warm hug. When you buy fresh bagels, freeze what you're not using right away"
warm,hug,2003,FIC,Mov:HebrewHammer,Ali Paula Abdul Rahim. My main nigga! The two embrace in a warm hug. The White Accountant looks up in shock from the card table. His nametag
warm,hug,2003,FIC,Bk:LastLessonsSummer,". "" Thanks, honey, "" Vera said. Jean gave her a warm hug. "" It would have gotten ugly if it'd dragged out for days,"
warm,hug,2003,MAG,TownCountry,"to share a laugh, to talk about a book, to grab a warm hug after a bad day or even a bloody nose (though maybe not to get"
warm,hug,2003,NEWS,Atlanta,"momentum carried into her car, causing considerable damage. # It took some warm hugs from dad to stop her crying. "" I just let her know that she"
warm,hug,2003,NEWS,Houston,". "" She started to say something but chose instead to give me a warm hug. In fact, she was so pleased that she took the flowers with her"
warm,hug,2002,NEWS,SanFranChron,"chic attire. The drift of a romantic foreign language, double kisses, warm hugs and the faint scent of perfume seem to make up the new attitude around the"
warm,hug,2001,FIC,USKids,"up, honest. "" Mama dropped the cat and pulled Emma into a warm hug. "" You're a big girl now, Emma, and old enough to"
warm,hug,2001,NEWS,Atlanta,"was one of my bright fantasies -- lunch with Ms. Rheta! # A warm hug and a chaste kiss on the cheek. MARSHALL POWERS, Stockbridge # Do you"
warm,hug,2000,FIC,Mov:ExecutiveDecision,"I guess. "" as he moves to his father and gives him a warm hug goodbye. Mr. Waggner then gives his older son a hug. AIRPORT P.A. ("
warm,hug,2000,MAG,TodaysParent,"kids, there's nothing like a cool hand on the forehead and a warm hug. It gets trickier, though, when deciding just what and how much to"
warm,hug,2000,MAG,ChildDigest,"got there later that day, Grandma greeted her and her mother with a warm hug and looked each over carefully. "" Are you growing again, Jennifer? You"
warm,hug,1998,FIC,Bk:BactaWar,". "" Corran laughed, then crossed the room and enfolded her in a warm hug. "" After my escape, Tycho expressed his regrets concerning your death to me"
warm,hug,1998,FIC,Bk:PretendYouDont,". Jay went to pick up the children, "" she explained after a warm hug. "" And there's someone inside I want you to meet. "" Lacey"
warm,hug,1998,TV,Cupid,"a guy who reunites sweethearts, you: A) give him a big warm hug? B) reduce him to a drooling zombie? "". Trevor, what"
warm,hug,1997,MAG,Ebony,"how difficult it gets. She always has something kind to say or a warm hug or she'll cry with you if you feel like crying, "" Smith said"
warm,hug,1997,MAG,USCatholic,"Daddies who don't show up for graduations. "" Forgiveness then becomes a warm hug. Yet the forgiveness Jesus offered in the New Testament was neither tame nor private"
warm,hug,1996,FIC,Bk:WhereWildRose,"offered her cheek as they came into the room. Robert gave her a warm hug as well, and they sat down to reacquaint themselves. Addy told of how"
warm,hug,1996,MAG,Cosmopolitan,"midst; she was less shy, and she gave her Uncle Tak a warm hug when they arrived and went straight to the kitchen to help her Aunt Reiko."
warm,hug,1995,SPOK,ABC_Nightline,"but no one knows the caress that you placed on my shoulder and the warm hug that you saved only for us, and your smile, that always told me"
warm,hug,1995,NEWS,CSMonitor,", shows the perfect bedtime - full of crisp sheets, cozy stories, warm hugs. ($ 12.99, 15 mos. to 4 yrs.) # Musician Max"
warm,hug,1995,NEWS,Atlanta,"the events of the past several days. For them, we reserve our warmest hugs and our gentlest touch. # And today we have our God. He is"
warm,hug,1995,NEWS,SanFranChron,call Five Star Productions at (707) 257-2200. 48261 # PETER MCNEELEY received warm hugs and wide smiles from his mother and his girlfriend seconds after he completed a triumphant
warm,hug,1995,TV,Duckman: Private Dic...,". Maybe a bromo and a falafel would help. (kissing) "" Warm hugs straightened my ear muffs And got me through metal detector mornings. "" Ajax."
warm,hug,1995,TV,Duckman: Private Dic...,"all. Maybe we could ask a focus group. (both_laughing) "" Warm hugs straightened my ear muffs "" And got me through metal detector mornings, "" And"
warm,hug,1993,TV,Home Improvement,". A nicely-rolled wet towel. Ow! Well, I myself prefer a warm hug, but I suppose the slashing sting of wet terry cloth has its place."
warm,hug,1994,NEWS,WashPost,"into Ron Erhardt, his offensive coordinator. Both men were smiling and their warm hug spoke volumes about the affection and respect they have for each other. # But"
warm,hug,1993,SPOK,CBS_Morning,Dr. Steve Greenberg of affiliate WCIX-TV in Miami filed this report. Dr-STEVE-GRE: Warm hugs and smiles greeted flotilla coordinator John Young as he stepped onto Cuban soil. The
warm,hug,1993,FIC,BkSF:StainlessSteel,"new. "" A tear glistened in her eyes and she gave me a warm hug. "" And you're doing this for me. "" "" Of course."
warm,hug,1992,MAG,TIME,apparatchik sweeps up in his limo to be greeted with cold shoulders instead of warm hugs as his former classmates berate him for the oppressive privileges of the nomenklatura. Another
warm,hug,1992,NEWS,SanFranChron,"Asian girl with a well-defined face, bouncing ponytail and disarming habit of dispensing warm hugs, about the graffiti, or "" tagging, "" that covers the walls despite"
warm,hug,1991,FIC,Bk:LoveMoney,"she could give her daughter a big hug. It was a long, warm hug, and Marion had tears running down her cheeks when Molly finally pulled away."
warm,hug,1990,FIC,Ebony,she stopped she had washed his hand with cool water and soothed him with warm hugs and wrapped the place where the fire soldier had stabbed him with salve and bandages
warm,hug,1990,FIC,Triquarterly,. His father opened the door of the apartment and greeted Keith with a warm hug. Keith looked quickly for evidence of deterioration but his father seemed unchanged from his
warm,hug,1990,FIC,Bk:PeopleWolf,"The Wolf Dream... it was true. "" Green Water's warm hug enfolded her first, Talon next. She stepped back, looking Fox up and"
warm,kiss,2019,FIC,SciFI & Fantasy,"n't know what happened to her after the moment she planted the final, warm kiss on my cheek, after the electric sound of her zipping the tent flap open"
warm,kiss,2015,FIC,Bk:Choosing,"gently pushed a loose strand of hair from Carrington's face and placed a warm kiss on her cheek. # "" Remember, we all have our place, """
warm,kiss,2015,FIC,ParisRev,"and when her caretaker, Maria, introduced us, she gave me a warm kiss on the cheek. "" Of course I know him, "" she scolded Maria"
warm,kiss,2013,FIC,GettysburgRev,"you. "" She gives me a kiss. It's a light, warm kiss, and her breath smells sweet, like chocolate liqueur, maybe from one of"
warm,kiss,2012,FIC,Bk:AllIWantIsYou,"mom's idea of cookin'. "" # Bridget pressed a quick, warm kiss on Connor's cheek and pulled Tony out the door before Connor could stop them"
warm,kiss,2010,FIC,Bk:GypsysBoy,"much of the year. Whereas for Bireli, his greatest pleasures were the warm kiss of the morning sun upon his face and shoulders and the cool caresses of the"
warm,kiss,2009,FIC,Bk:AnimalAttraction,"he hadn't released and drew it to his lips. He pressed a warm kiss to the back of my hand. Heat shivered over me. "" We have"
warm,kiss,2004,NEWS,CSMonitor,"she celebrated alone two days after he was taken. "" I send my warm kisses to our pretty little ones, and I hope that they are being loving,"
warm,kiss,2002,MOV,...ians 2: Patch's London Adventure,"misery! Ugh! Ugh! Whoa! Lightning, I can feel the warm kiss of life' ere it parts my cheek. Oh! Do not mourn me"
warm,kiss,2001,FIC,Mov:MissionImpossible,"appreciative) She's such pure evil. Sally approaches, gives Gina a warm kiss on the chest. # SALLY # Thanks for coming. # GINA # Happy"
warm,kiss,2000,MAG,USNWR,"boldly picking Joe Lieberman as his vice president, by humanizing himself with a warm kiss and a passionate speech on the evening of his nomination, he was able to"
warm,kiss,1999,FIC,Mov:AmericanBeauty,"you want me to be. And he kisses her -- a soft, warm kiss that speaks unmistakably of sex -- then turns to the others and grins. # LESTER"
warm,kiss,1999,FIC,Bk:WhenIFallInLove,"See you in the morning, "" Mark said, and his brief, warm kiss on her cheek was comforting. On Bryan's floor Lily hurried past the nurses"
warm,kiss,1998,FIC,Bk:ThornsTruth,"her. Beads of sweat from his forehead dropped onto her face like tiny warm kisses. He moved inside her, deep thrusts followed by slow gliding strokes, until"
warm,kiss,1995,FIC,FantasySciFi,"turned. "" Darling. "" She surprised him with her arms and a warm kiss. Max hugged her back, feeling a lifting and tightening inside his whole body"
warm,kiss,1995,FIC,MassachRev,". My father threw them in love. Ma says they touched her like warm kisses, these pebbles which he had been holding in the sun. Warm kisses on"
warm,kiss,1995,FIC,MassachRev,"warm kisses, these pebbles which he had been holding in the sun. Warm kisses on the curve of her back, sliding down the crook of her arm,"
warm,kiss,1995,FIC,FantasySciFi,"before: soft caressing flesh, ripplings of sensation, her body bathed in warm kisses. Even when the pleasure began to mix with pain she could not stop,"
warm,kiss,1995,FIC,Bk:Moo,"up. Loraine helps her, and gives each of p103 her nipples a warm kiss. Together, they turn toward the refrigerator. It is still open. """
warm,kiss,1992,NEWS,NYTimes,", "" she recounts. "" No professional success could possibly be worth that warm kiss. "" # Lola Wasserstein, the playwright's mother, says that despite all"
warm,kiss,1991,FIC,Bk:UnderBeetles,"friend of her parents stopped at the table. "" Darcy! "" A warm kiss, a hug. He introduced himself to Michael Nash. "" Harry Curtis."
warm,kiss,1990,FIC,Bk:Dazzle,"herself at him, wrapping herself around him, giving him a long, warm kiss that could never be considered sisterly. "" No, sorry, but that just"
warm,caress,2018,NEWS,Minneapolis Star Tribune,You won't have to wonder about the weather this week. Summer's warm caress is gone. Canada wins most atmospheric scuffles into April. The only question:
warm,caress,2017,FIC,Bk:RealMrs.Price,", chasing fear and desire. Her nipples hardened at the thought of the warm caress of his lips. # He could hurt her. Kill. It's what"
warm,caress,2016,FIC,Iowa Review,"it inside her bra, the edge sharp against her fresh wound, a warm caress against her skin."
warm,caress,2009,FIC,Bk:LuckyStreak,"caring voice softened as he spoke to her, wrapping around her like a warm caress. # She met his gaze. "" I'm fine now. "" She"
warm,caress,2009,NEWS,Houston,"than height): The Leprechaun, grille # Sample lyric: "" The warm caress of your body next to mine/It's rated X and its so divine. """
warm,caress,1996,SPOK,PBS_Newshour,"Blizzard is freezing toes and frosting noses up North, the tropical sun and warm caresses -- MR-BEARDEN: By the millions, they came to lie on the beach,"
warm,caress,1995,FIC,FantasySciFi,"into heavy-limbed paralysis: it was impossible even to shudder away from the ceaseless warm caress that went on and on. At last, dizzy to fainting, Susannah rolled"
warm,caress,1994,MOV,That's Entertainment! III,"plans Just little pots and pans In the doorway She'll wait for his warm caress And he'll be handsome Well, more or less But he will notice that"
warm,snuggle,2012,BLOG,...rstress.blogspot.com,"tonight for the first time. # There are things I'll miss; warm snuggles and smiles in the morning, giggles, little hands reaching to be picked up"
